trajectory_id,route,resync_interval,diverged,t_diverge,velocity_error,attitude_error,body_rate_error,maximum_velocity_error,within_reliable_envelope_fraction,runtime_seconds
merged_2021-02-23-14-21-48_seg_1.csv,PF_KCW,1,False,,0.010985362287209186,0.0008453946784045381,0.00983278280459352,0.03155081815821265,1.0,0.1951398104429245
merged_2021-02-23-14-21-48_seg_1.csv,PF_KCW,5,False,,0.03307238327628682,0.0023367626825104315,0.021279257255741344,0.15002140506879943,1.0,0.19493389874696732
merged_2021-02-23-14-21-48_seg_1.csv,PF_KCW,10,False,,0.06161892827007467,0.004273267903631954,0.031213375482894906,0.2716577325925621,1.0,0.19548185169696808
merged_2021-02-23-14-21-48_seg_1.csv,PF_KCW,20,False,,0.12151704271964438,0.008501576707579806,0.052517744278115834,0.5679218248150598,1.0,0.1935817152261734
merged_2021-02-23-14-21-48_seg_1.csv,PF_KCW,50,False,,0.2790146368016862,0.022455091632039122,0.10362550734699144,0.938550911724873,1.0,0.19307466596364975
merged_2021-02-23-14-21-48_seg_1.csv,PF_KCW,100,False,,0.7450276739664753,0.07221202753803412,0.18339033228018908,2.0251649312199853,1.0,0.19346555322408676
merged_2021-02-23-14-21-48_seg_1.csv,PF_KCW,infinity,True,195.0,203726698342198.66,0.4964843582938715,37872612593075.164,4.4819873635260216e+16,0.4909090909090909,0.19567816704511642
merged_2021-02-23-14-21-48_seg_1.csv,J_KCW,1,False,,0.003255380733214205,0.0007339566732264112,0.009923861431998625,0.007487334517678329,1.0,0.1969696804881096
merged_2021-02-23-14-21-48_seg_1.csv,J_KCW,5,False,,0.009457043794276311,0.002000098622064708,0.021875817418473935,0.03295212446568356,1.0,0.19680224359035492
merged_2021-02-23-14-21-48_seg_1.csv,J_KCW,10,False,,0.016836615066882565,0.003563291970530562,0.03177467471965383,0.058746810864165874,1.0,0.19750481098890305
merged_2021-02-23-14-21-48_seg_1.csv,J_KCW,20,False,,0.031424436025567076,0.007439538616074695,0.05373341152616889,0.11608830110643835,1.0,0.1949784755706787
merged_2021-02-23-14-21-48_seg_1.csv,J_KCW,50,False,,0.08064026060753449,0.017349560474964706,0.09973927055517766,0.27737284892085406,1.0,0.1948201134800911
merged_2021-02-23-14-21-48_seg_1.csv,J_KCW,100,False,,0.13774084470333972,0.04532387095878802,0.16595360789385574,0.39147371944037973,1.0,0.1949039027094841
merged_2021-02-23-14-21-48_seg_1.csv,J_KCW,infinity,False,,0.4652997429597629,0.10052134648875322,0.3301097131003318,0.8882731054229105,0.5363636363636364,0.19761861115694046
merged_2021-02-23-14-21-48_seg_2.csv,PF_KCW,1,False,,0.002791620846602994,0.001209812798261221,0.010375117606758083,0.009062556154464373,1.0,0.995047427713871
merged_2021-02-23-14-21-48_seg_2.csv,PF_KCW,5,False,,0.007690117427074216,0.003557302573351061,0.020206295240102447,0.03235038835115748,1.0,0.9886522218585014
merged_2021-02-23-14-21-48_seg_2.csv,PF_KCW,10,False,,0.013092458350986151,0.00643760800761975,0.02711205209897526,0.05120743730362002,1.0,0.9954809918999672
merged_2021-02-23-14-21-48_seg_2.csv,PF_KCW,20,False,,0.023606505434068302,0.0123022431148949,0.03749335658933987,0.08710986553637307,1.0,0.9912804514169693
merged_2021-02-23-14-21-48_seg_2.csv,PF_KCW,50,False,,0.059420674752705946,0.029898940336793533,0.06751438807826236,0.17243571173796773,1.0,0.99543197453022
merged_2021-02-23-14-21-48_seg_2.csv,PF_KCW,100,False,,0.1702660338330617,0.061628766230647274,0.10341560119309061,0.5947237352539002,1.0,0.9903633892536163
merged_2021-02-23-14-21-48_seg_2.csv,PF_KCW,infinity,True,405.0,inf,0.9025674186877796,inf,inf,0.27058823529411763,0.5325231924653053
merged_2021-02-23-14-21-48_seg_2.csv,J_KCW,1,False,,0.004597817205950762,0.0006479309821484947,0.010206300229068606,0.01048859548183264,1.0,0.9748054221272469
merged_2021-02-23-14-21-48_seg_2.csv,J_KCW,5,False,,0.013615500816403534,0.001834792475294104,0.01966331227907696,0.04658334718107091,1.0,0.9788786694407463
merged_2021-02-23-14-21-48_seg_2.csv,J_KCW,10,False,,0.024955127029797085,0.0033216246853719285,0.02563204956948155,0.09189324852254573,1.0,0.9750706627964973
merged_2021-02-23-14-21-48_seg_2.csv,J_KCW,20,False,,0.04748644904105354,0.006312486943790862,0.03368500652483799,0.18093647293306106,1.0,0.9856302365660667
merged_2021-02-23-14-21-48_seg_2.csv,J_KCW,50,False,,0.11913773281551812,0.015313904597052253,0.056510590251559564,0.4599499455349954,1.0,0.9716880321502686
merged_2021-02-23-14-21-48_seg_2.csv,J_KCW,100,False,,0.24567536670780266,0.03135485975487954,0.08008589252677926,0.9283654817613941,0.9266968325791856,0.9756704270839691
merged_2021-02-23-14-21-48_seg_2.csv,J_KCW,infinity,True,430.0,5.469585656956792,1.2259987903526384,2.881429237737518,18.448953872690304,0.1321266968325792,0.9985778778791428
merged_2021-02-23-14-24-07_seg_1.csv,PF_KCW,1,False,,0.03594326192841719,0.0061548590657735484,0.0422389289782672,0.29514081034344425,1.0,1.0619472786784172
merged_2021-02-23-14-24-07_seg_1.csv,PF_KCW,5,False,,0.10708328244052723,0.018590247342426612,0.1141862467743199,1.2504268527449443,1.0,1.0621252283453941
merged_2021-02-23-14-24-07_seg_1.csv,PF_KCW,10,False,,0.19568482014701125,0.03455468135409198,0.1866838466505612,2.1284554781068343,1.0,1.0633636638522148
merged_2021-02-23-14-24-07_seg_1.csv,PF_KCW,20,False,,0.38043177585181426,0.06957434867894463,0.34058395009764814,4.4444485908494995,0.985,1.061207354068756
merged_2021-02-23-14-24-07_seg_1.csv,PF_KCW,50,False,,0.8760235013339074,0.18403323011511713,0.7152755313559396,8.037044505394842,0.8558333333333333,1.0658804923295975
merged_2021-02-23-14-24-07_seg_1.csv,PF_KCW,100,True,849.0,inf,0.2954310184095608,inf,inf,0.5958333333333333,0.7856090739369392
merged_2021-02-23-14-24-07_seg_1.csv,PF_KCW,infinity,True,185.0,4.950807608900471e+99,0.7193717270069793,3.9217505891220443e+99,1.1535381728738098e+102,0.08166666666666667,0.228753000497818
merged_2021-02-23-14-24-07_seg_1.csv,J_KCW,1,False,,0.011129371739878269,0.00578908934560675,0.04150215397457321,0.09562706563868197,1.0,1.062792494893074
merged_2021-02-23-14-24-07_seg_1.csv,J_KCW,5,False,,0.03566192859600476,0.01759527804819351,0.1124206253654672,0.6646126985056093,0.9991666666666666,1.0576967000961304
merged_2021-02-23-14-24-07_seg_1.csv,J_KCW,10,False,,0.07249991111125764,0.032866638225485856,0.18156225242344368,1.3780059620221798,0.9891666666666666,1.0540768504142761
merged_2021-02-23-14-24-07_seg_1.csv,J_KCW,20,False,,0.17507217506118497,0.06551819504286982,0.3238987853078081,2.5890020432470853,0.92,1.0553985387086868
merged_2021-02-23-14-24-07_seg_1.csv,J_KCW,50,False,,0.5821275601581655,0.17659267892957678,0.6453899796202067,7.267718924574253,0.7125,1.0532585754990578
merged_2021-02-23-14-24-07_seg_1.csv,J_KCW,100,True,893.0,2.0334951121162943,0.35245545580764537,4.666022084684153,836.1598277828609,0.5791666666666667,1.0589504912495613
merged_2021-02-23-14-24-07_seg_1.csv,J_KCW,infinity,True,289.0,1.688125053717654e+130,1.410365921404056,9.029192006212372e+130,1.15130128663544e+133,0.09666666666666666,0.6398010104894638
merged_2021-02-23-14-29-48_seg_1.csv,PF_KCW,1,False,,0.011302383652230406,0.0008984425440109822,0.010340217974048906,0.043868768282516964,1.0,0.21573471277952194
merged_2021-02-23-14-29-48_seg_1.csv,PF_KCW,5,False,,0.03431160620525032,0.0026283227736045,0.021115522916567247,0.16885427233509734,1.0,0.21605147421360016
merged_2021-02-23-14-29-48_seg_1.csv,PF_KCW,10,False,,0.06454023442161885,0.004905612841982651,0.029198088334541742,0.2912866020609924,1.0,0.2149200662970543
merged_2021-02-23-14-29-48_seg_1.csv,PF_KCW,20,False,,0.11258317105514219,0.009691616612680946,0.04394023750838164,0.574390669482311,1.0,0.2131674438714981
merged_2021-02-23-14-29-48_seg_1.csv,PF_KCW,50,False,,0.2923617243411866,0.025382646114090388,0.10996101982379805,1.4539645711586544,1.0,0.21288574486970901
merged_2021-02-23-14-29-48_seg_1.csv,PF_KCW,100,False,,0.8144824934516,0.07344498780945186,0.3219841250661893,2.25875850870076,1.0,0.2147161290049553
merged_2021-02-23-14-29-48_seg_1.csv,PF_KCW,infinity,True,166.0,inf,0.4246763221747197,inf,inf,0.4579831932773109,0.18034926056861877
merged_2021-02-23-14-29-48_seg_1.csv,J_KCW,1,False,,0.0032706819159413992,0.0007278459740684193,0.010715544006067577,0.007494305517948537,1.0,0.2111472263932228
merged_2021-02-23-14-29-48_seg_1.csv,J_KCW,5,False,,0.009538980689104103,0.0020786610776113938,0.02235465624430624,0.03230287926328707,1.0,0.21159662306308746
merged_2021-02-23-14-29-48_seg_1.csv,J_KCW,10,False,,0.017572604470064448,0.003840256351526109,0.03128628588661655,0.06145361945738461,1.0,0.21169892698526382
merged_2021-02-23-14-29-48_seg_1.csv,J_KCW,20,False,,0.032489020146096635,0.007163247179354226,0.049303104388652014,0.12242913459327269,1.0,0.210108682513237
merged_2021-02-23-14-29-48_seg_1.csv,J_KCW,50,False,,0.08240708364561539,0.01735890922546683,0.11682825512026043,0.22227436057409666,1.0,0.2099761664867401
merged_2021-02-23-14-29-48_seg_1.csv,J_KCW,100,False,,0.15055764785334813,0.04713638500046944,0.29121942785743216,0.41139747979479907,1.0,0.21180804818868637
merged_2021-02-23-14-29-48_seg_1.csv,J_KCW,infinity,False,,1.1644058230788101,0.27146842469979654,0.9215905073073855,2.5548478245077857,0.44537815126050423,0.23416558653116226
merged_2021-02-23-14-29-48_seg_2.csv,PF_KCW,1,False,,0.07241062754830364,0.015578943785791418,0.11094387000265887,0.4568499329184245,1.0,1.0575738176703453
merged_2021-02-23-14-29-48_seg_2.csv,PF_KCW,5,False,,0.20991142548042485,0.04606501309390798,0.2748811749763487,1.9418160935389452,1.0,1.0533455461263657
merged_2021-02-23-14-29-48_seg_2.csv,PF_KCW,10,False,,0.3785962365923255,0.08174420161044652,0.4387105375742155,3.142889122332286,0.9891666666666666,1.0597454085946083
merged_2021-02-23-14-29-48_seg_2.csv,PF_KCW,20,False,,0.7335263982077005,0.1545714232062475,0.7153478121079243,5.97033277497231,0.94,1.0559714809060097
merged_2021-02-23-14-29-48_seg_2.csv,PF_KCW,50,True,744.0,2.5241222219070436,0.3630654150704305,1.5495839889545056,16.66212843819382,0.5825,1.0527050122618675
merged_2021-02-23-14-29-48_seg_2.csv,PF_KCW,100,True,267.0,2.4478580629072577e+137,0.3346770576843667,1.8268276710856311e+137,7.000874059914757e+139,0.19583333333333333,0.25152214616537094
merged_2021-02-23-14-29-48_seg_2.csv,PF_KCW,infinity,True,281.0,5.008473340885504e+74,0.43728312209341547,3.737838215949639e+74,1.462474215538567e+77,0.14333333333333334,0.28245632350444794
merged_2021-02-23-14-29-48_seg_2.csv,J_KCW,1,False,,0.022765289055989076,0.014534638183840496,0.1078400730624856,0.1555810108693802,1.0,1.0824725702404976
merged_2021-02-23-14-29-48_seg_2.csv,J_KCW,5,False,,0.0763393581262811,0.04258981301372101,0.2660912205136805,0.7849005504439851,0.9925,1.075578860938549
merged_2021-02-23-14-29-48_seg_2.csv,J_KCW,10,False,,0.1647259508653943,0.07610890676428023,0.42243452929025777,2.259444570878021,0.9475,1.0850739181041718
merged_2021-02-23-14-29-48_seg_2.csv,J_KCW,20,False,,0.38325624568290306,0.13956758468760389,0.6785922609062776,3.7321314488014594,0.7716666666666666,1.0798791870474815
merged_2021-02-23-14-29-48_seg_2.csv,J_KCW,50,True,1140.0,1.6712901761540548,0.322828718249649,1.4236068910557667,13.378719506985195,0.42833333333333334,1.0751499608159065
merged_2021-02-23-14-29-48_seg_2.csv,J_KCW,100,True,285.0,4.008750067247346,0.7741820851510307,2.5947455992565356,36.27221293871126,0.27666666666666667,1.0743633806705475
merged_2021-02-23-14-29-48_seg_2.csv,J_KCW,infinity,True,271.0,inf,0.48145902388341544,inf,inf,0.08666666666666667,0.2640140503644943
merged_2021-02-23-14-33-04_seg_1.csv,PF_KCW,1,False,,0.010614827333719408,0.0006675307096468964,0.010786449432351785,0.02863565906541742,1.0,0.16293805837631226
merged_2021-02-23-14-33-04_seg_1.csv,PF_KCW,5,False,,0.03240029541695755,0.001900499644175627,0.02196525951841603,0.13323053909039095,1.0,0.1624932736158371
merged_2021-02-23-14-33-04_seg_1.csv,PF_KCW,10,False,,0.060986806011121907,0.0036466164948138276,0.030049111847254957,0.2539789136820285,1.0,0.16394758224487305
merged_2021-02-23-14-33-04_seg_1.csv,PF_KCW,20,False,,0.1176163029855484,0.007489021516221654,0.037178168577023045,0.5368921594278834,1.0,0.16478033363819122
merged_2021-02-23-14-33-04_seg_1.csv,PF_KCW,50,False,,0.2757908376928331,0.023134297580014864,0.06603342809979627,1.2457149536957517,1.0,0.1617060974240303
merged_2021-02-23-14-33-04_seg_1.csv,PF_KCW,100,False,,0.46451931465399826,0.05465623528646551,0.12198396157182208,1.9961945407898234,1.0,0.16120117157697678
merged_2021-02-23-14-33-04_seg_1.csv,PF_KCW,infinity,False,,1.9021429822582745,0.23274551307973115,0.5030753592964344,5.036399666303244,0.6086956521739131,0.16380779445171356
merged_2021-02-23-14-33-04_seg_1.csv,J_KCW,1,False,,0.0029629343052348794,0.0004908445788412183,0.010748866927670854,0.006700348337193345,1.0,0.1631205603480339
merged_2021-02-23-14-33-04_seg_1.csv,J_KCW,5,False,,0.008788135870014679,0.0013081407792760445,0.02180678655288863,0.03049879838443548,1.0,0.16262087225914001
merged_2021-02-23-14-33-04_seg_1.csv,J_KCW,10,False,,0.015543257175515364,0.002318754771696349,0.030014680760320486,0.052952643869454905,1.0,0.1661505177617073
merged_2021-02-23-14-33-04_seg_1.csv,J_KCW,20,False,,0.029161265071653286,0.004045802857203391,0.03850341239374856,0.10664612206389587,1.0,0.16239134967327118
merged_2021-02-23-14-33-04_seg_1.csv,J_KCW,50,False,,0.06554638691143744,0.012404474946300998,0.07299422942736077,0.2144960067259556,1.0,0.162301167845726
merged_2021-02-23-14-33-04_seg_1.csv,J_KCW,100,False,,0.107938816069097,0.03168818090652476,0.10856056900248741,0.37996445909306864,1.0,0.1622631475329399
merged_2021-02-23-14-33-04_seg_1.csv,J_KCW,infinity,False,,0.34445571685450643,0.06537000695649045,0.12825362440552757,0.7404953181168186,0.7065217391304348,0.18558982759714127
merged_2021-02-23-14-33-04_seg_2.csv,PF_KCW,1,False,,0.12124912878854038,0.018578106953702225,0.1439338519417815,1.00916510992528,1.0,1.0597288385033607
merged_2021-02-23-14-33-04_seg_2.csv,PF_KCW,5,False,,0.3559884421349342,0.0560399690598562,0.3852382013927169,3.5893811650972207,0.9825,1.0554001778364182
merged_2021-02-23-14-33-04_seg_2.csv,PF_KCW,10,False,,0.670684625226091,0.10343260468585705,0.6539095449375698,6.537143239673134,0.9266666666666666,1.0571616366505623
merged_2021-02-23-14-33-04_seg_2.csv,PF_KCW,20,True,754.0,1.4093613245200651,0.2034813082901797,1.1103803300923505,44.19778598225896,0.8025,1.0567134097218513
merged_2021-02-23-14-33-04_seg_2.csv,PF_KCW,50,True,335.0,5.899532203953028e+42,0.5353640381667233,4.552077389547055e+42,7.055840515927821e+45,0.4875,1.0593524873256683
merged_2021-02-23-14-33-04_seg_2.csv,PF_KCW,100,True,275.0,inf,0.3467388866265954,inf,inf,0.1975,0.25935960561037064
merged_2021-02-23-14-33-04_seg_2.csv,PF_KCW,infinity,True,258.0,6.740912872768199e+111,0.9513162357575305,5.315486699170952e+111,2.952519838272471e+114,0.12,0.38988151401281357
merged_2021-02-23-14-33-04_seg_2.csv,J_KCW,1,False,,0.03208005912854357,0.019481486318069244,0.1443079113269105,0.2954061529390729,1.0,1.0667632147669792
merged_2021-02-23-14-33-04_seg_2.csv,J_KCW,5,False,,0.12066408269488037,0.05879014714179966,0.3918740442651031,2.5238863647717276,0.9716666666666667,1.0638536885380745
merged_2021-02-23-14-33-04_seg_2.csv,J_KCW,10,False,,0.29974136331186496,0.10787186095858409,0.6708246971975677,7.5219318894507765,0.8816666666666667,1.0565619096159935
merged_2021-02-23-14-33-04_seg_2.csv,J_KCW,20,True,1133.0,0.7937962438662945,0.2108463527872776,1.1649404577414029,10.922973881019361,0.6208333333333333,1.0561056584119797
merged_2021-02-23-14-33-04_seg_2.csv,J_KCW,50,True,334.0,1.8513000072409442e+36,0.466071761180438,5.734822682457993e+36,2.2048983086239644e+39,0.37333333333333335,1.0514566153287888
merged_2021-02-23-14-33-04_seg_2.csv,J_KCW,100,True,282.0,inf,0.3144725611076935,inf,inf,0.14333333333333334,0.2573467195034027
merged_2021-02-23-14-33-04_seg_2.csv,J_KCW,infinity,True,248.0,1.128337038858733e+91,0.5393889717916945,3.1855890733402107e+91,3.1706270791930396e+93,0.1,0.2514982149004936
merged_2021-02-23-14-41-07_seg_1.csv,PF_KCW,1,False,,0.011219384401543644,0.00089899685426126,0.01060745690663953,0.03281551291926739,1.0,0.19462048262357712
merged_2021-02-23-14-41-07_seg_1.csv,PF_KCW,5,False,,0.03354264441840448,0.0027001412304417625,0.021870908624896088,0.15271949442763563,1.0,0.19599606096744537
merged_2021-02-23-14-41-07_seg_1.csv,PF_KCW,10,False,,0.06352075394804901,0.005038990461533462,0.030411217618919403,0.3109611229824106,1.0,0.19597335159778595
merged_2021-02-23-14-41-07_seg_1.csv,PF_KCW,20,False,,0.12735988830416478,0.009819155197110343,0.04664090587287566,0.5624364194008699,1.0,0.19270459562540054
merged_2021-02-23-14-41-07_seg_1.csv,PF_KCW,50,False,,0.30795826162504414,0.028844630942138388,0.08432042122567082,0.959653889510786,1.0,0.19243893772363663
merged_2021-02-23-14-41-07_seg_1.csv,PF_KCW,100,False,,0.729904807242467,0.07440117649131557,0.16660111515254664,1.6956712598305372,1.0,0.1926022246479988
merged_2021-02-23-14-41-07_seg_1.csv,PF_KCW,infinity,True,195.0,inf,0.43597658012876556,inf,inf,0.5324074074074074,0.20870961248874664
merged_2021-02-23-14-41-07_seg_1.csv,J_KCW,1,False,,0.002845659146464605,0.0006318258534930681,0.01070537120160678,0.006386131777152256,1.0,0.19196299463510513
merged_2021-02-23-14-41-07_seg_1.csv,J_KCW,5,False,,0.008288410592496838,0.0018727738024678627,0.022243856737331223,0.030409463667672536,1.0,0.19359251856803894
merged_2021-02-23-14-41-07_seg_1.csv,J_KCW,10,False,,0.015209539142453977,0.0035581887732278055,0.030670070115611927,0.058071451923859756,1.0,0.19266155362129211
merged_2021-02-23-14-41-07_seg_1.csv,J_KCW,20,False,,0.029295410430140518,0.006716802906509319,0.04408720950353323,0.11505555804411316,1.0,0.18996655195951462
merged_2021-02-23-14-41-07_seg_1.csv,J_KCW,50,False,,0.07397445035358483,0.018759620152672532,0.07228918441149229,0.25267444131993844,1.0,0.18984008580446243
merged_2021-02-23-14-41-07_seg_1.csv,J_KCW,100,False,,0.11909032063989905,0.0336354154803362,0.08392910495486203,0.40684734378804943,1.0,0.19037257879972458
merged_2021-02-23-14-41-07_seg_1.csv,J_KCW,infinity,False,,0.27744558166530914,0.043791830440489544,0.078626558492502,0.6769044711635919,0.8842592592592593,0.19199834018945694
merged_2021-02-23-14-41-07_seg_2.csv,PF_KCW,1,False,,0.0029318903233869933,0.0012831440543035004,0.010873194134278551,0.0083981995371428,1.0,0.7558385208249092
merged_2021-02-23-14-41-07_seg_2.csv,PF_KCW,5,False,,0.007852973873769502,0.0037451715583202306,0.022512120244635173,0.031372011794307084,1.0,0.7524571642279625
merged_2021-02-23-14-41-07_seg_2.csv,PF_KCW,10,False,,0.013142717232299574,0.006677059967525034,0.03180172102742334,0.0517199444513458,1.0,0.7570288851857185
merged_2021-02-23-14-41-07_seg_2.csv,PF_KCW,20,False,,0.023822381539763914,0.01231958478708818,0.04436279557715167,0.07424853567483987,1.0,0.7509272247552872
merged_2021-02-23-14-41-07_seg_2.csv,PF_KCW,50,False,,0.06747919025073063,0.02942538482684637,0.09222556789770318,0.2040329768986871,1.0,0.7550396472215652
merged_2021-02-23-14-41-07_seg_2.csv,PF_KCW,100,False,,0.17907722496092035,0.05613087285736092,0.1699978340511115,0.6975233918435134,1.0,0.754763126373291
merged_2021-02-23-14-41-07_seg_2.csv,PF_KCW,infinity,True,412.0,6.031365547624791e+117,0.738227437677867,4.3357335795899505e+117,3.329313782288885e+120,0.25350467289719625,0.5065900683403015
merged_2021-02-23-14-41-07_seg_2.csv,J_KCW,1,False,,0.004652774932822336,0.0006678277134041098,0.010825060950153325,0.010251529465325496,1.0,0.7583818286657333
merged_2021-02-23-14-41-07_seg_2.csv,J_KCW,5,False,,0.013887903066517873,0.0018977149156337624,0.02238663236433201,0.046453662761027505,1.0,0.7586188986897469
merged_2021-02-23-14-41-07_seg_2.csv,J_KCW,10,False,,0.02522002304411811,0.0034393744736460853,0.031656602317350034,0.09405286084146755,1.0,0.7574023753404617
merged_2021-02-23-14-41-07_seg_2.csv,J_KCW,20,False,,0.048115566689698804,0.006626980500378021,0.04325787096198604,0.1818583842774625,1.0,0.7535602226853371
merged_2021-02-23-14-41-07_seg_2.csv,J_KCW,50,False,,0.11654663131948266,0.018235990452968063,0.0854202561465073,0.47152652673762835,1.0,0.7513104677200317
merged_2021-02-23-14-41-07_seg_2.csv,J_KCW,100,False,,0.23767362733852102,0.0435421003083246,0.14387299135180778,0.7397833516127691,0.9205607476635514,0.7546446323394775
merged_2021-02-23-14-41-07_seg_2.csv,J_KCW,infinity,True,550.0,3.3240517356888173e+83,0.6511515103237037,1.1418332625665723e+84,2.0575880243913778e+86,0.12266355140186916,0.5696433261036873
merged_2021-02-23-14-41-07_seg_3.csv,PF_KCW,1,False,,0.09331759219655628,0.018030958818743743,0.1392084647964461,0.5552111086408228,1.0,1.059006705880165
merged_2021-02-23-14-41-07_seg_3.csv,PF_KCW,5,False,,0.27643702868264924,0.052252080645196465,0.34641624923453296,3.4066841340599217,0.9975,1.055331528186798
merged_2021-02-23-14-41-07_seg_3.csv,PF_KCW,10,False,,0.5075763976388317,0.09130699445807272,0.5695748817968808,4.5656135511569165,0.9775,1.0561768040060997
merged_2021-02-23-14-41-07_seg_3.csv,PF_KCW,20,False,,0.9124258005218563,0.1642948921597691,0.908887096783504,7.979838161044739,0.8783333333333333,1.0561573952436447
merged_2021-02-23-14-41-07_seg_3.csv,PF_KCW,50,True,632.0,2.8854292647709507,0.3971488347035132,1.999804554233364,34.61170007948332,0.5566666666666666,1.0612504556775093
merged_2021-02-23-14-41-07_seg_3.csv,PF_KCW,100,True,261.0,inf,0.27277896612413444,inf,inf,0.19916666666666666,0.24479150027036667
merged_2021-02-23-14-41-07_seg_3.csv,PF_KCW,infinity,True,278.0,1.7961902217524668e+134,0.48118437922922475,1.4996843905005754e+134,5.298761154169777e+136,0.15166666666666667,0.28835611045360565
merged_2021-02-23-14-41-07_seg_3.csv,J_KCW,1,False,,0.02905450590294655,0.01682149883091997,0.13932968086113495,0.23803637378179657,1.0,1.0623987913131714
merged_2021-02-23-14-41-07_seg_3.csv,J_KCW,5,False,,0.10482920643989967,0.04841494585306362,0.3534925601667095,1.6261361399756988,0.9716666666666667,1.0592164546251297
merged_2021-02-23-14-41-07_seg_3.csv,J_KCW,10,False,,0.23732650884787668,0.08570894506483971,0.5705094922581786,4.09704315078146,0.9033333333333333,1.0608596131205559
merged_2021-02-23-14-41-07_seg_3.csv,J_KCW,20,False,,0.5719698589949965,0.16188895043613327,0.9444529705445363,11.499912373291398,0.6825,1.0569408982992172
merged_2021-02-23-14-41-07_seg_3.csv,J_KCW,50,True,722.0,1.9025166737961243,0.38558613900039573,1.6305687933890984,16.600217346606065,0.4075,1.0594528540968895
merged_2021-02-23-14-41-07_seg_3.csv,J_KCW,100,True,273.0,inf,0.3179036566883566,inf,inf,0.1475,0.2576824724674225
merged_2021-02-23-14-41-07_seg_3.csv,J_KCW,infinity,True,265.0,4.91746203755575e+67,0.4878029547474729,1.7089064232637885e+68,1.4309814529287232e+70,0.10416666666666667,0.2608862742781639
merged_2021-02-23-17-27-24_seg_1.csv,PF_KCW,1,False,,0.011717532929820427,0.002052866500078768,0.015100382861002124,0.2647162653957738,1.0,0.6941193789243698
merged_2021-02-23-17-27-24_seg_1.csv,PF_KCW,5,False,,0.03508861091334573,0.006113478120026575,0.03341861830854704,1.2284370935256654,1.0,0.6877754032611847
merged_2021-02-23-17-27-24_seg_1.csv,PF_KCW,10,False,,0.06580061091087436,0.011066537014417675,0.04792317162245908,2.017964119035248,1.0,0.6892129704356194
merged_2021-02-23-17-27-24_seg_1.csv,PF_KCW,20,False,,0.13509129035125653,0.02168446131809076,0.09028059688286225,2.2858975086557867,1.0,0.6904173418879509
merged_2021-02-23-17-27-24_seg_1.csv,PF_KCW,50,False,,0.38531255451200114,0.05471097022653537,0.16594479004683213,4.381571208553486,0.9546632124352331,0.6891523003578186
merged_2021-02-23-17-27-24_seg_1.csv,PF_KCW,100,False,,0.5743381043067689,0.09691548257436215,0.3172235106068987,2.251867780637123,1.0,0.6897241473197937
merged_2021-02-23-17-27-24_seg_1.csv,PF_KCW,infinity,True,232.0,3.70547352439282e+142,0.8152150360619057,2.668030866539799e+142,1.152402266086167e+145,0.14378238341968913,0.3059948906302452
merged_2021-02-23-17-27-24_seg_1.csv,J_KCW,1,False,,0.010510375167097867,0.0016836886308934944,0.014822060134436646,0.10941302449135341,1.0,0.6777364164590836
merged_2021-02-23-17-27-24_seg_1.csv,J_KCW,5,False,,0.031660719779815084,0.004972327246473292,0.03250527083152015,0.5361957180267766,1.0,0.6910799741744995
merged_2021-02-23-17-27-24_seg_1.csv,J_KCW,10,False,,0.05894722329772588,0.00886068702379642,0.045850737527039075,1.0653696762369573,0.9676165803108808,0.6985200643539429
merged_2021-02-23-17-27-24_seg_1.csv,J_KCW,20,False,,0.11633121232765406,0.01664346911945729,0.08330563933182147,2.0879392033585735,0.9417098445595855,0.6751621216535568
merged_2021-02-23-17-27-24_seg_1.csv,J_KCW,50,False,,0.2918325198140091,0.03718546496177801,0.13834288533816763,4.410838584619733,0.939119170984456,0.6765662580728531
merged_2021-02-23-17-27-24_seg_1.csv,J_KCW,100,False,,0.7450755202698652,0.06642643707611126,0.27659606657980584,4.54913973881498,0.6878238341968912,0.6770224943757057
merged_2021-02-23-17-27-24_seg_1.csv,J_KCW,infinity,True,710.0,2.8868271822482137,0.6027276222731901,0.8734262372747189,5.056933302536784,0.006476683937823834,0.7141376957297325
merged_2021-02-23-17-27-24_seg_2.csv,PF_KCW,1,False,,0.09246161230027897,0.016918068433254156,0.12632972305454768,0.47836018183878104,1.0,1.0766331106424332
merged_2021-02-23-17-27-24_seg_2.csv,PF_KCW,5,False,,0.2764695731568922,0.04994759155714769,0.32212316863912693,2.0333724943324065,1.0,1.0755870342254639
merged_2021-02-23-17-27-24_seg_2.csv,PF_KCW,10,False,,0.5197571079065332,0.09092338903547463,0.5244500984483993,4.635928005273075,0.9875,1.0764654725790024
merged_2021-02-23-17-27-24_seg_2.csv,PF_KCW,20,False,,1.0554487713252707,0.17127789802586438,0.8660824275323676,9.684418247928804,0.8575,1.0731078311800957
merged_2021-02-23-17-27-24_seg_2.csv,PF_KCW,50,False,,2.5400235419599553,0.40466352798158584,1.7099319096185472,14.539065705687097,0.5516666666666666,1.0749490782618523
merged_2021-02-23-17-27-24_seg_2.csv,PF_KCW,100,True,260.0,inf,0.43635634041197185,inf,inf,0.1575,0.26091645658016205
merged_2021-02-23-17-27-24_seg_2.csv,PF_KCW,infinity,True,288.0,9.85376968907762e+53,0.48566283488854883,6.2365259084693275e+53,2.995545985479596e+56,0.1375,0.27563539147377014
merged_2021-02-23-17-27-24_seg_2.csv,J_KCW,1,False,,0.03152917844487449,0.016640918980269315,0.12217458182464787,0.16714810083277018,1.0,1.0614973828196526
merged_2021-02-23-17-27-24_seg_2.csv,J_KCW,5,False,,0.10893026370969487,0.04927988829686467,0.30983181844655105,1.1711000852156832,0.9875,1.0553228184580803
merged_2021-02-23-17-27-24_seg_2.csv,J_KCW,10,False,,0.2327408221000854,0.08795991954448383,0.4980821353192628,2.4517849232572573,0.8958333333333334,1.0545850843191147
merged_2021-02-23-17-27-24_seg_2.csv,J_KCW,20,False,,0.6254017314476875,0.1685182571059751,0.8302997610625918,8.167060348564874,0.6458333333333334,1.0550257340073586
merged_2021-02-23-17-27-24_seg_2.csv,J_KCW,50,True,792.0,1.9980910688510274,0.40517064644624934,1.499429866192112,21.38670557496313,0.395,1.0549096018075943
merged_2021-02-23-17-27-24_seg_2.csv,J_KCW,100,True,362.0,4.815934076400757e+72,0.34964480673839476,1.771452606415872e+73,1.8156071468030854e+75,0.14666666666666667,0.33355899155139923
merged_2021-02-23-17-27-24_seg_2.csv,J_KCW,infinity,True,262.0,3.740396870192193e+72,0.5227057469529843,1.4215623947899908e+73,1.122119061057658e+75,0.105,0.27119527012109756
merged_2021-02-23-17-27-24_seg_3.csv,PF_KCW,1,False,,0.010695240958928877,0.0006457842791118485,0.011724647068771006,0.08011915886245928,1.0,0.389302134513855
merged_2021-02-23-17-27-24_seg_3.csv,PF_KCW,5,False,,0.031912634400373625,0.001783528546179441,0.024469769131121675,0.30262184998206143,1.0,0.37771613895893097
merged_2021-02-23-17-27-24_seg_3.csv,PF_KCW,10,False,,0.05794845880940282,0.0030270121297048644,0.03406361448524959,0.3908897152529288,1.0,0.37191517651081085
merged_2021-02-23-17-27-24_seg_3.csv,PF_KCW,20,False,,0.10576310192908589,0.005756595446873417,0.04949913528509359,0.42508235724585397,1.0,0.3728882148861885
merged_2021-02-23-17-27-24_seg_3.csv,PF_KCW,50,False,,0.25860993935506416,0.019120033654054857,0.09189848421610784,0.8857026992734534,1.0,0.3743055984377861
merged_2021-02-23-17-27-24_seg_3.csv,PF_KCW,100,False,,0.5846072048300571,0.05030092140883903,0.13702290597029085,2.404235016556762,1.0,0.3731744587421417
merged_2021-02-23-17-27-24_seg_3.csv,PF_KCW,infinity,True,341.0,5.546653947470226,0.5886157990209978,0.31419779262529784,26.034213781587383,0.4397163120567376,0.38245097547769547
merged_2021-02-23-17-27-24_seg_3.csv,J_KCW,1,False,,0.0035988364538747106,0.0005588686609394536,0.01171748110456035,0.025441740282446407,1.0,0.39451854676008224
merged_2021-02-23-17-27-24_seg_3.csv,J_KCW,5,False,,0.010398837637593866,0.0015394564552358176,0.02461491209774392,0.05593930553153061,1.0,0.38168637454509735
merged_2021-02-23-17-27-24_seg_3.csv,J_KCW,10,False,,0.0188942491524769,0.002530467593957363,0.03378921167314264,0.06986202767382127,1.0,0.37964919954538345
merged_2021-02-23-17-27-24_seg_3.csv,J_KCW,20,False,,0.03411274861882066,0.004729250266865902,0.049279012908578126,0.09226192225837607,1.0,0.37569960951805115
merged_2021-02-23-17-27-24_seg_3.csv,J_KCW,50,False,,0.08378866484089728,0.015742585399286153,0.09886803729056047,0.2714775648552208,1.0,0.3774346187710762
merged_2021-02-23-17-27-24_seg_3.csv,J_KCW,100,False,,0.1956582006505737,0.04485183785384585,0.17366580923489722,0.8492842667260966,0.9432624113475178,0.37565601617097855
merged_2021-02-23-17-27-24_seg_3.csv,J_KCW,infinity,False,,1.3525694137248174,0.30933796659269547,0.664740005145458,3.735122255099101,0.2695035460992908,0.38445746153593063
merged_2021-02-23-17-35-26_seg_1.csv,PF_KCW,1,False,,0.04278446315857078,0.0076920299390112684,0.04591319007433537,0.7496735881897273,1.0,1.0722572281956673
merged_2021-02-23-17-35-26_seg_1.csv,PF_KCW,5,False,,0.12657060884711022,0.023098940675323743,0.11942114897700577,2.816958467483624,0.9975,1.0544437915086746
merged_2021-02-23-17-35-26_seg_1.csv,PF_KCW,10,False,,0.23233658040618085,0.042436158211174836,0.20004250351792105,4.043801843235697,0.99,1.0580066815018654
merged_2021-02-23-17-35-26_seg_1.csv,PF_KCW,20,False,,0.4442252510746017,0.0847659166864899,0.39535516983901325,5.841331868480137,0.9416666666666667,1.0541929379105568
merged_2021-02-23-17-35-26_seg_1.csv,PF_KCW,50,True,991.0,1.944956714088199,0.2499333966935101,1.0883203829774915,289.9912246281054,0.8283333333333334,1.0571919307112694
merged_2021-02-23-17-35-26_seg_1.csv,PF_KCW,100,True,950.0,1.0478353153086055e+47,0.18440818779392454,9.534613398306846e+46,1.009065408642187e+50,0.7408333333333333,0.8482252582907677
merged_2021-02-23-17-35-26_seg_1.csv,PF_KCW,infinity,True,231.0,inf,0.8318320255214127,inf,inf,0.1125,0.2790832445025444
merged_2021-02-23-17-35-26_seg_1.csv,J_KCW,1,False,,0.012267829860430483,0.007501832390439851,0.045084840165477306,0.1386841783187527,1.0,1.0616071969270706
merged_2021-02-23-17-35-26_seg_1.csv,J_KCW,5,False,,0.03912379450468387,0.02253120416928493,0.11782889187013247,0.9066998282171632,0.9983333333333333,1.0596828311681747
merged_2021-02-23-17-35-26_seg_1.csv,J_KCW,10,False,,0.08223271735930852,0.04115899942585313,0.19247860951052223,2.0015095014823725,0.9708333333333333,1.0601166114211082
merged_2021-02-23-17-35-26_seg_1.csv,J_KCW,20,False,,0.23146969677126336,0.08091046564511212,0.3748115723980715,6.699802105123818,0.8958333333333334,1.058181270956993
merged_2021-02-23-17-35-26_seg_1.csv,J_KCW,50,True,990.0,0.8958752550771967,0.24075011774695057,0.7743956512316872,19.4876284000623,0.7675,1.0573125332593918
merged_2021-02-23-17-35-26_seg_1.csv,J_KCW,100,True,975.0,1.3040181414457898e+76,0.17864646678682708,1.1478364251499474e+77,1.284457869324103e+79,0.6391666666666667,0.8698928207159042
merged_2021-02-23-17-35-26_seg_1.csv,J_KCW,infinity,True,362.0,2.668125264501889e+138,1.3547602698051997,8.857962480915311e+138,2.833549030901006e+141,0.07916666666666666,0.9758237674832344
merged_2021-02-23-17-45-47_seg_1.csv,PF_KCW,1,False,,0.00631434448796384,0.001331498600370561,0.01139853418131685,0.033672311564280966,1.0,0.6875244826078415
merged_2021-02-23-17-45-47_seg_1.csv,PF_KCW,5,False,,0.018866270307829048,0.003854097633892714,0.023008398253278124,0.15924412467492785,1.0,0.6816291809082031
merged_2021-02-23-17-45-47_seg_1.csv,PF_KCW,10,False,,0.03462543707497747,0.007026973201353746,0.03143626296708772,0.3262893448901781,1.0,0.6803156286478043
merged_2021-02-23-17-45-47_seg_1.csv,PF_KCW,20,False,,0.07020264530838652,0.013655168858557432,0.042803092951135546,0.5447362070683538,1.0,0.6844840794801712
merged_2021-02-23-17-45-47_seg_1.csv,PF_KCW,50,False,,0.17224544641572753,0.03436204654314153,0.08873755291982946,0.9040105678060634,1.0,0.6825536713004112
merged_2021-02-23-17-45-47_seg_1.csv,PF_KCW,100,False,,0.4090740997350389,0.0681085287518762,0.1747832881289105,1.511655316223459,1.0,0.6809607893228531
merged_2021-02-23-17-45-47_seg_1.csv,PF_KCW,infinity,True,221.0,8.794158182262467e+36,0.6652514508085969,1.589610234470114e+37,2.5151292401270654e+39,0.15444015444015444,0.2675008550286293
merged_2021-02-23-17-45-47_seg_1.csv,J_KCW,1,False,,0.004609463227667704,0.0009964743318314903,0.011356600723208762,0.008736811222998882,1.0,0.6877430975437164
merged_2021-02-23-17-45-47_seg_1.csv,J_KCW,5,False,,0.0136686998358427,0.0028154224174349826,0.023125540418638516,0.038588561507639424,1.0,0.684240996837616
merged_2021-02-23-17-45-47_seg_1.csv,J_KCW,10,False,,0.0247748081928729,0.00504603330131273,0.031232917911740498,0.07452080885705832,1.0,0.6843157410621643
merged_2021-02-23-17-45-47_seg_1.csv,J_KCW,20,False,,0.04735868528799783,0.009664435482560034,0.042613266538433926,0.14460775825751823,1.0,0.6850258857011795
merged_2021-02-23-17-45-47_seg_1.csv,J_KCW,50,False,,0.11875056680290957,0.024242137738304536,0.0778175487249011,0.37213290115119696,1.0,0.6879427433013916
merged_2021-02-23-17-45-47_seg_1.csv,J_KCW,100,False,,0.2497229823236067,0.04655364200090738,0.13520627383340775,0.8095667905776865,0.9047619047619048,0.6875661835074425
merged_2021-02-23-17-45-47_seg_1.csv,J_KCW,infinity,True,486.0,3.1387953220471325,0.8970445732723626,1.3894985966712883,7.787509902986711,0.1364221364221364,0.6895794942975044
merged_2021-02-23-17-45-47_seg_2.csv,PF_KCW,1,False,,0.02318655409019793,0.006727914348845972,0.03764509339999223,0.18896635938224532,1.0,1.062745951116085
merged_2021-02-23-17-45-47_seg_2.csv,PF_KCW,5,False,,0.0705204045736783,0.020074237915442605,0.09669757399236431,0.8873258148310695,1.0,1.060139112174511
merged_2021-02-23-17-45-47_seg_2.csv,PF_KCW,10,False,,0.12966968658719297,0.03637072956482167,0.16403127209515508,1.784175091646984,0.9983333333333333,1.0583638399839401
merged_2021-02-23-17-45-47_seg_2.csv,PF_KCW,20,False,,0.26934063349258913,0.06974128494516715,0.30509383342967583,3.2333058398631263,0.9775,1.060516707599163
merged_2021-02-23-17-45-47_seg_2.csv,PF_KCW,50,True,1182.0,1.7656461843699548e+118,0.17197743475307048,1.3145564801746441e+118,2.109947190322096e+121,0.8558333333333333,1.0568676143884659
merged_2021-02-23-17-45-47_seg_2.csv,PF_KCW,100,True,970.0,7.746388133028514e+62,0.2501560040193853,5.709871978791295e+62,8.296381690473539e+65,0.7733333333333333,0.9509445801377296
merged_2021-02-23-17-45-47_seg_2.csv,PF_KCW,infinity,True,437.0,5.486606405397374e+87,0.5942869482074854,5.7490370094123055e+87,3.0176335229685557e+90,0.1875,0.5116910263895988
merged_2021-02-23-17-45-47_seg_2.csv,J_KCW,1,False,,0.008604667498428552,0.006445080012121177,0.037520936493122804,0.06773373301298505,1.0,1.0758375748991966
merged_2021-02-23-17-45-47_seg_2.csv,J_KCW,5,False,,0.02653426739166922,0.01913439821265979,0.09689659974447946,0.34731945741124964,1.0,1.0600203052163124
merged_2021-02-23-17-45-47_seg_2.csv,J_KCW,10,False,,0.052694239575698985,0.03461796768292328,0.1647641600736101,0.6889884245826213,0.9933333333333333,1.0589564591646194
merged_2021-02-23-17-45-47_seg_2.csv,J_KCW,20,False,,0.13210791115577422,0.06466457467156951,0.30920669941972745,1.617703177905972,0.9383333333333334,1.0551416873931885
merged_2021-02-23-17-45-47_seg_2.csv,J_KCW,50,True,1179.0,6.730902574218248e+118,0.1597348242185694,2.3922309871162268e+119,8.016504965893934e+121,0.7991666666666667,1.0489005073904991
merged_2021-02-23-17-45-47_seg_2.csv,J_KCW,100,True,972.0,2.7406179260741183e+85,0.2312626117700954,1.1654841513989242e+86,2.937942416751455e+88,0.66,0.9516294375061989
merged_2021-02-23-17-45-47_seg_2.csv,J_KCW,infinity,True,538.0,4.702245079496667,1.5215835652908047,1.9363994173849892,13.120132904042048,0.105,1.0717296749353409
merged_2021-02-23-17-45-47_seg_3.csv,PF_KCW,1,False,,0.011478333927053242,0.0013555641899459271,0.012959173874480544,0.05772598585039357,1.0,0.4297281503677368
merged_2021-02-23-17-45-47_seg_3.csv,PF_KCW,5,False,,0.0346700815174012,0.0039595601838109265,0.02704688765243227,0.17038322835004804,1.0,0.4273744076490402
merged_2021-02-23-17-45-47_seg_3.csv,PF_KCW,10,False,,0.06391975906442264,0.007099889576965159,0.03516928353026366,0.2610513591007421,1.0,0.4299432188272476
merged_2021-02-23-17-45-47_seg_3.csv,PF_KCW,20,False,,0.1214439645087001,0.013264629005274203,0.04996201877177148,0.47837109684810486,1.0,0.42736808210611343
merged_2021-02-23-17-45-47_seg_3.csv,PF_KCW,50,False,,0.3058741960022549,0.03177360415939075,0.08936619654111742,1.2671239009886481,1.0,0.42680374532938004
merged_2021-02-23-17-45-47_seg_3.csv,PF_KCW,100,False,,0.7038380791314202,0.07034167235250144,0.13718831059520695,2.734479743408907,0.9854771784232366,0.42812003195285797
merged_2021-02-23-17-45-47_seg_3.csv,PF_KCW,infinity,True,324.0,4.421061657965478,1.1158383753282264,1.1557499939121296,8.550281403528679,0.3879668049792531,0.43223951756954193
merged_2021-02-23-17-45-47_seg_3.csv,J_KCW,1,False,,0.008599499874214767,0.001403945763257149,0.012950179748218165,0.0848318849857061,1.0,0.4330676198005676
merged_2021-02-23-17-45-47_seg_3.csv,J_KCW,5,False,,0.02476149872746792,0.004069493850475227,0.026762483102153317,0.17339861964845404,1.0,0.42937105894088745
merged_2021-02-23-17-45-47_seg_3.csv,J_KCW,10,False,,0.04384996276295757,0.007168453112555007,0.034093339967793554,0.156320355686237,1.0,0.4292304962873459
merged_2021-02-23-17-45-47_seg_3.csv,J_KCW,20,False,,0.08384912985853711,0.01314218280587429,0.04917035295780138,0.28836088683007166,1.0,0.4288171976804733
merged_2021-02-23-17-45-47_seg_3.csv,J_KCW,50,False,,0.19286854461516942,0.029677566009140677,0.09998151168655986,0.6050788761041931,0.9896265560165975,0.43089479207992554
merged_2021-02-23-17-45-47_seg_3.csv,J_KCW,100,False,,0.3674788491734157,0.060448434836287125,0.18125220391236443,1.168062828131327,0.7904564315352697,0.4312244728207588
merged_2021-02-23-17-45-47_seg_3.csv,J_KCW,infinity,True,299.0,2.42185883035349,1.0167299042976505,1.3226765141877608,4.9122732505136035,0.1887966804979253,0.434164360165596
merged_2021-02-23-18-38-21_seg_1.csv,PF_KCW,1,False,,0.020913033945213527,0.006245538285679911,0.0188324372036295,0.04695055240092605,1.0,0.4450671523809433
merged_2021-02-23-18-38-21_seg_1.csv,PF_KCW,5,False,,0.06392945838735392,0.018710849851897207,0.04733850861184238,0.21222566535652268,1.0,0.44199541956186295
merged_2021-02-23-18-38-21_seg_1.csv,PF_KCW,10,False,,0.1206901231630622,0.03407950587370309,0.07885918859292906,0.4506340359000354,1.0,0.443735234439373
merged_2021-02-23-18-38-21_seg_1.csv,PF_KCW,20,False,,0.2431089540201961,0.0655643688922738,0.14446641923043663,0.994442461356695,1.0,0.4410763382911682
merged_2021-02-23-18-38-21_seg_1.csv,PF_KCW,50,False,,0.7421771691781962,0.16635675166247546,0.365816293090346,4.23133498656031,0.9601593625498008,0.441866435110569
merged_2021-02-23-18-38-21_seg_1.csv,PF_KCW,100,False,,1.940924714856024,0.36356608695445636,0.9739224850565888,7.117861910607003,0.6414342629482072,0.44361478835344315
merged_2021-02-23-18-38-21_seg_1.csv,PF_KCW,infinity,True,121.0,3.440079902333164e+109,1.6457255163722657,2.2501951423082773e+109,1.3037902829842692e+112,0.17131474103585656,0.33887843787670135
merged_2021-02-23-18-38-21_seg_1.csv,J_KCW,1,False,,0.005984169814081225,0.005553466772468065,0.018049933628542063,0.017421502188545036,1.0,0.4473697692155838
merged_2021-02-23-18-38-21_seg_1.csv,J_KCW,5,False,,0.018334552875389015,0.01641991988898549,0.042653072782353696,0.08808968341671235,1.0,0.444103442132473
merged_2021-02-23-18-38-21_seg_1.csv,J_KCW,10,False,,0.03503251922604717,0.02961531912461978,0.0665877364873992,0.17100872985160392,1.0,0.44276464730501175
merged_2021-02-23-18-38-21_seg_1.csv,J_KCW,20,False,,0.07692283851980936,0.05601767217110977,0.11317570893238126,0.3915786448810666,1.0,0.4448481872677803
merged_2021-02-23-18-38-21_seg_1.csv,J_KCW,50,False,,0.28141477360875466,0.1322708227075575,0.26834843178274664,1.5090921674294957,0.8545816733067729,0.4478351026773453
merged_2021-02-23-18-38-21_seg_1.csv,J_KCW,100,True,194.0,0.8968900819491575,0.27311332633253954,0.7276798374844613,4.9467609632864376,0.5318725099601593,0.44625581055879593
merged_2021-02-23-18-38-21_seg_1.csv,J_KCW,infinity,True,156.0,3.017516343851251e+87,1.0431957710748685,9.773508952235446e+87,7.392915042435565e+89,0.13745019920318724,0.22124744206666946
merged_2021-02-23-18-38-21_seg_2.csv,PF_KCW,1,False,,0.024012609976638226,0.004286797557255217,0.018017322907725435,0.0675618793607245,1.0,1.0625046268105507
merged_2021-02-23-18-38-21_seg_2.csv,PF_KCW,5,False,,0.07335225408060064,0.012779686771175414,0.045874704158077505,0.33950749713801887,1.0,1.061349019408226
merged_2021-02-23-18-38-21_seg_2.csv,PF_KCW,10,False,,0.1377476068019879,0.023179013526994773,0.0738036702185977,0.7354798144303385,1.0,1.0622930899262428
merged_2021-02-23-18-38-21_seg_2.csv,PF_KCW,20,False,,0.2793739954677459,0.04377625526011787,0.13633235261230914,1.8179507667680195,1.0,1.063137486577034
merged_2021-02-23-18-38-21_seg_2.csv,PF_KCW,50,False,,0.8652462928127667,0.10931097178445733,0.3840947095389704,10.049113802850668,0.9325,1.0645873546600342
merged_2021-02-23-18-38-21_seg_2.csv,PF_KCW,100,True,1058.0,2.8778797326760652,0.288337563019643,1.1245542469480034,33.86224912842381,0.7125,1.0658542439341545
merged_2021-02-23-18-38-21_seg_2.csv,PF_KCW,infinity,True,204.0,inf,1.5106753143062723,inf,inf,0.09,0.4186290353536606
merged_2021-02-23-18-38-21_seg_2.csv,J_KCW,1,False,,0.005492403036960942,0.005240073333845899,0.017877121108658866,0.016123466565571606,1.0,1.075389452278614
merged_2021-02-23-18-38-21_seg_2.csv,J_KCW,5,False,,0.016848615708550254,0.015605862036973589,0.04216696299507515,0.09378277674707945,1.0,1.0691433921456337
merged_2021-02-23-18-38-21_seg_2.csv,J_KCW,10,False,,0.03260983874413687,0.028385497989610164,0.06050779722120128,0.19828513427970446,1.0,1.0693337246775627
merged_2021-02-23-18-38-21_seg_2.csv,J_KCW,20,False,,0.07224703555527495,0.053578655350577736,0.09842907961828558,0.4789433646597527,1.0,1.0698552206158638
merged_2021-02-23-18-38-21_seg_2.csv,J_KCW,50,False,,0.2681354839483452,0.12383317693439556,0.21844951641009194,1.9211588003519016,0.8533333333333334,1.0705480203032494
merged_2021-02-23-18-38-21_seg_2.csv,J_KCW,100,False,,0.8449822235961401,0.22623275890137431,0.44912783502555553,4.93462412658478,0.5683333333333334,1.0759636983275414
merged_2021-02-23-18-38-21_seg_2.csv,J_KCW,infinity,True,294.0,5.3207114641374895,1.574059087988021,2.401967650379634,9.277422847646719,0.06666666666666667,1.0814073830842972
merged_2021-02-23-18-38-21_seg_3.csv,PF_KCW,1,False,,0.008699309529026995,0.0013377896980122982,0.013185055526271468,0.025915502340132148,1.0,0.3303889185190201
merged_2021-02-23-18-38-21_seg_3.csv,PF_KCW,5,False,,0.025953999424458498,0.003917405297102068,0.030581605753987783,0.123071876228762,1.0,0.3282052204012871
merged_2021-02-23-18-38-21_seg_3.csv,PF_KCW,10,False,,0.047363296106468784,0.0071627131852929635,0.042746006725846664,0.2565033113452399,1.0,0.3269847556948662
merged_2021-02-23-18-38-21_seg_3.csv,PF_KCW,20,False,,0.08765303071907417,0.012855825972633853,0.054534962047847246,0.4862812785752592,1.0,0.32743917405605316
merged_2021-02-23-18-38-21_seg_3.csv,PF_KCW,50,False,,0.21705193542221698,0.032615055838037775,0.09072846745537066,1.324928755971151,1.0,0.32878946512937546
merged_2021-02-23-18-38-21_seg_3.csv,PF_KCW,100,False,,0.4984618168308637,0.04955895358361562,0.15108742396883265,2.4159945389252053,1.0,0.3293747305870056
merged_2021-02-23-18-38-21_seg_3.csv,PF_KCW,infinity,False,,1.8542870899530526,0.269583688628517,1.1948625211624735,9.21386340782947,0.7795698924731183,0.3317633271217346
merged_2021-02-23-18-38-21_seg_3.csv,J_KCW,1,False,,0.007093062596823546,0.001728538576423111,0.01341741036740574,0.012094066326276886,1.0,0.3317088782787323
merged_2021-02-23-18-38-21_seg_3.csv,J_KCW,5,False,,0.02113202154975543,0.00513785384734322,0.031028954837830927,0.055412367512428284,1.0,0.3293376788496971
merged_2021-02-23-18-38-21_seg_3.csv,J_KCW,10,False,,0.03905135606604503,0.009463168125550819,0.04443310318414524,0.10974680067256924,1.0,0.3316497132182121
merged_2021-02-23-18-38-21_seg_3.csv,J_KCW,20,False,,0.07338765589590644,0.017407053871723872,0.0581376056443055,0.2188106985649748,1.0,0.3320060893893242
merged_2021-02-23-18-38-21_seg_3.csv,J_KCW,50,False,,0.17732336306608099,0.04650494033637071,0.10469062886634327,0.49186385247397396,1.0,0.32883934676647186
merged_2021-02-23-18-38-21_seg_3.csv,J_KCW,100,False,,0.3432418099921821,0.07954178806121773,0.1988262384415606,0.822523262342451,0.7956989247311828,0.329957015812397
merged_2021-02-23-18-38-21_seg_3.csv,J_KCW,infinity,True,344.0,1.897251822376956,0.5195224541543515,1.3337967397378039,5.263156094090157,0.1989247311827957,0.3333190158009529
merged_2021-02-23-18-43-00_seg_1.csv,PF_KCW,1,False,,0.007988968487068336,0.0009372942590140378,0.014159211456322885,0.053127943612589705,1.0,0.8297573551535606
merged_2021-02-23-18-43-00_seg_1.csv,PF_KCW,5,False,,0.023492320897944688,0.0027202588477923976,0.03142735939052504,0.20440467842398616,1.0,0.8274626731872559
merged_2021-02-23-18-43-00_seg_1.csv,PF_KCW,10,False,,0.04336628536528954,0.0048296202282813545,0.0466764171883349,0.296242957365768,1.0,0.8241591304540634
merged_2021-02-23-18-43-00_seg_1.csv,PF_KCW,20,False,,0.08045766502615007,0.009949342932223269,0.0636145896919108,0.5578704521027809,1.0,0.8250656351447105
merged_2021-02-23-18-43-00_seg_1.csv,PF_KCW,50,False,,0.23184152911832995,0.03422389923805715,0.1751870271412819,2.4797893151678068,1.0,0.8245088160037994
merged_2021-02-23-18-43-00_seg_1.csv,PF_KCW,100,False,,0.47626391444304766,0.07669470870011469,0.24431574735783143,2.2511119123893026,1.0,0.8259657099843025
merged_2021-02-23-18-43-00_seg_1.csv,PF_KCW,infinity,True,213.0,inf,0.4187809372883434,inf,inf,0.11682743837084673,0.20455441623926163
merged_2021-02-23-18-43-00_seg_1.csv,J_KCW,1,False,,0.004750312507006213,0.0009741837392148942,0.014164110020719696,0.01681441726951277,1.0,0.8430788069963455
merged_2021-02-23-18-43-00_seg_1.csv,J_KCW,5,False,,0.014143940384856606,0.002828529201196041,0.03176349187903999,0.09021724223356957,1.0,0.831505611538887
merged_2021-02-23-18-43-00_seg_1.csv,J_KCW,10,False,,0.02596673828599731,0.005006332999548684,0.04582327897542938,0.1443825018246268,1.0,0.8311597481369972
merged_2021-02-23-18-43-00_seg_1.csv,J_KCW,20,False,,0.047382909197366964,0.010100881781619558,0.0568843551116325,0.20927015275195396,1.0,0.8290240243077278
merged_2021-02-23-18-43-00_seg_1.csv,J_KCW,50,False,,0.14146149304803204,0.030961958458615928,0.1704426424462352,2.029775101378469,0.9678456591639871,0.8312429115176201
merged_2021-02-23-18-43-00_seg_1.csv,J_KCW,100,False,,0.20239203411763565,0.0495917591385653,0.16835365997834575,0.7457495409336208,0.9614147909967846,0.8301708623766899
merged_2021-02-23-18-43-00_seg_1.csv,J_KCW,infinity,True,546.0,2.0511025684595747,0.9005648703579232,1.2340609975928338,4.555479027322292,0.14790996784565916,0.84902423620224
merged_2021-02-23-18-43-00_seg_2.csv,PF_KCW,1,False,,0.015097384024129553,0.002679393649032926,0.015925246414103564,0.07741729302754356,1.0,1.0624954402446747
merged_2021-02-23-18-43-00_seg_2.csv,PF_KCW,5,False,,0.045281716605839066,0.00795053174195575,0.03789224502462955,0.3325341319380192,1.0,1.0621319562196732
merged_2021-02-23-18-43-00_seg_2.csv,PF_KCW,10,False,,0.08287980983434279,0.01450368034885516,0.0576674119796451,0.6617528424943645,1.0,1.0594293177127838
merged_2021-02-23-18-43-00_seg_2.csv,PF_KCW,20,False,,0.15715252929291657,0.02740721976375886,0.08824032155221187,1.136980826137364,1.0,1.0576839074492455
merged_2021-02-23-18-43-00_seg_2.csv,PF_KCW,50,False,,0.40276611613120417,0.06843353231481847,0.19773554614106953,2.4715457505161633,1.0,1.0580082088708878
merged_2021-02-23-18-43-00_seg_2.csv,PF_KCW,100,False,,0.8469383877612483,0.13139123819486434,0.3182018151536092,4.40540241418584,0.9216666666666666,1.0603001788258553
merged_2021-02-23-18-43-00_seg_2.csv,PF_KCW,infinity,True,398.0,2.2088956858637828e+46,0.6718873776213682,1.645884615423242e+46,1.1464168609633033e+49,0.16166666666666665,0.46281520277261734
merged_2021-02-23-18-43-00_seg_2.csv,J_KCW,1,False,,0.00573856228852359,0.00229050171145267,0.01596817556862559,0.025435819413787572,1.0,1.062279850244522
merged_2021-02-23-18-43-00_seg_2.csv,J_KCW,5,False,,0.016560305622423752,0.006772739349913867,0.03805384950588352,0.08051863437033889,1.0,1.064955659210682
merged_2021-02-23-18-43-00_seg_2.csv,J_KCW,10,False,,0.03032778115728247,0.012360406571644889,0.05743689800011894,0.1397301498032993,1.0,1.0660697221755981
merged_2021-02-23-18-43-00_seg_2.csv,J_KCW,20,False,,0.05971792287102933,0.023352743607236392,0.08519687036296106,0.23766120263788304,1.0,1.0682562962174416
merged_2021-02-23-18-43-00_seg_2.csv,J_KCW,50,False,,0.18623876499702696,0.05874141948963564,0.18718841425764784,1.321834473616463,0.9525,1.0744756385684013
merged_2021-02-23-18-43-00_seg_2.csv,J_KCW,100,False,,0.4285367460257065,0.11033133165837827,0.23183334358837404,2.733158594417518,0.7441666666666666,1.0655916184186935
merged_2021-02-23-18-43-00_seg_2.csv,J_KCW,infinity,True,655.0,4.128269849187996,1.1240202951156175,1.3073590458983366,12.88425126505137,0.09833333333333333,1.0666311010718346
merged_2021-02-23-18-50-03_seg_1.csv,PF_KCW,1,False,,0.011300494392005362,0.0009438218513272565,0.009656293775271852,0.030557209371636956,1.0,0.17300622910261154
merged_2021-02-23-18-50-03_seg_1.csv,PF_KCW,5,False,,0.034385789044538546,0.0028611770667174726,0.01789911725418277,0.14206967158623732,1.0,0.17249556630849838
merged_2021-02-23-18-50-03_seg_1.csv,PF_KCW,10,False,,0.0637997610983458,0.005307893360512482,0.02531708390421329,0.28333961050945666,1.0,0.1731061488389969
merged_2021-02-23-18-50-03_seg_1.csv,PF_KCW,20,False,,0.12024746799998784,0.010509099266997488,0.03758504151760286,0.5996583759573249,1.0,0.17286784201860428
merged_2021-02-23-18-50-03_seg_1.csv,PF_KCW,50,False,,0.3054657118286136,0.029453558689538823,0.07298311612821254,0.9635455166414973,1.0,0.17301470786333084
merged_2021-02-23-18-50-03_seg_1.csv,PF_KCW,100,False,,0.7373414364859086,0.07305988914224415,0.16765608111222213,2.8119577315445943,0.9692307692307692,0.17300865799188614
merged_2021-02-23-18-50-03_seg_1.csv,PF_KCW,infinity,False,,3.2289347508480355,0.3409754374089063,0.9939684914135378,8.337865419866121,0.48205128205128206,0.1778036206960678
merged_2021-02-23-18-50-03_seg_1.csv,J_KCW,1,False,,0.0038070750539740753,0.00048317095718344047,0.00976126793206661,0.007912008790541622,1.0,0.17330431938171387
merged_2021-02-23-18-50-03_seg_1.csv,J_KCW,5,False,,0.011406740999202624,0.0013810695230537832,0.018684298349810315,0.03507986456693303,1.0,0.17318713665008545
merged_2021-02-23-18-50-03_seg_1.csv,J_KCW,10,False,,0.020311564528775167,0.0024051660228323946,0.026962224526710196,0.06952069834144749,1.0,0.17288558185100555
merged_2021-02-23-18-50-03_seg_1.csv,J_KCW,20,False,,0.038709206711803015,0.00478723522596949,0.04062394520715898,0.13715527099493743,1.0,0.17283255606889725
merged_2021-02-23-18-50-03_seg_1.csv,J_KCW,50,False,,0.09524585098180088,0.011699159842886895,0.07824942264379597,0.3007073600628395,1.0,0.17339125275611877
merged_2021-02-23-18-50-03_seg_1.csv,J_KCW,100,False,,0.15538605148174825,0.028654005751694824,0.1130383263595458,0.4917641585944441,1.0,0.1757018342614174
merged_2021-02-23-18-50-03_seg_1.csv,J_KCW,infinity,False,,0.3592993436777027,0.04831089671037769,0.15595381399186353,0.9821484194402845,0.7333333333333333,0.1729627102613449
merged_2021-02-23-18-50-03_seg_2.csv,PF_KCW,1,False,,0.0048794541490702215,0.0009196492309712767,0.01078142690439047,0.011604839116992557,1.0,0.6028623580932617
merged_2021-02-23-18-50-03_seg_2.csv,PF_KCW,5,False,,0.014358057230919959,0.0026391895514320542,0.022310543816367545,0.048803710825705886,1.0,0.5929792672395706
merged_2021-02-23-18-50-03_seg_2.csv,PF_KCW,10,False,,0.025754945564525372,0.004792339945489307,0.03192743613392638,0.0951610552101539,1.0,0.5930835083127022
merged_2021-02-23-18-50-03_seg_2.csv,PF_KCW,20,False,,0.05184234291796106,0.008857458927538373,0.04713410231162112,0.16924456082649986,1.0,0.5944746881723404
merged_2021-02-23-18-50-03_seg_2.csv,PF_KCW,50,False,,0.14738345764256633,0.024597165110406154,0.10026766077353418,0.5241546559473514,1.0,0.5944230332970619
merged_2021-02-23-18-50-03_seg_2.csv,PF_KCW,100,False,,0.38189762295889584,0.057588846768734214,0.225997465158917,1.6129678083813759,1.0,0.5959310680627823
merged_2021-02-23-18-50-03_seg_2.csv,PF_KCW,infinity,True,520.0,inf,0.7579126068540539,inf,inf,0.37648809523809523,0.5879991799592972
merged_2021-02-23-18-50-03_seg_2.csv,J_KCW,1,False,,0.0036732075336418407,0.0008992000955103082,0.010923912777271168,0.009948749101621066,1.0,0.5976131930947304
merged_2021-02-23-18-50-03_seg_2.csv,J_KCW,5,False,,0.010820768768175743,0.0025533708187800504,0.02305547787095324,0.04180665261509896,1.0,0.593535341322422
merged_2021-02-23-18-50-03_seg_2.csv,J_KCW,10,False,,0.019311281892516987,0.004495207874032974,0.03389888360917973,0.06559433485598455,1.0,0.597030334174633
merged_2021-02-23-18-50-03_seg_2.csv,J_KCW,20,False,,0.03637233822027867,0.00802275305674491,0.0518298044528783,0.11858487938341258,1.0,0.5986661687493324
merged_2021-02-23-18-50-03_seg_2.csv,J_KCW,50,False,,0.09154345793741978,0.020670581637864234,0.11418428056414885,0.2712149695233241,1.0,0.5953306630253792
merged_2021-02-23-18-50-03_seg_2.csv,J_KCW,100,False,,0.21123370339333453,0.048582712696166284,0.22795793171148296,0.7054064606283909,0.9553571428571429,0.6018855050206184
merged_2021-02-23-18-50-03_seg_2.csv,J_KCW,infinity,True,321.0,inf,0.43983042813701534,inf,inf,0.14136904761904762,0.3116355612874031
merged_2021-02-23-18-50-03_seg_3.csv,PF_KCW,1,False,,0.008757454742219386,0.0014465293371393017,0.012698544327182605,0.03346334014256123,1.0,1.0580070912837982
merged_2021-02-23-18-50-03_seg_3.csv,PF_KCW,5,False,,0.026115792517991687,0.0042487288349081906,0.02840909373883053,0.13506485605864246,1.0,1.0673055052757263
merged_2021-02-23-18-50-03_seg_3.csv,PF_KCW,10,False,,0.04766034355379284,0.007715540091602775,0.04004845328622252,0.2739785682938578,1.0,1.0750692933797836
merged_2021-02-23-18-50-03_seg_3.csv,PF_KCW,20,False,,0.09144262888200645,0.01490474578632581,0.06033339699792688,0.5274929518424767,1.0,1.0549637749791145
merged_2021-02-23-18-50-03_seg_3.csv,PF_KCW,50,False,,0.2292243318309861,0.04019500658250769,0.11960070783655587,1.2753924938055385,1.0,1.0619124472141266
merged_2021-02-23-18-50-03_seg_3.csv,PF_KCW,100,False,,0.448618676939532,0.08351246893393792,0.19566321769417935,2.13297311740819,1.0,1.0611032992601395
merged_2021-02-23-18-50-03_seg_3.csv,PF_KCW,infinity,True,353.0,9.51106410213231e+44,1.0328734946234597,7.056980904741432e+44,6.13463634587534e+47,0.22083333333333333,0.5690879300236702
merged_2021-02-23-18-50-03_seg_3.csv,J_KCW,1,False,,0.004789197324528494,0.0011591681709127884,0.01246670155105274,0.01992558134235112,1.0,1.0613866746425629
merged_2021-02-23-18-50-03_seg_3.csv,J_KCW,5,False,,0.014342054736744879,0.003373210010488091,0.027661291534161758,0.06831920851934412,1.0,1.0622573271393776
merged_2021-02-23-18-50-03_seg_3.csv,J_KCW,10,False,,0.026488433527453156,0.006115265418126671,0.038058691726733734,0.14817178079115578,1.0,1.0616577565670013
merged_2021-02-23-18-50-03_seg_3.csv,J_KCW,20,False,,0.051478045166081225,0.011735486371462931,0.05433070070137065,0.3154836054974574,1.0,1.0596383288502693
merged_2021-02-23-18-50-03_seg_3.csv,J_KCW,50,False,,0.14707015408892812,0.03157433237416111,0.10051282228372137,1.0232518279633234,0.9716666666666667,1.0654739141464233
merged_2021-02-23-18-50-03_seg_3.csv,J_KCW,100,False,,0.3387668836148806,0.06049939305061104,0.14930796901692886,2.3932361730548464,0.8641666666666666,1.0725319534540176
merged_2021-02-23-18-50-03_seg_3.csv,J_KCW,infinity,True,417.0,4.371998305699741,1.1698045137748432,1.3866354502485743,8.25263395015381,0.09333333333333334,1.070815920829773
merged_2021-02-23-18-50-03_seg_4.csv,PF_KCW,1,False,,0.015916560975673306,0.002314987624682746,0.01395274266266322,0.036190098192110866,1.0,0.3720415085554123
merged_2021-02-23-18-50-03_seg_4.csv,PF_KCW,5,False,,0.04802436569957223,0.006948162058959214,0.032502990140902355,0.17582748195012832,1.0,0.37119024246931076
merged_2021-02-23-18-50-03_seg_4.csv,PF_KCW,10,False,,0.08930487859901048,0.01315599558821088,0.05023781556990007,0.33097313310838444,1.0,0.3714204356074333
merged_2021-02-23-18-50-03_seg_4.csv,PF_KCW,20,False,,0.17326961320910078,0.026066814936284884,0.08689068896152576,0.6661235397529999,1.0,0.37108083069324493
merged_2021-02-23-18-50-03_seg_4.csv,PF_KCW,50,False,,0.45195455340907065,0.07375197089374749,0.1893475267168194,2.052294493685407,1.0,0.37321411073207855
merged_2021-02-23-18-50-03_seg_4.csv,PF_KCW,100,False,,1.1706922896564274,0.18743202902486936,0.3622432163511956,5.438887474040466,0.8408551068883611,0.37231360375881195
merged_2021-02-23-18-50-03_seg_4.csv,PF_KCW,infinity,True,196.0,6.368972872702987,1.3400053114583064,1.3107191278340415,32.21520550862716,0.28978622327790976,0.37224557995796204
merged_2021-02-23-18-50-03_seg_4.csv,J_KCW,1,False,,0.008304286565824328,0.0013853032994460663,0.013357169139650411,0.026027983420660317,1.0,0.37645333260297775
merged_2021-02-23-18-50-03_seg_4.csv,J_KCW,5,False,,0.02475179181357825,0.004102051692201611,0.030288780577445894,0.11327596173426799,1.0,0.3747038468718529
merged_2021-02-23-18-50-03_seg_4.csv,J_KCW,10,False,,0.04517042722779225,0.0078081288078633605,0.04537181314277651,0.20468807993864183,1.0,0.37347571551799774
merged_2021-02-23-18-50-03_seg_4.csv,J_KCW,20,False,,0.08662120927203085,0.016072605966027997,0.07708524887683978,0.3864087260423371,1.0,0.3737761005759239
merged_2021-02-23-18-50-03_seg_4.csv,J_KCW,50,False,,0.21962510717787181,0.05322040150899622,0.20420888894750547,0.7147468567116174,0.9619952494061758,0.37507984042167664
merged_2021-02-23-18-50-03_seg_4.csv,J_KCW,100,False,,0.5806408334792552,0.1681718323674597,0.4983036710175115,2.33333474051264,0.5985748218527316,0.3764568343758583
merged_2021-02-23-18-50-03_seg_4.csv,J_KCW,infinity,True,228.0,3.9669023257083356,1.2068534041219976,3.010971555452891,8.62342038931227,0.16152019002375298,0.3768210858106613
merged_2021-02-23-19-04-50_seg_1.csv,PF_KCW,1,False,,0.01367863705117017,0.0012436039301067668,0.011689005541325511,0.04431529658915535,1.0,0.585245855152607
merged_2021-02-23-19-04-50_seg_1.csv,PF_KCW,5,False,,0.04148010240636073,0.003701682940059788,0.02441798494257607,0.22288109309447712,1.0,0.5775391682982445
merged_2021-02-23-19-04-50_seg_1.csv,PF_KCW,10,False,,0.07716652564248579,0.006845245142903837,0.03648421570014145,0.44842700448611544,1.0,0.5814443752169609
merged_2021-02-23-19-04-50_seg_1.csv,PF_KCW,20,False,,0.15195813016884735,0.013423665712544471,0.055980006226925186,0.9482159226322248,1.0,0.577734112739563
merged_2021-02-23-19-04-50_seg_1.csv,PF_KCW,50,False,,0.4055058864537645,0.03900853252060753,0.13323518186288402,2.7644840406740845,0.9938650306748467,0.5802506506443024
merged_2021-02-23-19-04-50_seg_1.csv,PF_KCW,100,False,,0.8711198047377936,0.10551218786949304,0.2772571052435407,5.708325864522927,0.9033742331288344,0.5804492831230164
merged_2021-02-23-19-04-50_seg_1.csv,PF_KCW,infinity,True,205.0,8.804668598383688e+60,0.4370136013143567,6.515440866615018e+60,1.9634410974395623e+63,0.15950920245398773,0.20125003904104233
merged_2021-02-23-19-04-50_seg_1.csv,J_KCW,1,False,,0.004736067927137523,0.0009544067809343286,0.01189478205499292,0.01051316892501652,1.0,0.5845811069011688
merged_2021-02-23-19-04-50_seg_1.csv,J_KCW,5,False,,0.01411367003504612,0.0028059317082498687,0.025011976056427514,0.04679731430358238,1.0,0.5799974277615547
merged_2021-02-23-19-04-50_seg_1.csv,J_KCW,10,False,,0.02553362827635176,0.005136562957590025,0.03706829593130379,0.08709890134013257,1.0,0.5816686898469925
merged_2021-02-23-19-04-50_seg_1.csv,J_KCW,20,False,,0.04839657384391522,0.010158782416250357,0.054496390464390206,0.16044290563363223,1.0,0.5823842212557793
merged_2021-02-23-19-04-50_seg_1.csv,J_KCW,50,False,,0.12377792741108694,0.027988915578700427,0.11251371258324806,0.43416491844336597,1.0,0.5937405526638031
merged_2021-02-23-19-04-50_seg_1.csv,J_KCW,100,False,,0.25349742657562613,0.06693488735015267,0.18029760394360392,1.1108831560158943,0.9033742331288344,0.5839685499668121
merged_2021-02-23-19-04-50_seg_1.csv,J_KCW,infinity,True,571.0,1.5391459674174255,0.5700938885581411,0.8302659696647764,6.058264867068316,0.2116564417177914,0.5872163251042366
merged_2021-02-23-19-04-50_seg_2.csv,PF_KCW,1,False,,0.004911999733789556,0.0008513617472698013,0.01225022325103765,0.013989557436072842,1.0,1.0665227994322777
merged_2021-02-23-19-04-50_seg_2.csv,PF_KCW,5,False,,0.014205309752274393,0.0023591126121832724,0.02454018624872521,0.06249260758770031,1.0,1.0808647945523262
merged_2021-02-23-19-04-50_seg_2.csv,PF_KCW,10,False,,0.02474829157466522,0.004121273413104383,0.033266413214274315,0.1020158973265258,1.0,1.0656075105071068
merged_2021-02-23-19-04-50_seg_2.csv,PF_KCW,20,False,,0.04603381791284496,0.007640495415573136,0.044381178869510624,0.192434131849313,1.0,1.0678333416581154
merged_2021-02-23-19-04-50_seg_2.csv,PF_KCW,50,False,,0.10636582585745714,0.021031338490535074,0.07844199033229632,0.38131396308898413,1.0,1.0679858550429344
merged_2021-02-23-19-04-50_seg_2.csv,PF_KCW,100,False,,0.248928406926703,0.04598083494039143,0.11286938715926699,1.069776817255315,1.0,1.0675538182258606
merged_2021-02-23-19-04-50_seg_2.csv,PF_KCW,infinity,True,403.0,3.0654493997074296e+33,0.68742199840355,2.368305751593791e+33,1.6798662710396715e+36,0.1775,0.4910176619887352
merged_2021-02-23-19-04-50_seg_2.csv,J_KCW,1,False,,0.004799706241115398,0.0007772662108682468,0.012287238958366127,0.012125663120635965,1.0,1.0666498839855194
merged_2021-02-23-19-04-50_seg_2.csv,J_KCW,5,False,,0.014177366166337713,0.002148540419309921,0.024733007389616334,0.04851264445595047,1.0,1.071990855038166
merged_2021-02-23-19-04-50_seg_2.csv,J_KCW,10,False,,0.025697341414798753,0.003752709231108083,0.03331054503493845,0.0710727185724596,1.0,1.0644654333591461
merged_2021-02-23-19-04-50_seg_2.csv,J_KCW,20,False,,0.04834707129418249,0.006947520942573567,0.043768681884845305,0.12889775082717697,1.0,1.0600788816809654
merged_2021-02-23-19-04-50_seg_2.csv,J_KCW,50,False,,0.11686846289129757,0.018874517703149966,0.07361578964034221,0.331821017657247,1.0,1.0595849379897118
merged_2021-02-23-19-04-50_seg_2.csv,J_KCW,100,False,,0.23937958434930343,0.03704571453685625,0.10750418758260168,0.8299143639603193,0.9533333333333334,1.0573079213500023
merged_2021-02-23-19-04-50_seg_2.csv,J_KCW,infinity,True,666.0,inf,1.0967895967405479,inf,inf,0.08916666666666667,0.9091624096035957
merged_2021-02-23-19-04-50_seg_3.csv,PF_KCW,1,False,,0.01220885945937096,0.0008256216770789538,0.011385094181474409,0.023070891727795678,1.0,0.48657508194446564
merged_2021-02-23-19-04-50_seg_3.csv,PF_KCW,5,False,,0.037057081012640145,0.0022382007048288755,0.023306654174052806,0.1079749188348969,1.0,0.4878104627132416
merged_2021-02-23-19-04-50_seg_3.csv,PF_KCW,10,False,,0.06929715026726907,0.00394606578230341,0.031243729034115965,0.20864297237948842,1.0,0.4964721202850342
merged_2021-02-23-19-04-50_seg_3.csv,PF_KCW,20,False,,0.13373046057941143,0.007458991931870053,0.0449715254367651,0.4314438590382799,1.0,0.49003634601831436
merged_2021-02-23-19-04-50_seg_3.csv,PF_KCW,50,False,,0.37311302497089094,0.019207961918367072,0.0837287477274328,1.3153526718278976,1.0,0.4862000420689583
merged_2021-02-23-19-04-50_seg_3.csv,PF_KCW,100,False,,0.8381748773279565,0.03462280241548046,0.11906516908832801,3.5226848040723544,0.936247723132969,0.4868847504258156
merged_2021-02-23-19-04-50_seg_3.csv,PF_KCW,infinity,True,358.0,inf,0.7271259680367257,inf,inf,0.3806921675774135,0.4334767758846283
merged_2021-02-23-19-04-50_seg_3.csv,J_KCW,1,False,,0.005922623286761526,0.0006115052118579363,0.011748153435549706,0.008256777060599855,1.0,0.4856555685400963
merged_2021-02-23-19-04-50_seg_3.csv,J_KCW,5,False,,0.01760013010462372,0.0015327516249455716,0.02479384537921197,0.037416129928657275,1.0,0.4936571940779686
merged_2021-02-23-19-04-50_seg_3.csv,J_KCW,10,False,,0.031904200288260035,0.0024873669936851615,0.03457062469357923,0.0697953570826868,1.0,0.4835018217563629
merged_2021-02-23-19-04-50_seg_3.csv,J_KCW,20,False,,0.05851665923811582,0.004651342730774765,0.052504461431739397,0.13064498050667125,1.0,0.4853179529309273
merged_2021-02-23-19-04-50_seg_3.csv,J_KCW,50,False,,0.14069439981647336,0.014105054365011872,0.105664463231137,0.30234955363855687,1.0,0.4840502515435219
merged_2021-02-23-19-04-50_seg_3.csv,J_KCW,100,False,,0.2687316906980407,0.04137630441748731,0.16784464035697663,0.6772803431000783,0.9198542805100182,0.4850921556353569
merged_2021-02-23-19-04-50_seg_3.csv,J_KCW,infinity,False,,1.3450991479958332,0.2845792748671816,0.6396253719951657,3.4290783046788276,0.22768670309653916,0.48544786870479584
merged_2021-02-23-19-15-11_seg_1.csv,PF_KCW,1,False,,0.025717014609503104,0.003277971797092419,0.017446903191453877,0.06030965137070004,1.0,0.4097668379545212
merged_2021-02-23-19-15-11_seg_1.csv,PF_KCW,5,False,,0.07973298124712012,0.009738202788795097,0.04372308155815223,0.3083056577976244,1.0,0.4091799408197403
merged_2021-02-23-19-15-11_seg_1.csv,PF_KCW,10,False,,0.15365086507533735,0.017655740822145348,0.0767912381642975,0.632841084271818,1.0,0.40991948544979095
merged_2021-02-23-19-15-11_seg_1.csv,PF_KCW,20,False,,0.33164123233744713,0.033585712235548223,0.14371343655820776,1.4128589337341033,1.0,0.4143124893307686
merged_2021-02-23-19-15-11_seg_1.csv,PF_KCW,50,False,,1.0914406427891046,0.08829818929293867,0.40645165551763085,6.387128684206367,0.8685344827586207,0.41051895171403885
merged_2021-02-23-19-15-11_seg_1.csv,PF_KCW,100,True,281.0,4.39869255003312,0.24246541647946285,2.0054014786660197,22.442889255835286,0.5926724137931034,0.4125402644276619
merged_2021-02-23-19-15-11_seg_1.csv,PF_KCW,infinity,True,178.0,3.632825609326257e+46,1.0956721087077392,2.5871528556938446e+46,1.046253775485962e+49,0.23060344827586207,0.2590869143605232
merged_2021-02-23-19-15-11_seg_1.csv,J_KCW,1,False,,0.006902163282720678,0.003167988973363193,0.017833108207173355,0.020816573033555757,1.0,0.4138707220554352
merged_2021-02-23-19-15-11_seg_1.csv,J_KCW,5,False,,0.020704468242350955,0.009502360236695633,0.04182716082611836,0.09665352361289802,1.0,0.41256268322467804
merged_2021-02-23-19-15-11_seg_1.csv,J_KCW,10,False,,0.038034893535945816,0.017408584596093575,0.06811206992708072,0.19679336269563066,1.0,0.41251140832901
merged_2021-02-23-19-15-11_seg_1.csv,J_KCW,20,False,,0.07761897891231587,0.03368659540290872,0.12184970422998558,0.4066455116949631,1.0,0.41303926706314087
merged_2021-02-23-19-15-11_seg_1.csv,J_KCW,50,False,,0.2392449845986902,0.08209293769649958,0.25500962542376665,1.1108886326999605,0.8771551724137931,0.4124510884284973
merged_2021-02-23-19-15-11_seg_1.csv,J_KCW,100,False,,0.5798418814924304,0.17012857111977198,0.5111202672256516,2.0109512163843988,0.584051724137931,0.41229866445064545
merged_2021-02-23-19-15-11_seg_1.csv,J_KCW,infinity,True,296.0,2.7666635564091453,1.1540798180472285,1.4178393940532772,7.948158962881146,0.1724137931034483,0.41747764497995377
merged_2021-02-23-19-15-11_seg_2.csv,PF_KCW,1,False,,0.015376702180450784,0.0042811000128120304,0.014231254064925765,0.039113655398362424,1.0,1.0650295093655586
merged_2021-02-23-19-15-11_seg_2.csv,PF_KCW,5,False,,0.04688988810849742,0.012776925714720973,0.03277764752001402,0.18571851177924256,1.0,1.056657887995243
merged_2021-02-23-19-15-11_seg_2.csv,PF_KCW,10,False,,0.08806339830542008,0.02338084185820553,0.04981406247098934,0.3824449153874866,1.0,1.0548378676176071
merged_2021-02-23-19-15-11_seg_2.csv,PF_KCW,20,False,,0.1792788398738665,0.04441533046019776,0.08185813566763687,0.8578302539982273,1.0,1.058556742966175
merged_2021-02-23-19-15-11_seg_2.csv,PF_KCW,50,False,,0.5119093170909593,0.10932484766151385,0.2093609132118374,4.021772524808673,0.9875,1.0578419789671898
merged_2021-02-23-19-15-11_seg_2.csv,PF_KCW,100,True,783.0,1.55790846396661,0.2526446838219393,0.6735730049661732,17.537116835526056,0.8058333333333333,1.056855246424675
merged_2021-02-23-19-15-11_seg_2.csv,PF_KCW,infinity,True,174.0,inf,1.4981060586968717,inf,inf,0.075,0.6743649020791054
merged_2021-02-23-19-15-11_seg_2.csv,J_KCW,1,False,,0.004738761678973999,0.0037531202711235585,0.015540907431661916,0.011352204155229922,1.0,1.0687314718961716
merged_2021-02-23-19-15-11_seg_2.csv,J_KCW,5,False,,0.014041477929249223,0.011205453176869955,0.03610367361938886,0.05101980149754963,1.0,1.0613671317696571
merged_2021-02-23-19-15-11_seg_2.csv,J_KCW,10,False,,0.025897788623198054,0.020565157913491134,0.05279313083309019,0.0926836809018391,1.0,1.0650242939591408
merged_2021-02-23-19-15-11_seg_2.csv,J_KCW,20,False,,0.05120744808693813,0.03927918846063901,0.08037558856973505,0.2105882028981961,1.0,1.0647968128323555
merged_2021-02-23-19-15-11_seg_2.csv,J_KCW,50,False,,0.16111817559431169,0.09446887699976325,0.18092495783080523,1.031601263533069,0.9725,1.065031610429287
merged_2021-02-23-19-15-11_seg_2.csv,J_KCW,100,False,,0.4632423391064352,0.18694902039075378,0.32631364015769476,2.608032709518898,0.6933333333333334,1.0683574676513672
merged_2021-02-23-19-15-11_seg_2.csv,J_KCW,infinity,True,328.0,5.614744827282594,1.4935626213636943,1.3746100115754303,8.482465420079825,0.06333333333333334,1.0794174820184708
merged_2021-02-23-19-15-11_seg_3.csv,PF_KCW,1,False,,0.013601888768798986,0.0012584415353302518,0.01281189161507187,0.024354853537810597,1.0,0.45522893220186234
merged_2021-02-23-19-15-11_seg_3.csv,PF_KCW,5,False,,0.04121458300092223,0.0038052427068212373,0.02868792048001793,0.11969306166484327,1.0,0.44988788664340973
merged_2021-02-23-19-15-11_seg_3.csv,PF_KCW,10,False,,0.07620037394491821,0.007280098026605474,0.04270525405807155,0.235691120463954,1.0,0.45261576026678085
merged_2021-02-23-19-15-11_seg_3.csv,PF_KCW,20,False,,0.1491452891486641,0.015292085803144922,0.07375098822691593,0.4634080991350337,1.0,0.4514361768960953
merged_2021-02-23-19-15-11_seg_3.csv,PF_KCW,50,False,,0.4032650620386363,0.049284486751427714,0.13784296559410833,1.251649415335032,1.0,0.4510224461555481
merged_2021-02-23-19-15-11_seg_3.csv,PF_KCW,100,False,,0.9949698828533386,0.1404717790363884,0.2295750712012709,3.3104640500020803,0.931640625,0.45060622692108154
merged_2021-02-23-19-15-11_seg_3.csv,PF_KCW,infinity,True,277.0,7.303905808325364e+87,0.9282792969526792,4.895695102796912e+87,2.8412193594385667e+90,0.26171875,0.34478528052568436
merged_2021-02-23-19-15-11_seg_3.csv,J_KCW,1,False,,0.004957818212051582,0.0007678523440111861,0.012117052384845096,0.012402754652226775,1.0,0.4591021314263344
merged_2021-02-23-19-15-11_seg_3.csv,J_KCW,5,False,,0.014737395644862985,0.00222014000152858,0.02569927390638676,0.058999000864396606,1.0,0.45326151698827744
merged_2021-02-23-19-15-11_seg_3.csv,J_KCW,10,False,,0.026857376871559695,0.004004691411711216,0.03579317212211101,0.11209548167758786,1.0,0.4556601792573929
merged_2021-02-23-19-15-11_seg_3.csv,J_KCW,20,False,,0.050470575405174606,0.008091686333252123,0.059741838354838275,0.19533043986005658,1.0,0.45298339426517487
merged_2021-02-23-19-15-11_seg_3.csv,J_KCW,50,False,,0.12548545389704124,0.02507882175162113,0.11232361465529207,0.36336531310890635,1.0,0.4534360319375992
merged_2021-02-23-19-15-11_seg_3.csv,J_KCW,100,False,,0.311584970372341,0.07707050943934884,0.22488139444621855,1.1363168463813753,0.83203125,0.4527677968144417
merged_2021-02-23-19-15-11_seg_3.csv,J_KCW,infinity,True,342.0,2.7455629999869795,1.0716618576161352,1.3003682041012108,6.6998551292303015,0.197265625,0.45925288647413254
merged_2021-02-23-19-26-38_seg_1.csv,PF_KCW,1,False,,0.014458929049928805,0.0026846350910986216,0.01217292153342678,0.05261246921008773,1.0,0.7889760956168175
merged_2021-02-23-19-26-38_seg_1.csv,PF_KCW,5,False,,0.044469759656044806,0.008053347723999956,0.025997798107133544,0.27248578388065214,1.0,0.7842608466744423
merged_2021-02-23-19-26-38_seg_1.csv,PF_KCW,10,False,,0.08329758350013869,0.014772417454989655,0.040446794771589294,0.5500165826846837,1.0,0.7844370752573013
merged_2021-02-23-19-26-38_seg_1.csv,PF_KCW,20,False,,0.1718058570991705,0.02831202859944368,0.07239536953359496,1.0322564705749073,1.0,0.7879181802272797
merged_2021-02-23-19-26-38_seg_1.csv,PF_KCW,50,False,,0.5216827815577263,0.07255798170375835,0.21005809575279816,3.4554660225683977,0.9774011299435028,0.7865913435816765
merged_2021-02-23-19-26-38_seg_1.csv,PF_KCW,100,False,,1.9746134186342632,0.18610843155236298,0.896197149086823,11.303737633654947,0.7536723163841808,0.7851545214653015
merged_2021-02-23-19-26-38_seg_1.csv,PF_KCW,infinity,True,122.0,3.253062746379254e+66,1.0353178915711903,2.4287439317992243e+66,6.896493022324019e+68,0.04519774011299435,0.19089435040950775
merged_2021-02-23-19-26-38_seg_1.csv,J_KCW,1,False,,0.005453870564746686,0.0017019101103734544,0.012627492600686832,0.009474364306823678,1.0,0.7868206053972244
merged_2021-02-23-19-26-38_seg_1.csv,J_KCW,5,False,,0.016416621059644868,0.005046442099514872,0.02609334591342012,0.04420040663221661,1.0,0.7834290936589241
merged_2021-02-23-19-26-38_seg_1.csv,J_KCW,10,False,,0.0301355270168119,0.009225590083228565,0.03641373086268721,0.08080461786648721,1.0,0.7826075404882431
merged_2021-02-23-19-26-38_seg_1.csv,J_KCW,20,False,,0.057624125862795084,0.017634338053356662,0.057037841111752564,0.15756856780527168,1.0,0.7836650460958481
merged_2021-02-23-19-26-38_seg_1.csv,J_KCW,50,False,,0.1515799005250114,0.04328919870951936,0.1289949356439837,0.4205656262239748,1.0,0.7849828377366066
merged_2021-02-23-19-26-38_seg_1.csv,J_KCW,100,False,,0.3713515596763047,0.09328666369951737,0.24695184864375969,1.1917456930374684,0.7502824858757062,0.7864077314734459
merged_2021-02-23-19-26-38_seg_1.csv,J_KCW,infinity,True,578.0,5.26975815937207,1.1551500548516136,1.5188205533080084,8.619736677487838,0.0768361581920904,0.7828884273767471
merged_2021-02-23-19-26-38_seg_2.csv,PF_KCW,1,False,,0.055876016568297535,0.017736131776992355,0.04202792752609218,0.17421388726441941,1.0,1.0629086345434189
merged_2021-02-23-19-26-38_seg_2.csv,PF_KCW,5,False,,0.17046147136012746,0.05341385744681855,0.11488219361137221,0.8865121463136768,1.0,1.0593675523996353
merged_2021-02-23-19-26-38_seg_2.csv,PF_KCW,10,False,,0.3188831587312305,0.09810556481506472,0.20222553262589046,1.8607310953439298,1.0,1.0639403313398361
merged_2021-02-23-19-26-38_seg_2.csv,PF_KCW,20,False,,0.6358492889695609,0.1887631416082789,0.3781952642071499,4.092496802245571,0.945,1.0679319947957993
merged_2021-02-23-19-26-38_seg_2.csv,PF_KCW,50,True,734.0,1.8032681144068186,0.4609540061009715,1.025143319954079,9.14322474333102,0.6141666666666666,1.0640769302845001
merged_2021-02-23-19-26-38_seg_2.csv,PF_KCW,100,True,650.0,1.399493324257462e+148,0.7828462093501933,9.885587972284177e+147,1.3882973776634023e+151,0.3325,0.8768447488546371
merged_2021-02-23-19-26-38_seg_2.csv,PF_KCW,infinity,True,180.0,5.774824430626126e+146,1.5447701341021993,1.0479852657937351e+147,2.3561283676954594e+149,0.085,0.36403779685497284
merged_2021-02-23-19-26-38_seg_2.csv,J_KCW,1,False,,0.019702196430050722,0.017641024606807196,0.03668139490934585,0.09271060156694082,1.0,1.066132202744484
merged_2021-02-23-19-26-38_seg_2.csv,J_KCW,5,False,,0.06005865046585435,0.0529393364970766,0.09278259708980623,0.4391660918587797,1.0,1.062984250485897
merged_2021-02-23-19-26-38_seg_2.csv,J_KCW,10,False,,0.11612608837387431,0.09712045278046019,0.15176151543700142,0.8618238809895176,0.9816666666666667,1.0667419135570526
merged_2021-02-23-19-26-38_seg_2.csv,J_KCW,20,False,,0.25241909184352335,0.18633502615869996,0.26101950456077183,1.7913155087036605,0.8533333333333334,1.064778208732605
merged_2021-02-23-19-26-38_seg_2.csv,J_KCW,50,True,734.0,0.799660166674625,0.4566291064401069,0.5801920604400354,5.220217563773225,0.5441666666666667,1.0655656978487968
merged_2021-02-23-19-26-38_seg_2.csv,J_KCW,100,True,575.0,3.0259728850373913,0.8012622791685081,5.253397455411917,1087.9984760983202,0.36666666666666664,1.0567861422896385
merged_2021-02-23-19-26-38_seg_2.csv,J_KCW,infinity,True,293.0,inf,1.6071590052439706,inf,inf,0.07583333333333334,0.5598702430725098
merged_2021-02-23-19-26-38_seg_3.csv,PF_KCW,1,False,,0.012905140759046444,0.0008829940343258635,0.013298421468500205,0.028763690141384197,1.0,0.5192280858755112
merged_2021-02-23-19-26-38_seg_3.csv,PF_KCW,5,False,,0.03909644296274362,0.0023969681866049,0.02784758904716824,0.1352372419269781,1.0,0.5097276940941811
merged_2021-02-23-19-26-38_seg_3.csv,PF_KCW,10,False,,0.07145559143155007,0.004005696039482446,0.039199115560786375,0.2730340100095039,1.0,0.5103620812296867
merged_2021-02-23-19-26-38_seg_3.csv,PF_KCW,20,False,,0.13898116108819933,0.007661516099404471,0.060750052592433816,0.5080794832881819,1.0,0.5087605640292168
merged_2021-02-23-19-26-38_seg_3.csv,PF_KCW,50,False,,0.351301094880849,0.02193250886823395,0.11914338440297428,1.3970758011255353,1.0,0.5095312595367432
merged_2021-02-23-19-26-38_seg_3.csv,PF_KCW,100,False,,0.7721315014628067,0.04982847579559406,0.17505189521710185,3.5897652360507664,0.9530434782608695,0.5093382522463799
merged_2021-02-23-19-26-38_seg_3.csv,PF_KCW,infinity,True,325.0,inf,0.860788179141392,inf,inf,0.40347826086956523,0.45982417464256287
merged_2021-02-23-19-26-38_seg_3.csv,J_KCW,1,False,,0.00633040113153297,0.0007134231199146302,0.013424625179263433,0.053711568647223575,1.0,0.5102582722902298
merged_2021-02-23-19-26-38_seg_3.csv,J_KCW,5,False,,0.01864805830190887,0.0018486645008523902,0.028134021502318526,0.11728004114445979,1.0,0.5063234269618988
merged_2021-02-23-19-26-38_seg_3.csv,J_KCW,10,False,,0.0332749048343515,0.003014891972007098,0.04007570599740802,0.1554247786284604,1.0,0.5090312212705612
merged_2021-02-23-19-26-38_seg_3.csv,J_KCW,20,False,,0.06220316288179447,0.00583933663021676,0.060868217219831544,0.3028699797997501,1.0,0.5100034400820732
merged_2021-02-23-19-26-38_seg_3.csv,J_KCW,50,False,,0.13858476920138513,0.01876660660005909,0.12192943786061161,0.6420744011833545,0.9895652173913043,0.508880540728569
merged_2021-02-23-19-26-38_seg_3.csv,J_KCW,100,False,,0.2604815195591796,0.04751835992510865,0.19375860594190872,1.1720380389627423,0.9147826086956522,0.508617676794529
merged_2021-02-23-19-26-38_seg_3.csv,J_KCW,infinity,True,418.0,1.38711913955728,0.8138177435538635,1.0488227394921874,4.771335426640061,0.22782608695652173,0.5128113999962807
merged_2021-02-23-19-33-29_seg_1.csv,PF_KCW,1,False,,0.004928643721355413,0.0010107946477267552,0.0110839009455764,0.031909166418717834,1.0,0.9394931048154831
merged_2021-02-23-19-33-29_seg_1.csv,PF_KCW,5,False,,0.014533468857697558,0.0029078269887232765,0.022299848425081842,0.15627055453662841,1.0,0.9392502903938293
merged_2021-02-23-19-33-29_seg_1.csv,PF_KCW,10,False,,0.02632222957543184,0.0051230679127771015,0.0302169480862865,0.27631311428333744,1.0,0.9449950978159904
merged_2021-02-23-19-33-29_seg_1.csv,PF_KCW,20,False,,0.052293488503604074,0.009817438345163038,0.04568455700469423,0.5298525985848276,1.0,0.9510389566421509
merged_2021-02-23-19-33-29_seg_1.csv,PF_KCW,50,False,,0.12277544611159526,0.02503219766136672,0.09379366343821373,0.7011746062524872,1.0,0.9452686309814453
merged_2021-02-23-19-33-29_seg_1.csv,PF_KCW,100,False,,0.29129237608118563,0.05602060143124136,0.16345546852071016,1.7977133301140105,1.0,0.9463496878743172
merged_2021-02-23-19-33-29_seg_1.csv,PF_KCW,infinity,True,221.0,6.077797526609648e+111,0.5019501847812498,4.6606027019778466e+111,1.4647492039129252e+114,0.106203007518797,0.21447407454252243
merged_2021-02-23-19-33-29_seg_1.csv,J_KCW,1,False,,0.005858335177996252,0.0007334906891710288,0.011033005889428828,0.011725093562577088,1.0,0.9446750357747078
merged_2021-02-23-19-33-29_seg_1.csv,J_KCW,5,False,,0.017540712089498065,0.002085704302719336,0.02207450122233685,0.05129471992898712,1.0,0.940003365278244
merged_2021-02-23-19-33-29_seg_1.csv,J_KCW,10,False,,0.032177428770216635,0.0037437284264144753,0.029513330957352087,0.09661363466005708,1.0,0.9402922764420509
merged_2021-02-23-19-33-29_seg_1.csv,J_KCW,20,False,,0.061199300439401555,0.007237893178435314,0.043031263634751814,0.1897427325240767,1.0,0.9391541704535484
merged_2021-02-23-19-33-29_seg_1.csv,J_KCW,50,False,,0.15544076541711008,0.01881497545034196,0.07912336748728202,0.5150044346919431,1.0,0.9403294771909714
merged_2021-02-23-19-33-29_seg_1.csv,J_KCW,100,False,,0.31395137561226305,0.03947500828833618,0.12522152945029924,1.1843896058462198,0.8552631578947368,0.937852069735527
merged_2021-02-23-19-33-29_seg_1.csv,J_KCW,infinity,True,542.0,3.644810715798143,1.5335642050073288,1.1534751092291564,8.49345175321377,0.10244360902255639,0.9498691633343697
merged_2021-02-23-19-33-29_seg_2.csv,PF_KCW,1,False,,0.05003406031314964,0.017327920238996146,0.044320835560345606,0.2465906534651985,1.0,1.0683617293834686
merged_2021-02-23-19-33-29_seg_2.csv,PF_KCW,5,False,,0.14742172550038957,0.05161088640705146,0.11139847833111326,1.1454431731396244,1.0,1.0616542920470238
merged_2021-02-23-19-33-29_seg_2.csv,PF_KCW,10,False,,0.26716326597647094,0.09381932552352215,0.18600273954745367,2.3165034432054097,0.9941666666666666,1.061577059328556
merged_2021-02-23-19-33-29_seg_2.csv,PF_KCW,20,False,,0.4916282550604034,0.17704879126513326,0.3441978158494041,4.681301399624057,0.8916666666666667,1.0706802159547806
merged_2021-02-23-19-33-29_seg_2.csv,PF_KCW,50,True,938.0,1.219881267607364,0.39078122863207637,0.866317919184975,9.937013693947772,0.6975,1.0559143051505089
merged_2021-02-23-19-33-29_seg_2.csv,PF_KCW,100,True,667.0,6.1646854351409915e+87,0.6079110789486664,4.503329533074863e+87,6.608542786471143e+90,0.5558333333333333,0.9442732110619545
merged_2021-02-23-19-33-29_seg_2.csv,PF_KCW,infinity,True,580.0,inf,0.7969516152088233,inf,inf,0.23333333333333334,0.7096908614039421
merged_2021-02-23-19-33-29_seg_2.csv,J_KCW,1,False,,0.021502424468652068,0.016288409472552286,0.037593391953740965,0.09542425047686308,1.0,1.0865901708602905
merged_2021-02-23-19-33-29_seg_2.csv,J_KCW,5,False,,0.0658832859204758,0.04865353589507419,0.089616329505838,0.4688638137163369,1.0,1.0612566620111465
merged_2021-02-23-19-33-29_seg_2.csv,J_KCW,10,False,,0.12424746608613688,0.08885408448549313,0.14041286906017358,1.0351402683860398,0.9625,1.0642045438289642
merged_2021-02-23-19-33-29_seg_2.csv,J_KCW,20,False,,0.2556226866343878,0.1689075374876267,0.24179414564733898,2.1002482438242702,0.8425,1.0600903779268265
merged_2021-02-23-19-33-29_seg_2.csv,J_KCW,50,True,943.0,0.7015700772751701,0.39454660338171643,0.5395261624877584,5.215006531710448,0.5991666666666666,1.0711648687720299
merged_2021-02-23-19-33-29_seg_2.csv,J_KCW,100,True,670.0,1.8291930565269794,0.697233731504775,1.052688084432797,10.768390090269467,0.42,1.0702476724982262
merged_2021-02-23-19-33-29_seg_2.csv,J_KCW,infinity,True,432.0,2.3908298297981524e+35,0.24574514946446196,1.129977991856852e+36,1.0567467847707833e+38,0.10916666666666666,0.39829277247190475
merged_2021-02-23-19-33-29_seg_3.csv,PF_KCW,1,False,,0.01602294403614973,0.0011365921463297162,0.012017712919651705,0.04252153314465088,1.0,0.5084917545318604
merged_2021-02-23-19-33-29_seg_3.csv,PF_KCW,5,False,,0.048433874822960264,0.0032879898657273863,0.024842158051512343,0.1512933476752238,1.0,0.5131844654679298
merged_2021-02-23-19-33-29_seg_3.csv,PF_KCW,10,False,,0.09067476119917903,0.005857110213423596,0.033524433757400704,0.2742845817177742,1.0,0.5082062482833862
merged_2021-02-23-19-33-29_seg_3.csv,PF_KCW,20,False,,0.17729453971077544,0.012066386998661869,0.04921165936641465,0.5436978167705441,1.0,0.5095071196556091
merged_2021-02-23-19-33-29_seg_3.csv,PF_KCW,50,False,,0.438788793659186,0.038603194276437,0.09390653856251978,1.4369025495108452,1.0,0.5078836604952812
merged_2021-02-23-19-33-29_seg_3.csv,PF_KCW,100,False,,1.0024416918553876,0.1204837849492925,0.17310460611028522,3.317251908877571,0.9197207678883071,0.5060687884688377
merged_2021-02-23-19-33-29_seg_3.csv,PF_KCW,infinity,True,293.0,1.7996591582131098e+43,1.0526869872616047,1.2012178326650518e+43,7.882507112973421e+45,0.2547993019197208,0.3926473706960678
merged_2021-02-23-19-33-29_seg_3.csv,J_KCW,1,False,,0.005452088836795376,0.0007349850002661668,0.011927193714662505,0.03260662600137645,1.0,0.5119345709681511
merged_2021-02-23-19-33-29_seg_3.csv,J_KCW,5,False,,0.016110548260632303,0.002001474687584112,0.024207452426963063,0.06447188136950488,1.0,0.511031836271286
merged_2021-02-23-19-33-29_seg_3.csv,J_KCW,10,False,,0.029366733484580104,0.003497999863381405,0.03152875398067122,0.10835379931503639,1.0,0.5088129565119743
merged_2021-02-23-19-33-29_seg_3.csv,J_KCW,20,False,,0.05485224884616067,0.0065605291467882194,0.04498303264857431,0.19431579017483958,1.0,0.5095149725675583
merged_2021-02-23-19-33-29_seg_3.csv,J_KCW,50,False,,0.12390669394169516,0.019005577332070266,0.08124843213916061,0.3479536176145849,1.0,0.5106093734502792
merged_2021-02-23-19-33-29_seg_3.csv,J_KCW,100,False,,0.24926780063070048,0.050227253501483785,0.1512398554362856,0.6929569820309325,0.9493891797556719,0.5094307512044907
merged_2021-02-23-19-33-29_seg_3.csv,J_KCW,infinity,True,306.0,5.278688485972662e+54,0.8143927420206715,1.8232460568450163e+55,2.2381639180524088e+57,0.18673647469458987,0.3815780207514763
merged_2021-02-23-19-45-06_seg_1.csv,PF_KCW,1,False,,0.007227241259004387,0.001232448888607014,0.009905530805108753,0.0360348793002795,1.0,0.7357229217886925
merged_2021-02-23-19-45-06_seg_1.csv,PF_KCW,5,False,,0.021669556868410617,0.003585388222335525,0.019167939764385772,0.16323616344301714,1.0,0.7291465774178505
merged_2021-02-23-19-45-06_seg_1.csv,PF_KCW,10,False,,0.040077063917966144,0.006578473403020949,0.027263235706605042,0.310370478617152,1.0,0.7347401157021523
merged_2021-02-23-19-45-06_seg_1.csv,PF_KCW,20,False,,0.08091575734633318,0.012831298456187018,0.04183180895687797,0.5503383848567259,1.0,0.7301491424441338
merged_2021-02-23-19-45-06_seg_1.csv,PF_KCW,50,False,,0.20658519206892476,0.0318920440587515,0.0782635013179938,0.913684229012616,1.0,0.7279886528849602
merged_2021-02-23-19-45-06_seg_1.csv,PF_KCW,100,False,,0.4907706426508236,0.06862594964214042,0.15442099212763677,1.6292958968461628,1.0,0.733091689646244
merged_2021-02-23-19-45-06_seg_1.csv,PF_KCW,infinity,True,214.0,5.928543759838637e+92,0.39677574888496925,4.2840413423617796e+92,1.3457794334833706e+95,0.14043583535108958,0.20869720727205276
merged_2021-02-23-19-45-06_seg_1.csv,J_KCW,1,False,,0.004965694784810074,0.0009298926589144533,0.009867466307995272,0.007732412797258711,1.0,0.7333274409174919
merged_2021-02-23-19-45-06_seg_1.csv,J_KCW,5,False,,0.014835733807190013,0.0026572665443257548,0.01889452464465128,0.034799989041928776,1.0,0.7372066229581833
merged_2021-02-23-19-45-06_seg_1.csv,J_KCW,10,False,,0.027235364223704962,0.004835806236595656,0.026733979388766347,0.07050621226488828,1.0,0.7300453260540962
merged_2021-02-23-19-45-06_seg_1.csv,J_KCW,20,False,,0.052454866627605866,0.009045579508023083,0.03980299016414944,0.13708523639632286,1.0,0.730243518948555
merged_2021-02-23-19-45-06_seg_1.csv,J_KCW,50,False,,0.13315038082069616,0.021221677472333878,0.0664144482600757,0.4187005414105355,1.0,0.7326480150222778
merged_2021-02-23-19-45-06_seg_1.csv,J_KCW,100,False,,0.2703449620751991,0.03228139590126719,0.10265203664992083,1.0877736947810541,0.9176755447941889,0.7391067892313004
merged_2021-02-23-19-45-06_seg_1.csv,J_KCW,infinity,True,641.0,2.094663369688561,0.8741011261913494,0.842870274739087,6.647857124561394,0.19128329297820823,0.7453423365950584
merged_2021-02-23-19-45-06_seg_3.csv,PF_KCW,1,False,,0.009423811495758773,0.0005290895120463788,0.011737113394383531,0.017750208772676575,1.0,0.5363244563341141
merged_2021-02-23-19-45-06_seg_3.csv,PF_KCW,5,False,,0.02831861631962073,0.0014459774159927643,0.024048093225406325,0.08357919281712493,1.0,0.5293769836425781
merged_2021-02-23-19-45-06_seg_3.csv,PF_KCW,10,False,,0.052031395095867364,0.0025502790851817283,0.03219019841332357,0.15995741928998136,1.0,0.5243014693260193
merged_2021-02-23-19-45-06_seg_3.csv,PF_KCW,20,False,,0.09990107371973483,0.004955725936662065,0.044354010011736736,0.3179625028777464,1.0,0.5231086686253548
merged_2021-02-23-19-45-06_seg_3.csv,PF_KCW,50,False,,0.2545649278564307,0.013755375317035395,0.07057760399806588,0.8895598845002123,1.0,0.5257828459143639
merged_2021-02-23-19-45-06_seg_3.csv,PF_KCW,100,False,,0.5737448552966293,0.032795646807928916,0.09888107394199334,2.187015648765136,1.0,0.5256952792406082
merged_2021-02-23-19-45-06_seg_3.csv,PF_KCW,infinity,True,421.0,1.976190246351533e+140,0.7624773757670974,1.5025329124999653e+140,1.1600236746083498e+143,0.5025295109612141,0.534426674246788
merged_2021-02-23-19-45-06_seg_3.csv,J_KCW,1,False,,0.005129836787587298,0.0005595088878570531,0.012234937478046657,0.015589349259216003,1.0,0.5267054811120033
merged_2021-02-23-19-45-06_seg_3.csv,J_KCW,5,False,,0.015096463260632428,0.0015761990215506314,0.02586174718048243,0.0719548883721465,1.0,0.5263666585087776
merged_2021-02-23-19-45-06_seg_3.csv,J_KCW,10,False,,0.02700630423008971,0.0028785852296453946,0.03614530523176574,0.13641613954735568,1.0,0.526205986738205
merged_2021-02-23-19-45-06_seg_3.csv,J_KCW,20,False,,0.04960199283659667,0.00579066003106663,0.05361176373548056,0.2503489655012424,1.0,0.525550439953804
merged_2021-02-23-19-45-06_seg_3.csv,J_KCW,50,False,,0.11260597008850326,0.01708159481981571,0.10000588607303543,0.5113626801878575,1.0,0.5262221395969391
merged_2021-02-23-19-45-06_seg_3.csv,J_KCW,100,False,,0.21787650625433158,0.04198973812072527,0.15644173970213052,0.8020438577823392,0.9629005059021922,0.5304446592926979
merged_2021-02-23-19-45-06_seg_3.csv,J_KCW,infinity,True,554.0,1.2604588897537399,0.5404766054017596,0.7632530264040037,4.748359657320896,0.23946037099494097,0.5231165736913681
merged_2021-02-23-21-52-14_seg_1.csv,PF_KCW,1,False,,0.01518526212427771,0.004449797401685194,0.024005449605355812,0.14876210260632255,1.0,1.0563293099403381
merged_2021-02-23-21-52-14_seg_1.csv,PF_KCW,5,False,,0.04501877987184273,0.01323232646536853,0.06008628515075562,0.6564106330621825,1.0,1.0573182702064514
merged_2021-02-23-21-52-14_seg_1.csv,PF_KCW,10,False,,0.0814608498578044,0.02431884896175317,0.09788870087506513,1.1872193487370462,1.0,1.064158320426941
merged_2021-02-23-21-52-14_seg_1.csv,PF_KCW,20,False,,0.15263298654791915,0.04736605338317738,0.16930763167450963,2.2552513708407127,1.0,1.0656478181481361
merged_2021-02-23-21-52-14_seg_1.csv,PF_KCW,50,False,,0.3675245007352299,0.12095361665586966,0.3591061699663276,4.230602124716746,0.9375,1.0557205602526665
merged_2021-02-23-21-52-14_seg_1.csv,PF_KCW,100,True,1150.0,0.8959705720156592,0.29693506787038765,0.7523496935961295,14.290226373102719,0.8391666666666666,1.0567522570490837
merged_2021-02-23-21-52-14_seg_1.csv,PF_KCW,infinity,True,383.0,6.267623378250808e+76,0.6396393650644072,4.210469591954058e+76,3.10247357223415e+79,0.15,0.44134918600320816
merged_2021-02-23-21-52-14_seg_1.csv,J_KCW,1,False,,0.010874537506128613,0.004709133480145983,0.02155420793212518,0.041288884468408366,1.0,1.0722679197788239
merged_2021-02-23-21-52-14_seg_1.csv,J_KCW,5,False,,0.032924676858795396,0.014030647029914448,0.05193389148300106,0.21495878491298864,1.0,1.0744285881519318
merged_2021-02-23-21-52-14_seg_1.csv,J_KCW,10,False,,0.0617408736616393,0.025836015527876222,0.08192068944712082,0.40527812373052663,1.0,1.073246382176876
merged_2021-02-23-21-52-14_seg_1.csv,J_KCW,20,False,,0.11649328654265022,0.05025013180626645,0.1340741177597033,0.9978675007283818,0.9858333333333333,1.0687289088964462
merged_2021-02-23-21-52-14_seg_1.csv,J_KCW,50,False,,0.33949102845835055,0.1264727442446169,0.31942154557183,3.28358475004927,0.8225,1.0655819177627563
merged_2021-02-23-21-52-14_seg_1.csv,J_KCW,100,False,,0.8100886938354229,0.2572712857603251,0.484041759585794,5.53153529159852,0.6216666666666667,1.0694700703024864
merged_2021-02-23-21-52-14_seg_1.csv,J_KCW,infinity,True,455.0,4.405911690053925,1.4697719688942013,4.217420644987607,17.9213006616802,0.09833333333333333,1.075108289718628
merged_2021-02-23-21-52-14_seg_2.csv,PF_KCW,1,False,,0.00977548514169812,0.0007526794433940421,0.011050188372825107,0.019531756329479368,1.0,0.4938565418124199
merged_2021-02-23-21-52-14_seg_2.csv,PF_KCW,5,False,,0.02941454248961048,0.002019370535476041,0.021510343044268933,0.08678800740356943,1.0,0.49191734194755554
merged_2021-02-23-21-52-14_seg_2.csv,PF_KCW,10,False,,0.05332279651545434,0.003485217799686686,0.029898701135352323,0.17084780782487102,1.0,0.4933953285217285
merged_2021-02-23-21-52-14_seg_2.csv,PF_KCW,20,False,,0.1026571301077245,0.006258332601739258,0.04278789546278502,0.34172422816046266,1.0,0.489971786737442
merged_2021-02-23-21-52-14_seg_2.csv,PF_KCW,50,False,,0.2657226725611483,0.016198499819033853,0.07508602416569307,0.8527365970624473,1.0,0.49190400540828705
merged_2021-02-23-21-52-14_seg_2.csv,PF_KCW,100,False,,0.5523090914755414,0.04098113096511827,0.12366789357590327,1.7188147941248233,1.0,0.4928760379552841
merged_2021-02-23-21-52-14_seg_2.csv,PF_KCW,infinity,True,353.0,1.6014922158907466e+128,0.8065986791338353,1.2543455612170108e+128,8.263699833996253e+130,0.3989169675090253,0.46215227246284485
merged_2021-02-23-21-52-14_seg_2.csv,J_KCW,1,False,,0.004059620208524955,0.0005743750713288209,0.011160187248898891,0.010619058293171262,1.0,0.5014711171388626
merged_2021-02-23-21-52-14_seg_2.csv,J_KCW,5,False,,0.011980462568218875,0.0014203799865327785,0.021805169774954086,0.04960052244770205,1.0,0.49662579596042633
merged_2021-02-23-21-52-14_seg_2.csv,J_KCW,10,False,,0.021591040198200316,0.0024040042624025046,0.030529535217397135,0.09259614784047385,1.0,0.4962424859404564
merged_2021-02-23-21-52-14_seg_2.csv,J_KCW,20,False,,0.040418363818104555,0.004306764016345939,0.04391270682673534,0.1367887914664602,1.0,0.4960435554385185
merged_2021-02-23-21-52-14_seg_2.csv,J_KCW,50,False,,0.09317653349028453,0.011806630227081243,0.07917669099919307,0.3063586643446267,1.0,0.4990675076842308
merged_2021-02-23-21-52-14_seg_2.csv,J_KCW,100,False,,0.17565272116098843,0.031230832934278564,0.12403962792794307,0.43747815493121067,1.0,0.4992246553301811
merged_2021-02-23-21-52-14_seg_2.csv,J_KCW,infinity,True,493.0,1.2706315732955453,0.4746328805941138,0.9001819144127827,3.5548458740790703,0.2545126353790614,0.499316468834877
merged_2021-02-23-21-57-38_seg_1.csv,PF_KCW,1,False,,0.0071259271724279085,0.0012153157936763302,0.011106717514247157,0.03349991320208708,1.0,0.6528858840465546
merged_2021-02-23-21-57-38_seg_1.csv,PF_KCW,5,False,,0.02151088938541329,0.0035687043463804077,0.023293329522809048,0.13584893357149952,1.0,0.6499296575784683
merged_2021-02-23-21-57-38_seg_1.csv,PF_KCW,10,False,,0.03907645058756332,0.00649017670443555,0.033016954950123086,0.26979761187208084,1.0,0.6510939970612526
merged_2021-02-23-21-57-38_seg_1.csv,PF_KCW,20,False,,0.07645492649361274,0.012606074000192641,0.04990790294244709,0.49128804252724734,1.0,0.6513359323143959
merged_2021-02-23-21-57-38_seg_1.csv,PF_KCW,50,False,,0.1746232203804204,0.031835965339980316,0.11094132132312096,0.7473272461501544,1.0,0.6518406420946121
merged_2021-02-23-21-57-38_seg_1.csv,PF_KCW,100,False,,0.4104578094026331,0.07076179529603512,0.2164580288210088,1.5589960393195015,1.0,0.6503723785281181
merged_2021-02-23-21-57-38_seg_1.csv,PF_KCW,infinity,True,242.0,4.426027944911561e+72,0.6034359082429674,3.4771291042193654e+72,1.2879741319692642e+75,0.1614654002713704,0.26101234555244446
merged_2021-02-23-21-57-38_seg_1.csv,J_KCW,1,False,,0.004232288796290861,0.0009399585345003402,0.011020973099344323,0.008189628195651265,1.0,0.6617114692926407
merged_2021-02-23-21-57-38_seg_1.csv,J_KCW,5,False,,0.012693543014414192,0.0027067871817498088,0.02275935966533852,0.038905092460668894,1.0,0.6586986631155014
merged_2021-02-23-21-57-38_seg_1.csv,J_KCW,10,False,,0.023169962534644702,0.0048317393252120975,0.03165503255511717,0.0762939611096697,1.0,0.6603003963828087
merged_2021-02-23-21-57-38_seg_1.csv,J_KCW,20,False,,0.04458062024740398,0.009608429429584049,0.04421527254560063,0.13704375793837115,1.0,0.6589639857411385
merged_2021-02-23-21-57-38_seg_1.csv,J_KCW,50,False,,0.11346047409948165,0.02468090269351151,0.085052976753763,0.34171019584394347,1.0,0.6588908061385155
merged_2021-02-23-21-57-38_seg_1.csv,J_KCW,100,False,,0.24316870785187272,0.04854528520438651,0.1460227757233518,1.0416628275406523,0.9240162822252375,0.658026434481144
merged_2021-02-23-21-57-38_seg_1.csv,J_KCW,infinity,True,602.0,2.176582676152794,0.7842462295414123,0.9093480521996821,6.008804821118398,0.13704206241519673,0.6660909950733185
merged_2021-02-23-21-57-38_seg_2.csv,PF_KCW,1,False,,0.015904283285845835,0.0044181945656547195,0.02381462450235877,0.18829725272536457,1.0,1.0855854749679565
merged_2021-02-23-21-57-38_seg_2.csv,PF_KCW,5,False,,0.04645747581322218,0.01310520517414832,0.0605920727029218,0.8558847694816826,1.0,1.0866435766220093
merged_2021-02-23-21-57-38_seg_2.csv,PF_KCW,10,False,,0.08272027466741043,0.02421172423311841,0.09958062271477702,1.688096239810163,1.0,1.0832900032401085
merged_2021-02-23-21-57-38_seg_2.csv,PF_KCW,20,False,,0.1547816924485331,0.04733752917887598,0.1719653308347408,2.5299217910272773,0.9991666666666666,1.0834923163056374
merged_2021-02-23-21-57-38_seg_2.csv,PF_KCW,50,False,,0.3733896878084867,0.12147245269223608,0.36106707299941115,5.408961009529726,0.9308333333333333,1.08036570250988
merged_2021-02-23-21-57-38_seg_2.csv,PF_KCW,100,True,1149.0,0.8641112644010261,0.29494879233108123,0.7141553097852109,12.481679118145774,0.8391666666666666,1.0782175213098526
merged_2021-02-23-21-57-38_seg_2.csv,PF_KCW,infinity,True,399.0,4.2323409341339724e+41,0.6413373573874533,3.636825730562951e+41,2.1923526038813975e+44,0.1675,0.47349264472723007
merged_2021-02-23-21-57-38_seg_2.csv,J_KCW,1,False,,0.010807540186186336,0.004654258889449428,0.02138179265205922,0.04101337984315183,1.0,1.076498106122017
merged_2021-02-23-21-57-38_seg_2.csv,J_KCW,5,False,,0.032127058076517744,0.013835980661493412,0.05190062546562581,0.2161882238046948,1.0,1.0755708664655685
merged_2021-02-23-21-57-38_seg_2.csv,J_KCW,10,False,,0.060246001087406166,0.02541792447200448,0.08058235281885416,0.42222563932303026,1.0,1.0770220458507538
merged_2021-02-23-21-57-38_seg_2.csv,J_KCW,20,False,,0.11827670734985456,0.04943545263224869,0.13066208659231146,0.8266374971326562,0.9916666666666667,1.071401335299015
merged_2021-02-23-21-57-38_seg_2.csv,J_KCW,50,False,,0.3490417995670302,0.12637752033437746,0.3177354892904044,2.885572057410769,0.8016666666666666,1.0691217482089996
merged_2021-02-23-21-57-38_seg_2.csv,J_KCW,100,False,,0.7876590677727755,0.24588342705833335,0.4473503062563831,5.194300168287488,0.6291666666666667,1.072605013847351
merged_2021-02-23-21-57-38_seg_2.csv,J_KCW,infinity,True,629.0,4.212185825826597e+32,0.4551228980161753,7.032539022805053e+32,2.8011035741746872e+35,0.0975,0.6009835079312325
merged_2021-02-23-21-57-38_seg_3.csv,PF_KCW,1,False,,0.011431774756517469,0.0007748145916605173,0.012022768296813254,0.05032034636741486,1.0,0.59079260379076
merged_2021-02-23-21-57-38_seg_3.csv,PF_KCW,5,False,,0.03466701648129264,0.0021287672869996833,0.024548837714200536,0.16210108294412717,1.0,0.5857435017824173
merged_2021-02-23-21-57-38_seg_3.csv,PF_KCW,10,False,,0.06385921727398636,0.003888777769169555,0.034711267698511614,0.22916371070889377,1.0,0.5863927230238914
merged_2021-02-23-21-57-38_seg_3.csv,PF_KCW,20,False,,0.12189477757301355,0.007650641658006385,0.05512016967417833,0.3992963367706463,1.0,0.5870287120342255
merged_2021-02-23-21-57-38_seg_3.csv,PF_KCW,50,False,,0.3085517166445504,0.02273008655514908,0.1013423412845556,1.1241140637741247,1.0,0.5870765224099159
merged_2021-02-23-21-57-38_seg_3.csv,PF_KCW,100,False,,0.6802891863340461,0.05711659960651085,0.1463437648588689,2.4951357213843552,1.0,0.5865414515137672
merged_2021-02-23-21-57-38_seg_3.csv,PF_KCW,infinity,True,358.0,1.1295311696389719e+60,0.7606668511866923,7.939469260234077e+59,5.692837094980418e+62,0.3151515151515151,0.4562966451048851
merged_2021-02-23-21-57-38_seg_3.csv,J_KCW,1,False,,0.005687695028165153,0.0006353658415612425,0.012029349229432452,0.056619788925714086,1.0,0.5935578346252441
merged_2021-02-23-21-57-38_seg_3.csv,J_KCW,5,False,,0.016733929749819645,0.0016732436584085183,0.024381693698339264,0.16635204571005344,1.0,0.5890025272965431
merged_2021-02-23-21-57-38_seg_3.csv,J_KCW,10,False,,0.02996816587272583,0.003000203876939659,0.033538472376924686,0.1918002467320614,1.0,0.5917796045541763
merged_2021-02-23-21-57-38_seg_3.csv,J_KCW,20,False,,0.05712030158018652,0.005838389318673176,0.05230759408373828,0.37593650161336023,1.0,0.5892797037959099
merged_2021-02-23-21-57-38_seg_3.csv,J_KCW,50,False,,0.13042257458368667,0.017831356666073914,0.09426297638181917,0.8815174251568412,0.9621212121212122,0.5857512801885605
merged_2021-02-23-21-57-38_seg_3.csv,J_KCW,100,False,,0.2555428425373185,0.041156472461047644,0.13247218262349117,1.059526662298279,0.906060606060606,0.588594451546669
merged_2021-02-23-21-57-38_seg_3.csv,J_KCW,infinity,True,555.0,1.306071662110106,0.6351258929265495,0.8280384396720201,6.178545593054636,0.20909090909090908,0.5915918424725533
merged_2021-02-23-22-03-52_seg_1.csv,PF_KCW,1,False,,0.015138871965372901,0.002769328723325607,0.011646297202465563,0.04326641397126791,1.0,0.7110296785831451
merged_2021-02-23-22-03-52_seg_1.csv,PF_KCW,5,False,,0.04652041053454615,0.008267786300225828,0.02401051888537563,0.2214024867504426,1.0,0.7076869532465935
merged_2021-02-23-22-03-52_seg_1.csv,PF_KCW,10,False,,0.08827216611912611,0.015107978484934153,0.03488801175581511,0.4426931267975473,1.0,0.7108089551329613
merged_2021-02-23-22-03-52_seg_1.csv,PF_KCW,20,False,,0.18304042099744702,0.028962109434634505,0.0535818328445586,0.889226762526851,1.0,0.7082579359412193
merged_2021-02-23-22-03-52_seg_1.csv,PF_KCW,50,False,,0.593184338291813,0.07003811030462716,0.14549468717063885,4.408178778416899,0.97375,0.7065590098500252
merged_2021-02-23-22-03-52_seg_1.csv,PF_KCW,100,True,483.0,2.394694242322159,0.16498415932635008,0.8384930853599214,23.97640140617895,0.735,0.7071686461567879
merged_2021-02-23-22-03-52_seg_1.csv,PF_KCW,infinity,True,159.0,1.0534102797410483e+34,1.5653747356959204,7.716332215029094e+33,4.0029590630159834e+36,0.085,0.3393668159842491
merged_2021-02-23-22-03-52_seg_1.csv,J_KCW,1,False,,0.0037515858545797334,0.002243077489035556,0.012673355678369313,0.01103654705996164,1.0,0.7060553357005119
merged_2021-02-23-22-03-52_seg_1.csv,J_KCW,5,False,,0.01107533136099492,0.006718817136873022,0.026010928883839143,0.04709996358888205,1.0,0.7066074907779694
merged_2021-02-23-22-03-52_seg_1.csv,J_KCW,10,False,,0.019960988273114825,0.012202019475905664,0.037538757435852575,0.08437827161231293,1.0,0.7020018622279167
merged_2021-02-23-22-03-52_seg_1.csv,J_KCW,20,False,,0.038764978756400385,0.023228309918049028,0.053968634633135865,0.145877011634559,1.0,0.7030341625213623
merged_2021-02-23-22-03-52_seg_1.csv,J_KCW,50,False,,0.108574850360904,0.05757882689182193,0.1137730445229233,0.4155224887555259,1.0,0.7045706138014793
merged_2021-02-23-22-03-52_seg_1.csv,J_KCW,100,False,,0.3053518967020192,0.12014014787921518,0.24277218928217514,1.150080721124144,0.84375,0.7089472711086273
merged_2021-02-23-22-03-52_seg_1.csv,J_KCW,infinity,True,522.0,7.668606362549485e+148,0.7521983646148858,1.8159508613965464e+149,4.210064893039667e+151,0.07875,0.48811277002096176
merged_2021-02-23-22-03-52_seg_2.csv,PF_KCW,1,False,,0.014642298515830446,0.004291671418028303,0.013719544474341138,0.042916864614988906,1.0,1.0631808564066887
merged_2021-02-23-22-03-52_seg_2.csv,PF_KCW,5,False,,0.04479365729374654,0.01281428279008616,0.03185583089875703,0.21714708372973082,1.0,1.062301255762577
merged_2021-02-23-22-03-52_seg_2.csv,PF_KCW,10,False,,0.08422457325989652,0.023441533468008487,0.04678485284260222,0.4488369705024691,1.0,1.066213384270668
merged_2021-02-23-22-03-52_seg_2.csv,PF_KCW,20,False,,0.17169833030994577,0.04446658179953612,0.07118285736271451,0.9580286838147761,1.0,1.0638521313667297
merged_2021-02-23-22-03-52_seg_2.csv,PF_KCW,50,False,,0.5153471624075343,0.10824904392059205,0.18961279854645843,3.018169605033397,0.985,1.064594879746437
merged_2021-02-23-22-03-52_seg_2.csv,PF_KCW,100,True,791.0,1.5412536437741293,0.24315231861009717,0.5891602867852787,18.22478679812272,0.7908333333333334,1.0754817053675652
merged_2021-02-23-22-03-52_seg_2.csv,PF_KCW,infinity,True,325.0,inf,1.297035889780093,inf,inf,0.09333333333333334,0.43525388091802597
merged_2021-02-23-22-03-52_seg_2.csv,J_KCW,1,False,,0.0038860095126349893,0.003719733501262646,0.01534231864831191,0.012454141894358901,1.0,1.0712071880698204
merged_2021-02-23-22-03-52_seg_2.csv,J_KCW,5,False,,0.011661248291533801,0.011104788919807564,0.03593600866297282,0.048968653075930665,1.0,1.0600385144352913
merged_2021-02-23-22-03-52_seg_2.csv,J_KCW,10,False,,0.02193452621146225,0.020323794480830156,0.05231092812871124,0.1045358823747303,1.0,1.0580675303936005
merged_2021-02-23-22-03-52_seg_2.csv,J_KCW,20,False,,0.046354680273944474,0.038529619519828924,0.07510628035081869,0.2783882463943474,1.0,1.0610507503151894
merged_2021-02-23-22-03-52_seg_2.csv,J_KCW,50,False,,0.15602729459284084,0.09244027340355795,0.1710342989850486,1.2054450615089407,0.9666666666666667,1.066234715282917
merged_2021-02-23-22-03-52_seg_2.csv,J_KCW,100,False,,0.4562554407733946,0.17708104048760873,0.30113783095030794,2.7868156439696503,0.7016666666666667,1.0809981301426888
merged_2021-02-23-22-03-52_seg_2.csv,J_KCW,infinity,True,321.0,5.634620020131982,1.4719888988772867,1.3737918317957956,8.41986927204933,0.060833333333333336,1.0782391056418419
merged_2021-02-23-22-03-52_seg_3.csv,PF_KCW,1,False,,0.01614564111397494,0.0016407561749248944,0.011742744269080951,0.03272479330498218,1.0,0.44657039642333984
merged_2021-02-23-22-03-52_seg_3.csv,PF_KCW,5,False,,0.048795815045381594,0.0049182824812623845,0.024455581355395987,0.14985038254338778,1.0,0.44529005885124207
merged_2021-02-23-22-03-52_seg_3.csv,PF_KCW,10,False,,0.09101926975167267,0.009099194164718674,0.036710364404737454,0.31333075922883047,1.0,0.44736285507678986
merged_2021-02-23-22-03-52_seg_3.csv,PF_KCW,20,False,,0.17989131498805305,0.01826670676130088,0.05825952916378911,0.5929248179947477,1.0,0.44840849190950394
merged_2021-02-23-22-03-52_seg_3.csv,PF_KCW,50,False,,0.4777789195762112,0.052352110347780735,0.10233570289403159,1.6584754715000465,1.0,0.44484131783246994
merged_2021-02-23-22-03-52_seg_3.csv,PF_KCW,100,False,,1.0684439989350154,0.13704555041565172,0.2117227578560839,3.7718360350500624,0.8754940711462451,0.4455971047282219
merged_2021-02-23-22-03-52_seg_3.csv,PF_KCW,infinity,True,276.0,inf,0.9941685576561882,inf,inf,0.30632411067193677,0.36084237694740295
merged_2021-02-23-22-03-52_seg_3.csv,J_KCW,1,False,,0.00505490033194932,0.0008924474893562075,0.01179776881554125,0.013474314878893024,1.0,0.47130627930164337
merged_2021-02-23-22-03-52_seg_3.csv,J_KCW,5,False,,0.015023790865607026,0.0025360182833256257,0.024581771936526418,0.06177044971878928,1.0,0.46210967749357224
merged_2021-02-23-22-03-52_seg_3.csv,J_KCW,10,False,,0.027098909048897106,0.004418293848521669,0.03640976080060679,0.09018494050139257,1.0,0.4567728638648987
merged_2021-02-23-22-03-52_seg_3.csv,J_KCW,20,False,,0.05059395854496127,0.008471577178274712,0.05655260328270603,0.16633965092488406,1.0,0.44722168892621994
merged_2021-02-23-22-03-52_seg_3.csv,J_KCW,50,False,,0.12063617666887284,0.021412547904228835,0.10555353235676382,0.3499537681837596,1.0,0.4478703886270523
merged_2021-02-23-22-03-52_seg_3.csv,J_KCW,100,False,,0.23746811415930671,0.058127989365122326,0.2141225186981132,0.6717609797249394,0.9308300395256917,0.4463341012597084
merged_2021-02-23-22-03-52_seg_3.csv,J_KCW,infinity,True,258.0,2.9376871360819674,1.24914214603466,2.4131336172161757,6.939245018466199,0.22134387351778656,0.47141025960445404
merged_2021-02-23-22-19-12_seg_1.csv,PF_KCW,1,False,,0.009233557582094385,0.0013305705007763233,0.012015519687809234,0.030344175418360597,1.0,0.6766985282301903
merged_2021-02-23-22-19-12_seg_1.csv,PF_KCW,5,False,,0.027814775385150193,0.00389946733664147,0.0248393013872938,0.1443967658992669,1.0,0.6729663908481598
merged_2021-02-23-22-19-12_seg_1.csv,PF_KCW,10,False,,0.05100735800592601,0.007022797703663157,0.03491648744539517,0.293633802080265,1.0,0.6765237227082253
merged_2021-02-23-22-19-12_seg_1.csv,PF_KCW,20,False,,0.10027846971614156,0.013582394655567511,0.052672911840149876,0.516862602455718,1.0,0.684142455458641
merged_2021-02-23-22-19-12_seg_1.csv,PF_KCW,50,False,,0.23597401971075038,0.03652788387735009,0.11172355424252786,1.1730367972668803,1.0,0.6777813360095024
merged_2021-02-23-22-19-12_seg_1.csv,PF_KCW,100,False,,0.5546290751124147,0.09666759138168825,0.22149223855420166,3.3493088977038914,0.9790849673202614,0.6813755854964256
merged_2021-02-23-22-19-12_seg_1.csv,PF_KCW,infinity,True,242.0,inf,0.6909975885689297,inf,inf,0.15555555555555556,0.2688665837049484
merged_2021-02-23-22-19-12_seg_1.csv,J_KCW,1,False,,0.003671674743523409,0.0009539889720608288,0.011946595739349726,0.008328867737265797,1.0,0.7080025598406792
merged_2021-02-23-22-19-12_seg_1.csv,J_KCW,5,False,,0.010932452085631853,0.002723931878777019,0.024565682297250934,0.039809223264446816,1.0,0.7001476138830185
merged_2021-02-23-22-19-12_seg_1.csv,J_KCW,10,False,,0.019978262305056428,0.004897792510765774,0.033719284194605015,0.07195472182181897,1.0,0.7031991556286812
merged_2021-02-23-22-19-12_seg_1.csv,J_KCW,20,False,,0.0387055595988412,0.009422295396700614,0.04735817605243982,0.13274178884381993,1.0,0.676819272339344
merged_2021-02-23-22-19-12_seg_1.csv,J_KCW,50,False,,0.09977702076550267,0.025292636361909447,0.09311956411576705,0.30776950356481503,1.0,0.6792789846658707
merged_2021-02-23-22-19-12_seg_1.csv,J_KCW,100,False,,0.21485617806083923,0.06228270469413021,0.1740708182507125,1.1107310519742222,0.9594771241830066,0.6800416633486748
merged_2021-02-23-22-19-12_seg_1.csv,J_KCW,infinity,True,462.0,3.5728450709982047,0.9496180086829581,1.5373662945492943,10.426242554325228,0.13986928104575164,0.7151141986250877
merged_2021-02-23-22-19-12_seg_2.csv,PF_KCW,1,False,,0.015208746207600363,0.004497543409320712,0.02410767283127187,0.1722278409896465,1.0,1.061999373137951
merged_2021-02-23-22-19-12_seg_2.csv,PF_KCW,5,False,,0.04445391565215369,0.013252639342084746,0.06011628696538246,0.8237261623731366,1.0,1.0600992366671562
merged_2021-02-23-22-19-12_seg_2.csv,PF_KCW,10,False,,0.07976347439055582,0.02416998057037174,0.09555956636033817,1.553222877682144,1.0,1.0562718138098717
merged_2021-02-23-22-19-12_seg_2.csv,PF_KCW,20,False,,0.1506013600221561,0.047101107430493956,0.16646419620709108,2.591091824549914,0.9983333333333333,1.06269371509552
merged_2021-02-23-22-19-12_seg_2.csv,PF_KCW,50,False,,0.3599052650072806,0.11899696338083475,0.36475099584466886,5.539640956259629,0.9333333333333333,1.0595321282744408
merged_2021-02-23-22-19-12_seg_2.csv,PF_KCW,100,True,1150.0,0.8662913607625091,0.27224862188655446,0.6101672291781264,17.16949586300723,0.8525,1.0630491375923157
merged_2021-02-23-22-19-12_seg_2.csv,PF_KCW,infinity,True,393.0,inf,0.6329751571443237,inf,inf,0.16583333333333333,0.45301956683397293
merged_2021-02-23-22-19-12_seg_2.csv,J_KCW,1,False,,0.010790299354829534,0.004773660975237926,0.021891020725686907,0.04042163590013919,1.0,1.0883223935961723
merged_2021-02-23-22-19-12_seg_2.csv,J_KCW,5,False,,0.032228012681729215,0.01411774820004797,0.052365376763949506,0.20195186359689332,1.0,1.0723024606704712
merged_2021-02-23-22-19-12_seg_2.csv,J_KCW,10,False,,0.05991373993938789,0.025883852236661092,0.08225644611480318,0.48465342142237655,1.0,1.0703992620110512
merged_2021-02-23-22-19-12_seg_2.csv,J_KCW,20,False,,0.11909280246294275,0.04998378970541703,0.13604519228470593,1.2668605435369384,0.9866666666666667,1.07342017441988
merged_2021-02-23-22-19-12_seg_2.csv,J_KCW,50,False,,0.3463407443462942,0.12674464968660756,0.3282098507601666,3.476711348408078,0.8358333333333333,1.072290726006031
merged_2021-02-23-22-19-12_seg_2.csv,J_KCW,100,False,,0.7894873374933501,0.2412176123310807,0.4367524974132607,5.629636651433028,0.6641666666666667,1.0777189880609512
merged_2021-02-23-22-19-12_seg_2.csv,J_KCW,infinity,True,617.0,inf,0.5376203373965834,inf,inf,0.10166666666666667,0.5929685458540916
merged_2021-02-23-22-19-12_seg_3.csv,PF_KCW,1,False,,0.011006810007883751,0.000895767511023766,0.012400397205113683,0.02333648560804913,1.0,0.5202696844935417
merged_2021-02-23-22-19-12_seg_3.csv,PF_KCW,5,False,,0.03288376034143764,0.0025507346280638186,0.026273027978494966,0.10727927345498825,1.0,0.5172718986868858
merged_2021-02-23-22-19-12_seg_3.csv,PF_KCW,10,False,,0.06025491510268404,0.004565069726006778,0.039813129469301316,0.20608145492664226,1.0,0.5186179056763649
merged_2021-02-23-22-19-12_seg_3.csv,PF_KCW,20,False,,0.11497029437039141,0.008871732344422463,0.06737596926896405,0.3752315309865256,1.0,0.5185592994093895
merged_2021-02-23-22-19-12_seg_3.csv,PF_KCW,50,False,,0.27715056522454945,0.025907965283245037,0.14220000205431224,0.9137909193341144,1.0,0.5225613787770271
merged_2021-02-23-22-19-12_seg_3.csv,PF_KCW,100,False,,0.579478867586644,0.06826979270382129,0.21192585352100715,1.948408786028502,1.0,0.5182672142982483
merged_2021-02-23-22-19-12_seg_3.csv,PF_KCW,infinity,True,328.0,inf,0.9502780520336528,inf,inf,0.4395229982964225,0.49059074372053146
merged_2021-02-23-22-19-12_seg_3.csv,J_KCW,1,False,,0.0038893822089007828,0.0007120639080520036,0.012128891375833301,0.01607539014210708,1.0,0.518985390663147
merged_2021-02-23-22-19-12_seg_3.csv,J_KCW,5,False,,0.011453890916683996,0.001937038948298259,0.02495679462284242,0.06685418460845878,1.0,0.5181410685181618
merged_2021-02-23-22-19-12_seg_3.csv,J_KCW,10,False,,0.020488901426725763,0.0034270562891558867,0.03669924824338205,0.12666624711757493,1.0,0.5183045864105225
merged_2021-02-23-22-19-12_seg_3.csv,J_KCW,20,False,,0.03822379742442271,0.006764071460435089,0.059780132312412144,0.23617044477286886,1.0,0.5261569023132324
merged_2021-02-23-22-19-12_seg_3.csv,J_KCW,50,False,,0.0975148918299803,0.020642153765729518,0.12134111916926081,0.4527621482917947,1.0,0.5186658725142479
merged_2021-02-23-22-19-12_seg_3.csv,J_KCW,100,False,,0.22475193092521847,0.053696906377478155,0.17832374075036486,0.7865998966237443,0.919931856899489,0.5193695947527885
merged_2021-02-23-22-19-12_seg_3.csv,J_KCW,infinity,True,370.0,1.2367111028119318,0.9633050178507061,1.2163670309422432,4.245571601558234,0.21976149914821125,0.5250217914581299
merged_2021-02-23-22-26-25_seg_1.csv,PF_KCW,1,False,,0.03385598039159672,0.009117973923345206,0.051408043759354344,0.1155023279707997,1.0,0.3243766129016876
merged_2021-02-23-22-26-25_seg_1.csv,PF_KCW,5,False,,0.10177589873133262,0.027075733261061417,0.14421580511599497,0.5714748683046839,1.0,0.3204762265086174
merged_2021-02-23-22-26-25_seg_1.csv,PF_KCW,10,False,,0.1870040312801189,0.04914230665786386,0.27054837198245335,1.2167970438611058,1.0,0.32150236517190933
merged_2021-02-23-22-26-25_seg_1.csv,PF_KCW,20,False,,0.3587897535832874,0.09250322248631594,0.3977725035774032,2.1465493267432705,0.9916897506925207,0.320087768137455
merged_2021-02-23-22-26-25_seg_1.csv,PF_KCW,50,False,,1.1874204669276054,0.19857967460070103,0.7013909626450021,7.692864242290815,0.778393351800554,0.32029129564762115
merged_2021-02-23-22-26-25_seg_1.csv,PF_KCW,100,True,180.0,4.234438104123763,0.3814110121548884,1.5924825636041877,35.08748718931112,0.5290858725761773,0.31972363591194153
merged_2021-02-23-22-26-25_seg_1.csv,PF_KCW,infinity,True,178.0,8.300875086777175,1.290013999919108,1.3016400313855914,20.77285512283794,0.2077562326869806,0.3229845315217972
merged_2021-02-23-22-26-25_seg_1.csv,J_KCW,1,False,,0.011884799234076777,0.009226527338062297,0.05475192947923215,0.0518824534261755,1.0,0.3201158419251442
merged_2021-02-23-22-26-25_seg_1.csv,J_KCW,5,False,,0.03652974516154972,0.02761651458785201,0.15413886912972213,0.27275481503267957,1.0,0.31889835745096207
merged_2021-02-23-22-26-25_seg_1.csv,J_KCW,10,False,,0.07121123859698009,0.05080671999817014,0.28637460192480063,0.5923322020569548,0.997229916897507,0.3193485215306282
merged_2021-02-23-22-26-25_seg_1.csv,J_KCW,20,False,,0.14927950693877134,0.09560604665451443,0.4338406308742055,1.1470989824295923,0.9196675900277008,0.3181554079055786
merged_2021-02-23-22-26-25_seg_1.csv,J_KCW,50,False,,0.4675890905656834,0.2238190152210654,0.8789493629416203,3.0381418164018186,0.7506925207756233,0.31837016344070435
merged_2021-02-23-22-26-25_seg_1.csv,J_KCW,100,False,,1.3616315870008697,0.4329999018285457,1.495502304185437,4.945243463681298,0.5069252077562327,0.319289967417717
merged_2021-02-23-22-26-25_seg_1.csv,J_KCW,infinity,True,233.0,3.224103633756672,1.0894640711427295,2.2354637028613302,7.391289048356071,0.2077562326869806,0.32237525284290314
merged_2021-02-23-22-26-25_seg_3.csv,PF_KCW,1,False,,0.014878095609382944,0.00145844304972541,0.01170178949192167,0.02938851666755954,1.0,0.4544316902756691
merged_2021-02-23-22-26-25_seg_3.csv,PF_KCW,5,False,,0.045055304721214155,0.004266158142772306,0.023374978506706143,0.13988398835735372,1.0,0.44365881383419037
merged_2021-02-23-22-26-25_seg_3.csv,PF_KCW,10,False,,0.08413536688921809,0.007785615561936623,0.03257328504909947,0.27202591224069816,1.0,0.44358693063259125
merged_2021-02-23-22-26-25_seg_3.csv,PF_KCW,20,False,,0.16751177265724676,0.014552077809714648,0.048591691282518085,0.5592512682226932,1.0,0.4468519315123558
merged_2021-02-23-22-26-25_seg_3.csv,PF_KCW,50,False,,0.45454043720113524,0.04106635392543901,0.09225293873273308,1.739498159008085,1.0,0.4465445876121521
merged_2021-02-23-22-26-25_seg_3.csv,PF_KCW,100,False,,1.049062807410647,0.10157200358226588,0.17236744831160802,4.2742619296171425,0.8784860557768924,0.44593898952007294
merged_2021-02-23-22-26-25_seg_3.csv,PF_KCW,infinity,True,266.0,6.053502959711808,1.275764740029704,1.623350853730565,32.01384319572574,0.3047808764940239,0.45091836154460907
merged_2021-02-23-22-26-25_seg_3.csv,J_KCW,1,False,,0.003849858422989182,0.0017098715265643357,0.012456978896092834,0.007052487897360621,1.0,0.44804443418979645
merged_2021-02-23-22-26-25_seg_3.csv,J_KCW,5,False,,0.011418060601658788,0.005015527322251621,0.026152851583940758,0.028534935762698856,1.0,0.44333168864250183
merged_2021-02-23-22-26-25_seg_3.csv,J_KCW,10,False,,0.020900655886261513,0.009110773828511783,0.03800104129906765,0.05526729772440256,1.0,0.44531679153442383
merged_2021-02-23-22-26-25_seg_3.csv,J_KCW,20,False,,0.03992690223501932,0.01740486544708534,0.06054633254630497,0.10614792353663341,1.0,0.4461694732308388
merged_2021-02-23-22-26-25_seg_3.csv,J_KCW,50,False,,0.09920827027565303,0.045635979774089966,0.12218910493660845,0.2764210969242061,1.0,0.46120332181453705
merged_2021-02-23-22-26-25_seg_3.csv,J_KCW,100,False,,0.24008171071489584,0.11143090574933529,0.22546090015038472,0.769333018405992,0.9183266932270916,0.4601689875125885
merged_2021-02-23-22-26-25_seg_3.csv,J_KCW,infinity,True,283.0,3.873578619194507,1.3638042786251567,1.0269861730644336,9.304779979159283,0.18326693227091634,0.44646067917346954
merged_2021-02-23-22-33-54_seg_1.csv,PF_KCW,1,False,,0.010438196662519297,0.0007811266335593374,0.00885153559083301,0.029483088088912524,1.0,0.19095461070537567
merged_2021-02-23-22-33-54_seg_1.csv,PF_KCW,5,False,,0.03149679619904895,0.0022710066097638482,0.016988857659764992,0.13698080668336188,1.0,0.19021343439817429
merged_2021-02-23-22-33-54_seg_1.csv,PF_KCW,10,False,,0.059441366729234286,0.004035556101344874,0.02496758556361364,0.2799166981990171,1.0,0.19029703736305237
merged_2021-02-23-22-33-54_seg_1.csv,PF_KCW,20,False,,0.11748403351132267,0.007974372650779342,0.040028631969256295,0.5148247194063201,1.0,0.19279541820287704
merged_2021-02-23-22-33-54_seg_1.csv,PF_KCW,50,False,,0.23004127633664276,0.019165061184099847,0.060698535491069246,0.7292413843305116,1.0,0.19632143527269363
merged_2021-02-23-22-33-54_seg_1.csv,PF_KCW,100,False,,0.4965365760221543,0.04509305148412344,0.1180172468640493,1.22659250562248,1.0,0.19581618160009384
merged_2021-02-23-22-33-54_seg_1.csv,PF_KCW,infinity,False,,2.035585624385788,0.2124596103283676,0.46516419312494883,7.478039238058061,0.6308411214953271,0.18978779017925262
merged_2021-02-23-22-33-54_seg_1.csv,J_KCW,1,False,,0.004183918305303864,0.0005541240845321367,0.008887876366486653,0.00791715782586975,1.0,0.19916295260190964
merged_2021-02-23-22-33-54_seg_1.csv,J_KCW,5,False,,0.012380802841215345,0.0015311384459505166,0.017386730543719257,0.03779327183506819,1.0,0.19537944346666336
merged_2021-02-23-22-33-54_seg_1.csv,J_KCW,10,False,,0.022286799923541156,0.0028159882301341853,0.025234085047617764,0.07271789419988987,1.0,0.19497525691986084
merged_2021-02-23-22-33-54_seg_1.csv,J_KCW,20,False,,0.04223060238508775,0.00537784368787431,0.03954313278301976,0.1378814885228431,1.0,0.1918652579188347
merged_2021-02-23-22-33-54_seg_1.csv,J_KCW,50,False,,0.09553227681962766,0.015364529400560331,0.04762676018131298,0.3249250395139688,1.0,0.19133871048688889
merged_2021-02-23-22-33-54_seg_1.csv,J_KCW,100,False,,0.1546838039667599,0.022669391820047784,0.07827348400608047,0.4212887628023847,1.0,0.19122134149074554
merged_2021-02-23-22-33-54_seg_1.csv,J_KCW,infinity,False,,0.4248602728496628,0.045793937726834634,0.1186732845765469,1.03379472627925,0.6448598130841121,0.2005627229809761
merged_2021-02-23-22-33-54_seg_2.csv,PF_KCW,1,False,,0.004804273605806454,0.0016243716560058112,0.0102356968105235,0.01597153537534498,1.0,0.4970942586660385
merged_2021-02-23-22-33-54_seg_2.csv,PF_KCW,5,False,,0.014238492282743036,0.0047802084933579285,0.020707091087467714,0.07344145578425114,1.0,0.4867385923862457
merged_2021-02-23-22-33-54_seg_2.csv,PF_KCW,10,False,,0.026854672700248425,0.00865006725703223,0.030478412949307303,0.13503503976576273,1.0,0.4873782768845558
merged_2021-02-23-22-33-54_seg_2.csv,PF_KCW,20,False,,0.05375012695981771,0.016731697531685543,0.04937886706015832,0.283662653141409,1.0,0.4877501353621483
merged_2021-02-23-22-33-54_seg_2.csv,PF_KCW,50,False,,0.16052992967831428,0.03823025809564452,0.10589998741522141,0.7374676477105437,1.0,0.48754948377609253
merged_2021-02-23-22-33-54_seg_2.csv,PF_KCW,100,False,,0.43456685124266853,0.06839513267785309,0.23752544844388326,2.083768511121897,1.0,0.4847026914358139
merged_2021-02-23-22-33-54_seg_2.csv,PF_KCW,infinity,True,322.0,7.03850499932095e+90,0.7937152992952896,5.4202278416292745e+90,3.2447508046869577e+93,0.49177330895795246,0.42607899755239487
merged_2021-02-23-22-33-54_seg_2.csv,J_KCW,1,False,,0.0043215640959801726,0.001220102608145632,0.010309864647160195,0.0077433114162580715,1.0,0.5011533051729202
merged_2021-02-23-22-33-54_seg_2.csv,J_KCW,5,False,,0.012904607607181156,0.003542901479830139,0.020992421420596485,0.03639287828436777,1.0,0.4876295030117035
merged_2021-02-23-22-33-54_seg_2.csv,J_KCW,10,False,,0.023520167627632014,0.0063415131651720765,0.03137350806954295,0.06671310561017861,1.0,0.4887939542531967
merged_2021-02-23-22-33-54_seg_2.csv,J_KCW,20,False,,0.04488707689602666,0.012120511308979393,0.05077287724379653,0.12655304836398676,1.0,0.4880998060107231
merged_2021-02-23-22-33-54_seg_2.csv,J_KCW,50,False,,0.12108526433509344,0.028437920947148674,0.09682710229346232,0.3999972006529788,1.0,0.48861879855394363
merged_2021-02-23-22-33-54_seg_2.csv,J_KCW,100,False,,0.2693317643970224,0.0510166701611926,0.1961273161932231,0.9765087798803807,0.9104204753199269,0.4905155152082443
merged_2021-02-23-22-33-54_seg_2.csv,J_KCW,infinity,True,307.0,inf,0.6563249204783084,inf,inf,0.2376599634369287,0.3744858354330063
merged_2021-02-23-22-33-54_seg_3.csv,PF_KCW,1,False,,0.0051251114577451524,0.0008015321897695616,0.011666758947601002,0.015409176992612647,1.0,1.0652166157960892
merged_2021-02-23-22-33-54_seg_3.csv,PF_KCW,5,False,,0.015199619861809616,0.002346046605149349,0.024290388723547666,0.07109141684078506,1.0,1.0591353327035904
merged_2021-02-23-22-33-54_seg_3.csv,PF_KCW,10,False,,0.027304397693732742,0.0043037858471248955,0.032952022755972116,0.13592050520982402,1.0,1.0589385256171227
merged_2021-02-23-22-33-54_seg_3.csv,PF_KCW,20,False,,0.05149514736754961,0.008290456014086707,0.04603435786297038,0.24086178645122766,1.0,1.0605220198631287
merged_2021-02-23-22-33-54_seg_3.csv,PF_KCW,50,False,,0.14307820467871976,0.023829564281989173,0.07823766530250807,0.6485837739394554,1.0,1.0617871806025505
merged_2021-02-23-22-33-54_seg_3.csv,PF_KCW,100,False,,0.33563746276435685,0.05593285170237159,0.11736620917275263,1.5945077508344365,1.0,1.060468003153801
merged_2021-02-23-22-33-54_seg_3.csv,PF_KCW,infinity,True,320.0,2.3636845876417515e+146,0.8472331510357504,1.748301136587587e+146,9.998385805724608e+148,0.19666666666666666,0.3788963556289673
merged_2021-02-23-22-33-54_seg_3.csv,J_KCW,1,False,,0.0038138696722496337,0.0006778711154261303,0.011663723440623138,0.006785856593829021,1.0,1.0653464943170547
merged_2021-02-23-22-33-54_seg_3.csv,J_KCW,5,False,,0.011328094033214617,0.001930534467223888,0.024294547291773962,0.030200857069098398,1.0,1.0606231912970543
merged_2021-02-23-22-33-54_seg_3.csv,J_KCW,10,False,,0.020625620857666373,0.0035033816409770777,0.032894290835662025,0.05745781907016796,1.0,1.0610359087586403
merged_2021-02-23-22-33-54_seg_3.csv,J_KCW,20,False,,0.039056263020429256,0.006554691596655613,0.04569915904819869,0.1081096932391371,1.0,1.0609048679471016
merged_2021-02-23-22-33-54_seg_3.csv,J_KCW,50,False,,0.09738103519252106,0.017691707936905363,0.07939368885986414,0.28446064907770086,1.0,1.0594629049301147
merged_2021-02-23-22-33-54_seg_3.csv,J_KCW,100,False,,0.20199856756288775,0.04143785689524176,0.12927000053419982,0.7326180856787868,0.9891666666666666,1.0593087151646614
merged_2021-02-23-22-33-54_seg_3.csv,J_KCW,infinity,True,323.0,4.868312384689682,1.4323639121694411,1.4676407054687903,8.43779841262157,0.13416666666666666,1.0677708759903908
merged_2021-02-23-22-33-54_seg_4.csv,PF_KCW,1,False,,0.009052852448944732,0.001254857949564885,0.011688037393633222,0.0180284270644109,1.0,0.41921618580818176
merged_2021-02-23-22-33-54_seg_4.csv,PF_KCW,5,False,,0.02734244945234806,0.003814063247571594,0.02448593892002498,0.08498303917851086,1.0,0.42053281515836716
merged_2021-02-23-22-33-54_seg_4.csv,PF_KCW,10,False,,0.05108641608463883,0.0071590100776378505,0.03303309777463093,0.16619736140894642,1.0,0.418026365339756
merged_2021-02-23-22-33-54_seg_4.csv,PF_KCW,20,False,,0.09996612397165894,0.014444397910962973,0.04873620873583896,0.3324576212621147,1.0,0.41732367128133774
merged_2021-02-23-22-33-54_seg_4.csv,PF_KCW,50,False,,0.2734178684908124,0.04105770838974002,0.09185885955979363,1.0745855590012758,1.0,0.41755595058202744
merged_2021-02-23-22-33-54_seg_4.csv,PF_KCW,100,False,,0.6509525695019233,0.09611246409037931,0.15025247905055142,2.1005715965986966,1.0,0.4177154451608658
merged_2021-02-23-22-33-54_seg_4.csv,PF_KCW,infinity,True,373.0,5.361235050097044,0.9644676082282584,0.6940497326538628,10.95285465313624,0.3199152542372881,0.4202335700392723
merged_2021-02-23-22-33-54_seg_4.csv,J_KCW,1,False,,0.00616454659220071,0.001569907943669815,0.012615683798431936,0.013426268506288771,1.0,0.4233970493078232
merged_2021-02-23-22-33-54_seg_4.csv,J_KCW,5,False,,0.01841322362582323,0.004825810236366202,0.02772896969256962,0.05910728693247156,1.0,0.4191666468977928
merged_2021-02-23-22-33-54_seg_4.csv,J_KCW,10,False,,0.03392898961397898,0.009170295360795612,0.04150378817615239,0.11432670671182588,1.0,0.4197886288166046
merged_2021-02-23-22-33-54_seg_4.csv,J_KCW,20,False,,0.06471135757549597,0.018602544192274053,0.06561285986235578,0.21419189480915912,1.0,0.4195607155561447
merged_2021-02-23-22-33-54_seg_4.csv,J_KCW,50,False,,0.16220661529081778,0.053478407061447915,0.1268810093886909,0.4957109420535584,1.0,0.4202100411057472
merged_2021-02-23-22-33-54_seg_4.csv,J_KCW,100,False,,0.37606695192388867,0.12036198919899656,0.16407196568680787,1.5099608384831376,0.7754237288135594,0.42048416286706924
merged_2021-02-23-22-33-54_seg_4.csv,J_KCW,infinity,True,284.0,2.153934758703227,0.9915233107777128,1.3726493927605836,4.1207679475782335,0.22245762711864406,0.42388151586055756
merged_2021-02-23-22-41-46_seg_1.csv,PF_KCW,1,False,,0.0034142248188276454,0.0010393449009894334,0.011434049614638349,0.009620936469212318,1.0,0.6439294666051865
merged_2021-02-23-22-41-46_seg_1.csv,PF_KCW,5,False,,0.009606873430301664,0.003052462318968028,0.022964622047495293,0.03557759847898899,1.0,0.6402205228805542
merged_2021-02-23-22-41-46_seg_1.csv,PF_KCW,10,False,,0.017128461099594424,0.005601578421193509,0.03260387966437481,0.06439168931757673,1.0,0.6421336308121681
merged_2021-02-23-22-41-46_seg_1.csv,PF_KCW,20,False,,0.031599606812023194,0.010510469791768638,0.04883008048177788,0.09277912814571462,1.0,0.6391961351037025
merged_2021-02-23-22-41-46_seg_1.csv,PF_KCW,50,False,,0.08552393552545026,0.02786305133662879,0.10460743748931423,0.23430265323497948,1.0,0.641058050096035
merged_2021-02-23-22-41-46_seg_1.csv,PF_KCW,100,False,,0.2050462218312221,0.05823908986302638,0.1741088092287452,0.8532710411650948,1.0,0.6414070650935173
merged_2021-02-23-22-41-46_seg_1.csv,PF_KCW,infinity,True,421.0,inf,0.6633218204723367,inf,inf,0.25103448275862067,0.48068227618932724
merged_2021-02-23-22-41-46_seg_1.csv,J_KCW,1,False,,0.004808225236603752,0.0007893891326644242,0.011288370448918186,0.007605575153686107,1.0,0.6577981188893318
merged_2021-02-23-22-41-46_seg_1.csv,J_KCW,5,False,,0.014516859968650968,0.00228075270837041,0.02248165186738836,0.03575188529685836,1.0,0.6448309049010277
merged_2021-02-23-22-41-46_seg_1.csv,J_KCW,10,False,,0.02679658794927685,0.004167073901047821,0.031211166104822795,0.07088488483918488,1.0,0.6481279507279396
merged_2021-02-23-22-41-46_seg_1.csv,J_KCW,20,False,,0.05204840177993536,0.008089905382558002,0.04514607855230333,0.15159643585473256,1.0,0.6464418098330498
merged_2021-02-23-22-41-46_seg_1.csv,J_KCW,50,False,,0.13709599565427152,0.021296113990443472,0.08794818473610332,0.4652214787001944,1.0,0.6503612846136093
merged_2021-02-23-22-41-46_seg_1.csv,J_KCW,100,False,,0.3002191236708568,0.04282414908441896,0.12234950688420915,1.046372056370697,0.8441379310344828,0.6498196646571159
merged_2021-02-23-22-41-46_seg_1.csv,J_KCW,infinity,True,546.0,3.7231917520773394,0.9728190453016319,1.507669127533521,9.191951439651156,0.1310344827586207,0.6560111865401268
merged_2021-02-23-22-41-46_seg_2.csv,PF_KCW,1,False,,0.015099501884107186,0.004450459366796387,0.020228723853032697,0.08155334748023453,1.0,1.0640196204185486
merged_2021-02-23-22-41-46_seg_2.csv,PF_KCW,5,False,,0.044832312953289585,0.013254838135499734,0.047502726503081634,0.3702706510618218,1.0,1.061832532286644
merged_2021-02-23-22-41-46_seg_2.csv,PF_KCW,10,False,,0.0820565725478537,0.024210857105814578,0.07460289939244201,0.712379165879741,1.0,1.0620658993721008
merged_2021-02-23-22-41-46_seg_2.csv,PF_KCW,20,False,,0.1569771063742294,0.04604238756848062,0.1320907240271006,1.3113259603308876,1.0,1.0627723038196564
merged_2021-02-23-22-41-46_seg_2.csv,PF_KCW,50,False,,0.4057335346203092,0.10773169852551966,0.30489583450140684,3.00177186458559,0.9666666666666667,1.0617210268974304
merged_2021-02-23-22-41-46_seg_2.csv,PF_KCW,100,True,1185.0,0.8212526667539519,0.2310078029966022,0.6423480387015714,7.682623096859374,0.865,1.0663542598485947
merged_2021-02-23-22-41-46_seg_2.csv,PF_KCW,infinity,True,415.0,inf,0.5801361323411728,inf,inf,0.175,0.4680507332086563
merged_2021-02-23-22-41-46_seg_2.csv,J_KCW,1,False,,0.009361777187229808,0.004635652085764228,0.019315048510931524,0.049879761749048804,1.0,1.06281116604805
merged_2021-02-23-22-41-46_seg_2.csv,J_KCW,5,False,,0.027460036893048732,0.013788090340483257,0.04390068675878771,0.2279696558516173,1.0,1.0584788471460342
merged_2021-02-23-22-41-46_seg_2.csv,J_KCW,10,False,,0.04909381021216049,0.025147712013638295,0.06651512601779314,0.42240497554715895,1.0,1.0573157966136932
merged_2021-02-23-22-41-46_seg_2.csv,J_KCW,20,False,,0.09492519506175402,0.04745315108996391,0.113417141199201,0.7969008229261902,0.9916666666666667,1.0634053647518158
merged_2021-02-23-22-41-46_seg_2.csv,J_KCW,50,False,,0.28492144004929004,0.11211325299169772,0.23578252939664868,2.493904425031043,0.835,1.0563813969492912
merged_2021-02-23-22-41-46_seg_2.csv,J_KCW,100,True,1179.0,0.7596184874890445,0.22381543677919832,0.458629929047321,4.614151647380496,0.6525,1.071983814239502
merged_2021-02-23-22-41-46_seg_2.csv,J_KCW,infinity,True,485.0,1.693727409546523e+133,1.031124353328184,1.5518848379404585e+134,1.224564917102136e+136,0.08583333333333333,0.6457002386450768
merged_2021-02-23-22-41-46_seg_3.csv,PF_KCW,1,False,,0.009350968581265431,0.0005545934456355059,0.010037251831609124,0.019580959537457945,1.0,0.3662043362855911
merged_2021-02-23-22-41-46_seg_3.csv,PF_KCW,5,False,,0.02797019468636448,0.0014065282729235841,0.01915017198223885,0.09006263436070697,1.0,0.36045800894498825
merged_2021-02-23-22-41-46_seg_3.csv,PF_KCW,10,False,,0.05188694910748542,0.0023419807066069,0.02585682395916804,0.1797503764226858,1.0,0.36019328236579895
merged_2021-02-23-22-41-46_seg_3.csv,PF_KCW,20,False,,0.09847516127260975,0.004574326984942682,0.03905672905738993,0.34726775446941827,1.0,0.3613146096467972
merged_2021-02-23-22-41-46_seg_3.csv,PF_KCW,50,False,,0.2274612644469831,0.014909898316740234,0.07919596055444564,0.919621227109968,1.0,0.36015595495700836
merged_2021-02-23-22-41-46_seg_3.csv,PF_KCW,100,False,,0.4889234895251212,0.04292733983365898,0.13245587499960806,1.9267201712722821,1.0,0.360696442425251
merged_2021-02-23-22-41-46_seg_3.csv,PF_KCW,infinity,True,386.0,3.76604564260569,0.3095271759952782,0.24349643664511156,10.920410261808524,0.4877450980392157,0.3659786358475685
merged_2021-02-23-22-41-46_seg_3.csv,J_KCW,1,False,,0.004687615753637194,0.0005462629076291044,0.010044108360486916,0.007622655506623288,1.0,0.3659003898501396
merged_2021-02-23-22-41-46_seg_3.csv,J_KCW,5,False,,0.013944847230545027,0.0013685071344295293,0.01878278565274262,0.03364491269786849,1.0,0.3629174754023552
merged_2021-02-23-22-41-46_seg_3.csv,J_KCW,10,False,,0.02509529601613286,0.0022600478039645753,0.02479850766403149,0.06194613458036491,1.0,0.36514762789011
merged_2021-02-23-22-41-46_seg_3.csv,J_KCW,20,False,,0.04696364783248372,0.004307980720731002,0.036864047642979104,0.1153282124842373,1.0,0.36343613266944885
merged_2021-02-23-22-41-46_seg_3.csv,J_KCW,50,False,,0.1103788122651575,0.011993947847737791,0.06538300531581787,0.27697546682684726,1.0,0.3623320907354355
merged_2021-02-23-22-41-46_seg_3.csv,J_KCW,100,False,,0.22143282623599062,0.02976923836639703,0.09812037908709849,0.5028122792330539,1.0,0.3622676283121109
merged_2021-02-23-22-41-46_seg_3.csv,J_KCW,infinity,False,,0.8408987595083959,0.14471177897311133,0.29124873346179375,1.4707688137628452,0.2696078431372549,0.3685895577073097
