scenario,seed,variable,rank,validation_contribution_r2,empirical_operator_nrmse,normalized_excess_rmse,core_surface_nrmse,modal_gains,refit_intercept
AR-S1,0,0,1,0.999999996936434,5.534948955554416e-05,0.0,5.683850299452029e-05,[1.000000105966937],0.019560933666330146
AR-S1,0,0,2,0.9999999969242883,5.5459098991724274e-05,0.0,5.6990984201169945e-05,"[1.000000101895393, 1.019988124186989]",0.019560933548139526
AR-S1,0,0,3,0.9999999968968915,5.570555198975751e-05,0.0,5.7049038073903455e-05,"[1.0000000968310503, 1.022678003416689, 0.9912282306747154]",0.01956093373001615
AR-S1,0,0,4,0.9999999968817056,5.584169032911318e-05,0.0,5.709249974067709e-05,"[1.0000001028600585, 1.028215596586668, 0.9908272070284911, 1.0094967588719348]",0.01956093393250731
AR-S1,0,0,5,0.999999996863474,5.600469697425575e-05,0.0,5.712915670776501e-05,"[1.000000103735275, 1.0250571570932938, 0.9936189832264535, 1.0182090981694134, 0.9804194868632607]",0.019560933764732745
AR-S1,0,0,6,0.9999999968429759,5.6187401247279525e-05,0.0,5.716359721004058e-05,"[1.0000001052814562, 1.0244585468532197, 0.9998381333656937, 1.021806681649392, 0.9827198763215402, 1.0308172091046843]",0.019560933927588408
AR-S1,0,0,7,0.9999999968363135,5.6246657618316955e-05,0.0,5.718945857059004e-05,"[1.0000001067835147, 1.0260376413437484, 1.0003859326983457, 1.018472250104238, 0.9860939492117579, 1.0319030418975226, 1.00981389311488]",0.019560933890443093
AR-S1,0,0,8,0.9999999968243283,5.635309838695617e-05,0.0,5.7209689144948024e-05,"[1.0000001059624712, 1.0262379198558087, 0.99997368251331, 1.0201738157702542, 0.9844803589883062, 1.041897369832383, 1.0101073931570042, 1.0299964562050565]",0.01956093402278533
AR-S1,0,0,9,0.9999999968176332,5.6412470705272273e-05,0.0,5.722715215863548e-05,"[1.0000001109325807, 1.0273056303907278, 1.000137081981842, 1.021686352844801, 0.9900342547374925, 1.0397966059361807, 1.0060880667231857, 1.0371299594150332, 1.049557481534543]",0.019560933960174606
AR-S1,0,0,10,0.9999999968066381,5.6509839349107054e-05,0.0,5.724534621786941e-05,"[1.0000001113534207, 1.0284568291175364, 1.0026276744906535, 1.0230699893562303, 0.9945888102323016, 1.0412341048464397, 1.0023351946613206, 1.0357417343664928, 1.055628473482322, 1.0982130865129027]",0.019560933998351373
AR-S1,0,0,11,0.9999999967999994,5.6568547478555374e-05,0.0,5.7254815717172226e-05,"[1.0000001133480445, 1.028258019856722, 1.0013261500264639, 1.0234657135255405, 0.9964656958444383, 1.045210897442218, 1.003517590927755, 1.036506937156962, 1.0557496566988513, 1.0991081778639498, 1.0027225434300262]",0.019560934013928978
AR-S1,0,0,12,0.9999999967945907,5.6616333662638414e-05,0.0,5.726286432262146e-05,"[1.0000001135950076, 1.0293048890302645, 1.0038088923521984, 1.0235358183474803, 0.9978488941510993, 1.0471226379431533, 1.0041887102175597, 1.0341113906847335, 1.054290258598598, 1.0941319822925057, 1.0030737343097889, 1.0006836405393555]",0.01956093405533347
AR-S1,0,1,1,0.9999999949230125,7.125298228510012e-05,0.0,8.241621313524256e-05,[1.0000000245870744],0.420550482914279
AR-S1,0,1,2,0.9999999948963774,7.143964295700246e-05,0.0,8.24659703795943e-05,"[1.000000025517311, 0.9999622329168983]",0.4205504826978183
AR-S1,0,1,3,0.9999999948549471,7.172902438202663e-05,0.0,8.248787667678203e-05,"[1.0000000085837712, 1.0018024489246982, 0.997545013945962]",0.4205504827493395
AR-S1,0,1,4,0.9999999948478068,7.177877943353153e-05,0.0,8.250504729433266e-05,"[1.0000000217553788, 1.0013283974540905, 0.9998914917452756, 0.9610341987784187]",0.42055048267836015
AR-S1,0,1,5,0.9999999948325695,7.188484144705225e-05,0.0,8.252082488443817e-05,"[1.0000000109525067, 1.0140730251544916, 0.9955295856371367, 0.971316790220483, 0.9748887491147212]",0.42055048267031525
AR-S1,0,1,6,0.9999999948243018,7.194232589893818e-05,0.0,8.252941680650863e-05,"[1.0000000053792966, 1.0211942022111549, 0.9985510746137057, 0.9835228045600883, 0.9809652523665762, 0.988545549278667]",0.4205504826453871
AR-S1,0,1,7,0.9999999948158851,7.200079829935009e-05,0.0,8.253504948863123e-05,"[1.0000000077599411, 1.0232332845834098, 0.9989953260887376, 0.9910795513680712, 0.9851654169962879, 0.9919063680383717, 0.9820010692078062]",0.42055048266389133
AR-S1,0,1,8,0.9999999948127849,7.202232370784244e-05,0.0,8.254010185688802e-05,"[1.0000000050913493, 1.0283613398933666, 1.0004368481016546, 0.9949700014836734, 0.9857775748247916, 0.993854983205941, 0.9847863634313087, 0.9798111808709613]",0.42055048268222034
AR-S1,0,1,9,0.9999999948081887,7.205422494416258e-05,0.0,8.254422194934276e-05,"[1.0000000035597776, 1.0306845860211782, 0.9982542644171135, 0.9969424109258521, 0.991956849662754, 0.9946837010337402, 0.9862985388190949, 0.9832622298433367, 1.00010864165142]",0.4205504827228182
AR-S1,0,1,10,0.9999999948050717,7.207585108280059e-05,0.0,8.25475415184787e-05,"[1.0000000049484905, 1.0315039272241024, 0.9986591802792942, 0.9951748570224223, 0.9951606665836455, 0.9990936640998815, 0.9905291041482976, 0.987874084763381, 1.0017469761757376, 1.004269780833598]",0.42055048276914975
AR-S1,0,1,11,0.999999994801616,7.209981930971467e-05,0.0,8.25512953317157e-05,"[1.0000000049629598, 1.0371691798260738, 1.002817282034896, 0.9983184498702223, 0.9977417191614204, 0.9968115960063694, 0.9960158113818717, 0.9932624348929067, 1.0016752269558387, 1.0035145408798294, 0.9987005662921894]",0.4205504827987612
AR-S1,0,1,12,0.9999999947966033,7.213457383457106e-05,0.0,8.255432982393114e-05,"[1.0000000060072018, 1.0389938703822656, 1.005621772525911, 0.9993476234691145, 1.0007138680425027, 0.9987341444971796, 1.0020870308242575, 0.9930210586922893, 1.0012400954573162, 1.0015807777725545, 1.0005735954561656, 0.9989217509470778]",0.4205504827851007
AR-S1,0,2,1,0.9999999921958854,8.834089984144475e-05,0.0,9.646699539307655e-05,[1.0000000338400254],-0.00015947274690838873
AR-S1,0,2,2,0.9999999921500008,8.860022095574052e-05,0.0,9.662700329712097e-05,"[1.0000000310088526, 0.9593730481320808]",-0.00015947311148081317
AR-S1,0,2,3,0.9999999920992423,8.888620677929665e-05,0.0,9.670890583609272e-05,"[1.000000020711146, 0.9568474806309, 0.9679376332814036]",-0.0001594730495444684
AR-S1,0,2,4,0.999999992027855,8.928686972542094e-05,0.0,9.678722518105217e-05,"[1.0000000189420968, 0.9694495049244951, 0.9797909655080261, 0.9813347836765688]",-0.00015947300679223123
AR-S1,0,2,5,0.9999999919822823,8.954170923696587e-05,0.0,9.68568273987745e-05,"[1.0000000074426452, 0.9731436121888507, 0.98825215718779, 0.9792895934634404, 0.9737081872189075]",-0.0001594730090738035
AR-S1,0,2,6,0.9999999919323972,8.981983497259764e-05,0.0,9.690652755509643e-05,"[1.0000000027415001, 0.9744736149272708, 1.0000116903850134, 0.976979847274485, 0.9765986502925023, 0.9826018173282524]",-0.00015947303200282062
AR-S1,0,2,7,0.9999999918840632,9.008849419979622e-05,0.0,9.695819939958296e-05,"[1.0000000091043484, 0.9760175222359571, 0.9983701157759232, 0.9844644938011431, 0.986097471346099, 0.9860745138092587, 1.0015263631738736]",-0.00015947299052157087
AR-S1,0,2,8,0.9999999918335585,9.036836554453723e-05,0.0,9.70012120496723e-05,"[0.9999999960555436, 0.9845940893278714, 0.99280396096956, 0.9858275753321444, 0.9934639906930665, 0.9856930960449984, 0.9930090000326138, 1.0118575448641953]",-0.00015947303597229267
AR-S1,0,2,9,0.9999999918110267,9.049294575626248e-05,0.0,9.704405369608144e-05,"[0.9999999963652222, 0.9919472571964366, 0.9928468257349766, 0.9874031138090678, 0.999095199953712, 0.988230082334142, 1.003771702183231, 1.0102326870361615, 1.0137224832147196]",-0.00015947314727894914
AR-S1,0,2,10,0.9999999917915204,9.060065972086738e-05,0.0,9.707511215851761e-05,"[0.999999997296641, 0.9911989437267389, 0.9969621552916345, 0.9956676457353821, 1.001475405294424, 0.9932086429584503, 1.0010948092936942, 1.0085540666939847, 1.0131417740254542, 0.9972969515818134]",-0.0001594731335518307
AR-S1,0,2,11,0.9999999917539318,9.080786426313292e-05,0.0,9.71020371245083e-05,"[1.0000000030529286, 0.9948021098668728, 0.9985439850491484, 0.9988919200211657, 1.0013270785660338, 0.9938463246675344, 1.0017821214441922, 1.0083345044910017, 1.007711525860194, 0.9979940129827715, 1.0040537567753052]",-0.0001594731075205312
AR-S1,0,2,12,0.9999999917451536,9.085618532571388e-05,0.0,9.712003494731324e-05,"[1.0000000019128141, 0.9941117490982702, 0.9992634789580104, 1.0005882634727363, 1.0042183291892555, 0.9961675553092622, 1.0027912926796911, 1.0040510593070575, 1.0002530338250382, 0.9989061453958192, 1.0033406852101954, 1.013215580993992]",-0.0001594730631498663
AR-S1,1,0,1,0.9999999945040909,7.413439887529898e-05,0.0,7.677955458133472e-05,[1.0000001165286292],-0.015620537381922229
AR-S1,1,0,2,0.9999999944533285,7.4475978686767e-05,0.0,7.683900430255312e-05,"[1.0000001174011386, 1.0013271016917822]",-0.015620537411934072
AR-S1,1,0,3,0.9999999944242861,7.467070298124588e-05,0.0,7.68841138809579e-05,"[1.000000119837327, 0.9938687207813919, 1.0036328928403322]",-0.015620537418665183
AR-S1,1,0,4,0.9999999943787746,7.497483174340568e-05,0.0,7.692061276393603e-05,"[1.000000126173335, 0.9971495338925626, 0.9965235707118288, 0.9988551756313889]",-0.015620537455434663
AR-S1,1,0,5,0.9999999943566393,7.51223043733011e-05,0.0,7.695369737074704e-05,"[1.0000001250556607, 0.9910874858560405, 1.0072780727053707, 0.9901085656288703, 1.0028009932652064]",-0.01562053751271439
AR-S1,1,0,6,0.9999999943216482,7.535483895999224e-05,0.0,7.698588916078016e-05,"[1.0000001304669852, 0.990675671015911, 1.0108874935725012, 1.0003690231063513, 1.0128888099452709, 1.040193435135747]",-0.015620537541614743
AR-S1,1,0,7,0.9999999943030699,7.547801086541131e-05,0.0,7.700363140819897e-05,"[1.0000001330450583, 0.9923809958135539, 1.010932778917259, 0.9984422482985794, 1.0126759208244545, 1.0471003209521705, 1.0172695644848417]",-0.01562053755634069
AR-S1,1,0,8,0.9999999942884191,7.557500158723781e-05,0.0,7.70209932677484e-05,"[1.0000001340950568, 1.0044800648338994, 1.0093752520563117, 1.009533921864319, 1.0105153889554257, 1.0509014088177069, 1.019392807365824, 1.022181598584412]",-0.015620537558580503
AR-S1,1,0,9,0.9999999942767555,7.565212829060523e-05,0.0,7.703520659015485e-05,"[1.0000001354269643, 1.0081328879942182, 1.0172547674891081, 1.0115394063289997, 1.0080594167391288, 1.0544110811213099, 1.0252899596421527, 1.0220593022720494, 1.0661974662452278]",-0.015620537543670043
AR-S1,1,0,10,0.9999999942656674,7.572537611108794e-05,0.0,7.704373532447468e-05,"[1.0000001353895531, 1.0047962193595001, 1.0167270844800993, 1.0119438807219856, 1.0091323225112994, 1.0546523430156163, 1.0293634820420194, 1.0240049349254614, 1.0720684831370622, 0.994440648036218]",-0.01562053754478471
AR-S1,1,0,11,0.9999999942529664,7.580919204836939e-05,0.0,7.70522650876843e-05,"[1.000000135911225, 1.007400936557395, 1.0169344051261981, 1.0117492664974115, 1.015243652601389, 1.053422056535979, 1.030587296044758, 1.0234779662788736, 1.0801892563929627, 0.9966890794369009, 1.024650498095886]",-0.015620537543041456
AR-S1,1,0,12,0.9999999942452452,7.586010030211684e-05,0.0,7.705839791926413e-05,"[1.0000001379583068, 1.0067011548592655, 1.0161425230394263, 1.0138812551696668, 1.0179039590931103, 1.0557750722982109, 1.0297327306523765, 1.0252349122458024, 1.0790752981154539, 0.9972557018827578, 1.0264676414747693, 1.0076526267275439]",-0.015620537555973348
AR-S1,1,1,1,0.9999999949042686,7.138439153533256e-05,0.0,8.278440371075417e-05,[1.000000078211065],0.37825240412871053
AR-S1,1,1,2,0.9999999948225994,7.195415601270309e-05,0.0,8.282943876655541e-05,"[1.0000000376496145, 0.9693573365058444]",0.3782524040908168
AR-S1,1,1,3,0.9999999948110623,7.20342816278045e-05,0.0,8.2857886373949e-05,"[1.0000000179556086, 0.970412860525758, 0.9770272706462069]",0.3782524039156271
AR-S1,1,1,4,0.9999999948024509,7.20940291182868e-05,0.0,8.286621778503437e-05,"[1.0000000133142346, 0.9728071181453224, 0.978842629485685, 1.0010682444777685]",0.37825240391325293
AR-S1,1,1,5,0.9999999947985689,7.212094782895904e-05,0.0,8.287161311200592e-05,"[1.000000012206272, 0.9739600459108493, 0.9786722780626899, 1.000456376554196, 0.9724193518038309]",0.3782524039001073
AR-S1,1,1,6,0.9999999947924795,7.216315220689984e-05,0.0,8.287725216129744e-05,"[1.0000000095756745, 0.9828181839222984, 0.9827416184606761, 0.9960667040661113, 0.9835840043933141, 0.9852791124227128]",0.3782524039064351
AR-S1,1,1,7,0.9999999947877495,7.219591748743577e-05,0.0,8.288203920825273e-05,"[1.0000000114180359, 0.9905176884904825, 0.9863383180806855, 0.99606759908205, 0.9880985218209031, 0.9928886783729708, 0.9673329794605032]",0.3782524039193271
AR-S1,1,1,8,0.9999999947831136,7.222801656335397e-05,0.0,8.288579994500575e-05,"[1.0000000103943267, 0.9928381520156168, 0.9888011857221811, 0.9907047805004789, 0.9990687464473296, 0.99334537808286, 0.9725400970899737, 0.9885114251092466]",0.3782524039229368
AR-S1,1,1,9,0.9999999947775505,7.226651664097293e-05,0.0,8.288890169728702e-05,"[1.000000008817091, 0.9933182394267961, 0.9930875732316817, 0.9944084800157624, 1.000384974899009, 0.9927122696563345, 0.9809437115418855, 0.9863407366053853, 0.9868098478081192]",0.3782524039054504
AR-S1,1,1,10,0.9999999947739782,7.229122937896263e-05,0.0,8.289214555697825e-05,"[1.00000000776852, 0.996261736790573, 0.9956251763686035, 0.9949812618010048, 1.0021275528058036, 0.9988487065263854, 0.9917089320277761, 0.9919236591606375, 0.9908508718430639, 1.0028742717931287]",0.3782524039175595
AR-S1,1,1,11,0.9999999947703595,7.231625319205302e-05,0.0,8.289474305191047e-05,"[1.0000000059762013, 0.9973446416944993, 0.9980193384261087, 0.9951924627672385, 1.0017624414357529, 0.998257078915906, 0.9900107622177082, 0.9902388783836882, 0.9941285419769254, 1.002744531849211, 0.9957398254219656]",0.3782524039142968
AR-S1,1,1,12,0.9999999947672499,7.233775001791156e-05,0.0,8.289699116621146e-05,"[1.0000000048169806, 1.0003964512992787, 0.9978562377556697, 0.9975915789920518, 1.0004570464717526, 1.0009136908358722, 0.9939028896751921, 0.9953723742008754, 0.9981831823341488, 1.0028823579758785, 0.9957847330358077, 0.998200244131826]",0.3782524039075529
AR-S1,1,2,1,0.9999999965844495,5.8442711276422696e-05,0.0,7.278129569161883e-05,[1.000000020692908],0.004572309487287367
AR-S1,1,2,2,0.9999999965583536,5.866554673481612e-05,0.0,7.284775570241917e-05,"[1.0000000271562577, 0.9596454481253442]",0.004572309409925269
AR-S1,1,2,3,0.9999999965346215,5.886746613143931e-05,0.0,7.289753147000793e-05,"[1.000000023142861, 0.9677860856418977, 0.9411295481529119]",0.004572309328460418
AR-S1,1,2,4,0.9999999965194281,5.899637231457936e-05,0.0,7.293796733036244e-05,"[1.0000000160458786, 0.9672339635503912, 0.9467257523837188, 0.9668137727025768]",0.0045723092955219004
AR-S1,1,2,5,0.9999999964932109,5.921814796759823e-05,0.0,7.297294637653255e-05,"[1.0000000137976763, 0.9746176780481592, 0.9536805989705535, 0.9764515331181958, 0.9740176567381293]",0.004572309302977934
AR-S1,1,2,6,0.9999999964751833,5.937016619703111e-05,0.0,7.300274019852359e-05,"[1.0000000175241817, 0.9736155308489485, 0.9623535508392023, 0.9812507925625863, 0.9783864623291696, 0.9783727076495157]",0.004572309394826734
AR-S1,1,2,7,0.9999999964678864,5.9431587357268814e-05,0.0,7.303135143176269e-05,"[1.0000000130853781, 0.9840611092765278, 0.9691262660861837, 0.9883866012434958, 0.9821100334306775, 0.9872834280279761, 1.0047365965904986]",0.004572309447271067
AR-S1,1,2,8,0.9999999964566435,5.9526099662751365e-05,0.0,7.305658139703686e-05,"[1.0000000060772671, 0.9850540440716502, 0.9701691881166767, 0.9949307168577173, 0.9814595012516476, 0.9880597848911371, 1.0072004491633608, 1.005366575645282]",0.00457230938527166
AR-S1,1,2,9,0.9999999964465168,5.9611099569437096e-05,0.0,7.307955102553025e-05,"[1.0000000063533483, 0.9915645005159023, 0.9816409303460065, 0.9940582064002392, 0.984665014377177, 0.9897891082014891, 1.007909994731645, 1.0042659169340407, 0.9936392238932548]",0.004572309450495409
AR-S1,1,2,10,0.9999999964366432,5.969385926022239e-05,0.0,7.309634413157967e-05,"[1.0000000074345325, 0.9900422137919617, 0.981861145988723, 0.9955568154786082, 0.989452891095893, 0.9860697020561567, 1.0013672905347006, 0.9960442491974756, 0.9923038775421859, 0.9925439063201978]",0.00457230948874546
AR-S1,1,2,11,0.9999999964303541,5.974651402312823e-05,0.0,7.311520764592107e-05,"[1.0000000076526283, 0.9930940354639427, 0.9902136531543957, 0.9994812483849568, 0.9907119700572504, 0.9887113192565269, 1.0034869511575608, 1.0007406379211765, 0.9977867375600049, 0.9917086312505323, 1.0016891921699802]",0.004572309498467558
AR-S1,1,2,12,0.9999999964191475,5.984022434689717e-05,0.0,7.313013866511158e-05,"[1.0000000063761785, 0.9940898543209101, 0.9944424757539266, 1.0000548325729257, 0.9978144351556881, 0.9972236495043131, 0.9996664065721541, 0.9978801385073133, 1.0036683240543427, 1.0023616187276694, 1.0013219389249228, 1.006028271440566]",0.004572309475276135
AR-S1,2,0,1,0.9999999961616299,6.195458069688386e-05,0.0,6.213211984832389e-05,[1.000000130364834],0.006561165267703355
AR-S1,2,0,2,0.9999999961449795,6.208881140121058e-05,0.0,6.222979972994934e-05,"[1.0000001322397436, 0.974843323398732]",0.006561165201965505
AR-S1,2,0,3,0.9999999961221081,6.227272150478833e-05,0.0,6.23130065030299e-05,"[1.0000001238206786, 0.9814001381940303, 1.0007617796013326]",0.006561165097036912
AR-S1,2,0,4,0.9999999960990457,6.245761993845665e-05,0.0,6.237756361237352e-05,"[1.000000127176003, 0.9808973831709012, 0.9971571069769386, 1.0110686526870605]",0.006561164999372456
AR-S1,2,0,5,0.9999999960865191,6.255782003693365e-05,0.0,6.242842234044428e-05,"[1.0000001254882587, 0.9867500115628544, 0.9972454505244506, 1.0120619653322722, 1.0126525258073173]",0.006561165089597897
AR-S1,2,0,6,0.9999999960646413,6.273243714034861e-05,0.0,6.247521707062709e-05,"[1.0000001271764378, 0.9919300976128573, 0.9978218470749672, 1.012980036704776, 1.006935986115477, 1.003414751174944]",0.006561165036946053
AR-S1,2,0,7,0.9999999960531312,6.282410992450435e-05,0.0,6.251360835876029e-05,"[1.0000001283380486, 0.9945794612159001, 1.001062718095589, 1.0060302865082704, 1.0125556043268196, 0.9981269486851607, 1.0031139206312212]",0.006561164985077704
AR-S1,2,0,8,0.9999999960385351,6.294016923512334e-05,0.0,6.255590481334759e-05,"[1.0000001253345365, 0.9960341887931428, 1.0063727607829513, 1.0057407474685447, 1.0131029615662486, 1.0084633478975924, 1.0087261808694634, 1.1234226806820031]",0.006561165220166114
AR-S1,2,0,9,0.9999999960242498,6.305354995187054e-05,0.0,6.258680475627314e-05,"[1.0000001226909494, 1.0021996776541735, 1.0141838615130758, 1.004627574468205, 1.0105073868199206, 1.0105538096844109, 1.008345955141096, 1.1175319165699074, 1.034415845153782]",0.006561165140752144
AR-S1,2,0,10,0.9999999960116444,6.315342918205052e-05,0.0,6.261060876849923e-05,"[1.000000121715913, 1.0005347741848942, 1.019263554112209, 1.0053034093077993, 1.001934626147202, 1.0116984296157627, 1.00865463070891, 1.127220080708422, 1.034775477535281, 1.0172177426518316]",0.006561165237636843
AR-S1,2,0,11,0.9999999959947384,6.32871357262125e-05,0.0,6.262983554640301e-05,"[1.000000123396735, 1.0043776150156445, 1.022271390770191, 1.0087064865767137, 0.9975676680905377, 1.0140960462691304, 1.0119258276465506, 1.1249200338329792, 1.0326147518964783, 1.013420525180801, 1.0012584390088801]",0.006561165174933125
AR-S1,2,0,12,0.9999999959845219,6.336779975718656e-05,0.0,6.264883457831157e-05,"[1.0000001210705243, 1.0038331860552878, 1.0244262521247471, 1.0135207794428895, 1.0067046370732202, 1.0185991440398554, 1.0097004298942167, 1.1278432095643607, 1.0389636669520959, 1.017721217208069, 1.0069607070657598, 1.0252970735859865]",0.0065611652084562174
AR-S1,2,1,1,0.9999999947878732,7.219506088583286e-05,0.0,9.714774323016019e-05,[1.0000000892703829],0.4513626134177701
AR-S1,2,1,2,0.999999994720113,7.266283097504504e-05,0.0,9.717903827167564e-05,"[1.000000059222828, 0.9791328184931762]",0.45136261322704274
AR-S1,2,1,3,0.9999999946760195,7.296561182483297e-05,0.0,9.719784352427652e-05,"[1.0000000383677232, 0.9834777268790972, 0.9936223334690858]",0.4513626131085366
AR-S1,2,1,4,0.9999999946564699,7.309945353326159e-05,0.0,9.72158029222452e-05,"[1.0000000310964086, 0.987490400978533, 0.992846954325531, 0.9752589175944694]",0.45136261322107474
AR-S1,2,1,5,0.9999999946454128,7.31750447105772e-05,0.0,9.722321011907545e-05,"[1.0000000151607686, 0.9898614060538814, 0.9952248058522383, 0.9756554972977562, 0.9665072480756733]",0.45136261319870574
AR-S1,2,1,6,0.9999999946353788,7.324357454278913e-05,0.0,9.72296049896013e-05,"[1.0000000119698043, 0.9876414023360767, 0.9975065374950497, 0.9796424910422, 0.9786824800853077, 0.9993288302828244]",0.4513626132037773
AR-S1,2,1,7,0.9999999946264465,7.3304525596277e-05,0.0,9.723518436015899e-05,"[1.0000000083767153, 0.9925151988644393, 0.996772836606628, 0.9829262620704488, 0.9853144701864168, 0.999010851041503, 0.9840160845806919]",0.45136261319758253
AR-S1,2,1,8,0.9999999946201944,7.3347158294208e-05,0.0,9.724064748545236e-05,"[1.0000000063276908, 0.9982453088427482, 0.9986709161488553, 0.9893300435645939, 0.985134008174083, 1.001978301099902, 0.9787991664466344, 1.0042014333505405]",0.4513626131779619
AR-S1,2,1,9,0.9999999946147695,7.338412961675079e-05,0.0,9.724419383053491e-05,"[1.000000006101824, 0.9984816539407886, 0.9968867993412598, 0.9902713284040653, 0.9926978795576328, 0.9991111716461862, 0.987452431350308, 1.0031377225371083, 0.9946247310813212]",0.4513626132290763
AR-S1,2,1,10,0.9999999946091491,7.34224141731575e-05,0.0,9.724721093838477e-05,"[1.000000004642797, 0.9972533529459088, 0.998155694638639, 0.9919593331433694, 0.9981894826866865, 0.9984379597322252, 0.9919314063670722, 1.0029354644255362, 0.998012824277367, 0.9934259094417713]",0.4513626132071116
AR-S1,2,1,11,0.9999999946062045,7.34424637090668e-05,0.0,9.72493417505596e-05,"[1.0000000064130918, 0.9975225975073955, 0.9988674532781096, 0.9920326070858917, 0.996419314204192, 0.9973316486593503, 0.997088983742588, 1.0024501483198054, 0.9957768502529312, 0.9983632077442429, 0.9904843292824266]",0.4513626132011589
AR-S1,2,1,12,0.9999999946041337,7.345656065095406e-05,0.0,9.725089338810786e-05,"[1.0000000058899692, 0.9970374121826888, 0.9988442988841632, 0.9927067911814983, 0.9962769543853329, 0.999065865779136, 0.9964244396150153, 1.0058630978304655, 0.9988735797228449, 0.9948972120569479, 0.9941073486870933, 0.9974369435610879]",0.45136261321372284
AR-S1,2,2,1,0.9999999815650504,0.00013577536421638048,0.0,0.0001357076493140364,[1.0000000907859785],0.004220071884300864
AR-S1,2,2,2,0.9999999813735718,0.00013647867282848,0.0,0.00013586860197553936,"[1.0000000574840595, 0.9650789512314951]",0.004220071624567002
AR-S1,2,2,3,0.9999999812740917,0.00013684264072806363,0.0,0.00013599716205742863,"[1.0000000491493934, 0.9752742937668885, 0.9576425828166443]",0.0042200722663167985
AR-S1,2,2,4,0.9999999811518175,0.0001372886830960987,0.0,0.0001360891496430706,"[1.0000000364474761, 0.9840186959639194, 0.9597470692052932, 0.9960238865973985]",0.004220072128841158
AR-S1,2,2,5,0.99999998104305,0.00013768424026394638,0.0,0.00013616174584825974,"[1.0000000275885859, 0.9885678980003971, 0.9716940389285816, 0.9969058678025196, 0.9882081866595155]",0.004220071982653792
AR-S1,2,2,6,0.9999999809488866,0.00013802577046204313,0.0,0.00013622935702191656,"[1.000000026596115, 0.9852866453984757, 0.9796778668986685, 1.0006418474087, 0.9981618032514414, 0.9930545985262116]",0.004220072102083275
AR-S1,2,2,7,0.9999999808705294,0.00013830932917476555,0.0,0.00013628003120451246,"[1.000000026447993, 0.9811479893316584, 0.9860248233884114, 1.002429383674789, 0.9939878955343324, 0.995136755342039, 1.0080408913516732]",0.004220072069223048
AR-S1,2,2,8,0.9999999808314168,0.00013845065251177799,0.0,0.0001363297011328772,"[1.0000000219066862, 0.9904364838354582, 0.9900277171406568, 0.9992908273121979, 0.9935913676387103, 1.0014323518524801, 1.0028837058700553, 1.0013157242969664]",0.004220071888316923
AR-S1,2,2,9,0.9999999807535618,0.00013873153293989326,0.0,0.00013637528234161582,"[1.000000023041579, 0.9915568690833889, 0.9928744173248566, 1.0043309437718113, 0.9944093297628683, 1.0034463284401842, 1.0079490484116904, 0.9985115787536653, 1.0085192116975208]",0.004220071998020389
AR-S1,2,2,10,0.9999999807015487,0.000138918865637884,0.0,0.00013640513631977267,"[1.0000000208249848, 0.9919155054077347, 0.9922484165455078, 1.0033485218845495, 0.9983598568355289, 1.0027595637711917, 1.0075564105262516, 0.9960231639802049, 1.0106283662393494, 0.9984386926632879]",0.004220072024939596
AR-S1,2,2,11,0.9999999806672014,0.0001390424343625716,0.0,0.0001364352531729912,"[1.0000000101229398, 0.99856028032322, 0.998267441636864, 1.0031240725709483, 0.9967583661403635, 1.0020711121872352, 0.9990650077882363, 1.0016189468394177, 1.0143773984194238, 0.9970551958184855, 1.008709864924989]",0.004220072000661979
AR-S1,2,2,12,0.9999999806375269,0.00013914910360458192,0.0,0.0001364626186317315,"[1.000000002253686, 1.0011589843244642, 1.0020659913299095, 1.0019181204161425, 0.9938903383428701, 1.0053748389536772, 1.0067411950155671, 1.00159343872296, 1.008973217853971, 1.0016045036621417, 1.008734177434507, 1.0097640047451368]",0.004220072049294968
AR-S1,3,0,1,0.9999999983099584,4.111011481089462e-05,0.0,4.7067309359685616e-05,[1.0000000098373596],0.007606431742127594
AR-S1,3,0,2,0.9999999982894967,4.13582317147529e-05,0.0,4.7126686773425614e-05,"[1.0000000099183115, 0.9469977613669435]",0.007606431397701759
AR-S1,3,0,3,0.9999999982845102,4.141847070793848e-05,0.0,4.7182573932369935e-05,"[1.0000000117803822, 0.95747932246859, 0.9982847170813886]",0.0076064316216283125
AR-S1,3,0,4,0.9999999982646348,4.165771416163293e-05,0.0,4.722453238329447e-05,"[1.0000000129149351, 0.9587386067627001, 0.9968822220697731, 0.9688504102244602]",0.007606431733402921
AR-S1,3,0,5,0.9999999982566958,4.175289416303349e-05,0.0,4.7250123035070125e-05,"[1.0000000122971635, 0.9611463627175527, 0.9935791279215369, 0.9730258913843567, 0.9750162334598588]",0.007606431713494571
AR-S1,3,0,6,0.9999999982476964,4.186052589250203e-05,0.0,4.7274172198919784e-05,"[1.0000000070336887, 0.9724363600458493, 0.9960575620037322, 0.9762240657122633, 0.9798268239148377, 0.9802558119744234]",0.007606431803361984
AR-S1,3,0,7,0.999999998240004,4.195230652827976e-05,0.0,4.729325622328947e-05,"[1.0000000060664198, 0.9789270314223447, 0.9916400015420147, 0.9787859790043294, 0.9835097692059653, 0.9851088956932923, 0.9923941982263881]",0.007606431763869213
AR-S1,3,0,8,0.9999999982325545,4.204099813864686e-05,0.0,4.731078973156446e-05,"[1.0000000091810426, 0.985539002465747, 0.9953816013833274, 0.9839542030652866, 0.9889324280538507, 0.989381476877327, 1.0049787135368184, 0.9996322362703394]",0.0076064318005890225
AR-S1,3,0,9,0.9999999982262905,4.211543127503789e-05,0.0,4.732527260181892e-05,"[1.000000007049117, 0.9901107163579705, 0.9950120504276434, 0.9888536155068991, 0.9901023815758035, 0.9878234890067205, 1.002525772859296, 1.000990789160076, 0.9907248669666727]",0.007606431734320301
AR-S1,3,0,10,0.9999999982185788,4.220688648713236e-05,0.0,4.7337298726865304e-05,"[1.0000000071429143, 0.9945875257375046, 0.9935326266244882, 0.9921320939956897, 0.9965592995464937, 0.9895062006117971, 0.9971276831149137, 1.004856123962933, 0.9956728456594554, 0.988000688548179]",0.0076064317358741414
AR-S1,3,0,11,0.9999999982129646,4.227334156818747e-05,0.0,4.734642514429852e-05,"[1.0000000056380076, 0.9929198892540912, 0.9939890070638587, 0.9945313377609767, 0.9968454206971806, 0.9894985388072255, 0.9973596520958798, 1.0014579811037578, 1.0021089516636805, 0.9846921381788097, 0.9837269030364838]",0.00760643168386444
AR-S1,3,0,12,0.9999999982086086,4.2324831464931014e-05,0.0,4.735520294893468e-05,"[1.0000000038603516, 0.9971818987796018, 0.9971165076246442, 0.9943579626967696, 0.9962234933982489, 0.9920597333430813, 0.9934419165139154, 1.0003396803457325, 0.9982601456345307, 0.9924922939518338, 0.9853707128325027, 1.0089278541974585]",0.007606431663106285
AR-S1,3,1,1,0.9999999948561737,7.172047275621154e-05,0.0,9.55353392173295e-05,[1.0000000834447444],0.37843068802355817
AR-S1,3,1,2,0.9999999947162354,7.268950827952457e-05,0.0,9.55973028355291e-05,"[1.0000000468585335, 0.9793167285269262]",0.3784306881399527
AR-S1,3,1,3,0.9999999946991103,7.280720907936017e-05,0.0,9.562145221233816e-05,"[1.0000000447039974, 0.9799210952799847, 0.9843880555835374]",0.37843068816926606
AR-S1,3,1,4,0.9999999946624377,7.305862189386291e-05,0.0,9.563948720018433e-05,"[1.0000000281541008, 0.9823246616625266, 0.9895714892311843, 0.9909944923304089]",0.3784306881851009
AR-S1,3,1,5,0.9999999946439956,7.318472775558565e-05,0.0,9.56542174907547e-05,"[1.0000000259782869, 0.9868098413733605, 0.9926244487704925, 0.9900075537680999, 0.9737164722685092]",0.37843068824176934
AR-S1,3,1,6,0.9999999946239202,7.332175535064851e-05,0.0,9.566541982979086e-05,"[1.0000000367816524, 0.9864351873876863, 0.9928824300079258, 0.9894451762270553, 0.9795538280862136, 0.9964945077272157]",0.37843068830770804
AR-S1,3,1,7,0.9999999946102921,7.34146303682375e-05,0.0,9.567311546412741e-05,"[1.0000000247699443, 0.9877105039573464, 0.9923368220772933, 0.9915804037072717, 0.9820680816978782, 0.9998100055817044, 0.9780221738441857]",0.37843068831675275
AR-S1,3,1,8,0.999999994596689,7.350721763994444e-05,0.0,9.568033896388777e-05,"[1.000000014569724, 0.9912027934230532, 0.9907366151700008, 0.9921789574653918, 0.9863668484343225, 1.003365813728709, 0.9730521592099779, 0.9858907918782875]",0.3784306883363941
AR-S1,3,1,9,0.9999999945890422,7.355921306984353e-05,0.0,9.56868564192194e-05,"[1.000000004112331, 0.9954756855877993, 0.9929352344381855, 0.9959314552622646, 0.9899091283314564, 1.0036619926442534, 0.9881854624425784, 0.9876183144251997, 1.0011384344873422]",0.37843068828147386
AR-S1,3,1,10,0.9999999945866105,7.357573978893382e-05,0.0,9.569017395187221e-05,"[1.0000000042114694, 0.9945924840549459, 0.995051367541872, 0.9948673056978434, 0.99169386520819, 0.9994646839383083, 0.9924886890922786, 0.9863645661373737, 0.9983119485070441, 1.0014931702032457]",0.37843068825705606
AR-S1,3,1,11,0.9999999945803891,7.36180065412198e-05,0.0,9.569354113167218e-05,"[1.000000003057251, 0.996837642425793, 0.9958286218923563, 0.99825631645996, 0.9940350764674925, 0.9989752612482089, 0.996900758060684, 0.9971007412534307, 1.0001155219688473, 0.9986843115166986, 0.991717648623909]",0.37843068831807986
AR-S1,3,1,12,0.9999999945774345,7.363807124370226e-05,0.0,9.569615746112942e-05,"[1.000000002196608, 0.9991442256451523, 0.9960361549139268, 0.9981729569798169, 0.9952749062832672, 1.0024333839105732, 0.9985758189605569, 0.9959435227775105, 0.9996764930549972, 0.9933751687914657, 0.9918338818669561, 1.0001394621710546]",0.3784306883180245
AR-S1,3,2,1,0.9999999962068348,6.158867749027796e-05,0.0,7.324173351929863e-05,[1.0000000293035212],0.017754143322465308
AR-S1,3,2,2,0.9999999961931967,6.169929736780118e-05,0.0,7.332790099111326e-05,"[1.0000000222144405, 0.9648790964943799]",0.017754143278789984
AR-S1,3,2,3,0.9999999961662662,6.191715213588712e-05,0.0,7.338829721881631e-05,"[1.0000000116636487, 0.9772017856560055, 0.9706632226159102]",0.017754143245395742
AR-S1,3,2,4,0.9999999961335623,6.218068595137268e-05,0.0,7.34408725798544e-05,"[1.0000000111606422, 0.9768476342508488, 0.9812267842912732, 0.9831160223225395]",0.01775414328654353
AR-S1,3,2,5,0.9999999961087626,6.237978363261272e-05,0.0,7.349605950195684e-05,"[1.000000002267797, 0.9845711452227666, 0.9900289467822684, 0.9867655466749587, 0.9720456915742235]",0.017754143370218044
AR-S1,3,2,6,0.9999999960888912,6.253885835774539e-05,0.0,7.353355294621062e-05,"[0.9999999981702297, 0.988732074240479, 0.9874449858131106, 0.9882629425873544, 0.97626407388459, 0.9892114816542328]",0.017754143357872572
AR-S1,3,2,7,0.9999999960678397,6.270693933007814e-05,0.0,7.356270198456086e-05,"[0.9999999958720543, 0.9907343163403094, 0.9833248928266757, 0.992043482930979, 0.9742330719232747, 0.9897705262590175, 0.9801834513606014]",0.01775414341146905
AR-S1,3,2,8,0.9999999960530036,6.282512540154829e-05,0.0,7.359110010855928e-05,"[0.9999999955376466, 0.995086834412016, 0.9905371217210129, 0.9913649186825229, 0.98416090028442, 0.9923332666862399, 0.9879941931508687, 0.987569807997459]",0.01775414335949957
AR-S1,3,2,9,0.9999999960363043,6.295788821429164e-05,0.0,7.361620758527556e-05,"[0.999999998355249, 0.9974432354039995, 0.9952724512953609, 0.9977761121176031, 0.9890615770171279, 0.9992407360153102, 0.9931076637246369, 0.9872809733153378, 0.9800743206686386]",0.01775414338521871
AR-S1,3,2,10,0.9999999960280109,6.30237183550592e-05,0.0,7.363554672751977e-05,"[0.9999999964668533, 0.9962763170275695, 0.9967068148078333, 0.9982613291120521, 0.9905845748293521, 0.9993848285167181, 0.9984038990041867, 0.9936305996848402, 0.9913547045210144, 0.9886298012801956]",0.017754143350862103
AR-S1,3,2,11,0.9999999960111374,6.315744303252034e-05,0.0,7.365321481907886e-05,"[1.000000002907755, 0.9957771718271168, 0.9996326273386661, 1.000767073766969, 0.9902911519260823, 0.9981289588059175, 0.9983962159163605, 0.9949659797888201, 0.9880799183778877, 0.9906670524883765, 1.0004943658996897]",0.017754143374486008
AR-S1,3,2,12,0.9999999959966708,6.327186718239786e-05,0.0,7.366844521568383e-05,"[1.000000000261196, 0.997378203817474, 1.0007593827037633, 1.0004515741478277, 0.9934948629179597, 1.0008898279962142, 0.9952932936850513, 1.0035611703047462, 0.9844398944575575, 0.9860287712312735, 0.9989343496065802, 0.9942311076884924]",0.017754143470105774
AR-S1,4,0,1,0.9999999978467645,4.640296785325063e-05,0.0,4.710365420875386e-05,[0.9999999979925539],0.0073579708797116014
AR-S1,4,0,2,0.999999997831817,4.656375220959672e-05,0.0,4.722155320375665e-05,"[0.9999999895369196, 1.003233724983652]",0.00735797079611655
AR-S1,4,0,3,0.9999999978168344,4.67243579161665e-05,0.0,4.73065711359429e-05,"[0.999999996083889, 1.0021940030899725, 0.9795101151998493]",0.007357970679463754
AR-S1,4,0,4,0.9999999978047703,4.685327788738668e-05,0.0,4.735523182700843e-05,"[0.9999999964415194, 0.99974094986577, 0.9865908531674711, 0.9770277413943391]",0.007357970572931337
AR-S1,4,0,5,0.9999999977941727,4.6966236258182455e-05,0.0,4.740282010282869e-05,"[0.9999999974694591, 1.0060653586755977, 0.9851799849269388, 0.9761070290760403, 0.9890329103067035]",0.007357970388650012
AR-S1,4,0,6,0.9999999977777239,4.71410242099534e-05,0.0,4.743728841191606e-05,"[0.9999999976027003, 1.0034280561800617, 0.9882244150184426, 0.9799321094510745, 0.9876090414140029, 0.9939934142100152]",0.007357970511983075
AR-S1,4,0,7,0.9999999977666764,4.7258054083769575e-05,0.0,4.7463151762486756e-05,"[0.9999999960190817, 0.9948037135387521, 0.9905341651301993, 0.9789076730161792, 0.9934367314656273, 0.9896855880247882, 0.9723384126410795]",0.0073579703911799054
AR-S1,4,0,8,0.9999999977578778,4.735105224350356e-05,0.0,4.749037261493268e-05,"[0.9999999965509319, 1.0011240717135814, 0.9967367156031819, 0.9895770539523601, 0.9977346558563491, 0.9915387453660653, 0.984440689906291, 0.9809234491412261]",0.007357970423057886
AR-S1,4,0,9,0.9999999977502037,4.743201801156252e-05,0.0,4.751083765417664e-05,"[0.9999999985687542, 1.0013300058840604, 0.9989212995639264, 0.995318410812131, 0.9984313233822028, 0.9948962225282894, 0.9881494729065505, 0.9890917172613299, 0.9973116766823096]",0.007357970422860766
AR-S1,4,0,10,0.9999999977452638,4.7484062691360405e-05,0.0,4.752374804164202e-05,"[0.9999999974726379, 1.0015776519944082, 0.9951556605472907, 0.9945728650539216, 0.9928333151009366, 0.9956894347597641, 0.9892705679193265, 0.9942352800868051, 0.9970515652522004, 0.9958184054581359]",0.007357970358939694
AR-S1,4,0,11,0.9999999977424103,4.7514099299641405e-05,0.0,4.7536459492273766e-05,"[0.9999999999617328, 1.0007990619092602, 0.9913259117920246, 0.9932358712995519, 0.9957207034269375, 0.9956654427262529, 0.9929634530106852, 1.001706203473535, 0.99714315381902, 1.001710588319176, 0.9838159918748621]",0.0073579704075742575
AR-S1,4,0,12,0.9999999977388309,4.75517521907988e-05,0.0,4.754878136258711e-05,"[0.9999999991134236, 1.0013729613139255, 0.995602530652889, 0.9963363002800718, 1.0011214661383578, 0.9960723559699736, 0.9960232364221469, 1.0014444128700917, 0.996682903018728, 1.0012794355541474, 0.993806238990967, 0.988884968750383]",0.0073579703935416005
AR-S1,4,1,1,0.9999999948614553,7.168364282065033e-05,0.0,8.583971244575403e-05,[0.999999987491606],0.3701346636235968
AR-S1,4,1,2,0.9999999948461626,7.179023162724381e-05,0.0,8.585151834784418e-05,"[0.9999999924921271, 0.9657303345527056]",0.37013466357775926
AR-S1,4,1,3,0.9999999948339151,7.187548223438956e-05,0.0,8.586150594349142e-05,"[0.9999999959428547, 0.9753902341379131, 0.9690763761438188]",0.37013466358871583
AR-S1,4,1,4,0.9999999948250841,7.193688892936433e-05,0.0,8.586902137506714e-05,"[1.000000002707542, 0.9787624603753439, 0.9713855621073733, 1.0020898282518473]",0.37013466357357944
AR-S1,4,1,5,0.9999999948165672,7.19960607613366e-05,0.0,8.587499386534234e-05,"[1.0000000030881195, 0.9756737773081998, 0.9769385914930724, 0.998621927261699, 0.9819214160143009]",0.37013466354346103
AR-S1,4,1,6,0.9999999948091997,7.204720888976192e-05,0.0,8.588061822272388e-05,"[1.0000000018245059, 0.9830161352747026, 0.9870399432730073, 1.0007774296379288, 0.9886063427814659, 0.985491590884966]",0.37013466349837226
AR-S1,4,1,7,0.9999999948055981,7.207219940816523e-05,0.0,8.588457950816393e-05,"[1.0000000039491348, 0.98765334636651, 0.9886463133614302, 0.9952397682229559, 0.9911055412525293, 0.9912899318626328, 0.9946358416012365]",0.3701346634953704
AR-S1,4,1,8,0.9999999948005817,7.21069922713778e-05,0.0,8.588776880457202e-05,"[1.0000000034512748, 0.9841802851140532, 0.9902195906714529, 0.9948321138927377, 0.9961464163033975, 0.994607707961219, 0.9956941456955073, 1.0035211177016679]",0.37013466346301294
AR-S1,4,1,9,0.9999999947973428,7.21294474996729e-05,0.0,8.589029969831577e-05,"[1.0000000027586098, 0.9895202288044034, 0.9961625763168956, 0.9936348810529325, 0.9965791269153972, 0.9956242777625841, 0.9953498294278972, 1.004915975424241, 0.9951894678387767]",0.3701346634489027
AR-S1,4,1,10,0.9999999947941591,7.215151299705211e-05,0.0,8.58923816009344e-05,"[1.0000000032328822, 0.9941834344204507, 0.9970151955508771, 0.996765651932131, 0.9977413272853772, 0.9980408785456957, 0.9986819912363589, 1.0007296730238011, 1.0008658387216567, 1.00044904125245]",0.3701346634558982
AR-S1,4,1,11,0.9999999947921314,7.216556354005753e-05,0.0,8.589410543581141e-05,"[1.0000000032299572, 0.9939694839678441, 0.9987011239420919, 0.9939451232924585, 0.9994969143793087, 0.9949987980238888, 1.0034561344452106, 0.9998936543568526, 1.0006243002695667, 1.002455318199997, 0.9965799575212871]",0.37013466345687374
AR-S1,4,1,12,0.9999999947898247,7.218154418710004e-05,0.0,8.589580540421031e-05,"[1.000000003189555, 0.9967904545592241, 1.0004934411637882, 0.9959313384630657, 1.0006757270800324, 0.998032551642323, 0.9999754144407006, 1.001308053354278, 1.0022770094224098, 0.9949376059111417, 0.9944202038793034, 0.9959060371234904]",0.3701346634445503
AR-S1,4,2,1,0.9999999938912558,7.815845554165631e-05,0.0,8.284274219788321e-05,[0.999999950250433],-0.010366160415934488
AR-S1,4,2,2,0.9999999938649121,7.83268017018619e-05,0.0,8.294002811439559e-05,"[0.9999999593048998, 0.9633438764166513]",-0.010366160455653004
AR-S1,4,2,3,0.9999999938399808,7.848578975469436e-05,0.0,8.300076308026107e-05,"[0.9999999745388525, 0.9685155378044107, 0.9688618922068073]",-0.010366160402958163
AR-S1,4,2,4,0.9999999938025209,7.8724069088108e-05,0.0,8.305028127148183e-05,"[0.9999999770528332, 0.978961026776226, 0.9789486744768596, 0.9850581993946786]",-0.010366160553594198
AR-S1,4,2,5,0.99999999377903,7.88731256662676e-05,0.0,8.309068111702947e-05,"[0.9999999785886998, 0.983119201363376, 0.9843383346907212, 0.9810875386169138, 0.9710770514388104]",-0.010366160371359758
AR-S1,4,2,6,0.9999999937333536,7.916215263026288e-05,0.0,8.312930437288768e-05,"[0.9999999844523773, 0.9846664908744889, 0.9884848667032812, 0.9892122677715889, 0.9720502846157717, 0.9895224545804101]",-0.01036616039686624
AR-S1,4,2,7,0.9999999937027374,7.935529328118473e-05,0.0,8.316639033011069e-05,"[0.9999999874112688, 0.9868824723814152, 0.9891735111028578, 0.9989363856976691, 0.9775203491652795, 0.992616960046515, 0.9787190594559281]",-0.010366160576094414
AR-S1,4,2,8,0.9999999936802662,7.949675365468026e-05,0.0,8.319516211045927e-05,"[0.9999999951594958, 0.9892385414984693, 0.9931195337592574, 1.0001511030162502, 0.979591402767311, 0.9904591806981767, 0.9810953116293185, 1.0010238968385907]",-0.010366160522254784
AR-S1,4,2,9,0.9999999936660667,7.958601191969546e-05,0.0,8.321910797152387e-05,"[0.9999999936785213, 0.9935317867716051, 0.993363606350783, 1.0010480962162223, 0.9819422128000322, 0.9876981403480551, 0.9857469508233714, 1.0015377471338318, 1.0022362119162496]",-0.010366160582090753
AR-S1,4,2,10,0.9999999936513099,7.967866804927908e-05,0.0,8.323866322271808e-05,"[0.9999999955427525, 0.9961385343606929, 0.9930824146061896, 0.9992973589263869, 0.9809968743581902, 0.9877432877437292, 0.9925113626626174, 0.9992127123626428, 0.9962512204397274, 1.0002648321508592]",-0.010366160588028073
AR-S1,4,2,11,0.9999999936427719,7.973222742252503e-05,0.0,8.325434029025542e-05,"[1.0000000007232996, 0.9977276325822161, 0.9941764082121187, 0.9999172260321035, 0.9871504619342324, 0.9912998761532495, 0.9937535512149306, 0.9990348861663673, 0.9988260149863647, 0.997874777564934, 0.9802296863122572]",-0.010366160549571853
AR-S1,4,2,12,0.9999999936245525,7.984639966302771e-05,0.0,8.326913857462236e-05,"[1.0000000022320308, 0.9986552971613553, 0.9981768946618962, 1.0015737266964893, 0.9856640906960613, 0.9934036974993, 0.9956888776865148, 1.0003014697061836, 1.0034041791647978, 0.9987270903364333, 0.9849280774739692, 0.9909441230638465]",-0.010366160587255405
AR-S2,0,0,1,0.9999988324035918,0.001080553750747828,0.0,0.001084257644928696,[1.0000008480485956],0.019560935617752902
AR-S2,0,0,2,0.9999988251242625,0.0010839168498648119,0.0,0.0010847073059588352,"[1.0000010809267166, 1.1241020316726367]",0.019560935380663183
AR-S2,0,0,3,0.9999988225571007,0.0010851004097731836,0.0,0.0010848313326116243,"[1.0000010800437578, 1.1280111673964957, 0.9943191057219455]",0.019560935648322012
AR-S2,0,0,4,0.9999988206331013,0.0010859866015162476,0.0,0.0010849527672588883,"[1.0000011164122846, 1.1293915225767188, 1.0101990949860566, 1.1233204161920858]",0.019560936196864335
AR-S2,0,0,5,0.9999988192772276,0.0010866106811661066,0.0,0.001085037860296943,"[1.000001138151685, 1.1307527722198032, 1.0158204352882658, 1.1216937594681524, 1.0194732016097372]",0.0195609358913486
AR-S2,0,0,6,0.9999988179666026,0.0010872135932909004,0.0,0.0010851152619801127,"[1.0000011688958175, 1.1308877198296694, 1.0221715288592779, 1.1303436835454788, 1.0212296476904876, 1.1171542667735015]",0.019560935888365397
AR-S2,0,0,7,0.9999988165501524,0.001087864811246819,0.0,0.0010851730458450043,"[1.0000011856639561, 1.1313599331680764, 1.0247210174593002, 1.1286173247600608, 1.027592243432359, 1.117888765889985, 1.089465490181929]",0.019560935713013868
AR-S2,0,0,8,0.9999988155182374,0.0010883389924977746,0.0,0.0010852169817762599,"[1.000001212522974, 1.1347278496957096, 1.0250669539686186, 1.1324300825194753, 1.0315755839413008, 1.1195199504752045, 1.0863076066678383, 0.9919728776345024]",0.019560935556185703
AR-S2,0,0,9,0.9999988146461961,0.0010887395482553595,0.0,0.0010852622505817724,"[1.0000012262246865, 1.1331340274096293, 1.0272409360594295, 1.1343274825733056, 1.0348636965973104, 1.1196458040854271, 1.0825950252786454, 0.993935303210209, 1.1377274315695838]",0.019560935407570767
AR-S2,0,0,10,0.9999988139006856,0.0010890818676596494,1.0591192922478629e-05,0.0010852978358304635,"[1.0000012173098454, 1.1349534303170272, 1.027398526424904, 1.134413819890243, 1.0395887872404854, 1.1190539225208815, 1.0861289040057693, 0.9941749006463719, 1.136477783754263, 1.0969827243516492]",0.019560935423695854
AR-S2,0,0,11,0.9999988133111899,0.0010893524728509292,2.6489035635988447e-05,0.001085321350623897,"[1.0000012220886765, 1.1348888059288091, 1.026652635624116, 1.1325199015324328, 1.042527668540092, 1.1211338834682347, 1.0886485287777194, 0.9979887544548827, 1.136900328682345, 1.0904049353216523, 1.1105629623326703]",0.01956093561669094
AR-S2,0,0,12,0.9999988129351319,0.0010895250653852261,3.2828752720318115e-05,0.0010853383506245265,"[1.0000012265697087, 1.1348641361809457, 1.0311007369070813, 1.1320288778847636, 1.0416422714919493, 1.118698631943385, 1.0877586207639895, 1.0001838145448618, 1.1345641280227527, 1.088699635660519, 1.1164670240436931, 0.9767847284186274]",0.019560935728852164
AR-S2,0,1,1,0.9999983919888228,0.0012680738059039963,0.0,0.0012587179303555213,[0.9999985615442291],0.42055050719266435
AR-S2,0,1,2,0.9999983514811877,0.0012839465768884654,0.0,0.0012600879092563636,"[0.9999997490511421, 1.0287795612691544]",0.4205505077765595
AR-S2,0,1,3,0.999998335251708,0.0012902512515168408,0.0,0.0012608196764510233,"[1.000000327651558, 1.0312293185403014, 1.009145480258057]",0.4205505071417947
AR-S2,0,1,4,0.9999983272198678,0.0012933600164658837,0.0,0.0012613286705966658,"[1.000000437178812, 1.032783176334527, 1.017688006199106, 1.0235466790446839]",0.4205505084051327
AR-S2,0,1,5,0.9999983183574853,0.0012967815987016049,0.0,0.0012617666851259075,"[1.0000005830407614, 1.0350803153343118, 1.0201005902201103, 1.0383915420738759, 1.029277866080827]",0.4205505096494995
AR-S2,0,1,6,0.9999983131244412,0.0012987977358945764,0.0,0.0012620088675380455,"[1.0000006187282477, 1.0361915123989147, 1.0225790120265235, 1.0360609340970608, 1.030199972179819, 0.9828790180690987]",0.420550510343745
AR-S2,0,1,7,0.9999983089102644,0.001300419061513553,0.0,0.001262230851537943,"[1.0000005946653563, 1.0359387239673086, 1.026309348789801, 1.0385020406857894, 1.0304906928317246, 0.9925627677169051, 1.0076277532280382]",0.42055050963915763
AR-S2,0,1,8,0.9999983042231226,0.0013022199804077236,0.0,0.0012623921574133755,"[1.0000005898994158, 1.0300347149690086, 1.0295921544841544, 1.0396911699529128, 1.024789592091131, 0.9975586238107462, 1.012836082484987, 0.9844159980690314]",0.4205505082036489
AR-S2,0,1,9,0.9999983010223236,0.0013034483788827136,0.0,0.0012625368907142837,"[1.0000006406288617, 1.0296856102597565, 1.0317491286221805, 1.0372814567925452, 1.030725037473505, 1.0024365766847008, 1.0127392782307156, 0.9843845413166561, 1.0124387361090545]",0.4205505081383084
AR-S2,0,1,10,0.9999982995572249,0.0013040102665039818,0.0,0.001262611803024261,"[1.0000006392527825, 1.027803645993854, 1.0326410703361075, 1.0374337377953922, 1.0355187893783695, 1.002180902658137, 1.0144837382752654, 0.9839965555898963, 1.0133678844919523, 0.974537350075059]",0.42055050774295544
AR-S2,0,1,11,0.9999982984741507,0.0013044254862898217,2.202015543272831e-05,0.0012626889106956607,"[1.0000006771143464, 1.0283465912544831, 1.0330230360994945, 1.0380910052634793, 1.0338134894455109, 0.9995614830691817, 1.015143595314119, 0.9869631963335047, 1.0124648093515538, 0.9774430955046172, 1.060452983688812]",0.42055050727445653
AR-S2,0,1,12,0.9999982974710699,0.00130480992102434,3.857418782538364e-05,0.0012627575032674813,"[1.0000006959860661, 1.027132014371594, 1.0360225141320716, 1.0374074685976813, 1.0372988094621216, 1.0000752194493976, 1.0170336391326733, 0.9880610827633088, 1.0162696108869977, 0.9801457847723704, 1.0565546156202967, 1.0057835312072554]",0.4205505069458215
AR-S2,0,2,1,0.9999976899758605,0.001519876356662227,0.0,0.0015156340748530253,[1.0000004136785658],-0.00015951293364497036
AR-S2,0,2,2,0.999997683494416,0.0015220070906564929,0.0,0.0015160680534583783,"[1.0000002672688062, 0.971857931933849]",-0.00015951172156512922
AR-S2,0,2,3,0.9999976791429394,0.001523435939140641,0.0,0.0015164286892639042,"[1.0000002659275429, 0.9842712217579391, 0.9872015950002643]",-0.00015951404738898982
AR-S2,0,2,4,0.9999976728572639,0.0015254975372184763,0.0,0.0015167474517150017,"[1.000000028914765, 0.983645654460073, 0.9845643638384125, 0.9824081119014475]",-0.00015951333671223276
AR-S2,0,2,5,0.9999976672073024,0.0015273482567914384,0.0,0.0015169671291440667,"[1.0000000250027943, 0.9888179963265009, 0.9878448032307425, 0.9832970004102178, 0.9715091326335465]",-0.00015951220676682466
AR-S2,0,2,6,0.9999976628543542,0.0015287725945484412,0.0,0.0015172032440903262,"[0.9999999983162027, 0.9948542698403025, 0.9944594298094995, 0.9858319452185348, 0.9740466511799916, 1.0721096836784132]",-0.0001595116917238571
AR-S2,0,2,7,0.9999976591414625,0.0015299864500749674,0.0,0.0015173593058232084,"[0.9999999579720895, 0.9915081986388655, 1.0008926416717867, 0.9897563554183699, 0.9744224273925224, 1.0729261611993637, 0.9964464137248514]",-0.00015951232769329104
AR-S2,0,2,8,0.9999976564761668,0.0015308572216767887,0.0,0.001517480367820634,"[0.9999999095016039, 0.9946560793825125, 1.002611286773656, 0.9856362392564529, 0.9782537456713031, 1.06837791056729, 0.9983913620804215, 0.9998756867360702]",-0.0001595126009710909
AR-S2,0,2,9,0.999997655291947,0.0015312439560802864,0.0,0.0015175843960813066,"[0.9999999670426729, 0.9915002931523726, 1.001738279485761, 0.9935141358848698, 0.9839281091186997, 1.0669378489351586, 1.0038364871439118, 0.9943405198836801, 0.9731513396694175]",-0.00015951347511819838
AR-S2,0,2,10,0.999997653252659,0.0015319097039514682,0.0,0.0015176858511387068,"[0.9999999488851016, 0.9929473590591675, 1.0034695076361502, 0.9923299403940027, 0.9903488655029016, 1.0667179575012085, 1.0043476080172886, 0.9943477925941636, 0.9744402786944266, 1.0550403477606372]",-0.00015951397891235562
AR-S2,0,2,11,0.9999976517326544,0.0015324057378947845,0.0,0.0015177770255179494,"[0.9999999484413346, 0.998356366815215, 1.0030250933006946, 0.997782515986539, 0.9918795226685824, 1.0706503535707224, 1.0046120219011085, 1.0029166535369074, 0.9774985143483027, 1.0587802652222151, 1.0547227134699007]",-0.0001595141571464983
AR-S2,0,2,12,0.9999976501297508,0.001532928651036259,0.0,0.001517836782656985,"[0.9999999500979652, 1.0003786628855875, 1.0008484973079153, 0.9979043463631193, 0.991062919287247, 1.0754212072508054, 1.0049519450180917, 0.9969527363781273, 0.9825036844948, 1.0586946902963745, 1.056616526864183, 1.004206902515254]",-0.00015951471663216464
AR-S2,1,0,1,0.9999988290512862,0.0010821038368877686,0.0,0.001085567887697638,[1.000001288642075],-0.015620532116435394
AR-S2,1,0,2,0.9999988251719917,0.0010838948326689667,0.0,0.0010857500145291122,"[1.0000013476633114, 1.1086329717300794]",-0.015620531799062825
AR-S2,1,0,3,0.9999988219905673,0.0010853614295101668,0.0,0.0010859354191872566,"[1.0000013854189906, 1.108426851903448, 1.2894640476315529]",-0.015620532157191815
AR-S2,1,0,4,0.9999988204496543,0.0010860710592328292,0.0,0.0010860482501165256,"[1.0000014003361306, 1.1117025659968547, 1.2927714490413902, 1.0533456123891263]",-0.015620531853617909
AR-S2,1,0,5,0.9999988183183262,0.001087051826641009,0.0,0.0010861646886879252,"[1.000001438480942, 1.1037412292105422, 1.3029772939943118, 1.060584823762816, 1.101170679443995]",-0.0156205310065568
AR-S2,1,0,6,0.9999988174488387,0.0010874516822726007,0.0,0.0010862308069191904,"[1.000001431245206, 1.1050208380657505, 1.3080106828130686, 1.062382475409184, 1.1017726252984275, 1.0294791627129796]",-0.015620530836639696
AR-S2,1,0,7,0.9999988161321388,0.0010880569200077605,0.0,0.0010862992949037323,"[1.0000014366419854, 1.1083932222690434, 1.3151074986769622, 1.0641760805858034, 1.1021879274285002, 1.0430480518218188, 1.0882847464062182]",-0.015620530437905933
AR-S2,1,0,8,0.9999988147512691,0.0010886912927392297,0.0,0.0010863587369012728,"[1.000001455913508, 1.1108658249259977, 1.3152068613096157, 1.0678469028504776, 1.09863362946604, 1.0412038668728718, 1.0858107625040019, 1.188833676624597]",-0.01562053029476271
AR-S2,1,0,9,0.9999988138091306,0.001089123899925806,4.764331704919441e-06,0.0010864008366053167,"[1.0000014525309224, 1.110887364717821, 1.3163096254177402, 1.0690658915759883, 1.091113908725364, 1.0395862614907623, 1.0855113667007248, 1.189421153526753, 1.1103478053207219]",-0.0156205305545933
AR-S2,1,0,10,0.9999988131658449,0.0010894191824207214,2.5806675361822575e-05,0.0010864355113043163,"[1.0000014473999324, 1.1102087668662985, 1.3183291843092007, 1.0717619475663374, 1.0872038560551704, 1.0373667602872232, 1.0872804240021392, 1.19390449262668, 1.1139518751782913, 1.105677466950944]",-0.015620530785173526
AR-S2,1,0,11,0.9999988126117821,0.001089673445504756,3.49291755586088e-05,0.0010864625332607186,"[1.0000014505010322, 1.1114953237716318, 1.321156682268038, 1.0738085566245537, 1.088605962871335, 1.0397363775742525, 1.091911524366248, 1.194769179212247, 1.1050945861401713, 1.1042542886994362, 1.047440041665037]",-0.015620530896102266
AR-S2,1,0,12,0.9999988121913044,0.0010898663659500108,4.0503396105515e-05,0.0010864837511105872,"[1.0000014590750688, 1.1122269525624942, 1.3214600328437207, 1.0789705707379094, 1.089507722429272, 1.0373245320460323, 1.0887219677610203, 1.1969753884607182, 1.108300499066068, 1.1006708876012907, 1.0519071430818965, 1.0013160504086616]",-0.01562053052804657
AR-S2,1,1,1,0.9999983864523304,0.0012702549624251755,0.0,0.0012612954711327077,[0.999999287681732],0.37825240896340995
AR-S2,1,1,2,0.9999983716517085,0.0012760675105938433,0.0,0.0012619041702624397,"[0.9999998926707621, 1.0358658759252457]",0.3782524088601465
AR-S2,1,1,3,0.9999983594951121,0.0012808219579249864,0.0,0.0012623854746545817,"[1.000000041728688, 1.0433449418377592, 0.9984016289263263]",0.37825240950026184
AR-S2,1,1,4,0.9999983490211056,0.0012849042354880502,0.0,0.001262847333312481,"[1.0000003527945953, 1.060809125105973, 1.0020359784393627, 1.0731706884407044]",0.37825240862548115
AR-S2,1,1,5,0.9999983407511666,0.0012881183305096188,0.0,0.0012632829658895635,"[1.000000476896168, 1.0705425544186, 1.0101956098996825, 1.07747012731764, 1.1708941058302307]",0.37825240776647534
AR-S2,1,1,6,0.9999983366719608,0.001289700755692646,0.0,0.00126348612885852,"[1.0000004974691719, 1.068142033183371, 1.0115730412768495, 1.0762294714413851, 1.1707815119844054, 1.0412238982121358]",0.37825240775492486
AR-S2,1,1,7,0.9999983338881535,0.0012907795499367703,0.0,0.0012636534744280843,"[1.0000005513027168, 1.0681456865275158, 1.0120976786642604, 1.0801008615959204, 1.1751368411347662, 1.0399496965955493, 1.053445776610875]",0.3782524090452267
AR-S2,1,1,8,0.9999983305248444,0.0012920817139679488,0.0,0.0012637811528569771,"[1.000000503419594, 1.0669907205305942, 1.017031799440952, 1.0814557703204208, 1.179996138461505, 1.0468428294350833, 1.0496212649537533, 0.976515727508344]",0.3782524092948376
AR-S2,1,1,9,0.9999983273738439,0.0012933004894767563,0.0,0.0012639117670053897,"[1.0000005450070046, 1.071923977924586, 1.0224529064972194, 1.0815876402797935, 1.179189110166852, 1.043734709594554, 1.0568785006621706, 0.9759429729895414, 1.0003430729249048]",0.37825241036280943
AR-S2,1,1,10,0.999998325976429,0.0012938406281126583,0.0,0.0012640095771126506,"[1.0000005537581835, 1.0771735133192046, 1.0220355415583453, 1.081513965756729, 1.1808728288079813, 1.0477780986486527, 1.061253732173896, 0.9781160505685204, 1.0013760256330506, 0.9787822243419281]",0.378252408838944
AR-S2,1,1,11,0.9999983242040182,0.0012945253885991328,0.0,0.0012640845567188973,"[1.0000005845761502, 1.0761198592208647, 1.0204864953597423, 1.0810015646267386, 1.184051006200484, 1.052283986726932, 1.058271073603412, 0.977138532624821, 0.9997438399915157, 0.973154475422188, 1.0145258800551589]",0.3782524095572485
AR-S2,1,1,12,0.9999983228746261,0.0012950387538420813,3.2857201868792936e-05,0.0012641609855186997,"[1.0000006313605514, 1.0762749413584756, 1.0222068190204736, 1.0863758074425431, 1.1871794365186727, 1.0557165399131203, 1.0584146992134331, 0.9798212378160767, 1.0085910286148931, 0.9829975931854769, 1.0120046776649838, 1.011873598338483]",0.37825240962364154
AR-S2,1,2,1,0.9999977056994,0.0015146948867334354,0.0,0.0015189048671166996,[1.0000009717410283],0.00457231034724225
AR-S2,1,2,2,0.9999976902535064,0.001519785015607595,0.0,0.0015199912919027733,"[1.0000004506863158, 1.1403438687069003]",0.004572312875381519
AR-S2,1,2,3,0.9999976743272743,0.0015250156476860387,0.0,0.0015206009492467636,"[1.0000004756976333, 1.157017497672891, 1.0006036112702863]",0.00457231490140745
AR-S2,1,2,4,0.9999976615691166,0.0015291928862460995,0.0,0.001521099464077989,"[1.0000007429204871, 1.1663752704347856, 1.0101332201048046, 0.9903315986192094]",0.004572314210617665
AR-S2,1,2,5,0.9999976522214095,0.001532246256485233,0.0,0.001521602746332805,"[1.0000009729087063, 1.1775442297157628, 1.0132391545325339, 0.9978097339385325, 1.0754044047968776]",0.004572313821970104
AR-S2,1,2,6,0.9999976442378213,0.0015348492364598287,0.0,0.0015219016868658604,"[1.0000010362770706, 1.1758657409588014, 1.0126867078719701, 0.9995766585433216, 1.07936483561586, 0.9841637390598967]",0.004572313785949261
AR-S2,1,2,7,0.9999976367600083,0.0015372833153792227,0.0,0.0015222269993989043,"[1.0000011450547586, 1.1726248464946147, 1.0138644711807598, 1.002440128884005, 1.083913940273778, 0.9892841845139136, 1.203225946053573]",0.004572314003143626
AR-S2,1,2,8,0.9999976316646262,0.001538939691427499,0.0,0.0015224754281734012,"[1.0000012810893795, 1.1754908302705542, 1.019506258494069, 1.0058406248308926, 1.087007323488151, 0.9991520182604171, 1.2060823438539332, 1.0375316376749917]",0.004572311724709471
AR-S2,1,2,9,0.9999976287281613,0.0015398934504087622,0.0,0.0015226467840511436,"[1.0000012612230278, 1.178959060336243, 1.021214018599323, 1.0059414826484887, 1.088684152503936, 1.0061544950040158, 1.2067279486634743, 1.0476761536470827, 1.02937152841005]",0.004572313375872685
AR-S2,1,2,10,0.9999976252431024,0.001541024625869606,0.0,0.0015228375009569484,"[1.0000012141548285, 1.1804863356651647, 1.0260664746521568, 1.0135419469676252, 1.0853251137641327, 1.0118613327748511, 1.2108103775314132, 1.0505766024894314, 1.0347013017758742, 1.168887651909897]",0.004572313296080832
AR-S2,1,2,11,0.9999976214679641,0.0015422490187780359,2.1171190836611292e-05,0.0015229835265362002,"[1.0000012435088805, 1.183627803828296, 1.0275909106042245, 1.0163736660487939, 1.0923101792223167, 1.0176108675944313, 1.2115070862465656, 1.0429637381802814, 1.037822607189584, 1.1673983663010874, 1.255809795524283]",0.004572313338650526
AR-S2,1,2,12,0.9999976192234881,0.0015429765104881526,5.189118728476479e-05,0.0015230659365034415,"[1.0000012108843395, 1.1868885981820219, 1.0287393336373445, 1.0187911063684592, 1.093208286456599, 1.0180116873956742, 1.2149604340642783, 1.040354345781154, 1.0371113380572605, 1.166967367904136, 1.2575321795317538, 0.9977912751592437]",0.0045723132959590036
AR-S2,2,0,1,0.9999988253287618,0.0010838225122890685,0.0,0.0010845448468910963,[1.0000007895023455],0.006561170027614372
AR-S2,2,0,2,0.9999988197423044,0.0010863966566448256,0.0,0.0010848351849391288,"[1.000000966863878, 1.0581465527157061]",0.006561168095838719
AR-S2,2,0,3,0.9999988165719862,0.0010878547760622215,0.0,0.0010850308286662318,"[1.0000010883147035, 1.063849189455884, 1.0602501525194086]",0.00656116801406816
AR-S2,2,0,4,0.9999988142746997,0.0010889101433280847,0.0,0.0010851903079481448,"[1.000001041569522, 1.0633100994306552, 1.0637583457469684, 1.2099423168330015]",0.006561168235807136
AR-S2,2,0,5,0.9999988127214554,0.0010896231204536653,0.0,0.0010852912093695995,"[1.0000010949297622, 1.068702038066927, 1.0730773317178048, 1.2225321954029986, 1.0154859244095416]",0.006561167974114471
AR-S2,2,0,6,0.9999988110466179,0.0010903913894024422,0.0,0.0010853621184218419,"[1.0000011494748366, 1.0674115551842063, 1.0764172024265295, 1.2190136321985516, 1.0254683512275398, 1.0530728200949362]",0.0065611679922952465
AR-S2,2,0,7,0.999998809157035,0.0010912575154541741,0.0,0.0010854513045561,"[1.0000012039308646, 1.073689014975493, 1.0732220857377837, 1.225489010418607, 1.026866610788591, 1.0504182846754557, 1.1719136278273756]",0.006561167903968834
AR-S2,2,0,8,0.9999988081217767,0.0010917317543024617,0.0,0.001085512348042702,"[1.0000012275393593, 1.077367388349037, 1.0745473639893086, 1.2299324384556507, 1.0262902611189417, 1.0590566916461819, 1.1645076625797857, 1.1954028126562646]",0.006561167936391717
AR-S2,2,0,9,0.9999988072413557,0.0010921349020425605,0.0,0.0010855612855586907,"[1.0000012474597673, 1.0797018777763376, 1.074178227716405, 1.2296123595820188, 1.0347667557211802, 1.0622757673333705, 1.1723013180225315, 1.1907798951473423, 1.1106396737812854]",0.006561168548144952
AR-S2,2,0,10,0.9999988061376084,0.0010926401015879186,0.0,0.001085594127090703,"[1.0000012467862172, 1.0795306584872935, 1.0696102088503392, 1.2268961574532737, 1.0402540457382534, 1.0611340052466236, 1.1717448151273007, 1.1906366562264001, 1.118071120576899, 1.0202512783752413]",0.006561168470227744
AR-S2,2,0,11,0.9999988053739228,0.0010929895137476806,2.1411297671942334e-05,0.0010856241212388418,"[1.0000012877077369, 1.0776819358672174, 1.06820701067883, 1.2241149490700487, 1.0403925238069802, 1.056665450365389, 1.1751174300060057, 1.1962597595975144, 1.1186217517420152, 1.0228083274328772, 1.1008777693822631]",0.006561168606232143
AR-S2,2,0,12,0.9999988040718466,0.0010935850005333928,4.195854975122817e-05,0.0010857025213065973,"[1.0000012692679676, 1.0808638241695074, 1.0721317601860165, 1.2264531925180826, 1.0443492845117535, 1.0655127620519345, 1.1706592232840909, 1.196460183605635, 1.1161149541052535, 1.0331881053664258, 1.107014935494313, 1.8445250723925712]",0.006561168040363519
AR-S2,2,1,1,0.9999984055858533,0.0012627011311876072,0.0,0.001257850263126887,[0.9999996944371211],0.4513626328314967
AR-S2,2,1,2,0.9999983832598344,0.001271510977407751,0.0,0.0012588277150768076,"[1.0000001359795019, 0.985037720085299]",0.45136263565768675
AR-S2,2,1,3,0.999998363846947,0.001279121985187814,0.0,0.0012597603412722366,"[1.0000007831389344, 0.9963374851651257, 1.1143784066391909]",0.4513626347908217
AR-S2,2,1,4,0.9999983548380723,0.0012826386582821246,0.0,0.0012602716270843633,"[1.0000006328179663, 1.001473235146796, 1.1238434342544918, 1.0406128423974113]",0.45136263392974973
AR-S2,2,1,5,0.9999983465833184,0.0012858525116051496,0.0,0.0012606044704194712,"[1.0000004114440109, 1.0054293637102634, 1.119231292370312, 1.0412909722515675, 1.0424559335263752]",0.4513626350865934
AR-S2,2,1,6,0.9999983417687244,0.001287723291542871,0.0,0.0012608704160455653,"[1.0000004748662386, 1.0037978363078413, 1.1224443474149983, 1.0421093268654444, 1.0453484780055, 1.0373433824431642]",0.4513626342797763
AR-S2,2,1,7,0.9999983384624795,0.0012890064082413267,0.0,0.001261062507556762,"[1.0000005010003872, 1.0050457484445598, 1.1223069461894475, 1.043058494404578, 1.0461170957882613, 1.0297381144743596, 0.9964968637080514]",0.4513626339233991
AR-S2,2,1,8,0.999998335383027,0.0012902003615688144,0.0,0.0012612241694388761,"[1.0000005399267236, 1.0048585891467117, 1.1212503367362143, 1.0423083343822506, 1.0450661317286174, 1.026767003501619, 0.9962503864589254, 1.0267508410044517]",0.4513626334417614
AR-S2,2,1,9,0.9999983324650038,0.0012913307075113594,0.0,0.0012613641974916566,"[1.0000005028594017, 1.0052036660708985, 1.1237623685338518, 1.0459149846808378, 1.0447221653822287, 1.027145751075115, 1.0012674660399532, 1.02177949392386, 1.003968567254585]",0.45136263378887187
AR-S2,2,1,10,0.9999983294052285,0.0012925149018602929,0.0,0.001261487959829082,"[1.0000005595198995, 1.0083582215845326, 1.123651154194758, 1.0430670054687816, 1.0483137277828714, 1.0336498913865018, 0.9992811670672569, 1.021331650126493, 0.9995937622694623, 1.003476906953049]",0.4513626340269315
AR-S2,2,1,11,0.9999983265924706,0.0012936025392107427,0.0,0.0012615899923915852,"[1.0000005179670137, 1.0114053614351481, 1.122312471152239, 1.0446320442839685, 1.050781631918613, 1.037052047784043, 0.9982198991960134, 1.0207199018453057, 1.004187882612914, 1.008334857507697, 1.0097276180867147]",0.451362634253379
AR-S2,2,1,12,0.9999983235490516,0.0012947783395004144,0.0,0.0012616739922815604,"[1.000000476371331, 1.0106589266375348, 1.1236839378276708, 1.0459973379213436, 1.048082207991256, 1.0382313221594388, 1.0031355650467486, 1.0193749280933173, 1.0018937211196568, 1.010636243486743, 1.0114579641259067, 1.0707943683901051]",0.4513626342612451
AR-S2,2,2,1,0.9999977090402955,0.001513591657115456,0.0,0.0015187025568112762,[0.9999990102758922],0.004220061839334615
AR-S2,2,2,2,0.9999976956917777,0.0015179948031275275,0.0,0.0015194722247184867,"[0.9999992776887479, 0.9731087422582909]",0.004220056010149027
AR-S2,2,2,3,0.9999976827416295,0.001522254371167868,0.0,0.0015199667087787605,"[0.9999996700568055, 0.981028771109389, 0.9778645342449467]",0.004220054274535075
AR-S2,2,2,4,0.999997677251316,0.0015240566537859973,0.0,0.0015202905306388433,"[0.9999997392113393, 0.9910603239167932, 0.9839042579378537, 0.99899527264935]",0.004220054354548875
AR-S2,2,2,5,0.9999976713612506,0.0015259877946396966,0.0,0.0015205294046212851,"[0.9999998873496225, 0.9911844022417358, 0.988841074788739, 1.0164662203124712, 1.009545638816319]",0.004220053861891
AR-S2,2,2,6,0.9999976660136267,0.0015277389741816404,0.0,0.0015207361000606375,"[1.000000013404339, 0.9902204077906062, 0.9965385930547571, 1.0169769792292598, 1.0160943301416432, 0.9966019153914439]",0.0042200533906813
AR-S2,2,2,7,0.9999976630472512,0.0015287095043621734,0.0,0.0015209384683384118,"[1.000000074582328, 0.9925852024499056, 1.0014087228051252, 1.0239525840102306, 1.0209686409774608, 1.0073205918935806, 1.0038056130237005]",0.004220052951590937
AR-S2,2,2,8,0.9999976587247053,0.0015301226404381236,0.0,0.0015210995847126801,"[1.0000000979153647, 0.9981980041196526, 1.0045194555902357, 1.0252051398650621, 1.0205312473171382, 1.0113352638626116, 1.0031899305356908, 1.0836654899110258]",0.004220052509788875
AR-S2,2,2,9,0.9999976557838594,0.0015310833225787778,0.0,0.001521213661885053,"[1.0000000713995696, 1.0009524704894812, 1.005822935505973, 1.0271917517668647, 1.0196946122154822, 1.0095693847831257, 1.0092503180243415, 1.0818296911405534, 1.0153980790011319]",0.00422005237276692
AR-S2,2,2,10,0.9999976542789286,0.0015315747031624557,0.0,0.0015212896361259224,"[1.0000000191439493, 1.0006753994588498, 1.0063308720274093, 1.027844498589925, 1.018621701439356, 1.0107310282136295, 1.0123988723110575, 1.0809078176223776, 1.0142579503654217, 1.0031584550206385]",0.004220052703877434
AR-S2,2,2,11,0.9999976528536809,0.0015320399208378973,0.0,0.0015213546493741048,"[1.000000050175338, 0.9986268802163891, 1.0076444584669872, 1.0318848968334289, 1.0174133070237126, 1.0076501039938852, 1.0159554351264082, 1.0846947411025663, 1.0154947984795464, 1.0052677373062209, 1.0351988038743298]",0.004220052682547347
AR-S2,2,2,12,0.9999976519656895,0.0015323297003358703,0.0,0.001521408357566662,"[1.00000005578335, 0.998108712181806, 1.0082873649666886, 1.0347465011563974, 1.0191318003791296, 1.0078137177388478, 1.0159411007539385, 1.079980001368506, 1.0146932742578365, 1.0077235014410277, 1.0370549182725326, 1.0981021254300711]",0.00422005291873243
AR-S2,3,0,1,0.9999988192629699,0.0010866172417730126,0.0,0.0010834272317086014,[1.0000009055482268],0.007606430281496763
AR-S2,3,0,2,0.9999988153276493,0.0010884265481144201,0.0,0.0010836022049303111,"[1.0000008993564218, 1.0742850520894864]",0.0076064310393648285
AR-S2,3,0,3,0.9999988119598134,0.0010899725622935993,0.0,0.0010837294826857244,"[1.0000008760295764, 1.0635979394864017, 1.0159444162100255]",0.007606430445992697
AR-S2,3,0,4,0.9999988088096684,0.0010914166626861195,0.0,0.0010838503160473989,"[1.0000008475520243, 1.07360779927751, 1.0204046503075288, 1.0654248057098554]",0.007606429776372976
AR-S2,3,0,5,0.9999988071852411,0.0010921605920615682,0.0,0.0010839242336698363,"[1.0000009013212814, 1.068567686610369, 1.0291856727318618, 1.0668749483532907, 0.9918565447218034]",0.007606429398738491
AR-S2,3,0,6,0.9999988050980192,0.0010931157215936383,0.0,0.0010840270655193228,"[1.0000009032498045, 1.070765836490196, 1.0272458676225038, 1.0675759602587984, 1.010129131495201, 1.1576816775941845]",0.007606429707306179
AR-S2,3,0,7,0.9999988033626328,0.0010939092134303037,0.0,0.001084103644738702,"[1.0000009240384782, 1.0754039460642546, 1.034241221248599, 1.072580672903421, 1.0199511706037738, 1.1721713569381955, 1.1173461101915703]",0.007606429275217919
AR-S2,3,0,8,0.9999988020108656,0.0010945268998430013,0.0,0.001084162429404753,"[1.000000922287869, 1.0787787896584782, 1.0353804465828644, 1.0783882772648095, 1.0297372960759463, 1.1782016974260905, 1.1161250809913652, 1.061521036047838]",0.0076064291575892225
AR-S2,3,0,9,0.9999988011279268,0.0010949301681630942,0.0,0.0010842093219909936,"[1.0000009132249408, 1.0812833733447733, 1.0396843003589213, 1.077525718839394, 1.034834250421462, 1.181449398381565, 1.1165282980823954, 1.0581456484740719, 1.0571660263338907]",0.007606429176531411
AR-S2,3,0,10,0.9999988003133913,0.0010953020627905356,0.0,0.0010842514825540699,"[1.0000009287742009, 1.0845535440659058, 1.038774490543494, 1.0791637507268035, 1.0332460757090383, 1.1841658906061354, 1.121731374117701, 1.0656508901283759, 1.054076892635475, 1.060760904955958]",0.007606429482960544
AR-S2,3,0,11,0.9999987993266367,0.0010957524187921205,3.1443798868673063e-06,0.0010842880256943374,"[1.0000009532162613, 1.0830557409469896, 1.0461064549834242, 1.0777160345370773, 1.0364361405130211, 1.1876627953804566, 1.1188682923551745, 1.0656065698091226, 1.0625239651551326, 1.063113170262441, 1.104722704399215]",0.007606429474638669
AR-S2,3,0,12,0.999998798666366,0.001096053663840813,2.5887407266102774e-05,0.0010843155198083875,"[1.000000967838412, 1.0866305053971363, 1.0434928776476726, 1.0802685931868048, 1.0388805627100963, 1.1879369872864172, 1.1201744075311315, 1.0670147236658818, 1.0619680407035386, 1.0643550814187883, 1.1035909717406431, 1.0293555308721702]",0.0076064295414598904
AR-S2,3,1,1,0.9999984212482438,0.0012564838861573847,0.0,0.0012580409747670609,[0.9999984843645554],0.3784307056449638
AR-S2,3,1,2,0.9999983794491816,0.00127300856965942,0.0,0.0012594379707269174,"[0.9999996223685348, 0.9999009611286953]",0.3784307071118278
AR-S2,3,1,3,0.9999983622686806,0.0012797387699978562,0.0,0.0012600412465818198,"[1.0000002991316257, 1.0053691616381661, 1.0175638486180163]",0.37843070657419287
AR-S2,3,1,4,0.999998353834489,0.0012830298168681577,0.0,0.001260554212677251,"[1.000000404263412, 1.0094571541993578, 1.0095155172421637, 1.0902508270871871]",0.3784307019223002
AR-S2,3,1,5,0.9999983467748097,0.0012857780485940034,0.0,0.0012609061633152778,"[1.0000004116350014, 1.0058094207479475, 1.0106470435112858, 1.092329331381259, 1.030299035719767]",0.3784307007965573
AR-S2,3,1,6,0.9999983423856406,0.001287483731703469,0.0,0.0012611258196688739,"[1.0000003392736492, 1.0029969337224225, 1.012101738380619, 1.0866057999858152, 1.0324418154322728, 1.0243413106527262]",0.378430701425185
AR-S2,3,1,7,0.9999983385815028,0.0012889602387864251,0.0,0.0012613016440632698,"[1.000000395430401, 1.0021114043809336, 1.0145990795660926, 1.0930518826689637, 1.0310520977471465, 1.0271306926705688, 0.9897826653965682]",0.3784307005554779
AR-S2,3,1,8,0.9999983346773754,0.0012904737984671577,0.0,0.0012614958037029788,"[1.000000366384722, 1.0066047349403586, 1.016331855114448, 1.095209697722972, 1.0357010184091031, 1.0398717488603684, 0.9950992655867756, 1.1139046283081664]",0.3784307007270215
AR-S2,3,1,9,0.9999983301721471,0.0012922181909153828,0.0,0.0012616588784291221,"[1.00000040246145, 1.0081812843453444, 1.0144023832403393, 1.1029861379761168, 1.0348719682843082, 1.0413696453337633, 0.9945690702701542, 1.10679083250835, 1.1083688374374425]",0.3784307010698944
AR-S2,3,1,10,0.9999983275715216,0.0012932240634756379,0.0,0.0012617634596493559,"[1.0000004590496423, 1.009743668847242, 1.0156272072867276, 1.1048006354140547, 1.0390806503532026, 1.0469743018606563, 0.995956626232939, 1.1097486032175297, 1.110914570491358, 1.007372217641755]",0.37843070049248523
AR-S2,3,1,11,0.9999983259808918,0.0012938389035182865,0.0,0.001261832135000607,"[1.0000004845990453, 1.0097129158466487, 1.0153255644389079, 1.102835169109988, 1.045219970579192, 1.0461317388401286, 0.9903743410778012, 1.1082929746813797, 1.1129978259157394, 1.0105601456922517, 0.9438025441999072]",0.37843070066131357
AR-S2,3,1,12,0.9999983234539548,0.0012948150621602094,0.0,0.0012619100155002916,"[1.0000004971399659, 1.010200645228356, 1.016621909979043, 1.1028683246749995, 1.0470627286484577, 1.0478239151849953, 0.9948234388096665, 1.110837913793068, 1.1075926531049205, 1.0104693823328834, 0.9485829007919866, 1.0493277610155347]",0.3784307014475076
AR-S2,3,2,1,0.9999976938961701,0.0015185861285855124,0.0,0.001519391746835086,[1.0000004974066998],0.017754139218820925
AR-S2,3,2,2,0.999997681467286,0.0015226728847617616,0.0,0.001520114459546204,"[1.000000476496461, 1.0271893341547025]",0.017754140678950994
AR-S2,3,2,3,0.9999976684373877,0.0015269455171293212,0.0,0.001520528396884788,"[1.000001052242276, 1.0281458087085649, 0.977959901196556]",0.01775414064367056
AR-S2,3,2,4,0.999997661880662,0.0015290910169183801,0.0,0.0015208949712247712,"[1.00000100336139, 1.0305195615186062, 0.985859394040766, 0.9973730066943292]",0.01775414072384716
AR-S2,3,2,5,0.9999976547323917,0.0015314266578340756,0.0,0.0015212547695465076,"[1.000001066275337, 1.036680957945966, 0.9801052651290891, 1.0031266870772129, 1.0472158225938637]",0.017754141264459317
AR-S2,3,2,6,0.9999976478028499,0.001533687435587249,0.0,0.0015215247185894748,"[1.0000011148152095, 1.0401933601113553, 0.9876301108887146, 1.0058800561630556, 1.0542093647268596, 1.04109700199799]",0.017754140486522914
AR-S2,3,2,7,0.9999976424322103,0.0015354373284566048,0.0,0.0015217186832644663,"[1.0000011654078165, 1.0391112123028938, 0.9890463834790549, 1.0111637638105437, 1.0580487314357192, 1.0505838241635406, 1.01676126448932]",0.017754140812580085
AR-S2,3,2,8,0.9999976387038629,0.0015366509483348482,0.0,0.001521897241486445,"[1.0000012603098893, 1.0373661297897534, 0.992774059593596, 1.011293262351551, 1.0653720381606158, 1.0522455823161194, 1.0207068315857226, 1.0547163530551862]",0.017754141969853497
AR-S2,3,2,9,0.999997634060616,0.001538161039653962,0.0,0.0015220711906096325,"[1.0000012327232275, 1.0417946367590647, 0.9952328560271564, 1.01377600499911, 1.0662943951085062, 1.0553312520722213, 1.028697614592611, 1.0506415705052699, 1.0943404189395582]",0.017754142756006026
AR-S2,3,2,10,0.9999976316911082,0.0015389310873942358,0.0,0.001522172073701697,"[1.0000012333486876, 1.0431057407717783, 0.997752329477288, 1.0137986481206802, 1.068819393387594, 1.0561519591764212, 1.02534448172812, 1.054096733269183, 1.0922189367865525, 0.9981391612016538]",0.01775414325597997
AR-S2,3,2,11,0.9999976283301713,0.0015400226714915187,0.0,0.001522349413227049,"[1.0000011776695379, 1.0478247364136093, 1.0019239320300335, 1.0151991844833292, 1.077354420840504, 1.0624922334203701, 1.024443776110079, 1.0642258626755596, 1.094560171481965, 1.0053444461323457, 1.301949889965165]",0.017754143386502254
AR-S2,3,2,12,0.9999976263173966,0.0015406760215352405,0.0,0.0015224361146179445,"[1.000001214790996, 1.0460390639294892, 1.0054274220160038, 1.0203414238174604, 1.0789910867784218, 1.0609110230572738, 1.0211209039150384, 1.059889164089548, 1.0982140401535214, 1.016037224923504, 1.3055191300717104, 0.9818713263393725]",0.01775414274061842
AR-S2,4,0,1,0.9999988268127941,0.0010831376671311022,0.0,0.0010841535538642468,[1.0000010486335849],0.007357964632856529
AR-S2,4,0,2,0.9999988227736947,0.0010850006015558948,0.0,0.001084338428878094,"[1.0000010228909628, 1.0159436812224854]",0.007357965109898319
AR-S2,4,0,3,0.9999988193890612,0.001086559220082366,0.0,0.0010845087574526018,"[1.0000010653941056, 1.0185785148886528, 1.1055094843283992]",0.007357965439311538
AR-S2,4,0,4,0.9999988166146778,0.001087835153941187,0.0,0.0010846464345844865,"[1.000001117852789, 1.0189901529680652, 1.1051834631210364, 1.070838037267431]",0.007357966197747938
AR-S2,4,0,5,0.9999988143659332,0.001088868250425302,0.0,0.001084785108581679,"[1.000001145558835, 1.0186241809435124, 1.1117092332642857, 1.0827798966699917, 1.0963099634077387]",0.007357966438340136
AR-S2,4,0,6,0.9999988127139774,0.0010896265519090662,0.0,0.0010848679639416765,"[1.0000011375398818, 1.021079748487769, 1.108443758381615, 1.0890773565540812, 1.0962248679586954, 1.0000648689733689]",0.007357965599859517
AR-S2,4,0,7,0.999998810917609,0.0010904505449722565,0.0,0.001084959610197256,"[1.000001099918474, 1.0244696293246631, 1.1108906835454269, 1.0902121791412756, 1.1015736829198246, 1.0125611568800514, 1.276895592111771]",0.007357966689350938
AR-S2,4,0,8,0.9999988095348916,0.0010910843726951358,0.0,0.0010850250307308962,"[1.0000011085646814, 1.0262734668687368, 1.1124081842558071, 1.1009286430366612, 1.104499351684637, 1.0162569662408003, 1.277352583675992, 1.0799469643470185]",0.007357966866150076
AR-S2,4,0,9,0.9999988082791578,0.0010916596732639626,0.0,0.001085080368218284,"[1.0000011010176655, 1.0315073355447024, 1.1141124453620004, 1.1030975408554895, 1.105881371197047, 1.0203993996063785, 1.274315927591729, 1.0849574933056978, 1.0926105843482152]",0.007357967112057475
AR-S2,4,0,10,0.9999988073810392,0.0010920709504237823,0.0,0.0010851297110003103,"[1.0000011049494293, 1.0354933963115815, 1.1153681267744797, 1.1034815159998066, 1.1090340534095224, 1.0218227028061801, 1.2764548546643306, 1.0826932548436043, 1.0980900703464336, 1.0834435793495307]",0.0073579668058191
AR-S2,4,0,11,0.999998806897741,0.001092292204050692,0.0,0.0010851722406422502,"[1.000001073638042, 1.0349280315723441, 1.1145249947919487, 1.1017068198039297, 1.1115416538424772, 1.028086740566898, 1.2755742136563057, 1.0856077062568181, 1.0967739694117669, 1.0806229386636184, 1.2094904839448375]",0.007357967041046662
AR-S2,4,0,12,0.9999988062814846,0.0010925742608274365,2.1749394650766725e-05,0.0010852044768107144,"[1.0000010606095113, 1.0376050564529133, 1.1136296913982666, 1.1021759833039777, 1.1151330509573054, 1.029298322627065, 1.2758776500470588, 1.085512105949409, 1.0969262090424297, 1.0759452552993007, 1.210870572847474, 1.1325112320382356]",0.007357967205538929
AR-S2,4,1,1,0.9999984347576071,0.001251096476248684,0.0,0.0012557049740558228,[0.9999985495743849],0.370134662477523
AR-S2,4,1,2,0.9999984071135244,0.0012620960643149372,0.0,0.0012566074556050366,"[0.9999995043443157, 0.9893019038691075]",0.3701346633450756
AR-S2,4,1,3,0.999998396449845,0.0012663136084829047,0.0,0.0012571871023608992,"[0.999999727409328, 0.9899989968237483, 0.9654707165365985]",0.3701346669277162
AR-S2,4,1,4,0.9999983860843161,0.0012703998126194725,0.0,0.0012576968506017776,"[0.9999997711390047, 0.9893640449495014, 0.9748470669708664, 0.9803300824698329]",0.3701346685294216
AR-S2,4,1,5,0.999998379253825,0.0012730852976470725,0.0,0.0012579824871174607,"[0.999999791933244, 0.9892803461155308, 0.9859502979738436, 0.9822320988603116, 0.9674488712811083]",0.3701346681118692
AR-S2,4,1,6,0.9999983732418709,0.0012754442869290991,0.0,0.0012582401649336222,"[0.9999999505840464, 0.9970152709685033, 0.9875585370776042, 0.9834871846891913, 0.9694443615462845, 0.9884183357784223]",0.3701346656485156
AR-S2,4,1,7,0.9999983687657443,0.0012771978138571218,0.0,0.0012584069708658778,"[0.9999998933127432, 0.997988985827428, 0.9878173447886481, 0.9823990845070298, 0.977884064477193, 0.9868295918440144, 0.9733319658827951]",0.37013466521316546
AR-S2,4,1,8,0.9999983650500716,0.0012786516055930215,0.0,0.0012585521633519897,"[1.000000002039298, 0.9973159008431595, 0.9923567623738268, 0.9820358555509048, 0.9857822622377606, 0.9928066591543738, 0.981079764592119, 0.9833082258474923]",0.3701346643932533
AR-S2,4,1,9,0.9999983625753983,0.0012796189283194046,0.0,0.0012586719134412949,"[1.0000000138706249, 0.9972878958438585, 0.9962658727025113, 0.9874254328729309, 0.9897209174497126, 0.9970244797379005, 0.9822065710162652, 0.988069772284954, 0.9872875052759194]",0.37013466529338923
AR-S2,4,1,10,0.9999983606171527,0.001280383867134306,0.0,0.001258775724533913,"[1.000000049780572, 0.9965260960903299, 0.9938546880805597, 0.9900368291374024, 0.9921844661019205, 0.9980931110459855, 0.9886331518432362, 0.9890890512188713, 0.9941882166248028, 0.9973067623374016]",0.37013466572973697
AR-S2,4,1,11,0.9999983583919064,0.0012812525487253946,0.0,0.0012588853498177442,"[1.00000003863202, 0.9985220717359886, 0.9977525412280602, 0.9960487428184741, 0.9941835402128876, 1.00130710665832, 0.9954502468734822, 0.9953352110264648, 0.9988059319400214, 1.000545419365074, 0.998706177361997]",0.37013466629987324
AR-S2,4,1,12,0.9999983567937059,0.0012818760837569197,0.0,0.0012589461325169726,"[0.9999999979223138, 0.9999940272444927, 0.9967528400973643, 0.9957919352176152, 0.9945201327669633, 1.001179094937627, 1.000015475933833, 0.997479046936261, 0.9981748197859786, 0.9996178333191762, 1.0009089265507367, 0.9950502898352804]",0.37013466642464665
AR-S2,4,2,1,0.9999977073504911,0.001514149764342512,0.0,0.0015141434271458744,[0.9999989982698977],-0.010366158400741919
AR-S2,4,2,2,0.9999976858886173,0.0015212203596912473,0.0,0.001514956626085452,"[0.9999990811532892, 0.9465315821874511]",-0.010366160014637051
AR-S2,4,2,3,0.999997671235229,0.0015260290859062781,0.0,0.0015156500089573118,"[0.9999993524430685, 0.9544003689792384, 0.9609228659269773]",-0.010366163443623172
AR-S2,4,2,4,0.9999976616071133,0.0015291804624281695,0.0,0.0015161740179254883,"[0.9999995456466508, 0.9666827593964884, 0.9635490219496545, 0.974110349732177]",-0.010366160166018441
AR-S2,4,2,5,0.9999976546035498,0.0015314687232177466,0.0,0.0015164722286416452,"[0.9999998107831659, 0.9686943827653821, 0.9674700676434913, 0.9814851164534409, 0.9617264582280397]",-0.010366159030966174
AR-S2,4,2,6,0.9999976460375092,0.0015342628493304764,0.0,0.0015167844096442384,"[0.9999999919122995, 0.9822738155578742, 0.9737236619769748, 0.9837381904346937, 0.9700724112913882, 0.9868119355547892]",-0.010366157211299167
AR-S2,4,2,7,0.9999976379721711,0.0015368890099296778,0.0,0.0015170335724170412,"[1.0000000768437842, 0.9851359692270408, 0.978280234912761, 0.9874877222150836, 0.9749371354055963, 0.9811399216459498, 1.0050927553101396]",-0.010366159002361028
AR-S2,4,2,8,0.9999976324472792,0.0015386853871903119,0.0,0.001517247651966568,"[1.00000010324672, 0.9893669547005725, 0.9829586891892823, 0.9902683862967793, 0.9783655069045283, 0.99087940147237, 1.0027604905005632, 0.9906249553938946]",-0.010366159832867084
AR-S2,4,2,9,0.9999976280400363,0.0015401168668844015,0.0,0.001517443725988128,"[1.0000000612345992, 0.9937895759676817, 0.990660316538146, 0.995816266230654, 0.9815246837029024, 0.9911939695825199, 1.001817412037697, 0.9892020500691838, 0.9994272356563203]",-0.010366160418726154
AR-S2,4,2,10,0.9999976247596007,0.001541181494602936,0.0,0.0015175683384213775,"[1.0000000608096102, 0.9972004260310323, 0.9906800543535411, 0.9931734820264742, 0.9859691146188224, 0.99343416488836, 0.9990471953119667, 0.9947347622389077, 0.9991457583393594, 0.9974453914606614]",-0.01036616013965707
AR-S2,4,2,11,0.9999976227386901,0.0015418369920157762,0.0,0.0015176580327931528,"[1.0000000821903172, 0.9963987594918268, 0.9931759782763153, 0.9966496963217149, 0.9933202564017178, 0.995678206982643, 1.0032525262439553, 0.9958980535980698, 0.9974671451598487, 0.9974091266817651, 0.9962080920794608]",-0.010366160356433894
AR-S2,4,2,12,0.999997620712963,0.0015424937720814325,0.0,0.00151773469463955,"[1.000000078311314, 0.9961350300508218, 0.9952855426388603, 0.9985775701809558, 0.9965427245040755, 0.9942474529185322, 1.0061964601782944, 0.9977862469098515, 0.9971219803813625, 0.9994636205476248, 0.9939195600738044, 0.9937009466282706]",-0.01036616090190414
AR-S3,0,0,1,0.9987989264647246,0.03465650783439504,0.03463956587067937,0.03451794254538025,[1.0000109968868267],0.019642975054393812
AR-S3,0,0,2,0.9999988439038859,0.0010752191005023537,0.0,0.0010753515747061932,"[0.999999992592761, 1.00000541156147]",0.01964249520983685
AR-S3,0,0,3,0.9999988393627037,0.0010773287781894567,0.0,0.001075574009897053,"[1.0000000633691815, 1.0000058250053758, 1.0060537436850292]",0.01964249476646286
AR-S3,0,0,4,0.9999988358590607,0.0010789536316542301,0.0,0.0010757423527625932,"[1.0000000739063, 1.0000110139212122, 1.0207758006341061, 0.9909820251281867]",0.019642495191644776
AR-S3,0,0,5,0.9999988340109982,0.0010798097062633381,0.0,0.0010758639056147737,"[1.000000051989217, 1.0000133291177207, 1.035699231745516, 0.9966444187978969, 1.0269200665108307]",0.019642495354076556
AR-S3,0,0,6,0.9999988321471793,0.0010806723928569542,0.0,0.0010759523077567832,"[1.0000000755259006, 1.000014131761211, 1.0363735218292462, 1.0065958345661297, 1.033228944902198, 0.9976054119646279]",0.019642495411118777
AR-S3,0,0,7,0.999998830535334,0.0010814178961178406,0.0,0.0010760251851141493,"[1.000000057139157, 1.0000151902129677, 1.0318941799987833, 1.0138570047998843, 1.0331135011901573, 0.999046467241654, 1.015309758287122]",0.019642495733609516
AR-S3,0,0,8,0.9999988295857689,0.0010818568440795898,0.0,0.0010760829018603719,"[1.0000000725586222, 1.0000159494072967, 1.0301975883941732, 1.0153567138083643, 1.0302334835536617, 1.0054823387540481, 1.0167179992328579, 1.0337475381854528]",0.019642494767891518
AR-S3,0,0,9,0.9999988285769228,0.0010823230004187202,0.0,0.0010761319773572207,"[1.0000000961597832, 1.0000152418246784, 1.0324395114434224, 1.0183594974499854, 1.0285860424773454, 1.002605877241073, 1.016443693775165, 1.0313726453973382, 1.0834402284126807]",0.01964249502115746
AR-S3,0,0,10,0.9999988276755031,0.0010827393485562976,0.0,0.001076177925404221,"[1.0000001157786969, 1.0000151181214325, 1.0337646601871597, 1.0202070518817452, 1.0281761369701612, 1.0089472776940005, 1.0183642201364387, 1.0340848079509417, 1.084644412226148, 1.036113401817111]",0.01964249482644418
AR-S3,0,0,11,0.9999988269870134,0.0010830572406780416,0.0,0.0010762110756276097,"[1.0000000957887143, 1.0000136867506868, 1.0335185431468854, 1.0239618783030358, 1.0290253498055706, 1.0132012757788873, 1.0144491957811697, 1.0257107160799546, 1.0934617991156483, 1.0450761828962987, 1.0218235561158573]",0.019642494833802284
AR-S3,0,0,12,0.9999988264232625,0.0010833174684413101,0.0,0.0010762353224730964,"[1.0000000889028895, 1.0000130465609387, 1.0329758821159487, 1.025679301305087, 1.0287933361948796, 1.0153393765413583, 1.0132558581225268, 1.0300894947391974, 1.0918705739795287, 1.0450025477627958, 1.0209765889064164, 1.1165356463445402]",0.019642495262630615
AR-S3,0,1,1,0.6873298202348121,0.5591691870670161,0.5591685501396371,0.558929084981786,[0.9999660318572036],0.2639535915079631
AR-S3,0,1,2,0.9999993008966268,0.0008361240178183629,0.0,0.0008409420850199705,"[1.000000342093331, 1.0000006464858853]",0.2639524983582411
AR-S3,0,1,3,0.9999992980855934,0.0008378033221529313,0.0,0.0008412815047689736,"[1.0000003701324913, 1.0000005739573274, 1.0194286058346749]",0.263952497973061
AR-S3,0,1,4,0.9999992959833305,0.0008390570120905532,0.0,0.0008414972811106172,"[1.0000004588360047, 1.0000006076918901, 1.0238586474047848, 0.9784569219680581]",0.2639524995260052
AR-S3,0,1,5,0.9999992942340392,0.0008400987803637168,0.0,0.0008416949409096793,"[1.0000005189825876, 1.0000006654508728, 1.032145103951828, 0.9863755964365588, 1.1088521123676192]",0.2639524998241607
AR-S3,0,1,6,0.9999992924831064,0.0008411402341935639,0.0,0.0008418310978854841,"[1.0000005943738919, 1.000000708720538, 1.031682133466656, 0.9877929570282228, 1.1078364784837629, 1.0106067322817913]",0.26395250013350363
AR-S3,0,1,7,0.9999992909515042,0.0008420501741578992,0.0,0.0008419591049742098,"[1.0000005798613882, 1.0000005553801425, 1.0476816972997647, 0.9922355527659, 1.10984005432763, 1.0173362444820657, 1.0532683084753822]",0.26395250036756596
AR-S3,0,1,8,0.9999992901336598,0.0008425356610438265,0.0,0.0008420468508169312,"[1.000000638642735, 1.0000005363256643, 1.0478349369314006, 0.9967078619064892, 1.1177628166354714, 1.0166983814865007, 1.0469718502150525, 0.9445944792134326]",0.2639525004000604
AR-S3,0,1,9,0.9999992890399523,0.0008431844683612375,0.0,0.0008421276229900534,"[1.0000006271553938, 1.0000005025240455, 1.0527220090134013, 0.9974971634176538, 1.121225027115968, 1.010368272538282, 1.0504387625423024, 0.9523464049479727, 1.015031520189831]",0.2639525004307198
AR-S3,0,1,10,0.9999992883050951,0.0008436201188201528,0.0,0.0008421892066695166,"[1.0000006233010375, 1.0000005119786513, 1.0531783603028813, 1.0023317627799078, 1.1194706321719636, 1.0164818946655012, 1.0504636653739206, 0.9555839402371765, 1.0149901886588093, 1.0248212302038615]",0.2639525005682211
AR-S3,0,1,11,0.9999992877845947,0.0008439285546520055,0.0,0.0008422380135349207,"[1.0000006029879989, 1.000000542779955, 1.0561585179568436, 1.0033346978328155, 1.1204176356877715, 1.0158650220795793, 1.0459214743088823, 0.9551373838238154, 1.0199350030654826, 1.0312716455043673, 1.0156201462262422]",0.2639525003477142
AR-S3,0,1,12,0.999999287592671,0.0008440422554741774,1.0363638323235619e-05,0.0008422716022118982,"[1.0000006151044165, 1.000000531932846, 1.0529995880035754, 1.0043215870413742, 1.1219327632241378, 1.0187967721755404, 1.0541996830589606, 0.9618437489608604, 1.017808808933492, 1.02984706669618, 1.0127652363724318, 1.010659844940543]",0.2639525001566038
AR-S3,0,2,1,0.654886684834803,0.5874634585786566,0.5874614400573773,0.5871767063668443,[1.0012906907436143],0.0005265170476052224
AR-S3,0,2,2,0.9999976980881019,0.0015172052920099414,0.0,0.0015140383008349792,"[1.0000006570275666, 1.0000008049118132]",0.0005392285601516203
AR-S3,0,2,3,0.9999976840777655,0.0015218154403583205,0.0,0.0015149444158298463,"[1.0000002472834812, 1.0000003311665429, 0.9524068589207157]",0.0005392318456909899
AR-S3,0,2,4,0.9999976705919111,0.0015262398529893063,0.0,0.0015154266000551005,"[1.0000001783635863, 1.0000001054224028, 0.9603890467863798, 1.0040623611038129]",0.0005392325438216203
AR-S3,0,2,5,0.9999976620807773,0.0015290255794731878,0.0,0.001515876308396351,"[1.0000002245869555, 1.0000002449195378, 0.9655685558209043, 1.0015442621148538, 0.9967750822618034]",0.000539232684585997
AR-S3,0,2,6,0.999997656537288,0.0015308372585059714,0.0,0.0015162125144070509,"[1.00000014278955, 0.9999998968872772, 0.9655505642235048, 1.0036667103587362, 1.0017600974330287, 0.9904671079045093]",0.0005392358777902605
AR-S3,0,2,7,0.9999976515593036,0.0015324622985094752,0.0,0.001516446415644802,"[1.0000002814999895, 1.000000167515376, 0.9766651809083395, 0.998251171229961, 1.0094862392773365, 0.9949105898485756, 0.9739133316645183]",0.0005392346991863045
AR-S3,0,2,8,0.9999976461364533,0.0015342306041658223,0.0,0.0015166485629865265,"[1.0000001621866685, 1.0000002006131707, 0.9797424995112027, 0.9971452842634259, 1.0043701530840334, 0.9977005304430738, 0.9815502530918059, 1.0138681731884052]",0.0005392351924739869
AR-S3,0,2,9,0.9999976425333719,0.0015354043858552184,0.0,0.0015168107230793225,"[1.000000118684353, 1.0000001420561537, 0.9830722729163902, 1.0064532080439403, 1.0044334501998429, 1.0019825954242112, 0.9817844865615304, 1.01358006576238, 1.0065607669887275]",0.0005392363831134334
AR-S3,0,2,10,0.9999976380714153,0.001536856722248866,0.0,0.0015169583883972253,"[1.0000000954858013, 1.0000000987736124, 0.9893493967040085, 1.0095669482651208, 1.0088398899344782, 0.9951653611374127, 0.9806578553968017, 1.0144173463719635, 1.0022871971353986, 1.022813844852166]",0.0005392354704556983
AR-S3,0,2,11,0.9999976346321408,0.0015379752466283746,0.0,0.00151709885747301,"[1.0000000935321318, 1.0000000542608338, 0.9937549492023631, 1.0124413043631144, 1.0142456984819506, 1.0067292704097575, 0.99003891547667, 1.0201221324996559, 1.0079155136671585, 1.0242381336188044, 1.0053360237995184]",0.0005392349725551868
AR-S3,0,2,12,0.9999976313725835,0.0015390345728762303,0.0,0.0015172122827377978,"[1.0000000630817651, 1.0000000614472173, 0.9987280385177453, 1.0137354910535583, 1.0164097274864197, 1.008752834087072, 0.9944381820507652, 1.0134275910950945, 1.0095797527152597, 1.0308869365286082, 1.0051897260093883, 1.00440058709775]",0.0005392339623019456
AR-S3,1,0,1,0.9987598281300901,0.035216074027493334,0.03519939783952918,0.034693891606374296,[0.9999829986134156],-0.015702616297723626
AR-S3,1,0,2,0.9999988402262608,0.0010769279173684669,0.0,0.0010758683064556553,"[0.9999999415580718, 0.9999915276995606]",-0.015702052653649764
AR-S3,1,0,3,0.9999988368304159,0.0010785034001112638,0.0,0.0010760932454547721,"[1.0000000113837126, 1.0000100508675298, 0.9815719457612605]",-0.015702054287540037
AR-S3,1,0,4,0.999998833340486,0.0010801201387099601,0.0,0.001076282787324938,"[1.000000059224796, 1.0000099767736652, 1.0142977029333737, 1.041082752162624]",-0.0157020545380664
AR-S3,1,0,5,0.9999988317652894,0.0010808490693358641,0.0,0.0010763769712493906,"[1.0000000160745581, 1.0000122239069251, 1.010360022331724, 1.0521945296984745, 1.0037226031795288]",-0.01570205422210674
AR-S3,1,0,6,0.9999988300482109,0.0010816430968965717,0.0,0.001076455680734934,"[1.0000000209541726, 1.0000123572525688, 1.013636710677404, 1.0532442097473722, 1.006166843599353, 1.019893581388628]",-0.0157020545019528
AR-S3,1,0,7,0.99999882913326,0.0010820659591673552,0.0,0.0010765223053036813,"[1.000000050757015, 1.0000135666112289, 1.0180177640236812, 1.0560939931402789, 1.004943508003128, 1.0128216603463522, 0.9975127609856814]",-0.015702053960008653
AR-S3,1,0,8,0.9999988278699677,0.0010826495426915332,0.0,0.001076585094997958,"[1.0000000610479929, 1.0000131421016663, 1.0225607280081093, 1.0587824257733194, 1.0070572295052185, 1.01079103314047, 1.002426434363445, 0.9984036349695228]",-0.01570205383061894
AR-S3,1,0,9,0.9999988272988682,0.0010829132613977516,0.0,0.0010766273027238643,"[1.000000081159967, 1.0000137634546693, 1.0254670932913306, 1.0624553908389343, 1.0081074581011753, 1.0090364042811368, 0.9999768002260596, 1.0048055448606712, 0.9923279629417453]",-0.015702053752314052
AR-S3,1,0,10,0.9999988266607726,0.0010832078413073128,0.0,0.0010766707586858104,"[1.0000000863068037, 1.0000143021919528, 1.0341120824989452, 1.063586039415124, 1.004948772796847, 1.0147532500204735, 1.0044790541948505, 1.0058303860493483, 1.0028392325918662, 1.023679252439722]",-0.015702053901895045
AR-S3,1,0,11,0.9999988261355467,0.0010834502541965643,0.0,0.0010766997322130514,"[1.0000001056470782, 1.0000147725354371, 1.0397689258165563, 1.059916791807293, 1.006418737022465, 1.0154116619518991, 1.0042047397223934, 1.0090404753366389, 1.0032068731583696, 1.024432895363989, 0.9962324628259631]",-0.015702053555732974
AR-S3,1,0,12,0.9999988257141926,0.0010836446868667056,4.9155809433058865e-06,0.0010767289376893844,"[1.0000001201955446, 1.0000156991889924, 1.044177145050107, 1.0611705483627634, 1.0054189556778423, 1.017527596574271, 1.004885272216909, 1.0164367493469904, 1.002882057392628, 1.0225107714186372, 1.0022605427646263, 1.0074362606420544]",-0.01570205353296411
AR-S3,1,1,1,0.6725669389331028,0.5722176693067921,0.5722170419242202,0.5703929119353754,[0.9997632089278672],0.21086853102177827
AR-S3,1,1,2,0.9999993000263224,0.0008366442957011383,0.0,0.0008371968574563435,"[0.9999996729158367, 0.9999997809676898]",0.21086656912633917
AR-S3,1,1,3,0.9999992969401095,0.000838486666892734,0.0,0.0008376775067949169,"[0.9999998912365884, 0.9999999439153054, 0.9757629739881741]",0.21086656878445925
AR-S3,1,1,4,0.9999992934807095,0.0008405470186332565,0.0,0.0008380446203456389,"[1.0000000521254602, 1.000000173679666, 0.9759198415396073, 0.9781855671936163]",0.21086656798042225
AR-S3,1,1,5,0.9999992894950283,0.0008429145696651673,0.0,0.0008382878127385431,"[1.0000000675399525, 0.9999999549356426, 0.977900060015635, 0.9852454160889234, 0.9870176578621553]",0.21086656884378407
AR-S3,1,1,6,0.9999992881256584,0.0008437264613543198,0.0,0.0008384497262076901,"[1.0000000599239942, 1.0000000730186585, 0.9785682413527715, 0.9905983982969152, 0.9832587035125633, 0.9846771524020929]",0.2108665685208561
AR-S3,1,1,7,0.9999992870067558,0.0008443892729425664,0.0,0.0008385846071701799,"[1.0000000003370755, 1.0000000546986405, 0.9816870164631641, 0.9881836812802507, 0.9866816920327924, 0.988138676723581, 0.9884885342841067]",0.21086656873821255
AR-S3,1,1,8,0.9999992862834591,0.0008448174600943858,0.0,0.0008387155422682799,"[0.9999999812152454, 1.0000000999268877, 0.9866273957619177, 0.9921082034381576, 0.9890734413235871, 0.9900495297858605, 0.9875900140228295, 0.9792869140426483]",0.21086656927654468
AR-S3,1,1,9,0.9999992852646923,0.000845420195980247,0.0,0.0008388044512282776,"[0.9999999662860921, 1.0000000552455728, 0.9896147072511503, 0.991889469560327, 0.9907140083453967, 0.9850672583202046, 0.989383995575825, 0.9881930774129234, 0.9783925985416534]",0.21086657016244448
AR-S3,1,1,10,0.9999992845144078,0.0008458638142145134,0.0,0.0008388804517323015,"[0.999999974901564, 1.0000000424217497, 0.9931918874431718, 0.9969397231588931, 0.9973179929148589, 0.9839501041452504, 0.9903216346957473, 0.9965904452179061, 0.9780258081101045, 0.9878514811148801]",0.21086657026194133
AR-S3,1,1,11,0.9999992835793928,0.0008464163320398168,0.0,0.0008389463779842249,"[0.9999999873810453, 1.0000000449264943, 0.9939683919672996, 0.9953612580778554, 0.9997254735090463, 0.9868272933731146, 0.9919901021568552, 0.9963081325076735, 0.9813691023279669, 0.9929487440075443, 0.992518410190386]",0.21086656991676325
AR-S3,1,1,12,0.9999992830249791,0.0008467437752141301,0.0,0.000838996708139443,"[0.9999999934029719, 1.0000000375039726, 0.9956890706404665, 0.9979673605980681, 0.9991163687427219, 0.9909464817187688, 0.9943994057619082, 1.0005737945332356, 0.9889139347284257, 0.994077730905534, 0.9924240224640457, 1.0023584448935778]",0.21086656959682318
AR-S3,1,2,1,0.6529388063542514,0.5891189978652434,0.5891169922583904,0.5906448404747631,[0.999500770940915],-0.013681681243550002
AR-S3,1,2,2,0.9999977246427576,0.0015084287329434848,0.0,0.0015128466084887884,"[1.0000010240401547, 0.9999984315345121]",-0.013681105175029773
AR-S3,1,2,3,0.99999771308477,0.0015122550148506206,0.0,0.0015141387779313378,"[1.000001078642989, 0.999998242170653, 0.9478951829872396]",-0.013681104772824672
AR-S3,1,2,4,0.9999976988482577,0.001516954759448613,0.0,0.0015150568710039596,"[1.0000005822620441, 0.9999982781495074, 0.9548970830177732, 0.9702229913889429]",-0.013681109470420878
AR-S3,1,2,5,0.9999976878183884,0.0015205859435086916,0.0,0.0015156275732134258,"[1.000000590938544, 0.999998211781939, 0.9632670503091288, 0.971195111240419, 0.9651758854596688]",-0.013681113652333373
AR-S3,1,2,6,0.9999976793802989,0.0015233580344219328,0.0,0.0015160872898805104,"[1.0000003336351089, 0.9999987993433256, 0.9706986224838666, 0.9751569742950175, 0.9693136858457913, 0.9641668689286765]",-0.013681112200664043
AR-S3,1,2,7,0.9999976711725822,0.0015260496118498369,0.0,0.0015165077584120535,"[1.0000002233089194, 0.9999996317242067, 0.9742639693500702, 0.9777065524126838, 0.979194477678158, 0.9721969549583969, 0.9791689628547408]",-0.013681111942966138
AR-S3,1,2,8,0.9999976639171605,0.0015284249538173556,0.0,0.0015168706810767582,"[1.00000009708465, 0.9999998879793975, 0.9778698298830747, 0.9785689067814206, 0.9919632239945929, 0.9816897564016812, 0.9836161837633328, 0.9783441438480598]",-0.013681111619389551
AR-S3,1,2,9,0.9999976586715698,0.0015301400034735575,0.0,0.0015171367481719357,"[1.000000160763253, 1.0000002115121476, 0.9818958563085503, 0.9857879459320761, 0.987586105751015, 0.9873764613448625, 0.9881121704652961, 0.9827098560043741, 0.980643071460522]",-0.013681112792067653
AR-S3,1,2,10,0.9999976538014471,0.0015317305744985204,0.0,0.001517346901623982,"[1.0000001652725432, 1.0000001036808015, 0.988138986240903, 0.9888285383117497, 0.9887379788888196, 0.9906482293030854, 0.9873828774498443, 0.9878927819360076, 0.9800973716685664, 0.9840805824479875]",-0.013681111749903423
AR-S3,1,2,11,0.9999976502828472,0.0015328787143265021,0.0,0.0015175131825238904,"[1.0000000871387154, 1.000000053055841, 0.9930229160652121, 0.9936761631914464, 0.9901901260741537, 0.9897006928204871, 0.989692077679305, 0.9921820139406702, 0.9876136262591715, 0.9901266103961193, 0.991386094153878]",-0.013681111384957471
AR-S3,1,2,12,0.9999976468139053,0.0015340098091663238,0.0,0.0015176391973987697,"[1.000000097841357, 1.000000018754431, 0.9922644420969691, 0.995637429122626, 0.9911973855652512, 0.9905062971207708, 0.9957893403452386, 0.9968785422740888, 0.9955325163045005, 0.9912255879185123, 0.991287011738059, 0.9961919373547333]",-0.013681111079728097
AR-S3,2,0,1,0.9988206280072995,0.034341985858427376,0.03432476907171717,0.03409070512861457,[1.0000010015758385],0.006570330941778356
AR-S3,2,0,2,0.9999988356307719,0.0010790594182543177,0.0,0.0010752422660278683,"[0.9999999338745755, 1.0000249204331146]",0.006570350438106722
AR-S3,2,0,3,0.9999988319377562,0.0010807692833640652,0.0,0.0010754407290989242,"[0.999999969187279, 1.0000200826282086, 1.0683352616192556]",0.006570351668521681
AR-S3,2,0,4,0.9999988289776769,0.001082137848478267,0.0,0.0010755830866928462,"[0.9999999946042006, 1.0000189597695026, 1.0702674031761905, 1.0198872086774846]",0.006570351948400866
AR-S3,2,0,5,0.9999988259466729,0.0010835374138242098,0.0,0.0010756974032666627,"[1.000000013688562, 1.0000157314234053, 1.0753334963285328, 1.018741140725409, 0.9889077038205335]",0.006570349459006436
AR-S3,2,0,6,0.9999988240595029,0.0010844079016131348,0.0,0.0010758094267106129,"[1.0000000082490397, 1.0000148516261413, 1.079829438361332, 1.0179511506240422, 0.9931218703938024, 1.0252297402967163]",0.006570347938134205
AR-S3,2,0,7,0.9999988225287777,0.001085113460558008,0.0,0.0010758956186902157,"[1.0000000320302314, 1.0000154219829671, 1.095383604832739, 1.0262994554017446, 1.0068434327107192, 1.0190350245219744, 0.9960286308607141]",0.006570348538143033
AR-S3,2,0,8,0.999998821417852,0.001085625233693011,0.0,0.001075952558491834,"[1.0000000654082446, 1.0000156533269993, 1.1026880940758372, 1.0274480724381017, 1.0119962837731058, 1.0173945017389223, 0.9952408670441519, 1.0166065330353122]",0.006570348078946854
AR-S3,2,0,9,0.9999988201157721,0.001086224759376072,0.0,0.0010760043996017787,"[1.000000074422442, 1.0000148091504675, 1.1047766296114077, 1.0255743579610717, 1.0005515741848137, 1.0136576675558733, 1.005512687923942, 1.0239195529378988, 1.0790760553905925]",0.006570348311964283
AR-S3,2,0,10,0.9999988193505575,0.0010865769381649306,0.0,0.0010760476557857902,"[1.000000105716971, 1.0000141929097301, 1.1063530176992509, 1.0253029138357321, 0.999920660388693, 1.0182244662906674, 1.0047352535775935, 1.0147750654918906, 1.0824874632677295, 1.0331457229899264]",0.006570348423223636
AR-S3,2,0,11,0.9999988188842345,0.0010867915004753046,0.0,0.0010760814467485526,"[1.000000120007654, 1.0000145747225728, 1.105628845203305, 1.0266046835998819, 0.9970000410587053, 1.0214960916395184, 1.0072647640606929, 1.013607532871322, 1.081385284532626, 1.0349973253891265, 1.000812553386678]",0.006570348490769546
AR-S3,2,0,12,0.9999988182668382,0.0010870755087852657,0.0,0.001076108250776005,"[1.0000001207988458, 1.0000137536526859, 1.0994913318861224, 1.0321852885952798, 1.000961699842843, 1.0211824006833032, 1.007995543422853, 1.0207186741967258, 1.0848621346599625, 1.03515872475902, 0.9972102666729808, 1.065027703668152]",0.006570348533637515
AR-S3,2,1,1,0.6891411469109706,0.5575471756623195,0.5575465797735665,0.5511331684806718,[1.0014149479556678],0.2765467079039163
AR-S3,2,1,2,0.9999993524731026,0.0008046905600188461,0.0,0.0007962877844626488,"[1.0000000715452713, 1.000000276303593]",0.2765513284212771
AR-S3,2,1,3,0.9999993499978064,0.0008062271352896646,0.0,0.0007967528867648845,"[1.00000014553493, 1.0000003153018997, 0.9690103349316291]",0.27655132667595467
AR-S3,2,1,4,0.9999993482951935,0.0008072823585400004,0.0,0.000796946049601563,"[1.0000000516638394, 1.0000003403427313, 0.9764812630648904, 0.9632589251287252]",0.2765513268129588
AR-S3,2,1,5,0.9999993459625458,0.0008087258213732304,0.0,0.0007971309359947666,"[1.000000006168125, 1.0000001366815734, 0.9829505568068356, 0.9763662043154128, 0.9907977834559326]",0.27655132594620513
AR-S3,2,1,6,0.9999993438785818,0.0008100132210343695,0.0,0.0007972821090156955,"[0.9999999585395422, 1.0000001863581829, 0.9860551228564979, 0.9759664910715579, 0.9959424300921623, 0.9808114811242257]",0.27655132557874423
AR-S3,2,1,7,0.9999993415724943,0.0008114354600189696,0.0,0.0007974291287882701,"[1.0000000170666417, 1.0000000852872362, 0.9920558551354234, 0.9733775008090669, 0.9931968868912932, 0.9866560599062403, 0.9862349927611398]",0.2765513252861176
AR-S3,2,1,8,0.9999993401591417,0.0008123058895813292,0.0,0.0007975402656810629,"[0.9999999405330899, 1.000000030152535, 0.9932920717071886, 0.9791675613243375, 0.9929480469294232, 1.0000182842256384, 0.989310046508023, 0.9896250174184209]",0.2765513261835897
AR-S3,2,1,9,0.9999993392607932,0.0008128586634786949,0.0,0.0007976097336047592,"[0.9999999750920828, 0.9999999845152645, 0.9900115435739932, 0.9750787666695913, 0.9893763156789833, 0.9938898498025441, 0.993401086575727, 0.9907976267439603, 1.0017507940880614]",0.2765513256622392
AR-S3,2,1,10,0.9999993381202498,0.0008135599241776684,0.0,0.0007976881571762508,"[0.9999999866735227, 1.000000011941629, 0.994370408103769, 0.9753306278545841, 0.9919594989872823, 0.9946152991827684, 0.9954035215943601, 0.9873956662916218, 1.0031406671859697, 0.9840904550507856]",0.27655132625261375
AR-S3,2,1,11,0.9999993373565718,0.0008140291322793349,0.0,0.0007977673738489466,"[0.999999997894809, 1.0000000441608148, 0.9964954491354662, 0.9833642257530253, 0.9940056253559523, 0.9954368265606125, 0.9988075410429822, 0.9938546850231794, 1.0004257287651697, 0.9961731346469503, 1.0054752720343834]",0.2765513259616267
AR-S3,2,1,12,0.9999993366554679,0.0008144596564938074,0.0,0.0007978329260795948,"[0.999999972067448, 1.0000000030370773, 0.9960179337559059, 0.9875397457259243, 0.9990645104726396, 1.0012855399226126, 1.002076088066854, 0.9991472387313057, 0.9993359533595116, 1.0042735338086144, 1.0032168811519349, 0.9907381782035242]",0.2765513264338334
AR-S3,2,2,1,0.6551011791482781,0.5872808704970065,0.5872788432271391,0.5905585510189724,[0.9988110868549563],-0.012524788933657938
AR-S3,2,2,2,0.9999976853775013,0.0015213883457771253,0.0,0.0015151652380456244,"[1.0000005729810884, 0.9999988948234113]",-0.012516757484980936
AR-S3,2,2,3,0.9999976745320523,0.0015249485065527678,0.0,0.001516402855540242,"[0.9999999836363449, 0.9999981724422394, 0.986277647244549]",-0.012516759952610226
AR-S3,2,2,4,0.9999976591899192,0.001529970614366107,0.0,0.0015170353095926897,"[1.0000003177412582, 0.9999994701009084, 0.9957784713131446, 0.9776043991481363]",-0.012516763166714694
AR-S3,2,2,5,0.9999976495589868,0.0015331148075702365,0.0,0.001517518017677228,"[1.0000000251498746, 0.999999369114211, 0.9966425034406672, 0.9822654957110025, 0.9874779588706475]",-0.012516765152118824
AR-S3,2,2,6,0.9999976430433108,0.0015352383167380986,0.0,0.001517885391891649,"[1.0000000646576321, 0.9999991739561593, 0.9957720765911637, 0.9872916501252712, 1.0012551876770794, 0.9878301655626536]",-0.0125167639638116
AR-S3,2,2,7,0.9999976384483421,0.0015367340882033393,0.0,0.0015181543183866112,"[1.00000003206857, 0.9999992666698598, 0.9925276011574382, 0.9840541648394541, 1.002561933343471, 0.986891497878142, 0.9926860738225247]",-0.012516765382519111
AR-S3,2,2,8,0.9999976328241409,0.0015385629201048467,0.0,0.001518384446550686,"[0.9999999994837108, 0.9999995305804226, 1.0000939968846505, 0.9863671756722012, 0.9991976043225307, 0.9919910514545996, 1.0025045803788772, 1.025100386134781]",-0.012516765751242413
AR-S3,2,2,9,0.9999976293573047,0.001539689155395087,0.0,0.0015185436028217305,"[1.0000000051788513, 0.9999996323235165, 1.003522374438031, 0.9906900751890051, 0.9961730594801124, 0.9896755714297255, 1.0025518759937635, 1.0283507384543096, 1.0016574719279117]",-0.01251676592774331
AR-S3,2,2,10,0.999997627000939,0.0015404541736195841,0.0,0.0015186806778561288,"[1.0000000111321468, 0.9999996933473232, 1.0073014927592556, 0.9946754938937972, 0.9974623159667197, 0.9946548436975681, 1.009578368949709, 1.0300769695116596, 1.008061707860042, 0.9986269356812496]",-0.012516766220066715
AR-S3,2,2,11,0.9999976233557607,0.0015416368701136518,0.0,0.0015187848705289669,"[1.00000007216943, 0.9999998888112775, 1.0073312221375499, 0.9958398775892306, 0.997828642379003, 0.996915913557344, 1.0147221669420357, 1.0304354841689298, 1.012946016897682, 1.0018375221407014, 0.9980989454496044]",-0.012516766447674037
AR-S3,2,2,12,0.9999976215460864,0.0015422236911503285,0.0,0.0015188794876159863,"[1.000000000821694, 0.9999999228676203, 1.0101346803625886, 0.9971318278318131, 0.9993314774303408, 0.9970349180846109, 1.0154430143651978, 1.0288643518221632, 1.0116809170162049, 1.002595579821196, 0.9983613564710458, 0.9934073992605502]",-0.0125167662669799
AR-S3,3,0,1,0.9988372988715009,0.03409840360631533,0.0340811091515962,0.03392125993611607,[0.9999764665488329],0.007608604397039715
AR-S3,3,0,2,0.9999988408599321,0.0010766336739834498,0.0,0.0010749983524591356,"[0.9999999999147879, 1.0000162663515728]",0.0076083685640189235
AR-S3,3,0,3,0.9999988343280463,0.0010796628889086996,0.0,0.0010752748198599308,"[1.000000040475389, 1.00001535356369, 1.2172162164591211]",0.007608370596922411
AR-S3,3,0,4,0.9999988313003446,0.0010810641310121272,0.0,0.0010754200036481023,"[1.000000051398741, 1.0000140678223512, 1.2230508832796063, 1.0241584987798416]",0.00760837037047527
AR-S3,3,0,5,0.9999988275384456,0.001082802638696707,0.0,0.0010756056722058607,"[1.0000000697873148, 1.0000122039689439, 1.2320890990273738, 1.0191628597981892, 1.204116019902559]",0.007608371311829338
AR-S3,3,0,6,0.9999988256234918,0.0010836865359396123,0.0,0.0010756958900698423,"[1.0000000563131932, 1.0000109728403521, 1.2277638244688884, 1.019072314411511, 1.2036620821506174, 1.040742558041404]",0.00760837104189019
AR-S3,3,0,7,0.9999988236453723,0.0010845988326363429,0.0,0.0010757799187149904,"[1.0000000801251723, 1.0000102799670951, 1.222335116268568, 1.0297900462635987, 1.2003695978828852, 1.046780817014586, 1.0741233703387958]",0.007608371495489967
AR-S3,3,0,8,0.9999988226602065,0.0010850528989852267,0.0,0.0010758510699304094,"[1.0000001011181296, 1.000010750895858, 1.227323660074528, 1.0364702459312773, 1.2056585648440803, 1.04773613583075, 1.0830113485737802, 1.0814968767736632]",0.00760837138357978
AR-S3,3,0,9,0.9999988215786954,0.0010855511524642905,0.0,0.0010759071701390288,"[1.00000009872095, 1.000011072327406, 1.23231794226101, 1.0379199323685118, 1.2101549837827112, 1.0419277883929925, 1.0786764131855706, 1.0886300225024466, 1.0129844730828843]",0.007608371182781346
AR-S3,3,0,10,0.9999988207030447,0.0010859543983633606,1.3017648051857914e-05,0.0010759627889194504,"[1.0000001274443058, 1.0000097308939115, 1.2337008366229558, 1.042005774204294, 1.211050862751654, 1.0442618987812797, 1.0832156680616678, 1.0947901062565237, 1.020307271676562, 1.1079148816917492]",0.0076083715220438925
AR-S3,3,0,11,0.999998819883647,0.001086331603605579,3.144609400772259e-05,0.001076003659708556,"[1.000000119166934, 1.0000088016443285, 1.2328560001694715, 1.047094765746172, 1.2133191459520019, 1.0472585537910837, 1.071433090895767, 1.092874440030031, 1.0256413604856824, 1.1062777958446297, 1.1068125657137575]",0.007608372014615222
AR-S3,3,0,12,0.9999988193923655,0.0010865576995824327,3.847256630303419e-05,0.0010760440526952695,"[1.0000001103073546, 1.0000086977994798, 1.236552998683275, 1.0447409630708242, 1.2195201342539674, 1.0505791305943697, 1.0749917230690493, 1.0969505813606855, 1.0236802529717701, 1.1131644826335154, 1.0984178495669275, 1.2263508751327932]",0.007608372399805735
AR-S3,3,1,1,0.6652677600572726,0.5785604894414476,0.5785599018523209,0.5786540417431729,[0.9991836336625498],0.22132517202822755
AR-S3,3,1,2,0.9999993424093654,0.0008109196228118179,0.0,0.0008109142281999869,"[1.000000149465709, 1.000000157524419]",0.2213198468860536
AR-S3,3,1,3,0.9999993383351874,0.0008134278164671488,0.0,0.000811275350424449,"[1.000000255599582, 1.0000002384961064, 0.9735320866886223]",0.22131984539408484
AR-S3,3,1,4,0.9999993338000789,0.0008162107087428149,0.0,0.0008115704689371791,"[1.0000003060404423, 1.0000000872425017, 0.9797394818018842, 0.9984819818775393]",0.22131984609696756
AR-S3,3,1,5,0.9999993304730961,0.0008182462367603238,0.0,0.0008118407893580686,"[1.0000001349733942, 1.000000016707113, 0.9838536920711869, 1.0027330468519555, 0.9852775883454676]",0.2213198458701116
AR-S3,3,1,6,0.9999993289774208,0.0008191596786988912,0.0,0.0008119950778521578,"[1.0000000178824409, 1.000000089943645, 0.9827763533053283, 1.0035730327520387, 0.9876786986719558, 0.9865409684458328]",0.2213198465303651
AR-S3,3,1,7,0.9999993273410969,0.000820157852545049,0.0,0.0008121094210978472,"[1.000000011576693, 1.000000034702528, 0.9859725202638953, 1.0040901567235407, 0.9896623208010937, 0.9934975718960736, 0.9806854735779681]",0.22131984613466593
AR-S3,3,1,8,0.9999993261015185,0.0008209131997435331,0.0,0.0008122064334003611,"[1.0000000379232454, 1.0000000392464896, 0.9871816533875629, 1.0020891082477563, 0.9905839325725205, 0.9905637562654801, 0.9897940845502898, 0.9941673792715396]",0.2213198461535561
AR-S3,3,1,9,0.999999324332567,0.0008219899226587607,0.0,0.0008122999542400292,"[1.000000025745514, 1.0000000497442303, 0.9852014150456649, 1.0029987641520133, 0.9921363120411639, 0.9989605294527667, 0.9969265954419076, 0.9944930947030942, 1.0016477338773577]",0.22131984605096022
AR-S3,3,1,10,0.9999993233514414,0.0008225865052817268,0.0,0.0008123722970333403,"[1.0000000322051852, 1.0000000008538645, 0.9845078563345305, 1.0032798649284769, 0.9924273752083578, 0.9975991403614215, 0.990152641282726, 0.9941761062139595, 0.997624995906027, 1.0003365996887075]",0.2213198465628826
AR-S3,3,1,11,0.9999993223533862,0.000823192938387558,0.0,0.0008124365722943778,"[0.9999999995819158, 1.0000000019963038, 0.9906632100998234, 1.0028360583717857, 0.9949069265857032, 0.9983056588363063, 0.9916027636943316, 0.9956686761126023, 0.9959612063614779, 0.998947197832653, 0.9903731519702773]",0.2213198461003134
AR-S3,3,1,12,0.9999993216956813,0.0008235923255351059,0.0,0.0008124799224024361,"[0.9999999849502867, 1.0000000004651184, 0.9922405967273253, 0.9998693779290918, 0.9961619643573237, 0.998702505679612, 0.9973960179807521, 0.9941993523815971, 0.996120984369423, 0.9967517820482356, 0.9880872695307903, 0.9952531697239576]",0.2213198458147559
AR-S3,3,2,1,0.6449976089312048,0.5958207709276298,0.5958187623355263,0.5953183589028986,[1.0006863626685518],-0.05718313491522359
AR-S3,3,2,2,0.9999977065976943,0.0015143983312762516,0.0,0.0015129712110251608,"[1.0000012365700672, 1.000000083588442]",-0.05718331751771311
AR-S3,3,2,3,0.9999976935549718,0.0015186984651852481,0.0,0.0015142131391017995,"[1.0000005808742503, 0.9999999208797321, 0.9469403242588649]",-0.05718332514128511
AR-S3,3,2,4,0.9999976796240345,0.001523278032875733,0.0,0.0015151705955970928,"[0.9999999649165672, 0.9999998767442563, 0.9518283262679077, 0.9704979640320736]",-0.05718332347249155
AR-S3,3,2,5,0.9999976707642388,0.0015261833969583618,0.0,0.0015159589285669809,"[1.000000151673884, 0.9999991802927115, 0.9620944014331633, 0.972026019096306, 0.9687450952519073]",-0.05718332063015229
AR-S3,3,2,6,0.9999976584751328,0.0015302041913518132,0.0,0.0015165555745767021,"[1.0000001282550892, 0.9999992284663054, 0.9715991142764115, 0.9804505712970816, 0.976287904073663, 0.9741131725458891]",-0.057183318234640575
AR-S3,3,2,7,0.9999976478292137,0.001533678840650458,0.0,0.0015170525592810421,"[1.0000003225854461, 0.9999993255772904, 0.9747984599611834, 0.9850380065095152, 0.9906130258205379, 0.9829206528963778, 0.9859250034068194]",-0.05718331409586447
AR-S3,3,2,8,0.9999976381356801,0.0015368358142442988,0.0,0.00151739829915537,"[1.0000002512763737, 0.9999993595931064, 0.9747008683207791, 0.9873065439823617, 0.9923282170718256, 0.9920114092353789, 0.9929856330402494, 0.96978773488555]",-0.057183312071717965
AR-S3,3,2,9,0.9999976313269117,0.0015390494106175424,0.0,0.0015176492781430841,"[1.0000002247339017, 0.9999997115646824, 0.9791944459473964, 0.9893611183230484, 0.9922149042401834, 0.9970332267352026, 0.9924897568665237, 0.9757626495571782, 0.9679706799764007]",-0.0571833126119868
AR-S3,3,2,10,0.9999976261079978,0.0015407439768511681,0.0,0.0015178595587916886,"[1.0000002010872986, 0.9999997794264625, 0.9856261732353105, 0.9904692496454924, 0.9939570489019364, 0.9967690661949024, 0.996457229812084, 0.9754934106000283, 0.9773134325027335, 0.987111665782686]",-0.05718331361773096
AR-S3,3,2,11,0.9999976218777958,0.0015421161448218317,0.0,0.001518013244395632,"[1.0000001586876888, 0.9999997756985104, 0.9860680534822986, 0.9963947555546371, 0.9919843000858947, 0.994312170170033, 0.9942265088949659, 0.9803611720199344, 0.9835938336078766, 0.9898560001239035, 0.9895277660014596]",-0.05718331365508534
AR-S3,3,2,12,0.9999976177444907,0.0015434557037022807,0.0,0.0015181875711936864,"[1.0000000682158559, 0.9999998619440913, 0.9927047835140341, 0.9977673556689838, 0.99782256013791, 0.9941520985511454, 0.9937250185803904, 0.9876384154574392, 0.9840577154712021, 0.9919454423213633, 0.9956624638309685, 0.9925669933360941]",-0.05718331307689539
AR-S3,4,0,1,0.9987960515219323,0.034697960719149705,0.0346809942547335,0.03462742194519566,[0.999988765970469],0.007393475744881849
AR-S3,4,0,2,0.9999988428388226,0.0010757142638494284,0.0,0.001075028053544551,"[1.000000058178932, 1.0000026046808987]",0.007393302214548308
AR-S3,4,0,3,0.9999988367453065,0.001078542856581446,0.0,0.0010753089017836585,"[1.0000000076821576, 1.00000363746982, 1.092156269479131]",0.007393301489349596
AR-S3,4,0,4,0.9999988332058992,0.0010801824386379641,0.0,0.001075511920380779,"[0.9999999864863078, 1.000007442188749, 1.0943439390585545, 1.0643044158311612]",0.007393301581832062
AR-S3,4,0,5,0.9999988308636937,0.0010812660664116657,0.0,0.0010756308362970788,"[1.0000000388008257, 1.000009994109003, 1.0974860617047797, 1.067139329239782, 1.0035597384884423]",0.007393302284301523
AR-S3,4,0,6,0.9999988277836597,0.0010826894016172075,0.0,0.0010758004639516167,"[1.0000000489656033, 1.000011411165342, 1.10055831557298, 1.0711606841868349, 1.0029271160583046, 1.2456518999813475]",0.007393303299715312
AR-S3,4,0,7,0.9999988261122551,0.0010834610029334445,0.0,0.0010758971784879745,"[1.000000041582561, 1.0000110575747791, 1.106355481160512, 1.0727647918656884, 1.0132303070138458, 1.2518685723729668, 1.0473632265750703]",0.007393304657532302
AR-S3,4,0,8,0.9999988251938032,0.0010838847709995002,0.0,0.0010759542200418244,"[1.0000000574389354, 1.000010709284267, 1.1043552249854485, 1.0793869971682302, 1.0167749790966127, 1.2512002317423432, 1.0515135132377806, 1.0016516593357776]",0.0073933045532413085
AR-S3,4,0,9,0.9999988239309061,0.0010844671935747617,0.0,0.0010760153223212875,"[1.0000000583010162, 1.0000100703484662, 1.1031987499380669, 1.0882612485141185, 1.0169242901785631, 1.2572476535744272, 1.0622598238636043, 1.0021209022739015, 1.0731086204563214]",0.007393304671471402
AR-S3,4,0,10,0.9999988230495557,0.0010848734692555783,0.0,0.001076078064600572,"[1.0000000639862403, 1.0000102072920112, 1.1071862340799257, 1.0905450397988805, 1.020368291298818, 1.2561664988242005, 1.066538616465672, 0.9963637402984046, 1.0766692873855834, 1.2087362367190828]",0.00739330443502516
AR-S3,4,0,11,0.9999988224898712,0.001085131387824068,1.9863485176322576e-05,0.0010761128670049031,"[1.0000000750044928, 1.000010684663101, 1.1086069464833201, 1.0890819767560544, 1.0231132901002824, 1.259956346958488, 1.072109075269714, 1.0026867952894394, 1.0691296094450382, 1.2077131833657009, 0.9687065478417332]",0.007393305052293078
AR-S3,4,0,12,0.9999988220884796,0.0010853163227454905,2.821257911208482e-05,0.0010761452917636067,"[1.0000000690618185, 1.0000108822718714, 1.1096373160957997, 1.0916320209771735, 1.0229260804170393, 1.2599333395800079, 1.0739419926768952, 1.0009873533738693, 1.0673252170583825, 1.2096640681621014, 0.9797965759328077, 1.0248987054338659]",0.007393305229814999
AR-S3,4,1,1,0.6556220709159892,0.5868372253734514,0.5868366234928095,0.5831723510937393,[1.0010019595448938],0.22106242357446254
AR-S3,4,1,2,0.9999993102791996,0.0008304943108550932,0.0,0.0008222350853932321,"[0.9999999766261403, 1.00000110213234]",0.22106639499524675
AR-S3,4,1,3,0.9999993073264303,0.0008322701302600071,0.0,0.0008225319039279168,"[0.9999999181080028, 1.0000008137363057, 0.9569292564569272]",0.22106639673778128
AR-S3,4,1,4,0.9999993046514464,0.000833875622415412,0.0,0.0008227352148741953,"[0.9999999320112682, 1.0000004120019585, 0.9651826790996376, 0.9519984299022425]",0.2210663965152179
AR-S3,4,1,5,0.9999993026427322,0.00083507919854062,0.0,0.0008229159297809742,"[0.9999999446951131, 1.0000003226080065, 0.9745047310854202, 0.9710833442877481, 0.9769463763428909]",0.22106639697918704
AR-S3,4,1,6,0.9999993012285193,0.0008359255233930801,0.0,0.0008230443513883033,"[0.9999999210534465, 1.0000002999925226, 0.9745378174129505, 0.9734320396527704, 0.9864768928883224, 0.9713433032749534]",0.2210663976362565
AR-S3,4,1,7,0.999999299480784,0.0008369702598947054,0.0,0.0008231840633511453,"[0.9999999368872712, 1.0000001873441604, 0.9799668764857876, 0.9812236282896245, 0.9975789306836139, 0.9727679973344477, 0.9837881173414353]",0.2210663975141704
AR-S3,4,1,8,0.9999992983915142,0.0008376207290382285,0.0,0.000823277556816084,"[0.9999999476107981, 1.0000001971193018, 0.9857200347349757, 0.9883679585555447, 0.9846350100168392, 0.9811768547922368, 0.9907987925479795, 0.9922372327437902]",0.22106639669597972
AR-S3,4,1,9,0.9999992970556609,0.0008384177592655169,0.0,0.000823365315760723,"[0.9999999465735907, 1.0000001162487933, 0.9916731342395918, 0.991833788863437, 0.9920579914641044, 0.9838395490617561, 0.9968850659190508, 0.9992250767794404, 0.9944102007753581]",0.22106639636917666
AR-S3,4,1,10,0.9999992959150318,0.0008390977107636084,0.0,0.0008234341671870932,"[0.9999999818077916, 1.00000010232902, 0.9941221270329317, 0.989671156987021, 0.9884133479397442, 0.9877578383477463, 0.9983660884338664, 1.0056039546912792, 0.9964009612090216, 0.9995577488252668]",0.2210663962597326
AR-S3,4,1,11,0.9999992953017558,0.000839463068991522,0.0,0.000823487549928548,"[0.9999999994714495, 1.000000060718491, 0.9960842682559977, 0.9973041685747233, 0.9940836642937511, 0.9902655448538029, 0.9978098965945692, 1.0002447514395123, 1.0009489491666186, 1.000345684355213, 0.9970546821808628]",0.22106639660904717
AR-S3,4,1,12,0.9999992946139845,0.0008398726186146131,0.0,0.0008235256304955894,"[1.0000000248604022, 1.000000038633133, 0.9956923734287604, 0.9984561086733901, 0.9938825203435369, 0.997110804161825, 0.9950840185775015, 1.0002587124203963, 0.9994926177432379, 0.9994879339272069, 0.9986153543854464, 0.9982276229254049]",0.22106639659743177
AR-S3,4,2,1,0.6516585468711089,0.5902045858250266,0.590202539474975,0.5919289356404605,[1.0003434125047928],0.032003803131917606
AR-S3,4,2,2,0.9999976862943089,0.0015210870097238458,0.0,0.0015132174279061802,"[1.0000007562472488, 0.9999973654497417]",0.03200155095429461
AR-S3,4,2,3,0.9999976670615761,0.001527395961739942,0.0,0.0015143156980986295,"[1.0000005334679098, 0.9999975587138031, 0.9634925993911269]",0.032001554746437025
AR-S3,4,2,4,0.9999976454346711,0.001534459295309292,0.0,0.0015151849195599195,"[1.0000005112959336, 0.9999979392702991, 0.97579943864945, 0.9903182680309155]",0.03200155280534579
AR-S3,4,2,5,0.9999976338385786,0.0015382332142308069,0.0,0.0015158912559149365,"[1.000000222007811, 0.99999821938449, 0.9759452837915059, 0.992198472275608, 0.9744371274689814]",0.03200155366075782
AR-S3,4,2,6,0.9999976241563809,0.001541377182604699,0.0,0.0015164944965813116,"[1.000000325892786, 0.999999077811548, 0.975488764922198, 0.9939285360370117, 0.9814806010278873, 0.9725538210504248]",0.03200154909967947
AR-S3,4,2,7,0.9999976126642495,0.0015451005632331337,0.0,0.0015169583169453407,"[1.0000001954716664, 0.9999998127365206, 0.9810963350791166, 0.9920350740097139, 0.9892711465399451, 0.9791743019262451, 0.9740503041196835]",0.03200154965749936
AR-S3,4,2,8,0.999997605775434,0.0015473282024464042,0.0,0.001517253850357834,"[1.0000001094210105, 0.999999939341318, 0.9873884087054129, 0.9933136876241179, 0.9910784907351697, 0.9838267745789032, 0.987979825174245, 0.9906965378328528]",0.03200155031080768
AR-S3,4,2,9,0.9999976006477256,0.0015489842718296406,0.0,0.0015174798343631766,"[1.0000002218084598, 1.0000000462943557, 0.9879774051086664, 0.9970987602070653, 0.9937541225754659, 0.9863494496551078, 0.9905387251726185, 0.9946241836389234, 0.9725749642441024]",0.032001550160199184
AR-S3,4,2,10,0.9999975958378772,0.0015505360759369745,0.0,0.0015176818309748875,"[1.000000275759765, 0.9999997771060407, 0.993038180653752, 0.9968508609635807, 0.9916869068468953, 0.9885673778342737, 0.9924368860479482, 1.0000496936983096, 0.9815272434447433, 0.9921349886349742]",0.032001549526178764
AR-S3,4,2,11,0.9999975919735696,0.001551781695464788,0.0,0.00151784587384376,"[1.0000002169599613, 0.9999999891928261, 0.9906025940632579, 0.9957357660027415, 0.996653903625513, 0.9936285032096838, 0.9904470276247679, 1.0007076883112023, 0.9902757981877047, 0.9928894619651393, 0.9939075371559015]",0.03200154935394327
AR-S3,4,2,12,0.9999975896261938,0.0015525378598488938,0.0,0.001517938789022479,"[1.0000001238640193, 1.0000000065442811, 0.9918773782323165, 0.9947646524365842, 0.9985972456965617, 0.9929719832493541, 0.9974764457470486, 0.9998533055763466, 0.9892166203903416, 0.9945516319060701, 0.9943230933402005, 0.9857074402588963]",0.03200154889513234
AR-S4U,0,0,1,0.7412847986743655,0.5086405423534724,0.5085492966041616,0.5072927884015956,[0.9987952235764465],0.019573071395017325
AR-S4U,0,0,2,0.9092904673407834,0.30118023284939643,0.30102610918352174,0.29939474784415365,"[0.9996403050641037, 1.0007762018622497]",0.019568360859419827
AR-S4U,0,0,3,0.9684987697350012,0.17748585933814245,0.17722419703853032,0.1770236371316606,"[0.9996485156272389, 1.0004970867347351, 1.0005333490052157]",0.019570103779308737
AR-S4U,0,0,4,0.9918955747821963,0.09002458118649431,0.08950760285448744,0.08957209342042284,"[0.9998981660018006, 1.0005278309533416, 0.999750689313925, 0.9994885024800811]",0.019563299924721833
AR-S4U,0,0,5,0.9981862789230661,0.04258780432158842,0.041483814047009376,0.04256202930920415,"[0.9999309641027605, 1.0003694878800897, 1.000000555272419, 0.9999919566139781, 0.9991919394358187]",0.01956233479854934
AR-S4U,0,0,6,0.9996030818918543,0.019922803722008265,0.017438573883738685,0.01997767157834794,"[0.9999671465679842, 1.0001094406097548, 0.9999264705001196, 1.0002447794532696, 1.0001540944339917, 1.001317083398747]",0.019561490937990974
AR-S4U,0,0,7,0.9998677764611333,0.011498849458387235,0.006277681882637821,0.011263735301967587,"[0.9999986933984739, 1.0000148887107156, 1.0000225851655686, 1.0001179774205022, 1.000261102128354, 1.0011488679961107, 1.002305129688476]",0.0195617106845689
AR-S4U,0,0,8,0.999904395795098,0.009777740275847682,0.0016703160943009185,0.009542574691045828,"[1.0000076530316915, 1.0000113472698349, 1.0000199466888164, 1.0001354876738258, 1.000439148835507, 1.0012816240770992, 1.002655522346917, 1.0062603361471012]",0.019561503243414238
AR-S4U,0,0,9,0.9999081720393843,0.009582690677242104,0.0,0.00928898128113211,"[1.0000058435212338, 1.000012108360894, 1.000029705428579, 1.0001082905786747, 1.0003945287666447, 1.001206967121273, 1.0026369435341917, 1.0045862985572311, 1.0042665720021509]",0.01956140334477993
AR-S4U,0,0,10,0.9999082379081098,0.009579253201071189,0.0,0.009276261872974942,"[1.000006399803144, 1.0000132286108072, 1.0000303866026137, 1.0001125032831697, 1.000410344232316, 1.0012584932553714, 1.0027131754873024, 1.004434137401253, 1.0038429117260796, 1.0088718879299625]",0.019561396093236583
AR-S4U,0,0,11,0.9999077861857063,0.009602802418757283,0.0,0.009279241876346827,"[1.0000055500309957, 1.0000105502226286, 1.0000323355053056, 1.0001108078518641, 1.0004280736431168, 1.0012488318725543, 1.0027052581782603, 1.0044316532157342, 1.0035024313674945, 1.0111350714575227, 1.0637356550312294]",0.019561396574819503
AR-S4U,0,0,12,0.9999075800923493,0.009613527326156305,0.0,0.00928069488006626,"[1.000005708668443, 1.0000103332631836, 1.000031869659988, 1.0001096729719017, 1.0004232900248033, 1.00123402202167, 1.0027733653691089, 1.0043871299865745, 1.004483644861349, 1.0140257468416347, 1.0693269888644554, 1.0836837024935209]",0.019561399796723236
AR-S4U,0,1,1,0.5900574392601818,0.6402675696455492,0.6401873023187856,0.6410502462567904,[1.000713593792272],0.4205512880901727
AR-S4U,0,1,2,0.9574780338442821,0.20620855015182551,0.20595918883629344,0.2047888518679646,"[1.0000150119683158, 0.9996380381137892]",0.4205521413370942
AR-S4U,0,1,3,0.9839650010216197,0.12662937644314723,0.1262228992250073,0.1262256874284244,"[1.0000519920486937, 0.9997477927123052, 0.999688624866734]",0.4205495236336978
AR-S4U,0,1,4,0.9966866656907404,0.05756156972546545,0.056661765059391384,0.05823315805675668,"[0.9999949112441149, 0.9998531113195835, 1.000435341200234, 0.9991353035501526]",0.4205471420191396
AR-S4U,0,1,5,0.9991790111292232,0.02865290335684611,0.026799443672636314,0.028729554429814674,"[0.9999760832665681, 1.000030097576702, 0.9998345159760982, 0.9994469694531369, 1.0010601986838852]",0.4205492859897367
AR-S4U,0,1,6,0.9997954730560257,0.014301291689016511,0.010087033972401219,0.014065847108289203,"[0.9999895728843641, 1.0000050678280523, 0.9998936237792213, 1.0000591338665206, 1.000531537686045, 1.001994773795175]",0.420551120316758
AR-S4U,0,1,7,0.9998750558409047,0.011177842327356557,0.004708021822516061,0.010938684613977278,"[1.000009133774919, 0.9999896315930731, 1.000016707595973, 1.0002126333959933, 1.00039661126275, 1.0020672995136208, 1.0052670645180877]",0.42055009659451303
AR-S4U,0,1,8,0.9998984765848091,0.010075882849201169,0.0,0.009843029280429742,"[0.9999999161120794, 0.9999980917950343, 1.000004775926383, 1.0001636084612078, 1.0005386458314207, 1.0013538746301114, 1.0041325715195137, 1.0058753097985156]",0.42055004271670837
AR-S4U,0,1,9,0.9998985602140229,0.010071732024685231,0.0,0.009811064838976282,"[1.0000004388698511, 0.9999983810798623, 1.000002657885212, 1.000170095364777, 1.00058516065073, 1.0013171153824976, 1.0038410726424227, 1.00543867887067, 1.0097851173145629]",0.4205500638887064
AR-S4U,0,1,10,0.9998983307193277,0.010083118598547538,0.0,0.009809054304988617,"[1.000000347448733, 0.9999986304335841, 1.0000157358165807, 1.0001672322092985, 1.0005678272015435, 1.0013132372470543, 1.003657405356123, 1.0056273838066248, 1.011287427440258, 1.0186258810197164]",0.4205500711976148
AR-S4U,0,1,11,0.9998978055780389,0.010109125677384078,0.0,0.009812344556351247,"[1.0000005898561484, 0.9999989829442688, 1.0000212405598286, 1.0001695858132242, 1.0005618063632604, 1.0012876227851515, 1.0034705142947824, 1.005704355476281, 1.0120590596002879, 1.0226410911574764, 1.0376778673198102]",0.4205500754110921
AR-S4U,0,1,12,0.9998975103406486,0.010123717664548448,0.0,0.009815350294111184,"[1.000000897786825, 1.000000248684616, 1.0000292721854618, 1.0001643492323857, 1.0005941474397275, 1.0013105748135895, 1.0032451111814842, 1.0054294674302193, 1.0146147694502192, 1.0252240704090818, 1.0354283234757422, 1.1090588454639543]",0.4205500968664333
AR-S4U,0,2,1,0.6433240690960366,0.5972235183781393,0.5969714601315803,0.5963418159953835,[0.9988578123385086],-0.00014853748949525134
AR-S4U,0,2,2,0.8646718614837461,0.36786973036151527,0.36746038129834013,0.36597563039734027,"[0.9995831308735352, 1.0001597635036514]",-0.00015511981544438807
AR-S4U,0,2,3,0.9439723333403919,0.2367016405934021,0.23606494862066174,0.23577566045127038,"[0.9992709970503632, 1.0003140417083394, 1.0004042869614729]",-0.00015557983477803788
AR-S4U,0,2,4,0.9905986763379688,0.09696042317374215,0.09539558149987212,0.09750836078268106,"[1.0000653295019115, 1.0000364864477116, 0.9997982498608857, 1.001429465156857]",-0.00016045050724732522
AR-S4U,0,2,5,0.9977716151913314,0.04720577092547736,0.043901914722893766,0.0476708162970715,"[0.999977873385882, 0.9999707327923933, 0.9998072142187426, 1.0007610189478182, 1.0010683915126142]",-0.00015999452072688693
AR-S4U,0,2,6,0.9994052110891066,0.024388294546633525,0.017140076387255322,0.02420669107142881,"[0.9999643906939473, 1.000013122953884, 1.000071592090399, 1.0001960211506153, 1.0008685236245685, 1.0023486047196524]",-0.00015862498459613689
AR-S4U,0,2,7,0.9996658278192853,0.018280376930325092,0.005758948548333693,0.018166150717467685,"[0.9999902406597232, 1.0000144736322, 1.0000976306129672, 1.0000727580297817, 1.0005525840873684, 1.0013318350033478, 1.005273711399578]",-0.0001591704307132183
AR-S4U,0,2,8,0.9997027751322224,0.017240210781124782,0.0,0.017040398305046153,"[1.000008725237335, 1.0000164551099957, 1.0000516839979157, 1.0001442247252263, 1.000727093994201, 1.0014817036191563, 1.0040434576855366, 1.0034949077802422]",-0.00015923143720773754
AR-S4U,0,2,9,0.9997034142214246,0.01722166596399415,0.0,0.016948008650433253,"[0.999998843135489, 1.0000123268804002, 1.0000440536136954, 1.0001427431929149, 1.0007572545313448, 1.0014932846436266, 1.0037989160796927, 1.0035966840643336, 1.0059939214748843]",-0.00015920184957917658
AR-S4U,0,2,10,0.999702887177127,0.01723696095235614,0.0,0.016937592987830964,"[0.9999994847666314, 1.000012489084693, 1.0000525108629768, 1.000139641852277, 1.000750370727835, 1.0014020265898325, 1.0037300224243022, 1.0042443851828085, 1.0060570402011815, 1.001655011304189]",-0.00015920960337069778
AR-S4U,0,2,11,0.9997013056611647,0.017282775785023307,0.0,0.016944849690543058,"[1.000001838937343, 1.0000155452074042, 1.0000521588010405, 1.000132498414286, 1.0007561566079348, 1.0014144389553437, 1.003726136042956, 1.004175172049412, 1.0076476479516396, 0.9992391171249326, 1.0773001522436016]",-0.00015924682941989983
AR-S4U,0,2,12,0.9997003880415963,0.01730930265503658,0.0,0.016954963151747215,"[1.0000045093083776, 1.0000097522566946, 1.0000534903200637, 1.0001452135168254, 1.0007709108249938, 1.0014494550695154, 1.0042128253019973, 1.0042463714416914, 1.011088139367657, 1.0101577296094995, 1.0742177395604104, 1.3717691466009283]",-0.0001592806224999807
AR-S4U,1,0,1,0.7440920279557983,0.5058734743433398,0.5057234516828032,0.5082277553025528,[1.000616206372072],-0.015623264458990236
AR-S4U,1,0,2,0.9090153361855462,0.3016366420288719,0.30138497200792985,0.30006810931357597,"[1.0002554212164878, 1.0013924659224132]",-0.015621399220019686
AR-S4U,1,0,3,0.9677680185468382,0.17953267516851,0.17910951675142384,0.1773527850010765,"[1.0004007043209233, 1.0006618332911694, 0.9991027382456676]",-0.015622694883844653
AR-S4U,1,0,4,0.9916339547812122,0.09146608780738283,0.0906326804003651,0.08968549496213728,"[1.000070630157985, 0.9999314870452326, 0.9997428470913933, 1.0010503323770787]",-0.015623712049089088
AR-S4U,1,0,5,0.9981159491651649,0.043405654410860944,0.04162076852488372,0.04323516385313108,"[1.0000403852235775, 0.9999236910484918, 0.999995750864264, 1.0001524205131216, 0.9990155146624956]",-0.01562003306246402
AR-S4U,1,0,6,0.9995651061577188,0.020854108522811762,0.016826508254776718,0.02063198481369675,"[1.0000202878254245, 0.9999950509807608, 1.0000939046132764, 1.0000439257157792, 0.9998826234895729, 1.0016748952457344]",-0.015619620278452975
AR-S4U,1,0,7,0.9998019672425523,0.014072411216551449,0.006802227224562676,0.013834938922265106,"[0.9999935080840672, 0.9999860851111974, 1.0000335052745748, 1.0000738122907853, 1.0001894165985288, 1.0009398965798926, 0.9992460258195632]",-0.015620046172931947
AR-S4U,1,0,8,0.9998474116234431,0.012352666779156618,0.0009087982855057228,0.012202600110393914,"[1.0000008823847057, 1.0000031159845466, 1.0000414590736368, 1.0000140887992393, 1.0001802659721715, 1.000506832814922, 0.9999608216457437, 1.001852504408486]",-0.015620396734287776
AR-S4U,1,0,9,0.9998498602498489,0.012253152661705149,0.0,0.012106294888068308,"[1.000002259316304, 1.000009351414327, 1.0000214763689486, 1.0000248890356966, 1.0001062124102924, 1.0005192395336744, 0.9996230065470465, 1.0013327459030248, 0.9996952958706526]",-0.015620393513576946
AR-S4U,1,0,10,0.999849580407472,0.012264566544643743,0.0,0.012100440959442444,"[1.000002042133076, 1.0000093885261099, 1.0000137891453569, 1.00002995465971, 1.000060155265662, 1.0003069485952047, 1.0003487807429672, 1.001193369823544, 1.0011175532335153, 1.0133133952650752]",-0.01562041558660936
AR-S4U,1,0,11,0.9998491642395366,0.01228152109729623,0.0,0.012105837662723962,"[1.000002796180751, 1.0000085221773052, 1.000009173626905, 1.0000308864666507, 1.0000660648821316, 1.0002394530154484, 1.0006794281606233, 1.0013285969215608, 1.0022487125637707, 1.0185470149175635, 1.0025218456006608]",-0.015620418021486743
AR-S4U,1,0,12,0.9998486165127538,0.012303799707659234,0.0,0.01210986347487121,"[1.0000042925713726, 1.0000091036145935, 1.0000147919726579, 1.000023936013514, 1.000086998214615, 1.0002834528929179, 1.0005636518681091, 1.001728732193801, 1.0018512996785658, 1.0185034059633136, 1.005564202380342, 1.1807507087497062]",-0.015620429955901663
AR-S4U,1,1,1,0.6041150750931803,0.6291938690950666,0.6291376423927566,0.6280985037479057,[0.9986935051019774],0.3782512798423678
AR-S4U,1,1,2,0.9530986864100713,0.21656711105319898,0.2164037008893909,0.21577755493268963,"[0.9998687209332655, 0.9996794920416574]",0.37824949347471404
AR-S4U,1,1,3,0.9821243768698078,0.1336997499256906,0.13343489535683137,0.13319809712816214,"[0.9999149268210934, 0.9998368176705359, 1.0003887096829585]",0.37824987171462077
AR-S4U,1,1,4,0.9962885095521078,0.06092200298654219,0.060338533430873094,0.06058502267202917,"[0.9999624872238453, 0.9998956031985796, 0.9991589274089961, 0.9999256959701596]",0.37825032357272964
AR-S4U,1,1,5,0.9991810703548196,0.028616946817933416,0.027352839228803376,0.02891959346446721,"[0.9999613117981092, 1.0000222437930473, 0.999628264677555, 1.0000506922287338, 0.9992044430670045]",0.37825161004706753
AR-S4U,1,1,6,0.9998135332895177,0.013655281413513371,0.010757085068854814,0.013686984753649073,"[0.9999914107537056, 1.0000010596813842, 1.0000311974462597, 0.9998212649308511, 1.0005325474469187, 1.0023213318944344]",0.3782515976791275
AR-S4U,1,1,7,0.9999080560049494,0.009588743142382873,0.0046034947319324665,0.009466289432159977,"[1.0000119125587688, 0.9999721202849399, 0.999970330652606, 1.0001393190910992, 1.000434490562398, 1.0003021961966105, 1.0055569896318508]",0.37825200490862226
AR-S4U,1,1,8,0.9999294390007449,0.008400059479259541,0.0,0.008208469018781311,"[1.000000271603552, 1.0000013265411103, 1.000021854401142, 1.00010607180748, 1.0005204802924301, 1.0013552578690392, 1.00263878027219, 1.0048082404965244]",0.3782521465367542
AR-S4U,1,1,9,0.9999305821371662,0.008331738284042052,0.0,0.008120039611031747,"[0.9999989059005714, 1.0000015333051238, 1.000033234911754, 1.0001394768867562, 1.0005192080571512, 1.0010968833409666, 1.002814664564461, 1.0056543300903544, 1.010891871813419]",0.37825216436303427
AR-S4U,1,1,10,0.9999303793207825,0.008343900719531656,0.0,0.008117227509350846,"[1.0000001598548702, 1.0000015254192567, 1.0000333534811665, 1.000134532329658, 1.0005312099624546, 1.0011148752182273, 1.003023860331868, 1.0054182220385497, 1.0114591571356575, 1.0243114010486378]",0.3782521836402045
AR-S4U,1,1,11,0.999929853242539,0.008375366109071377,0.0,0.008121838257540549,"[0.999999169967819, 1.0000007626124807, 1.000035756970061, 1.0001365886397717, 1.0005199366378104, 1.0011080316379892, 1.0033394541274916, 1.0049668902716429, 1.0117803051171386, 1.0291639794053735, 1.0084184182345568]",0.37825218188288406
AR-S4U,1,1,12,0.9999295178209694,0.00839536652151363,0.0,0.008124776853361259,"[1.0000008467734907, 1.0000006461722544, 1.0000382751636754, 1.000131944236158, 1.0005084989524209, 1.0011155994210235, 1.003384927731395, 1.0049620104183707, 1.0128798875451095, 1.0225338860232125, 1.015038423781784, 1.0164982634327453]",0.378252173651179
AR-S4U,1,2,1,0.6341106643809074,0.6048878702859669,0.6047922078477372,0.6063895020825492,[1.000964420927759],0.004570003468401024
AR-S4U,1,2,2,0.8674619019008062,0.3640578224666981,0.36389885566382557,0.3629457217380495,"[1.0000925003074208, 1.0006508245371606]",0.004574648259023887
AR-S4U,1,2,3,0.9452611437372549,0.23396336521503777,0.23371592867623095,0.2338103064652493,"[0.9999393432684903, 0.9993326737754084, 0.9984951884904697]",0.004571142974282479
AR-S4U,1,2,4,0.9902312058333558,0.09883721043536295,0.09825005455923241,0.09773173688311108,"[0.9999730331419228, 0.9996524229655593, 0.9992966178882344, 1.000761890927038]",0.004570676990065396
AR-S4U,1,2,5,0.9977229974368731,0.04771794801882089,0.04648958611748246,0.0479613642952153,"[1.0000374587205738, 1.000130272485315, 1.0000691397151507, 0.999655372559136, 1.0001194680482182]",0.004573791707017864
AR-S4U,1,2,6,0.999547780031948,0.021265464209651017,0.01834390967868825,0.021044921181657718,"[1.0000427470865527, 1.000151891558059, 1.0000370447685067, 0.9998434346403886, 1.0005882774860229, 1.0011448048592622]",0.004572365487476025
AR-S4U,1,2,7,0.9998397116232313,0.012660504601663682,0.006675884287244,0.012477673151926673,"[0.9999940702104533, 1.0000109886603104, 1.000013062345078, 1.000077531471133, 1.0005291676190835, 1.0012116084772074, 1.0045247901099503]",0.0045720930510442835
AR-S4U,1,2,8,0.999882454840708,0.010841824537039182,0.0013506344952906226,0.010658234558722595,"[1.0000074763639375, 1.0000020773852683, 1.0000088516545729, 1.0000789707394329, 1.0005825606685423, 1.0011578821746414, 1.0035647353713353, 1.00522919325329]",0.004571961129178164
AR-S4U,1,2,9,0.9998877449186659,0.010595049850477056,0.0,0.010385279663243282,"[1.0000055984952738, 0.999999783872919, 1.0000317221285375, 1.0000952030568064, 1.0004922889247752, 1.000907680599155, 1.0035264115064633, 1.0024526377288723, 1.0115237089737705]",0.004571899283223166
AR-S4U,1,2,10,0.999887260483877,0.010617886612835217,0.0,0.010363506484657215,"[1.0000016160723328, 0.9999983595492378, 1.0000394143049571, 1.0000906797472675, 1.0005318602063258, 1.0008736346784517, 1.0034769268317267, 1.0023165540701, 1.0126971073956876, 1.002593284381157]",0.0045718910768705115
AR-S4U,1,2,11,0.9998861458411308,0.010670246429637523,0.0,0.010370663772044233,"[1.000003800317495, 0.9999969257732312, 1.0000427182693747, 1.000098830821647, 1.0005283633683333, 1.000856148713759, 1.003558838893957, 1.0023969968204627, 1.012453138495003, 1.004107267051029, 1.0294577379192293]",0.004571917826689462
AR-S4U,1,2,12,0.9998853358049982,0.010708136859500483,0.0,0.010375927139288563,"[1.0000019541944982, 1.0000035935994753, 1.0000386122643758, 1.0000977745584145, 1.0005234902650586, 1.000881784903063, 1.0034302417166754, 1.0027600034406785, 1.0116439020425823, 1.0057055498634206, 1.0349471191505732, 0.9982176196765498]",0.00457192981730817
AR-S4U,2,0,1,0.7430705289506723,0.506882107643708,0.5067708681716614,0.5050543753757516,[1.0003779133654205],0.006568879022234751
AR-S4U,2,0,2,0.9109092495772759,0.29848073710496636,0.29829179036784725,0.2977541729845374,"[1.0001307908388937, 0.9995572759212925]",0.006566767368788725
AR-S4U,2,0,3,0.9676784800529461,0.17978186768151522,0.17946799638148725,0.17624583424309478,"[0.9998600609976638, 0.9994538241992913, 1.0000177546119138]",0.006565063197174485
AR-S4U,2,0,4,0.9917715253204554,0.09071094024176245,0.09008727134105164,0.08934913026324307,"[1.000031549847853, 0.9997886021166926, 1.0001794829211168, 0.9980990449272221]",0.006559444819357817
AR-S4U,2,0,5,0.9981001008399863,0.04358783270608543,0.04227458974544112,0.04261489529719353,"[1.000023613898435, 0.9998855954332663, 1.0002923444480984, 1.0005535710040436, 1.0001410537203446]",0.006561891396295118
AR-S4U,2,0,6,0.9995829217832237,0.02042249291286994,0.017444769843935646,0.020389464980753228,"[1.0000542811370243, 0.9998343209286759, 1.0002289277253624, 0.999947567267727, 1.000153798625281, 1.0000792930784763]",0.006561215918983644
AR-S4U,2,0,7,0.9998541272701984,0.012077778347098651,0.0057545206519142925,0.011985429152090553,"[1.000018498224419, 1.0000089897038846, 1.0000853148926583, 1.0000222167730588, 1.00083829447549, 1.0015365347680534, 1.0034654466776984]",0.006560911999408152
AR-S4U,2,0,8,0.9998867118668078,0.0106436898297619,0.0007279500833436207,0.010455341318918149,"[1.00001030188431, 1.0000184718437293, 1.0000355391909468, 1.000108371662184, 1.0005626299457029, 1.0012317392607928, 1.003179787346393, 1.0036251548721316]",0.006561135232432384
AR-S4U,2,0,9,0.9998898567130031,0.010494917198192849,0.0,0.010228174772236856,"[1.0000100202362725, 1.0000087381826752, 1.0000401719923746, 1.0001068162427904, 1.00059657340588, 1.0013183840213402, 1.0030319420459801, 1.0034732727949425, 1.0078663483950943]",0.006561161554574643
AR-S4U,2,0,10,0.9998889706623942,0.010537045962023815,0.0,0.010222647880231271,"[1.0000082055935218, 1.0000141888273393, 1.0000360221717315, 1.0001096068745923, 1.000584780374884, 1.0013655363196288, 1.003061605875105, 1.0040262438806067, 1.007419209077163, 1.0133889940615415]",0.006561172840326221
AR-S4U,2,0,11,0.9998881808373669,0.010574458030232107,0.0,0.010233201165177654,"[1.0000038797613497, 1.0000138462287484, 1.0000322210229216, 1.000124923311337, 1.0004744524490308, 1.0012417383499816, 1.0029380349139114, 1.0045132795150047, 1.0073592433176142, 1.0091119013875847, 1.1271046501002882]",0.006561165639673556
AR-S4U,2,0,12,0.9998878592107249,0.010589654823229867,0.0,0.010236809576108554,"[1.0000046458076188, 1.0000118486722538, 1.0000337236598325, 1.0001255596202085, 1.0004770175407556, 1.0012159210945644, 1.0028181393160114, 1.0045041630225289, 1.0073601393872889, 1.0132869127933388, 1.11526611996254, 1.1120123575448035]",0.0065611781716503675
AR-S4U,2,1,1,0.5743646364685413,0.652407360114414,0.6523851866051071,0.6547256707158453,[0.9985170687731311],0.45136821487239864
AR-S4U,2,1,2,0.9606168600074282,0.19845185812325325,0.19837895090682803,0.19742626498997964,"[1.0000303826674948, 0.9995057527494323]",0.45137267140228826
AR-S4U,2,1,3,0.9850415455702034,0.12230476045435267,0.12218642559678404,0.12153631530985073,"[1.0000364417082892, 0.9997942157546607, 1.00108953772299]",0.45136678528752694
AR-S4U,2,1,4,0.9967980577831845,0.05658570682438669,0.0563294806219381,0.05655254833186025,"[1.0000576597564785, 0.9999280637782729, 0.9992014177227828, 0.9984478495296278]",0.45136295241975055
AR-S4U,2,1,5,0.9992587946789451,0.027225086245132788,0.026688452397559022,0.02728826608870009,"[1.0000598963313214, 1.0000384824523616, 0.9998967207552328, 1.0000240982646704, 1.000526955111284]",0.45136416146584607
AR-S4U,2,1,6,0.9998582721637412,0.011904950073763602,0.010620546435125612,0.011865722421692185,"[1.0000138261529568, 0.9999928556913463, 1.0000210653581159, 1.0000822933076334, 1.0007571030214164, 1.0009379415284303]",0.45136346822646
AR-S4U,2,1,7,0.9999477197154898,0.00723051066732222,0.004832023885714537,0.007019571007141308,"[0.9999926787413941, 0.9999999112570643, 1.0000323716853419, 1.0001167501723385, 1.000405658459814, 1.0006186142276394, 1.00458743770631]",0.45136296994942565
AR-S4U,2,1,8,0.9999694690560605,0.005525481331025194,0.0012645608966607208,0.005335065761102811,"[1.0000023482002653, 1.0000011036474856, 1.000016735634802, 1.000117292857287, 1.0003936235698414, 1.000540528274663, 1.002930210890058, 1.0036099341870468]",0.45136300017954745
AR-S4U,2,1,9,0.9999714645114859,0.005341861895826956,0.0,0.005164159938149684,"[0.9999994215592326, 1.0000000898364783, 1.00002360095863, 1.0001315577312522, 1.0003987655989182, 1.0007756675819253, 1.0026850091645292, 1.0034424979809586, 1.0107685529685442]",0.4513630936219567
AR-S4U,2,1,10,0.9999715132958751,0.0053372937079446715,0.0,0.005156010369180686,"[0.9999994761170852, 1.0000009057698516, 1.0000261786064906, 1.0001293167813297, 1.0003819785096042, 1.000812792951598, 1.0024254062392552, 1.0034801401538946, 1.011314985885424, 1.0143467604465344]",0.451363105382363
AR-S4U,2,1,11,0.9999713709731496,0.005350609951249411,0.0,0.005159385519785879,"[1.0000001901583997, 1.0000005901940692, 1.000026650900332, 1.000098068943871, 1.0003811752470353, 1.0007813400127497, 1.002614714997474, 1.0037901865077319, 1.011506450679587, 1.0130587393066646, 1.0409112144368542]",0.45136309498450367
AR-S4U,2,1,12,0.9999712516565742,0.005361748168817462,0.0,0.005160561852382713,"[1.000000405320761, 1.0000017987854073, 1.0000229521873634, 1.0000888364034817, 1.0003824582630225, 1.0007763253159911, 1.002693188631768, 1.0038977889657743, 1.0121564571923498, 1.0135543585520579, 1.0470687854333611, 1.0213460936363172]",0.4513631042730265
AR-S4U,2,2,1,0.6330536591382805,0.6057609601664006,0.6051889408262906,0.6070127956714015,[1.000139389281363],0.004237227608820378
AR-S4U,2,2,2,0.8658645741223281,0.36624503529423014,0.3652981509868341,0.36280705055788043,"[1.0002484321434104, 1.0006944248783198]",0.0042190813391428375
AR-S4U,2,2,3,0.9445734493468476,0.23542844062082285,0.23395269583802672,0.23378504009802956,"[1.000010911580721, 0.9994893771360241, 0.999699105690789]",0.00421834688377789
AR-S4U,2,2,4,0.9900176516121912,0.09991170295720472,0.09638289072515219,0.09869746342747497,"[1.0001515336047802, 0.9998991684495907, 1.000770016444098, 1.000036189087373]",0.004217199596024473
AR-S4U,2,2,5,0.997238324778102,0.05255164337961285,0.04548613479540684,0.05179837097118563,"[0.999978970090281, 0.9998074792592383, 1.000228072178307, 1.0011248994749327, 1.0015107887377586]",0.004220708829234994
AR-S4U,2,2,6,0.9990718637694801,0.030465328334353267,0.015344362718857488,0.03001910586929217,"[1.0000665846322163, 1.0000179007268102, 1.0000565717074685, 1.000288780538366, 1.0011078171284102, 1.001248771476884]",0.004220374627095699
AR-S4U,2,2,7,0.9992884620070686,0.026674669499948376,0.0043418002786161465,0.02612765000099083,"[1.0000296481649613, 0.9999990433395811, 1.0001159347752129, 1.0001838166356607, 1.0012151378470049, 1.0021075133098098, 1.0050886096402147]",0.004219924879379946
AR-S4U,2,2,8,0.9993167348279239,0.026139341462172852,0.0,0.025456947669877765,"[1.0000202597504906, 1.0000207710375917, 1.0000556478275895, 1.0002275342438482, 1.0012479449348994, 1.0017008089896553, 1.00421842354091, 1.0044421066963247]",0.004219830023719811
AR-S4U,2,2,9,0.9993146083135355,0.02617998637250392,0.0,0.025423579929684106,"[1.0000202238542153, 1.0000103707452879, 1.0000574002463962, 1.0002271515119354, 1.0011983104777158, 1.0015909957765323, 1.0042871108208329, 1.0043977075686534, 1.0067243188617834]",0.004219811563543556
AR-S4U,2,2,10,0.9993124031693712,0.026222067626883356,0.0,0.025441559204901393,"[1.0000124586494399, 1.0000167563981237, 1.0000965515615754, 1.0002034773052941, 1.001061722084987, 1.001708816706368, 1.0047624987013561, 1.0043174867448295, 1.0097154330703433, 1.0405999154124588]",0.004219854282591207
AR-S4U,2,2,11,0.9993126733347856,0.026216915631219067,0.0,0.025440182013672083,"[1.000009169938088, 1.0000208433662372, 1.0000886904201436, 1.0002173617051646, 1.001039173207022, 1.0016514302344823, 1.0042908264797243, 1.0036651273508614, 1.0126448440768623, 1.0463776402151914, 1.0596901534911718]",0.004219865189596824
AR-S4U,2,2,12,0.9993101907674605,0.02626421962555568,0.0,0.02544921369069898,"[1.000008211507453, 1.0000209470923285, 1.0000851986376538, 1.0002154385103437, 1.0011014190657956, 1.0016196530040655, 1.0047214934754132, 1.003874248331746, 1.014466372826055, 1.050798965763009, 1.0548837088189673, 1.052461343345605]",0.004219910972433543
AR-S4U,3,0,1,0.7483158332548316,0.5016813398415058,0.5016322707051032,0.5042212662481015,[0.999342957520498],0.007605551634798817
AR-S4U,3,0,2,0.9118967776776097,0.2968218696834692,0.2967389266509871,0.29714122073847854,"[0.9993233895019418, 1.0003683702849846]",0.007608064040576257
AR-S4U,3,0,3,0.9690553892134144,0.17591080349593555,0.17577081399986516,0.1759327719836996,"[0.9995092060301918, 0.9995010676100634, 0.9998207725671563]",0.00760900797125788
AR-S4U,3,0,4,0.9919454793381091,0.08974698135252758,0.08947228022957995,0.08917876446352879,"[0.999788963974654, 1.000201005257801, 1.0010498140954682, 1.0010613976295204]",0.0076064234618420596
AR-S4U,3,0,5,0.9982291252471747,0.04208176271052983,0.041492686348498724,0.04231102705757581,"[0.9999887262853957, 0.9999385571002096, 1.0002539307121974, 1.0007737880009482, 0.9993947532561405]",0.007607921432846874
AR-S4U,3,0,6,0.9996367234724188,0.019059814468696368,0.01772130907045755,0.019270640843752396,"[0.9999865199939416, 0.9999743190858078, 1.000176561111989, 1.00013196080761, 1.0007903686726976, 1.0001172636922364]",0.007606179806782111
AR-S4U,3,0,7,0.9999081203972864,0.009585384849530533,0.006530533692062482,0.009499409971236102,"[1.0000103299743959, 1.000047523158195, 1.000070176505361, 1.0001644736581865, 1.0002371493031674, 1.000752270022437, 1.0047375572988473]",0.007606291678303495
AR-S4U,3,0,8,0.999945119525826,0.007408135674649277,0.0023767081780405996,0.007268561474572625,"[1.000007111264001, 1.0000305865331547, 1.00004810821541, 1.0000909354746697, 1.0002597342014317, 1.000472013951472, 1.0026574122917973, 1.004714132350587]",0.007606309408057159
AR-S4U,3,0,9,0.9999513109459236,0.00697775422871983,0.0,0.006841426554254484,"[1.0000074999795763, 1.0000085867910624, 1.0000236142608219, 1.0000926562246577, 1.000293263337207, 1.000849053800788, 1.0024933666755478, 1.0045005754279137, 1.0084581024466104]",0.007606305210702846
AR-S4U,3,0,10,0.999951443008147,0.006968284713828809,0.0,0.006821890894251752,"[1.000005839046196, 1.0000105205414913, 1.0000324192103969, 1.000089358981538, 1.000315858647681, 1.0008543642848582, 1.0024796507827185, 1.004820174296786, 1.0109333764818558, 1.0028200764462363]",0.00760625947667472
AR-S4U,3,0,11,0.9999514474310854,0.00696796734453787,0.0,0.006820211429967624,"[1.000004951945048, 1.0000108099613552, 1.0000301985671194, 1.0000910279089446, 1.00031505287114, 1.0009062611456558, 1.0024668054609218, 1.004395893950664, 1.0104830059213725, 1.0067699139665025, 1.0437741866498549]",0.007606274061065838
AR-S4U,3,0,12,0.9999511890020427,0.006986486810784159,0.0,0.006823576327310018,"[1.000005243056345, 1.000013461482455, 1.0000306509695454, 1.0000900635054044, 1.0003287991477317, 1.000894827202549, 1.0024742758877285, 1.0040898029012624, 1.0100612485309817, 1.0087105480536467, 1.0415428929630213, 1.0295065240903607]",0.007606272955252886
AR-S4U,3,1,1,0.5551019851931793,0.6670067576920199,0.6669848980720009,0.6644788841475672,[1.0007205986654226],0.37842380680756316
AR-S4U,3,1,2,0.952252023726944,0.21851310320677794,0.21844636806857806,0.21658858038952034,"[1.000151409372315, 0.9995845690393245]",0.3784287026068223
AR-S4U,3,1,3,0.9817867912084586,0.13495632179168712,0.13484824151926525,0.13374110994568048,"[1.000105543008775, 0.999529655330368, 1.000339184654575]",0.37843043934307885
AR-S4U,3,1,4,0.9962801798059204,0.060990328692995435,0.06075079952870012,0.0607826075576844,"[1.0001239938684778, 0.999987548126183, 1.0003080924652235, 1.0011910741775123]",0.3784306231418073
AR-S4U,3,1,5,0.9991350602393685,0.029409858221887426,0.028909846245322852,0.028791410865266723,"[0.9999827965354863, 0.9999387863967372, 0.999970916852458, 1.000052915507005, 0.9993307385308822]",0.3784296657169042
AR-S4U,3,1,6,0.9998358360297525,0.012812648838062287,0.011619097191442516,0.01259132579143684,"[1.0000143973738842, 1.0000147021648569, 0.9996913786825912, 0.9999783458940333, 1.000921568770848, 0.9981758275262324]",0.378430826601892
AR-S4U,3,1,7,0.9999450860750501,0.007410393036127994,0.005074778246050044,0.007309851838374569,"[0.9999929974576725, 1.0000081236134182, 0.9999328632972021, 1.0000472157864133, 1.00068998500696, 0.9999754985918443, 1.0032346223468345]",0.37843037022431014
AR-S4U,3,1,8,0.9999692623017544,0.005544158930408,0.0012558453496793645,0.005394904822371799,"[0.9999950296438551, 0.9999951401856457, 1.0000045566622129, 1.0000644920141248, 1.0004346940995827, 1.000612294519, 1.0025272395168776, 1.0049581079939587]",0.3784304797003522
AR-S4U,3,1,9,0.9999713718965213,0.005350523663967416,0.0,0.005203699052374808,"[1.0000008698982341, 0.9999983950742438, 1.00002056125592, 1.0000721234342462, 1.0003874223652955, 1.0007403484704211, 1.0026232874898728, 1.0040986046253881, 1.0110664443175235]",0.3784305151597478
AR-S4U,3,1,10,0.9999714044404326,0.005347481609822661,0.0,0.005193777170453703,"[1.0000015605030852, 0.9999992570412928, 1.0000226247334527, 1.0000794514910334, 1.0003482419057748, 1.0007542507764293, 1.0027257077713354, 1.0039637667793269, 1.0123190889518574, 1.0117119304417683]",0.3784304968338017
AR-S4U,3,1,11,0.9999711990787512,0.0053666489775993,0.0,0.005195370469702141,"[1.0000015448173745, 0.9999992565995577, 1.0000295811717324, 1.000077633658893, 1.000347228465503, 1.0007822414972471, 1.0027274034528395, 1.0040222336640583, 1.0112486798797589, 1.0114267851081915, 1.020868145090463]",0.378430490041262
AR-S4U,3,1,12,0.9999710465411723,0.005380841832622778,0.0,0.005197620498153044,"[1.0000014919677536, 1.000000795539043, 1.0000270721308615, 1.000081823661695, 1.0003444383189553, 1.000794253214855, 1.002692929033425, 1.0040365713978465, 1.0111506754694723, 1.0139652686438105, 1.027271316396883, 1.0247428187274426]",0.3784304892264144
AR-S4U,3,2,1,0.6360807912502267,0.603257166347631,0.6031532691955526,0.6063546765579575,[0.9981132636205196],0.017761293705973118
AR-S4U,3,2,2,0.8676624522030908,0.36378228076269636,0.3636099629938908,0.3623395858302109,"[0.9987822446393702, 1.0009463788822914]",0.017752674036263818
AR-S4U,3,2,3,0.9455882191670039,0.23326332937904345,0.23299450256284054,0.23374482663073498,"[0.9990355731318861, 1.0003630469058304, 0.9993955083673457]",0.01775324481516431
AR-S4U,3,2,4,0.9903435232018953,0.09826737402670695,0.09762752782701255,0.09796724739666438,"[0.9997289953071742, 1.0004636609115645, 0.9999606509310388, 1.0018351542824906]",0.01775091058687788
AR-S4U,3,2,5,0.9976189758843275,0.048795738704036175,0.04749401548807981,0.04868632551565532,"[1.0000236225880255, 1.0003589661517294, 0.9999033111287502, 1.0006042818741885, 1.002605029872994]",0.017754147981679087
AR-S4U,3,2,6,0.9995801648003262,0.02048988042116822,0.017160786438364762,0.020577215828106853,"[0.9999646437524701, 1.0000987291002696, 1.000042142054497, 1.0003404466094188, 1.0011863502242113, 1.001468260786431]",0.017754434008671556
AR-S4U,3,2,7,0.9998240667565716,0.013263982939841304,0.007112709395004999,0.013266406167511917,"[0.9999921656925397, 1.000026488420828, 1.0000629145630016, 1.0002501949816034, 1.0007151088425796, 1.001191184929089, 1.0038652540847817]",0.01775421033696579
AR-S4U,3,2,8,0.999875536306026,0.011156329771657895,0.0,0.01109361047739418,"[1.0000074737940667, 1.000030166618769, 1.0000686404139234, 1.0001650034023712, 1.0007482133166503, 1.0013083491968167, 1.0023361363047265, 1.0078643279242467]",0.017754228362854164
AR-S4U,3,2,9,0.9998775666170084,0.011064961951655322,0.0,0.010966909528611169,"[1.000008493597175, 1.0000320682164627, 1.0000771166260218, 1.00015290356694, 1.0006358143999925, 1.0012880329309284, 1.002580197956915, 1.0065515910118739, 1.0092419730409894]",0.017754147138295606
AR-S4U,3,2,10,0.9998773473981741,0.011074863512743309,0.0,0.010941415119297403,"[1.0000106496775958, 1.0000284352428233, 1.000065448732987, 1.000160899113859, 1.000636740324543, 1.0012657658034154, 1.0023460021917503, 1.0068113092287263, 1.00928620741252, 1.0115731781100192]",0.017754152586533987
AR-S4U,3,2,11,0.9998767503765905,0.011101784694789271,0.0,0.010963700235896974,"[1.0000090931956804, 1.0000198131471998, 1.000065922466583, 1.000145638293504, 1.0006551373152444, 1.0012874568718744, 1.0025251279003564, 1.0067321558674345, 1.0107377569404798, 1.0190504009981733, 1.2870315520898437]",0.0177540963825179
AR-S4U,3,2,12,0.9998757740465242,0.011145669718584874,0.0,0.01096967745846951,"[1.0000096966502654, 1.0000191130676375, 1.000062953359724, 1.00015213619097, 1.0006693463223657, 1.0012823125404742, 1.002812580806991, 1.0066242226639572, 1.0108682905139312, 1.0204640276847117, 1.291186281081406, 1.139955636146878]",0.017754077499068315
AR-S4U,4,0,1,0.7404117794785077,0.5094980083587101,0.509437039625139,0.5078280432160291,[1.0000963088538946],0.007367180331030431
AR-S4U,4,0,2,0.9102675205888714,0.29955380052860053,0.29945008971723786,0.2997662472898211,"[1.0001426535539963, 0.9987087407536609]",0.00736453513642665
AR-S4U,4,0,3,0.969149890817599,0.17564199151228344,0.1754650563586215,0.1772069125626985,"[1.0001101985698735, 0.9997486585875927, 1.0006205176371452]",0.007361752693326271
AR-S4U,4,0,4,0.9917510860093397,0.09082353214151244,0.09048088644124523,0.08959239287093561,"[0.9999929598533515, 0.999383172938469, 1.0002202401593798, 1.001360635594503]",0.007358385067898204
AR-S4U,4,0,5,0.9981797289746315,0.04266463436346961,0.04193027362063979,0.04257298469891451,"[1.000025103841251, 0.9999477648622209, 1.0000106644308295, 1.0001976214721788, 1.0010480695710997]",0.0073582563303234705
AR-S4U,4,0,6,0.999635427108476,0.019093791962938856,0.017391081394127202,0.019161824634190413,"[0.9999715955178092, 1.0000118026248248, 0.9998904926564186, 1.0003005948651038, 0.9999691857239288, 0.9994030906001223]",0.00735779771264807
AR-S4U,4,0,7,0.9998948198372788,0.010255738038837494,0.006561782018204138,0.010389878925916344,"[0.9999860481022549, 0.9999822193770349, 1.0000567121080324, 1.0000343130052163, 1.0003911090610922, 1.0012172307224614, 1.0022045703506282]",0.007357489889232354
AR-S4U,4,0,8,0.9999350954676565,0.008056334920018046,0.0016677388514605906,0.00797304715971268,"[1.0000029391874978, 1.0000058762073663, 1.0000731073615372, 0.9999786236618864, 1.0002767735602056, 1.001182598008513, 1.0022672966826032, 1.0048601923919547]",0.007357995114625308
AR-S4U,4,0,9,0.9999384762358973,0.00784370856818907,0.0,0.007743295574918633,"[1.0000026103956694, 1.0000053549645187, 1.0000459111219941, 1.0000458829213794, 1.0002823677835726, 1.000968625914713, 1.0020895714546487, 1.0051756132080927, 1.0059578977923165]",0.0073578723580768595
AR-S4U,4,0,10,0.9999387261913817,0.007827758850288292,0.0,0.0077082966156544735,"[1.0000001235500844, 1.0000044968421318, 1.000037756213187, 1.000049788978504, 1.000292794179589, 1.000918331898116, 1.0022234409454551, 1.004472757961068, 1.0064713720524476, 1.0125714585251724]",0.007357922841355812
AR-S4U,4,0,11,0.9999385083545088,0.00784166088855946,0.0,0.007713635530151615,"[1.000000144962073, 0.9999992531165447, 1.0000159125964174, 1.0000774928383989, 1.0002964102616296, 1.000888608343046, 1.0018068246760687, 1.0046970975440386, 1.0057835563074726, 1.0139834651514066, 1.0256068102195581]",0.007357926096255999
AR-S4U,4,0,12,0.9999383310845471,0.007852955841778956,0.0,0.007715196241933466,"[1.0000007606039714, 0.9999998638769174, 1.0000140346600113, 1.0000771336513847, 1.0002940041794575, 1.0009011721621326, 1.0017218313392326, 1.004693208182263, 1.0056864296546708, 1.013193580548408, 1.0323017274732182, 0.9913550308428086]",0.007357935536644221
AR-S4U,4,1,1,0.5437491561135395,0.6754634289778099,0.6754217028806542,0.6727996635820428,[0.9998078089165414],0.3701316510601712
AR-S4U,4,1,2,0.9512641391686725,0.22076200042427477,0.22063429848296393,0.21910242161052446,"[0.9998782969636753, 1.0000026938394422]",0.3701285860643789
AR-S4U,4,1,3,0.9813034479403724,0.13673533581202635,0.1365290624569353,0.1353588797051175,"[0.9997761961976714, 0.9997079791942469, 1.002569707101877]",0.3701348450061496
AR-S4U,4,1,4,0.9961671660494429,0.06190988572560193,0.06145296401557233,0.061346743118718565,"[0.9999294683559569, 0.999930569907843, 1.0005457708560408, 0.999378421392503]",0.3701367339486717
AR-S4U,4,1,5,0.9991112035727605,0.029812689030671507,0.028851850252308908,0.02936475891028922,"[0.999991790042043, 0.9999254910625547, 0.9997324380265041, 0.999879596046064, 1.0008289039619953]",0.3701359001084031
AR-S4U,4,1,6,0.9998156871083281,0.013576188407349558,0.011311309712583671,0.013231092574315668,"[1.0000080318404663, 1.000041809701081, 1.0001753822928, 0.9999709982545749, 1.0007757847213188, 0.9997593579728514]",0.37013503787039675
AR-S4U,4,1,7,0.999916111254351,0.009159079956470305,0.005246101542207624,0.008911965188953737,"[1.000009088083744, 1.000032661619713, 1.0000015702990097, 1.0000608801373176, 1.0006462892428367, 1.0007575465270153, 1.0021695275334936]",0.3701349437735411
AR-S4U,4,1,8,0.9999443206519056,0.0074618595600838685,0.0,0.00721557381278016,"[0.999998383476661, 0.9999960204850603, 1.0000046012012773, 1.0000856031651035, 1.000497572926844, 1.0009996410067712, 1.002331937466474, 1.0031957557573392]",0.37013471006549487
AR-S4U,4,1,9,0.999945294542559,0.007396313773834317,0.0,0.00713865266427147,"[1.0000008673324334, 0.9999968119276517, 1.000016722564488, 1.0000776736288406, 1.0004236810082325, 1.0009483929731207, 1.002390159400156, 1.0050079532389529, 1.0077223443992804]",0.3701347169220698
AR-S4U,4,1,10,0.9999453533409651,0.007392337859894539,0.0,0.007128560794285368,"[1.0000022735472025, 0.9999976559050333, 1.0000216006821405, 1.0000814921158663, 1.0004291878855798, 1.0010158283772748, 1.0023419486276546, 1.0052049522447035, 1.0077948777366805, 1.010968793479703]",0.3701346988019291
AR-S4U,4,1,11,0.9999445282447764,0.0074479363063580635,0.0,0.007134801715983647,"[1.0000019271795888, 1.0000001829656944, 1.0000239859106022, 1.0001121857832966, 1.0004435886583007, 1.0010539371812752, 1.0022479822710075, 1.0052910606248593, 1.0125583707157346, 1.0183601867268899, 1.0031242903364523]",0.37013467954436696
AR-S4U,4,1,12,0.999943966029826,0.007485584157163957,0.0,0.007139885452721452,"[1.000001234278676, 0.9999998681523407, 1.000032079164683, 1.0001191544954071, 1.0004754107672111, 1.0010731808669047, 1.0026538178212123, 1.0050433699823977, 1.0110488503494532, 1.0255776710921225, 1.0139584086619535, 1.0620111645022505]",0.37013468442738545
AR-S4U,4,2,1,0.6347603742440137,0.6043505818281193,0.6041646950121806,0.6055156906197259,[1.0001794628955847],-0.010357937565433442
AR-S4U,4,2,2,0.869086228875301,0.36182008115180536,0.36150950757604405,0.36303547347434045,"[1.0000837733185517, 1.0009262280826248]",-0.010355532539200869
AR-S4U,4,2,3,0.9457351247446902,0.2329482244090084,0.23246554195941507,0.2339884118778818,"[0.999924932127812, 1.0009152411392013, 1.001912707442731]",-0.010362748339531729
AR-S4U,4,2,4,0.9903337862302379,0.0983169048015754,0.09716772464628812,0.09787037592851362,"[0.9999729939314568, 1.0006176837618777, 1.0012372598984671, 1.0007890707699822]",-0.01036628852965313
AR-S4U,4,2,5,0.9976400355442353,0.04857946537133485,0.046209494683880165,0.04877540479471633,"[0.9999568366090394, 1.0000061924617663, 1.0001593643396083, 1.000755679540818, 1.0018889091739445]",-0.010367765579568438
AR-S4U,4,2,6,0.9994812174918667,0.022776797582920384,0.017150377585002468,0.022535730267705556,"[0.9999852817019832, 0.9999351915542942, 1.0000197488933977, 1.000385204587284, 1.0009402952840942, 0.9993228787371934]",-0.01036670156128944
AR-S4U,4,2,7,0.9997346786217127,0.0162886886607624,0.006377642312177518,0.0160454837693123,"[1.0000061009520516, 1.0000316114703605, 1.0001156777686975, 1.0002256572764547, 1.000984717691617, 1.0007552409750038, 1.0015986664771075]",-0.0103662810440876
AR-S4U,4,2,8,0.9997773623780022,0.01492104627691249,0.0,0.01456925477221996,"[1.0000034831488163, 1.0000157972983372, 1.0001045972837492, 1.00017029723801, 1.0007791553706415, 1.0013571553708074, 1.0032153218621331, 1.0052788598167073]",-0.010366334507164445
AR-S4U,4,2,9,0.9997798365253153,0.014837906681357987,0.0,0.014458865041353242,"[1.0000082513202482, 1.000015258761172, 1.000096249456435, 1.00016554977882, 1.0008749431929438, 1.0013623141977064, 1.004123244710998, 1.0056361023801692, 1.002791400303857]",-0.010366357828864928
AR-S4U,4,2,10,0.9997792599953493,0.01485732158400744,0.0,0.014443619036550647,"[1.0000065343665079, 1.0000140350479192, 1.0000980047819958, 1.0001727749041645, 1.0008786395653575, 1.0013671281713163, 1.003645245671315, 1.0051314923784824, 1.0061370031833394, 1.0126031215884281]",-0.010366352515016115
AR-S4U,4,2,11,0.9997778824261634,0.014903609423108387,0.0,0.014454050765568879,"[1.0000061391299357, 1.000014638471247, 1.0000602731267694, 1.000171523596679, 1.0007922662397084, 1.0014014911876636, 1.003829902969608, 1.004675533413962, 1.003710632364483, 1.0096395695406277, 1.0496103354810304]",-0.010366382263884425
AR-S4U,4,2,12,0.9997763633886021,0.014954484658385277,0.0,0.014460960761095902,"[1.0000063423270447, 1.000014413507744, 1.0000700330756354, 1.0001774965082673, 1.0008062591798448, 1.0014370592789554, 1.0039967567261345, 1.0045892445444555, 1.0033834685320955, 1.0108325225135932, 1.0547237692325708, 1.011619673368618]",-0.010366365307798974
