regime,seed,selected_stages,truth_stages,exact_stage_vector,false_admission,folds_json
K_ONLY,0,K+W+A,K,0,0,"[{""fold_start"": 512, ""fold_end"": 640, ""active"": ""K+W+A"", ""rmse"": 0.01027748879009009, ""scores_json"": ""{\""A\"": 0.01027748879009009, \""C\"": 0.010417171833103388, \""K\"": 0.010417171833103388, \""W\"": 0.010280955158837228}""}, {""fold_start"": 640, ""fold_end"": 768, ""active"": ""K"", ""rmse"": 0.010840725475207248, ""scores_json"": ""{\""A\"": 0.010840725475207248, \""C\"": 0.010840725475207248, \""K\"": 0.010840725475207248, \""W\"": 0.010840725475207248}""}, {""fold_start"": 768, ""fold_end"": 896, ""active"": ""K+C+A"", ""rmse"": 0.009073663818659119, ""scores_json"": ""{\""A\"": 0.009073663818659119, \""C\"": 0.009090567928298413, \""K\"": 0.009109751885349104, \""W\"": 0.009090567928298413}""}]"
K_ONLY,1,K,K,1,0,"[{""fold_start"": 512, ""fold_end"": 640, ""active"": ""K"", ""rmse"": 0.009255618383344152, ""scores_json"": ""{\""A\"": 0.009255618383344152, \""C\"": 0.009255618383344152, \""K\"": 0.009255618383344152, \""W\"": 0.009255618383344152}""}, {""fold_start"": 640, ""fold_end"": 768, ""active"": ""K+W"", ""rmse"": 0.010813939082844686, ""scores_json"": ""{\""A\"": 0.010813939082844686, \""C\"": 0.010848003310527746, \""K\"": 0.010848003310527746, \""W\"": 0.010813939082844686}""}, {""fold_start"": 768, ""fold_end"": 896, ""active"": ""K"", ""rmse"": 0.009918997854921662, ""scores_json"": ""{\""A\"": 0.009918997854921662, \""C\"": 0.009918997854921662, \""K\"": 0.009918997854921662, \""W\"": 0.009918997854921662}""}]"
K_ONLY,2,K,K,1,0,"[{""fold_start"": 512, ""fold_end"": 640, ""active"": ""K"", ""rmse"": 0.010383010401120744, ""scores_json"": ""{\""A\"": 0.010383010401120744, \""C\"": 0.010383010401120744, \""K\"": 0.010383010401120744, \""W\"": 0.010383010401120744}""}, {""fold_start"": 640, ""fold_end"": 768, ""active"": ""K"", ""rmse"": 0.008171847792913925, ""scores_json"": ""{\""A\"": 0.008171847792913925, \""C\"": 0.008171847792913925, \""K\"": 0.008171847792913925, \""W\"": 0.008171847792913925}""}, {""fold_start"": 768, ""fold_end"": 896, ""active"": ""K"", ""rmse"": 0.009961005124682804, ""scores_json"": ""{\""A\"": 0.009961005124682804, \""C\"": 0.009961005124682804, \""K\"": 0.009961005124682804, \""W\"": 0.009961005124682804}""}]"
K_ONLY,3,K,K,1,0,"[{""fold_start"": 512, ""fold_end"": 640, ""active"": ""K"", ""rmse"": 0.010880659952389977, ""scores_json"": ""{\""A\"": 0.010880659952389977, \""C\"": 0.010880659952389977, \""K\"": 0.010880659952389977, \""W\"": 0.010880659952389977}""}, {""fold_start"": 640, ""fold_end"": 768, ""active"": ""K"", ""rmse"": 0.010100626107827996, ""scores_json"": ""{\""A\"": 0.010100626107827996, \""C\"": 0.010100626107827996, \""K\"": 0.010100626107827996, \""W\"": 0.010100626107827996}""}, {""fold_start"": 768, ""fold_end"": 896, ""active"": ""K"", ""rmse"": 0.009094547222532709, ""scores_json"": ""{\""A\"": 0.009094547222532709, \""C\"": 0.009094547222532709, \""K\"": 0.009094547222532709, \""W\"": 0.009094547222532709}""}]"
K_ONLY,4,K,K,1,0,"[{""fold_start"": 512, ""fold_end"": 640, ""active"": ""K"", ""rmse"": 0.009659679205780177, ""scores_json"": ""{\""A\"": 0.009659679205780177, \""C\"": 0.009659679205780177, \""K\"": 0.009659679205780177, \""W\"": 0.009659679205780177}""}, {""fold_start"": 640, ""fold_end"": 768, ""active"": ""K"", ""rmse"": 0.008708103448023965, ""scores_json"": ""{\""A\"": 0.008708103448023965, \""C\"": 0.008708103448023965, \""K\"": 0.008708103448023965, \""W\"": 0.008708103448023965}""}, {""fold_start"": 768, ""fold_end"": 896, ""active"": ""K+C"", ""rmse"": 0.009898726012859547, ""scores_json"": ""{\""A\"": 0.009898726012859547, \""C\"": 0.009898726012859547, \""K\"": 0.010014387299333866, \""W\"": 0.009898726012859547}""}]"
K_ONLY,5,K+C,K,0,0,"[{""fold_start"": 512, ""fold_end"": 640, ""active"": ""K+C"", ""rmse"": 0.010738490586287392, ""scores_json"": ""{\""A\"": 0.010738490586287392, \""C\"": 0.010738490586287392, \""K\"": 0.010756557029183966, \""W\"": 0.010738490586287392}""}, {""fold_start"": 640, ""fold_end"": 768, ""active"": ""K+C"", ""rmse"": 0.009099111842095045, ""scores_json"": ""{\""A\"": 0.009099111842095045, \""C\"": 0.009099111842095045, \""K\"": 0.00910625098688113, \""W\"": 0.009099111842095045}""}, {""fold_start"": 768, ""fold_end"": 896, ""active"": ""K"", ""rmse"": 0.010493225653446474, ""scores_json"": ""{\""A\"": 0.010493225653446474, \""C\"": 0.010493225653446474, \""K\"": 0.010493225653446474, \""W\"": 0.010493225653446474}""}]"
K_ONLY,6,K,K,1,0,"[{""fold_start"": 512, ""fold_end"": 640, ""active"": ""K"", ""rmse"": 0.009334609796551215, ""scores_json"": ""{\""A\"": 0.009334609796551215, \""C\"": 0.009334609796551215, \""K\"": 0.009334609796551215, \""W\"": 0.009334609796551215}""}, {""fold_start"": 640, ""fold_end"": 768, ""active"": ""K+C"", ""rmse"": 0.011105307900852892, ""scores_json"": ""{\""A\"": 0.011105307900852892, \""C\"": 0.011105307900852892, \""K\"": 0.011124963115814566, \""W\"": 0.011105307900852892}""}, {""fold_start"": 768, ""fold_end"": 896, ""active"": ""K"", ""rmse"": 0.010043051715896935, ""scores_json"": ""{\""A\"": 0.010043051715896935, \""C\"": 0.010043051715896935, \""K\"": 0.010043051715896935, \""W\"": 0.010043051715896935}""}]"
K_ONLY,7,K+C,K,0,0,"[{""fold_start"": 512, ""fold_end"": 640, ""active"": ""K+C"", ""rmse"": 0.009895422387019124, ""scores_json"": ""{\""A\"": 0.009895422387019124, \""C\"": 0.009895422387019124, \""K\"": 0.00992072157347676, \""W\"": 0.009895422387019124}""}, {""fold_start"": 640, ""fold_end"": 768, ""active"": ""K"", ""rmse"": 0.00990216754425443, ""scores_json"": ""{\""A\"": 0.00990216754425443, \""C\"": 0.00990216754425443, \""K\"": 0.00990216754425443, \""W\"": 0.00990216754425443}""}, {""fold_start"": 768, ""fold_end"": 896, ""active"": ""K+C"", ""rmse"": 0.009790513154562055, ""scores_json"": ""{\""A\"": 0.009790513154562055, \""C\"": 0.009790513154562055, \""K\"": 0.009820369323371096, \""W\"": 0.009790513154562055}""}]"
K_ONLY,8,K+C+W+A,K,0,0,"[{""fold_start"": 512, ""fold_end"": 640, ""active"": ""K+C+W+A"", ""rmse"": 0.00977124140551071, ""scores_json"": ""{\""A\"": 0.00977124140551071, \""C\"": 0.009793656443679744, \""K\"": 0.009801600814490666, \""W\"": 0.0097925330305893}""}, {""fold_start"": 640, ""fold_end"": 768, ""active"": ""K+C+W+A"", ""rmse"": 0.009251997197813208, ""scores_json"": ""{\""A\"": 0.009251997197813208, \""C\"": 0.009293771727178313, \""K\"": 0.009302948161806714, \""W\"": 0.009252877700465876}""}, {""fold_start"": 768, ""fold_end"": 896, ""active"": ""K+W"", ""rmse"": 0.010025711427568815, ""scores_json"": ""{\""A\"": 0.010025711427568815, \""C\"": 0.010060482727048424, \""K\"": 0.010060482727048424, \""W\"": 0.010025711427568815}""}]"
K_ONLY,9,K,K,1,0,"[{""fold_start"": 512, ""fold_end"": 640, ""active"": ""K"", ""rmse"": 0.01025401643881871, ""scores_json"": ""{\""A\"": 0.01025401643881871, \""C\"": 0.01025401643881871, \""K\"": 0.01025401643881871, \""W\"": 0.01025401643881871}""}, {""fold_start"": 640, ""fold_end"": 768, ""active"": ""K+W+A"", ""rmse"": 0.010687006297220773, ""scores_json"": ""{\""A\"": 0.010687006297220773, \""C\"": 0.010698307800426413, \""K\"": 0.010698307800426413, \""W\"": 0.010689133522638544}""}, {""fold_start"": 768, ""fold_end"": 896, ""active"": ""K+W"", ""rmse"": 0.010130937216353763, ""scores_json"": ""{\""A\"": 0.010130937216353763, \""C\"": 0.010181765280698953, \""K\"": 0.010181765280698953, \""W\"": 0.010130937216353763}""}]"
K_ONLY,10,K,K,1,0,"[{""fold_start"": 512, ""fold_end"": 640, ""active"": ""K"", ""rmse"": 0.008765335692058071, ""scores_json"": ""{\""A\"": 0.008765335692058071, \""C\"": 0.008765335692058071, \""K\"": 0.008765335692058071, \""W\"": 0.008765335692058071}""}, {""fold_start"": 640, ""fold_end"": 768, ""active"": ""K"", ""rmse"": 0.010217068844249487, ""scores_json"": ""{\""A\"": 0.010217068844249487, \""C\"": 0.010217068844249487, \""K\"": 0.010217068844249487, \""W\"": 0.010217068844249487}""}, {""fold_start"": 768, ""fold_end"": 896, ""active"": ""K"", ""rmse"": 0.008914488344997806, ""scores_json"": ""{\""A\"": 0.008914488344997806, \""C\"": 0.008914488344997806, \""K\"": 0.008914488344997806, \""W\"": 0.008914488344997806}""}]"
K_ONLY,11,K+W,K,0,0,"[{""fold_start"": 512, ""fold_end"": 640, ""active"": ""K+W"", ""rmse"": 0.011029782289185636, ""scores_json"": ""{\""A\"": 0.011029782289185636, \""C\"": 0.01103589109676133, \""K\"": 0.01103589109676133, \""W\"": 0.011029782289185636}""}, {""fold_start"": 640, ""fold_end"": 768, ""active"": ""K"", ""rmse"": 0.010192178332778272, ""scores_json"": ""{\""A\"": 0.010192178332778272, \""C\"": 0.010192178332778272, \""K\"": 0.010192178332778272, \""W\"": 0.010192178332778272}""}, {""fold_start"": 768, ""fold_end"": 896, ""active"": ""K+W"", ""rmse"": 0.010853532491761056, ""scores_json"": ""{\""A\"": 0.010853532491761056, \""C\"": 0.010938082220065743, \""K\"": 0.010938082220065743, \""W\"": 0.010853532491761056}""}]"
K_ONLY,12,K+C+W+A,K,0,0,"[{""fold_start"": 512, ""fold_end"": 640, ""active"": ""K+C+W+A"", ""rmse"": 0.009815606386108641, ""scores_json"": ""{\""A\"": 0.009815606386108641, \""C\"": 0.009947942231415971, \""K\"": 0.009949200128367664, \""W\"": 0.009855082859102653}""}, {""fold_start"": 640, ""fold_end"": 768, ""active"": ""K+W"", ""rmse"": 0.010070621135199822, ""scores_json"": ""{\""A\"": 0.010070621135199822, \""C\"": 0.010086757815264514, \""K\"": 0.010086757815264514, \""W\"": 0.010070621135199822}""}, {""fold_start"": 768, ""fold_end"": 896, ""active"": ""K"", ""rmse"": 0.01071230709851298, ""scores_json"": ""{\""A\"": 0.01071230709851298, \""C\"": 0.01071230709851298, \""K\"": 0.01071230709851298, \""W\"": 0.01071230709851298}""}]"
K_ONLY,13,K+W,K,0,0,"[{""fold_start"": 512, ""fold_end"": 640, ""active"": ""K+W"", ""rmse"": 0.009355680965950009, ""scores_json"": ""{\""A\"": 0.009355680965950009, \""C\"": 0.009391564926803398, \""K\"": 0.009391564926803398, \""W\"": 0.009355680965950009}""}, {""fold_start"": 640, ""fold_end"": 768, ""active"": ""K"", ""rmse"": 0.008928773448148093, ""scores_json"": ""{\""A\"": 0.008928773448148093, \""C\"": 0.008928773448148093, \""K\"": 0.008928773448148093, \""W\"": 0.008928773448148093}""}, {""fold_start"": 768, ""fold_end"": 896, ""active"": ""K"", ""rmse"": 0.009964479307719818, ""scores_json"": ""{\""A\"": 0.009964479307719818, \""C\"": 0.009964479307719818, \""K\"": 0.009964479307719818, \""W\"": 0.009964479307719818}""}]"
K_ONLY,14,K,K,1,0,"[{""fold_start"": 512, ""fold_end"": 640, ""active"": ""K"", ""rmse"": 0.010254996565872272, ""scores_json"": ""{\""A\"": 0.010254996565872272, \""C\"": 0.010254996565872272, \""K\"": 0.010254996565872272, \""W\"": 0.010254996565872272}""}, {""fold_start"": 640, ""fold_end"": 768, ""active"": ""K"", ""rmse"": 0.010300060830862231, ""scores_json"": ""{\""A\"": 0.010300060830862231, \""C\"": 0.010300060830862231, \""K\"": 0.010300060830862231, \""W\"": 0.010300060830862231}""}, {""fold_start"": 768, ""fold_end"": 896, ""active"": ""K+A"", ""rmse"": 0.010955827311220384, ""scores_json"": ""{\""A\"": 0.010955827311220384, \""C\"": 0.011002586638147325, \""K\"": 0.011002586638147325, \""W\"": 0.011002586638147325}""}]"
K_ONLY,15,K,K,1,0,"[{""fold_start"": 512, ""fold_end"": 640, ""active"": ""K"", ""rmse"": 0.009917194975405164, ""scores_json"": ""{\""A\"": 0.009917194975405164, \""C\"": 0.009917194975405164, \""K\"": 0.009917194975405164, \""W\"": 0.009917194975405164}""}, {""fold_start"": 640, ""fold_end"": 768, ""active"": ""K"", ""rmse"": 0.009120797417877571, ""scores_json"": ""{\""A\"": 0.009120797417877571, \""C\"": 0.009120797417877571, \""K\"": 0.009120797417877571, \""W\"": 0.009120797417877571}""}, {""fold_start"": 768, ""fold_end"": 896, ""active"": ""K+C"", ""rmse"": 0.01151264972784248, ""scores_json"": ""{\""A\"": 0.01151264972784248, \""C\"": 0.01151264972784248, \""K\"": 0.011534981690576828, \""W\"": 0.01151264972784248}""}]"
K_ONLY,16,K+C,K,0,0,"[{""fold_start"": 512, ""fold_end"": 640, ""active"": ""K+C"", ""rmse"": 0.010335687783152553, ""scores_json"": ""{\""A\"": 0.010335687783152553, \""C\"": 0.010335687783152553, \""K\"": 0.010339106057677702, \""W\"": 0.010335687783152553}""}, {""fold_start"": 640, ""fold_end"": 768, ""active"": ""K+W"", ""rmse"": 0.010421903613099168, ""scores_json"": ""{\""A\"": 0.010421903613099168, \""C\"": 0.010437060422288976, \""K\"": 0.010437060422288976, \""W\"": 0.010421903613099168}""}, {""fold_start"": 768, ""fold_end"": 896, ""active"": ""K"", ""rmse"": 0.008395011872660573, ""scores_json"": ""{\""A\"": 0.008395011872660573, \""C\"": 0.008395011872660573, \""K\"": 0.008395011872660573, \""W\"": 0.008395011872660573}""}]"
K_ONLY,17,K+C+W+A,K,0,0,"[{""fold_start"": 512, ""fold_end"": 640, ""active"": ""K+C+W+A"", ""rmse"": 0.00974401312585895, ""scores_json"": ""{\""A\"": 0.00974401312585895, \""C\"": 0.009785207137064428, \""K\"": 0.009803155992724008, \""W\"": 0.009756171446497108}""}, {""fold_start"": 640, ""fold_end"": 768, ""active"": ""K"", ""rmse"": 0.010472046762189685, ""scores_json"": ""{\""A\"": 0.010472046762189685, \""C\"": 0.010472046762189685, \""K\"": 0.010472046762189685, \""W\"": 0.010472046762189685}""}, {""fold_start"": 768, ""fold_end"": 896, ""active"": ""K+C"", ""rmse"": 0.00946772061095101, ""scores_json"": ""{\""A\"": 0.00946772061095101, \""C\"": 0.00946772061095101, \""K\"": 0.009541965697304935, \""W\"": 0.00946772061095101}""}]"
K_ONLY,18,K+C+W,K,0,0,"[{""fold_start"": 512, ""fold_end"": 640, ""active"": ""K+C+W"", ""rmse"": 0.010989103959207146, ""scores_json"": ""{\""A\"": 0.010989103959207146, \""C\"": 0.01099895009942051, \""K\"": 0.011014337845802668, \""W\"": 0.010989103959207146}""}, {""fold_start"": 640, ""fold_end"": 768, ""active"": ""K"", ""rmse"": 0.010188648913363605, ""scores_json"": ""{\""A\"": 0.010188648913363605, \""C\"": 0.010188648913363605, \""K\"": 0.010188648913363605, \""W\"": 0.010188648913363605}""}, {""fold_start"": 768, ""fold_end"": 896, ""active"": ""K"", ""rmse"": 0.009982663571236883, ""scores_json"": ""{\""A\"": 0.009982663571236883, \""C\"": 0.009982663571236883, \""K\"": 0.009982663571236883, \""W\"": 0.009982663571236883}""}]"
K_ONLY,19,K,K,1,0,"[{""fold_start"": 512, ""fold_end"": 640, ""active"": ""K"", ""rmse"": 0.009437832341902958, ""scores_json"": ""{\""A\"": 0.009437832341902958, \""C\"": 0.009437832341902958, \""K\"": 0.009437832341902958, \""W\"": 0.009437832341902958}""}, {""fold_start"": 640, ""fold_end"": 768, ""active"": ""K"", ""rmse"": 0.009729548731417086, ""scores_json"": ""{\""A\"": 0.009729548731417086, \""C\"": 0.009729548731417086, \""K\"": 0.009729548731417086, \""W\"": 0.009729548731417086}""}, {""fold_start"": 768, ""fold_end"": 896, ""active"": ""K+W"", ""rmse"": 0.011487668102077566, ""scores_json"": ""{\""A\"": 0.011487668102077566, \""C\"": 0.011540482062192032, \""K\"": 0.011540482062192032, \""W\"": 0.011487668102077566}""}]"
K_ONLY,20,K,K,1,0,"[{""fold_start"": 512, ""fold_end"": 640, ""active"": ""K"", ""rmse"": 0.010243914879203297, ""scores_json"": ""{\""A\"": 0.010243914879203297, \""C\"": 0.010243914879203297, \""K\"": 0.010243914879203297, \""W\"": 0.010243914879203297}""}, {""fold_start"": 640, ""fold_end"": 768, ""active"": ""K"", ""rmse"": 0.010744935567188644, ""scores_json"": ""{\""A\"": 0.010744935567188644, \""C\"": 0.010744935567188644, \""K\"": 0.010744935567188644, \""W\"": 0.010744935567188644}""}, {""fold_start"": 768, ""fold_end"": 896, ""active"": ""K"", ""rmse"": 0.010635091206503156, ""scores_json"": ""{\""A\"": 0.010635091206503156, \""C\"": 0.010635091206503156, \""K\"": 0.010635091206503156, \""W\"": 0.010635091206503156}""}]"
K_ONLY,21,K+W,K,0,0,"[{""fold_start"": 512, ""fold_end"": 640, ""active"": ""K+W"", ""rmse"": 0.010757686411969856, ""scores_json"": ""{\""A\"": 0.010757686411969856, \""C\"": 0.010760900224352608, \""K\"": 0.010760900224352608, \""W\"": 0.010757686411969856}""}, {""fold_start"": 640, ""fold_end"": 768, ""active"": ""K+C"", ""rmse"": 0.009971729796832514, ""scores_json"": ""{\""A\"": 0.009971729796832514, \""C\"": 0.009971729796832514, \""K\"": 0.009985787717741819, \""W\"": 0.009971729796832514}""}, {""fold_start"": 768, ""fold_end"": 896, ""active"": ""K"", ""rmse"": 0.010422626182128056, ""scores_json"": ""{\""A\"": 0.010422626182128056, \""C\"": 0.010422626182128056, \""K\"": 0.010422626182128056, \""W\"": 0.010422626182128056}""}]"
K_ONLY,22,K,K,1,0,"[{""fold_start"": 512, ""fold_end"": 640, ""active"": ""K"", ""rmse"": 0.009368205537016077, ""scores_json"": ""{\""A\"": 0.009368205537016077, \""C\"": 0.009368205537016077, \""K\"": 0.009368205537016077, \""W\"": 0.009368205537016077}""}, {""fold_start"": 640, ""fold_end"": 768, ""active"": ""K"", ""rmse"": 0.009279235550362867, ""scores_json"": ""{\""A\"": 0.009279235550362867, \""C\"": 0.009279235550362867, \""K\"": 0.009279235550362867, \""W\"": 0.009279235550362867}""}, {""fold_start"": 768, ""fold_end"": 896, ""active"": ""K"", ""rmse"": 0.010971436576202025, ""scores_json"": ""{\""A\"": 0.010971436576202025, \""C\"": 0.010971436576202025, \""K\"": 0.010971436576202025, \""W\"": 0.010971436576202025}""}]"
K_ONLY,23,K,K,1,0,"[{""fold_start"": 512, ""fold_end"": 640, ""active"": ""K"", ""rmse"": 0.009890617884212556, ""scores_json"": ""{\""A\"": 0.009890617884212556, \""C\"": 0.009890617884212556, \""K\"": 0.009890617884212556, \""W\"": 0.009890617884212556}""}, {""fold_start"": 640, ""fold_end"": 768, ""active"": ""K"", ""rmse"": 0.010737050174633904, ""scores_json"": ""{\""A\"": 0.010737050174633904, \""C\"": 0.010737050174633904, \""K\"": 0.010737050174633904, \""W\"": 0.010737050174633904}""}, {""fold_start"": 768, ""fold_end"": 896, ""active"": ""K"", ""rmse"": 0.009644544639117812, ""scores_json"": ""{\""A\"": 0.009644544639117812, \""C\"": 0.009644544639117812, \""K\"": 0.009644544639117812, \""W\"": 0.009644544639117812}""}]"
K_ONLY,24,K+C,K,0,0,"[{""fold_start"": 512, ""fold_end"": 640, ""active"": ""K+C"", ""rmse"": 0.010115870770036641, ""scores_json"": ""{\""A\"": 0.010115870770036641, \""C\"": 0.010115870770036641, \""K\"": 0.010128734393511536, \""W\"": 0.010115870770036641}""}, {""fold_start"": 640, ""fold_end"": 768, ""active"": ""K+C"", ""rmse"": 0.010249971989973444, ""scores_json"": ""{\""A\"": 0.010249971989973444, \""C\"": 0.010249971989973444, \""K\"": 0.010277853506063295, \""W\"": 0.010249971989973444}""}, {""fold_start"": 768, ""fold_end"": 896, ""active"": ""K"", ""rmse"": 0.011064974327465626, ""scores_json"": ""{\""A\"": 0.011064974327465626, \""C\"": 0.011064974327465626, \""K\"": 0.011064974327465626, \""W\"": 0.011064974327465626}""}]"
K_ONLY,25,K,K,1,0,"[{""fold_start"": 512, ""fold_end"": 640, ""active"": ""K"", ""rmse"": 0.00913999508013561, ""scores_json"": ""{\""A\"": 0.00913999508013561, \""C\"": 0.00913999508013561, \""K\"": 0.00913999508013561, \""W\"": 0.00913999508013561}""}, {""fold_start"": 640, ""fold_end"": 768, ""active"": ""K"", ""rmse"": 0.010328163276525585, ""scores_json"": ""{\""A\"": 0.010328163276525585, \""C\"": 0.010328163276525585, \""K\"": 0.010328163276525585, \""W\"": 0.010328163276525585}""}, {""fold_start"": 768, ""fold_end"": 896, ""active"": ""K"", ""rmse"": 0.010625634066265714, ""scores_json"": ""{\""A\"": 0.010625634066265714, \""C\"": 0.010625634066265714, \""K\"": 0.010625634066265714, \""W\"": 0.010625634066265714}""}]"
K_ONLY,26,K,K,1,0,"[{""fold_start"": 512, ""fold_end"": 640, ""active"": ""K"", ""rmse"": 0.010190340962254544, ""scores_json"": ""{\""A\"": 0.010190340962254544, \""C\"": 0.010190340962254544, \""K\"": 0.010190340962254544, \""W\"": 0.010190340962254544}""}, {""fold_start"": 640, ""fold_end"": 768, ""active"": ""K+C"", ""rmse"": 0.010152832602314019, ""scores_json"": ""{\""A\"": 0.010152832602314019, \""C\"": 0.010152832602314019, \""K\"": 0.010153015528818112, \""W\"": 0.010152832602314019}""}, {""fold_start"": 768, ""fold_end"": 896, ""active"": ""K"", ""rmse"": 0.009842285972788325, ""scores_json"": ""{\""A\"": 0.009842285972788325, \""C\"": 0.009842285972788325, \""K\"": 0.009842285972788325, \""W\"": 0.009842285972788325}""}]"
K_ONLY,27,K,K,1,0,"[{""fold_start"": 512, ""fold_end"": 640, ""active"": ""K"", ""rmse"": 0.01105446452315425, ""scores_json"": ""{\""A\"": 0.01105446452315425, \""C\"": 0.01105446452315425, \""K\"": 0.01105446452315425, \""W\"": 0.01105446452315425}""}, {""fold_start"": 640, ""fold_end"": 768, ""active"": ""K"", ""rmse"": 0.011701903157739321, ""scores_json"": ""{\""A\"": 0.011701903157739321, \""C\"": 0.011701903157739321, \""K\"": 0.011701903157739321, \""W\"": 0.011701903157739321}""}, {""fold_start"": 768, ""fold_end"": 896, ""active"": ""K+C"", ""rmse"": 0.010092090311978628, ""scores_json"": ""{\""A\"": 0.010092090311978628, \""C\"": 0.010092090311978628, \""K\"": 0.010115962347244111, \""W\"": 0.010092090311978628}""}]"
K_ONLY,28,K+W,K,0,0,"[{""fold_start"": 512, ""fold_end"": 640, ""active"": ""K+W"", ""rmse"": 0.009586773621395978, ""scores_json"": ""{\""A\"": 0.009586773621395978, \""C\"": 0.009592685869526746, \""K\"": 0.009592685869526746, \""W\"": 0.009586773621395978}""}, {""fold_start"": 640, ""fold_end"": 768, ""active"": ""K+C+W"", ""rmse"": 0.009371902565232694, ""scores_json"": ""{\""A\"": 0.009371902565232694, \""C\"": 0.00944736851352454, \""K\"": 0.009473866577324179, \""W\"": 0.009371902565232694}""}, {""fold_start"": 768, ""fold_end"": 896, ""active"": ""K+A"", ""rmse"": 0.010313336770406089, ""scores_json"": ""{\""A\"": 0.010313336770406089, \""C\"": 0.01031592069164455, \""K\"": 0.01031592069164455, \""W\"": 0.01031592069164455}""}]"
K_ONLY,29,K+W,K,0,0,"[{""fold_start"": 512, ""fold_end"": 640, ""active"": ""K+W"", ""rmse"": 0.010897230338735284, ""scores_json"": ""{\""A\"": 0.010897230338735284, \""C\"": 0.010913499684543852, \""K\"": 0.010913499684543852, \""W\"": 0.010897230338735284}""}, {""fold_start"": 640, ""fold_end"": 768, ""active"": ""K"", ""rmse"": 0.00880385395530627, ""scores_json"": ""{\""A\"": 0.00880385395530627, \""C\"": 0.00880385395530627, \""K\"": 0.00880385395530627, \""W\"": 0.00880385395530627}""}, {""fold_start"": 768, ""fold_end"": 896, ""active"": ""K"", ""rmse"": 0.009835709560997241, ""scores_json"": ""{\""A\"": 0.009835709560997241, \""C\"": 0.009835709560997241, \""K\"": 0.009835709560997241, \""W\"": 0.009835709560997241}""}]"
K_C,0,K+C+W+A,K+C,0,0,"[{""fold_start"": 512, ""fold_end"": 640, ""active"": ""K+C+W+A"", ""rmse"": 0.010374003143688946, ""scores_json"": ""{\""A\"": 0.010374003143688946, \""C\"": 0.012675661844795254, \""K\"": 0.0277434696847485, \""W\"": 0.010398127662909552}""}, {""fold_start"": 640, ""fold_end"": 768, ""active"": ""K+C+W+A"", ""rmse"": 0.010877578459157907, ""scores_json"": ""{\""A\"": 0.010877578459157907, \""C\"": 0.013275626681228666, \""K\"": 0.029039800612880588, \""W\"": 0.010945860698208963}""}, {""fold_start"": 768, ""fold_end"": 896, ""active"": ""K+C+W+A"", ""rmse"": 0.009782851982508358, ""scores_json"": ""{\""A\"": 0.009782851982508358, \""C\"": 0.01320394328432735, \""K\"": 0.028433843039570545, \""W\"": 0.009917045117144679}""}]"
K_C,1,K+C+W+A,K+C,0,0,"[{""fold_start"": 512, ""fold_end"": 640, ""active"": ""K+C+W+A"", ""rmse"": 0.009417896720003555, ""scores_json"": ""{\""A\"": 0.009417896720003555, \""C\"": 0.012421965706801468, \""K\"": 0.026884914289937514, \""W\"": 0.009474275063332833}""}, {""fold_start"": 640, ""fold_end"": 768, ""active"": ""K+C+W"", ""rmse"": 0.011100449158291418, ""scores_json"": ""{\""A\"": 0.011100449158291418, \""C\"": 0.013333212185124406, \""K\"": 0.029787116165328847, \""W\"": 0.011100449158291418}""}, {""fold_start"": 768, ""fold_end"": 896, ""active"": ""K+C+W"", ""rmse"": 0.010309948549437762, ""scores_json"": ""{\""A\"": 0.010309948549437762, \""C\"": 0.013767364151957675, \""K\"": 0.03215380863076015, \""W\"": 0.010309948549437762}""}]"
K_C,2,K+C+W+A,K+C,0,0,"[{""fold_start"": 512, ""fold_end"": 640, ""active"": ""K+C+W+A"", ""rmse"": 0.011261972515236725, ""scores_json"": ""{\""A\"": 0.011261972515236725, \""C\"": 0.014423931190729844, \""K\"": 0.03135098863238781, \""W\"": 0.01129123707784516}""}, {""fold_start"": 640, ""fold_end"": 768, ""active"": ""K+C+W"", ""rmse"": 0.00830924606683009, ""scores_json"": ""{\""A\"": 0.00830924606683009, \""C\"": 0.011565549440160616, \""K\"": 0.02567646945077306, \""W\"": 0.00830924606683009}""}, {""fold_start"": 768, ""fold_end"": 896, ""active"": ""K+C+W"", ""rmse"": 0.009934078254760687, ""scores_json"": ""{\""A\"": 0.009934078254760687, \""C\"": 0.013165560012984814, \""K\"": 0.029213786189984898, \""W\"": 0.009934078254760687}""}]"
K_C,3,K+C+W,K+C,0,0,"[{""fold_start"": 512, ""fold_end"": 640, ""active"": ""K+C+W"", ""rmse"": 0.010760655581558677, ""scores_json"": ""{\""A\"": 0.010760655581558677, \""C\"": 0.013393566001379219, \""K\"": 0.029083292543896782, \""W\"": 0.010760655581558677}""}, {""fold_start"": 640, ""fold_end"": 768, ""active"": ""K+C+W"", ""rmse"": 0.010421357421700557, ""scores_json"": ""{\""A\"": 0.010421357421700557, \""C\"": 0.012460492446332995, \""K\"": 0.030211622515939524, \""W\"": 0.010421357421700557}""}, {""fold_start"": 768, ""fold_end"": 896, ""active"": ""K+C+W+A"", ""rmse"": 0.009520442141128512, ""scores_json"": ""{\""A\"": 0.009520442141128512, \""C\"": 0.013129280395813637, \""K\"": 0.029094990985727195, \""W\"": 0.009567744829441612}""}]"
K_C,4,K+C+W,K+C,0,0,"[{""fold_start"": 512, ""fold_end"": 640, ""active"": ""K+C+W"", ""rmse"": 0.00998455032152308, ""scores_json"": ""{\""A\"": 0.00998455032152308, \""C\"": 0.012678926123794976, \""K\"": 0.030864256288931687, \""W\"": 0.00998455032152308}""}, {""fold_start"": 640, ""fold_end"": 768, ""active"": ""K+C+W"", ""rmse"": 0.008920293452884425, ""scores_json"": ""{\""A\"": 0.008920293452884425, \""C\"": 0.010112925142163545, \""K\"": 0.02230483992258927, \""W\"": 0.008920293452884425}""}, {""fold_start"": 768, ""fold_end"": 896, ""active"": ""K+C+W+A"", ""rmse"": 0.010345436387322063, ""scores_json"": ""{\""A\"": 0.010345436387322063, \""C\"": 0.014457595954144744, \""K\"": 0.02959035179799694, \""W\"": 0.010365533245836328}""}]"
K_C,5,K+C+W+A,K+C,0,0,"[{""fold_start"": 512, ""fold_end"": 640, ""active"": ""K+C+W+A"", ""rmse"": 0.010974232188887854, ""scores_json"": ""{\""A\"": 0.010974232188887854, \""C\"": 0.013427191425997598, \""K\"": 0.029319077407865338, \""W\"": 0.011052274123872401}""}, {""fold_start"": 640, ""fold_end"": 768, ""active"": ""K+C+W"", ""rmse"": 0.009466991044520446, ""scores_json"": ""{\""A\"": 0.009466991044520446, \""C\"": 0.01098383566410034, \""K\"": 0.026179764090609847, \""W\"": 0.009466991044520446}""}, {""fold_start"": 768, ""fold_end"": 896, ""active"": ""K+C+W+A"", ""rmse"": 0.010929121852356487, ""scores_json"": ""{\""A\"": 0.010929121852356487, \""C\"": 0.014179141794110268, \""K\"": 0.0323740277544922, \""W\"": 0.010999701719064444}""}]"
K_C,6,K+C+W,K+C,0,0,"[{""fold_start"": 512, ""fold_end"": 640, ""active"": ""K+C+W"", ""rmse"": 0.009765782237679634, ""scores_json"": ""{\""A\"": 0.009765782237679634, \""C\"": 0.011606097286185202, \""K\"": 0.027799647926151343, \""W\"": 0.009765782237679634}""}, {""fold_start"": 640, ""fold_end"": 768, ""active"": ""K+C+W"", ""rmse"": 0.011256768728578436, ""scores_json"": ""{\""A\"": 0.011256768728578436, \""C\"": 0.013331117519940181, \""K\"": 0.031980866992611594, \""W\"": 0.011256768728578436}""}, {""fold_start"": 768, ""fold_end"": 896, ""active"": ""K+C+W+A"", ""rmse"": 0.010606144601454192, ""scores_json"": ""{\""A\"": 0.010606144601454192, \""C\"": 0.013352324810863547, \""K\"": 0.03096139471109584, \""W\"": 0.01066961041491323}""}]"
K_C,7,K+C+W+A,K+C,0,0,"[{""fold_start"": 512, ""fold_end"": 640, ""active"": ""K+C+W+A"", ""rmse"": 0.010162175292947962, ""scores_json"": ""{\""A\"": 0.010162175292947962, \""C\"": 0.012853334099216301, \""K\"": 0.028454136792417598, \""W\"": 0.010202424230927971}""}, {""fold_start"": 640, ""fold_end"": 768, ""active"": ""K+C+W+A"", ""rmse"": 0.010114766038329918, ""scores_json"": ""{\""A\"": 0.010114766038329918, \""C\"": 0.011807904929084212, \""K\"": 0.02733366290408474, \""W\"": 0.010158460799289384}""}, {""fold_start"": 768, ""fold_end"": 896, ""active"": ""K+C+W+A"", ""rmse"": 0.010383684851370215, ""scores_json"": ""{\""A\"": 0.010383684851370215, \""C\"": 0.01202976891742985, \""K\"": 0.028013983240381214, \""W\"": 0.010462496143069844}""}]"
K_C,8,K+C+W+A,K+C,0,0,"[{""fold_start"": 512, ""fold_end"": 640, ""active"": ""K+C+W+A"", ""rmse"": 0.009797619878908485, ""scores_json"": ""{\""A\"": 0.009797619878908485, \""C\"": 0.012783776392691902, \""K\"": 0.02665326207444202, \""W\"": 0.009824634547357268}""}, {""fold_start"": 640, ""fold_end"": 768, ""active"": ""K+C+W+A"", ""rmse"": 0.009706463536654308, ""scores_json"": ""{\""A\"": 0.009706463536654308, \""C\"": 0.01085314719635002, \""K\"": 0.026501551456352808, \""W\"": 0.009751990262749808}""}, {""fold_start"": 768, ""fold_end"": 896, ""active"": ""K+C+W"", ""rmse"": 0.010273199843232297, ""scores_json"": ""{\""A\"": 0.010273199843232297, \""C\"": 0.01403383228036899, \""K\"": 0.03172979763064542, \""W\"": 0.010273199843232297}""}]"
K_C,9,K+C+W+A,K+C,0,0,"[{""fold_start"": 512, ""fold_end"": 640, ""active"": ""K+C+W+A"", ""rmse"": 0.010502240281851438, ""scores_json"": ""{\""A\"": 0.010502240281851438, \""C\"": 0.013463608775922023, \""K\"": 0.03127661372161928, \""W\"": 0.010548772431007745}""}, {""fold_start"": 640, ""fold_end"": 768, ""active"": ""K+C+W+A"", ""rmse"": 0.010870505230878208, ""scores_json"": ""{\""A\"": 0.010870505230878208, \""C\"": 0.01277272868462833, \""K\"": 0.02757915579527697, \""W\"": 0.01091938804746005}""}, {""fold_start"": 768, ""fold_end"": 896, ""active"": ""K+C+W+A"", ""rmse"": 0.010456512048271907, ""scores_json"": ""{\""A\"": 0.010456512048271907, \""C\"": 0.013673952572344305, \""K\"": 0.032571348456823926, \""W\"": 0.010500403410387974}""}]"
K_C,10,K+C+W,K+C,0,0,"[{""fold_start"": 512, ""fold_end"": 640, ""active"": ""K+C+W"", ""rmse"": 0.008841076071196548, ""scores_json"": ""{\""A\"": 0.008841076071196548, \""C\"": 0.010935172925166013, \""K\"": 0.02470151650624495, \""W\"": 0.008841076071196548}""}, {""fold_start"": 640, ""fold_end"": 768, ""active"": ""K+C+W"", ""rmse"": 0.010349601829173792, ""scores_json"": ""{\""A\"": 0.010349601829173792, \""C\"": 0.012803554663061819, \""K\"": 0.028733329018420312, \""W\"": 0.010349601829173792}""}, {""fold_start"": 768, ""fold_end"": 896, ""active"": ""K+C+W+A"", ""rmse"": 0.008749679276083774, ""scores_json"": ""{\""A\"": 0.008749679276083774, \""C\"": 0.011831656358086565, \""K\"": 0.028086321642643665, \""W\"": 0.008795540671560603}""}]"
K_C,11,K+C+W,K+C,0,0,"[{""fold_start"": 512, ""fold_end"": 640, ""active"": ""K+C+W"", ""rmse"": 0.01103134121549373, ""scores_json"": ""{\""A\"": 0.01103134121549373, \""C\"": 0.01273968770250997, \""K\"": 0.029525220031665085, \""W\"": 0.01103134121549373}""}, {""fold_start"": 640, ""fold_end"": 768, ""active"": ""K+C+W+A"", ""rmse"": 0.010616185233618094, ""scores_json"": ""{\""A\"": 0.010616185233618094, \""C\"": 0.012490674765684474, \""K\"": 0.026910433779867834, \""W\"": 0.010634230709216569}""}, {""fold_start"": 768, ""fold_end"": 896, ""active"": ""K+C+W+A"", ""rmse"": 0.011070754491743018, ""scores_json"": ""{\""A\"": 0.011070754491743018, \""C\"": 0.014524812201087174, \""K\"": 0.03098674868996406, \""W\"": 0.011089653719554731}""}]"
K_C,12,K+C+W+A,K+C,0,0,"[{""fold_start"": 512, ""fold_end"": 640, ""active"": ""K+C+W+A"", ""rmse"": 0.009825246736221708, ""scores_json"": ""{\""A\"": 0.009825246736221708, \""C\"": 0.012523747002605577, \""K\"": 0.02811297293239078, \""W\"": 0.009882010224142958}""}, {""fold_start"": 640, ""fold_end"": 768, ""active"": ""K+C+W"", ""rmse"": 0.010128975762814709, ""scores_json"": ""{\""A\"": 0.010128975762814709, \""C\"": 0.012001939674206728, \""K\"": 0.029101117941672562, \""W\"": 0.010128975762814709}""}, {""fold_start"": 768, ""fold_end"": 896, ""active"": ""K+C+W+A"", ""rmse"": 0.011371199665724648, ""scores_json"": ""{\""A\"": 0.011371199665724648, \""C\"": 0.014267338589542627, \""K\"": 0.03432066154679093, \""W\"": 0.011427051470244256}""}]"
K_C,13,K+C+W+A,K+C,0,0,"[{""fold_start"": 512, ""fold_end"": 640, ""active"": ""K+C+W+A"", ""rmse"": 0.009616827041895542, ""scores_json"": ""{\""A\"": 0.009616827041895542, \""C\"": 0.011653422424348896, \""K\"": 0.027151183340609977, \""W\"": 0.009634948924891891}""}, {""fold_start"": 640, ""fold_end"": 768, ""active"": ""K+C+W+A"", ""rmse"": 0.009218842496009768, ""scores_json"": ""{\""A\"": 0.009218842496009768, \""C\"": 0.010874452690886277, \""K\"": 0.026296291726761293, \""W\"": 0.009241130876684224}""}, {""fold_start"": 768, ""fold_end"": 896, ""active"": ""K+C+W+A"", ""rmse"": 0.010555879479969034, ""scores_json"": ""{\""A\"": 0.010555879479969034, \""C\"": 0.013196775915738753, \""K\"": 0.03160429029240829, \""W\"": 0.010640197253083879}""}]"
K_C,14,K+C+W,K+C,0,0,"[{""fold_start"": 512, ""fold_end"": 640, ""active"": ""K+C+W"", ""rmse"": 0.010288128578221745, ""scores_json"": ""{\""A\"": 0.010288128578221745, \""C\"": 0.013028387888651911, \""K\"": 0.029674069325417485, \""W\"": 0.010288128578221745}""}, {""fold_start"": 640, ""fold_end"": 768, ""active"": ""K+C+W+A"", ""rmse"": 0.010566001595449662, ""scores_json"": ""{\""A\"": 0.010566001595449662, \""C\"": 0.01253939412978381, \""K\"": 0.027272028136742968, \""W\"": 0.010689997107130207}""}, {""fold_start"": 768, ""fold_end"": 896, ""active"": ""K+C+W+A"", ""rmse"": 0.010865978520121259, ""scores_json"": ""{\""A\"": 0.010865978520121259, \""C\"": 0.014118657533872418, \""K\"": 0.030089523185158288, \""W\"": 0.011018813289987382}""}]"
K_C,15,K+C+W+A,K+C,0,0,"[{""fold_start"": 512, ""fold_end"": 640, ""active"": ""K+C+W+A"", ""rmse"": 0.010107626627104366, ""scores_json"": ""{\""A\"": 0.010107626627104366, \""C\"": 0.013114951548112657, \""K\"": 0.02825627205730822, \""W\"": 0.010120601278072593}""}, {""fold_start"": 640, ""fold_end"": 768, ""active"": ""K+C+W+A"", ""rmse"": 0.009821849119357679, ""scores_json"": ""{\""A\"": 0.009821849119357679, \""C\"": 0.010464891440956994, \""K\"": 0.02634555147130207, \""W\"": 0.00984023987014935}""}, {""fold_start"": 768, ""fold_end"": 896, ""active"": ""K+C+W"", ""rmse"": 0.011927518780261869, ""scores_json"": ""{\""A\"": 0.011927518780261869, \""C\"": 0.014960202248623674, \""K\"": 0.03447556017495481, \""W\"": 0.011927518780261869}""}]"
K_C,16,K+C+W+A,K+C,0,0,"[{""fold_start"": 512, ""fold_end"": 640, ""active"": ""K+C+W+A"", ""rmse"": 0.010850308627011898, ""scores_json"": ""{\""A\"": 0.010850308627011898, \""C\"": 0.012533463157339388, \""K\"": 0.0275342174117761, \""W\"": 0.010954566088828426}""}, {""fold_start"": 640, ""fold_end"": 768, ""active"": ""K+C+W"", ""rmse"": 0.010799710668019265, ""scores_json"": ""{\""A\"": 0.010799710668019265, \""C\"": 0.012499738994676142, \""K\"": 0.0283305173688342, \""W\"": 0.010799710668019265}""}, {""fold_start"": 768, ""fold_end"": 896, ""active"": ""K+C+W"", ""rmse"": 0.009011163452746903, ""scores_json"": ""{\""A\"": 0.009011163452746903, \""C\"": 0.011732114138292872, \""K\"": 0.027854110655995953, \""W\"": 0.009011163452746903}""}]"
K_C,17,K+C+W,K+C,0,0,"[{""fold_start"": 512, ""fold_end"": 640, ""active"": ""K+C+W"", ""rmse"": 0.009788873901905285, ""scores_json"": ""{\""A\"": 0.009788873901905285, \""C\"": 0.011945204866748828, \""K\"": 0.0284736398226508, \""W\"": 0.009788873901905285}""}, {""fold_start"": 640, ""fold_end"": 768, ""active"": ""K+C+W+A"", ""rmse"": 0.010998677289353526, ""scores_json"": ""{\""A\"": 0.010998677289353526, \""C\"": 0.012298800051538255, \""K\"": 0.028997927911730878, \""W\"": 0.011066350685333954}""}, {""fold_start"": 768, ""fold_end"": 896, ""active"": ""K+C+W"", ""rmse"": 0.00977824073888682, ""scores_json"": ""{\""A\"": 0.00977824073888682, \""C\"": 0.013515972551545635, \""K\"": 0.02932866642851097, \""W\"": 0.00977824073888682}""}]"
K_C,18,K+C+W+A,K+C,0,0,"[{""fold_start"": 512, ""fold_end"": 640, ""active"": ""K+C+W+A"", ""rmse"": 0.011004807692602273, ""scores_json"": ""{\""A\"": 0.011004807692602273, \""C\"": 0.013266514483234678, \""K\"": 0.03188177975962091, \""W\"": 0.011041424587728176}""}, {""fold_start"": 640, ""fold_end"": 768, ""active"": ""K+C+W"", ""rmse"": 0.010631851062612952, ""scores_json"": ""{\""A\"": 0.010631851062612952, \""C\"": 0.012689538565804731, \""K\"": 0.027751257551967508, \""W\"": 0.010631851062612952}""}, {""fold_start"": 768, ""fold_end"": 896, ""active"": ""K+C+W+A"", ""rmse"": 0.010767145005610594, ""scores_json"": ""{\""A\"": 0.010767145005610594, \""C\"": 0.012735306682408876, \""K\"": 0.030223349998237024, \""W\"": 0.01077239870883155}""}]"
K_C,19,K+C+W,K+C,0,0,"[{""fold_start"": 512, ""fold_end"": 640, ""active"": ""K+C+W"", ""rmse"": 0.009778131902943007, ""scores_json"": ""{\""A\"": 0.009778131902943007, \""C\"": 0.012565115621696826, \""K\"": 0.029947502855258865, \""W\"": 0.009778131902943007}""}, {""fold_start"": 640, ""fold_end"": 768, ""active"": ""K+C+W+A"", ""rmse"": 0.01026279260556303, ""scores_json"": ""{\""A\"": 0.01026279260556303, \""C\"": 0.012112992137169402, \""K\"": 0.027187259049124373, \""W\"": 0.010324024428408253}""}, {""fold_start"": 768, ""fold_end"": 896, ""active"": ""K+C+W+A"", ""rmse"": 0.011603003866848878, ""scores_json"": ""{\""A\"": 0.011603003866848878, \""C\"": 0.014582187539957811, \""K\"": 0.03237506105221465, \""W\"": 0.011638658357854903}""}]"
K_C,20,K+C+W,K+C,0,0,"[{""fold_start"": 512, ""fold_end"": 640, ""active"": ""K+C+W"", ""rmse"": 0.010633948386181803, ""scores_json"": ""{\""A\"": 0.010633948386181803, \""C\"": 0.012487461452799822, \""K\"": 0.031016858840088254, \""W\"": 0.010633948386181803}""}, {""fold_start"": 640, ""fold_end"": 768, ""active"": ""K+C+W+A"", ""rmse"": 0.011016860954127017, ""scores_json"": ""{\""A\"": 0.011016860954127017, \""C\"": 0.01254204075410092, \""K\"": 0.030216538076618088, \""W\"": 0.01102456340414258}""}, {""fold_start"": 768, ""fold_end"": 896, ""active"": ""K+C+W+A"", ""rmse"": 0.0109157974818831, ""scores_json"": ""{\""A\"": 0.0109157974818831, \""C\"": 0.013695949552557958, \""K\"": 0.031168890858806614, \""W\"": 0.010984288774513774}""}]"
K_C,21,K+C+W,K+C,0,0,"[{""fold_start"": 512, ""fold_end"": 640, ""active"": ""K+C+W"", ""rmse"": 0.010770301717657691, ""scores_json"": ""{\""A\"": 0.010770301717657691, \""C\"": 0.012750321398223302, \""K\"": 0.03106339418828034, \""W\"": 0.010770301717657691}""}, {""fold_start"": 640, ""fold_end"": 768, ""active"": ""K+C+W"", ""rmse"": 0.009975734784716715, ""scores_json"": ""{\""A\"": 0.009975734784716715, \""C\"": 0.012599038803931196, \""K\"": 0.02630003379239155, \""W\"": 0.009975734784716715}""}, {""fold_start"": 768, ""fold_end"": 896, ""active"": ""K+C+W+A"", ""rmse"": 0.01086557606723324, ""scores_json"": ""{\""A\"": 0.01086557606723324, \""C\"": 0.014092817437494229, \""K\"": 0.02949285885709895, \""W\"": 0.01095086501241443}""}]"
K_C,22,K+C+W+A,K+C,0,0,"[{""fold_start"": 512, ""fold_end"": 640, ""active"": ""K+C+W+A"", ""rmse"": 0.009715267108715793, ""scores_json"": ""{\""A\"": 0.009715267108715793, \""C\"": 0.012546630339840477, \""K\"": 0.02821808637007281, \""W\"": 0.009741492803798369}""}, {""fold_start"": 640, ""fold_end"": 768, ""active"": ""K+C+W+A"", ""rmse"": 0.009744604378064892, ""scores_json"": ""{\""A\"": 0.009744604378064892, \""C\"": 0.011105365367044167, \""K\"": 0.026097739356211576, \""W\"": 0.009758528307888764}""}, {""fold_start"": 768, ""fold_end"": 896, ""active"": ""K+C+W"", ""rmse"": 0.0111120388267908, ""scores_json"": ""{\""A\"": 0.0111120388267908, \""C\"": 0.014977389092209486, \""K\"": 0.03334555383596955, \""W\"": 0.0111120388267908}""}]"
K_C,23,K+C+W+A,K+C,0,0,"[{""fold_start"": 512, ""fold_end"": 640, ""active"": ""K+C+W+A"", ""rmse"": 0.010065590897166915, ""scores_json"": ""{\""A\"": 0.010065590897166915, \""C\"": 0.011975107646657431, \""K\"": 0.030784690781692835, \""W\"": 0.010071650403007542}""}, {""fold_start"": 640, ""fold_end"": 768, ""active"": ""K+C+W+A"", ""rmse"": 0.01112758765619531, ""scores_json"": ""{\""A\"": 0.01112758765619531, \""C\"": 0.012360223102333324, \""K\"": 0.03029386884939515, \""W\"": 0.01116441130168678}""}, {""fold_start"": 768, ""fold_end"": 896, ""active"": ""K+C+W"", ""rmse"": 0.010156372197585577, ""scores_json"": ""{\""A\"": 0.010156372197585577, \""C\"": 0.013165189274783414, \""K\"": 0.03128882512781966, \""W\"": 0.010156372197585577}""}]"
K_C,24,K+C+W+A,K+C,0,0,"[{""fold_start"": 512, ""fold_end"": 640, ""active"": ""K+C+W+A"", ""rmse"": 0.010494898793416202, ""scores_json"": ""{\""A\"": 0.010494898793416202, \""C\"": 0.012827646108506266, \""K\"": 0.0298882468462765, \""W\"": 0.010540792384279794}""}, {""fold_start"": 640, ""fold_end"": 768, ""active"": ""K+C+W+A"", ""rmse"": 0.010291568270438733, ""scores_json"": ""{\""A\"": 0.010291568270438733, \""C\"": 0.012348186099064566, \""K\"": 0.028241899858861292, \""W\"": 0.01035799053168842}""}, {""fold_start"": 768, ""fold_end"": 896, ""active"": ""K+C+W+A"", ""rmse"": 0.011671555345181706, ""scores_json"": ""{\""A\"": 0.011671555345181706, \""C\"": 0.015264324056756658, \""K\"": 0.03328384945315347, \""W\"": 0.01172055224153342}""}]"
K_C,25,K+C+W,K+C,0,0,"[{""fold_start"": 512, ""fold_end"": 640, ""active"": ""K+C+W"", ""rmse"": 0.009085781573659059, ""scores_json"": ""{\""A\"": 0.009085781573659059, \""C\"": 0.011444202173727932, \""K\"": 0.02582512975424731, \""W\"": 0.009085781573659059}""}, {""fold_start"": 640, ""fold_end"": 768, ""active"": ""K+C+W+A"", ""rmse"": 0.010633852562094117, ""scores_json"": ""{\""A\"": 0.010633852562094117, \""C\"": 0.012287617264818248, \""K\"": 0.029398577315456496, \""W\"": 0.010636571766347983}""}, {""fold_start"": 768, ""fold_end"": 896, ""active"": ""K+C+W"", ""rmse"": 0.010936105734598318, ""scores_json"": ""{\""A\"": 0.010936105734598318, \""C\"": 0.01439819944969518, \""K\"": 0.03211388300314395, \""W\"": 0.010936105734598318}""}]"
K_C,26,K+C+W+A,K+C,0,0,"[{""fold_start"": 512, ""fold_end"": 640, ""active"": ""K+C+W+A"", ""rmse"": 0.010453126108405188, ""scores_json"": ""{\""A\"": 0.010453126108405188, \""C\"": 0.0129629653400393, \""K\"": 0.030713838137814444, \""W\"": 0.010473310118389199}""}, {""fold_start"": 640, ""fold_end"": 768, ""active"": ""K+C+W+A"", ""rmse"": 0.010589980747264869, ""scores_json"": ""{\""A\"": 0.010589980747264869, \""C\"": 0.011517027635210798, \""K\"": 0.027230134876934667, \""W\"": 0.010633070662372254}""}, {""fold_start"": 768, ""fold_end"": 896, ""active"": ""K+C+W+A"", ""rmse"": 0.010157965023481867, ""scores_json"": ""{\""A\"": 0.010157965023481867, \""C\"": 0.01335626813014898, \""K\"": 0.03206759468723599, \""W\"": 0.010171065033709832}""}]"
K_C,27,K+C+W,K+C,0,0,"[{""fold_start"": 512, ""fold_end"": 640, ""active"": ""K+C+W"", ""rmse"": 0.011260929717791964, ""scores_json"": ""{\""A\"": 0.011260929717791964, \""C\"": 0.013580272161475579, \""K\"": 0.03265003359963135, \""W\"": 0.011260929717791964}""}, {""fold_start"": 640, ""fold_end"": 768, ""active"": ""K+C+W"", ""rmse"": 0.012381070147644243, ""scores_json"": ""{\""A\"": 0.012381070147644243, \""C\"": 0.014392044851244758, \""K\"": 0.03184642561393362, \""W\"": 0.012381070147644243}""}, {""fold_start"": 768, ""fold_end"": 896, ""active"": ""K+C+W+A"", ""rmse"": 0.010338127887981111, ""scores_json"": ""{\""A\"": 0.010338127887981111, \""C\"": 0.013407667418668244, \""K\"": 0.029227205089704156, \""W\"": 0.010377305221716203}""}]"
K_C,28,K+C+W,K+C,0,0,"[{""fold_start"": 512, ""fold_end"": 640, ""active"": ""K+C+W"", ""rmse"": 0.00972684630551875, ""scores_json"": ""{\""A\"": 0.00972684630551875, \""C\"": 0.012310808322159068, \""K\"": 0.027153500793276716, \""W\"": 0.00972684630551875}""}, {""fold_start"": 640, ""fold_end"": 768, ""active"": ""K+C+W+A"", ""rmse"": 0.009633144201284064, ""scores_json"": ""{\""A\"": 0.009633144201284064, \""C\"": 0.012298246071788437, \""K\"": 0.025418690933101, \""W\"": 0.009660067178954507}""}, {""fold_start"": 768, ""fold_end"": 896, ""active"": ""K+C+W+A"", ""rmse"": 0.010903654020064223, ""scores_json"": ""{\""A\"": 0.010903654020064223, \""C\"": 0.014836455276650628, \""K\"": 0.03224893866715021, \""W\"": 0.01092094112472535}""}]"
K_C,29,K+C+W,K+C,0,0,"[{""fold_start"": 512, ""fold_end"": 640, ""active"": ""K+C+W"", ""rmse"": 0.010960949873988978, ""scores_json"": ""{\""A\"": 0.010960949873988978, \""C\"": 0.01292752513751147, \""K\"": 0.031546745999374515, \""W\"": 0.010960949873988978}""}, {""fold_start"": 640, ""fold_end"": 768, ""active"": ""K+C+W"", ""rmse"": 0.008932699579025885, ""scores_json"": ""{\""A\"": 0.008932699579025885, \""C\"": 0.010277569886568978, \""K\"": 0.024689817862527264, \""W\"": 0.008932699579025885}""}, {""fold_start"": 768, ""fold_end"": 896, ""active"": ""K+C+W"", ""rmse"": 0.010415334711509716, ""scores_json"": ""{\""A\"": 0.010415334711509716, \""C\"": 0.012707339978607854, \""K\"": 0.029971065713758255, \""W\"": 0.010415334711509716}""}]"
K_C_W,0,K+C+W+A,K+C+W,0,0,"[{""fold_start"": 512, ""fold_end"": 640, ""active"": ""K+C+W+A"", ""rmse"": 0.010391825412795187, ""scores_json"": ""{\""A\"": 0.010391825412795187, \""C\"": 0.012576198701891117, \""K\"": 0.027525881473629884, \""W\"": 0.010414135786899616}""}, {""fold_start"": 640, ""fold_end"": 768, ""active"": ""K+C+W+A"", ""rmse"": 0.010875684175025498, ""scores_json"": ""{\""A\"": 0.010875684175025498, \""C\"": 0.013150047273293284, \""K\"": 0.02878307918167282, \""W\"": 0.010941201020526387}""}, {""fold_start"": 768, ""fold_end"": 896, ""active"": ""K+C+W+A"", ""rmse"": 0.009743464010782294, ""scores_json"": ""{\""A\"": 0.009743464010782294, \""C\"": 0.013050942492818959, \""K\"": 0.02824061892131536, \""W\"": 0.009874263009188458}""}]"
K_C_W,1,K+C+W+A,K+C+W,0,0,"[{""fold_start"": 512, ""fold_end"": 640, ""active"": ""K+C+W+A"", ""rmse"": 0.009395688543869943, ""scores_json"": ""{\""A\"": 0.009395688543869943, \""C\"": 0.012273749187285, \""K\"": 0.02669049474607284, \""W\"": 0.009448660980553351}""}, {""fold_start"": 640, ""fold_end"": 768, ""active"": ""K+C+W"", ""rmse"": 0.011082006203043603, ""scores_json"": ""{\""A\"": 0.011082006203043603, \""C\"": 0.013210414570054443, \""K\"": 0.029515630035170118, \""W\"": 0.011082006203043603}""}, {""fold_start"": 768, ""fold_end"": 896, ""active"": ""K+C+W"", ""rmse"": 0.010304169016851447, ""scores_json"": ""{\""A\"": 0.010304169016851447, \""C\"": 0.013587049995514232, \""K\"": 0.03191660717868118, \""W\"": 0.010304169016851447}""}]"
K_C_W,2,K+C+W+A,K+C+W,0,0,"[{""fold_start"": 512, ""fold_end"": 640, ""active"": ""K+C+W+A"", ""rmse"": 0.011241831319081592, ""scores_json"": ""{\""A\"": 0.011241831319081592, \""C\"": 0.014258221313565276, \""K\"": 0.031111676417977983, \""W\"": 0.011273504117701817}""}, {""fold_start"": 640, ""fold_end"": 768, ""active"": ""K+C+W"", ""rmse"": 0.008288337543620669, ""scores_json"": ""{\""A\"": 0.008288337543620669, \""C\"": 0.011434252731851833, \""K\"": 0.025427112119247874, \""W\"": 0.008288337543620669}""}, {""fold_start"": 768, ""fold_end"": 896, ""active"": ""K+C+W"", ""rmse"": 0.009967490609017892, ""scores_json"": ""{\""A\"": 0.009967490609017892, \""C\"": 0.012992353636687217, \""K\"": 0.029002894560075463, \""W\"": 0.009967490609017892}""}]"
K_C_W,3,K+C+W,K+C+W,1,0,"[{""fold_start"": 512, ""fold_end"": 640, ""active"": ""K+C+W"", ""rmse"": 0.010755430098853708, ""scores_json"": ""{\""A\"": 0.010755430098853708, \""C\"": 0.013287441969928298, \""K\"": 0.028845191876776127, \""W\"": 0.010755430098853708}""}, {""fold_start"": 640, ""fold_end"": 768, ""active"": ""K+C+W"", ""rmse"": 0.010377600890586775, ""scores_json"": ""{\""A\"": 0.010377600890586775, \""C\"": 0.01232910553371327, \""K\"": 0.029921585861444416, \""W\"": 0.010377600890586775}""}, {""fold_start"": 768, ""fold_end"": 896, ""active"": ""K+C+W+A"", ""rmse"": 0.009445485375371288, ""scores_json"": ""{\""A\"": 0.009445485375371288, \""C\"": 0.012976043382156641, \""K\"": 0.028897670569723394, \""W\"": 0.009489795288088866}""}]"
K_C_W,4,K+C+W,K+C+W,1,0,"[{""fold_start"": 512, ""fold_end"": 640, ""active"": ""K+C+W"", ""rmse"": 0.009957371251277521, ""scores_json"": ""{\""A\"": 0.009957371251277521, \""C\"": 0.012531520134468904, \""K\"": 0.030625922057611513, \""W\"": 0.009957371251277521}""}, {""fold_start"": 640, ""fold_end"": 768, ""active"": ""K+C+W"", ""rmse"": 0.00889903815256881, ""scores_json"": ""{\""A\"": 0.00889903815256881, \""C\"": 0.01006855929260649, \""K\"": 0.02208012476444758, \""W\"": 0.00889903815256881}""}, {""fold_start"": 768, ""fold_end"": 896, ""active"": ""K+C+W+A"", ""rmse"": 0.010289994172524224, ""scores_json"": ""{\""A\"": 0.010289994172524224, \""C\"": 0.014297538837727821, \""K\"": 0.029379512235318563, \""W\"": 0.010304877584201996}""}]"
K_C_W,5,K+C+W+A,K+C+W,0,0,"[{""fold_start"": 512, ""fold_end"": 640, ""active"": ""K+C+W+A"", ""rmse"": 0.01095884352811354, ""scores_json"": ""{\""A\"": 0.01095884352811354, \""C\"": 0.013313732952227705, \""K\"": 0.029091678913644687, \""W\"": 0.011027728192167815}""}, {""fold_start"": 640, ""fold_end"": 768, ""active"": ""K+C+W"", ""rmse"": 0.009425061215421707, ""scores_json"": ""{\""A\"": 0.009425061215421707, \""C\"": 0.010892524661792776, \""K\"": 0.025928562587671164, \""W\"": 0.009425061215421707}""}, {""fold_start"": 768, ""fold_end"": 896, ""active"": ""K+C+W+A"", ""rmse"": 0.01086154610635053, ""scores_json"": ""{\""A\"": 0.01086154610635053, \""C\"": 0.01400077062038434, \""K\"": 0.0321262813847554, \""W\"": 0.01092590685041056}""}]"
K_C_W,6,K+C+W,K+C+W,1,0,"[{""fold_start"": 512, ""fold_end"": 640, ""active"": ""K+C+W"", ""rmse"": 0.009748291601022026, ""scores_json"": ""{\""A\"": 0.009748291601022026, \""C\"": 0.011488291727233594, \""K\"": 0.027572681385616343, \""W\"": 0.009748291601022026}""}, {""fold_start"": 640, ""fold_end"": 768, ""active"": ""K+C+W"", ""rmse"": 0.01122186466523183, ""scores_json"": ""{\""A\"": 0.01122186466523183, \""C\"": 0.01322563284110999, \""K\"": 0.031669512663474626, \""W\"": 0.01122186466523183}""}, {""fold_start"": 768, ""fold_end"": 896, ""active"": ""K+C+W+A"", ""rmse"": 0.01054472962085013, ""scores_json"": ""{\""A\"": 0.01054472962085013, \""C\"": 0.013185251585744504, \""K\"": 0.03072296069765289, \""W\"": 0.010603408490116454}""}]"
K_C_W,7,K+C+W+A,K+C+W,0,0,"[{""fold_start"": 512, ""fold_end"": 640, ""active"": ""K+C+W+A"", ""rmse"": 0.010131256138338107, ""scores_json"": ""{\""A\"": 0.010131256138338107, \""C\"": 0.012728070398492677, \""K\"": 0.02823968023641258, \""W\"": 0.010167700261302176}""}, {""fold_start"": 640, ""fold_end"": 768, ""active"": ""K+C+W+A"", ""rmse"": 0.01009074671336903, ""scores_json"": ""{\""A\"": 0.01009074671336903, \""C\"": 0.011709102609693036, \""K\"": 0.027077263561811903, \""W\"": 0.010132895296115194}""}, {""fold_start"": 768, ""fold_end"": 896, ""active"": ""K+C+W+A"", ""rmse"": 0.010393042527954702, ""scores_json"": ""{\""A\"": 0.010393042527954702, \""C\"": 0.011898909595703657, \""K\"": 0.027804415466333506, \""W\"": 0.010466639694697029}""}]"
K_C_W,8,K+C+W+A,K+C+W,0,0,"[{""fold_start"": 512, ""fold_end"": 640, ""active"": ""K+C+W+A"", ""rmse"": 0.009778559620192702, ""scores_json"": ""{\""A\"": 0.009778559620192702, \""C\"": 0.012702875173614934, \""K\"": 0.026457420472912014, \""W\"": 0.009800324073521919}""}, {""fold_start"": 640, ""fold_end"": 768, ""active"": ""K+C+W+A"", ""rmse"": 0.009696139251766772, ""scores_json"": ""{\""A\"": 0.009696139251766772, \""C\"": 0.010741963896098862, \""K\"": 0.026265768091167763, \""W\"": 0.009738276767244642}""}, {""fold_start"": 768, ""fold_end"": 896, ""active"": ""K+C+W"", ""rmse"": 0.010250091225127156, ""scores_json"": ""{\""A\"": 0.010250091225127156, \""C\"": 0.013875380263665622, \""K\"": 0.03149394612966725, \""W\"": 0.010250091225127156}""}]"
K_C_W,9,K+C+W+A,K+C+W,0,0,"[{""fold_start"": 512, ""fold_end"": 640, ""active"": ""K+C+W+A"", ""rmse"": 0.010499549008309949, ""scores_json"": ""{\""A\"": 0.010499549008309949, \""C\"": 0.01328818325624023, \""K\"": 0.031032801692060456, \""W\"": 0.010545238493888344}""}, {""fold_start"": 640, ""fold_end"": 768, ""active"": ""K+C+W+A"", ""rmse"": 0.01083505164705678, ""scores_json"": ""{\""A\"": 0.01083505164705678, \""C\"": 0.012689884805882136, \""K\"": 0.027310621525946648, \""W\"": 0.010880580452366565}""}, {""fold_start"": 768, ""fold_end"": 896, ""active"": ""K+C+W+A"", ""rmse"": 0.010447036953568802, ""scores_json"": ""{\""A\"": 0.010447036953568802, \""C\"": 0.013516016058727013, \""K\"": 0.0323299137943662, \""W\"": 0.010487987927771688}""}]"
K_C_W,10,K+C+W,K+C+W,1,0,"[{""fold_start"": 512, ""fold_end"": 640, ""active"": ""K+C+W"", ""rmse"": 0.008832900587966194, ""scores_json"": ""{\""A\"": 0.008832900587966194, \""C\"": 0.010812385990547494, \""K\"": 0.024508112278679745, \""W\"": 0.008832900587966194}""}, {""fold_start"": 640, ""fold_end"": 768, ""active"": ""K+C+W"", ""rmse"": 0.010340149798483238, ""scores_json"": ""{\""A\"": 0.010340149798483238, \""C\"": 0.012684880759844504, \""K\"": 0.028489189296827762, \""W\"": 0.010340149798483238}""}, {""fold_start"": 768, ""fold_end"": 896, ""active"": ""K+C+W+A"", ""rmse"": 0.00873674682520605, ""scores_json"": ""{\""A\"": 0.00873674682520605, \""C\"": 0.01167143686868363, \""K\"": 0.027891778609905903, \""W\"": 0.008777214481841244}""}]"
K_C_W,11,K+C+W,K+C+W,1,0,"[{""fold_start"": 512, ""fold_end"": 640, ""active"": ""K+C+W"", ""rmse"": 0.011040392686151684, ""scores_json"": ""{\""A\"": 0.011040392686151684, \""C\"": 0.012622020754805799, \""K\"": 0.0292654742211695, \""W\"": 0.011040392686151684}""}, {""fold_start"": 640, ""fold_end"": 768, ""active"": ""K+C+W+A"", ""rmse"": 0.01059044588896158, ""scores_json"": ""{\""A\"": 0.01059044588896158, \""C\"": 0.012397461040123181, \""K\"": 0.02664540535173678, \""W\"": 0.010605808802384955}""}, {""fold_start"": 768, ""fold_end"": 896, ""active"": ""K+C+W+A"", ""rmse"": 0.011067196405540372, ""scores_json"": ""{\""A\"": 0.011067196405540372, \""C\"": 0.014361920129045726, \""K\"": 0.030754408179912544, \""W\"": 0.011081933038817018}""}]"
K_C_W,12,K+C+W+A,K+C+W,0,0,"[{""fold_start"": 512, ""fold_end"": 640, ""active"": ""K+C+W+A"", ""rmse"": 0.009800208919858576, ""scores_json"": ""{\""A\"": 0.009800208919858576, \""C\"": 0.012385091029203403, \""K\"": 0.02790553972942433, \""W\"": 0.009852291843293448}""}, {""fold_start"": 640, ""fold_end"": 768, ""active"": ""K+C+W"", ""rmse"": 0.01009616109802383, ""scores_json"": ""{\""A\"": 0.01009616109802383, \""C\"": 0.011881073848981854, \""K\"": 0.028833043334983703, \""W\"": 0.01009616109802383}""}, {""fold_start"": 768, ""fold_end"": 896, ""active"": ""K+C+W+A"", ""rmse"": 0.0112996816173281, ""scores_json"": ""{\""A\"": 0.0112996816173281, \""C\"": 0.014107409599489003, \""K\"": 0.03406026983583359, \""W\"": 0.011346461962398158}""}]"
K_C_W,13,K+C+W+A,K+C+W,0,0,"[{""fold_start"": 512, ""fold_end"": 640, ""active"": ""K+C+W+A"", ""rmse"": 0.009612681877872842, ""scores_json"": ""{\""A\"": 0.009612681877872842, \""C\"": 0.011521116528361944, \""K\"": 0.026941124549593545, \""W\"": 0.009627835396203831}""}, {""fold_start"": 640, ""fold_end"": 768, ""active"": ""K+C+W+A"", ""rmse"": 0.009199919735627535, ""scores_json"": ""{\""A\"": 0.009199919735627535, \""C\"": 0.010753514723583192, \""K\"": 0.026055202514683202, \""W\"": 0.009220441219635321}""}, {""fold_start"": 768, ""fold_end"": 896, ""active"": ""K+C+W+A"", ""rmse"": 0.010528963066433387, ""scores_json"": ""{\""A\"": 0.010528963066433387, \""C\"": 0.013028049021009028, \""K\"": 0.031375417158621695, \""W\"": 0.01060703783961986}""}]"
K_C_W,14,K+C+W,K+C+W,1,0,"[{""fold_start"": 512, ""fold_end"": 640, ""active"": ""K+C+W"", ""rmse"": 0.010269985674139554, ""scores_json"": ""{\""A\"": 0.010269985674139554, \""C\"": 0.012895846177377318, \""K\"": 0.029436109467644793, \""W\"": 0.010269985674139554}""}, {""fold_start"": 640, ""fold_end"": 768, ""active"": ""K+C+W+A"", ""rmse"": 0.010539631320609663, ""scores_json"": ""{\""A\"": 0.010539631320609663, \""C\"": 0.012428946632636445, \""K\"": 0.027021317477699994, \""W\"": 0.010654629853241542}""}, {""fold_start"": 768, ""fold_end"": 896, ""active"": ""K+C+W+A"", ""rmse"": 0.010846167352877776, ""scores_json"": ""{\""A\"": 0.010846167352877776, \""C\"": 0.013972686965485932, \""K\"": 0.029884206050149794, \""W\"": 0.010988523634672008}""}]"
K_C_W,15,K+C+W+A,K+C+W,0,0,"[{""fold_start"": 512, ""fold_end"": 640, ""active"": ""K+C+W+A"", ""rmse"": 0.010090338982469036, ""scores_json"": ""{\""A\"": 0.010090338982469036, \""C\"": 0.012992043245622384, \""K\"": 0.028043794961501528, \""W\"": 0.010101529620954612}""}, {""fold_start"": 640, ""fold_end"": 768, ""active"": ""K+C+W+A"", ""rmse"": 0.009782792306107034, ""scores_json"": ""{\""A\"": 0.009782792306107034, \""C\"": 0.010365468221249063, \""K\"": 0.026082089919407424, \""W\"": 0.009799272245873217}""}, {""fold_start"": 768, ""fold_end"": 896, ""active"": ""K+C+W"", ""rmse"": 0.01194337862189116, ""scores_json"": ""{\""A\"": 0.01194337862189116, \""C\"": 0.014796225523554439, \""K\"": 0.034208204275014364, \""W\"": 0.01194337862189116}""}]"
K_C_W,16,K+C+W+A,K+C+W,0,0,"[{""fold_start"": 512, ""fold_end"": 640, ""active"": ""K+C+W+A"", ""rmse"": 0.010805476500331819, ""scores_json"": ""{\""A\"": 0.010805476500331819, \""C\"": 0.012406068194601369, \""K\"": 0.02731247662802061, \""W\"": 0.010902107154050307}""}, {""fold_start"": 640, ""fold_end"": 768, ""active"": ""K+C+W"", ""rmse"": 0.01074767824783819, ""scores_json"": ""{\""A\"": 0.01074767824783819, \""C\"": 0.012396222990192413, \""K\"": 0.028052021105076902, \""W\"": 0.01074767824783819}""}, {""fold_start"": 768, ""fold_end"": 896, ""active"": ""K+C+W"", ""rmse"": 0.008951136021457905, ""scores_json"": ""{\""A\"": 0.008951136021457905, \""C\"": 0.011556314750392193, \""K\"": 0.027657151681241617, \""W\"": 0.008951136021457905}""}]"
K_C_W,17,K+C+W,K+C+W,1,0,"[{""fold_start"": 512, ""fold_end"": 640, ""active"": ""K+C+W"", ""rmse"": 0.00978639172046079, ""scores_json"": ""{\""A\"": 0.00978639172046079, \""C\"": 0.011825963689156066, \""K\"": 0.028233399528783946, \""W\"": 0.00978639172046079}""}, {""fold_start"": 640, ""fold_end"": 768, ""active"": ""K+C+W+A"", ""rmse"": 0.010979294474404539, ""scores_json"": ""{\""A\"": 0.010979294474404539, \""C\"": 0.012181318236765631, \""K\"": 0.0287165118925586, \""W\"": 0.011042159719704273}""}, {""fold_start"": 768, ""fold_end"": 896, ""active"": ""K+C+W"", ""rmse"": 0.009740595920693698, ""scores_json"": ""{\""A\"": 0.009740595920693698, \""C\"": 0.013351082701735408, \""K\"": 0.029132594091921312, \""W\"": 0.009740595920693698}""}]"
K_C_W,18,K+C+W+A,K+C+W,0,0,"[{""fold_start"": 512, ""fold_end"": 640, ""active"": ""K+C+W+A"", ""rmse"": 0.010987038842674973, ""scores_json"": ""{\""A\"": 0.010987038842674973, \""C\"": 0.013140638473067238, \""K\"": 0.03161505129879616, \""W\"": 0.011025991858804816}""}, {""fold_start"": 640, ""fold_end"": 768, ""active"": ""K+C+W"", ""rmse"": 0.010599565158313394, ""scores_json"": ""{\""A\"": 0.010599565158313394, \""C\"": 0.012579053128775374, \""K\"": 0.027490697480472337, \""W\"": 0.010599565158313394}""}, {""fold_start"": 768, ""fold_end"": 896, ""active"": ""K+C+W"", ""rmse"": 0.010744960119351991, ""scores_json"": ""{\""A\"": 0.010744960119351991, \""C\"": 0.012571174433684279, \""K\"": 0.029999774289720543, \""W\"": 0.010744960119351991}""}]"
K_C_W,19,K+C+W,K+C+W,1,0,"[{""fold_start"": 512, ""fold_end"": 640, ""active"": ""K+C+W"", ""rmse"": 0.009736110255317123, ""scores_json"": ""{\""A\"": 0.009736110255317123, \""C\"": 0.012415781543722903, \""K\"": 0.029722977101616893, \""W\"": 0.009736110255317123}""}, {""fold_start"": 640, ""fold_end"": 768, ""active"": ""K+C+W+A"", ""rmse"": 0.010218882906454054, ""scores_json"": ""{\""A\"": 0.010218882906454054, \""C\"": 0.011998296173310259, \""K\"": 0.026943380305690576, \""W\"": 0.010269566587852946}""}, {""fold_start"": 768, ""fold_end"": 896, ""active"": ""K+C+W+A"", ""rmse"": 0.011608078810949028, ""scores_json"": ""{\""A\"": 0.011608078810949028, \""C\"": 0.014428808897027851, \""K\"": 0.03212247273722492, \""W\"": 0.011639392825808519}""}]"
K_C_W,20,K+C+W,K+C+W,1,0,"[{""fold_start"": 512, ""fold_end"": 640, ""active"": ""K+C+W"", ""rmse"": 0.010630591960282036, ""scores_json"": ""{\""A\"": 0.010630591960282036, \""C\"": 0.012331106518171996, \""K\"": 0.030782887889891794, \""W\"": 0.010630591960282036}""}, {""fold_start"": 640, ""fold_end"": 768, ""active"": ""K+C+W+A"", ""rmse"": 0.010989880387562935, ""scores_json"": ""{\""A\"": 0.010989880387562935, \""C\"": 0.012442299749308043, \""K\"": 0.02993075112192037, \""W\"": 0.010996845729185646}""}, {""fold_start"": 768, ""fold_end"": 896, ""active"": ""K+C+W+A"", ""rmse"": 0.010860720512373495, ""scores_json"": ""{\""A\"": 0.010860720512373495, \""C\"": 0.013546246576758444, \""K\"": 0.030928888562562037, \""W\"": 0.01091992292630904}""}]"
K_C_W,21,K+C+W,K+C+W,1,0,"[{""fold_start"": 512, ""fold_end"": 640, ""active"": ""K+C+W"", ""rmse"": 0.010779428324993628, ""scores_json"": ""{\""A\"": 0.010779428324993628, \""C\"": 0.012613200413953765, \""K\"": 0.030803717835049566, \""W\"": 0.010779428324993628}""}, {""fold_start"": 640, ""fold_end"": 768, ""active"": ""K+C+W"", ""rmse"": 0.009964899000528854, ""scores_json"": ""{\""A\"": 0.009964899000528854, \""C\"": 0.012504661148460681, \""K\"": 0.026051209505389254, \""W\"": 0.009964899000528854}""}, {""fold_start"": 768, ""fold_end"": 896, ""active"": ""K+C+W+A"", ""rmse"": 0.010822728601945485, ""scores_json"": ""{\""A\"": 0.010822728601945485, \""C\"": 0.013953954952790957, \""K\"": 0.029280210624648844, \""W\"": 0.010901080882393291}""}]"
K_C_W,22,K+C+W+A,K+C+W,0,0,"[{""fold_start"": 512, ""fold_end"": 640, ""active"": ""K+C+W+A"", ""rmse"": 0.009676033807216917, ""scores_json"": ""{\""A\"": 0.009676033807216917, \""C\"": 0.01239025263614855, \""K\"": 0.028001067266663404, \""W\"": 0.00970411674070887}""}, {""fold_start"": 640, ""fold_end"": 768, ""active"": ""K+C+W+A"", ""rmse"": 0.009687827029917677, ""scores_json"": ""{\""A\"": 0.009687827029917677, \""C\"": 0.011011699923395497, \""K\"": 0.025833345212039522, \""W\"": 0.009701906782576875}""}, {""fold_start"": 768, ""fold_end"": 896, ""active"": ""K+C+W"", ""rmse"": 0.011071469009330745, ""scores_json"": ""{\""A\"": 0.011071469009330745, \""C\"": 0.014818854645135732, \""K\"": 0.03309709892179206, \""W\"": 0.011071469009330745}""}]"
K_C_W,23,K+C+W+A,K+C+W,0,0,"[{""fold_start"": 512, ""fold_end"": 640, ""active"": ""K+C+W+A"", ""rmse"": 0.010031067632484358, ""scores_json"": ""{\""A\"": 0.010031067632484358, \""C\"": 0.011846573771094944, \""K\"": 0.030531106501668886, \""W\"": 0.010044689520712587}""}, {""fold_start"": 640, ""fold_end"": 768, ""active"": ""K+C+W+A"", ""rmse"": 0.011099654785544918, ""scores_json"": ""{\""A\"": 0.011099654785544918, \""C\"": 0.012256381088397035, \""K\"": 0.029993275089687167, \""W\"": 0.011136353347000291}""}, {""fold_start"": 768, ""fold_end"": 896, ""active"": ""K+C+W"", ""rmse"": 0.010156793479180682, ""scores_json"": ""{\""A\"": 0.010156793479180682, \""C\"": 0.01297757671296595, \""K\"": 0.031054041194516904, \""W\"": 0.010156793479180682}""}]"
K_C_W,24,K+C+W+A,K+C+W,0,0,"[{""fold_start"": 512, ""fold_end"": 640, ""active"": ""K+C+W+A"", ""rmse"": 0.010474889114632556, ""scores_json"": ""{\""A\"": 0.010474889114632556, \""C\"": 0.012688292332436618, \""K\"": 0.029648826914249606, \""W\"": 0.010522346204866308}""}, {""fold_start"": 640, ""fold_end"": 768, ""active"": ""K+C+W+A"", ""rmse"": 0.010290859934361156, ""scores_json"": ""{\""A\"": 0.010290859934361156, \""C\"": 0.012256953892721242, \""K\"": 0.02798860170009743, \""W\"": 0.010350584708656218}""}, {""fold_start"": 768, ""fold_end"": 896, ""active"": ""K+C+W+A"", ""rmse"": 0.01166091667389529, ""scores_json"": ""{\""A\"": 0.01166091667389529, \""C\"": 0.015104859931003543, \""K\"": 0.03302921934331131, \""W\"": 0.011705231621933246}""}]"
K_C_W,25,K+C+W,K+C+W,1,0,"[{""fold_start"": 512, ""fold_end"": 640, ""active"": ""K+C+W"", ""rmse"": 0.009086217579987663, ""scores_json"": ""{\""A\"": 0.009086217579987663, \""C\"": 0.011306325690387932, \""K\"": 0.025618503815374716, \""W\"": 0.009086217579987663}""}, {""fold_start"": 640, ""fold_end"": 768, ""active"": ""K+C+W+A"", ""rmse"": 0.010592856358175654, ""scores_json"": ""{\""A\"": 0.010592856358175654, \""C\"": 0.012174330178444347, \""K\"": 0.02911368840640705, \""W\"": 0.010597236295159062}""}, {""fold_start"": 768, ""fold_end"": 896, ""active"": ""K+C+W"", ""rmse"": 0.010935158167377518, ""scores_json"": ""{\""A\"": 0.010935158167377518, \""C\"": 0.01423956050150248, \""K\"": 0.031875340235365174, \""W\"": 0.010935158167377518}""}]"
K_C_W,26,K+C+W+A,K+C+W,0,0,"[{""fold_start"": 512, ""fold_end"": 640, ""active"": ""K+C+W+A"", ""rmse"": 0.010427300954733532, ""scores_json"": ""{\""A\"": 0.010427300954733532, \""C\"": 0.01282355792964574, \""K\"": 0.03046959928773217, \""W\"": 0.01044677569049828}""}, {""fold_start"": 640, ""fold_end"": 768, ""active"": ""K+C+W+A"", ""rmse"": 0.010564344632103725, ""scores_json"": ""{\""A\"": 0.010564344632103725, \""C\"": 0.011425462381813276, \""K\"": 0.026952070698675886, \""W\"": 0.010602836552370418}""}, {""fold_start"": 768, ""fold_end"": 896, ""active"": ""K+C+W+A"", ""rmse"": 0.010122179618462044, ""scores_json"": ""{\""A\"": 0.010122179618462044, \""C\"": 0.013204413322006243, \""K\"": 0.031810850819556626, \""W\"": 0.010142036204564695}""}]"
K_C_W,27,K+C+W,K+C+W,1,0,"[{""fold_start"": 512, ""fold_end"": 640, ""active"": ""K+C+W"", ""rmse"": 0.011244575153092516, ""scores_json"": ""{\""A\"": 0.011244575153092516, \""C\"": 0.01345831337196069, \""K\"": 0.032397683076500004, \""W\"": 0.011244575153092516}""}, {""fold_start"": 640, ""fold_end"": 768, ""active"": ""K+C+W"", ""rmse"": 0.012298621694439224, ""scores_json"": ""{\""A\"": 0.012298621694439224, \""C\"": 0.014305522436573502, \""K\"": 0.03154227704324974, \""W\"": 0.012298621694439224}""}, {""fold_start"": 768, ""fold_end"": 896, ""active"": ""K+C+W+A"", ""rmse"": 0.010332766840388788, ""scores_json"": ""{\""A\"": 0.010332766840388788, \""C\"": 0.01326037458520328, \""K\"": 0.029018597567935154, \""W\"": 0.010365034892982601}""}]"
K_C_W,28,K+C+W,K+C+W,1,0,"[{""fold_start"": 512, ""fold_end"": 640, ""active"": ""K+C+W"", ""rmse"": 0.009706202807115054, ""scores_json"": ""{\""A\"": 0.009706202807115054, \""C\"": 0.012200076038970817, \""K\"": 0.026933490149473677, \""W\"": 0.009706202807115054}""}, {""fold_start"": 640, ""fold_end"": 768, ""active"": ""K+C+W+A"", ""rmse"": 0.00960379386694348, ""scores_json"": ""{\""A\"": 0.00960379386694348, \""C\"": 0.012200375638206574, \""K\"": 0.02518104887654387, \""W\"": 0.009623465104709166}""}, {""fold_start"": 768, ""fold_end"": 896, ""active"": ""K+C+W+A"", ""rmse"": 0.010858130074290769, ""scores_json"": ""{\""A\"": 0.010858130074290769, \""C\"": 0.014656706670941712, \""K\"": 0.03201083036101899, \""W\"": 0.010874158516085376}""}]"
K_C_W,29,K+C+W,K+C+W,1,0,"[{""fold_start"": 512, ""fold_end"": 640, ""active"": ""K+C+W"", ""rmse"": 0.010933372048785979, ""scores_json"": ""{\""A\"": 0.010933372048785979, \""C\"": 0.012796429750927624, \""K\"": 0.03130267756622236, \""W\"": 0.010933372048785979}""}, {""fold_start"": 640, ""fold_end"": 768, ""active"": ""K+C+W"", ""rmse"": 0.008907853046101921, ""scores_json"": ""{\""A\"": 0.008907853046101921, \""C\"": 0.01018029173834072, \""K\"": 0.02444080531537221, \""W\"": 0.008907853046101921}""}, {""fold_start"": 768, ""fold_end"": 896, ""active"": ""K+C+W"", ""rmse"": 0.010457711830459024, ""scores_json"": ""{\""A\"": 0.010457711830459024, \""C\"": 0.012551904304135489, \""K\"": 0.02974492596946237, \""W\"": 0.010457711830459024}""}]"
K_C_W_A,0,K+C+W+A,K+C+W+A,1,0,"[{""fold_start"": 512, ""fold_end"": 640, ""active"": ""K+C+W+A"", ""rmse"": 0.010391873417182382, ""scores_json"": ""{\""A\"": 0.010391873417182382, \""C\"": 0.012532035811471338, \""K\"": 0.027534049738283495, \""W\"": 0.010415187174358133}""}, {""fold_start"": 640, ""fold_end"": 768, ""active"": ""K+C+W+A"", ""rmse"": 0.01088033456624537, ""scores_json"": ""{\""A\"": 0.01088033456624537, \""C\"": 0.013172283365950586, \""K\"": 0.02879964797181481, \""W\"": 0.010946361370851606}""}, {""fold_start"": 768, ""fold_end"": 896, ""active"": ""K+C+W+A"", ""rmse"": 0.0097461914183864, ""scores_json"": ""{\""A\"": 0.0097461914183864, \""C\"": 0.013023987775315521, \""K\"": 0.028258399259194367, \""W\"": 0.00987494699802854}""}]"
K_C_W_A,1,K+C+W+A,K+C+W+A,1,0,"[{""fold_start"": 512, ""fold_end"": 640, ""active"": ""K+C+W+A"", ""rmse"": 0.009402353983037792, ""scores_json"": ""{\""A\"": 0.009402353983037792, \""C\"": 0.012256322383854977, \""K\"": 0.0267021379839769, \""W\"": 0.009455651899653627}""}, {""fold_start"": 640, ""fold_end"": 768, ""active"": ""K+C+W"", ""rmse"": 0.011080319014344682, ""scores_json"": ""{\""A\"": 0.011080319014344682, \""C\"": 0.013245327191981047, \""K\"": 0.029534254228774388, \""W\"": 0.011080319014344682}""}, {""fold_start"": 768, ""fold_end"": 896, ""active"": ""K+C+W"", ""rmse"": 0.010284480060594696, ""scores_json"": ""{\""A\"": 0.010284480060594696, \""C\"": 0.013551285366115818, \""K\"": 0.03193414747069522, \""W\"": 0.010284480060594696}""}]"
K_C_W_A,2,K+C+W+A,K+C+W+A,1,0,"[{""fold_start"": 512, ""fold_end"": 640, ""active"": ""K+C+W+A"", ""rmse"": 0.011238009544543258, ""scores_json"": ""{\""A\"": 0.011238009544543258, \""C\"": 0.014241882128640982, \""K\"": 0.03112420749709846, \""W\"": 0.011269074888536023}""}, {""fold_start"": 640, ""fold_end"": 768, ""active"": ""K+C+W"", ""rmse"": 0.008289975217390725, ""scores_json"": ""{\""A\"": 0.008289975217390725, \""C\"": 0.01147018291900705, \""K\"": 0.025445833869611207, \""W\"": 0.008289975217390725}""}, {""fold_start"": 768, ""fold_end"": 896, ""active"": ""K+C+W"", ""rmse"": 0.009992927197128059, ""scores_json"": ""{\""A\"": 0.009992927197128059, \""C\"": 0.012974179064780345, \""K\"": 0.02902001382718422, \""W\"": 0.009992927197128059}""}]"
K_C_W_A,3,K+C+W,K+C+W+A,0,0,"[{""fold_start"": 512, ""fold_end"": 640, ""active"": ""K+C+W"", ""rmse"": 0.010754361413040685, ""scores_json"": ""{\""A\"": 0.010754361413040685, \""C\"": 0.01326277038130593, \""K\"": 0.028856525362927536, \""W\"": 0.010754361413040685}""}, {""fold_start"": 640, ""fold_end"": 768, ""active"": ""K+C+W"", ""rmse"": 0.010372844717504777, ""scores_json"": ""{\""A\"": 0.010372844717504777, \""C\"": 0.012350870599650754, \""K\"": 0.029942307265678737, \""W\"": 0.010372844717504777}""}, {""fold_start"": 768, ""fold_end"": 896, ""active"": ""K+C+W+A"", ""rmse"": 0.009445414759326358, ""scores_json"": ""{\""A\"": 0.009445414759326358, \""C\"": 0.012929116787000119, \""K\"": 0.028912248989341117, \""W\"": 0.009489517693772409}""}]"
K_C_W_A,4,K+C+W,K+C+W+A,0,0,"[{""fold_start"": 512, ""fold_end"": 640, ""active"": ""K+C+W"", ""rmse"": 0.009954666452513986, ""scores_json"": ""{\""A\"": 0.009954666452513986, \""C\"": 0.012519326515664512, \""K\"": 0.030641470685784777, \""W\"": 0.009954666452513986}""}, {""fold_start"": 640, ""fold_end"": 768, ""active"": ""K+C+W"", ""rmse"": 0.008906780413952691, ""scores_json"": ""{\""A\"": 0.008906780413952691, \""C\"": 0.010093546749064531, \""K\"": 0.022094550814927064, \""W\"": 0.008906780413952691}""}, {""fold_start"": 768, ""fold_end"": 896, ""active"": ""K+C+W+A"", ""rmse"": 0.01028249462282381, ""scores_json"": ""{\""A\"": 0.01028249462282381, \""C\"": 0.01428141587170523, \""K\"": 0.029396775343768028, \""W\"": 0.010297291059072572}""}]"
K_C_W_A,5,K+C+W+A,K+C+W+A,1,0,"[{""fold_start"": 512, ""fold_end"": 640, ""active"": ""K+C+W+A"", ""rmse"": 0.010964352051329371, ""scores_json"": ""{\""A\"": 0.010964352051329371, \""C\"": 0.013317302906362679, \""K\"": 0.02910779499356311, \""W\"": 0.011032562818317737}""}, {""fold_start"": 640, ""fold_end"": 768, ""active"": ""K+C+W"", ""rmse"": 0.009425387125734944, ""scores_json"": ""{\""A\"": 0.009425387125734944, \""C\"": 0.010906763527454524, \""K\"": 0.025943326955759148, \""W\"": 0.009425387125734944}""}, {""fold_start"": 768, ""fold_end"": 896, ""active"": ""K+C+W+A"", ""rmse"": 0.010871263468944266, ""scores_json"": ""{\""A\"": 0.010871263468944266, \""C\"": 0.013973509260919992, \""K\"": 0.032145275901676165, \""W\"": 0.010934126236654802}""}]"
K_C_W_A,6,K+C+W,K+C+W+A,0,0,"[{""fold_start"": 512, ""fold_end"": 640, ""active"": ""K+C+W"", ""rmse"": 0.00975168249166301, ""scores_json"": ""{\""A\"": 0.00975168249166301, \""C\"": 0.011463890801215633, \""K\"": 0.027584970505678673, \""W\"": 0.00975168249166301}""}, {""fold_start"": 640, ""fold_end"": 768, ""active"": ""K+C+W"", ""rmse"": 0.011225020643631711, ""scores_json"": ""{\""A\"": 0.011225020643631711, \""C\"": 0.013238397035668014, \""K\"": 0.03168681272820006, \""W\"": 0.011225020643631711}""}, {""fold_start"": 768, ""fold_end"": 896, ""active"": ""K+C+W+A"", ""rmse"": 0.010528858447921145, ""scores_json"": ""{\""A\"": 0.010528858447921145, \""C\"": 0.01317120729121673, \""K\"": 0.030744798815952736, \""W\"": 0.010586952973513109}""}]"
K_C_W_A,7,K+C+W+A,K+C+W+A,1,0,"[{""fold_start"": 512, ""fold_end"": 640, ""active"": ""K+C+W+A"", ""rmse"": 0.010140195772126367, ""scores_json"": ""{\""A\"": 0.010140195772126367, \""C\"": 0.012727920344073208, \""K\"": 0.028252224191716777, \""W\"": 0.010177665109263719}""}, {""fold_start"": 640, ""fold_end"": 768, ""active"": ""K+C+W+A"", ""rmse"": 0.010085249357450001, ""scores_json"": ""{\""A\"": 0.010085249357450001, \""C\"": 0.011728284394198664, \""K\"": 0.02709216095002094, \""W\"": 0.010126997802266523}""}, {""fold_start"": 768, ""fold_end"": 896, ""active"": ""K+C+W+A"", ""rmse"": 0.010392282273599032, ""scores_json"": ""{\""A\"": 0.010392282273599032, \""C\"": 0.01185808899920412, \""K\"": 0.027818415215586808, \""W\"": 0.010462759459369485}""}]"
K_C_W_A,8,K+C+W+A,K+C+W+A,1,0,"[{""fold_start"": 512, ""fold_end"": 640, ""active"": ""K+C+W+A"", ""rmse"": 0.009789792214707955, ""scores_json"": ""{\""A\"": 0.009789792214707955, \""C\"": 0.01269131964202796, \""K\"": 0.026467128194654334, \""W\"": 0.009811487111919428}""}, {""fold_start"": 640, ""fold_end"": 768, ""active"": ""K+C+W+A"", ""rmse"": 0.009687000923371995, ""scores_json"": ""{\""A\"": 0.009687000923371995, \""C\"": 0.01074198963530393, \""K\"": 0.026280531272762815, \""W\"": 0.009729094544063031}""}, {""fold_start"": 768, ""fold_end"": 896, ""active"": ""K+C+W"", ""rmse"": 0.010247354986878138, ""scores_json"": ""{\""A\"": 0.010247354986878138, \""C\"": 0.01385581712514015, \""K\"": 0.03151180722539618, \""W\"": 0.010247354986878138}""}]"
K_C_W_A,9,K+C+W+A,K+C+W+A,1,0,"[{""fold_start"": 512, ""fold_end"": 640, ""active"": ""K+C+W+A"", ""rmse"": 0.010489732753051057, ""scores_json"": ""{\""A\"": 0.010489732753051057, \""C\"": 0.013276145540636178, \""K\"": 0.03104621601351806, \""W\"": 0.010534047970158594}""}, {""fold_start"": 640, ""fold_end"": 768, ""active"": ""K+C+W+A"", ""rmse"": 0.010827000985442722, ""scores_json"": ""{\""A\"": 0.010827000985442722, \""C\"": 0.012730714706002257, \""K\"": 0.027333073246634153, \""W\"": 0.01087152525759207}""}, {""fold_start"": 768, ""fold_end"": 896, ""active"": ""K+C+W+A"", ""rmse"": 0.010423088082207616, ""scores_json"": ""{\""A\"": 0.010423088082207616, \""C\"": 0.013456636520199872, \""K\"": 0.03234676065477905, \""W\"": 0.010460431357378775}""}]"
K_C_W_A,10,K+C+W,K+C+W+A,0,0,"[{""fold_start"": 512, ""fold_end"": 640, ""active"": ""K+C+W"", ""rmse"": 0.008842873843891232, ""scores_json"": ""{\""A\"": 0.008842873843891232, \""C\"": 0.010789652360497915, \""K\"": 0.0245167659411733, \""W\"": 0.008842873843891232}""}, {""fold_start"": 640, ""fold_end"": 768, ""active"": ""K+C+W"", ""rmse"": 0.010344257514058219, ""scores_json"": ""{\""A\"": 0.010344257514058219, \""C\"": 0.01269067021781075, \""K\"": 0.028501772208130615, \""W\"": 0.010344257514058219}""}, {""fold_start"": 768, ""fold_end"": 896, ""active"": ""K+C+W+A"", ""rmse"": 0.008723514510970521, ""scores_json"": ""{\""A\"": 0.008723514510970521, \""C\"": 0.0116247614756785, \""K\"": 0.02790541741817725, \""W\"": 0.008763559750990095}""}]"
K_C_W_A,11,K+C+W,K+C+W+A,0,0,"[{""fold_start"": 512, ""fold_end"": 640, ""active"": ""K+C+W"", ""rmse"": 0.011037157829938249, ""scores_json"": ""{\""A\"": 0.011037157829938249, \""C\"": 0.01260683380398645, \""K\"": 0.02928033954564015, \""W\"": 0.011037157829938249}""}, {""fold_start"": 640, ""fold_end"": 768, ""active"": ""K+C+W+A"", ""rmse"": 0.010580369496769115, ""scores_json"": ""{\""A\"": 0.010580369496769115, \""C\"": 0.012410127750136028, \""K\"": 0.026662660274900597, \""W\"": 0.010595399277905274}""}, {""fold_start"": 768, ""fold_end"": 896, ""active"": ""K+C+W+A"", ""rmse"": 0.01107142269394972, ""scores_json"": ""{\""A\"": 0.01107142269394972, \""C\"": 0.014352139938385945, \""K\"": 0.030770336123312796, \""W\"": 0.011085365309486912}""}]"
K_C_W_A,12,K+C+W+A,K+C+W+A,1,0,"[{""fold_start"": 512, ""fold_end"": 640, ""active"": ""K+C+W+A"", ""rmse"": 0.009799869589182766, ""scores_json"": ""{\""A\"": 0.009799869589182766, \""C\"": 0.01236116051353995, \""K\"": 0.02791591977547814, \""W\"": 0.009850652294513361}""}, {""fold_start"": 640, ""fold_end"": 768, ""active"": ""K+C+W"", ""rmse"": 0.010096757332769431, ""scores_json"": ""{\""A\"": 0.010096757332769431, \""C\"": 0.011917936109578595, \""K\"": 0.02885109454628769, \""W\"": 0.010096757332769431}""}, {""fold_start"": 768, ""fold_end"": 896, ""active"": ""K+C+W+A"", ""rmse"": 0.011272787675922023, ""scores_json"": ""{\""A\"": 0.011272787675922023, \""C\"": 0.014034134172555106, \""K\"": 0.03407496707635709, \""W\"": 0.011319148776927513}""}]"
K_C_W_A,13,K+C+W+A,K+C+W+A,1,0,"[{""fold_start"": 512, ""fold_end"": 640, ""active"": ""K+C+W+A"", ""rmse"": 0.009609750924009135, ""scores_json"": ""{\""A\"": 0.009609750924009135, \""C\"": 0.011497418278784742, \""K\"": 0.02695270345196805, \""W\"": 0.009624542702495666}""}, {""fold_start"": 640, ""fold_end"": 768, ""active"": ""K+C+W+A"", ""rmse"": 0.009200159421407107, ""scores_json"": ""{\""A\"": 0.009200159421407107, \""C\"": 0.010775982501267383, \""K\"": 0.026073365716654365, \""W\"": 0.009220718803727344}""}, {""fold_start"": 768, ""fold_end"": 896, ""active"": ""K+C+W+A"", ""rmse"": 0.010503751460442912, ""scores_json"": ""{\""A\"": 0.010503751460442912, \""C\"": 0.012980335475993175, \""K\"": 0.031390676406097925, \""W\"": 0.010580714273848213}""}]"
K_C_W_A,14,K+C+W,K+C+W+A,0,0,"[{""fold_start"": 512, ""fold_end"": 640, ""active"": ""K+C+W"", ""rmse"": 0.010262883489231578, ""scores_json"": ""{\""A\"": 0.010262883489231578, \""C\"": 0.012883001861205706, \""K\"": 0.02945022159026001, \""W\"": 0.010262883489231578}""}, {""fold_start"": 640, ""fold_end"": 768, ""active"": ""K+C+W+A"", ""rmse"": 0.010532761331692621, ""scores_json"": ""{\""A\"": 0.010532761331692621, \""C\"": 0.012439274961543094, \""K\"": 0.027036848139025682, \""W\"": 0.010648385557935703}""}, {""fold_start"": 768, ""fold_end"": 896, ""active"": ""K+C+W+A"", ""rmse"": 0.01085703520220683, ""scores_json"": ""{\""A\"": 0.01085703520220683, \""C\"": 0.013960328201351017, \""K\"": 0.029903559178341407, \""W\"": 0.01100000566068453}""}]"
K_C_W_A,15,K+C+W+A,K+C+W+A,1,0,"[{""fold_start"": 512, ""fold_end"": 640, ""active"": ""K+C+W+A"", ""rmse"": 0.01009454407375741, ""scores_json"": ""{\""A\"": 0.01009454407375741, \""C\"": 0.01296146151618565, \""K\"": 0.028052318854237514, \""W\"": 0.010105309024711424}""}, {""fold_start"": 640, ""fold_end"": 768, ""active"": ""K+C+W+A"", ""rmse"": 0.009779168404305033, ""scores_json"": ""{\""A\"": 0.009779168404305033, \""C\"": 0.010391833952006097, \""K\"": 0.026101205181065203, \""W\"": 0.009795960285408493}""}, {""fold_start"": 768, ""fold_end"": 896, ""active"": ""K+C+W"", ""rmse"": 0.011926171004147905, ""scores_json"": ""{\""A\"": 0.011926171004147905, \""C\"": 0.014768624472448878, \""K\"": 0.03422868943951896, \""W\"": 0.011926171004147905}""}]"
K_C_W_A,16,K+C+W+A,K+C+W+A,1,0,"[{""fold_start"": 512, ""fold_end"": 640, ""active"": ""K+C+W+A"", ""rmse"": 0.010801317916831839, ""scores_json"": ""{\""A\"": 0.010801317916831839, \""C\"": 0.012404279186377343, \""K\"": 0.027327296716516354, \""W\"": 0.010898293362028928}""}, {""fold_start"": 640, ""fold_end"": 768, ""active"": ""K+C+W"", ""rmse"": 0.01074034014362239, ""scores_json"": ""{\""A\"": 0.01074034014362239, \""C\"": 0.012410409058464555, \""K\"": 0.028068118466108103, \""W\"": 0.01074034014362239}""}, {""fold_start"": 768, ""fold_end"": 896, ""active"": ""K+C+W"", ""rmse"": 0.008923853901864138, ""scores_json"": ""{\""A\"": 0.008923853901864138, \""C\"": 0.011517630390069492, \""K\"": 0.02767386135181813, \""W\"": 0.008923853901864138}""}]"
K_C_W_A,17,K+C+W,K+C+W+A,0,0,"[{""fold_start"": 512, ""fold_end"": 640, ""active"": ""K+C+W"", ""rmse"": 0.009790212466409246, ""scores_json"": ""{\""A\"": 0.009790212466409246, \""C\"": 0.01180755638649019, \""K\"": 0.02824619271778514, \""W\"": 0.009790212466409246}""}, {""fold_start"": 640, ""fold_end"": 768, ""active"": ""K+C+W+A"", ""rmse"": 0.010978098942261596, ""scores_json"": ""{\""A\"": 0.010978098942261596, \""C\"": 0.012200792351037786, \""K\"": 0.02873667217755293, \""W\"": 0.011040994042777919}""}, {""fold_start"": 768, ""fold_end"": 896, ""active"": ""K+C+W"", ""rmse"": 0.009727238591223661, ""scores_json"": ""{\""A\"": 0.009727238591223661, \""C\"": 0.013299313661256893, \""K\"": 0.029145945261973102, \""W\"": 0.009727238591223661}""}]"
K_C_W_A,18,K+C+W+A,K+C+W+A,1,0,"[{""fold_start"": 512, ""fold_end"": 640, ""active"": ""K+C+W+A"", ""rmse"": 0.011000167078510679, ""scores_json"": ""{\""A\"": 0.011000167078510679, \""C\"": 0.013124849574687234, \""K\"": 0.031629657593941395, \""W\"": 0.011037967522418882}""}, {""fold_start"": 640, ""fold_end"": 768, ""active"": ""K+C+W"", ""rmse"": 0.01059640266252556, ""scores_json"": ""{\""A\"": 0.01059640266252556, \""C\"": 0.012611605158776809, \""K\"": 0.027509339292730934, \""W\"": 0.01059640266252556}""}, {""fold_start"": 768, ""fold_end"": 896, ""active"": ""K+C+W"", ""rmse"": 0.010729380047927273, ""scores_json"": ""{\""A\"": 0.010729380047927273, \""C\"": 0.012543112829912478, \""K\"": 0.03001829476696953, \""W\"": 0.010729380047927273}""}]"
K_C_W_A,19,K+C+W,K+C+W+A,0,0,"[{""fold_start"": 512, ""fold_end"": 640, ""active"": ""K+C+W"", ""rmse"": 0.00973973945586369, ""scores_json"": ""{\""A\"": 0.00973973945586369, \""C\"": 0.012388841188337994, \""K\"": 0.0297346065586233, \""W\"": 0.00973973945586369}""}, {""fold_start"": 640, ""fold_end"": 768, ""active"": ""K+C+W+A"", ""rmse"": 0.010209840508841453, ""scores_json"": ""{\""A\"": 0.010209840508841453, \""C\"": 0.01203582774526198, \""K\"": 0.0269630223835753, \""W\"": 0.01025743148807119}""}, {""fold_start"": 768, ""fold_end"": 896, ""active"": ""K+C+W+A"", ""rmse"": 0.01161392021441292, ""scores_json"": ""{\""A\"": 0.01161392021441292, \""C\"": 0.01441263762633625, \""K\"": 0.03214046827082988, \""W\"": 0.01164368176503753}""}]"
K_C_W_A,20,K+C+W,K+C+W+A,0,0,"[{""fold_start"": 512, ""fold_end"": 640, ""active"": ""K+C+W"", ""rmse"": 0.010642070915802848, ""scores_json"": ""{\""A\"": 0.010642070915802848, \""C\"": 0.012280272962014237, \""K\"": 0.030792940004945084, \""W\"": 0.010642070915802848}""}, {""fold_start"": 640, ""fold_end"": 768, ""active"": ""K+C+W+A"", ""rmse"": 0.010984957546158688, ""scores_json"": ""{\""A\"": 0.010984957546158688, \""C\"": 0.012463343069581476, \""K\"": 0.02995003396340294, \""W\"": 0.010991919067962383}""}, {""fold_start"": 768, ""fold_end"": 896, ""active"": ""K+C+W+A"", ""rmse"": 0.010860276673990098, ""scores_json"": ""{\""A\"": 0.010860276673990098, \""C\"": 0.013494447004475711, \""K\"": 0.0309434788286123, \""W\"": 0.010919055702526036}""}]"
K_C_W_A,21,K+C+W,K+C+W+A,0,0,"[{""fold_start"": 512, ""fold_end"": 640, ""active"": ""K+C+W"", ""rmse"": 0.010778718078770394, ""scores_json"": ""{\""A\"": 0.010778718078770394, \""C\"": 0.012597814444895251, \""K\"": 0.030818998381054882, \""W\"": 0.010778718078770394}""}, {""fold_start"": 640, ""fold_end"": 768, ""active"": ""K+C+W"", ""rmse"": 0.009966101855985995, ""scores_json"": ""{\""A\"": 0.009966101855985995, \""C\"": 0.012537278251000771, \""K\"": 0.026067634423683417, \""W\"": 0.009966101855985995}""}, {""fold_start"": 768, ""fold_end"": 896, ""active"": ""K+C+W+A"", ""rmse"": 0.010831578867335361, ""scores_json"": ""{\""A\"": 0.010831578867335361, \""C\"": 0.013909690500920667, \""K\"": 0.029292967372135364, \""W\"": 0.010908599574271868}""}]"
K_C_W_A,22,K+C+W+A,K+C+W+A,1,0,"[{""fold_start"": 512, ""fold_end"": 640, ""active"": ""K+C+W+A"", ""rmse"": 0.00967753877711816, ""scores_json"": ""{\""A\"": 0.00967753877711816, \""C\"": 0.012377493461037257, \""K\"": 0.028013387572774055, \""W\"": 0.009705960873499852}""}, {""fold_start"": 640, ""fold_end"": 768, ""active"": ""K+C+W+A"", ""rmse"": 0.009678123442139594, ""scores_json"": ""{\""A\"": 0.009678123442139594, \""C\"": 0.011033964131317084, \""K\"": 0.025851138909038188, \""W\"": 0.009692090301626153}""}, {""fold_start"": 768, ""fold_end"": 896, ""active"": ""K+C+W"", ""rmse"": 0.011060911439882968, ""scores_json"": ""{\""A\"": 0.011060911439882968, \""C\"": 0.014771070045446406, \""K\"": 0.03311185590801825, \""W\"": 0.011060911439882968}""}]"
K_C_W_A,23,K+C+W+A,K+C+W+A,1,0,"[{""fold_start"": 512, ""fold_end"": 640, ""active"": ""K+C+W+A"", ""rmse"": 0.01003172202104842, ""scores_json"": ""{\""A\"": 0.01003172202104842, \""C\"": 0.011819782447622483, \""K\"": 0.030545740871909983, \""W\"": 0.010045971275926786}""}, {""fold_start"": 640, ""fold_end"": 768, ""active"": ""K+C+W+A"", ""rmse"": 0.011098644255586055, ""scores_json"": ""{\""A\"": 0.011098644255586055, \""C\"": 0.012265975240143607, \""K\"": 0.03001088485766131, \""W\"": 0.011134988395904488}""}, {""fold_start"": 768, ""fold_end"": 896, ""active"": ""K+C+W"", ""rmse"": 0.010149216692073162, ""scores_json"": ""{\""A\"": 0.010149216692073162, \""C\"": 0.012963774847851514, \""K\"": 0.031075746726673965, \""W\"": 0.010149216692073162}""}]"
K_C_W_A,24,K+C+W+A,K+C+W+A,1,0,"[{""fold_start"": 512, ""fold_end"": 640, ""active"": ""K+C+W+A"", ""rmse"": 0.010462624619492976, ""scores_json"": ""{\""A\"": 0.010462624619492976, \""C\"": 0.012687542849013888, \""K\"": 0.029663658034940373, \""W\"": 0.010509729085254382}""}, {""fold_start"": 640, ""fold_end"": 768, ""active"": ""K+C+W+A"", ""rmse"": 0.010300663463691344, ""scores_json"": ""{\""A\"": 0.010300663463691344, \""C\"": 0.012272676525534923, \""K\"": 0.028003891134735368, \""W\"": 0.010360140956548327}""}, {""fold_start"": 768, ""fold_end"": 896, ""active"": ""K+C+W+A"", ""rmse"": 0.011658735296415193, ""scores_json"": ""{\""A\"": 0.011658735296415193, \""C\"": 0.015061129833180564, \""K\"": 0.03304178718596232, \""W\"": 0.011702907963707687}""}]"
K_C_W_A,25,K+C+W,K+C+W+A,0,0,"[{""fold_start"": 512, ""fold_end"": 640, ""active"": ""K+C+W"", ""rmse"": 0.009077164059439976, ""scores_json"": ""{\""A\"": 0.009077164059439976, \""C\"": 0.011278837558193474, \""K\"": 0.025628247085197717, \""W\"": 0.009077164059439976}""}, {""fold_start"": 640, ""fold_end"": 768, ""active"": ""K+C+W+A"", ""rmse"": 0.010592764099789959, ""scores_json"": ""{\""A\"": 0.010592764099789959, \""C\"": 0.012203125485853592, \""K\"": 0.02913395796849224, \""W\"": 0.01059776445521444}""}, {""fold_start"": 768, ""fold_end"": 896, ""active"": ""K+C+W"", ""rmse"": 0.010938129680851819, ""scores_json"": ""{\""A\"": 0.010938129680851819, \""C\"": 0.014228596119737117, \""K\"": 0.031894872794796095, \""W\"": 0.010938129680851819}""}]"
K_C_W_A,26,K+C+W+A,K+C+W+A,1,0,"[{""fold_start"": 512, ""fold_end"": 640, ""active"": ""K+C+W+A"", ""rmse"": 0.010423786039334228, ""scores_json"": ""{\""A\"": 0.010423786039334228, \""C\"": 0.012799538933716059, \""K\"": 0.03048045142685295, \""W\"": 0.010443487056761494}""}, {""fold_start"": 640, ""fold_end"": 768, ""active"": ""K+C+W+A"", ""rmse"": 0.010556932102912057, ""scores_json"": ""{\""A\"": 0.010556932102912057, \""C\"": 0.011451370249075091, \""K\"": 0.026969376602912525, \""W\"": 0.010594717687680635}""}, {""fold_start"": 768, ""fold_end"": 896, ""active"": ""K+C+W+A"", ""rmse"": 0.010127338907854834, ""scores_json"": ""{\""A\"": 0.010127338907854834, \""C\"": 0.013164043402033247, \""K\"": 0.03182720696853978, \""W\"": 0.010146821250023799}""}]"
K_C_W_A,27,K+C+W,K+C+W+A,0,0,"[{""fold_start"": 512, ""fold_end"": 640, ""active"": ""K+C+W"", ""rmse"": 0.011249574150657271, ""scores_json"": ""{\""A\"": 0.011249574150657271, \""C\"": 0.013430858466817415, \""K\"": 0.03240989154816441, \""W\"": 0.011249574150657271}""}, {""fold_start"": 640, ""fold_end"": 768, ""active"": ""K+C+W"", ""rmse"": 0.012295718433330877, ""scores_json"": ""{\""A\"": 0.012295718433330877, \""C\"": 0.014348477017233076, \""K\"": 0.031564507660250256, \""W\"": 0.012295718433330877}""}, {""fold_start"": 768, ""fold_end"": 896, ""active"": ""K+C+W+A"", ""rmse"": 0.010341817739798243, ""scores_json"": ""{\""A\"": 0.010341817739798243, \""C\"": 0.013227396362739199, \""K\"": 0.02903192725426102, \""W\"": 0.010373274972139992}""}]"
K_C_W_A,28,K+C+W,K+C+W+A,0,0,"[{""fold_start"": 512, ""fold_end"": 640, ""active"": ""K+C+W"", ""rmse"": 0.009708100692559946, ""scores_json"": ""{\""A\"": 0.009708100692559946, \""C\"": 0.012180390096273523, \""K\"": 0.026944985133037145, \""W\"": 0.009708100692559946}""}, {""fold_start"": 640, ""fold_end"": 768, ""active"": ""K+C+W+A"", ""rmse"": 0.009616203073282018, ""scores_json"": ""{\""A\"": 0.009616203073282018, \""C\"": 0.012230175672221968, \""K\"": 0.025200191282439617, \""W\"": 0.00963366189230237}""}, {""fold_start"": 768, ""fold_end"": 896, ""active"": ""K+C+W+A"", ""rmse"": 0.010855008874394764, ""scores_json"": ""{\""A\"": 0.010855008874394764, \""C\"": 0.01462796385273608, \""K\"": 0.032030240022765784, \""W\"": 0.010870793893208833}""}]"
K_C_W_A,29,K+C+W,K+C+W+A,0,0,"[{""fold_start"": 512, ""fold_end"": 640, ""active"": ""K+C+W"", ""rmse"": 0.010932305227194931, ""scores_json"": ""{\""A\"": 0.010932305227194931, \""C\"": 0.012779195730964013, \""K\"": 0.03131453824318254, \""W\"": 0.010932305227194931}""}, {""fold_start"": 640, ""fold_end"": 768, ""active"": ""K+C+W"", ""rmse"": 0.008902134032873913, ""scores_json"": ""{\""A\"": 0.008902134032873913, \""C\"": 0.010203631394612816, \""K\"": 0.024460526417104087, \""W\"": 0.008902134032873913}""}, {""fold_start"": 768, ""fold_end"": 896, ""active"": ""K+C+W"", ""rmse"": 0.010460671879976376, ""scores_json"": ""{\""A\"": 0.010460671879976376, \""C\"": 0.012534583506908108, \""K\"": 0.02976219874687304, \""W\"": 0.010460671879976376}""}]"
NULL,0,K+C+A,K,0,1,"[{""fold_start"": 512, ""fold_end"": 640, ""active"": ""K+C+A"", ""rmse"": 0.010368225657692959, ""scores_json"": ""{\""A\"": 0.010368225657692959, \""C\"": 0.010376644721531277, \""K\"": 0.010420465532197424, \""W\"": 0.010376644721531277}""}, {""fold_start"": 640, ""fold_end"": 768, ""active"": ""K"", ""rmse"": 0.010836025633133503, ""scores_json"": ""{\""A\"": 0.010836025633133503, \""C\"": 0.010836025633133503, \""K\"": 0.010836025633133503, \""W\"": 0.010836025633133503}""}, {""fold_start"": 768, ""fold_end"": 896, ""active"": ""K+A"", ""rmse"": 0.009100907320235429, ""scores_json"": ""{\""A\"": 0.009100907320235429, \""C\"": 0.00910826054823349, \""K\"": 0.00910826054823349, \""W\"": 0.00910826054823349}""}]"
NULL,1,K,K,1,0,"[{""fold_start"": 512, ""fold_end"": 640, ""active"": ""K"", ""rmse"": 0.0092587138479356, ""scores_json"": ""{\""A\"": 0.0092587138479356, \""C\"": 0.0092587138479356, \""K\"": 0.0092587138479356, \""W\"": 0.0092587138479356}""}, {""fold_start"": 640, ""fold_end"": 768, ""active"": ""K"", ""rmse"": 0.010849441983048588, ""scores_json"": ""{\""A\"": 0.010849441983048588, \""C\"": 0.010849441983048588, \""K\"": 0.010849441983048588, \""W\"": 0.010849441983048588}""}, {""fold_start"": 768, ""fold_end"": 896, ""active"": ""K"", ""rmse"": 0.00993210675651931, ""scores_json"": ""{\""A\"": 0.00993210675651931, \""C\"": 0.00993210675651931, \""K\"": 0.00993210675651931, \""W\"": 0.00993210675651931}""}]"
NULL,2,K,K,1,0,"[{""fold_start"": 512, ""fold_end"": 640, ""active"": ""K"", ""rmse"": 0.010384419452183205, ""scores_json"": ""{\""A\"": 0.010384419452183205, \""C\"": 0.010384419452183205, \""K\"": 0.010384419452183205, \""W\"": 0.010384419452183205}""}, {""fold_start"": 640, ""fold_end"": 768, ""active"": ""K"", ""rmse"": 0.00816483288678584, ""scores_json"": ""{\""A\"": 0.00816483288678584, \""C\"": 0.00816483288678584, \""K\"": 0.00816483288678584, \""W\"": 0.00816483288678584}""}, {""fold_start"": 768, ""fold_end"": 896, ""active"": ""K"", ""rmse"": 0.009958636935087598, ""scores_json"": ""{\""A\"": 0.009958636935087598, \""C\"": 0.009958636935087598, \""K\"": 0.009958636935087598, \""W\"": 0.009958636935087598}""}]"
NULL,3,K,K,1,0,"[{""fold_start"": 512, ""fold_end"": 640, ""active"": ""K"", ""rmse"": 0.010871043851612985, ""scores_json"": ""{\""A\"": 0.010871043851612985, \""C\"": 0.010871043851612985, \""K\"": 0.010871043851612985, \""W\"": 0.010871043851612985}""}, {""fold_start"": 640, ""fold_end"": 768, ""active"": ""K"", ""rmse"": 0.010101124824271907, ""scores_json"": ""{\""A\"": 0.010101124824271907, \""C\"": 0.010101124824271907, \""K\"": 0.010101124824271907, \""W\"": 0.010101124824271907}""}, {""fold_start"": 768, ""fold_end"": 896, ""active"": ""K"", ""rmse"": 0.009089226666021669, ""scores_json"": ""{\""A\"": 0.009089226666021669, \""C\"": 0.009089226666021669, \""K\"": 0.009089226666021669, \""W\"": 0.009089226666021669}""}]"
NULL,4,K,K,1,0,"[{""fold_start"": 512, ""fold_end"": 640, ""active"": ""K"", ""rmse"": 0.00966535104882803, ""scores_json"": ""{\""A\"": 0.00966535104882803, \""C\"": 0.00966535104882803, \""K\"": 0.00966535104882803, \""W\"": 0.00966535104882803}""}, {""fold_start"": 640, ""fold_end"": 768, ""active"": ""K+C"", ""rmse"": 0.008673896190215157, ""scores_json"": ""{\""A\"": 0.008673896190215157, \""C\"": 0.008673896190215157, \""K\"": 0.008710784635278579, \""W\"": 0.008673896190215157}""}, {""fold_start"": 768, ""fold_end"": 896, ""active"": ""K+C+W+A"", ""rmse"": 0.009941189815903976, ""scores_json"": ""{\""A\"": 0.009941189815903976, \""C\"": 0.00998857727055798, \""K\"": 0.010012240319145792, \""W\"": 0.00994750684985187}""}]"
NULL,5,K+C,K,0,1,"[{""fold_start"": 512, ""fold_end"": 640, ""active"": ""K+C"", ""rmse"": 0.010743815269064531, ""scores_json"": ""{\""A\"": 0.010743815269064531, \""C\"": 0.010743815269064531, \""K\"": 0.010749334221671103, \""W\"": 0.010743815269064531}""}, {""fold_start"": 640, ""fold_end"": 768, ""active"": ""K+C+W"", ""rmse"": 0.008910260459628826, ""scores_json"": ""{\""A\"": 0.008910260459628826, \""C\"": 0.00905928563956468, \""K\"": 0.009108850221637982, \""W\"": 0.008910260459628826}""}, {""fold_start"": 768, ""fold_end"": 896, ""active"": ""K+C"", ""rmse"": 0.010385925123410994, ""scores_json"": ""{\""A\"": 0.010385925123410994, \""C\"": 0.010385925123410994, \""K\"": 0.010483239349020776, \""W\"": 0.010385925123410994}""}]"
NULL,6,K+C+W,K,0,1,"[{""fold_start"": 512, ""fold_end"": 640, ""active"": ""K+C+W"", ""rmse"": 0.009311197081719048, ""scores_json"": ""{\""A\"": 0.009311197081719048, \""C\"": 0.009331782998517805, \""K\"": 0.00933183519070335, \""W\"": 0.009311197081719048}""}, {""fold_start"": 640, ""fold_end"": 768, ""active"": ""K"", ""rmse"": 0.011122748502390471, ""scores_json"": ""{\""A\"": 0.011122748502390471, \""C\"": 0.011122748502390471, \""K\"": 0.011122748502390471, \""W\"": 0.011122748502390471}""}, {""fold_start"": 768, ""fold_end"": 896, ""active"": ""K+C"", ""rmse"": 0.010021524425524318, ""scores_json"": ""{\""A\"": 0.010021524425524318, \""C\"": 0.010021524425524318, \""K\"": 0.010053843333451117, \""W\"": 0.010021524425524318}""}]"
NULL,7,K,K,1,0,"[{""fold_start"": 512, ""fold_end"": 640, ""active"": ""K"", ""rmse"": 0.009921524901175177, ""scores_json"": ""{\""A\"": 0.009921524901175177, \""C\"": 0.009921524901175177, \""K\"": 0.009921524901175177, \""W\"": 0.009921524901175177}""}, {""fold_start"": 640, ""fold_end"": 768, ""active"": ""K+C"", ""rmse"": 0.009897124703746462, ""scores_json"": ""{\""A\"": 0.009897124703746462, \""C\"": 0.009897124703746462, \""K\"": 0.009907830431227513, \""W\"": 0.009897124703746462}""}, {""fold_start"": 768, ""fold_end"": 896, ""active"": ""K+C+A"", ""rmse"": 0.009810914350236346, ""scores_json"": ""{\""A\"": 0.009810914350236346, \""C\"": 0.00982101972176684, \""K\"": 0.009828447917830815, \""W\"": 0.00982101972176684}""}]"
NULL,8,K+C,K,0,1,"[{""fold_start"": 512, ""fold_end"": 640, ""active"": ""K+C"", ""rmse"": 0.009779581725104094, ""scores_json"": ""{\""A\"": 0.009779581725104094, \""C\"": 0.009779581725104094, \""K\"": 0.009804970988379876, \""W\"": 0.009779581725104094}""}, {""fold_start"": 640, ""fold_end"": 768, ""active"": ""K+C+W+A"", ""rmse"": 0.009252026829883266, ""scores_json"": ""{\""A\"": 0.009252026829883266, \""C\"": 0.009278499404507062, \""K\"": 0.009304123341901317, \""W\"": 0.00926122295506538}""}, {""fold_start"": 768, ""fold_end"": 896, ""active"": ""K+C"", ""rmse"": 0.010009951699862567, ""scores_json"": ""{\""A\"": 0.010009951699862567, \""C\"": 0.010009951699862567, \""K\"": 0.010057649075804668, \""W\"": 0.010009951699862567}""}]"
NULL,9,K,K,1,0,"[{""fold_start"": 512, ""fold_end"": 640, ""active"": ""K"", ""rmse"": 0.01025450828131261, ""scores_json"": ""{\""A\"": 0.01025450828131261, \""C\"": 0.01025450828131261, \""K\"": 0.01025450828131261, \""W\"": 0.01025450828131261}""}, {""fold_start"": 640, ""fold_end"": 768, ""active"": ""K"", ""rmse"": 0.010700635329285528, ""scores_json"": ""{\""A\"": 0.010700635329285528, \""C\"": 0.010700635329285528, \""K\"": 0.010700635329285528, \""W\"": 0.010700635329285528}""}, {""fold_start"": 768, ""fold_end"": 896, ""active"": ""K"", ""rmse"": 0.01019048709019025, ""scores_json"": ""{\""A\"": 0.01019048709019025, \""C\"": 0.01019048709019025, \""K\"": 0.01019048709019025, \""W\"": 0.01019048709019025}""}]"
NULL,10,K,K,1,0,"[{""fold_start"": 512, ""fold_end"": 640, ""active"": ""K"", ""rmse"": 0.008770990079226678, ""scores_json"": ""{\""A\"": 0.008770990079226678, \""C\"": 0.008770990079226678, \""K\"": 0.008770990079226678, \""W\"": 0.008770990079226678}""}, {""fold_start"": 640, ""fold_end"": 768, ""active"": ""K+C+W"", ""rmse"": 0.010124109287592163, ""scores_json"": ""{\""A\"": 0.010124109287592163, \""C\"": 0.010166375184589746, \""K\"": 0.010215120485829145, \""W\"": 0.010124109287592163}""}, {""fold_start"": 768, ""fold_end"": 896, ""active"": ""K"", ""rmse"": 0.008918220048995059, ""scores_json"": ""{\""A\"": 0.008918220048995059, \""C\"": 0.008918220048995059, \""K\"": 0.008918220048995059, \""W\"": 0.008918220048995059}""}]"
NULL,11,K,K,1,0,"[{""fold_start"": 512, ""fold_end"": 640, ""active"": ""K"", ""rmse"": 0.011035783366223956, ""scores_json"": ""{\""A\"": 0.011035783366223956, \""C\"": 0.011035783366223956, \""K\"": 0.011035783366223956, \""W\"": 0.011035783366223956}""}, {""fold_start"": 640, ""fold_end"": 768, ""active"": ""K"", ""rmse"": 0.010190542568645166, ""scores_json"": ""{\""A\"": 0.010190542568645166, \""C\"": 0.010190542568645166, \""K\"": 0.010190542568645166, \""W\"": 0.010190542568645166}""}, {""fold_start"": 768, ""fold_end"": 896, ""active"": ""K"", ""rmse"": 0.010941715566711434, ""scores_json"": ""{\""A\"": 0.010941715566711434, \""C\"": 0.010941715566711434, \""K\"": 0.010941715566711434, \""W\"": 0.010941715566711434}""}]"
NULL,12,K+C+A,K,0,1,"[{""fold_start"": 512, ""fold_end"": 640, ""active"": ""K+C+A"", ""rmse"": 0.00984508688420783, ""scores_json"": ""{\""A\"": 0.00984508688420783, \""C\"": 0.009874533034415458, \""K\"": 0.009941313731356968, \""W\"": 0.009874533034415458}""}, {""fold_start"": 640, ""fold_end"": 768, ""active"": ""K+C"", ""rmse"": 0.010050127460954973, ""scores_json"": ""{\""A\"": 0.010050127460954973, \""C\"": 0.010050127460954973, \""K\"": 0.01008054932278264, \""W\"": 0.010050127460954973}""}, {""fold_start"": 768, ""fold_end"": 896, ""active"": ""K"", ""rmse"": 0.01071426607822315, ""scores_json"": ""{\""A\"": 0.01071426607822315, \""C\"": 0.01071426607822315, \""K\"": 0.01071426607822315, \""W\"": 0.01071426607822315}""}]"
NULL,13,K,K,1,0,"[{""fold_start"": 512, ""fold_end"": 640, ""active"": ""K"", ""rmse"": 0.00939592675276748, ""scores_json"": ""{\""A\"": 0.00939592675276748, \""C\"": 0.00939592675276748, \""K\"": 0.00939592675276748, \""W\"": 0.00939592675276748}""}, {""fold_start"": 640, ""fold_end"": 768, ""active"": ""K"", ""rmse"": 0.008930722152626188, ""scores_json"": ""{\""A\"": 0.008930722152626188, \""C\"": 0.008930722152626188, \""K\"": 0.008930722152626188, \""W\"": 0.008930722152626188}""}, {""fold_start"": 768, ""fold_end"": 896, ""active"": ""K+C+W+A"", ""rmse"": 0.00985884255775708, ""scores_json"": ""{\""A\"": 0.00985884255775708, \""C\"": 0.009941301086335995, \""K\"": 0.009966144163137437, \""W\"": 0.00986374898681381}""}]"
NULL,14,K,K,1,0,"[{""fold_start"": 512, ""fold_end"": 640, ""active"": ""K"", ""rmse"": 0.010257224230033543, ""scores_json"": ""{\""A\"": 0.010257224230033543, \""C\"": 0.010257224230033543, \""K\"": 0.010257224230033543, \""W\"": 0.010257224230033543}""}, {""fold_start"": 640, ""fold_end"": 768, ""active"": ""K"", ""rmse"": 0.010310986400481302, ""scores_json"": ""{\""A\"": 0.010310986400481302, \""C\"": 0.010310986400481302, \""K\"": 0.010310986400481302, \""W\"": 0.010310986400481302}""}, {""fold_start"": 768, ""fold_end"": 896, ""active"": ""K+A"", ""rmse"": 0.010961664784304328, ""scores_json"": ""{\""A\"": 0.010961664784304328, \""C\"": 0.011003677943945238, \""K\"": 0.011003677943945238, \""W\"": 0.011003677943945238}""}]"
NULL,15,K,K,1,0,"[{""fold_start"": 512, ""fold_end"": 640, ""active"": ""K"", ""rmse"": 0.009926724863006234, ""scores_json"": ""{\""A\"": 0.009926724863006234, \""C\"": 0.009926724863006234, \""K\"": 0.009926724863006234, \""W\"": 0.009926724863006234}""}, {""fold_start"": 640, ""fold_end"": 768, ""active"": ""K+W"", ""rmse"": 0.009089758906617413, ""scores_json"": ""{\""A\"": 0.009089758906617413, \""C\"": 0.00912849809946121, \""K\"": 0.00912849809946121, \""W\"": 0.009089758906617413}""}, {""fold_start"": 768, ""fold_end"": 896, ""active"": ""K"", ""rmse"": 0.011534267736639401, ""scores_json"": ""{\""A\"": 0.011534267736639401, \""C\"": 0.011534267736639401, \""K\"": 0.011534267736639401, \""W\"": 0.011534267736639401}""}]"
NULL,16,K+W+A,K,0,1,"[{""fold_start"": 512, ""fold_end"": 640, ""active"": ""K+W+A"", ""rmse"": 0.010328496115043674, ""scores_json"": ""{\""A\"": 0.010328496115043674, \""C\"": 0.010339667926573816, \""K\"": 0.010339667926573816, \""W\"": 0.010336860011771695}""}, {""fold_start"": 640, ""fold_end"": 768, ""active"": ""K"", ""rmse"": 0.010432108644349016, ""scores_json"": ""{\""A\"": 0.010432108644349016, \""C\"": 0.010432108644349016, \""K\"": 0.010432108644349016, \""W\"": 0.010432108644349016}""}, {""fold_start"": 768, ""fold_end"": 896, ""active"": ""K"", ""rmse"": 0.00839846884853122, ""scores_json"": ""{\""A\"": 0.00839846884853122, \""C\"": 0.00839846884853122, \""K\"": 0.00839846884853122, \""W\"": 0.00839846884853122}""}]"
NULL,17,K,K,1,0,"[{""fold_start"": 512, ""fold_end"": 640, ""active"": ""K"", ""rmse"": 0.009806168370936147, ""scores_json"": ""{\""A\"": 0.009806168370936147, \""C\"": 0.009806168370936147, \""K\"": 0.009806168370936147, \""W\"": 0.009806168370936147}""}, {""fold_start"": 640, ""fold_end"": 768, ""active"": ""K"", ""rmse"": 0.010477683691397866, ""scores_json"": ""{\""A\"": 0.010477683691397866, \""C\"": 0.010477683691397866, \""K\"": 0.010477683691397866, \""W\"": 0.010477683691397866}""}, {""fold_start"": 768, ""fold_end"": 896, ""active"": ""K+C"", ""rmse"": 0.00950805321260424, ""scores_json"": ""{\""A\"": 0.00950805321260424, \""C\"": 0.00950805321260424, \""K\"": 0.009533132535720166, \""W\"": 0.00950805321260424}""}]"
NULL,18,K+C+W,K,0,1,"[{""fold_start"": 512, ""fold_end"": 640, ""active"": ""K+C+W"", ""rmse"": 0.010951577380065473, ""scores_json"": ""{\""A\"": 0.010951577380065473, \""C\"": 0.010970823051881034, \""K\"": 0.011018744245925537, \""W\"": 0.010951577380065473}""}, {""fold_start"": 640, ""fold_end"": 768, ""active"": ""K+C"", ""rmse"": 0.010158474559067031, ""scores_json"": ""{\""A\"": 0.010158474559067031, \""C\"": 0.010158474559067031, \""K\"": 0.010196543493144888, \""W\"": 0.010158474559067031}""}, {""fold_start"": 768, ""fold_end"": 896, ""active"": ""K"", ""rmse"": 0.009983188755421665, ""scores_json"": ""{\""A\"": 0.009983188755421665, \""C\"": 0.009983188755421665, \""K\"": 0.009983188755421665, \""W\"": 0.009983188755421665}""}]"
NULL,19,K,K,1,0,"[{""fold_start"": 512, ""fold_end"": 640, ""active"": ""K"", ""rmse"": 0.009440236925537738, ""scores_json"": ""{\""A\"": 0.009440236925537738, \""C\"": 0.009440236925537738, \""K\"": 0.009440236925537738, \""W\"": 0.009440236925537738}""}, {""fold_start"": 640, ""fold_end"": 768, ""active"": ""K"", ""rmse"": 0.009737498410775982, ""scores_json"": ""{\""A\"": 0.009737498410775982, \""C\"": 0.009737498410775982, \""K\"": 0.009737498410775982, \""W\"": 0.009737498410775982}""}, {""fold_start"": 768, ""fold_end"": 896, ""active"": ""K+C"", ""rmse"": 0.0115254689761256, ""scores_json"": ""{\""A\"": 0.0115254689761256, \""C\"": 0.0115254689761256, \""K\"": 0.011547786445655194, \""W\"": 0.0115254689761256}""}]"
NULL,20,K,K,1,0,"[{""fold_start"": 512, ""fold_end"": 640, ""active"": ""K"", ""rmse"": 0.010243203755209151, ""scores_json"": ""{\""A\"": 0.010243203755209151, \""C\"": 0.010243203755209151, \""K\"": 0.010243203755209151, \""W\"": 0.010243203755209151}""}, {""fold_start"": 640, ""fold_end"": 768, ""active"": ""K+W"", ""rmse"": 0.010705281760960377, ""scores_json"": ""{\""A\"": 0.010705281760960377, \""C\"": 0.010737961119904462, \""K\"": 0.010737961119904462, \""W\"": 0.010705281760960377}""}, {""fold_start"": 768, ""fold_end"": 896, ""active"": ""K"", ""rmse"": 0.010626278330701688, ""scores_json"": ""{\""A\"": 0.010626278330701688, \""C\"": 0.010626278330701688, \""K\"": 0.010626278330701688, \""W\"": 0.010626278330701688}""}]"
NULL,21,K,K,1,0,"[{""fold_start"": 512, ""fold_end"": 640, ""active"": ""K"", ""rmse"": 0.010771641080711884, ""scores_json"": ""{\""A\"": 0.010771641080711884, \""C\"": 0.010771641080711884, \""K\"": 0.010771641080711884, \""W\"": 0.010771641080711884}""}, {""fold_start"": 640, ""fold_end"": 768, ""active"": ""K"", ""rmse"": 0.009990000627726424, ""scores_json"": ""{\""A\"": 0.009990000627726424, \""C\"": 0.009990000627726424, \""K\"": 0.009990000627726424, \""W\"": 0.009990000627726424}""}, {""fold_start"": 768, ""fold_end"": 896, ""active"": ""K"", ""rmse"": 0.010430257129697714, ""scores_json"": ""{\""A\"": 0.010430257129697714, \""C\"": 0.010430257129697714, \""K\"": 0.010430257129697714, \""W\"": 0.010430257129697714}""}]"
NULL,22,K,K,1,0,"[{""fold_start"": 512, ""fold_end"": 640, ""active"": ""K"", ""rmse"": 0.009373136547548955, ""scores_json"": ""{\""A\"": 0.009373136547548955, \""C\"": 0.009373136547548955, \""K\"": 0.009373136547548955, \""W\"": 0.009373136547548955}""}, {""fold_start"": 640, ""fold_end"": 768, ""active"": ""K+A"", ""rmse"": 0.009261053660590478, ""scores_json"": ""{\""A\"": 0.009261053660590478, \""C\"": 0.009291204287991297, \""K\"": 0.009291204287991297, \""W\"": 0.009291204287991297}""}, {""fold_start"": 768, ""fold_end"": 896, ""active"": ""K"", ""rmse"": 0.010974899735566389, ""scores_json"": ""{\""A\"": 0.010974899735566389, \""C\"": 0.010974899735566389, \""K\"": 0.010974899735566389, \""W\"": 0.010974899735566389}""}]"
NULL,23,K,K,1,0,"[{""fold_start"": 512, ""fold_end"": 640, ""active"": ""K"", ""rmse"": 0.009886030307181028, ""scores_json"": ""{\""A\"": 0.009886030307181028, \""C\"": 0.009886030307181028, \""K\"": 0.009886030307181028, \""W\"": 0.009886030307181028}""}, {""fold_start"": 640, ""fold_end"": 768, ""active"": ""K"", ""rmse"": 0.01073358264548336, ""scores_json"": ""{\""A\"": 0.01073358264548336, \""C\"": 0.01073358264548336, \""K\"": 0.01073358264548336, \""W\"": 0.01073358264548336}""}, {""fold_start"": 768, ""fold_end"": 896, ""active"": ""K"", ""rmse"": 0.009646327599461641, ""scores_json"": ""{\""A\"": 0.009646327599461641, \""C\"": 0.009646327599461641, \""K\"": 0.009646327599461641, \""W\"": 0.009646327599461641}""}]"
NULL,24,K+C,K,0,1,"[{""fold_start"": 512, ""fold_end"": 640, ""active"": ""K+C"", ""rmse"": 0.010119567721009774, ""scores_json"": ""{\""A\"": 0.010119567721009774, \""C\"": 0.010119567721009774, \""K\"": 0.010126307789216103, \""W\"": 0.010119567721009774}""}, {""fold_start"": 640, ""fold_end"": 768, ""active"": ""K"", ""rmse"": 0.010281501836608357, ""scores_json"": ""{\""A\"": 0.010281501836608357, \""C\"": 0.010281501836608357, \""K\"": 0.010281501836608357, \""W\"": 0.010281501836608357}""}, {""fold_start"": 768, ""fold_end"": 896, ""active"": ""K+W"", ""rmse"": 0.011047366963246765, ""scores_json"": ""{\""A\"": 0.011047366963246765, \""C\"": 0.01106645446285779, \""K\"": 0.01106645446285779, \""W\"": 0.011047366963246765}""}]"
NULL,25,K,K,1,0,"[{""fold_start"": 512, ""fold_end"": 640, ""active"": ""K"", ""rmse"": 0.009145623733142018, ""scores_json"": ""{\""A\"": 0.009145623733142018, \""C\"": 0.009145623733142018, \""K\"": 0.009145623733142018, \""W\"": 0.009145623733142018}""}, {""fold_start"": 640, ""fold_end"": 768, ""active"": ""K"", ""rmse"": 0.010323786585253132, ""scores_json"": ""{\""A\"": 0.010323786585253132, \""C\"": 0.010323786585253132, \""K\"": 0.010323786585253132, \""W\"": 0.010323786585253132}""}, {""fold_start"": 768, ""fold_end"": 896, ""active"": ""K"", ""rmse"": 0.010622682062914932, ""scores_json"": ""{\""A\"": 0.010622682062914932, \""C\"": 0.010622682062914932, \""K\"": 0.010622682062914932, \""W\"": 0.010622682062914932}""}]"
NULL,26,K,K,1,0,"[{""fold_start"": 512, ""fold_end"": 640, ""active"": ""K"", ""rmse"": 0.010196141190404816, ""scores_json"": ""{\""A\"": 0.010196141190404816, \""C\"": 0.010196141190404816, \""K\"": 0.010196141190404816, \""W\"": 0.010196141190404816}""}, {""fold_start"": 640, ""fold_end"": 768, ""active"": ""K+C"", ""rmse"": 0.010127101418630373, ""scores_json"": ""{\""A\"": 0.010127101418630373, \""C\"": 0.010127101418630373, \""K\"": 0.010144990287759406, \""W\"": 0.010127101418630373}""}, {""fold_start"": 768, ""fold_end"": 896, ""active"": ""K"", ""rmse"": 0.009842507244227012, ""scores_json"": ""{\""A\"": 0.009842507244227012, \""C\"": 0.009842507244227012, \""K\"": 0.009842507244227012, \""W\"": 0.009842507244227012}""}]"
NULL,27,K,K,1,0,"[{""fold_start"": 512, ""fold_end"": 640, ""active"": ""K"", ""rmse"": 0.011050981549018056, ""scores_json"": ""{\""A\"": 0.011050981549018056, \""C\"": 0.011050981549018056, \""K\"": 0.011050981549018056, \""W\"": 0.011050981549018056}""}, {""fold_start"": 640, ""fold_end"": 768, ""active"": ""K"", ""rmse"": 0.011712953121263468, ""scores_json"": ""{\""A\"": 0.011712953121263468, \""C\"": 0.011712953121263468, \""K\"": 0.011712953121263468, \""W\"": 0.011712953121263468}""}, {""fold_start"": 768, ""fold_end"": 896, ""active"": ""K+C"", ""rmse"": 0.010057782846012773, ""scores_json"": ""{\""A\"": 0.010057782846012773, \""C\"": 0.010057782846012773, \""K\"": 0.010107323486351046, \""W\"": 0.010057782846012773}""}]"
NULL,28,K,K,1,0,"[{""fold_start"": 512, ""fold_end"": 640, ""active"": ""K"", ""rmse"": 0.00959719276716011, ""scores_json"": ""{\""A\"": 0.00959719276716011, \""C\"": 0.00959719276716011, \""K\"": 0.00959719276716011, \""W\"": 0.00959719276716011}""}, {""fold_start"": 640, ""fold_end"": 768, ""active"": ""K+C"", ""rmse"": 0.009470795565131977, ""scores_json"": ""{\""A\"": 0.009470795565131977, \""C\"": 0.009470795565131977, \""K\"": 0.009475052013608324, \""W\"": 0.009470795565131977}""}, {""fold_start"": 768, ""fold_end"": 896, ""active"": ""K"", ""rmse"": 0.01029882993648862, ""scores_json"": ""{\""A\"": 0.01029882993648862, \""C\"": 0.01029882993648862, \""K\"": 0.01029882993648862, \""W\"": 0.01029882993648862}""}]"
NULL,29,K+C,K,0,1,"[{""fold_start"": 512, ""fold_end"": 640, ""active"": ""K+C"", ""rmse"": 0.010876131696994713, ""scores_json"": ""{\""A\"": 0.010876131696994713, \""C\"": 0.010876131696994713, \""K\"": 0.01091160900354687, \""W\"": 0.010876131696994713}""}, {""fold_start"": 640, ""fold_end"": 768, ""active"": ""K+C"", ""rmse"": 0.008711653879499036, ""scores_json"": ""{\""A\"": 0.008711653879499036, \""C\"": 0.008711653879499036, \""K\"": 0.008809373864302129, \""W\"": 0.008711653879499036}""}, {""fold_start"": 768, ""fold_end"": 896, ""active"": ""K"", ""rmse"": 0.009834649088532757, ""scores_json"": ""{\""A\"": 0.009834649088532757, \""C\"": 0.009834649088532757, \""K\"": 0.009834649088532757, \""W\"": 0.009834649088532757}""}]"
