comparison_set,scope,candidate_id,route,k_representation,numerical_alpha,predictive_eta,inner_selection_objective,outer_oof_objective,evaluation_mse,Delta_RMSE,Delta_MAE,Delta_R2,Level_RMSE,Level_MAE,Level_R2,persistence_skill,calibration,parameter_count,input_block_contribution,A_block_contribution,support_hash,prediction_hash,selection_eligible
VALIDATION_COMMON_SUPPORT,STANDALONE_A,"('MATURE_RESIDUAL_AR', (2, 8), 4328.7612810830615, 30.0)",A,,,,0.09725540703061525,0.09725540703061525,0.07700929811421493,0.27750549204333763,0.1083401563188361,0.2266390511951687,0.27750549204333763,0.1083401563188361,0.7792871076582586,0.2266390602401097,"{""alpha"": 4328.7612810830615, ""coefficient"": [-0.00016472451102373103, 5.281092374329376e-06, -0.06035189545994207, -3.731501744076778e-05], ""family"": ""MATURE_RESIDUAL_AR"", ""hard_feature_residualization"": false, ""intercept"": 0.0003125197597672787, ""maturity_train_audit"": {""cross_entity_reads"": false, ""latest_residual_origin_max"": 498, ""latest_residual_origin_min"": 0, ""maturity_rule"": ""s_plus_h_plus_W_plus_D_le_t"", ""observed_fraction"": 0.1574175, ""offsets"": [0, 2, 4, 6], ""uses_latest_available_target_index"": true}, ""maturity_validation_audit"": {""cross_entity_reads"": false, ""latest_residual_origin_max"": 498, ""latest_residual_origin_min"": 0, ""maturity_rule"": ""s_plus_h_plus_W_plus_D_le_t"", ""observed_fraction"": 0.9836065573770492, ""offsets"": [0, 2, 4, 6], ""uses_latest_available_target_index"": true}, ""mean"": [-0.0005730578589623922, -0.00012366011773559506, -3.923432474877918e-05, 0.00021285443024484098], ""numerical_certificate"": {""coefficient_l2"": 0.06035213202590917, ""condition_number"": 1.0005597101521806, ""jitter_relative"": 0.0, ""numerical_rank"": 4, ""relative_kkt"": 7.375331851462062e-17, ""solver"": ""CHOLESKY"", ""status"": ""PASS""}, ""parameter_count"": 5, ""profile"": [2, 8], ""scale"": [0.12752319303417103, 0.12521227116442635, 0.1252271231270621, 0.12710806710039013], ""soft_overlap_mu"": 30.0, ""soft_overlap_norm"": 0.017873989271305287, ""uses_input_features"": false}",5,0.0,0.022892989866605658,80acb6e02c969d97049ac9088acb156a869dc6af2f67e607803f03031ad78c72,4bc493473d7c9af306eec8a192c9e92424c80127a0758c32c7d1b67fcbada7cb,True
OOF_COMMON_FOLDS_1_3,STANDALONE_A,"('MATURE_RESIDUAL_AR', (2, 8), 4328.7612810830615, 30.0)",A,,,,0.09725540703061525,0.09724449092560394,0.09724449092560394,0.311840489554522,0.11929080358866326,0.036822743161266325,0.311840489554522,0.11929080358866326,0.7222514249638066,0.03682291034426444,"[{""alpha"": 4328.7612810830615, ""coefficient"": [-0.0002690950740734396, 9.289045878143519e-05, -0.06114950647562327, -5.491963565383694e-05], ""family"": ""MATURE_RESIDUAL_AR"", ""hard_feature_residualization"": false, ""intercept"": 0.0017838385689712614, ""mean"": [-0.0003938314100687239, -6.430907252408003e-05, -0.001148075021826964, 0.0001787318866406553], ""numerical_certificate"": {""coefficient_l2"": 0.0611501937787191, ""condition_number"": 1.0017629721419652, ""jitter_relative"": 0.0, ""numerical_rank"": 4, ""relative_kkt"": 1.3688099675741026e-16, ""solver"": ""CHOLESKY"", ""status"": ""PASS""}, ""parameter_count"": 5, ""scale"": [0.1256791545249832, 0.1284301557362964, 0.128045707883427, 0.1297584041028322], ""soft_overlap_mu"": 30.0, ""soft_overlap_norm"": 0.025498875139770876, ""uses_input_features"": false}, {""alpha"": 4328.7612810830615, ""coefficient"": [-0.00015289966659577732, 8.094913648458676e-05, -0.05909649967494673, -6.757099747978534e-05], ""family"": ""MATURE_RESIDUAL_AR"", ""hard_feature_residualization"": false, ""intercept"": 0.0009630579453284527, ""mean"": [-0.0007987932482257632, 9.319232433642593e-05, -0.00029945674082799007, 0.00015457180856579653], ""numerical_certificate"": {""coefficient_l2"": 0.05909679154354677, ""condition_number"": 1.0009639523812952, ""jitter_relative"": 0.0, ""numerical_rank"": 4, ""relative_kkt"": 7.202814230953974e-20, ""solver"": ""CHOLESKY"", ""status"": ""PASS""}, ""parameter_count"": 5, ""scale"": [0.1274666379894948, 0.1244104295363075, 0.12442404609530616, 0.12658187105509344], ""soft_overlap_mu"": 30.0, ""soft_overlap_norm"": 0.015163255714295021, ""uses_input_features"": false}, {""alpha"": 4328.7612810830615, ""coefficient"": [-0.0001671036104171157, 2.7017492513409517e-05, -0.059767652531861726, -1.5715978811954287e-05], ""family"": ""MATURE_RESIDUAL_AR"", ""hard_feature_residualization"": false, ""intercept"": 0.0005172297455254582, ""mean"": [-0.0007177311283657119, 0.00014925467767613808, -0.00015736228919484765, 2.4810999540187985e-05], ""numerical_certificate"": {""coefficient_l2"": 0.05976789430557901, ""condition_number"": 1.000580185233828, ""jitter_relative"": 0.0, ""numerical_rank"": 4, ""relative_kkt"": 2.0426390083158036e-19, ""solver"": ""CHOLESKY"", ""status"": ""PASS""}, ""parameter_count"": 5, ""scale"": [0.12749601570976846, 0.12479772515560411, 0.12531299036921295, 0.12635522927559095], ""soft_overlap_mu"": 30.0, ""soft_overlap_norm"": 0.020748777678801084, ""uses_input_features"": false}]",5,0.0002566622633196444,0.0035058923768357558,3a604de324fb150be04724a6acbd8db7ea51b24abc931fa4a127c8ad46fb7d7a,bc7427623e156230f753c777671f6b25aad88b9c712a545a2319bc3a292f69b9,False
VALIDATION_COMMON_SUPPORT,REGISTERED_JOINT_CANDIDATE,METRO_P60_JOINT_STABILITY_5f4b3cd4df6b2b8bc70ce335,J_KA,CHANNEL_COMPRESSED,0.0,0.0,0.08322848337413752,0.0832284833741375,0.08268683663208057,0.2875531892225864,0.15873260908008624,0.16962273391176208,0.2875531892225864,0.15873260908008627,0.7630149693795634,0.16962274362354446,"{""block_dimensions"": {""A"": 8, ""K"": 32}, ""coefficient"": [-0.017095283337390254, -0.014683940564574404, -0.008965301885104611, -0.0030054989203235683, -0.0032582439503300955, 0.007376116273164795, -0.011544875953054385, -0.005157303406716937, 0.002083623187147921, 0.017411974101987776, 0.006950030564003097, 0.02342163216499199, 0.017405309390741038, 0.009254642661553491, 0.006238537462493312, -0.0034164701288395176, -0.0020296715901025495, 0.0003635912620817115, 0.008583053444449163, 0.006959561082797322, 0.009969649078476682, 0.0028624795932358136, -0.011205860288239305, 0.0013151126116855724, 0.0053732537621442285, -0.007443274780843867, 0.006906901035152633, -0.0042840835026381405, -0.021771762716333735, 0.0022595520253959524, -0.0034797581950215635, 0.002190540870147368, -0.04415081077578789, -0.02614059371679624, -0.04076168018819545, 0.02104319480599985, 0.0, -0.023544347028972425, 0.018957823078622076, -0.0746095586466444], ""intercept"": 0.00017409199999999988}",41,0.0005988477510100578,0.018147087947141795,80acb6e02c969d97049ac9088acb156a869dc6af2f67e607803f03031ad78c72,57a9ff3ba31d243cc6d88b3374cf5edfbe6c1d64c4d1f3690dfa72446221055a,False
OOF_COMMON_FOLDS_1_3,REGISTERED_JOINT_CANDIDATE,METRO_P60_JOINT_STABILITY_5f4b3cd4df6b2b8bc70ce335,J_KA,CHANNEL_COMPRESSED,0.0,0.0,0.08322848337413752,0.08345386376353138,0.08345386376353138,0.28888382399077206,0.15944420671481802,0.1734147322150491,0.28888382399077206,0.15944420671481802,0.7616400526039208,0.1734148756891628,"[{""block_dimensions"": {""A"": 8, ""K"": 32}, ""coefficient"": [-0.0008887686227060716, -0.020815422914783537, -0.01009471620404107, -0.012226101842052212, -0.00013942394197200236, 0.0009953831846249912, -0.01002440566589046, -0.004535549866540057, -0.00023569808362529216, -0.005584407533165233, -0.0008023354763087196, 0.020363361388056698, 0.0035356490014130486, 0.001983869236498597, 0.007358593353731758, 0.02353560426018043, 0.0015904133814013557, 0.008899903621064999, -0.014619532893711863, 0.01122088260137995, 0.011362713465156216, 0.005138201831226493, 0.004032816125906018, 0.006389229113782969, 0.003964300682271192, 0.011986228572288742, 0.01586475000333094, 0.011409294706502883, -0.05010210179504546, 0.0015729250628900456, 0.0006427559336721753, 5.1736024218130885e-05, -0.04497886123020417, -0.0253857347912769, -0.040765575719747815, 0.021912500408699742, 0.0, -0.023838781231308143, 0.01928894896102215, -0.07535362295321846], ""intercept"": -0.00012420800000000328}, {""block_dimensions"": {""A"": 8, ""K"": 32}, ""coefficient"": [-0.007158462707186144, -0.0381008058497593, -0.015927805262118223, -0.025879539230022, -0.003189628250118781, 0.007294618202982089, -0.00886315373823256, -0.006180338183663295, 0.003185071464558428, -0.004132672458746487, 0.001503137690942095, 0.02434650436385835, 0.012102716185748047, 0.009598238788091271, 0.004660430826932112, 0.01008924911806349, 0.003415602931858342, 0.006350513409041032, 0.0034147998198769914, 0.03375416243378207, 0.012997434551281634, 0.0065823786596127445, -0.007035517980548532, -0.003228864071731995, 0.005940686632849873, 0.012736393229682055, 0.0157762418705384, 0.021648804635061438, -0.054755316852325035, 0.0017437065088639597, 0.0012946092050078704, -0.00038268651553422276, -0.045159395412166965, -0.02718207761362346, -0.041603788694514345, 0.02116075170188906, 0.0, -0.02446242573001578, 0.019444972667672998, -0.07490613336343932], ""intercept"": 0.000191412}, {""block_dimensions"": {""A"": 8, ""K"": 32}, ""coefficient"": [-0.01928847192467637, -0.016890699124754834, -0.015159803369832015, -0.00494477241987891, -0.003212324374781966, 0.004997064316308613, -0.012209897490504254, -0.0030391835704915607, 0.0008300136663048097, 0.01826830473460933, 0.005844278433056533, 0.026384115365476187, 0.02089795923711871, 0.010159516616941503, 0.006680387079935994, -0.00262984679519394, 0.007441000618752592, -0.0020405632879883723, 0.011419974238393917, 0.012018831052260828, 0.01092003302786622, 0.004845481637205167, -0.022774232682947208, -0.004371062427938083, 0.006363631059313545, -0.00283287031958433, 0.01160209750698747, 0.0031528134891524754, -0.030451880014849046, 0.0033506746050479246, -0.002821054695787784, 0.0005390198141935161, -0.04599263594528811, -0.027597146918593433, -0.0445904732218842, 0.02698675619655456, 0.0, -0.022285802757872137, 0.02092351982895234, -0.0688893109729669], ""intercept"": 0.00016905200000000092}]",41,0.0007357313818909528,0.018464703779874442,3a604de324fb150be04724a6acbd8db7ea51b24abc931fa4a127c8ad46fb7d7a,8185965c31b8f750c0b9d97581045a25e609ff4c633985160f91031c048f2935,False
VALIDATION_COMMON_SUPPORT,REGISTERED_JOINT_CANDIDATE,METRO_P60_JOINT_STABILITY_ae40391df424ad840c3aff55,J_KA,CHANNEL_COMPRESSED,0.0,0.0001,0.08322837322245571,0.08322837322245574,0.08268668854389245,0.2875529317254346,0.15872800631643913,0.16962422107791542,0.2875529317254346,0.15872800631643916,0.7630153938084716,0.16962423078968059,"{""block_dimensions"": {""A"": 8, ""K"": 32}, ""coefficient"": [-0.017067283806694446, -0.014673477113461012, -0.008946697119324927, -0.0030581552905194122, -0.0032552746261746307, 0.007363362388351002, -0.011539846768501005, -0.005157249149781434, 0.0020835473962566914, 0.017371775848492917, 0.006948172633504952, 0.023398660745887603, 0.017369288443097788, 0.009239781780244097, 0.006236465549923331, -0.0034073358883429583, -0.002034646270921543, 0.00038887067822900945, 0.008574327467019211, 0.00695364286508333, 0.009966710686244575, 0.002861371697041869, -0.011180554145825887, 0.001318350854096651, 0.005371396836257443, -0.007445272864842213, 0.006897347337605633, -0.004219658517516274, -0.021747264224385762, 0.0022588445998930886, -0.0034783825947202617, 0.002190468602692945, -0.04378497587967532, -0.02550734779668291, -0.03957429761660278, 0.018863269059587618, 0.0, -0.023818041067612785, 0.018189213731610383, -0.07627202051778849], ""intercept"": 0.00017409199999999988}",41,0.0005981576379333826,0.018144263258106787,80acb6e02c969d97049ac9088acb156a869dc6af2f67e607803f03031ad78c72,5f7cc221965b5682af03f7e057fc30cfe487f3a211efac2631357e8e66202f8f,False
OOF_COMMON_FOLDS_1_3,REGISTERED_JOINT_CANDIDATE,METRO_P60_JOINT_STABILITY_ae40391df424ad840c3aff55,J_KA,CHANNEL_COMPRESSED,0.0,0.0001,0.08322837322245571,0.08345372426206586,0.08345372426206586,0.28888358254159385,0.1594368283622437,0.17341611393485257,0.28888358254159385,0.1594368283622437,0.7616404510463713,0.17341625740872646,"[{""block_dimensions"": {""A"": 8, ""K"": 32}, ""coefficient"": [-0.0008964913468629324, -0.0207960877660922, -0.010083045870884284, -0.011383149208081735, -0.0001367324811657555, 0.0010320158448024128, -0.01002750768276191, -0.0045333035649496945, -0.00023741391185503369, -0.005583500138652479, -0.0008014810144588261, 0.020342909453130636, 0.0035372565882251313, 0.001971824417643382, 0.007354559644918331, 0.023492170184538516, 0.001590792330891017, 0.008899348914441545, -0.014595779240213363, 0.01120574142187505, 0.011367896896378422, 0.005132004431854092, 0.004014404957689607, 0.0063903853201018575, 0.003969013974785139, 0.011892522250686448, 0.015849945593810384, 0.010544063372789472, -0.049962744598878575, 0.0015748501367400503, 0.0006475167440931342, 5.0664341469505905e-05, -0.04415087834954428, -0.02523281682603508, -0.039685845948727, 0.01986415401250971, 0.0, -0.02446945157577438, 0.01852905909238455, -0.07693391116877654], ""intercept"": -0.00012420800000000328}, {""block_dimensions"": {""A"": 8, ""K"": 32}, ""coefficient"": [-0.0071760026475250665, -0.038008629321079804, -0.01589415984433808, -0.024049615178963275, -0.003186113317291416, 0.007359126897987386, -0.008869864693401402, -0.0061832105264478104, 0.0031776766848943885, -0.004158322720807375, 0.0014872215340199966, 0.024308423894238575, 0.012093531567141822, 0.009591700916989106, 0.00466330444884635, 0.010073277709080942, 0.003406520226901385, 0.006382902304551263, 0.003409208802358642, 0.03365796591493804, 0.013007873058139195, 0.006570386746083716, -0.00704786538164567, -0.0032122911726095234, 0.0059496481446302514, 0.012621171158874362, 0.01576201447957074, 0.01978648051491183, -0.05459862969133625, 0.001750638922770408, 0.00129692965453233, -0.0003837587460034956, -0.04496879205957194, -0.026099139248685097, -0.04043528731295746, 0.01873828149283177, 0.0, -0.02459891517750564, 0.018466090159889134, -0.07676932138695042], ""intercept"": 0.000191412}, {""block_dimensions"": {""A"": 8, ""K"": 32}, ""coefficient"": [-0.019257203514461644, -0.016875955523794547, -0.015132365449611608, -0.004676369844954004, -0.0032090232596001804, 0.005009836245176313, -0.012207725011633933, -0.003040436082551216, 0.0008292198893244475, 0.01821403006427195, 0.005840420878596585, 0.0263567878362617, 0.020851438490858205, 0.010136993217052881, 0.0066784242996827895, -0.0026258286404870893, 0.007434189941056845, -0.0020032562041129914, 0.011411720879589884, 0.01200726826650285, 0.01091890824337983, 0.004843202437775574, -0.022733963784335523, -0.004362023337774279, 0.006362887599470913, -0.002855469920872084, 0.01158850184636029, 0.002874594712699238, -0.030406781636735238, 0.0033514408800860165, -0.002819254456922756, 0.0005391272705459293, -0.04397447847911736, -0.02577664589746807, -0.039649724266236766, 0.018219672788070993, 0.0, -0.023822083767960422, 0.01797429001583173, -0.07559277964756052], ""intercept"": 0.00016905200000000092}]",41,0.000734267834006268,0.018461219743318984,3a604de324fb150be04724a6acbd8db7ea51b24abc931fa4a127c8ad46fb7d7a,405d606349b6e08fe606c297b18de70a26076ed6bca139204f72692c81e79653,False
VALIDATION_COMMON_SUPPORT,REGISTERED_JOINT_CANDIDATE,METRO_P60_JOINT_STABILITY_e4f61be847a8e184c15dcbc1,J_KA,CHANNEL_COMPRESSED,0.0,0.001,0.08322741649464731,0.0832274164946473,0.08268541979869923,0.2875507256097595,0.1586869500811356,0.16963696237033665,0.2875507256097595,0.1586869500811356,0.7630190301021154,0.16963697208195283,"{""block_dimensions"": {""A"": 8, ""K"": 32}, ""coefficient"": [-0.01682332989829529, -0.014577973615827917, -0.008782500073020044, -0.0033156885919205523, -0.003228702013710112, 0.007262266344237525, -0.011494488922831964, -0.0051568347914958575, 0.002082549124210717, 0.01701577220928761, 0.006929492429165277, 0.023192527414107243, 0.01705551894871053, 0.00910896350637507, 0.006217639290430354, -0.003327510589807071, -0.00207793186695516, 0.0006117203218662301, 0.008496602423513895, 0.006898672995412381, 0.00994173353314005, 0.0028509293020235246, -0.01095965812134391, 0.0013479229492454007, 0.005355931964109795, -0.0074645466558634094, 0.006812391759425931, -0.0038643789837672173, -0.021528992490866972, 0.002252875566974297, -0.003465768797949532, 0.002189594379007105, -0.043748198649283206, -0.02549687488976209, -0.03954388426929005, 0.018854175510321484, 0.0, -0.023783756737558698, 0.01816338524880751, -0.07622046193710849], ""intercept"": 0.00017409199999999988}",41,0.0005920612426062771,0.018118937302472694,80acb6e02c969d97049ac9088acb156a869dc6af2f67e607803f03031ad78c72,c835edd80709b9bf86fabd90db31f076eb5c9c2b42907c29de1b017c5634ff01,False
OOF_COMMON_FOLDS_1_3,REGISTERED_JOINT_CANDIDATE,METRO_P60_JOINT_STABILITY_e4f61be847a8e184c15dcbc1,J_KA,CHANNEL_COMPRESSED,0.0,0.001,0.08322741649464731,0.08345195988677764,0.08345195988677764,0.2888805287429003,0.15937390872397406,0.17343358953818966,0.2888805287429003,0.15937390872397406,0.7616454904343867,0.1734337330090303,"[{""block_dimensions"": {""A"": 8, ""K"": 32}, ""coefficient"": [-0.0009404497653204898, -0.020619668926318713, -0.009978427140118505, -0.007145559277768507, -0.00011324307199666029, 0.0011657454641095285, -0.010013222119488782, -0.004530212996605977, -0.0002491610157122469, -0.005476446386208028, -0.0007612832470266557, 0.020188084131075434, 0.0035447105098732547, 0.0018434050858042235, 0.007326501759824838, 0.023107067884939114, 0.0015738989996066824, 0.008818360493472266, -0.014371458935696482, 0.011080283220630283, 0.011386000059558414, 0.005085611818668124, 0.0038806612378795517, 0.006378720829135504, 0.003990860882946375, 0.011115168569516448, 0.015694385198718807, 0.006225245626270504, -0.0487559031996107, 0.001592220060383798, 0.0006755741495525608, 4.11869268162314e-05, -0.04410479029937264, -0.025216634186562985, -0.03965029537261637, 0.019861096136790417, 0.0, -0.024430731877516373, 0.01850419310040584, -0.076884026236173], ""intercept"": -0.00012420800000000328}, {""block_dimensions"": {""A"": 8, ""K"": 32}, ""coefficient"": [-0.007251166676743755, -0.037245767956020685, -0.01563579258371693, -0.01508147495205623, -0.0031573921775767833, 0.007621934086084521, -0.008890141263568008, -0.0062207420541392595, 0.0031206343892979335, -0.00417745084883463, 0.0014397493291152686, 0.02403529314855483, 0.011980172788904467, 0.009466366383602402, 0.004690830885893927, 0.009945558018242144, 0.003312784359559455, 0.0065078578514894, 0.0033741425814144133, 0.03287774936147335, 0.013056473447277735, 0.00649052273196697, -0.007072316722214593, -0.0031251570066247072, 0.0059886678996105185, 0.01169335690758522, 0.015599177971939363, 0.010696381981830237, -0.05327044843194191, 0.0017956274374744349, 0.0013001270246561566, -0.000385322157045731, -0.044910040086554096, -0.026072248113867016, -0.040389226999249794, 0.018746937874278287, 0.0, -0.024557389915996375, 0.01844138072635729, -0.076720782018997], ""intercept"": 0.000191412}, {""block_dimensions"": {""A"": 8, ""K"": 32}, ""coefficient"": [-0.018971646128349506, -0.016748344310624858, -0.014893027055996887, -0.003299001288801677, -0.003179682148060939, 0.005043477660077601, -0.012179643041329104, -0.003053031642556288, 0.0008237833341493559, 0.017756279404410488, 0.005818176930975801, 0.02611765445733984, 0.02043805971359755, 0.009931126420147209, 0.006660919335332335, -0.0025895621971446544, 0.007374253849301779, -0.0016963662991779556, 0.01134033219612513, 0.011909634258001307, 0.010904299903384974, 0.00482513307475726, -0.02237203441482613, -0.004287801278995128, 0.006350883366019846, -0.003032484695461802, 0.011461675709550367, 0.0014666483423081392, -0.030011651071716182, 0.0033550940781923106, -0.0028052095691546925, 0.0005408429612921159, -0.043930490557053274, -0.025760893616506707, -0.03961438366616486, 0.018217282090525824, 0.0, -0.023785157282825778, 0.017948880702635304, -0.0755434991732323], ""intercept"": 0.00016905200000000092}]",41,0.0007219028573323636,0.018430295580014144,3a604de324fb150be04724a6acbd8db7ea51b24abc931fa4a127c8ad46fb7d7a,ee0c1c6234d920cde005f03e60a4191bacd679e574411e8ed682e159a422c49e,False
VALIDATION_COMMON_SUPPORT,REGISTERED_JOINT_CANDIDATE,METRO_P60_JOINT_STABILITY_973743877422561b9ef45c89,J_KA,CHANNEL_COMPRESSED,0.0,0.01,0.08322241836612068,0.08322241836612067,0.08267692995114188,0.2875359628831529,0.15830498772428298,0.16972222112120094,0.2875359628831529,0.15830498772428298,0.7630433624730862,0.16972223083182003,"{""block_dimensions"": {""A"": 8, ""K"": 32}, ""coefficient"": [-0.014800702387043374, -0.013661074334953624, -0.007388567372144577, -0.0033046794424975686, -0.0029888292812750806, 0.006512939785988747, -0.011034554464369933, -0.005133748210850286, 0.00206750794351397, 0.014155401722308005, 0.006716519354485901, 0.02132221684949946, 0.014568823939229845, 0.007984597496739151, 0.0060310530162963685, -0.002679862975586466, -0.0024159280717221663, 0.0022677542616355586, 0.007811046103803014, 0.006339557388645831, 0.009724126202556338, 0.0027440392703043295, -0.0091939036456481, 0.0015717691768807236, 0.0052315469773310365, -0.0075624879160357825, 0.0060432586583288135, -0.0030668088267834515, -0.019594668187024798, 0.0021987302698858887, -0.003340096970634615, 0.002189362117755021, -0.0433957664434631, -0.025401544088464685, -0.039252319548010096, 0.01875120681190215, 0.0, -0.023448656117620443, 0.01790919367204998, -0.07570555691168027], ""intercept"": 0.00017409199999999988}",41,0.0005400728513111431,0.017873692671810503,80acb6e02c969d97049ac9088acb156a869dc6af2f67e607803f03031ad78c72,977acb870bb4dcd7a6477e5a8606bc4f702663af5e3711837fde082ab7651105,False
OOF_COMMON_FOLDS_1_3,REGISTERED_JOINT_CANDIDATE,METRO_P60_JOINT_STABILITY_973743877422561b9ef45c89,J_KA,CHANNEL_COMPRESSED,0.0,0.01,0.08322241836612068,0.08343715667759388,0.08343715667759388,0.28885490592613083,0.15884570532426284,0.17358021084576514,0.28885490592613083,0.15884570532426284,0.7616877711869272,0.17358035429115604,"[{""block_dimensions"": {""A"": 8, ""K"": 32}, ""coefficient"": [-0.0009978362216865406, -0.018953535019691197, -0.008986649781933325, -0.0018034087670808863, 8.608853674251201e-05, 0.0006395985229652891, -0.009450412862704155, -0.004625630590833503, -0.0002943980083201409, -0.0038273696918329383, -0.000175431100623094, 0.018952428201966548, 0.0034452319353071386, 0.0006603480998174385, 0.007117805879928867, 0.019858188946721696, 0.0012427195143433517, 0.007563460780747921, -0.012324599434780098, 0.010028937257675414, 0.01120795979363578, 0.004781089564626131, 0.003143395903004263, 0.006014517429921603, 0.003978557126632006, 0.005904498542930686, 0.014077863844497154, 0.0011872992473274948, -0.039686955777772745, 0.0017112780680094233, 0.0007934368832403229, -1.4930344570746304e-05, -0.043686741569051564, -0.025082612664293583, -0.039323445157728565, 0.019796011376090526, 0.0, -0.024062958532263888, 0.018256570084854068, -0.07637763765673894], ""intercept"": -0.00012420800000000328}, {""block_dimensions"": {""A"": 8, ""K"": 32}, ""coefficient"": [-0.0070039287223687356, -0.031372954946381065, -0.01372227234392805, -0.004452046931097242, -0.0029240633221599335, 0.007067351559027854, -0.008638331610699053, -0.006550189992693253, 0.002744275191550384, -0.002717998669359287, 0.001801315211315539, 0.02212866393518828, 0.010638100946642907, 0.007872577978336837, 0.004881246403166434, 0.008948903182140979, 0.0024420091340588423, 0.006210379805638119, 0.0032293708924655464, 0.027028985091945124, 0.012994898016652406, 0.006058972850740627, -0.006379678706157304, -0.002909738749967117, 0.005939906661531733, 0.005713464334809893, 0.013826645660894124, 0.0005484696803013762, -0.04360440221075533, 0.0019908300907155257, 0.0011968601850821602, -0.0003004857663172869, -0.04439183119772242, -0.025855722832925573, -0.039977575000790695, 0.01878378139400403, 0.0, -0.024164216557056976, 0.018189730095486002, -0.07623442157291221], ""intercept"": 0.000191412}, {""block_dimensions"": {""A"": 8, ""K"": 32}, ""coefficient"": [-0.016501036965134254, -0.01559603757158412, -0.012869416950912841, -0.0014159600771842403, -0.002918417436973509, 0.004550938991904075, -0.011775593381035473, -0.0031541745277484604, 0.0007911608249232458, 0.014321110579676147, 0.005712988734325179, 0.024004525819638405, 0.017090649918299256, 0.008149172178338795, 0.006484156489323919, -0.0022854609132474126, 0.0068656475523542065, 0.00040194397228930873, 0.010713860546225399, 0.011015634449788262, 0.01070475156946939, 0.004668582210773617, -0.019312211971396633, -0.003742554126028496, 0.006189175477394172, -0.004159782276383002, 0.01025061792217252, -0.00010560222562952867, -0.026692222479374028, 0.0033344703396054926, -0.0026905966456634936, 0.0005821048109456459, -0.04351440579352509, -0.02561792992176214, -0.03927823612059435, 0.018176492581751906, 0.0, -0.023427984084122618, 0.017698270829962816, -0.07505117189468269], ""intercept"": 0.00016905200000000092}]",41,0.0006273506061975497,0.018142469702016203,3a604de324fb150be04724a6acbd8db7ea51b24abc931fa4a127c8ad46fb7d7a,cf9f148a636b1aad4bf733f660fbeeca66e381c014fef39326fa153d2df449c4,False
VALIDATION_COMMON_SUPPORT,REGISTERED_JOINT_CANDIDATE,METRO_P60_JOINT_STABILITY_ac8e80661479f14dc665ad78,J_KA,CHANNEL_COMPRESSED,0.0,0.1,0.08335309191666157,0.08335309191666156,0.08273098695041473,0.28762994793730146,0.15558881961256138,0.16917935716488763,0.2876299479373014,0.15558881961256138,0.7628884321341143,0.16917936688185586,"{""block_dimensions"": {""A"": 8, ""K"": 32}, ""coefficient"": [-0.006831088338547442, -0.00851678167254078, -0.002018417735672495, -0.0013543979852828245, -0.001775330153505642, 0.0034970458452233577, -0.007557962778219066, -0.004471633118242076, 0.0019088430598421487, 0.0058944194674515615, 0.004960459352135493, 0.01209024544868549, 0.006910138841857236, 0.0033814072048347593, 0.004635974980092746, -0.0006772392766304574, -0.002987683515670213, 0.0044368952074836775, 0.004590866167019386, 0.0029436635520584107, 0.008004964279930752, 0.0020321541611065617, -0.0036934774107560994, 0.0014999597171871419, 0.004583397092862936, -0.005727571976931312, 0.0025230313604746478, -0.0010969958253965726, -0.010828548720312367, 0.0018066403267111286, -0.002317422740132168, 0.0021813312547086915, -0.040612058585812356, -0.024804885871056816, -0.03691187298946677, 0.017360356491701263, 0.0, -0.020598048061583146, 0.015649943028743812, -0.0708352423581726], ""intercept"": 0.00017409199999999988}",41,0.00032483694324020486,0.015861414021071347,80acb6e02c969d97049ac9088acb156a869dc6af2f67e607803f03031ad78c72,cd5bd77f86c1478ab0ca353dcb6288a15ad662ad2b758072893bcb60085732d7,False
OOF_COMMON_FOLDS_1_3,REGISTERED_JOINT_CANDIDATE,METRO_P60_JOINT_STABILITY_ac8e80661479f14dc665ad78,J_KA,CHANNEL_COMPRESSED,0.0,0.1,0.08335309191666157,0.08351616780892474,0.08351616780892474,0.28899163968690295,0.15579778447092818,0.17279762949837363,0.28899163968690295,0.15579778447092818,0.7614621005198255,0.17279777307960065,"[{""block_dimensions"": {""A"": 8, ""K"": 32}, ""coefficient"": [-0.00011253973551873082, -0.010552254470093541, -0.003760833608673443, -0.00019452599088630785, 0.000897696945697032, -0.0005319430122463162, -0.005953170605317107, -0.004371897004330157, 8.546095015441909e-05, 0.00018608094391759527, 0.0011461142862442177, 0.011375428167768325, 0.0022672286202087897, -0.001890244866975405, 0.005345685926838753, 0.00843896077796281, -3.62766642078244e-05, 0.003819078206046033, -0.00473671734936984, 0.004935270171427135, 0.008551735883397303, 0.0035410215465164247, 0.0015063311825809168, 0.0033053778931734995, 0.003595874060120659, -0.002085363921443064, 0.0067015533274954915, 0.00021410475459773275, -0.01571330913752995, 0.0016265802757090674, 0.0014010798848094039, 0.00010027774423208071, -0.04078604231400489, -0.02447948515193632, -0.03694542656684065, 0.018366812737536327, 0.0, -0.021087155885223793, 0.0159760399421722, -0.07145910844774597], ""intercept"": -0.00012420800000000328}, {""block_dimensions"": {""A"": 8, ""K"": 32}, ""coefficient"": [-0.003575653124494075, -0.012878536951566466, -0.005507773658378839, -0.0007621154697315425, -0.0017291413027744399, 0.003425380219731677, -0.005927914634080563, -0.00608948777237773, 0.0018637167219581982, 0.0005735434235717244, 0.002331032573431224, 0.012445377407387574, 0.005138393520254735, 0.002569786528058019, 0.004371844181920136, 0.004718063802327285, -0.00016141958526712976, 0.004299600068252864, 0.0027657477862594606, 0.008905492982557033, 0.01043222128765657, 0.004334745521826078, -0.002490149712538676, -0.0022414508792653397, 0.005172102869266155, -0.0033758468078901407, 0.006094526929603526, -0.0001784377874770539, -0.018036152615012735, 0.0019463186558288368, 0.001211847009154255, 0.00030219251942985575, -0.041145989220914746, -0.024960344094837657, -0.03730788551977862, 0.017727204559892965, 0.0, -0.02110136995515478, 0.015899025740742406, -0.07140003999796697], ""intercept"": 0.000191412}, {""block_dimensions"": {""A"": 8, ""K"": 32}, ""coefficient"": [-0.007331700604678749, -0.009282557643843106, -0.004666181856309317, -6.155198566698313e-05, -0.00166063275496139, 0.0022739640614708777, -0.008170077033145835, -0.003098777755916377, 0.00070650914622939, 0.005108309654815613, 0.004439836027575114, 0.013492153338466678, 0.007050714364655302, 0.0022845580816377546, 0.0049525115735333716, -0.0011015588824170202, 0.004556321260131707, 0.0034179475139845665, 0.007201238937926912, 0.005577368687121234, 0.00867427340792251, 0.003491087353393892, -0.008628483973307033, -0.002153099846710357, 0.005279729543235714, -0.005041087982906737, 0.004561738906961402, 0.0003373951404162936, -0.013738222297632802, 0.002688399498065583, -0.0017582260901504291, 0.0010130023437095344, -0.040502453143979905, -0.024845645947565193, -0.036783749142604544, 0.01702248132400348, 0.0, -0.020499653579992835, 0.015463388597562333, -0.07028526201700928], ""intercept"": 0.00016905200000000092}]",41,0.00033441322557421966,0.016009148988930674,3a604de324fb150be04724a6acbd8db7ea51b24abc931fa4a127c8ad46fb7d7a,c0f0fcc2729b5034ecb9d9fcb4416f2baf7e03c99cc3d4f77017e90ab526b95a,False
VALIDATION_COMMON_SUPPORT,REGISTERED_JOINT_CANDIDATE,METRO_P60_JOINT_STABILITY_d34ccf02b5712bdba75a2040,J_KA,CHANNEL_COMPRESSED,0.0,1.0,0.08606057961809205,0.08606057961809203,0.08507848211666726,0.2916821594075772,0.14333330341595357,0.14560478716432423,0.2916821594075772,0.1433333034159536,0.7561603816182739,0.1456047971570119,"{""block_dimensions"": {""A"": 8, ""K"": 32}, ""coefficient"": [-0.0003582042454580846, -0.0018449313057982617, 0.00091814403701378, 0.00039822575797897596, -5.555255002217749e-05, 0.0011140376517667014, -0.0011397006754492109, -0.0014415948591981443, 0.0010993936967162274, 0.001207571326395861, 0.001653007189885442, 0.002659108425667913, 0.001661845494973901, 0.00018187272728551306, 0.0016591073139653437, 0.0001730455309897133, -0.0009709447606269224, 0.0015007746879963147, 0.0010052046979915686, -3.322303915515093e-05, 0.0024908768250060252, 0.0006657955709080219, -0.0003418008965415796, 0.00012623511286334306, 0.0023500811373647966, -0.0008762791461584488, 0.00038133338442663796, 0.0004464082946525464, -0.001708674281569935, 0.0007730349038794572, 0.00021141685419235365, 0.000988747317245608, -0.02709345083614226, -0.020671083826494237, -0.025153933309940257, 0.008205067321610941, 0.0, -0.008366249600806185, 0.005774763788875668, -0.0435360604006125], ""intercept"": 0.00017409199999999988}",41,0.00012194799107910781,0.0072480046930263435,80acb6e02c969d97049ac9088acb156a869dc6af2f67e607803f03031ad78c72,cff89b7c5435a684d38a8c87d92c265779c27b0f4d48d282225e72410534f38b,False
OOF_COMMON_FOLDS_1_3,REGISTERED_JOINT_CANDIDATE,METRO_P60_JOINT_STABILITY_d34ccf02b5712bdba75a2040,J_KA,CHANNEL_COMPRESSED,0.0,1.0,0.08606057961809205,0.08602819111895427,0.08602819111895427,0.2933056274928155,0.1433407000161647,0.14791679874035923,0.2933056274928155,0.1433407000161647,0.7542872889888341,0.14791694664026367,"[{""block_dimensions"": {""A"": 8, ""K"": 32}, ""coefficient"": [0.0006883849674009277, -0.0019786583388287527, 0.0003376639352380368, 0.00032895766157024856, 0.0008831117147659874, 9.590835601376899e-05, -0.0009765663793104085, -0.0014760428242949972, 0.0008575338096345524, 0.0006293322856378146, 0.0008180742434208196, 0.0024700765009688006, 0.001022882944005649, -0.0008105700002717484, 0.0018781476552309489, 0.0013592347151800315, -0.00020718459888875924, 0.0011051880218106106, -0.00022965748978172486, 0.0004956064508131678, 0.0021639664224370595, 0.0012463827196369304, 0.00036536562911635486, 0.00020987560103848455, 0.0020061619402424735, -0.00044831243738761785, 0.0010006890822851857, 0.000354654190228424, -0.002028233638444489, 0.0007117945866980152, 0.0014517905083688241, 0.0003596093427276639, -0.027262525990009594, -0.020626827599770154, -0.025251390253688874, 0.008713479737276838, 0.0, -0.008563658647519116, 0.005903194707839462, -0.04388151001962514], ""intercept"": -0.00012420800000000328}, {""block_dimensions"": {""A"": 8, ""K"": 32}, ""coefficient"": [0.00011519542543602794, -0.002156519818135255, 0.0003979621890416332, 0.0004717444601928949, -0.0001025831886189036, 0.0009047982853898143, -0.0008729776374402107, -0.0018762406516397712, 0.0012017698912593644, 0.000668723036416842, 0.0012568198744321685, 0.002620467366686538, 0.0013147431495267217, -1.974832067865103e-05, 0.0017423557862743723, 0.0010417494823632357, -0.0004005043548766538, 0.0012517685873330272, 0.0010871320485566162, 0.0004430626878012291, 0.002780211762112835, 0.0013834693884525163, -0.00010854739076276546, -0.0008244004521625948, 0.002624929097450818, -0.0008356578748945106, 0.0007992533605752669, 0.0005188581029449591, -0.002464195927936105, 0.0006908081484533768, 0.0013779500273461767, 0.0004291539213867332, -0.027355044954115285, -0.02081080618082973, -0.025379261212039175, 0.008446568497915445, 0.0, -0.00853756844132352, 0.005856425633188841, -0.04388567117216817], ""intercept"": 0.000191412}, {""block_dimensions"": {""A"": 8, ""K"": 32}, ""coefficient"": [-0.0004919470064408306, -0.0017780581756202292, 0.0006352221785229005, 0.0006284634281111723, -0.00010452781778118156, 0.0008173791452604338, -0.0012236653348786932, -0.0010445640508512939, 0.0006217013598131026, 0.0009300725861694907, 0.0015158993509339258, 0.0028006957546487417, 0.0013551747938318076, -5.111285595097487e-05, 0.0015430397002188707, 8.723460566661254e-05, 0.001179365036606851, 0.0011104827606823755, 0.0018373013978072263, 0.00044162432126796443, 0.002563467570775502, 0.0011235300323607965, -0.0010952815008368096, -0.000617105313121797, 0.0026988264366775328, -0.0010794228382040463, 0.0006337039367154877, 0.0006973719386893465, -0.002194673711426379, 0.0009001838664035941, 0.0002639767639266837, 0.0007958408344786819, -0.026956503939488934, -0.020630915584405142, -0.025040499688747494, 0.008051033796674625, 0.0, -0.008297768043674221, 0.0056949477147388945, -0.04322472419062287], ""intercept"": 0.00016905200000000092}]",41,0.00012418331877685107,0.007311291350410642,3a604de324fb150be04724a6acbd8db7ea51b24abc931fa4a127c8ad46fb7d7a,3974e7b5ed050c2c5fdbe319f8a8348252292b9fa37403780b03afa5b75cef4f,False
VALIDATION_COMMON_SUPPORT,REGISTERED_JOINT_CANDIDATE,METRO_P60_JOINT_STABILITY_02f832d007a28cbf835b3e49,J_KA,CHANNEL_COMPRESSED,0.0,1e-05,0.0832284722177805,0.08322847221778049,0.08268682174867904,0.28755316334319647,0.15873214841338615,0.1696228833773693,0.28755316334319647,0.15873214841338615,0.7630150120362124,0.16962289308915013,"{""block_dimensions"": {""A"": 8, ""K"": 32}, ""coefficient"": [-0.017092472875835655, -0.014682896925763217, -0.008963437919205175, -0.00301113384893175, -0.0032579469851791985, 0.007374818458868206, -0.011544373088080928, -0.005157297642716154, 0.0020836161309328144, 0.017407950894980345, 0.006949848073474217, 0.02341933569243218, 0.017401694941267698, 0.009253152992226569, 0.006238330603712078, -0.003415553852022586, -0.0020301708304380625, 0.00036612172270294774, 0.008582180256343858, 0.006958972187967556, 0.009969352895201684, 0.002862369626459972, -0.01120332165823412, 0.0013154349157359932, 0.0053730660923892, -0.007443471282122347, 0.006905944496902595, -0.004277258400998175, -0.021769311127147067, 0.002259480607106228, -0.0034796210651849464, 0.002190534161163903, -0.043788671634657744, -0.025508407533086523, -0.03957735656616886, 0.018864159803340674, 0.0, -0.023821476782785112, 0.018191803262162725, -0.07627717452405702], ""intercept"": 0.00017409199999999988}",41,0.0005987786194344206,0.018146805376490743,80acb6e02c969d97049ac9088acb156a869dc6af2f67e607803f03031ad78c72,5c14de3252f02c3eca468a66d719706b832d449298f94a9314b55706df5c0f4a,False
OOF_COMMON_FOLDS_1_3,REGISTERED_JOINT_CANDIDATE,METRO_P60_JOINT_STABILITY_02f832d007a28cbf835b3e49,J_KA,CHANNEL_COMPRESSED,0.0,1e-05,0.0832284722177805,0.08345385072421317,0.08345385072421317,0.2888838014223248,0.1594434635008557,0.1734148613655504,0.2888838014223248,0.1594434635008557,0.7616400898466686,0.17341500483964178,"[{""block_dimensions"": {""A"": 8, ""K"": 32}, ""coefficient"": [-0.0008895850864292371, -0.020813494773818383, -0.010093548765928669, -0.012135834199084625, -0.00013915378751755647, 0.0009993996454943737, -0.0100247915872643, -0.004535293917495023, -0.00023587589091863002, -0.005584499274635984, -0.0008023100627826884, 0.02036126357397613, 0.0035358207830760895, 0.001982704196548894, 0.00735817500761766, 0.02353125623618059, 0.00159048817408803, 0.00889998855366018, -0.014617179589630509, 0.01121934995920042, 0.01136328217482338, 0.005137566013525789, 0.004030921180386296, 0.006389383962708973, 0.003964808648201441, 0.011976762744527077, 0.015863311257672305, 0.011316583939698012, -0.050088111398915273, 0.0015731168177144353, 0.0006432584245141449, 5.1629023774201205e-05, -0.044155574167472726, -0.025234480478081463, -0.039689455832425176, 0.019864383519663523, 0.0, -0.024473377270529412, 0.01853155769394543, -0.0769388714994752], ""intercept"": -0.00012420800000000328}, {""block_dimensions"": {""A"": 8, ""K"": 32}, ""coefficient"": [-0.0071603655965930425, -0.03809147801059595, -0.01592436167291827, -0.025682861440986478, -0.0031892717039019767, 0.0073016507508631865, -0.008863897568914992, -0.0061806019545828554, 0.003184315768911164, -0.004135631149599632, 0.0015013691700644354, 0.024342569926002783, 0.012101854408207434, 0.009597710695141865, 0.004660713878446392, 0.010087623886861167, 0.0034147188301469063, 0.006354059241917338, 0.003414213491237611, 0.03374439826243056, 0.012998560244964394, 0.006581129144843219, -0.007036909938336313, -0.0032270935813540056, 0.005941658709047372, 0.012724699830725588, 0.015774884978389882, 0.021448576414655255, -0.05473953395632103, 0.001744430602860544, 0.0012948741488058512, -0.00038280821243492636, -0.04497483114694953, -0.026101966034036236, -0.04043999175829448, 0.01873736397930333, 0.0, -0.024603102023932576, 0.018468510140156533, -0.07677423518063903], ""intercept"": 0.000191412}, {""block_dimensions"": {""A"": 8, ""K"": 32}, ""coefficient"": [-0.019285356960436095, -0.016889216397774895, -0.015157049163996806, -0.004916113105231922, -0.0032119938949383784, 0.004998485023955361, -0.012209694847274686, -0.0030393060558812114, 0.0008299313076720921, 0.018262832080742777, 0.005843870536248223, 0.026381372629483327, 0.02089330577419527, 0.010157273050330404, 0.006680190473880607, -0.002629445830262639, 0.0074403179692086535, -0.0020367891410226933, 0.011419144382764734, 0.012017663424249968, 0.010919928397796886, 0.004845249368840452, -0.022770210810833736, -0.004370147272165648, 0.006363566220116222, -0.0028351728180043517, 0.0116007467534047, 0.0031230709024186567, -0.03044735657163128, 0.003350756688343872, -0.00282087090370401, 0.0005390294446448582, -0.043978880351725376, -0.025778212785497932, -0.03965325378847264, 0.018219935665590017, 0.0, -0.02382579117831042, 0.017976835800852815, -0.07559773073603977], ""intercept"": 0.00016905200000000092}]",41,0.0007355836848272032,0.018464354779316985,3a604de324fb150be04724a6acbd8db7ea51b24abc931fa4a127c8ad46fb7d7a,b4ccff6c7b58e3e70d4fe27187d34ab28e74e199d7e0bac751944bdffa8c3774,False
VALIDATION_COMMON_SUPPORT,REGISTERED_JOINT_CANDIDATE,METRO_P60_JOINT_STABILITY_4167971898525891cb3c791f,J_KA,FULL_BASIS,0.0,0.0,0.08083200568300063,0.08083200568300061,0.07990899569437046,0.2826817922936857,0.16505518845097747,0.19751902378613806,0.2826817922936857,0.1650551884509775,0.7709764145925555,0.19751903317165598,"{""block_dimensions"": {""A"": 8, ""K"": 288}, ""coefficient"": [-0.0017554136191762595, 0.0020740670948332963, -0.01346093039102326, 0.0009268999706842157, -0.024574594966737088, 0.05859467201105669, -0.0069698799519655645, 0.006428694201590849, 0.001372586566625608, -0.022422870906940014, -0.014761591998857066, -0.017057992516754012, 0.05114198929864692, -0.009359298311708335, 0.054561658070858145, 0.09011441052075812, -0.012442655138558613, 0.03177683725240855, 0.005602612101518125, -0.01513845422951844, 0.02161810249997133, -0.001544832066885312, -0.10352394725977519, -0.046844256645431924, -0.7587267949933566, 0.38727425971226337, 0.43664796481613816, -1.748857049522404, -0.18586835521344494, 0.6122144447435497, 0.15357892427583372, -0.2008989409345426, -0.7131500718432204, -0.4815981887669741, -0.21461811773173012, -0.20738777867131764, 0.0003947645088776891, 0.0012580946292495246, -0.0003317858125724285, -0.0015789383375262643, -0.001323318556589123, 0.000311134745246251, -0.0015664186111393828, -0.0016737447085109628, 0.0008696830040389318, -0.003700436409111554, -0.0007793877270840152, 0.005832787342653191, 0.008659763155818526, 0.0009634583263213247, 0.10990130579906429, 0.06944672515884076, -0.027686364184706203, -0.15923109888487152, -0.04777523844090292, 0.025608054401957157, -0.007521037691753123, -0.014352972364606118, -0.13368741403903597, -0.01437215755081142, 0.029310653864672038, 0.006615087579820794, 0.002018093923247692, 0.0015004417777342914, -0.01002643328066644, -0.06487474110713848, 0.00034897191367536855, 0.04871634275790827, -0.0454067559859756, -0.058651627554364205, 0.06952855742602898, 0.007545525826548436, -0.008207776218043302, -0.010014336345907034, 0.019494557395697668, 0.017685747970166376, 0.015989626653991836, 0.00782347789547964, -0.005708548395026, 0.005727438415907752, -0.027734365480901902, -0.0007910888514003218, -0.010219127514039012, 0.020185636957473076, -0.0018222914655500397, -0.002315299372313271, 0.0017110295051518498, 0.0007000352565741338, 6.199961675345206e-05, 0.0052413136523427675, -0.0007265689569254529, -0.00028164917043003605, 0.005094333630827648, 0.010008726120354045, 0.004938715222466545, 0.004957126691884432, 0.013697598495714614, -0.03729889078902425, 0.015660165786883406, 0.007063263351393064, -0.011428905218892739, -0.02878847965069524, 0.008491805413619961, 0.004538564944337408, 0.007246652656562581, -0.021011234685942817, 0.014766347925664763, 0.005982370769947533, -0.0002924987910754535, -0.008915724657830252, -0.005610572557740206, -0.019799600376295228, -0.010304918218281197, 0.01858663929006858, 0.023668570338630124, -0.03242672780314337, 0.013722130729856766, 0.009093836667163516, 0.025101941411105094, -0.004126093526258196, -0.021562914242533298, -0.01443023478649644, -0.023480964487906576, 0.010811025615194269, 0.0014893597134915538, -0.031838851736219274, -0.0050050174758336915, -0.021680863550216267, 0.006939404491779922, -0.0014153899046333122, 0.00656437133433152, 0.0033408883737434517, 0.00976305901910403, 0.0032308677140281223, -0.010431016770934724, 0.002049471428752375, 0.008059294647164464, -0.008586833996452211, -0.008679285224921828, -0.002577374933752425, -0.00711309209997625, 0.0070465602707579225, -0.013269306711770743, 0.01076272859560723, -0.030128994598841528, -4.405808045525939e-05, 0.0010361841334576053, 0.00244703143005578, 0.002340630677364912, 0.00014266137983319426, 0.0006547196406331176, 0.0064440011037413016, 0.0005345768484596737, -0.002557367268689254, -0.0014232062234201762, -0.009485642703486535, 0.019077027460654834, 0.02577042719038919, 0.11962506007426345, -0.012101775817428629, -0.023125412696056672, -0.005207245448894376, -0.013642395497724951, 0.009746100748694158, -0.007604656225774167, -0.02669893626872768, -0.027003091636182343, -0.002863100007645728, -0.0006338273574048552, 0.0009706645772817423, -0.0007382343349142927, -0.0001903005165628483, -0.0027068593576234424, 0.0001408273889695728, 0.0013123229723736255, -0.0006006113804224661, 0.0022029000539575713, 0.0012964139312148665, 0.008736360421910259, -0.018607445268382893, -0.03008485866266744, 0.033529165126031366, 0.10072104383335836, 0.025872147188678814, 0.01001967782279261, -0.00785143943943557, 0.029223982694472336, 0.003846607042522549, -0.04753041991289437, -0.02376385841967432, -0.027706069261249647, 0.005348794461364666, -0.0032887304043328477, -0.0022430478235253453, -0.00582304855621294, 0.0009928916100358386, -0.003197925040449052, -0.0016927742489876339, 0.0026288545334090317, -0.0014523418078614201, 0.00961790389008125, -0.008666676059314734, 0.01937006823252082, 0.0023820235146615365, 0.0005550692834812335, -0.012597276120569424, 0.005960100899652926, -0.018187044985211464, -0.008865190320533123, 0.0649506320882365, 0.0352811453242289, 0.01866422807645607, -0.034619843703841684, -0.05558007665617942, -0.02037967667463354, 0.019721987649046025, 0.003841338379389918, -0.0012530368347058553, 0.001506496206388239, -0.004767089262384203, -0.0007467136819428367, -0.004004808973709884, 0.003958187441150845, -0.0013815085774873722, -0.002946065374077206, -0.031212817974937277, -0.037777198961398965, 0.005473067130680135, 0.02168708710004116, -0.015670889394378027, -0.0014850228594087812, -0.02212600662639137, -0.002787891477886848, 0.0009941758657799526, 0.0007964599293609936, 0.006972903507027048, 0.8776835544129225, -0.3529119618194098, 1.8711626865229856, -0.38284993370089165, -0.10762068113322022, -0.5528909451098853, -0.2980895533374218, 0.10582926772488009, 0.800498122820993, 0.7515917455629384, 0.08993700102580104, 0.3685843810160411, 0.005474875848723835, 0.02477583685912349, 0.004137833099439259, 0.0034450508562493816, 0.0005699451684563065, 1.3189962557698456e-05, 0.00044312219605691295, 0.00033546120903708143, -0.0011659751953060186, -0.0013817153395201166, 0.00031640730569258826, -0.002100175181432923, 0.0014605893876291983, -0.0005626687209767343, -0.0009263171143460127, -0.0003782371393316896, 0.010377815658824462, -0.0032747338322752224, -0.0016010338868891257, 0.0034642702008759975, -0.012085255556521566, 0.0011052212813748622, -0.0161335512647794, 0.017489601509990668, 0.000353383383841247, -0.002568785723155772, -0.0059442733312284396, 0.010637390926155293, 0.00445975205743469, -0.009103726923497958, 0.0015365467678490651, -0.007981356256357007, -0.006067112754241854, -0.014947167396474205, 0.021833347961169643, -0.0027229458105014837, -0.019618056936073998, 0.009501529884593971, 0.012756763874708022, 0.012155665642547902, -0.059650379991037984, -0.036698738507304, -0.05281005219535308, 0.006839542008779688, 0.0, -0.02837443916980149, 0.0183007513520843, -0.07032718662145726], ""intercept"": 0.00017409199999999988}",297,0.005724287027274136,0.02594838553741342,80acb6e02c969d97049ac9088acb156a869dc6af2f67e607803f03031ad78c72,976ddcd2248bb00305dc05511d9c1fba5210dd271f702f32665f07e09a6496de,False
OOF_COMMON_FOLDS_1_3,REGISTERED_JOINT_CANDIDATE,METRO_P60_JOINT_STABILITY_4167971898525891cb3c791f,J_KA,FULL_BASIS,0.0,0.0,0.08083200568300063,0.08100142311427883,0.08100142311427883,0.2846074895611126,0.16643090638873317,0.19770541474753323,0.2846074895611126,0.16643090638873317,0.7686446848376568,0.19770555400540424,"[{""block_dimensions"": {""A"": 8, ""K"": 288}, ""coefficient"": [0.004798019472192622, -0.02873563765926954, 0.004037291642333767, -0.001890939712766325, -0.012970615711114183, 0.05146588324679781, 0.009179775677483064, 0.056616653193206766, 0.002255676567671525, -0.016008571005438548, -0.07903268970962865, -0.023646045710800916, 0.03868848377704849, -0.017910513102771163, -0.04802295542790519, 0.05926505551334057, -0.009078103456246637, -0.011735878211091986, 0.047870544535256646, -0.01259180502729879, 0.04150789002924235, 0.06526761122878622, -0.02480425935455061, -0.0128485133992733, -0.2150950897328322, 0.2709532798006331, -0.4507410788003405, -1.334063182703195, -0.06303859508453534, 0.44762928456512424, 0.08852750161142244, -0.5088938756095602, -0.5269808583019987, 0.007009140437850397, -0.6910324585669287, -0.11099376244202708, -0.001941708091041154, 0.0009718576470506437, -0.0008388580516256497, -0.0008894899856791294, -0.0001623967307616103, -0.0014207754575224743, -0.0014662288740338908, -0.0020326672698660307, 0.0015338032123392656, 0.0026990443679461, -2.2427648110487198e-05, 0.00023573417253800017, -0.003652925175214099, -0.007755912997429848, 0.07897313683221426, -0.19994623553880034, 0.008403011919991673, -0.4040315387085498, -0.41074559288729334, 0.01423054929690652, 0.004050153927215935, -0.028322393979198616, 0.026132816889401795, 0.03906121412284193, -0.012613779771316953, 0.013381385318738318, -0.003215498750473797, 0.0010556350392616678, 0.0069960600865159395, 0.0064182512601190615, 0.03735758970717061, 0.024439870092785945, -0.042659386610067795, -0.030999024311968305, 0.014041495451000537, -0.011810075485180326, 0.014915752184542124, -0.011521098541848688, 0.004115004990699895, -0.003956626309081151, 0.0012430109361992177, -0.025606849469220268, 0.0016141206136073831, -0.016617918119831526, 0.007043432814360013, 0.012587359843356793, 0.018480594653885064, 0.005843197176376451, 0.0003909265126904156, 0.0014835656445609917, 0.00019721168011159197, -0.0012493444852483262, 0.0004664164202732997, 0.0035517594244173873, 0.0035880120235599997, 0.0016572312227139169, 0.0031009222869391104, 0.0077467836449826456, 0.007280265729023292, 0.0061493438975871555, 0.028135221517341262, -0.03502580118562912, -0.003895928233660165, 0.005956243093618075, 0.003185110493794083, -0.03496143943281015, 0.0032765712964257627, -0.026343989560891082, 0.001477139528646401, 0.009387857958753645, -0.008194057773466457, 0.009748323171562321, -0.007667824858246338, -0.009731926711556625, 0.03808815553048071, -0.04363661254228077, -0.029548968611704918, 0.022316559826419523, -0.007718363612749072, -0.05660569327808956, 0.004062481169459349, -0.013235196105904505, 0.003727114507859308, 0.07426180832642619, 0.000323721692981293, -0.050109105911109474, -0.025448089657479262, -0.036706302603940894, 0.026753963099824238, 0.006005187775650592, -0.010927782145055947, 0.046137279362222644, 0.003256294400239449, -0.01598744086341951, -0.004686484193730695, 0.029799593111919244, -0.006834532066004795, 0.008982449746926467, 0.0028659614193672816, 0.006068091860133251, 0.010378314346515885, -0.0075094613899504585, -0.00478015331071081, -0.0005635532714547983, -0.001394899724497674, 0.011302831585357734, 0.003816027863458656, 0.006491650823931331, -0.07229286345458145, 0.010237182921553173, 0.003023233580029743, -0.0006017060516414705, -0.0020898019515282573, -0.005986996683162086, 0.01010139508432887, -0.009373323710950352, 0.003737551069638872, -0.001995990307553478, -0.0011198670008777997, 0.006202714937111932, -0.03200294201419387, 0.13129259168091262, -0.012010208872633255, 0.014596011734685804, -0.020795554546541584, -0.034023496995704075, -0.011543458226294044, 0.013159207839462448, -0.020742613064902604, -0.004164839427528213, -0.004043660547465778, -0.020089090702740738, -0.0007643294890913208, 0.0009180616763190651, 0.00023621911174076876, 0.0006180853856521836, -0.0006964284970150231, -0.0005667502948557435, 0.0005251669214781836, 0.0005494788888362345, -0.014804159611820387, 0.001130970612360131, 0.005714295726261027, 0.011080741390352656, 0.049963010245916976, -0.045389980513118953, -0.02515684407867008, 0.03257597894688983, -0.018284866353922073, 0.01321790442983055, 0.017890381053357076, 0.027631742020845, -0.004843287256981176, -0.04704318929110903, -0.0175046617400022, -0.030708532787691777, -0.0012964850418738945, -0.00625750954876238, 0.00157568795807832, 0.0023573552320385544, -0.006289093361246849, -0.0012126650987236839, 0.005561758963323829, 0.0005228710707520843, 0.006412545407358394, -0.0008960854071502846, 0.009424759965190653, 0.0040849673303413785, -0.0179674786939567, 0.040885263887495756, -0.03365673060323949, -0.06552780043840374, 0.037818487426302956, 0.041280628802289894, 0.008654235252967718, 0.04743135683300797, -0.015695813808683474, -0.039849519242721856, -0.038045846270865304, 0.05902558923359637, -0.004504330652166908, -0.003449859221518366, -0.0008408017748801381, -0.0048302727555286935, -0.00206550221482227, -0.00024403037400675263, 0.0012481560253104383, 0.005848088552437892, 0.0007039571094932003, -0.01505476226635911, 0.0014401892883815833, -0.04302578442243635, 0.002920641103472836, -0.030442842003710256, 0.0037673464127663692, -0.007211728251863467, -0.00917785471094847, -0.0011272876697222434, 0.011529257790764101, 0.011863709608411384, 0.15985442182244394, -0.08898784494203403, 0.6754246883116787, 1.6491001988616776, 0.007690392886171332, -0.3455072499178749, -0.024753320276136682, 0.41502339805854266, 0.6923746005816482, -0.2208037141383765, 0.8908769060064148, 0.16874514083452644, -0.013145274206172312, 0.024624393555329208, 0.01021281730573487, 0.0026007333426299544, -0.00013003301694040155, -0.0011503479027218046, -0.0008335648113836056, -0.001196829437013476, 0.00024783917683286055, 0.0009814975757590815, 0.0010871619510539388, -0.0013173472060253825, -0.00027496223373362947, -0.0003834029919483087, 0.0009019527394114649, 0.0026759454734651958, -0.0021097792076936964, 0.010132832825994491, -0.006056374568632566, 0.013481924379233286, -0.0038305600585357403, 0.021477558505007672, -0.017474851423541743, -0.02344991618217198, 0.0008486591900791552, 0.006052807172460052, -0.009150489579745954, 0.014860691486846734, -0.01679817393093343, -0.0049299979885415, 0.0023584659062482914, -0.01649745422908038, -0.003454380613819567, 0.010010302444277582, 0.007955203825035449, -0.0017084039432537633, -0.009894465710584936, 0.0053820944748685295, 0.01216919440183798, 0.011304723434322851, -0.06087040308747704, -0.03714445877980244, -0.05239244951958379, 0.006572528744995721, 0.0, -0.02890752304422113, 0.01905937881125291, -0.0714377347392972], ""intercept"": -0.00012420800000000328}, {""block_dimensions"": {""A"": 8, ""K"": 288}, ""coefficient"": [0.01363433514790712, 0.012340203150069692, -0.028066891319312684, -0.00713828236421532, -0.04464816168024541, 0.08466264162905472, 0.018022678613486973, 0.026677837307798467, -0.029273839704060944, -0.032454727029038045, -0.008347049798599291, -0.03908433583027456, 0.040095544703383515, -0.010907203991343711, 0.011956003336156958, 0.056058567131337944, -0.03732358008499005, 0.030175333945577712, 0.0179502204285025, -0.020539482811007606, 0.049785936550158554, -0.05920066810266563, 0.019700010092369248, -0.03965843246305323, -0.446038887055276, 0.024872411675973205, 0.4855167238528305, -1.2424087446190315, -0.3139490936768772, 0.4542022788673866, 0.10000254682091267, -0.5944159566147761, -0.35506230625056123, -0.9403453542640196, 0.11045839396889531, -0.4120946111955024, -0.0010077854298034474, -0.0024587175102424217, 0.001067453965057949, -0.0007270304962921966, -0.0010870168182193695, -0.0021873074757336143, -5.3613284580228174e-05, -0.0014908073436468718, -0.00039573868407847727, 0.0006248989364654506, -0.0013111354959298189, 0.004968687777283161, -0.003680155736775967, 0.001658694779961652, 0.007370962891313888, -0.031598411270463186, -0.011791469379510809, -0.3522341464911333, -0.24498821227611528, 0.011169404998887935, -0.01412387917387205, -0.01880772892276186, -0.028982133032558182, 0.0065403242915202855, 0.03828969539663364, 0.02327362311739028, 0.009217427624577312, 0.002350121724395467, -0.009127273511221652, -0.022488261248169373, 0.007269264010662589, 0.06385330333078779, -0.06008609222115316, -0.029187895479294044, -0.0672651788865882, 0.05055389924034913, 0.005800218144374656, -0.00536193008480618, 0.012783843783831655, 0.009176123299828889, 0.015609741037650888, -0.01720869300958079, -0.01015199199678498, 0.007334547405755863, -0.02456268694312077, 0.006182794329845635, -0.008120300390409467, 0.011736328187788466, 0.00154175879345522, 0.000763267324469911, -0.0006115720300073735, -0.001996207350399496, -0.0011102667335372493, 0.0046588080391496, 0.0008297093884878678, 0.001969293824561826, 0.005156605171112993, 0.009092029836738489, 0.003031659110015667, 0.00641406552878638, 0.0307657786298044, -0.04530610792251109, -0.0031886325232362927, 0.014893748738695258, -0.008360614436106951, -0.022428422549903165, -0.011537562171436661, -0.0011896692170935553, 0.004738285524079102, -0.015679403912743632, 0.01311096523563216, 0.014011771724081717, -0.009839435942775601, -0.014178926361106181, -0.017689404768065395, -0.013090137358009743, -0.025445958813957104, 0.033135223753813906, 0.03962152094988512, -0.04346133442687698, 0.006717960756408755, 0.004844370963371204, 0.015752226556612764, 0.023091745856389144, -0.019105837219026384, -0.05954257123416921, -0.028802752353066813, -0.025893412001249824, 0.0052701195564538155, 0.01187210805593317, -0.03517442545936141, 0.013138575708005844, 0.022665388569700514, 0.026466882100417064, -0.0052156521242549166, 0.015054867209283593, 0.008300359759422225, 0.0034422684169684906, -0.006262755368376305, 0.0007559274630521181, 0.009063776033322684, -0.006972999428987379, -0.008715620116706761, -0.0024895592371810826, 0.0011310552882899932, -0.004256576526922071, 0.014199582997705436, 0.0137474003058708, -0.05071171513012494, 0.0006801270555657642, -0.004772841582943242, 0.0007285204600622375, 0.002117443922516634, 0.011298697427581082, 0.0052041497346674475, 0.008210157246746149, -0.001168016631147992, -0.0011753362701284378, -0.0010756780878301922, -0.011076912439772985, 0.008734850310394256, 0.056706259870248354, 0.031096272875045138, 0.037526868117307974, -0.026205577790018232, -0.008063004426666858, -0.010886080230259327, 0.00224082866608541, -0.01496943374163964, -0.032205272586370945, -0.02310015992222253, 0.0017620953237121601, 0.00036584832608326596, -1.071385135659508e-05, -0.0009194889658764904, -0.0022521770463616994, -0.0014280115708081857, 0.000830655353269521, 0.0015662916889422852, 0.0017509158717998576, -0.023896192169537055, -0.002748062851307258, 0.015089463512713638, -0.008789635629715955, -0.023398767347031398, 0.055413150488251794, 0.005920847924438889, -0.027817782350984532, -0.0016872663094000474, 0.023174955278028077, 0.02791083085421612, -0.02088684228045788, -0.0704348019876125, -0.010940662027878655, -0.02900004970083741, 0.011524301475237177, -0.0010695388844022883, 0.0026572280470463557, -0.005017268281005562, 0.0016028399088034305, -0.006458889636680332, -0.0030201813595539806, 0.0030937147544736992, -0.0009088028062432949, 0.015153630046760095, 0.002664908669995477, -0.006181505330403323, 0.0007363681642329236, 0.007597425876744796, -0.04180410883069733, 0.023504594632893137, -0.02403653487461747, 0.010287627252828214, 0.05684764464008754, -0.01739933263126842, 0.017155603712756658, -0.02424713408577729, -0.04867057114001285, 0.01773447292746963, 0.0237141291954559, -0.002252052443938377, -0.0051179005306033415, -0.00010543418490736631, -0.002750364714396289, -0.0008465111073596643, -0.0043642364661504035, -0.00029828034467577327, 0.006176394469042958, 0.0041690904359613055, -0.005147921784894298, -0.0015538255330888838, -0.024702894921035716, 0.024345202339059426, -0.0005382788151702154, 0.01011890368430473, -0.03869737144172019, -0.00792813741477684, 0.00020141338144069105, 0.008827173309127008, 0.013035486461275472, 0.4613158858066844, 0.08729567189078018, 1.4959954785300662, -0.302305849117304, 0.192411214564943, -0.39179731157461173, -0.08390624690588011, 0.7299053608654841, 0.42846770570500803, 1.082825298112612, -0.19727657822167757, 0.3194354289249295, -0.003207982531864777, 0.021409455350110372, 0.007745703332318076, 0.0049851501997631355, -7.608203786984485e-05, 0.0009283356196432461, -0.0011866437891624839, 0.0012704262977559966, -0.001260066733962623, -0.0009143214051082609, 0.0003744414005876643, -0.0014425385831159329, 0.0032316022836144528, -0.0014613843189731808, -0.0025011637987254927, -0.0008250673171105326, -0.0005756818325808623, 0.006060985894943136, -0.0029035744968026267, 0.02229944451548659, -0.008017891334090465, 0.005759595808165288, -0.024226450649579092, -0.002722850229926227, 0.0010606953091942019, -0.0014657365983545404, -0.006567632540062379, 0.012883438221417486, -0.0012721751400278968, -0.0017558484743975783, 0.0027923621379461494, -0.011285166680568344, 0.0008105874479509887, 0.007131558461667539, -0.0009068203951292909, -0.003414118195517233, 0.004059870343092078, 0.003326413547561641, 0.007011718439117902, -0.007157696982954967, -0.059549146419537465, -0.038228886200033646, -0.05238673866866729, 0.0068596884937642605, 0.0, -0.02946237476895194, 0.019015439604260886, -0.07130175196102745], ""intercept"": 0.000191412}, {""block_dimensions"": {""A"": 8, ""K"": 288}, ""coefficient"": [-0.0005247034261221727, 0.004686631813123276, -0.02293889031181053, 0.0007924082116388688, -0.04878897876841304, 0.06291279168800851, -0.020090285688015498, 0.031017507328425176, -0.030510742467569477, -0.03989580720379345, -0.009468337270704823, 0.03259055196671879, 0.05277004010123991, -0.0015565235723116033, 0.04779664393039144, -0.01693937859253572, -0.01973355800962549, 0.02501231035472326, 0.06178724643850037, 0.0157168540761954, 0.006445335551785553, 0.013661020200781599, -0.08600060624157542, -0.04429882468311563, -0.8299577323952075, 0.38299276455073633, 0.16727345042777209, -2.0117727345360663, -0.07027461594467393, 0.7145124845883081, 0.05271906369709006, -0.6445076636188616, -0.8299261141641827, -0.9705723169786641, -0.1591502047563148, -0.33988483335241076, -0.0011554886453085482, -0.001050617756600395, 0.0013043419187184439, -0.0014947054760726978, -0.0009689995042154463, -0.0015975403853445858, -0.00014784413717453568, -0.0005026453355721885, 0.0009918325980466656, -0.0002555750146439505, 0.00025385547519944917, 0.002115524189725783, 0.010508663921631831, 0.003551824793412979, 0.09161468529281434, 0.003712042814229554, -0.025572464756988843, -0.3387268488848499, -0.22043018994987892, 0.025762461549103062, -0.018268907306886344, -0.016482333337635425, -0.09530399086358173, -0.0018976177498650486, 0.015343263090432168, 0.036363235082905676, 0.0094014756621259, 0.0009727444760695885, -0.006022187856534246, -0.03404683129368072, 0.006153673241341238, 0.04075630468902164, -0.07741178433328474, 0.056045879536917226, -0.03160493827422159, -0.01037914617600869, -0.00873579602788531, -0.01214483059679123, 0.012639804100355813, 0.023601007301055573, 0.024158686484412623, 0.015752185276097827, -0.006324935136564458, 0.005231356908871941, -0.030703709553664558, -0.008309787738896872, -0.021297144254985877, 0.011713420430697265, 0.0008626528278240388, -0.0014834116875164028, -0.0012057131489981762, 0.0007089610615880382, 0.00016344356873110658, 0.003358116263239377, -0.00015966921878212808, 6.924906522430508e-07, 0.005412308146417867, 0.008283822485030085, 0.005065834416995476, 0.008179465931730391, 0.03397548819264574, -0.05347887569540647, 0.007918711844840718, 0.014523953280373644, -0.013711384041709334, -0.027342499734756574, 0.002505697907583818, 0.0001625660222801076, 0.005403852616514074, -0.02476955417859097, 0.013694836284052344, 0.011306565817774903, -0.009928932480409955, -0.0052168358706836115, -0.011353225631471169, -0.012770485994591916, -0.014592076054026112, 0.01637095258640136, 0.03261418599302281, -0.04001074775554217, 0.00733164803776971, 0.013568245069916758, 0.03451530995994975, 0.0016164086544563638, -0.028483003230814055, -0.030942546539313897, -0.02185994694493504, 0.015406441619120411, 0.0011218370821577024, -0.020571811060604822, -0.022386923452532764, 0.004076434123293943, 0.014282798420477083, 0.01922556880880886, 0.0075332476837926005, -0.016710272134892176, 0.00803351286483237, 0.004711203839576897, -0.0076308079948586285, 0.0021803082456489094, 0.009757541752532227, -0.007750779911925108, -0.008552394647694084, -0.0009127731671481327, -0.0054049015362352525, 0.010183689429279679, -0.006168385701014174, 0.013867248704650162, -0.04872746174266584, 0.002733743173577231, -0.003567505718447232, 0.0005953474982767047, 0.0024653536717804273, 0.007401762261440836, 0.003107859780684632, 0.006875593918123628, 0.0015276397060417092, -0.0012931098153488797, -0.0019297103294822645, -0.013867925001648667, 0.01918025567298915, 0.01287221642304868, 0.06489148055237544, -0.005243178956077735, -0.025022548267109392, -0.001176608371950934, -0.01214560227107047, 0.00839599872710048, -0.013519386460849886, -0.02994021398820302, -0.023283117304646477, 0.0004772664160818399, -0.0002636760988461025, 0.0009735061810261466, -0.0006053476560219178, -0.0011529540455630272, -0.002618337132445423, -9.291026919815215e-05, -0.00031578903541462015, 0.0017563599174039264, -0.016492854173165948, -0.020255624746642935, 0.015382196996582512, -0.0076274716177834375, -0.030306403577993773, 0.04020191975793022, 0.03888549302047055, -0.01793928386550273, 0.0023771942641945057, -0.0071438717833367665, 0.03296823591002248, 0.011544281580992577, -0.03805914585521042, -0.049715676264379435, -0.011273996259235955, -0.004110986336433466, -0.001870695174485754, -0.00012584447026387416, -0.005606657662460799, 0.0006406996379064037, -0.0047860153666874515, -0.002759537963068413, 0.0027733783717246484, -0.0019383114884226602, 0.007488790708161445, -0.015252462329750568, 0.01666633710714508, -0.0019757144875321014, 0.0021870204136624095, -0.025965369544212396, 0.01762443250453668, -0.04039727011611081, 0.008337911773703974, 0.055216842423667915, 0.021663785771938854, 0.02010264264284896, -0.023827055266835435, -0.04346988523705483, -0.022227600887418764, 0.037385905220034814, 0.0052620660119707605, 9.214653876742113e-05, 0.00031400126515614254, 0.0006022970499692474, -0.00011608151773835085, -0.0049547525040060355, 0.0035257611846660187, -0.002219475147320897, -0.003659849685629969, -0.014416488967985468, -0.041201647924014734, 0.0014797660889802166, 0.024579070822915664, -0.007051918986902096, -0.004053328776689742, -0.03332943332809696, -0.005678985981205386, -0.0005089218975177559, 0.0024079033972337328, 0.01158966913634201, 0.9363084618814506, -0.30465818079954443, 2.287566317023941, 0.034988762208595876, -0.11207927844450491, -0.6699904012413959, -0.09360487861047416, 0.758806785920934, 0.886256081578876, 1.1658734111939713, 0.0346006139209875, 0.26790872720625486, 0.0028604718363699558, 0.022660773154317887, 0.004092429088185072, 0.004253767741013848, 9.424402379688624e-05, 0.00027272892345011626, 0.0008579396945833522, 0.0007941976031955196, -0.001315232233055264, -0.0021905615742328667, -9.770308728133938e-07, -0.0006506074292484968, 0.0023978214333039106, -0.0013854965118490223, -0.0016019311800378666, -0.0006200853470518803, 0.001639015219336702, 0.0024025906000450952, -0.01618881380494479, 0.00870514460113032, 0.0017321675183474875, 0.01898556502422012, -0.03512024664358417, 0.014594564108930584, 0.0009761888373810491, -0.0005664979625327591, -0.0041874967629496095, 0.009889503286508571, 0.012688374087082208, -0.005434023648204446, 0.002365421920356672, -0.02027331908530373, -0.005583647956867106, 0.013739294974652304, 0.018606435899013004, -0.0035753899956160145, -0.003013428153582777, -0.016078169716670223, 0.005047015046993873, 0.0023651669591165693, -0.06070820555990454, -0.03918188321947741, -0.056017814744420726, 0.013032583399341923, 0.0, -0.027435109825553354, 0.020684369454754766, -0.0647086738325254], ""intercept"": 0.00016905200000000092}]",297,0.0059924546196397435,0.02637801463068126,3a604de324fb150be04724a6acbd8db7ea51b24abc931fa4a127c8ad46fb7d7a,d7cb78fb420d7a721104b806d1ca2241a68aec7fe646ba9e01cb4bb0bb489219,False
VALIDATION_COMMON_SUPPORT,REGISTERED_JOINT_CANDIDATE,METRO_P60_JOINT_STABILITY_8467168aff99f997f691c2f3,J_KA,FULL_BASIS,0.0,0.0001,0.0807878138193142,0.0807878138193142,0.07989137354716712,0.2826506209920069,0.16493213207117915,0.19769599307185903,0.2826506209920069,0.16493213207117915,0.7710269206375885,0.19769600245530738,"{""block_dimensions"": {""A"": 8, ""K"": 288}, ""coefficient"": [0.00031826413971381464, 0.002249217114332937, -0.014787961474062424, -0.000356352380226862, -0.017368228382440534, 0.05226056893419798, -0.0020960332933099403, 0.007788862991612632, 0.0041511396722474295, -0.02160835423858458, -0.01179182015002497, -0.015699087061582323, 0.04063430622764864, -0.007559667770498223, 0.027364763791041392, 0.052621052628899836, -0.014440097842638267, 0.031659390963550145, -0.007785246560345001, -0.01481351951772534, 0.018864380941239798, -0.002346190166936896, -0.05925328197748617, -0.02223825320150759, -0.04641194120994214, 0.019737017709914307, -0.009607171880095971, -0.022229116851589615, -0.10032394248008694, 0.05521244727234857, -0.006465454990758171, -0.045405656425031825, -0.028271693073670376, 0.03473263400515394, -0.038447101256169736, 0.024729957618060655, 0.0003711012374719372, 0.0013139928138575444, -0.0003099270516740471, -0.0016025266024795612, -0.0013056208744264659, 0.00024151067623361954, -0.0015361224917623056, -0.001604816906562301, 0.0007349314934548172, -0.004563296951900827, -0.0008187044947782321, 0.006837543534663859, 0.006981743232942463, 0.0009015209742161889, 0.040291715263639075, 0.038938510176554225, -0.02281001190544093, -0.03297326508913169, 0.029933120850574063, 0.021404991226754287, -0.008416503110885393, -0.00948962725447574, 0.030010957540522246, -0.004240244043308716, 0.024326740494375748, -0.000678294252494768, 0.002546600297119002, 0.0016077454227610194, -0.009260412562146622, -0.03332989631322842, 0.0025386776577203444, 0.04242366034045389, -0.03320822344953491, -0.04749003351203044, 0.04251184819963227, -0.004254089023600844, -0.008412556079712275, -0.008448571351053298, 0.01792789603637859, 0.014721812655422441, 0.012334149200066969, 0.008186006648770361, -0.005412749725316151, 0.004577635339570018, -0.023923071686525948, -0.0029944941183589952, -0.009247101285911241, 0.02159892187797795, -0.0019457578377026438, -0.0023231067550766203, 0.0016497109759486593, 0.0006359398538324267, 0.0002555261357728216, 0.0052527471719521985, -0.000540021288864357, -0.0003129375781312953, 0.0053961734210588, 0.010154963119818892, 0.004708553251702296, 0.005369332826900912, -0.0008763451293898035, -0.018132664481878735, 0.013098312669438865, -0.004976771691494351, -0.011627502987213519, -0.027321949276731487, 0.011721655088188778, 0.003148718107738818, 0.010755294130586677, -0.017568050953437324, 0.016238618391501047, 0.0056210409289821905, 0.004776681418510658, -0.010388216642761282, -0.0027786421383768772, -0.013367916698071457, -0.011917327745923596, 0.019300009874392125, 0.02116083264901636, -0.03161732109842742, 0.008770414398829756, 0.0013680997855949578, 0.01905832594848793, -0.003924779220389003, -0.01965957653733097, -0.007614262691470241, -0.027626877368913963, 0.006672938427300774, 0.0022741236924270565, -0.02857257334107724, -0.005141958084691846, -0.021055574176779245, 0.0052288319320911115, 0.0009623410955656068, 0.0038048884671586626, 0.00814918353960791, 0.009497462002897803, 0.002353108552562341, -0.008913427248705235, 0.0020710784967381073, 0.008612242798485707, -0.009222321532379299, -0.009074808623174935, -0.002704131056162106, -0.004665528737456169, 0.0033137837323750957, -0.011824527703860407, 0.011056908290590677, -0.0304361870001317, -0.000513525749970634, 0.001435963515916647, 0.0023864884827481062, 0.002422711328638983, 0.0006467454639671904, 0.0007646106675389584, 0.005903577557334429, 0.0007136128628775182, -0.0023735202437155717, -0.0015493205218341881, -0.00866316033805617, 0.003706260159393587, 0.03443759752510862, 0.07322953610022719, -0.010291482431253348, -0.023687593183101405, -0.005365302567164693, -0.013006884955831976, 0.007115299362011465, -0.008725673284367684, -0.02657761136421299, -0.026786255654968203, -0.0026184038389736853, -0.0006510328419095983, 0.0008826506038144097, -0.00044108227194261386, -0.0003374125126704128, -0.002716431803553498, 0.00010602753623721259, 0.0012868217460642317, -0.0009100525050434923, 0.003943539949237866, 0.0008434450481640855, 0.007813884710314703, -0.014633417492193624, -0.03019610798421936, 0.030840764278884977, 0.07105783893538918, 0.020451484199481604, 0.011320537284126339, -0.007783216740822264, 0.0303804309873339, 0.0035305859717816093, -0.044703536433200464, -0.021532749167567516, -0.02309453466304262, 0.003980234453926797, -0.003197419971420873, -0.0023352545626973914, -0.005917658829201498, 0.0009106625077741659, -0.003441879683821221, -0.0017175676217450959, 0.002425015097081241, -0.0014126168058588289, 0.01180504463421416, -0.01137452221498545, 0.020486751617909714, 0.003254108232534182, 0.0036473298334769497, -0.005375367040348741, 0.0049179734957641, 0.0005929894616495549, -0.012818006495875394, 0.042801785342972604, 0.020081342508004425, 0.017725722844496437, -0.020415994164720196, -0.035091877640277665, -0.019655181452514887, 0.001961575884345118, 0.0037886566388437657, -0.001997401409143093, 0.001587062858660344, -0.00530912760752708, -0.0011408377614945883, -0.0034638244147523747, 0.003786656078404734, -0.0012512948967064418, -0.003041014062574232, -0.030320511682122443, -0.03652928475053247, 0.005342512103500974, 0.020353845625445087, -0.016170890354804637, -0.0013214643494291925, -0.021913889781219446, -0.0016201952403014327, 0.001409866812453517, 0.0021513100898279095, 0.008095368676050471, 0.020841218888682057, -0.003750041394355068, -0.0007429769389934918, -0.014453755593531282, -0.07723326359253843, 0.008030644949413792, -0.010165652612637407, -0.024449130846254524, 0.04039816554683419, 0.09419957546699864, -0.011627377619386056, 0.053745052236674154, 0.0042710872243916604, 0.023730575292260365, 0.004309858105866267, 0.0034685862822658917, 0.0006259125420067492, 9.983601920840159e-05, 0.0003570358054066119, 0.0003023284642883949, -0.0011825749581952177, -0.00136993977394799, 0.0002064698096441965, -0.002111459587074328, 0.0013678790925959851, -0.0002980955981117608, -0.0006456464235680308, -0.0007800356125063992, 0.010699492562643551, -0.0027442972109655017, -0.0008296338401099218, 0.004220353450877779, -0.01156643069823039, -0.00045723890591485263, -0.016731462692831954, 0.01655387736268607, -7.016292656285985e-08, -0.0014224496214862341, -0.005257942938668281, 0.009705640768797697, 0.004461783189143984, -0.008442547602090154, 0.0014062081084750659, -0.007584951927512996, -0.00552802526955018, -0.013960138772496257, 0.0210351321044712, -0.002656399084082278, -0.01866313223095444, 0.008487363222866603, 0.011977530209336503, 0.011188165541443222, -0.058956583995309, -0.03686213150318654, -0.05078517398855792, 0.004523175291118301, 0.0, -0.02879034879779901, 0.017982976180607572, -0.07216849447722407], ""intercept"": 0.00017409199999999988}",297,0.00565511577515092,0.025904044473023937,80acb6e02c969d97049ac9088acb156a869dc6af2f67e607803f03031ad78c72,f6f7577218db442201b484e4fb383fc932320724d3c0d49b6ad745ed2577b8d8,False
OOF_COMMON_FOLDS_1_3,REGISTERED_JOINT_CANDIDATE,METRO_P60_JOINT_STABILITY_8467168aff99f997f691c2f3,J_KA,FULL_BASIS,0.0,0.0001,0.0807878138193142,0.080978589209928,0.080978589209928,0.2845673720051686,0.16624193016351663,0.1979315776606836,0.2845673720051686,0.16624193016351663,0.7687099027675939,0.19793171687929845,"[{""block_dimensions"": {""A"": 8, ""K"": 288}, ""coefficient"": [0.004633959706768998, -0.028511840544242165, 0.0038478676655907956, -0.003748490310717505, -0.013709688174457358, 0.047314290101161185, 0.012419130614526073, 0.05096993165512179, 0.0019563525423917007, -0.012476704100393482, -0.06916070258715688, -0.026822560235051626, 0.03485145603349992, -0.018792429010583363, -0.03460975085882712, 0.04529078369146002, -0.01863744839041466, 0.001679831868552663, 0.03205797303229122, -0.019671637244751718, 0.03227014966057136, 0.055413985435435874, -0.019556504969130365, -0.0048991571671291485, -0.03505234604320928, 0.07029569221835802, -0.02238636491767467, -0.026504630769268817, -0.011084877447108076, 0.055667874567057296, 0.008541741822523164, -0.06711402923422015, 0.008988271780931168, -0.04724284162018854, 0.01670104427949464, 0.0036365239961818393, -0.0018493755866362592, 0.000995191960393568, -0.000780355159673682, -0.000859805071748078, -0.0001227969024440355, -0.0012956864547481396, -0.0014030786304559443, -0.002035271077210277, 0.001555893089066248, 0.0024212451680774415, -6.64978178546469e-05, 0.0003768401941789693, -0.004066222599326631, -0.007478975237546242, -0.0072215449019115575, -0.035010956136816714, 0.003327275707946831, -0.06234590095454703, -0.035746757090364616, 0.008552409176217678, 0.004222306307697661, -0.022753624618783094, 0.04036002954940164, 0.03919863503064891, -0.008048810438732465, 0.005446112457706344, -0.004186691349574449, 0.0010843406360582372, 0.005196902000273993, 0.007001022997709192, 0.014596872828789095, 0.027898150519808734, -0.021782912388536597, -0.02978733670977175, 0.0057071672230842455, -0.004028530474803597, 0.013231609072574656, -0.010618340571673405, 0.0046774633308244535, -0.0008132788786788979, 0.0008088265358824992, -0.021473871358502667, 0.0014361623061011862, -0.0159560811085893, 0.004707714696747794, 0.008743433324706843, 0.017222210251018683, 0.006919396381902074, 0.00032959339153776655, 0.001374936881210044, 0.00015501027013340457, -0.0013428485480914446, 0.0008101943497461249, 0.0035668153036015277, 0.0035430380705985583, 0.0017142762057992976, 0.003458233528069839, 0.00790052846789153, 0.007503316803370547, 0.0057438764836390925, 0.0162108935752738, -0.018075697116895703, -0.008837524550031627, 0.007450367521520387, 0.001830886259858566, -0.0290811433472778, 0.005055389141369684, -0.022409475683447765, 0.003561890026837807, 0.011671312421318907, -0.008803264961038369, 0.008548549667099524, -0.0023398061179345916, -0.010510564066841026, 0.035079337376782226, -0.042543186181189976, -0.025954334709975987, 0.022257450744054604, -0.005150683584067693, -0.049633715610656666, 0.004218810746001657, -0.011034044565389735, 0.0045949865007221535, 0.05153700458481864, -0.007291413266178248, -0.03402162382101132, -0.016363800981761812, -0.034082540797663236, 0.026092631699978504, 0.0058777962190693775, -0.01109063014795726, 0.04097782846478628, 0.0005084011364287396, -0.013066124111125222, -0.007607060837901374, 0.028825114190766343, -0.006169378099941607, 0.009718513947634783, 0.0029647919004484992, 0.005583123347956695, 0.009951699921727106, -0.008205283707924997, -0.005783520886365189, -0.000414531391924328, 0.0002081338939810723, 0.012607608032673934, 0.003164770185841722, 0.0066437078960328915, -0.0679105166931185, 0.009096590242374017, 0.003816451324352522, -3.34961705638556e-05, -0.0019893878429470013, -0.005565658054933728, 0.00937250247599329, -0.00842274677081082, 0.003735044086479901, -0.0017721057846913477, -0.0011325017535025767, 0.005655144906337981, -0.03473498226912825, 0.1290750887583821, 0.0009325183751637785, 0.011748686243079011, -0.02062228697447098, -0.03248374698262018, -0.009946676886760236, 0.007530048177898463, -0.02094846556619054, -0.0034928600831660933, -0.006357457730418118, -0.0189883117831966, -0.0007905421628030924, 0.000957832001546712, 0.00036565358207194025, 0.00035765977473656236, -0.0009041214724526713, -0.0006679493525585857, 0.00048826548021247573, 0.0007268065147698403, -0.012390579744173808, 0.00208014877842362, 0.00619382620623106, 0.009250796190149822, 0.045692181062167214, -0.04452893473868185, -0.014590356893471618, 0.02318662063610176, -0.014623724477896996, 0.010968172117541114, 0.015984152217331037, 0.025482231187830166, -0.002266625565691733, -0.04657498397722534, -0.019041546837665204, -0.028564983009553957, -0.001363405625434956, -0.006368687306129524, 0.0014249973876643675, 0.0021071466877552658, -0.00625473817052372, -0.0013054774228259398, 0.005197917482915262, 0.0006646492715701668, 0.008030413347657094, 0.0005554012560668814, 0.006145392298651686, 0.0016808956655219934, -0.015324940935577331, 0.03683516961969185, -0.028540506090947725, -0.02809647170587178, 0.025023119328375414, 0.02906082863188373, -0.004805211131273385, 0.03129961665875258, -0.0022917802100701026, -0.028665807605476608, -0.02393383103311469, 0.023958451334563896, -0.004428543730616753, -0.0029302195909074406, -0.0008233304600585459, -0.004780199590980685, -0.0024050143666306824, -0.0003598557838058797, 0.0006841940103626448, 0.005668204363271456, 0.0004414532999183679, -0.013429979814178391, 0.0016700341229437916, -0.04092121981140705, 0.001762227509492781, -0.03180068966079452, 0.002592508939579378, -0.008835886332129637, -0.00886946542130739, -0.0012974676509678617, 0.011297513755265198, 0.01171547836962396, -0.006743423594149695, 0.05176580179938383, -0.01870118864427583, -0.01585547441046664, 0.001288523595470382, 0.021885194606646813, 0.00017000792538905923, -0.020939289636376146, 0.06254768241201673, -0.04666304193074184, 0.08289302055631738, 0.02188043564754529, -0.012840638091844573, 0.024085546032043888, 0.01078050891579833, 0.0027178093009018554, -0.0001486333754833811, -0.0011944947573800148, -0.0007961940142350258, -0.0011457075197732352, 0.0002470847177177789, 0.0009967959858490215, 0.000965612321987342, -0.0010979882916668752, -0.0003162089784934255, -0.000412407073376606, 0.0006983452780799417, 0.0023217827052360645, -0.002873067726582271, 0.009889949207981598, -0.005443981207695229, 0.01400044510682256, -0.0036146309326612123, 0.021576995779078074, -0.018166770311569685, -0.023579876259115527, 0.0017282565638097613, 0.0056226744302105445, -0.008796614732650806, 0.014731563042789367, -0.01575331416857739, -0.004625609018277115, 0.0022114512016919827, -0.015875386115359193, -0.002377731481850044, 0.009235035921461965, 0.007682094666033517, -0.0016490316559477078, -0.008626792771001672, 0.005091560556422373, 0.011435973839569978, 0.009022886721971992, -0.05991388944909141, -0.03709587541933576, -0.051440532205561586, 0.004899214380709091, 0.0, -0.02950293523194887, 0.01836556141004418, -0.0727948663994125], ""intercept"": -0.00012420800000000328}, {""block_dimensions"": {""A"": 8, ""K"": 288}, ""coefficient"": [0.011361542689343104, 0.00865269277134286, -0.026696261056530914, -0.004134591976902027, -0.040798103155654276, 0.07856467321445386, 0.018932772243810226, 0.026278946605781246, -0.024684731994498756, -0.024145376199628817, -0.010044179269578488, -0.03884851324846872, 0.03604557155128597, -0.009308002515979151, -0.002517098344966811, 0.03924754423306596, -0.03989640633319756, 0.026997762425444168, 0.009903504153480725, -0.010151761611693087, 0.04006023698481609, -0.04149780114584604, 0.012771381249342165, -0.02999191596859804, -0.037155240757368826, 0.02066767788659927, -0.001140742202295997, -0.010480774098754711, -0.050632564513061466, 0.049466168633577896, 0.01532705033864206, 0.00012746817151333348, -0.005710595494807772, -0.02162872206659921, -0.008453188748788592, -0.06378024095892684, -0.0009383601270410137, -0.002461199767115894, 0.0011159157407324284, -0.0007029560170529591, -0.0010446910368981392, -0.002013465774523736, -4.891072237769765e-05, -0.0015226555721377223, -0.00013504246718684356, 0.00020750370602374226, -0.0013649333194199966, 0.005095127109439518, -0.0071198534872304485, 0.0016114113247009878, -0.011548635072383753, 0.022581422824031906, -0.014530808567217439, -0.0654299311784482, -0.0007929372781736049, 0.006919674453927494, -0.013562464980418281, -0.016990517121415322, 0.030421005053002454, 0.01721913197095518, 0.030752561050139723, 0.014535092579389971, 0.00806743844497349, 0.002486924219393745, -0.008793339675566976, -0.011444001009408927, -0.002361370926574075, 0.04686094320233804, -0.042369421367255675, -0.023165766545474115, -0.05072400253215516, 0.04069831893479016, 0.0037759677363377302, -0.004112340109691056, 0.012082021382559911, 0.008315101853993034, 0.01262116058745375, -0.014156251084206132, -0.009627356167000013, 0.005531600399024407, -0.02270956227892045, 0.005094589051976621, -0.008554732151885272, 0.013991407849527852, 0.0015020634040558722, 0.0006655055193011047, -0.0007569152120763423, -0.0021431552113511747, -0.0008070867085611803, 0.00459706645187312, 0.0007932920293906719, 0.0018085206772324328, 0.005344890282472562, 0.009264049361530925, 0.0030767010804691446, 0.00629454124758921, 0.015592818590420074, -0.017121982637594086, -0.016223763338512123, 0.00891468599520187, -0.010029844685127229, -0.019785697482275388, -0.003041552684039432, -0.001929391679379644, 0.006384670698701019, -0.011743081573774758, 0.011846583187689351, 0.012551736761541043, -0.006415501553198857, -0.015734264999636247, -0.01582032938006546, -0.006244383635116993, -0.026528165234792685, 0.03497127720422115, 0.03285325178536894, -0.03874498252171874, 0.003816751360979413, -0.00028318923797880283, 0.012440973499038192, 0.019866290962518702, -0.023373509773738838, -0.041436879731257356, -0.02206734833592602, -0.02804040747864592, 0.004019186185093498, 0.011506870270099239, -0.03329828762959382, 0.012761343645970504, 0.020694228828611296, 0.028864181214093402, -0.008267206910773584, 0.011272303826966434, 0.008153696817053543, 0.0034554065744418303, -0.005358467032703642, 0.0008802649010772351, 0.009676791256050143, -0.008207208619415204, -0.009640261582815118, -0.0025613430180083585, 0.003393089317442989, -0.0011964102364531966, 0.01063204061373662, 0.013392557279617471, -0.049279604624537475, 0.0002090973230019581, -0.004412261140440982, 0.00045422057072353714, 0.0021610927776016422, 0.010760121447120512, 0.005188937201063202, 0.008342425632611734, -0.0009743165275802899, -0.0009574863983055412, -0.0012273067972898711, -0.010168358790085503, -0.009052177422030495, 0.07284565203272649, 0.024914878834033972, 0.03311266265018984, -0.025503759848287684, -0.007898062421739101, -0.008876640459863838, -0.003003970567148871, -0.015334907835147278, -0.032994800680810114, -0.02412542800991503, 0.003002499202561767, 0.0005416016624261459, -9.171679635996369e-05, -0.0005660717514125855, -0.0023342469856313395, -0.0014297674946403514, 0.0004998307648650011, 0.0014887641951493733, 0.0018478504118915801, -0.02027591795877862, -0.0031712420902033807, 0.014564991452700488, -0.007742862853329485, -0.027052781457258673, 0.05225529510753446, 0.0030205735618400753, -0.028834602917786816, 0.00417190538086088, 0.018126788815996296, 0.029443443958399814, -0.018820402783104376, -0.06753981569271265, -0.011692018240678328, -0.02116521089530771, 0.007659139985819562, -0.0010809923124334825, 0.002709450671626588, -0.0052046728520369475, 0.0014831701901912896, -0.006597510375604763, -0.003159881132563572, 0.0027926131003261304, -0.000712489915992916, 0.017325404456344794, 0.005754649965930976, -0.010478088389325792, -0.0007919779564111786, 0.009852123454779472, -0.03169192511496834, 0.015467457127155493, -0.007889686426195667, 0.0048478428364626255, 0.03508699596958221, -0.00811648587109463, 0.006530739251036365, -0.013821569046227394, -0.02857439319807196, 0.008814528658595548, 0.008610528309855803, -0.002180877918403937, -0.004514870297518782, 0.0002771522998811537, -0.002785287277230125, -0.001079106105091929, -0.004494558171442407, -0.0008314363624058635, 0.005997437140556279, 0.003673060430603621, -0.00530093143086948, -0.001929340747700424, -0.024277844352974295, 0.02195389613934398, -0.004928482094298559, 0.010542341682776539, -0.036854992484759305, -0.007007120572111967, -6.765066439125652e-05, 0.008856677425189521, 0.013196629607702109, 0.0073816855313403595, 0.026859361886160896, 0.0023094770234383913, -0.012774081409970724, -0.01136090769209248, 0.009735223511541349, 0.012810346689350473, 0.06305988109618615, 0.029639511135587982, 0.07158611406331643, -0.014825600419923876, -0.025430537356816905, -0.00407563470602632, 0.020836512261311974, 0.008129810229489444, 0.0050650413236035426, -4.4425565796422506e-05, 0.0008239268330216675, -0.001137467452160704, 0.0012928267213844582, -0.0011727446132140315, -0.0009079265787006994, 0.00022610435683462503, -0.0013498723514326753, 0.003048851139173786, -0.0014995680354379605, -0.0023116828587643095, -0.0013510076570720153, -0.0006429049532568804, 0.006155793207849079, -0.0020512817549320707, 0.022421977814846856, -0.008956061025936735, 0.006164383346453835, -0.02551890522956525, -0.0020024055821217177, 0.0013927095430550569, -0.001430863256313518, -0.005439594975677246, 0.01174880014408695, -0.0010103823247556499, -0.0014170915997186865, 0.002779628859325572, -0.010703998726784228, 0.0017417811720772816, 0.006630879612269716, -0.0006684468647594216, -0.003471296676109871, 0.0039228963947135365, 0.003066530083788981, 0.006688840309050192, -0.008079685274113818, -0.059569056328995805, -0.03708264091267867, -0.051275503385741765, 0.004886790024964995, 0.0, -0.029317038998703013, 0.01825623280932398, -0.0728708741217262], ""intercept"": 0.000191412}, {""block_dimensions"": {""A"": 8, ""K"": 288}, ""coefficient"": [0.0004767059270402355, 0.003276674215267311, -0.02367069729152256, 0.0009789348194147237, -0.041466778783989716, 0.063100866590163, -0.013290429706755319, 0.027264895349097432, -0.024669716070017143, -0.03261203444829748, -0.008198550344766728, 0.023574399422240346, 0.039808433342922916, -0.0029924944909085456, 0.01920090505506649, -0.024577171007879713, -0.01705811368257131, 0.020796023863965396, 0.04033862544815214, 0.020705944523435847, -0.0005467854527402181, 0.008639481064396895, -0.058865735854035324, -0.02730225249075079, -0.056097019113690395, 0.02957891229682656, -0.007586650946390396, -0.021961967703033106, -0.0570943258075807, 0.058336328016496866, -0.002609951887656189, -0.016420612680441895, -0.04520585125766362, -0.01243374392138325, -0.034152910519662634, -0.05461932454585478, -0.0011467945081103438, -0.0010409887176042393, 0.0013474195316834784, -0.0015208498676804716, -0.0009310375350230777, -0.0014440909456549882, -0.00013416396614173446, -0.0005731848306021488, 0.000934353323224991, -0.0008995009163212377, 0.0002089113711449411, 0.002790706175359993, 0.007100745848736048, 0.0036125311216456575, 0.023708006504060714, 0.040281994045600955, -0.022208854530801615, -0.04391299317833219, 0.020831278425241545, 0.019867660864971156, -0.018608600882975872, -0.012659927024627267, 0.05815306906821946, 0.009960496049269428, 0.014569850428796964, 0.022611966425885945, 0.008841863045552963, 0.0011098317125918617, -0.006367419711456597, -0.01807775407825566, -0.005375611885879236, 0.03767243798371687, -0.05213529587946118, 0.04259145803943613, -0.029288836524124444, -0.012515762154183948, -0.008322251125612268, -0.010027134073820844, 0.011264810874351234, 0.01877460395494241, 0.019705687161263297, 0.014371629879334593, -0.006306716939298925, 0.003989696306135897, -0.02627122220869436, -0.009744649958192545, -0.01731487116594034, 0.014690668814623907, 0.0008096341319256533, -0.0015596811993421624, -0.0014173046244771751, 0.0006479389493804351, 0.0004618613945166169, 0.0034836987990339145, -7.758585066041895e-05, -8.006262286742451e-05, 0.005664579422596888, 0.008546131455834776, 0.004913241160518083, 0.008262982930769075, 0.013965604446938994, -0.02708328186400343, 3.586066354620987e-05, 0.0030891444057448156, -0.013409947451526481, -0.02386853861018602, 0.00853526561638883, -0.00024091160813897335, 0.00952342035910489, -0.020441947191781846, 0.014354873501989515, 0.010196335875249967, -0.003389397794663971, -0.008924461949681365, -0.009677222089369948, -0.008561314357742902, -0.01799650862876302, 0.019874830886888066, 0.028791999735277855, -0.03757877298209372, 0.004629841836402779, 0.006272735355513991, 0.027293376819019194, 0.0027101315659345997, -0.030157155087340612, -0.018327304316607083, -0.022428209957349888, 0.009227689931299517, 0.0014429764912090774, -0.018530337127702905, -0.020194733210830762, 0.0036882610036644632, 0.013162071289402283, 0.022775234740685955, 0.0031777703730667167, -0.017963471483167955, 0.007727775612558822, 0.004208713989329806, -0.006539169519138173, 0.0022226990516074226, 0.010145906274008732, -0.008737072320773923, -0.009425619933473224, -0.0010327699913659967, -0.002631579041912608, 0.006981120430264254, -0.003572318218503828, 0.014107905500502319, -0.04707103658402661, 0.002019384779567602, -0.0031340537173222506, 0.0003993277200315867, 0.002525674528235795, 0.00727547874044116, 0.0031414392315894874, 0.0064166441705497835, 0.0018409565796892156, -0.0010357361076777049, -0.0020702531936499418, -0.013144976295771797, -0.0006137312678242227, 0.031048941482027383, 0.04069948395505905, -0.005522488599077458, -0.02559408114166717, -0.0017777045534535052, -0.010812652060511796, 0.003758686680378473, -0.014882005813256988, -0.029759774771457068, -0.024008632761216488, 0.0018001630226806115, -0.0002038894309830215, 0.000794153605460317, -0.0002191257709085398, -0.0012670810477550891, -0.0026327120741401673, -0.0004265723384369463, -0.0004010725864209079, 0.001677453375152168, -0.013393863630112959, -0.01774089889848511, 0.014535131795548363, -0.007024760636653696, -0.03094469291822463, 0.03702527502318909, 0.025776563660212068, -0.01663838451034339, 0.006423624774456949, -0.009792509443217676, 0.03359615421376069, 0.008775156421503548, -0.03093334388373782, -0.048002355633270995, -0.010299926229003874, -0.0028697100278358735, -0.0018113406308579844, -0.00015479081888426663, -0.005757734634269882, 0.00040693946985634723, -0.00500614987972714, -0.0027753158326608617, 0.0024852642717723902, -0.0018620572097289463, 0.010335996641928464, -0.01859379319334101, 0.019091365960560908, -0.0016994139012442978, 0.004727524101166509, -0.01762072677633985, 0.01581449303176329, -0.014906765755180422, 0.0006346463816453417, 0.03614880889427979, 0.01867344843444966, 0.006842632458184354, -0.011176673327637268, -0.025799869920685014, -0.019547131116762442, 0.013521565005828887, 0.004962699876070444, -0.0008070997828996016, 0.00045755197258207195, -7.844245999652872e-05, -0.0007262713733737182, -0.004189569470886981, 0.0032582636646632766, -0.0021787779526040783, -0.0037307963755729714, -0.015384040088059102, -0.040965173868017686, 0.0015376846281322707, 0.022821016137461743, -0.009495767220386525, -0.003048553314170518, -0.03358502785163366, -0.004276805774203191, -0.00015403342147826693, 0.003530008020397726, 0.012588540781071618, 0.02473529619661155, 0.007527240212016033, 0.001907687620659881, -0.00832324597362209, -0.03609715880384671, 0.0023312221100803545, 0.002699363948854481, 0.05487891042467275, 0.03453503428161978, 0.08699786622625486, -0.012248560390171932, -0.017808210349020782, 0.0014659377225225202, 0.021239785114126962, 0.004505772979726109, 0.004419167053381718, 8.661007922001984e-05, 0.00035061136979292303, 0.0007631508800429592, 0.0007671654751109185, -0.0013059068492277872, -0.002141686741028359, -0.00013630684056644522, -0.000581377982343107, 0.002287018774407296, -0.0012659909281544112, -0.001497085929157027, -0.0012166505854663003, 0.002256746438110648, 0.0029207581718417633, -0.016497705601502242, 0.009147213755770676, 0.0024783208083267658, 0.017698540309129613, -0.03516548811337425, 0.013640629521942662, 0.0008241116179777455, 1.0174202175686822e-05, -0.002986201586995539, 0.008800865889593733, 0.01001633417980945, -0.004884352541387745, 0.002246796486006508, -0.018726679267509733, -0.003904017897751361, 0.010922816250166913, 0.017557425594280817, -0.003561409733046109, -0.0023977629812999635, -0.011421289343492251, 0.004483371211118522, 0.0004777129048956456, -0.05889283037560308, -0.037012497609169116, -0.05073448525580118, 0.004099036707137092, 0.0, -0.028651566234853255, 0.0177616680402303, -0.07161825466092642], ""intercept"": 0.00016905200000000092}]",297,0.005905889026238803,0.026318958673106036,3a604de324fb150be04724a6acbd8db7ea51b24abc931fa4a127c8ad46fb7d7a,acb7ccba7eb6201d54082e41ad5927ab5bc94e2b32144b4e81d5f69e348317b4,False
VALIDATION_COMMON_SUPPORT,REGISTERED_JOINT_CANDIDATE,METRO_P60_JOINT_STABILITY_814adc0147d4294827344cf5,J_KA,FULL_BASIS,0.0,0.001,0.0807107402040421,0.08071074020404212,0.07986512974631109,0.2826041927259946,0.1647377223231199,0.19795954476272337,0.2826041927259946,0.1647377223231199,0.7711021368171255,0.19795955414308908,"{""block_dimensions"": {""A"": 8, ""K"": 288}, ""coefficient"": [-0.001370019313482335, 0.0035860774830716283, -0.012632334455523087, -0.0005747249594731936, -0.008996088904746478, 0.02298063758083103, -0.0008074592603472925, 0.008467310171408915, 0.004485497478314246, -0.005206636512031399, -0.007340447413129947, -0.007926360348307527, 0.027912806683569536, -0.002027262914536503, 0.004047707748927161, 0.014476470847075838, -0.0007281120996222032, 0.01280126685914407, -0.009537938293395687, -0.0034720127471718275, 0.0023110810828726003, 0.0006081784304737751, -0.014020148687234836, -0.0017239739768072383, -0.006218190064457638, 0.0013890184132408453, -0.01117182491338763, -0.005397016005531105, -0.02480125819820286, 0.01359318057608539, 0.00946203564624888, -0.009141571341501235, 0.0016983778137743383, 0.01262838735060002, -0.004583669425876686, 0.0029571064172500923, 0.00040524302830462927, 0.0013192864754445464, -0.0002712749183215444, -0.0016336107663858488, -0.001329295255907709, 0.00025791180753799626, -0.0014662724045958868, -0.0015865025623920984, 0.0003452892032008718, -0.004300440921422878, -0.0007663806235217481, 0.006845281559959217, 0.005009918875972161, 0.00034208109063583303, 0.007823286547752346, 0.01613357888739693, -0.007693275484922379, -0.011214713461066927, 0.0008891007043618792, 0.011300416739996282, -0.007915505595065113, -0.0018386662933136363, 0.007837612642338072, -0.0015013033109805276, 0.007001162436599364, -0.0031395269921737786, 0.002061767393166342, 0.001618798681903586, -0.005579753731720179, -0.001164244329357911, -0.0002811867107509873, 0.011220087362471773, -0.0182844913122251, -0.01147661546948465, 0.012511587951570157, -0.003151415447529251, -0.006169252444792507, -0.006108564777401698, 0.015678276171852443, 0.003989613784815454, 0.0045225379262791065, 0.004683789056511133, -0.0018048055316983705, 0.0025720155273407713, -0.010446235569200747, -0.0031053499728559727, -0.00367056247528417, 0.016713876008924544, -0.001967432659543546, -0.002371743751269059, 0.001581638422038236, 0.0005743008931567541, 0.0006841224147980459, 0.0048803669103463145, -0.00033458921799621493, -0.0004122704857471267, 0.0058315653091071526, 0.010720477047055471, 0.004634770521669383, 0.005704176965415059, -0.008364796938183197, -0.009415316719449741, 0.009271358030773962, -0.003091976625691269, -0.009499093530450293, -0.023552438972371394, 0.011049195145531328, 0.0031031933256726505, 0.008518517334064175, -0.015638250755090427, 0.014462854299521061, 0.004344825217417208, 0.006190590108368139, -0.00545408060725008, -0.0016094993471788314, -0.0005438011357755757, -0.011477805638876529, 0.006271077377850053, 0.01216397482046282, -0.020511907659252534, 0.0038292464631850967, -0.002965173662289577, 0.013728240164662894, -0.0008657806672143417, -0.013465659842675842, -0.0025909400551850877, -0.01145908575672807, 0.004155146400865689, 3.931620182388138e-05, -0.020338519342592273, -0.0016227730992040314, -0.014958105147632196, 0.002960744288926782, 0.0027868367751272567, 0.003390029932962795, 0.010309954641385285, 0.00945544746749418, 0.0021715432312255332, -0.007211214499114067, 0.0021753482303854483, 0.008138122126457016, -0.009542130625676961, -0.009429737645884015, -0.002927864326858311, -0.003291319455282162, 0.0005194841551080056, -0.010391080068572717, 0.009161581113940947, -0.02449778746734751, -6.617448864541591e-05, 0.0021509141566563683, 0.0025065613245018135, 0.0023948983247257063, -0.00010064284999423258, 0.00176339389451109, 0.004609402464358465, 0.0013818022726546804, -0.0022269033556954897, -0.001491597253392401, -0.006807489493252491, -0.002323045087934956, 0.01569311075851031, 0.019878019656042172, -0.005160071798801221, -0.022614853946180288, -0.005046480902532791, -0.01311989499925934, 0.004651100772002434, -0.008386337284809505, -0.025478918101246126, -0.023765261183241865, -0.004014314881290355, -0.0005922740725435987, 0.0009266540899998596, -0.000358003120774578, -0.0002586035938674864, -0.0027025791128395668, 0.0001513761242346041, 0.001493878496436013, -0.0011090037406769513, 0.00391887288530982, 0.00014203184054605332, 0.005487731065634377, -0.0071380879460188765, -0.024613333987269583, 0.022385826990419144, 0.019112223254309047, 0.004905901672686672, 0.00717828862239659, -0.004980122814225933, 0.021685676119806034, 0.0022745622843017093, -0.030347268266221552, -0.016817048271406145, -0.015361115524635363, 0.0033357952355841237, -0.0030355404160958594, -0.0022864778275691346, -0.0061400267503748645, 0.000657777333795464, -0.003880418492810839, -0.0018285496463970902, 0.0021785530391383967, -0.0013552311831830722, 0.013258891023717915, -0.010781060295168515, 0.01975012530988977, 0.0011214096405207325, 0.0021503599269410197, 0.0008349547123141244, 0.0011473221295163793, 0.0047127344543742965, -0.0105500619055379, 0.013735932918947352, 0.007173059800463426, 0.006916825078935109, -0.007533656323213899, -0.009421482559773011, -0.01022427735893639, -0.0021202193482627637, 0.003850353316537201, -0.0019487002563386372, 0.0014488300667652384, -0.005928182845031957, -0.001581319957528862, -0.0032836928201863684, 0.0037579028627758764, -0.0013349399461330378, -0.0030270522798302763, -0.023808220143057415, -0.025598535778535603, 0.004577135708651514, 0.015736157911880298, -0.01106131478740553, -0.0026580014740944617, -0.019639436173485635, -0.0011608744201994953, 0.0016355115474535442, 0.0022278873513944357, 0.008209384389237098, 0.0016330949753955934, -0.0005115731717814253, -0.002999687668431118, -0.011387232795824596, -0.02061021158983408, 0.007828751768431768, 0.009595935692569703, -0.0067794992349636774, 0.008974761377830336, 0.01959133813245685, -0.0010059351854563845, 0.005587108518796047, 0.0042012987970965286, 0.022224029778047022, 0.005232371731173626, 0.003433610148978155, 0.0004884884527411399, 0.0001788327787673158, 0.000384052081390154, 0.0003422153684450996, -0.0013448868350888273, -0.001315086834285286, 0.0001458205863870984, -0.0021939197174793016, 0.0011970549235590295, -5.754263657612091e-05, -0.0004701752130025603, -0.0008146012155180822, 0.009461069733520688, -0.0006076106747413324, 0.00048407491349225957, 0.003280170661922244, -0.009115650117562284, -0.0010251082901316206, -0.012343916670101783, 0.008968239776261303, -0.0003125593198886109, -0.0008873192748577016, -0.0051291982447948204, 0.00949561402350535, 0.004859484917151859, -0.006139154551443927, 0.0011913764012223404, -0.005456630598374012, -0.004259383434168542, -0.009341036334859897, 0.016020542922993257, -0.002512618610021734, -0.013720144907189404, 0.004369754352270857, 0.007972120940943295, 0.008714352883006468, -0.05882474701751018, -0.03680521528090947, -0.05070056127614919, 0.004581998576596258, 0.0, -0.02869270585959083, 0.017947174962824948, -0.07213493174150241], ""intercept"": 0.00017409199999999988}",297,0.005574200386339736,0.025824796795552232,80acb6e02c969d97049ac9088acb156a869dc6af2f67e607803f03031ad78c72,b8a61ebe635a0fce502fe5a6382e105c5f0bc1538eb1d930288158bc167ea24e,False
OOF_COMMON_FOLDS_1_3,REGISTERED_JOINT_CANDIDATE,METRO_P60_JOINT_STABILITY_814adc0147d4294827344cf5,J_KA,FULL_BASIS,0.0,0.001,0.0807107402040421,0.08091033023237797,0.08091033023237797,0.28444741206834345,0.1659000505243111,0.1986076621784333,0.28444741206834345,0.1659000505243111,0.7689048632591086,0.19860780127969713,"[{""block_dimensions"": {""A"": 8, ""K"": 288}, ""coefficient"": [0.002967030640504398, -0.02005189318004853, 0.000951861308785356, -0.006338465991187839, -0.012889532854335261, 0.020582445978204314, 0.010314388943593697, 0.03601570181871791, -0.004618327179904706, -0.001018549417817933, -0.03650518547658932, -0.01837651258508924, 0.021331464095890762, -0.007275970088612941, -0.0006613249545681536, 0.028709204531799076, 0.0006698362428049888, 0.010431920131183088, 0.009467077817315291, -0.007016795182192893, 0.007021029128206356, 0.02415332514626079, -0.010286742534411112, -0.0014889220878556205, -0.004085774319328438, 0.028478051494734986, -0.016739384529520923, -0.013791473983816596, 0.008946124842947835, 0.009659306417829692, 0.008397213805607765, -0.01910940831472279, 0.009336560800004706, -0.011244113978764896, 0.014624082576214422, -0.0019485969004831014, -0.0017265368033695457, 0.0009603546886782893, -0.0007434239607559054, -0.0008761111745066925, -0.00014856439841478953, -0.001268991873755004, -0.0013817164729436288, -0.0019724722970503213, 0.0018384148116924377, 0.0017741681885007274, -0.0002499168480260703, 0.0008796854372645286, -0.0037013680745494335, -0.005707521509003734, -0.007611950875936245, 0.004947561206732803, 0.0028951995036805307, -0.01772376056950811, -0.013560923602444921, 0.00459770138417783, 0.001708674327460475, -0.0071728476517807305, 0.00923696124643919, 0.02290176405524587, -0.005695435195727276, 7.976858898690508e-05, -0.0019122726424903314, 0.0009262268922081728, 0.0042033954662952485, 0.010146619986900772, 0.0027549432714329, 0.007815115379172432, -0.0056282550287112066, -0.011454958615841579, 0.009135421537838488, -0.009315477313610132, 0.00899525910986794, -0.008233940204409474, 0.005025346285055198, 0.00423427616263318, -0.0006089162132769399, -0.012505702399612538, 0.0019650368178634674, -0.011907870225252068, 0.0030378309231107333, -0.00015569074514610405, 0.01103666739616767, 0.004859611054714777, 4.477985441283122e-05, 0.0013684959835461386, 1.3082481032128868e-05, -0.0014886660107347426, 0.001510935694006643, 0.003692939534973408, 0.0030243379567521105, 0.0017754207392974637, 0.004235615548257745, 0.008299416898434839, 0.007983912417755796, 0.005942080775065538, 0.0022297725308247484, -0.0013866632442383169, -0.004467286094565271, 0.006918693293248796, 0.0023128978238137576, -0.024937303691236316, 0.004869691108942283, -0.013708108517337962, 0.004578349458260883, 0.0041597585550042174, -0.009524412299716027, 0.0074428618816112695, 0.001324010753796566, -0.005011328271359895, 0.02082040216896058, -0.0310327660743087, -0.01733145735683888, 0.007387513538653263, -0.001312847340153212, -0.02778611981934361, 0.00645951579991856, -0.002822623587872682, 0.00623446083179664, 0.01318228420291259, -0.009448617683870286, -0.008180203580811311, -0.0077617468581571815, -0.024309235239104325, 0.02053614750384705, 0.004142902974911177, -0.009826415610412805, 0.026185635624113895, -0.003068120764125319, -0.009356036434107155, -0.00918288267087798, 0.015277261513947406, -0.005835170199845079, 0.01000377690584105, 0.003071564628209874, 0.005088290383540922, 0.009880882984719204, -0.009267703158537506, -0.007089701467796815, -0.0005388144286913092, 0.001449367747869571, 0.009740040347519621, 0.0021909945926197856, 0.006266323165610578, -0.047578443960363766, 0.0046252414705573895, 0.00513261518524383, 0.0005238761476974157, -0.0020944208612140563, -0.005290744875346613, 0.0066321498027805525, -0.006989997467505552, 0.0035915939570386485, -0.0014904391799943945, -0.0010019811048105484, 0.0054412553562208634, -0.02396027255289052, 0.057558641669242655, 0.0011947644431822455, 0.006704844312317227, -0.0184947027310268, -0.03094947294987356, -0.008375903824603265, 0.002258183905675145, -0.016251037004934705, -0.0034416876332003525, -0.008182114552115365, -0.017672832658954578, -0.000381555696628883, 0.0009399037488808364, 0.00032443764164637634, -0.00010043716764328017, -0.0012488800514193852, -0.0008478076641457318, 0.0005620640273940639, 0.0012103894542892836, -0.005703146192736569, 0.0027331161473956142, 0.005814963590722584, 0.003471150189449235, 0.034080459399178836, -0.035095629225512695, -0.003412781352244634, 0.004698363785895159, -0.010374787664404226, 0.005700401648782372, 0.010319731744715123, 0.01641338560931633, -0.0004884105510182767, -0.03179395261072737, -0.01636048194648876, -0.021676836947685213, -0.001331864900533585, -0.006744402223008748, 0.001001505991167733, 0.0019155237001046677, -0.006043798622816977, -0.0012617904950650149, 0.0046617981939289805, 0.0007776005045389986, 0.010729565219060514, 0.0032729229220947904, 0.002414521038155971, 0.0004953804593333479, -0.014043476055594974, 0.01997261355666324, -0.011206141376335715, -0.0021975222474260835, 0.008972864013476621, 0.010560281498825364, -0.002669493537722052, 0.009620594231959535, -0.0020620348406318193, -0.011279554145956876, -0.004943705976181315, 0.0005539870019292752, -0.004617453695846386, -0.0025575733482849027, -0.0003990560034706054, -0.0046495960470808225, -0.002672123468339442, -0.0003493818068800119, 0.00024054399192056645, 0.005499185865738361, 0.00048610642719400064, -0.008382006110578207, 0.001757036976347362, -0.025783852181238437, 0.001509442585961114, -0.022956174187125693, -0.0011867881559723698, -0.011863708580649161, -0.00883364580713739, -0.0007967493757072463, 0.01080852845420929, 0.011321221157473678, -0.0003524098529499397, 0.024909225692785503, -0.01629770003422277, -0.012435521491715158, 0.010891762508421974, 0.005350437190986554, 0.007711935847441537, -0.013396964002682593, 0.014649158709042993, -0.011197083771001547, 0.02160188657920975, 0.0007631204393536835, -0.010217531597001676, 0.021911891813852863, 0.010529819626455748, 0.0025490705823928523, -0.00023194768716976494, -0.0012444368203524047, -0.0007510053668607684, -0.0009601574729879505, 0.0002760983650960378, 0.0008834815975545155, 0.0008389967471897703, -0.0010678912298378229, -0.00029376177750935634, -0.0002809591267808982, 0.0003731167040890355, 0.001978641327034176, -0.0018759127312575436, 0.007222559096335512, -0.004660689075066559, 0.012331964786385525, -0.004283908541837296, 0.017562981752584878, -0.016789592033918804, -0.01794890552025913, 0.0020019101118693423, 0.006149363730354842, -0.008427598966747706, 0.013400255538138802, -0.009093095441886525, -0.0036417392474198834, 0.0021051082018849563, -0.011186114451571222, -0.0031343393175413837, 0.005880987982425954, 0.005906634569608571, -0.0016608194209364465, -0.006888635493551173, 0.0045085261520430246, 0.005789611581625699, 0.0075460113827602844, -0.05969428701754759, -0.03698186682019492, -0.051302632383434826, 0.005016332328923022, 0.0, -0.029366311693319894, 0.018335079752777338, -0.07276794335402015], ""intercept"": -0.00012420800000000328}, {""block_dimensions"": {""A"": 8, ""K"": 288}, ""coefficient"": [0.005976382186331816, 0.00677635921226728, -0.020764689777819503, -0.0017119658945492764, -0.027587239361110606, 0.03617248794371049, 0.011958088839222563, 0.023806642648120244, -0.014815176082137714, -0.004494720954942619, -0.012111345681130469, -0.01821450063683354, 0.02308791764457146, -0.0036366323523668548, 0.0013692041743475908, 0.018006883207436045, -0.008850085759466551, 0.010142356797168964, 0.000737827667735236, -0.0008221962370326995, 0.011227502633346584, -0.014655241566611802, 0.004601951132625575, -0.00864114146415792, -0.004137516428343095, 0.00816222289509573, -0.009338378109574257, -0.004006456233577258, -0.004646870307539722, 0.010296031925361946, 0.011662213245901845, 0.00305225182930513, 0.006325926011285823, 0.003057247192596768, -0.0011174690172809016, -0.016741982580659905, -0.0008733254063918273, -0.002436739164497976, 0.0011125652723897833, -0.0007039402964364965, -0.0010053585403374788, -0.0019579194179725505, -0.00011149547466667531, -0.0014988458187046088, 0.00019819182447870242, 0.00025366892104968175, -0.0013444509235391777, 0.004678323346195933, -0.007132386674353685, 0.0010619798778986247, -0.0029192416189000253, 0.013056421736622184, -0.006600938842075624, -0.01545146639737448, -0.0030588448369326957, 0.0040951834421868415, -0.011852928669812012, -0.006265600136398928, 0.0058668095608545925, 0.010555663011900323, 0.011362941722005289, 0.0046701927480071615, 0.005401398754184601, 0.002248112647349297, -0.004756511105386131, 0.007782041879505172, -0.003169485014629616, 0.009651154298650799, -0.01982449038339689, -0.007659542797034794, -0.011831231057943373, 0.010519429758878604, 0.00033038780848672187, -0.001723078287365045, 0.01040690475140693, 0.0032787339602538654, 0.004809082416109617, -0.00806171007839794, -0.005718818689203855, 0.0020890131056746967, -0.010946246283956636, 0.0012248256002234334, -0.005900851796541503, 0.010983068065108945, 0.0013393587987238968, 0.000678932735107101, -0.0008029323756719419, -0.0022581348556360873, -0.0003665600748324205, 0.004486673229173216, 0.0007851923561311208, 0.001647352547792624, 0.005842739935512446, 0.009901617157028276, 0.003069909872394487, 0.006479055646143489, 0.002349372670103635, -0.005068347637160992, -0.009739941301356437, 0.005192995203394477, -0.008514112999126652, -0.018017916203127027, 0.0002118663508566083, -0.0005221815421278866, 0.0034732833321971177, -0.01008228943641654, 0.00976067546261868, 0.010283017910479687, -0.0016764349381885458, -0.010007160455916151, -0.009243483469372349, 0.004837002604564479, -0.019072828329508216, 0.011902548603445211, 0.017279822988319076, -0.020225898541559754, 0.0023646669280855083, -0.0019544680195867584, 0.011018639852675366, 0.007239769554602909, -0.01493444688703408, -0.014262582125522769, -0.008718173076133538, -0.02132795633323368, 0.0006321707251841306, 0.0010501266693215873, -0.02370127564302711, 0.009718643922970484, 0.012033989361850999, 0.022109242975742037, -0.008670891464970387, 0.006182646208443266, 0.008134014434369665, 0.0036203639149858685, -0.004725617307239508, 0.0010289635822586752, 0.009207279249410658, -0.008880244968597583, -0.010657833332845215, -0.0029529242082872147, 0.004490663891710635, -0.0018727487448467418, 0.00743399813984818, 0.011029355235511806, -0.03553535010855086, 0.0005253495515863642, -0.004435883377307253, 0.00015841638378497378, 0.002196877689507387, 0.0070532278039430645, 0.006353536008956583, 0.007203310561398266, -0.001069415266134802, -0.0010296616791848382, -0.0011633979725722838, -0.008873968273966639, -0.008764529428076418, 0.03645570925739863, 0.007521637990180519, 0.017301956063192344, -0.02452092857179398, -0.00716034697798962, -0.008050559791140848, -0.00640632698882774, -0.013732502493250942, -0.03126357121140459, -0.022066095991032486, 0.002742774694663526, 0.000668102393351535, 7.050060413158037e-05, -0.00048588148083462555, -0.00230068171535734, -0.0013382142890218326, 0.0002564646900533417, 0.0016991200727641503, 0.0020247553989868484, -0.009638839624968108, -0.004099557114256973, 0.011243182026667594, -0.0044337566173348894, -0.023499431879071296, 0.03628953255382063, 0.0013261145493343423, -0.01714828288254419, 0.0027832639901278836, 0.011437988187564101, 0.020421998408927434, -0.013630234758561694, -0.0466255579184277, -0.010688744418459961, -0.014073685103478738, 0.004980417110489223, -0.0010753343564670688, 0.002562902002698818, -0.005541117852525547, 0.0012709225618140801, -0.006603963397434077, -0.0032372880749143504, 0.0025862015419359377, -0.00042829796080291613, 0.018698792079373177, 0.007694694983720442, -0.010784648318526253, -0.0023259954821482987, 0.004950948300366847, -0.012533292585875629, 0.0045447702833328095, 0.0018819943712095064, -0.0019838944196628135, 0.008066939641588994, 5.4142930514266e-05, 0.0012320316889653119, -0.0066593132180425675, -0.004712159958595311, 0.0012792052146047984, -7.985848482122336e-05, -0.0022532132671495525, -0.004253561934900903, 0.0007332574164015762, -0.002792711187725175, -0.0013712325020050244, -0.004350263751439973, -0.0012290080056741688, 0.006095454855496246, 0.0035565528554076455, -0.0037909309398713124, -0.0024181045943547225, -0.01682172454253333, 0.01649246085968369, -0.004008839575764581, 0.006860156577950327, -0.029504951667595727, -0.006673144555046843, -5.153812913850389e-05, 0.008336985787853753, 0.012638516417902276, 0.000951845765667876, 0.008343163605657327, -0.002669645596852565, -0.010556043068358325, 0.0003959459917725811, 0.005095592278723193, 0.011646784386619815, 0.009731265936994672, 0.009743258354723335, 0.013720060318129498, -0.002004504073282649, -0.011871877182752379, -0.003081482026012604, 0.020100985742577317, 0.00794036926426074, 0.004801203900201954, -9.636332541440592e-06, 0.0008291441948265952, -0.0011437786267781808, 0.0013387188053921278, -0.0012215911201795817, -0.0008750935048781775, 0.0001964307601484041, -0.0014727277800814576, 0.002696334789748225, -0.0011424868645203933, -0.0021015101165930213, -0.0014157566469721779, 0.0009521677754945356, 0.005913071569540541, -0.0011668586223261789, 0.01835610032395236, -0.008849409418363147, 0.004568046612538961, -0.020454314964131998, -0.003876881381891731, 0.0007539017426768676, -0.0007199616836175967, -0.0043259837689827675, 0.01036187445820605, 0.0005979794290561855, -0.0008502462220914391, 0.0028575333481010105, -0.0072520681752747335, -0.0001721014663119737, 0.004501525459035408, -0.0010511808400691378, -0.003602989545672392, 0.0015492538837314576, 0.0029966315383597847, 0.0037113468854065336, -0.003798614191303317, -0.059398451350599006, -0.03700282473615187, -0.05117003450247359, 0.004965115694110023, 0.0, -0.029198709311292485, 0.018223264583420582, -0.07283560406463191], ""intercept"": 0.000191412}, {""block_dimensions"": {""A"": 8, ""K"": 288}, ""coefficient"": [-0.00031334992911350633, 0.0042191109776399584, -0.01967717824876975, -0.0005726342240521163, -0.025305539356468582, 0.031398604703740306, -0.003928130056371672, 0.021773511971283823, -0.013282694798148725, -0.010662767719745645, -0.006872216166532889, 0.010178688120781524, 0.008877699928725434, 0.0010960150971440336, 0.004388744250052292, -0.004741733010862532, -0.003513498083460976, 0.018875559434160305, 0.017023481840818432, 0.00944744081851434, -0.005611793234448363, 0.0026955145520711665, -0.020190699452555146, -0.009026736897941373, -0.005968963895621395, 0.007120944602455615, -0.010403388001656497, -0.005998788712715488, -0.010212637823424579, 0.01245517559301776, 0.007465441565386743, -0.004354488067378037, -0.002526704332431827, 0.004378025729771219, -0.005347022467901645, -0.012974581718634332, -0.0011185011194252297, -0.0010075175079667445, 0.0013528989911132533, -0.0015607551480719365, -0.0008839094679661657, -0.0014120132212590499, -0.0001661764930907143, -0.0005566106302480121, 0.0006870241302820716, -0.0008223121913220316, 0.00024176276956793387, 0.002873299737613055, 0.004051397485055042, 0.002472105162155204, 0.004034323332412287, 0.014094238291366266, -0.00641311403360069, -0.010553902147505205, -0.00042322223297472746, 0.011397986661464755, -0.016104706844099814, -0.002257841053622855, 0.015073420894717637, 0.007936015110230324, 0.0033870093834136262, 0.00842682011617321, 0.006656270826199729, 0.000997575744211874, -0.0035788980808073912, 0.006869167257350646, -0.006579238671146234, 0.012714472361624738, -0.02363742451375477, 0.009279911331355027, -0.00499030388449981, -0.006219756949504994, -0.005387611727966334, -0.006464164543096163, 0.009155089727493858, 0.004567289930497044, 0.009887288794656111, 0.0068398129549555415, -0.0032019900669259024, 0.0020378593080079884, -0.010561961013807882, -0.007614893323817309, -0.006285476825970085, 0.012370369551308408, 0.0007190457049955391, -0.001578103936357092, -0.0015251461867474983, 0.0005559124938299609, 0.0009889933417860852, 0.003301799696268676, 7.081311362070391e-05, -0.0001943607915689799, 0.0061676406802433125, 0.009261213949490664, 0.0049485589981839015, 0.008499128386982422, 0.00030710340266203314, -0.014515983884755862, 0.001181121423694759, 0.0007753804958621176, -0.010003713582704929, -0.02036137527806619, 0.007982626135037162, 0.0014627984962731172, 0.007725347161096549, -0.018845525220993718, 0.012237556049915966, 0.007928441781314122, 0.0004564370797600514, -0.006138161678814995, -0.006784446569010862, 0.0005260617317905478, -0.015253017722058924, 0.006510997166237488, 0.015928600286029194, -0.021420136729868682, 0.0038713802896339937, 0.0008807177261464911, 0.01877770226844437, 0.0018008940031088625, -0.021296751396063084, -0.007060169964985388, -0.009497943672337165, 0.004593453304687853, -4.695407196304414e-05, -0.017070687363099118, -0.01429752995266674, 0.0031363827736613876, 0.007845939040057115, 0.019297485544481748, 0.0021196618586212207, -0.014815853198526343, 0.0077406979480882055, 0.004042903282845995, -0.0057551175489555595, 0.00230905890323505, 0.009351263484632222, -0.008979798741946113, -0.010106591729500135, -0.0013997078167116604, -0.0017125237166061174, 0.003563519394010691, -0.004004049644185901, 0.011752659965801547, -0.03418332332916873, 0.0020032184286643507, -0.002690451366403782, 0.0003941578917530635, 0.0025424444291904983, 0.004345349762524736, 0.004495087556324913, 0.005327488500699869, 0.00233273786030353, -0.0009928305588663643, -0.001945318208262539, -0.011477354086642477, -0.004334354293759218, 0.01506784751059019, 0.010547330192574098, -0.00383616012937137, -0.02487020284962988, -0.0014541242495793214, -0.0107474075479205, 0.0013837529774278798, -0.013291042717200142, -0.028526212586859116, -0.021949481276453978, 0.0005379694688846985, -0.00015756664602995256, 0.0007959836325008719, -0.0001274545932644952, -0.0011791937290935876, -0.0026842554556648227, -0.000533892483519771, -0.00023787384425020427, 0.0018256724059474367, -0.005686935637006727, -0.010788889028569977, 0.010694997792645964, -0.004550795256699236, -0.023699693236776447, 0.02676995417423081, 0.0064986048441644404, -0.01251417407362382, 0.0040833779102639085, -0.006971536176992901, 0.022729839362409947, 0.006263184469840897, -0.021163083552900426, -0.032427556259906926, -0.00938584294205139, -0.0017766203997531232, -0.0016679502143063245, -7.522856174627059e-05, -0.006023184117310726, 0.0001874165176770144, -0.005214700108758871, -0.0028387928632322484, 0.0023148453203391144, -0.0016909739932932006, 0.011839767705537007, -0.015942690840212003, 0.019177511173940197, -0.002593646068489323, 0.0012124749919226055, -0.004926788978769962, 0.008940234321877018, 0.0003935226963816421, -0.0047109185737535175, 0.011378463790979999, 0.007202106490260953, 0.0019526465849865966, -0.00503174219281843, -0.0044496909634560424, -0.009065010319729418, -0.00019705069705610256, 0.004983100284270641, -0.0010830075289096294, 0.0006405932166933884, -0.0012816689310205982, -0.0014632116379467242, -0.003877187865483397, 0.0033881833575554405, -0.0023236007135795677, -0.003777077865639496, -0.012688205023116255, -0.02826513047499756, 0.0014119576535422988, 0.017300636707641724, -0.0063040205180911685, -0.0035223450070496144, -0.028748843472399546, -0.0037776816414578705, 0.00027645055888746124, 0.003526853620820743, 0.01216656305874032, 0.003947999541177321, 0.005226171665384202, -0.0033449143625125764, -0.009990364293516985, -0.006757146417057356, 0.005936760810181661, 0.008565513685248462, 0.0034103802206803873, 0.00615199729438731, 0.01556059412230458, -0.0024207573236371942, -0.008579190256032111, 0.001089744933279468, 0.019838799181722558, 0.004637322832969369, 0.004327614111735359, -1.9549228359314106e-05, 0.00044716606463907565, 0.0007272504717058287, 0.0007538785558764602, -0.0013229702936372397, -0.0021034980871337994, -0.0001914257538638902, -0.0006995285171571615, 0.0020619047336734356, -0.0011646790424047011, -0.0012589112978746663, -0.0012608832625974162, 0.0032511870408523306, 0.0043429235120932925, -0.013860891304773073, 0.007172575440796035, 0.0023660981260203162, 0.013134429788305415, -0.025332312009836287, 0.005284080459168449, 0.00025026798349879893, 0.0006910946864811312, -0.002984118525383756, 0.008519249416238193, 0.004640837691346102, -0.0034744895581466837, 0.0022856770702265076, -0.011516001260268326, -0.0034436550729709664, 0.003171806734196334, 0.01254252188798677, -0.0037740078747537627, -0.002737723001181796, -0.0020428167214375918, 0.004313387821654682, 0.0007830620460328218, -0.058752129482968485, -0.03694733559852039, -0.05064854402672976, 0.0041608837573094415, 0.0, -0.028552742797328185, 0.017734784887575447, -0.07158682825660896], ""intercept"": 0.00016905200000000092}]",297,0.005786679007348455,0.026211951488461418,3a604de324fb150be04724a6acbd8db7ea51b24abc931fa4a127c8ad46fb7d7a,478feb00b24653a8a454e430256d37e4ae3f1290514fc709f90ad4efa7b4c5ae,False
VALIDATION_COMMON_SUPPORT,REGISTERED_JOINT_CANDIDATE,METRO_P60_JOINT_STABILITY_1a66ce734205daa640e32481,J_KA,FULL_BASIS,0.0,0.01,0.08062011390315646,0.08062011390315646,0.07985216518271018,0.2825812541247387,0.16412358953676054,0.19808974056313655,0.2825812541247388,0.1641235895367606,0.7711392939708767,0.1980897499419796,"{""block_dimensions"": {""A"": 8, ""K"": 288}, ""coefficient"": [-0.002293337344428732, 0.002095514909106732, -0.005170731195588601, -0.001564725004374277, -0.0017404534000899962, 0.005218608901642796, 0.00011463473949018683, 0.004637258758030868, 0.0025252369542983284, 0.002671483482999312, -0.000288440784986197, -0.0003786151896422164, 0.006486906931105294, 0.0008740989980847575, -0.0014138550711208966, 0.004759517734030393, 0.00206891739003438, 0.003947611443510134, -0.00614232321925102, 0.002382827828545626, -0.0038691639198768298, 0.0024208829864323677, -0.0008090791431054054, 0.005047971384735504, 0.0013895220004310571, -0.0005036545701511221, -0.004795946757475424, -0.00203137606222808, -0.0004199488739285522, 0.0022088998150649485, 0.004738308077853879, -0.00017708340719188494, 0.003388249185225608, 0.005347883761982548, -0.0006122846282685668, 0.001758352775601923, 0.00044483210815110866, 0.0013032980503209282, -0.00012546470045958065, -0.0015316379330620382, -0.0013011279128574843, 0.0003804550371584451, -0.0012837874444482607, -0.001539354515226274, -0.00038688186081957084, -0.002796841086096387, -0.0006329646600015628, 0.0055414271846740545, 0.003619834056077121, -0.0018861981428843282, -0.00017688692128576907, 0.0058377335621404135, -0.0002491168434925075, -0.00355972715623431, -0.0009843882817892346, 0.003909970817475015, -0.002626321886048177, 0.0003059935771140692, 0.0027440184913246615, -0.0002062514566665538, 0.0013518584081558024, -0.002190348590096373, 0.000568806438824726, 0.0011503643410588865, -0.001454430137260291, 0.003448660463368456, -0.003373959635059182, 0.0022630857834370416, -0.007817594809262047, -0.0009959802700813293, 0.0026777976904513506, 0.0022941699830112262, -0.0019863910298620587, -0.001559577811714703, 0.009246014184656632, -0.00037036657813328946, -0.0003691860667347218, 0.0004995516907717858, 0.0010579345173501206, -6.872036042060629e-05, -0.0025202540880506674, -0.0002845789425833246, -0.0005650837993370876, 0.00661729076775929, -0.001700016776941299, -0.0022130366510526175, 0.0013782865176198821, 0.0004783101210913947, 0.0015601626555181599, 0.004323887624485512, -5.45430012007627e-05, -0.0007346311753057168, 0.0072620423452427404, 0.01170851742679081, 0.004286992016876554, 0.005924786357882926, -0.006645364158991694, -0.0022809684795745333, 0.0008673570007060305, -0.0014462379959922108, -0.003971104427670357, -0.015688453931403515, 0.007744693022103347, 0.004950506298704595, 0.0031030752202891765, -0.007560574069380708, 0.009306266290963568, 0.0008098622942490708, 0.005416671997859948, 0.0008182395132624692, 0.00012954739877763723, 0.004509983854743084, -0.010011155661665464, 0.001089805769804707, 0.006432108931317249, -0.009480336453237549, 0.003976995014655312, -0.0025571559524370144, 0.009579925031712167, -0.004414019838118216, -0.0044646194277812015, -0.0006996202063546288, -0.001721381219381605, 0.002323698053783649, -0.0018215627765144134, -0.005919219227269182, 0.0019323521067507786, -0.0058170271730132415, -0.0004599610645159822, 0.0006684282381421229, 0.0009729185307755677, 0.0028843069053354317, 0.009574134986623175, 0.0033769043718808963, -0.0055534886740127316, 0.002557537878223802, 0.007452974961207297, -0.008306606324423031, -0.008737640071636523, -0.0030873104084346713, 0.0020634373176866808, -0.001015277827089328, -0.0023000697522479936, 0.005330094288841704, -0.00870667187161774, 5.235722743509165e-05, 0.0023169129681668583, 0.0014618959072003022, 0.0021277557111840026, -0.0025681393819904173, 0.002230665230967945, 0.0025488302182991667, 0.0014797209037301729, -0.001983572452093614, -0.0012002030532225726, -0.003947683260648734, -0.00266008617254581, 0.002284492182844222, 0.002541643086566233, 0.0002923533432857538, -0.019081703802055545, -0.005497832891274534, -0.009484422502563108, -0.0012047831309731606, -0.009375554362817142, -0.019786861092158593, -0.01798549563141717, -0.0054488918958486175, -0.0004478225476793527, 0.001125223645179571, 9.515038855275003e-05, -0.00010438337988878336, -0.002633397987657756, 0.00037583174118851576, 0.0014763156425073442, -0.0015658821135913204, 0.004043834484063939, 0.0001592621280041775, 0.0029990828468934977, -0.002764810072023397, -0.010345891139945367, 0.006004741143726021, 0.002279911496317595, -0.0004306789761579793, 0.0015360281288540147, -0.0032262321470591855, 0.0057939185255378835, -0.000293594724656017, -0.008501192157748442, -0.005765980426641235, -0.0027835497254757474, -0.0006584852838216963, -0.0027145817426110484, -0.002510091215837777, -0.0061402563969111925, 0.0004675982899152499, -0.004666407952947854, -0.002206302195767233, 0.0015039086158428693, -0.0011735890375026102, 0.01449027847433246, -0.0058804036434238, 0.013915061267041255, 0.0012005926139890726, -0.0020682963824698287, 0.0005464182959893445, -0.00010156037092491429, 0.0015293240310871048, -0.004151977887846086, 0.002596717643756718, 0.0014973231185813854, -8.441242978319282e-05, -0.0005988970931604524, -0.0008582019620012728, -0.0029814266306185336, 0.0006929384334681218, 0.003553051336555446, -0.0010113387166659068, 0.0008717885420010711, -0.005826844221656429, -0.0018588466616939992, -0.003048420389046342, 0.003181278079208322, -0.001743689996627786, -0.0027059467031092937, -0.007027361513008881, -0.008372617074634818, 0.0004316378572420238, 0.003029929529905275, -0.001978409039563598, -0.0047041596854420975, -0.009688646408672856, -0.0009088913443841625, 0.0014457664444328013, 0.0018884313150636768, 0.007027264323715329, 0.0021486142585639373, -0.0007350434013166735, -0.001694077010685829, -0.004660860601107406, 0.0002778647531139165, 0.0014343693461882868, 0.004932432605608372, -1.7101133876758378e-05, 0.004122950561112667, 0.0062667112891473704, -0.00037564469628933257, 0.0020623250540731716, 0.004156387707255158, 0.015651019508209747, 0.006269991559247206, 0.0033061701985766575, 0.00035809986148615283, 0.00015423661389121304, 0.0004927002158255473, 0.0003821835429498287, -0.0017151370382038, -0.00118777329108562, 6.485435360083522e-05, -0.0022411528441646645, 0.0008524032167095374, 0.00034996099730351854, -0.0006785324264270291, -0.0008423513025639305, 0.0036609650590828076, 0.0008496714899465629, 0.0005164433048941123, 0.0011103899622600748, -0.00419098891874875, -0.0005684717266092204, -0.0038206462670368224, 0.0007400467103114834, 3.1761766264819286e-05, 0.00014628315315990434, -0.0029618690932744726, 0.006946949723054158, 0.002420958638218617, -0.0012710073685170474, 0.0005538254909191832, -0.0009262977428544153, -0.0020036740313874326, -0.0025921560573001104, 0.0055894088049945004, -0.001851050681761638, -0.004079998981939934, 0.0010589405188920766, 0.001382240507053335, 0.003119907943072216, -0.05814735570525432, -0.036505713646681766, -0.05020092405713117, 0.004746032984664996, 0.0, -0.028200211793095786, 0.017688280408058376, -0.07169730144966448], ""intercept"": 0.00017409199999999988}",297,0.005325384342176189,0.02535442946178407,80acb6e02c969d97049ac9088acb156a869dc6af2f67e607803f03031ad78c72,7e7e4f7e6425437399ce3ecf1594df5d6f5759de8551822140c6e98efc3ca317,False
OOF_COMMON_FOLDS_1_3,REGISTERED_JOINT_CANDIDATE,METRO_P60_JOINT_STABILITY_1a66ce734205daa640e32481,J_KA,FULL_BASIS,0.0,0.01,0.08062011390315646,0.08082637239331493,0.08082637239331493,0.28429979316438997,0.1650244687118114,0.19943923916905903,0.28429979316438997,0.1650244687118114,0.7691446626548473,0.19943937812598234,"[{""block_dimensions"": {""A"": 8, ""K"": 288}, ""coefficient"": [-0.0008566388990041428, -0.007687641628451365, -0.001080773361300476, -0.0038906802215988617, -0.004074219197285839, 0.005704271663866421, 0.0024010238088387854, 0.011874426225046222, -0.0031594983757927326, 0.004994541273986333, -0.008647938565123981, -0.003960377125627289, 0.004024857839003891, 0.0009064040599727033, 0.0009335503360250748, 0.012074446098277944, 0.0032206547766666003, 0.007480867839791656, -0.0021087694544398338, 0.003390634229145129, 0.0015558755413428685, 0.0013773695692793633, -0.0028951409846570022, 0.004467986248739092, 0.0015203350815130587, 0.00502722954679909, -0.003942000722088556, -0.004348407458772621, 0.005565681141075966, 0.0012643921926459522, 0.00496841146005592, -0.0026856211268105586, 0.004430265128526074, -0.0010040199082905741, 0.006028958040243271, 0.0006978681576079644, -0.0014063933301045415, 0.0008820438147300265, -0.0006540636745329059, -0.0008730608870107047, -0.00017790755196901118, -0.001206476053320589, -0.0013729346410919431, -0.0017821565973079553, 0.0016222154143980222, 0.0006459415480903374, -0.0004504617896182468, 0.002252079154201878, 0.0008141538524954265, -0.0023501207483806155, -0.0016885329617541225, 0.005468848576995391, 0.0012638442712389081, -0.0031729791833200413, -0.0035487141303421634, 0.0032342402142598874, -0.0004451820144525697, -0.00032330872023546764, 0.00257877487457583, 0.004913233000497232, -0.0008174279063810917, -0.0008390139743065093, 0.0014125225238377187, 0.0006851770297911379, 0.0012844303528057757, 0.005496046022764404, -0.0017299952362868642, 0.0020061266049713877, -0.0031613480533940926, -0.0009923111507697659, 0.004586991649223023, -0.004054461436246047, 0.002408670474265306, -0.0037735893399078704, 0.0030513265420092873, 0.002293684658911414, -0.0007284583701390168, -0.004000907349082285, 0.0001991005374635175, -0.004415479849617153, 0.0022029739094548417, -0.0014117045895217254, 0.002710404507675616, 0.0022642890540342676, -0.00031696705201235626, 0.0014591204283864328, -4.32727014108971e-05, -0.0014428664804681873, 0.0024128904703885, 0.004060668979161723, 0.0023481501933797235, 0.0014881902033783395, 0.006143173898739907, 0.009045060429153966, 0.007874906097076943, 0.0062765586474580306, -0.00351234700739317, 0.002488371249176425, -0.0027149875658253873, 0.0013956280205403152, 0.005518197230915775, -0.014536053624732162, 0.0004396608862797112, -0.0011475936062424294, 0.002841233156820995, -0.0026127160376363647, -0.006289033254558751, 0.002760114931643772, 0.0016954616435854019, -0.0005200606200395213, 0.008482212655056087, -0.017189361018575607, -0.004466193983319751, 0.001927101960364571, 0.002262164770578312, -0.009725039847096715, 0.006185357296185164, -0.0011955866376119856, 0.007225185666142599, -0.001956520463818006, -0.0028488364523350314, -0.0004975515302372271, -0.002286172235330679, -0.008091475008275426, 0.00677328719572178, 0.002630593084681348, -0.0043196342930608336, 0.005873268783927483, -0.0025338898958189885, -0.003887501689803491, -0.00437150083172061, 0.0018275712790869374, -0.004740283671268763, 0.009293022835762384, 0.0033180301413934525, 0.005280692681472427, 0.01011230590559981, -0.008933277710607958, -0.008328064156502219, -0.0007504999494223637, 0.0065320250736596985, 0.005977283836072756, 0.0006253885870630826, 0.004656230499607518, -0.01419896435879966, -0.0014662875783642935, 0.004496206404855768, 0.00035780089463432205, -0.001940021691744932, -0.0040164324142757885, 0.002738283428410542, -0.004397156693870309, 0.003009931481943233, -0.0015364261642434177, -0.0007551395051764378, 0.003518445761044217, -0.007694116736319716, 0.008040756004105271, -0.0004925552456915229, 0.0014370546395609989, -0.014312518143303412, -0.025302066979999642, -0.006146780819089705, -0.0038847732921958116, -0.011570803361879307, -0.004026175853589774, -0.01082616613829773, -0.0132662664143703, 0.0002044321589791641, 0.0008120767425819748, 0.0007121115747980944, -0.000774092344210831, -0.0013720063919646097, -0.001100414639946749, 0.0008407265587666587, 0.001458303983476634, -0.0005832492579988656, 0.004268462682571204, 0.002566069581779152, 0.0008265404024433775, 0.010125432935882658, -0.012975753478730716, -0.00015318237867873355, -0.00025158401890939993, -0.0032303311807982626, -0.000859052090960784, 0.003230477438862803, 0.0014284554198409577, 0.0011524142618303736, -0.007841241788856477, -0.005745366657668651, -0.0075206327482936, -0.0010258511493287815, -0.006668202497517625, 0.000252359488328007, 0.0015109734818350973, -0.006178865861721756, -0.0013225932503018695, 0.0035219336774285123, 0.0008642579916462764, 0.013631077054011433, 0.007885893810401268, -0.0008359840339549424, 0.001249011578609788, -0.007094315251856115, 0.0037204090872317874, -0.0010072215010613682, 0.00034613952371675635, -0.0005924092936862745, 0.001768604900307705, -0.0010763080251623412, 0.0024993750826054644, -0.0006733109805696362, -0.0019889405288922037, 0.00047464941577463765, 0.00030475122205282, -0.004756830249541752, -0.002478640739434544, -0.00021854651265024175, -0.00560145169093495, -0.0027204197012026306, -3.1241422888291143e-06, 3.5240319355940343e-06, 0.0050912044070335815, 0.0003718659645742248, -0.0019440835458141386, 0.001439509491763953, -0.006096899664207707, -0.0012406397289132997, -0.005929671782511475, -0.004409776647365488, -0.010282187634190872, -0.007859695298102055, -0.0006632973965411851, 0.009184494183526829, 0.008888405370283384, 0.0018262958132222449, 0.00451747607268409, -0.0038497650615334474, -0.004055250559739567, 0.005997611972431935, 0.0006759384930975317, 0.005096256815868153, -0.0020511309162245116, 0.004910036539933316, -0.0011804336214006079, 0.006957841867282077, 0.0011983288586833237, -0.004021610413746568, 0.014255840390769525, 0.008440912893652305, 0.0023878004194960905, -0.00027640425389430305, -0.001378623962935214, -0.0008290005877091876, -0.0009055933456980242, 0.00029349112139688907, 0.0008110699638242096, 0.0006967241476007008, -0.00117685694296127, -0.00023505516437500703, 0.00012990918436921132, -0.0005232178276304647, 0.001685521987774429, -0.00019295858815368745, 0.001330456667725652, -0.002176725799084259, 0.004530924100774766, -0.004491980926534807, 0.005860937399990581, -0.007398940318267063, -0.006605264142829892, 0.0014413338283568405, 0.006851432587432923, -0.004127616625406936, 0.008451100606306404, -0.0019872496780912988, -0.001357063104728519, 0.0018846542480073167, -0.0033823296145600434, -0.00207926872600477, 0.0007336684053247093, 0.0013562156102851148, -0.0014234700786385551, -0.0019312685056612875, 0.001983834296678691, 0.0013365648134774386, 0.0019341288148523555, -0.05884631141099197, -0.03656641107698852, -0.05069361546785358, 0.005288700081882818, 0.0, -0.028806607681681615, 0.01808708863564152, -0.0723327879784529], ""intercept"": -0.00012420800000000328}, {""block_dimensions"": {""A"": 8, ""K"": 288}, ""coefficient"": [0.0006145855621670625, 0.0013827239713949714, -0.007017668588589036, -0.0002880342044060426, -0.006985278259789283, 0.00900687030126098, 0.0032700948568730945, 0.009571384169114976, -0.00337005418790316, 0.005952319290331048, -0.004932789362695766, -0.003625532757520519, 0.003983970236394807, -0.00017477465539524425, 0.0003675645126955325, 0.007712064355009187, 0.0013666150565362282, 0.004777174724754044, -0.004119034131163913, 0.005195680768400145, -0.0021027859766834453, -0.002935526559705315, 0.002478941119911121, 0.0024816269480177817, 0.0017280061478985994, 0.0008848215315183696, -0.0029522656922214966, -0.0025707003615156755, 0.003519680502755958, 0.0016387148273583321, 0.005052601641693426, 0.002637902215132164, 0.0041172286228065, 0.0044357668937998265, -0.00035340123575411245, -0.0010501114765653994, -0.0006464364267488945, -0.002324597822227998, 0.0010982880860931096, -0.00063319637525047, -0.0008459931617878431, -0.0018522023943447503, -0.00016983699813375114, -0.001340914285577719, 8.737936211969297e-05, 0.00037863943223017933, -0.001173391974761831, 0.0040998680869931735, -0.0003311146280169116, -0.0010025536752869136, -0.0012985546240970515, 0.005546098105294446, -0.0011882481781763819, -0.0030018544241103237, -0.0019288316953209636, 0.0029180650073507104, -0.0054064297641017575, -0.0008882898851719281, 0.0020566445830686522, 0.0018237139312530747, 0.002437620141904117, -0.000182404967152178, 0.0018440287825528972, 0.0013804918239216373, -0.0006864077828936101, 0.005839140007297627, -0.0030996128951180984, 0.002301050056989255, -0.0071619003461980526, 0.001088653069206769, -0.0002515904410432756, 0.000944816067713784, -0.0014889032503239835, 0.00020949094151788742, 0.005361847885760525, -0.00010475081039399896, 8.835857091541848e-05, -0.0033744540539957205, -0.001265827840457505, -0.0008916127855275996, -0.002044322863673643, -0.0010839159705145877, -0.0012582541632178961, 0.004564396706669283, 0.001009049377240343, 0.0008858797506766863, -0.0005811405276208829, -0.0021735581063170545, 0.000714888861081961, 0.00430872165251667, 0.0007935709785059644, 0.0012089910115824954, 0.007432384054326559, 0.010593286435191241, 0.0030364378548313046, 0.0064763572402087785, -0.002278692836493767, 0.0004201438283600017, -0.004441791933728519, 0.0006192126350547176, -0.004568638252284146, -0.012621208633292007, 0.0027003859697893604, 0.002986807076349487, -0.0012616473349808931, -0.004765441677087849, 0.006173843274891804, 0.003993292858844891, 0.001217698178847541, -0.0029208243174125388, -0.0015735893401820668, 0.006354849146187344, -0.012689163487458284, 0.0024649692622100007, 0.0072718647798713405, -0.006633105978005765, 0.0032071991286967095, -0.0023307428976597046, 0.010089088433895353, -0.0022233775679271137, -0.003322919972304042, -0.0017277573647166491, -0.0021143908724204946, -0.006290966293392793, -0.0006038470032959362, -0.00226617098975319, -0.0074379791732503905, 0.00534850019323753, 0.0016070170296233158, 0.006007891114166926, -0.0036382177472001394, 0.0008802085311533337, 0.008330744420845103, 0.004496089502897627, -0.0037628955515012987, 0.0014392834532688129, 0.008526601476983213, -0.008287555924568197, -0.010905574824177, -0.002842798251619392, 0.007569897628868727, 0.0008727115487566876, 0.0012811664526078137, 0.006702339231920809, -0.010849738972843281, 0.0002652071542398064, -0.0032196945510514284, -0.0007807770990837533, 0.0018904561311031429, 0.0006453973688739518, 0.005555110063270645, 0.003419357260392676, -0.0008039377954693429, -0.0011217171287779084, -0.0007501397549425906, -0.005776883924757637, -0.0035274778343262194, 0.005858464974108692, 1.825802460939315e-05, 0.002528845987223329, -0.02151642939215053, -0.0070154287093535566, -0.006024177765877398, -0.00815792040909682, -0.012108763115666485, -0.02370334857943418, -0.017882258018953552, -0.00026083196621049117, 0.0007353205814922928, 0.00034920151320245497, 4.130108817785311e-05, -0.0020737846870423943, -0.0009967442683280247, -0.00020122928379404055, 0.0019639871935191746, 0.0019348376029988544, -0.0015892799769587434, -0.00021261882909038882, 0.004979648529439696, -0.000562261743620584, -0.010640266516282144, 0.008975382701323871, 0.0008951283891638119, -0.0041509144754373365, 0.0005179376467388905, 0.0008597942649527329, 0.005124520149197281, -0.004206434725642658, -0.012415156003808318, -0.004791570799707155, -0.002583347387247386, -0.00017912673680097984, -0.0009816931852641272, 0.001973110112275759, -0.005569345386310388, 0.0009253736314803926, -0.0069290345694630225, -0.003366871571503724, 0.0019397775459276305, 0.00013124363845888284, 0.017792328973897775, 0.008943953537720586, -0.006258529709516367, -0.0012843069617295172, -0.0018596901056485255, -0.0015843995893315768, 0.0009215583523773605, 0.0011453256163298255, -0.0030445436283799035, 0.0014348331323003444, 0.0007006768736528715, -0.0002662606675298397, -0.001380286505915201, -7.799662807786266e-05, 0.0007683440232747099, 0.0011187716614479472, -0.002475726656940246, -0.003966583398116839, 0.0010123871947243022, -0.00416428706148986, -0.0015209513738521357, -0.003491632647866156, -0.0013900298550355403, 0.005413697213331806, 0.003055659155476746, -0.0006138026394754059, -0.0016167941305220356, -0.004794868141790479, 0.004203688519195651, -0.0003732011159294267, 0.0001274197812928464, -0.012610884273403074, -0.005474815223873413, 8.486262050282551e-05, 0.0065862659885086655, 0.009776153012387576, 0.002116829049637028, 0.0008455176410015128, -0.0023147656253767316, -0.0030176625407295314, 0.004259406788768818, 0.0010061323644121537, 0.005207523163796125, 0.0034232502724820153, 0.004384294573778564, 0.005733518965202472, -0.000552407065639006, -0.000499572593875645, -0.0010124877598592394, 0.01420868366559247, 0.0065367703382172345, 0.00409770680512221, -0.00015906848882585274, 0.0008356045514080992, -0.0011080190119407965, 0.0013234285632482852, -0.0013716463525284075, -0.0007027609977855086, 0.00012265444169755408, -0.0015579619511746194, 0.002082041657207649, -0.0005905468188431352, -0.002164403097259576, -0.001282778057050664, 0.0012488604712897684, 0.002680845217418742, -0.0009441794482982144, 0.006481244017380705, -0.005315249110135675, 0.0009165176446550743, -0.007559456192408621, -0.003398896038414994, 0.000775335228110161, 0.0009609077505683971, -0.0018080723460015514, 0.007007962107089197, 0.0007913624418785104, 0.00025013705190136476, 0.002569100944004325, -0.0022078338794094803, -0.0005192851227891754, 0.0011517037339426818, -0.0009072600145798328, -0.003126381444371755, 5.061676993288161e-05, 0.001712046445412607, 0.0007594960813283625, -0.0010792589623831034, -0.058639800830978715, -0.03665027809985821, -0.05062007149101814, 0.005164154837857401, 0.0, -0.028669415807032732, 0.017968961296418288, -0.07238013153778725], ""intercept"": 0.000191412}, {""block_dimensions"": {""A"": 8, ""K"": 288}, ""coefficient"": [-0.0013968520018160303, 0.0012428999781341505, -0.0073747827902171425, -0.0012090935261030277, -0.005955872535219572, 0.00839671349526383, 2.9184826806285038e-05, 0.00821223378741883, -0.0018684790372333368, 0.0035461320464204448, -0.0026493797576688013, 0.0010729622521001056, -0.0029544583657715668, 0.0017541308027049954, -0.0002635296988060613, 0.002108930805002251, 0.003469100410052108, 0.004275172984715926, 0.007666568580594595, 0.004008406153514094, -0.005923862780537731, 0.002026590425564955, -0.003580816741624797, 0.0029216623160729653, 0.0017493278025126238, 0.0008441497057541337, -0.004140844959434244, -0.0028124577630501044, 0.0021843339850205023, 0.0016506655333142102, 0.004084592364471494, 0.0009887239933579854, 0.0028762443131916168, 0.003966162847728652, -0.00098999838838649, -0.0007806790823808063, -0.0010038697008127706, -0.0008202699691076268, 0.0013495366439996255, -0.001474147970731491, -0.0007311866989890168, -0.0013374418239849595, -0.00019512195822013058, -0.0003996283804891857, 4.0672650146047345e-06, -0.0004998492635267802, 0.0002818363244505072, 0.0027170143203990396, 0.003640775776584552, -0.0012866069282696907, -0.0006927122747340168, 0.005175466974293668, 0.00028298051092757873, -0.002812150001806856, -0.0016696398794956557, 0.005220472149898677, -0.006223106652679123, 0.0013464193069036145, 0.0036126173550695305, 0.0027241838306055715, 0.0009517111127845227, 0.0005369768416169241, 0.0024264963912684705, 0.0003314480666316742, -0.00044071129852738645, 0.006066491201013028, -0.004884281877568252, 0.004119914932966459, -0.008397826230333591, 0.0003658266307136441, 0.0009985335479498376, 0.00132731628419524, -0.001928220193712293, -0.0010965228992056157, 0.004816537909121287, 0.0001933448786640616, 0.0018652404011505871, 0.0004344292572995775, -6.437979178722281e-05, -0.0006168570210692076, -0.0015280615864965855, -0.0012904505155690513, -0.0009294923912511534, 0.005212234521290551, 0.0005171372326028881, -0.001410501258630648, -0.0014053367105763617, 0.0005239703803174418, 0.0020524302465297775, 0.0031259565700944222, 0.0004457445145252512, -0.0006887277293406702, 0.007606133728247698, 0.01028227424620078, 0.004758612573532369, 0.008372176746563785, -0.0035112733824245353, -0.0037715919917287928, -0.002024860923680691, -0.0009681380147249111, -0.004048863759178353, -0.013712733915265694, 0.005911879006571753, 0.00484594592124362, 0.002392932310139278, -0.009247631013817335, 0.007975137438189365, 0.002241420583475555, 0.002664096880860934, -0.0005478027731574735, -0.0015662305302141114, 0.0043173131189345685, -0.012194693429011349, 0.001775164419916236, 0.006770313473496432, -0.007933327832587227, 0.0044430774273224545, -0.0019048795566430862, 0.011809264769324661, -0.0036805118436358765, -0.005988669334788718, -0.0015664623396847734, -0.001652798937626962, 0.0014287177987064254, -0.0013718731548221738, -0.005974643595887683, -0.00522505441713425, 0.0030385831225144305, 0.0005996104216202012, 0.005248728363422888, 0.00044547421732135016, -0.005746510994999957, 0.00805748003163961, 0.004728908349036263, -0.004711891831232336, 0.0026940907673989323, 0.008363158450583698, -0.007772921170303712, -0.009832237441090215, -0.0017012042764633533, 0.0029778660077101997, -0.0006496996307645199, 0.00022539140743413997, 0.00649621796702462, -0.010808529036939659, 0.0010372571391899408, -0.00189390777173868, -0.0004895492874300346, 0.0023977713663305127, -0.0007935101086668423, 0.004586352088144339, 0.0032467296722351476, 0.0021868057171273345, -0.000909753333586745, -0.0015003930018974948, -0.007361265201070796, -0.0025115838011014846, 0.0019082334180763273, 0.0011633853010614768, -0.0003312070743284507, -0.02095784190898651, -0.0029474381312535928, -0.008200590374237387, -0.0028329279097077872, -0.011892989468021942, -0.02194072986861245, -0.0177584384219556, -0.0022237913905267014, 1.1180407986217848e-05, 0.0009854412269011518, 0.00040529220483576084, -0.0010133661094985362, -0.0024899672541992116, -0.000832566661574041, 0.0002801320332460131, 0.0017768923524464125, -0.00014120331531025052, -0.0023606972398395043, 0.005062182683567725, -0.0006561344435212952, -0.010151057767029185, 0.007169099318697484, 0.0007942806334081797, -0.0033125765101296493, 0.0007740023211407953, -0.003798061125778781, 0.0055328032778004625, -2.6990088679395428e-05, -0.0044556439242770295, -0.008857158134691954, -0.004292548997088222, -0.0012227203678242212, -0.0014206269139707686, -0.0003373288888298311, -0.0060168538270490915, -2.8078596373449957e-05, -0.005785434328925073, -0.00306267313939387, 0.0017921032333803497, -0.0012787880140403506, 0.012838211274599463, -0.007621899869786349, 0.01411305173770111, -0.0010287283909570142, -0.0031418113269954294, -0.00022495863234426038, 0.0018053656562860086, 0.0007703656941045617, -0.003521998010937139, 0.003019632747718696, 0.0005934507834380337, 0.00030711409889233143, -0.0007215825352727537, 0.000694980906609764, -0.0021612850232384778, 0.0005452241160579176, 0.004547607254691504, -0.0007976576552781694, 0.0008664236943699117, -0.003053546182945609, -0.00213906960307975, -0.003561270616385587, 0.003188995602751259, -0.0026985713841453473, -0.003298487293375257, -0.0033574760101455253, -0.00795356363923314, -0.0012798837008532993, 0.0038615519376946532, -0.0008581678630235335, -0.004389108838433155, -0.012751880460357102, -0.0030825503323351163, 0.000583396820820206, 0.0027661078933377266, 0.009503255418780972, 0.0026990380159342122, 0.0006312655700845949, -0.00242554462919002, -0.0039275962839904815, 0.002774405000680806, 0.0008795746645346146, 0.004384800446005973, 0.001887291508741403, 0.003722467216515877, 0.005320968800534795, -0.0007829910124701493, -0.00032567286719832974, 0.0013414230498116453, 0.013702390004780157, 0.004700921473637988, 0.0038458567754050465, -0.0001507925997444818, 0.00040671091904234333, 0.0007302741560208221, 0.0006936821747710725, -0.001411262919153406, -0.0019380603918768215, -0.00018972462196947595, -0.0008815447373283545, 0.001719613264575212, -0.001415566751538343, -0.0007616711886046171, -0.0011687669108546323, 0.001815919911568215, 0.003140925115557942, -0.00651638338938774, 0.002303340984501619, 0.0003208832573128808, 0.003700929942153066, -0.007992002045298954, -0.0013659723270854362, 0.00023806787625271398, 0.001967937412883842, -0.0014297391607051642, 0.006141876125127466, 0.001728421200655371, -0.000664223693383818, 0.0019271794837633493, -0.002416168393746682, -0.0021499898271240235, -0.00016757904639875656, 0.004401967699011675, -0.003372203438025247, -0.0011578953956245775, 0.0005601067685560549, 0.0026866096445810734, -0.0007336274029702149, -0.058041852242781446, -0.036622256734922434, -0.050132643740827224, 0.004337096798948649, 0.0, -0.0280488191040004, 0.017487508956745123, -0.0711432973690263], ""intercept"": 0.00016905200000000092}]",297,0.005476710778861951,0.025676946401624004,3a604de324fb150be04724a6acbd8db7ea51b24abc931fa4a127c8ad46fb7d7a,2ad5e1369ace01030c498f08b181f54b8347dd1d8bef770ed5c43f9350bed99e,False
VALIDATION_COMMON_SUPPORT,REGISTERED_JOINT_CANDIDATE,METRO_P60_JOINT_STABILITY_36aab46fe95f3c4651398d47,J_KA,FULL_BASIS,0.0,0.1,0.08069919737427461,0.08069919737427461,0.07995296679729573,0.28275955650922874,0.16032824090966177,0.19707744679854056,0.28275955650922874,0.16032824090966177,0.7708503909883447,0.1970774561892229,"{""block_dimensions"": {""A"": 8, ""K"": 288}, ""coefficient"": [0.00011882054347598134, -0.00011647113046981144, -0.001442293942705095, -0.00039435209471755844, 0.0007029359228303031, 0.001064296152492369, 0.000924398308711862, 0.001960262466934248, 0.001068522272159271, 0.0017938032055628175, 0.0009117559774735498, 0.0009231949407280776, 0.00029272273811873284, 0.0018363014749873644, -0.00044576964872029053, 0.0018685483517899004, 0.0014496273255977105, 0.0021899558652341555, -0.0031251313778779414, 0.0022960397747361664, -0.002304081475492394, 0.0022681683330980276, 1.8424190452003853e-05, 0.0037576775088222192, 0.0019513728307666211, -0.00061556347494792, -0.0013042950540206194, -0.00021106141797262815, 0.0016915279417834964, 0.0002521693900950983, 0.001959071496589341, 0.0006456728510109849, 0.0020700316510012823, 0.0024068295016478297, -0.0004468576376888199, 0.001734150387976777, 0.0005681616781466366, 0.0011681031975924049, 0.00042531141289660107, -0.0009500344926497703, -0.000977901021217186, 0.0009759042603276031, -0.0008113907022544716, -0.0011747559342916748, -0.0005101241442923398, -0.0008594790759346044, -0.00044044315476787446, 0.00185528842664318, 0.0013618089083351891, -0.0010265595684158934, -0.0004816895585156338, 0.0023879529704545206, 0.0003446889359390148, -0.0008357119338874536, 6.257350753624033e-05, 0.0013509969397316967, 5.010613550626823e-05, -3.635647161054608e-05, 0.0021557272895419474, 1.649617508497203e-06, 0.0019359511221070775, -0.001909672799759024, 0.000816064719170628, 0.0005254144681577261, 0.0009770731813958768, 0.0018835006427801986, -0.00202114293426479, 0.0018327380061478953, -0.0034055225424037576, 0.0015398948489884856, 0.00041661766052455154, 0.0023388934610062127, 0.00038024318094686323, 0.00047389824726298666, 0.002366880474496846, 5.786840924259792e-05, 0.00015449591855111035, 0.0003636814304867919, 0.00038999975711368303, 0.0003280261849024672, -0.0002303919420104627, 0.0006432982158663992, 7.867895417975408e-05, 0.0014261094744299572, -0.0003232623386493256, -0.00045058467170803053, 0.00041247541265431847, 0.0004436515950719008, 0.0021300151376298744, 0.0034410448251268027, 0.0005426275652212811, -0.0001875750305825026, 0.00808045295417052, 0.009315867190089472, 0.004178825021174452, 0.005859718601240304, -0.003363968412775901, -0.0005475352742351054, -0.0012667114886798841, -0.0007455384192016837, 0.0019626643075223737, -0.0052319108744941865, 0.004142991354370352, 0.005536863674775161, 0.00112915036153199, -0.001816173284361819, 0.007441309616250088, -0.0007285100839183248, 0.003153816081481966, -0.00031769343088955827, 0.0005004589451161898, 0.0027372696476962244, -0.006082498136865321, 0.0011184986507149746, 0.0035382623838324414, -0.003682656797483544, 0.0028250456175610435, -0.0015772020837788387, 0.005329362810289007, -0.0011598283496279044, -0.0018651754319077318, -0.00025882705765162533, -0.0005633795231579256, 5.148023030417978e-05, -0.0008923069029449611, -0.0008902355369760242, 0.0012434752558645942, -0.0010814497410183274, -0.0008486703728601736, 0.0006862201608986881, -0.00046292225217617225, -0.0002735876780762683, 0.007671020519239489, 0.00384578906648283, -0.002992464866089123, 0.002687404139966695, 0.005242111766458678, -0.004275645786638733, -0.005958410796321282, -0.0023926664699017385, 0.007026582829200458, 0.0007342661978391115, 0.0041852392960966284, 0.002851052914332974, -0.002010492671280224, -6.56355526199405e-05, 0.0013831675193114543, -0.00016853280501332758, 0.0012386864536961708, -0.0008901858020094938, 0.0013602735152415317, 0.000650433827919378, 0.0002990056195546889, -0.00093312485704457, -0.000842766501355443, -0.0006830087686064595, -0.0016485217826294508, 2.2444863784992254e-05, -8.2715818245234e-05, -7.264252358178203e-05, -0.012113659613872403, -0.0037071865966619294, -0.005940792913369698, -0.002176050053047055, -0.005894543247886906, -0.007200802774737795, -0.009997328832784603, -0.004164925592923065, -0.00016867480151844786, 0.0003561786943517756, 0.0007182792600606371, -2.1828235733455792e-06, -0.0012210635455313396, 0.0005351492926045652, 0.000420190282222391, -0.0015337536707784193, 0.0016158361249712194, 0.0006967175935935501, 0.0004163646248783297, -0.0018969673584577074, -0.002048648506327685, 0.00012606617800864505, 0.000402777530544837, -0.00033135522994942373, -0.00023544022381809381, -0.0014931317894219293, 0.0005256091010731008, -0.0007520004067168135, -0.0019219670820322784, -0.0010602442700322937, -0.0004330634043986076, -0.0010679542688925058, -0.0021527730382950474, -0.003456589345670006, -0.00465596715153703, -0.00022130247503136623, -0.004933867687000252, -0.0030213071695304756, -0.0004569999088412511, -0.0012583944950438491, 0.009920023517755247, 0.00039936058198048455, 0.0074786587269263655, 0.0024842322007616463, -0.0014381886609264231, 0.00011288486670815041, -0.00025600785413922874, 7.546573899092403e-05, -0.0013088630190347767, 0.0006937815755632305, 0.00011162366132883645, -0.00014346494485667973, -2.11293237721023e-05, 0.00020667756074509218, -0.0005573354937376731, 6.180963949068108e-05, 0.0020157906888851667, -0.0009080091718710545, 8.781818251592196e-05, -0.0036397763106195274, -0.0015517408205925792, -0.001912476411242233, 0.0009260729596225446, -0.001960916406671389, -0.0013008790508228672, -0.000380734109874633, -0.0018040129094743838, -0.0032036807900750635, -0.0014255188797917156, 0.0005702011284982419, -0.0029413021304591793, -0.0017427174703868677, -0.001223823554087496, -0.0001537290508097756, 0.0013589099982664538, 0.0035421215490553364, 0.0020471677897493626, -0.0006535147632852861, -0.0001434448575270402, -0.0012422573868383086, 0.0018316563920128183, 0.00017732847702134466, 0.002099815491931996, 0.0006746775158514401, 0.002206378455394736, 0.00258363695982574, -0.0004351626520586242, 0.0017743311103048827, 0.0020086065362435617, 0.0050756247075024515, 0.002814364757055381, 0.0015492233056808892, 0.0003143804060083674, 5.114437000538243e-05, 0.0003463180014532036, 0.00021935380792516659, -0.0019304875031714408, -0.0008793558148066045, -0.00012078146387334716, -0.0016521194923113337, 1.2553074310830135e-05, 0.0013302809399728902, -0.0005457248265993861, -0.0009105183866751703, -0.00010676109869141404, 0.00048266572631445206, -0.0002043845218030807, -0.0004931613176071695, -0.0009081112885285338, -0.0006002380431009765, -0.0006673690049947137, -2.070165167502907e-05, -0.00025688895925305344, 0.0006206379482022644, 0.0011491266605942936, 0.003064165944831992, 0.0004631649383278386, 2.7684670900927144e-05, -0.0002685504541390085, 0.0003389081274401395, -0.0009520238684085358, -6.282840854046134e-05, 0.0012227315904273157, -0.0006775466018667656, -0.0005569088100495458, 0.00033841342175356515, 4.628232005541954e-05, 0.00045290720625235846, -0.05352122642197627, -0.03468810487438818, -0.04664507720232036, 0.005037860274563501, 0.0, -0.024539836863308847, 0.015438342893097, -0.06743909059361691], ""intercept"": 0.00017409199999999988}",297,0.00420535855548743,0.022081348433798713,80acb6e02c969d97049ac9088acb156a869dc6af2f67e607803f03031ad78c72,0e7faaf119544b323464e98bd15cff51eff95e61af042232998105ecd45d0a79,False
OOF_COMMON_FOLDS_1_3,REGISTERED_JOINT_CANDIDATE,METRO_P60_JOINT_STABILITY_36aab46fe95f3c4651398d47,J_KA,FULL_BASIS,0.0,0.1,0.08069919737427461,0.08087898681800175,0.08087898681800175,0.28439231146077376,0.16089974539563975,0.19891810921344266,0.28439231146077376,0.16089974539563975,0.7689943859518278,0.19891824826082083,"[{""block_dimensions"": {""A"": 8, ""K"": 288}, ""coefficient"": [0.0002828611077202532, -0.0015591318831120707, -0.00033034521289973534, -0.0008858555552213993, -6.589557200204609e-05, 0.0013102558996544236, 0.0009214428492222297, 0.0028734988380897655, -0.00024497843720221207, 0.0019110415187976175, -0.0007055018049596043, 0.0006835027845483238, -9.020840255602184e-05, 0.0013434783475499508, 0.00012787623810911215, 0.0029101743753251062, 0.0017299028989007897, 0.002973643525270038, -0.002640640419829867, 0.002579333544483223, 0.0020377157395373604, -0.0014314990429414622, -0.00056649431485848, 0.003653208990407789, 0.0016913556962907105, 0.00012451287716511568, -0.0010763113514933808, -0.0007144955553304422, 0.002175479557677053, 0.0004464876768908593, 0.0017580747422068356, 0.0004631674024419322, 0.0019781016171833347, -0.00018223547563827152, 0.0021764768003749687, 0.0015113257560458242, -0.0008366696631286478, 0.0008159713276059576, -9.660840705302499e-05, -0.0003053673138505087, -5.802618643728892e-05, -0.0007498692758585561, -0.0010795960620435723, -0.000893867632428606, 0.0003818139080143219, 0.00034190112336160314, -0.0001625711784270764, 0.0017242574494011724, 0.0009418790964742569, -0.0003841525153102372, -0.0003814871323847533, 0.0022468390371739636, 0.0004397890206595921, -0.0006684026999817125, -0.0003583435499198703, 0.001376269402507089, 0.00020758802958436345, 1.2057481146184044e-05, 0.0018637588761971332, 0.0006643590958591476, 0.0016185514492473218, -0.001505903355974485, 0.0014259081988411506, 0.00019968154189386946, 0.001568787439279489, 0.0018528543709509253, -0.001965957787006662, 0.0016987801347050002, -0.0027325905411151844, 0.001574924242556633, 0.0023563867039286318, -0.0008173286939636963, 0.0007166750437950607, -0.00037757584467989076, 0.0007204288304633788, 0.0006531271498674639, 0.00016741049975640957, -0.00039729891396680136, -0.00010865870449674224, -0.00016105170880407644, 0.0007116091795676438, -0.00012046391495725882, 0.0010419787861059276, 0.0007471693373363904, -0.0002556348840134987, 0.0018514309538311018, 0.0002488698175451646, -0.0006615730819202067, 0.0028461118700492585, 0.003957659114999487, 0.0019517116382919018, 0.001211963706529628, 0.007532938478276214, 0.007269594241173095, 0.006166700365918315, 0.006006257247423883, -0.003006832899947319, 0.00017869882093514303, -0.001815947666535398, -0.0007059158009221502, 0.006333983953592807, -0.0045273151124157985, -2.78903255198503e-05, 0.0027346888407134874, 0.00553063135910435, -0.0017080606755822366, 0.0007186533867023129, -0.0003737655013020656, 0.0015646379339535903, -0.0008881499650372598, 0.003808039074866641, -0.007223302194392507, -0.0004005102802569274, 0.0013807191371752179, 0.002704301917152813, -0.0031455136739327247, 0.0035401002359012027, -0.001925677737795753, 0.004832685936371941, -0.0008953273674521548, -0.000604954666537626, -0.0001298181068554719, -0.0008801350764355777, -0.0024083597235876803, 0.00037059492102188264, 0.0011358319159390014, -0.001198095725692787, -7.61232696336861e-05, 0.0002891765357585075, -0.0013098237559248437, -0.0005467397724357491, -0.00022843507550067462, -0.0022574919989136392, 0.006089513912385682, 0.00285858990628436, 0.004104592917218301, 0.007779236794042773, -0.005560543726700526, -0.006445996320869683, -0.0014238935185745278, 0.008939596594188845, 0.005331532407528354, 0.0012899244441904774, 0.0028788142081300526, -0.0025184717070336174, -0.001037181821969131, 0.001688662230698827, -0.00016735986338069957, -0.00096075884135835, -0.0010008059813527933, 0.00036326396675952433, -0.0011052250784077775, 0.001563830212493338, -0.0010680192231037557, -0.00032717818738477633, 0.0007421717442115618, -0.0023205334723327186, 0.0005994085594121257, -0.0006355844911284602, 6.6452653174027125e-06, -0.006195519147069258, -0.014300021745943995, -0.004397786277830756, -0.002945301718828299, -0.006209558796873436, -0.005207855760187321, -0.00910119887978984, -0.005701256872455721, -0.00023347476615811035, 0.00030569362620576606, 0.0015619683247596824, -0.0009862276321333722, -0.00028359348461888827, -0.0012282281182024177, 0.0007723626725877798, 0.00047345448990286475, -0.0008061143409652298, 0.0030317395728187316, -0.00022463184130510808, 0.00039651937752190476, 0.0005534192147825913, -0.00240996317847097, 0.0003179083515815156, -0.0005013727631266516, -0.0008589645995601727, -0.0012679702636025473, 0.0002801380479522732, -0.0009428056525956416, 6.311295192245779e-05, -0.0017920472601703496, -0.0010752546993953401, -0.0017162604251513757, -0.0006537569433541723, -0.004780583979797908, -0.0015798131593696245, 0.0003452785133799104, -0.005730403447330874, -0.0021878273571926256, 0.0009533289536196128, 0.0001445119597024762, 0.009971952114913092, 0.007107768417404823, 0.0014331418315997758, 0.002881444861438264, -0.0018828310865374206, 0.0004531368095200641, -0.0003007458754617295, 9.153783030542557e-05, -0.0008509680815127333, 0.0006632896740982949, -0.000935308062174829, 0.0007272630713739853, -0.0008271025714764096, 0.0001925510280594452, 0.0005157609837510466, 0.00018218697234315, -0.0038536418770169605, -0.0015736166421702767, -0.0005726435663866107, -0.004525786979181189, -0.002206721134056471, 0.0003460978990602315, -0.0012889376317412372, 0.0032200928647399775, -0.00039943116470273534, 0.00010960232380930633, 0.0007344419002674671, -0.0012145111208076403, -0.0018628518107469982, 0.00021408046074773669, -0.0022322456534699573, -0.0020449817428206123, -0.004415779918332781, -0.0009270228255741127, 0.004679207441526128, 0.003953429014765017, 0.0017408161897241375, 6.544909274340382e-05, -0.00102226089834378, -0.0006343392788519004, 0.0023010883941486926, 0.0003747523778896253, 0.0019082040546764593, 0.000533511132246678, 0.002086694885174269, -0.00022419462390313593, 0.002378895813764894, 0.001579741564476621, -0.0006652631107079989, 0.0041762532075290465, 0.0027029824780532754, 0.0006476464883760963, -0.00027329074545999894, -0.0012467114479911131, -0.0006510093339922627, -0.001127363848749654, 4.0255677365614364e-05, 0.0005564235600905694, 0.0005853203347926104, -0.0012707566013686676, -0.00018259965645458086, 0.0014316356887284522, -0.0005529273255140027, 0.0011341112061852782, -0.001133004357349473, -0.0003559706246165401, -0.0011950477674226162, -0.0005713246849144435, -0.001674383794583258, -0.00019601796350305421, -0.0018319341827037255, -0.0016062778376649918, 0.0007366710146988982, 0.0031453367720364646, 0.0015948971599124536, 0.004083580409332951, -0.00043921047324114526, -0.00045701858060070343, 0.0010820507529754986, -0.000649701358331377, -0.0007455482329966915, -0.00021453665502313725, -5.350306382021019e-05, -0.00047141959540198286, -0.0002940954406713431, 7.226534725481982e-05, -3.535401417120896e-05, -8.10114866134166e-05, -0.053971548047061696, -0.03462316115167643, -0.04697169141479439, 0.005697251013007601, 0.0, -0.025011645256810336, 0.015804426235686356, -0.06805126105228256], ""intercept"": -0.00012420800000000328}, {""block_dimensions"": {""A"": 8, ""K"": 288}, ""coefficient"": [0.000658856879123846, -0.0002637898369543478, -0.0009831549414636106, 4.262043273228565e-05, -6.920045571162253e-05, 0.0018121219437772756, 0.0011764607972515773, 0.0026268207206625446, 6.286309968842399e-05, 0.002245244215479551, -8.624231609436503e-05, 0.0005257722109852195, -0.00030838961851646955, 0.0012136359378592664, 9.968016852401907e-05, 0.002131584129676106, 0.001554665462309693, 0.002810704782510627, -0.0031384360396592543, 0.003878746728570543, -0.001934882579381686, -0.000585168558517091, 0.0019709780180483154, 0.0025151561325506095, 0.0017900229478312719, -0.0005629077754208153, -0.0010041882037959138, -0.0005109871289935142, 0.0022132535334623673, 0.000501920004172294, 0.0018731851491288105, 0.002078510046627295, 0.0020896922072871087, 0.0022714889180248166, -0.0003755749433070322, 0.0008299040068599058, -0.00020810461451063058, -0.001805692474217046, 0.0011022626671163755, -4.40792334007626e-05, -0.0001954272622864603, -0.0013151117777832288, -1.89716311787658e-06, -0.0004943697754640877, -0.00037263260857647374, 0.00026675308435842297, -0.0006569503238560408, 0.002024526861733003, 0.0008861870558773888, -0.0007865531255987833, -0.0005112008354310802, 0.0022368696649017945, 0.00011443524056350603, -0.0007184665263653528, -0.00016632038696405698, 0.0013799502056550588, -0.0006458534430841217, -0.00019307653820616616, 0.0018231310521864303, 0.00024080718483553043, 0.001750792830629263, -0.0014981476753380323, 0.0009937336623408331, 0.0004281844550389254, 0.0012855832715948019, 0.002201189866686158, -0.0020216348920901986, 0.0019586489058297228, -0.0032095462597270283, 0.0021722942652749396, 0.0017196010529800636, 8.015584978862882e-05, 6.409834266621586e-05, 0.0004904391186803012, 0.0011808634879212783, -2.222322346021391e-05, 0.0003117372983993713, -0.0005123561357044124, -5.994159907789958e-05, 0.00024191204960425156, -4.012370335153017e-05, -0.00035840789007068885, 0.00036724771552664386, 0.0011862028385661182, 0.00037397129438437567, 0.001797568281865052, 0.00030269053033118857, -0.0011647575352268119, 0.0017490484514101907, 0.0037286195293386396, 0.0008237166274568196, 0.0010660259443048884, 0.008187665861263467, 0.008297918650304669, 0.0035059570997456584, 0.005580084292539621, -0.0023957375139410926, -1.1433011187055235e-05, -0.001965080969253547, -0.0008492573985143, 0.0011670226917645994, -0.004757823796401812, 0.002670981326321785, 0.005380638273693879, -0.00030038118103630537, -0.0016911850109628008, 0.006845033009565292, -0.00025851262723215453, 0.0014338385013284343, -0.001421140798559769, -6.541139056067708e-05, 0.003884809042051815, -0.006769123326956135, 0.0015255608720587319, 0.0038520171839658258, -0.0026480923979823865, 0.0026483105062252714, -0.0019452115506828854, 0.005747490418697656, -0.0007685202256398464, -0.0007337440024401568, -0.0002475717388875952, -0.0009281885666779447, -0.0018959582089383474, 0.0007485779715657985, -0.0006088248606580272, -0.0016546075953093307, 0.0017824885497925204, -0.0004634129672898787, 0.00021274443503093484, -0.00042388195903171665, -0.00044003275292239867, 0.006727010000310209, 0.0041774812441970266, -0.0019876196458148846, 0.0017840494924719528, 0.0061455077456574235, -0.0048097064869893355, -0.007494420642110942, -0.0020914243088529477, 0.008656593749606076, 0.004334164090167074, 0.0007151891753635112, 0.0033900488801609616, -0.0021466888008899827, -0.00014490228421577478, -0.0006765866742335613, -0.0010429329082777825, 0.0010691092659078963, -0.00036049965265266983, 0.002027455367140714, 0.0008518903333449932, -0.0003419454373674788, -0.00036888241372052297, -0.0004254380662179408, -0.0012322089177362733, -0.0015515217892636938, 0.0004231336457167367, -0.0007232244202927026, -5.8635231339164476e-05, -0.013599442900875792, -0.0043378806951014865, -0.005426173567005024, -0.004044032401656288, -0.006597659181235099, -0.008469437672465795, -0.010442918724377005, -0.0031674624956311214, 0.0004697551070462833, 5.3183470594227177e-05, 0.0013080144268283952, -0.0014359233340574737, 2.4879846552706346e-05, -0.0009011067383857254, 0.0015332558832400656, 0.000608083035081291, -0.0007575070704680476, 0.0011773256698623846, 0.0008341007797094979, 0.00044724429634029254, -0.0023718807472429453, 0.000495224630618064, 0.0005219819495014304, -0.0008206562221182371, -0.00029332132519864143, -0.0008836140406779005, 0.00033109034205752643, -0.001078406124106798, -0.0022367457704594957, -0.0011836564815425415, -0.0004359578046114188, -0.000911183379273538, -0.000982081894267746, -0.0003013383456000143, -0.004052259536705854, -3.9192220061671475e-05, -0.006489621857649586, -0.003545342924675615, -0.00013945089745554386, -1.53096468570157e-05, 0.010562609283260227, 0.006760843377104433, 0.00013985994614490016, 0.0022304152486787433, -0.001343400930710273, -4.4162489038872496e-05, -3.5990524201664456e-05, 0.00013704358807940402, -0.0012161641297454796, 0.000543915874906364, 0.00025818008388764715, -0.0003726955437892797, -0.000397209726803079, 0.00033464681655130863, 0.0002602461796760103, 0.00026777744071169627, -0.002632663654515914, -0.002573293286905906, 0.00027036614608726665, -0.004183757210447137, -0.0013566179193863109, -0.0015235060252503142, -0.001889838118323611, 0.0027493359520118967, 0.0009482130287418686, 0.00044038279393534706, 0.00013081140637255715, -0.0010480826410308296, -0.0008744730505633098, 0.0010589266165182706, -0.001533119717984138, -0.002055239218909114, -0.002956040268017524, -0.000301658003823283, 0.0034055563126374156, 0.004192630470060602, 0.0018407263095872538, -0.0005600647295291353, -0.0004320510523976628, -0.0009713524313093752, 0.0023542846214981, 0.0004337306264308995, 0.002012895228888083, 0.002156061802852782, 0.0021653301427740153, 0.002487147176301925, -0.000397247325010795, 0.0008946603903325369, -0.00024155420890711356, 0.003984038120668444, 0.0018831980138937535, 0.0016052456377953098, -0.00029898290395048255, 0.000507984482474731, -0.0008170615176830899, 0.0008409675063500003, -0.0014932910100346796, -0.00031843522195318684, -7.853507009325915e-05, -0.0011044665611701005, 0.0010382437151985576, 0.0008732696199461664, -0.001468641272734253, -0.0009976098186419051, -0.000743046883302871, 0.00030542420661873584, -0.0008946089744923701, -0.00017347300356893418, -0.001564406074906739, -0.0008539949771017467, -0.0016253711086558003, -0.0009968314416490805, 0.0006602133757035957, 0.0011304354389291592, 0.0016912206368492825, 0.0035094340647244702, 0.00012164258585354455, -3.6432947756955266e-05, 0.0009966347864938008, -0.0003450049544617859, -0.00039364934692629123, 0.00011841457822090976, -0.0002602225013965825, -0.001069756912903116, -9.11995984965811e-05, 0.0001305860887437578, 2.8849057224771093e-05, -0.00039032055646945937, -0.05387062716452823, -0.034758830237174757, -0.046967742665125045, 0.005491498873165037, 0.0, -0.024919073532051122, 0.01569785121578487, -0.06806555138180931], ""intercept"": 0.000191412}, {""block_dimensions"": {""A"": 8, ""K"": 288}, ""coefficient"": [0.00016078670642570865, -0.00028484390750471396, -0.0014009110690908872, -0.0001282771454482418, 0.00021581227129542714, 0.0016422651278554191, 0.0007557535129333173, 0.002206120653511477, 0.0005089009649769079, 0.0017017530169566718, 0.0003663068907285891, 0.0008732158824857065, -0.00201991067847551, 0.001776729488707268, 1.7750619486047364e-05, 0.0016834396996336096, 0.0025216287148165316, -8.939907570570308e-05, 0.002374945852000927, 0.002425024132315792, -0.0033299862405133137, 0.002156456656942717, -0.000546875928799769, 0.0037497776454263297, 0.0019277358954444687, -0.000492117098274902, -0.0012301401092016438, -0.0006088253865348999, 0.0020191025359661482, 0.00027059846909449083, 0.0017279733203960689, 0.0017985298051793309, 0.001962799870130638, 0.0021465162531637267, -0.00048418594085199477, 0.0006713963625267478, -0.000687605526996815, -0.00042410132567475385, 0.0012758682422434194, -0.0008119215493060073, -0.0001099982527247433, -0.0009361649271245596, -5.6076191316536266e-05, 0.0003491705482479341, -0.00045619528388086446, -0.0003219803268989184, 0.00014099389118623395, 0.001308860371042893, 0.001489015330729236, -0.0010241119299209123, -0.00048624712097942725, 0.0021404038302748215, 0.00036609822126271554, -0.000741433385934318, -0.0002465993925075801, 0.0017324607586249425, -0.0007006147781406297, 0.00025418086874747094, 0.0021288083156376218, 0.00048227875533429245, 0.002091394131275886, -0.0016737129559486288, 0.001348725693280374, -0.00023709931299614796, 0.001421204533752246, 0.0023798295688399417, -0.0023826699910553437, 0.0022915128788473086, -0.0035606626628640684, 2.2593405958570798e-05, 0.0021067682146288227, 0.0023447357595024775, 0.0002484465734947229, 0.00040511162317274495, 0.001233462592566935, 0.00028769894037637336, 0.000590560123143532, 0.00023873353663355634, 0.00010334358170573386, 0.00027009846801176544, 0.0001491288765411842, 0.0005082144413018728, 1.6071780676298447e-05, 0.001124866603715253, 3.855346458328563e-05, 5.4719977112569664e-05, -0.0003914662930060135, 0.000764316185136224, 0.0025974481450992035, 0.003110844924528019, 0.0009364509786131694, -0.0002847099836787503, 0.008035529129265626, 0.008230318550689246, 0.004523903185045376, 0.00720519975274479, -0.002684834459627872, -0.0008003791003409575, -0.0018979308681354322, -0.0008780028519226338, 0.0018091721665434608, -0.004866671477175087, 0.003607192726860969, 0.005823473623134311, 0.0008164185906808618, -0.002247073182746698, 0.007278033946122666, -0.000582160675375801, 0.0021792269274771223, -0.0007422931069438341, 0.00014559891902389012, 0.002872125199644059, -0.0067158039487760016, 0.001458289821205351, 0.0035324864973226753, -0.0028928036333012276, 0.002889643972056523, -0.0018789539696121428, 0.006098903815594287, -0.0008952003081844612, -0.0018429547100701237, -0.0003391581291714669, -0.0006198716899406544, -0.00022991802089238671, 0.0003147365363477039, -0.0009289790136890622, -0.001406071668646011, 0.0013009438981750655, -0.0006203597356674192, 5.655831465072494e-05, -0.0004277102022766008, -0.0008950302032994799, 0.006641447239031697, 0.0041822797514676656, -0.0026130400280716063, 0.002774902402872986, 0.005685275002574092, -0.004094918743831961, -0.00682383993362235, -0.0015532494140940982, 0.007192482412709127, 0.0004894905652071218, 0.004579358296356807, 0.002996568994405077, -0.0021886974062715315, -7.800604143580905e-05, -0.000347322197715098, -0.0009574150087076158, 0.0015659317129396212, -0.0006616994703171413, 0.0019516068468926426, 0.0008937953305621301, 0.0005772848896557504, -0.00026979803968241807, -0.0009854350587581101, -0.0015839782453904551, -0.0014560196676890382, -4.204580888318756e-05, -0.0002960677076787385, -0.0003376358088659237, -0.012937199168970152, -0.003026951932151484, -0.006032550785808856, -0.0026155133050432323, -0.006372637920491106, -0.007787530404568273, -0.010358909534714356, -0.003614545827458938, 6.473888092472347e-05, 0.00047253051537571615, 0.0013571612438802111, -0.0007587626968517574, -0.0011763314303827512, -0.0012035907491339912, 0.0007616623874990523, 0.0004653554943089097, -0.00042546056955928825, -8.31181503342279e-06, 0.001004671927839272, 0.0002743824666859031, -0.002247804387850089, 0.00036314563813158104, 0.0002800003417606995, -0.0006401644627570852, -0.00028548913342169263, -0.0014635093529485835, 0.0003654121303836396, -0.0009108076073424034, -0.0006577526970320227, -0.0018218479519990815, -0.0010879461462405932, -0.000777354104103864, -0.0011967139412694472, -0.0019192015248779557, -0.004474222127778702, -0.0005498841794811949, -0.0056136562753212604, -0.00346192797164631, -0.00013852586052591327, -0.0012259488872423676, 0.009229459793125413, 8.81674767575904e-05, 0.007623361950904807, 0.0020687258272952284, -0.0015249685784123222, 4.194903426774318e-05, -3.105353443930942e-06, -4.086930157998614e-05, -0.001254172117592643, 0.0009958031974810525, 4.83016245124266e-06, -0.00017530914118374022, -0.0002087363779533781, 0.0006878635259705024, -0.0003452410127408105, 1.7221021629973498e-05, 0.002545865308540807, -0.0011665732912097622, 0.0005038947101513461, -0.003002334369009188, -0.0018941664349536058, -0.0021795681154925155, 0.0009774100663833586, -0.002599053769090144, -0.0014882020626798172, 0.0002111075972773349, -0.0013793087720111396, -0.0034225788321352113, -0.0011510344231886612, 0.0008678023555020607, -0.0023326534688671006, -0.002039234234127943, -0.002062695824911186, -0.0003442059319829693, 0.0017294159057684804, 0.0043159130582976196, 0.002035564562025759, -0.0005155533478795113, -0.0005233724373046255, -0.0011622457052120013, 0.002144863023420135, 0.00020266634637623642, 0.001879995209956966, 0.0018932643369184527, 0.002097471510696262, 0.002367944524322416, -0.00046585677814578577, 0.0007360329027327402, 0.0005098478878511467, 0.004341929137576949, 0.001692281927824754, 0.0014647045048579723, -7.80963716019772e-05, 0.0002458661110367706, 0.00045003796701437214, 0.00034889327806652626, -0.0015612952997375769, -0.0014068294649369924, -0.00021804346144809147, -0.0006664624252633784, 0.0007155925250529317, -0.0009393897293306795, 0.0005709746102626972, -0.0010278502570808448, -0.0005919548534962507, 0.0007369809543984155, -0.0015254822238784686, -0.0006171159978613194, -0.0005942926693166379, -0.000343153929639211, -0.0015021809957346296, -0.0005588039844043497, 0.00016332595481200076, 0.0012403979867794772, 0.0016854143090989622, 0.0031703988777794494, 0.00031982999662744706, 0.00012544713585272132, 0.0004945418569882318, 0.00021288879298760836, -0.0010877941076574997, 0.00017360583549242396, 0.001149568760843104, -0.0012739324135018657, -0.00026114111784500833, 0.0002399178794335416, 0.0004359141638683157, -0.0006908589349283586, -0.05337645060332425, -0.034756504181338695, -0.04655286314214987, 0.004673409857888962, 0.0, -0.024386997651582972, 0.015264841948376778, -0.06690738289495492], ""intercept"": 0.00016905200000000092}]",297,0.004317528684937454,0.022292716106975294,3a604de324fb150be04724a6acbd8db7ea51b24abc931fa4a127c8ad46fb7d7a,7ee588a0cfbcc101fa9416ad41d888e35aca865d11cdafc337d4b08a336deae7,False
VALIDATION_COMMON_SUPPORT,REGISTERED_JOINT_CANDIDATE,METRO_P60_JOINT_STABILITY_ae36e7b75d4adadad1658ced,J_KA,FULL_BASIS,0.0,1.0,0.0842176009988164,0.08421760099881641,0.0832287444900676,0.288493924528867,0.14359008137994136,0.16418065892237443,0.288493924528867,0.14359008137994136,0.7614618315942839,0.16418066869780545,"{""block_dimensions"": {""A"": 8, ""K"": 288}, ""coefficient"": [0.0006194952651751775, -0.00021497358648460684, -7.08252807156932e-05, -7.2190371759322e-05, 0.0005321315422187685, 0.00019614675728693264, 0.0005722330916115953, 0.0006574775562720267, 0.0004798683097594946, 0.00048375522388641233, 0.000525226195902724, 0.0006239624420281809, -0.00017840491157384623, 0.00042836407677312305, -0.00018938603204514027, 0.0005089287968725554, 0.0003102086854004779, 0.0003603119830097295, -0.0006130328810461975, 0.00041719848578502313, -0.0005906593268814442, 0.0004905374125298794, 0.0001778062566487202, 0.0008147308246977328, 0.000611153565506294, -4.400707775508797e-05, -0.00023741458922058576, 0.000166182558920618, 0.00045232587491367363, 9.3532726593099e-05, 0.0003826327795938907, 0.00019991935115979578, 0.0004916343520647975, 0.0005008594744907548, 4.6641511890400715e-06, 0.0004340762843659601, 0.000312073047809459, 0.0007218229206824361, 0.0006968409922805326, -0.00014393118718838388, -9.09633230523728e-05, 0.0010287035595577191, -2.5231862446395458e-05, -0.0004466785896293978, -0.00030329519496342965, -0.0002710106656957527, -0.0002608139740266632, 8.606592669614904e-05, 0.00033225947137464684, 6.433152821098307e-05, 3.3564695323258246e-05, 0.0006303423111950192, 0.00018508992757372046, -0.00010292668701909198, 0.00023236073745377885, 0.00025532905207268226, 0.00026715759167936036, 3.098682719391635e-05, 0.0008113551359682837, 6.0102569437648756e-05, 0.0011535159120972147, -0.0006559235905900836, 3.027090446428091e-05, 4.0319481624541096e-07, 0.000954292561776531, 0.0006584422917680103, -0.0003514866929506331, 0.0008411119039115961, -0.0008183304470806259, 0.0009716303217996706, 0.0002628390350571854, 0.000854590096574885, 0.0004883210369517003, 0.0004900987855189585, 0.0005032958896081082, 0.000407723410580534, 0.00041693201395859644, 0.00043164825731872316, 0.00024726213233817036, 0.0005791064471994905, 0.0003643304420777335, 0.0002167523228421473, 0.000396335465569495, 0.00027567121082385844, 0.00040575072856597824, 0.0009266198361954783, 0.0001576899485950121, 0.0004633667629183081, 0.0009483989859192768, 0.001127470740930917, 0.0006155490492369669, 0.00030336899060774095, 0.003421622045344479, 0.002613211651158023, 0.0013637898198052586, 0.001976077533453819, -0.001565934326439616, -9.234331079291837e-05, -0.0005602733281751919, -0.0003179060292943698, 0.002192023876589653, -0.0007006592005155374, 0.001411475339934732, 0.002139900152029082, 0.001559264497708948, 0.00013870684415031006, 0.0031832378559302097, 5.3427503100691304e-05, 0.0006757166056399708, -0.0006224179646330611, 0.0001232729893077589, 0.0002838967702388606, -0.001741957190798277, 0.00020890375030172375, 0.0005050873396960054, -0.0012626899525534155, 0.0005491603571816711, -0.00044412359525200165, 0.000991488431015759, -0.00027440626831985184, -0.0009674297926714167, -6.502982503501285e-05, -0.0002924866881004293, -0.00025599505608618893, -2.2406732088167345e-05, -0.0002693774885863973, 0.00043283465684819844, -1.820937931871605e-05, -0.00011837482120359959, 0.00037884530894873627, -0.00018827634601596257, -0.00016796755697900522, 0.0024364774524409986, 0.001027931169819435, -0.0014242378519762648, 0.0013824542244955053, 0.0014185400604077496, -0.0005508202184937214, -0.001628676163407267, -0.0007583232894337756, 0.003361704328266561, 0.0007286194334566804, 0.0019789866460892397, 0.001329614878962141, -0.0005079751805686305, 6.341924895681028e-05, 0.00038956999983907566, -0.00023888478450550263, 0.0002967208027789134, 1.5135650257570769e-05, 0.00048783625740076006, -0.00015961795297426807, -0.00020528118240939773, -8.479482159604651e-05, -0.0002987106174633475, 0.00019261660677235518, -0.0008979431515393301, -2.1188565705967162e-05, -0.0002518456102280391, -0.00022476765545449215, -0.0035122865342247624, -0.0009896418378636663, -0.0015535425114980976, -0.00044171310270571485, -0.0015298886567048887, -0.0013043441432757832, -0.002499762263931558, -0.0010039960413497128, 1.2650095485793687e-05, -0.0005045043235175491, 0.00032709587957807364, 0.00012948987964563568, -0.000576157103550927, 9.66970955329542e-05, -3.734513012569456e-05, -0.00023117867647469355, -0.00011610195300770033, 0.0003770508550678753, -0.0001729485925821368, -0.000686275779620465, -5.0439219167727826e-05, -0.00010930623972472702, 0.00019269776668800665, -0.00020586561971100236, 1.1059785301296896e-05, -0.0002396208218113748, 0.00017441498060659624, -8.238303101255118e-05, -0.00029280804666691033, 6.764064257192282e-05, 2.267585633009859e-05, -0.00015562186038995868, -0.0003893859886508627, -0.002073593730350023, -0.0012796768044103452, -0.00028662418075947165, -0.0017175456908565124, -0.0017444020852784882, -0.0009010633508908504, -0.00033553415959575384, 0.0035166262441765016, 0.0008731637557249955, 0.0023514338818037385, 0.0013444129062281187, -0.0005692415789732786, -0.00025744232343540246, -0.0004872900459845772, -9.020813367240585e-05, -0.0005082065018081614, 0.00041282161068347374, -0.00013045322407807418, 8.07148698128743e-06, -0.0001560509936700339, 0.000348565890873488, -2.5711969470780935e-05, -9.975438210587909e-05, 8.266809853436997e-05, -0.0013014067464733835, -1.0141182715052698e-05, -0.0009164029379758046, -0.0006644967748710045, -0.0005431109426098741, -0.0004654171364677913, -0.0013111298198875704, -0.0005274933233746063, -2.0194063226893742e-05, -0.00045669111301216116, -0.001314937399292548, -0.0007792600950525107, 0.00031360728570841676, -0.0013431677162982038, -0.00031973497181278905, -0.0012341153314603885, -0.00022196138425245395, 0.00044384495758318705, 0.0009053504731275348, 0.000660400910950159, -4.646016527901438e-05, 0.00018108971092457995, -0.00021821695924144943, 0.0004893219745071286, 9.715375907272267e-05, 0.00044822843400363376, 0.0002162118749281131, 0.0005538790473439416, 0.0005526138315492264, 1.0287267399744874e-05, 0.00045104037070612876, 0.0008825561813709289, 0.0009252554190499079, 0.0003120377597323144, -0.00029654075507683757, -9.427288962449795e-05, -0.00021777041206521715, -1.759048928093781e-05, 0.0002413015471410642, -0.0010786013299290801, -0.0005169834856310347, -7.272714907491883e-05, -0.00048574588422020074, -0.00021947783792325464, 0.0008921792328584206, -0.0002599548561656908, -0.0005646964089329781, -0.00039170037705175465, 0.00018983372268165598, -0.0002638120377415679, -0.00041220242781872307, -0.0002780104781150377, -0.00036424471652282643, -0.00020380936840974938, -1.5629453777537406e-05, -0.00034046813291758354, 3.59269565468218e-05, 0.00048640771111969677, 0.0007278198935320151, 4.895880686066429e-05, 5.5014558130847866e-05, -0.00012963694817457271, 0.0001521936786124333, -0.00018168519697992383, 8.142872280830439e-05, 0.00023367042417552235, -0.0001741049252275172, 2.5115751494955145e-05, 8.459192957412955e-05, 0.00011958747327607095, 8.806052545379673e-05, -0.03223582556618162, -0.025013704636969773, -0.029443901439157313, 0.0031898363247884138, 0.0, -0.009407630104829189, 0.005698979269898835, -0.04258253043045129], ""intercept"": 0.00017409199999999988}",297,0.0013197980516056066,0.009136340626950604,80acb6e02c969d97049ac9088acb156a869dc6af2f67e607803f03031ad78c72,aff777421dc78ecfe77396560b84593916033619ee1438c7f22faf2f5d507507,False
OOF_COMMON_FOLDS_1_3,REGISTERED_JOINT_CANDIDATE,METRO_P60_JOINT_STABILITY_ae36e7b75d4adadad1658ced,J_KA,FULL_BASIS,0.0,1.0,0.0842176009988164,0.08421514545919367,0.08421514545919367,0.2901984587471024,0.14371237456882838,0.16587446738019573,0.2901984587471024,0.14371237456882838,0.7594656887488711,0.16587461216310706,"[{""block_dimensions"": {""A"": 8, ""K"": 288}, ""coefficient"": [0.0005073390949206389, -0.0003931554436176081, 2.4419753375860324e-05, -0.0002735736470837941, 0.0003597280887867477, 0.0002421749127633774, 0.0005490702728396017, 0.0007390411297265783, 0.00031426892233985985, 0.00044425540972795773, 0.00033788567265606877, 0.0006488513288631459, -0.00016112579150002608, 0.0003008479668502482, -0.00018252696740995525, 0.0006481786561113515, 0.0003658846358018989, 0.0004893244341480142, -0.000546353381408488, 0.00046933166369913273, 0.0004350890518718202, -0.000409324889917142, 6.937549427680413e-05, 0.0008197973269124316, 0.0005748088870308729, 4.723969006478176e-05, -0.0002406946762497601, 0.00012031945428370923, 0.0004709801789947032, 0.00020838572728319635, 0.000289020702666001, 0.0002488830965125153, 0.0004358415959042755, 8.869657028576888e-05, 0.0004022181524697502, 0.00042323244950270047, -0.00012729756662957246, 0.0006711102677526706, 0.0005466350484567594, 0.0003896671220873231, 0.000455334930931761, -4.5670481714899023e-05, -9.893368042616692e-05, 0.00022830022217673677, -0.00027214037463896615, 3.2713381991241986e-05, -5.12439143224252e-05, 0.0002604407469000191, 0.0003369558895285221, 0.000228097603159934, 9.421841429043721e-05, 0.0005482609474736739, 0.00022973237960285345, -9.599965959303235e-05, 0.00019937122614480907, 0.00034704348570372773, 0.0003233983814780416, 0.0001461138142864391, 0.0007707137711216916, 0.0001909346731874159, 0.001066531791521091, -0.0006449579525547799, 0.000166342914951851, -9.359200020784265e-05, 0.0011111047964791486, 0.000616766351275381, -0.00044610793324965204, 0.0008046518467542921, -0.0007956463458220174, 0.0007270572043342418, 0.0010327212289630975, 5.722376633968321e-05, 0.00041728957542672043, 0.0003188254813609933, 0.0003120515897253806, 0.00037117727490045113, 0.00034877973709160364, 0.0002541123435743635, 0.00013871823436983717, 0.000595597551098092, 0.0003885864405727018, 0.00026872398449035773, 0.0003386967999485692, 0.00015142099049451202, 7.0459794675296e-05, 0.0014275984960503633, 0.0002066800171904237, 0.00010201667753312111, 0.0010656111408052441, 0.0014713171237429631, 0.0006375154623499984, 0.0003986958901494835, 0.003380489192473496, 0.0018545571155210844, 0.0015966679815570296, 0.0019367256800083012, -0.0015259484272341784, -0.0001065961035546391, -0.0006092069026197933, -0.00036768457104229804, 0.002364231629523129, -0.0005700034369793699, 0.001363533815853971, 0.001171610943411196, 0.002978208512579419, 0.00010032220472608888, 0.0021105467461675913, 0.00013619704321238518, 0.00040398671064307445, -0.0005572786371425657, 0.0006307920100004273, -0.0017361563596756699, 0.00011134661553076445, 0.0003100117977226726, 0.00048480262338452054, -0.0010017830499193937, 0.0007045213141338568, -0.0005411683543800674, 0.0010432154503624551, -0.0002976304650656627, -0.00025000882224397177, -5.208112991364939e-05, -0.00033843833210806017, -0.000962922824121597, -9.429491925637794e-05, 0.0004439366905913845, -6.328909187420828e-05, -0.0001420026011828867, 0.00030306494443463285, -0.00017204714951237713, 4.7755968908831496e-05, -0.00018127035610166148, -0.0011435723056244713, 0.0017932554752519722, 0.0012095613617095161, 0.0008195272018681852, 0.0024367300103399696, -0.0012153257291151597, -0.0018338329137403996, -0.0009536910785140337, 0.0036089331619528547, 0.002041553194545952, 0.0007335446536890038, 0.0013967482745883462, -0.0005275976978301205, -0.00015987055458102121, 0.0004236721874789604, -0.0002320028500930265, -0.00011231305762548746, 6.671056543636928e-05, -0.00013274193782164507, -0.0001405626656876069, 0.00038768102221803174, -0.0003613911613008463, 0.00010507695280025067, 9.419293971185078e-05, -0.0009020158883628868, 1.4627460327104686e-05, -0.00031939323068129065, -0.00017024132960039565, -0.0012067697015226508, -0.003826719425720358, -0.001088175384586615, -0.0005763957456644252, -0.0013701005805128146, -0.001530322603559769, -0.002489007922577842, -0.0011475324425137012, -0.0007021313294674026, -6.900054197531735e-05, 0.0006106220219428377, -0.00016980945527614406, -0.00034907335772959934, -0.0001620454263918371, 5.002537385236387e-05, 7.992180399481801e-05, -0.0006630177004329504, 0.0008119647375980099, -0.00036121676296253666, 0.00018225649429457272, -5.186239452219827e-05, -8.879477814850415e-05, 0.00020334909872449106, -0.0002084175484074422, -9.00191152448661e-05, -0.00020884707963480576, 0.00011802019923627792, -0.00014388322472718012, 4.12963257047794e-05, -0.00025535170144460077, 2.8888882192049225e-05, -0.00019976215031663571, 0.00011259325650268477, -0.0013905104197767307, -0.0017044632502447464, -0.00029377666302550065, -0.0018785348315600685, -0.0017014562771568561, -0.00074362773790068, -3.675816036160533e-05, 0.003577924383755564, 0.00238797780839248, 0.0009202272158355815, 0.0015205391954972978, -0.0005663615406182267, -0.00022718896086831473, -0.0004722598010924403, -0.00011143409782601356, -0.0004528955622591583, 0.00032729430877489026, -0.00046339504483429493, 9.465732342354241e-05, -0.0004800034090298576, 0.00026630077074232486, 8.370944506587873e-05, -0.00011360536335073265, -0.0017531076958854587, -0.00034335706739563077, -8.797184763884719e-05, -0.0014412435776061487, -0.0009240311663498665, -3.1559144602246397e-05, -0.0015300548729285475, 0.00047243306742485375, -0.0006533330054922334, 4.781283572937258e-05, 3.9619448963887356e-05, -0.00041764406678628386, -0.0007010264191317394, 0.0004089777521565567, -0.0010407787248518747, -0.00024103085119636344, -0.0016377914441830124, -0.0002485873503542347, 0.000924063676135935, 0.0009277948984781082, 0.00061796281275389, 4.566541851316089e-05, -0.00022092953733869757, 0.00013734732419420911, 0.0005037873574204532, 0.00020642655341733817, 0.0003578611267249834, 0.0002628104636851022, 0.000495833377328715, 8.805275022523654e-05, 0.0004580578064243807, 0.00043822542833859635, 0.00035211333253698914, 0.0007916411923883183, 1.7838342686329052e-05, -0.0004239641269727072, -0.00022241826125428917, -0.000879102791391542, -0.00029536587653891574, -0.0008077355400570694, 0.0002519058560839592, 5.199202689339507e-05, 0.0001489835259842152, -0.00041745812471006205, 7.455174113724999e-05, 0.001176209963358232, -0.0003256181222399656, 0.00024983476452505166, -0.0005951482860455708, -0.0001375797122751878, -0.0004940127367949936, -0.0005154595558365319, -0.0004799595630791212, -0.0004386706303315481, -0.00046836085287572146, -0.0003564319785083235, 7.387979455241072e-05, 0.000589461995736084, 0.0008314388875377912, 0.0010637266178198754, -0.0001228616879194497, -3.7803623768024283e-05, 0.00021881419905783416, -9.626396105133793e-05, -0.00022113198781953714, -3.746499801892018e-05, -6.410337822908013e-05, -3.7871168505950584e-05, -4.5338767531665224e-05, -4.394103355492169e-06, -7.290093872566251e-05, -8.001046652845774e-05, -0.03236938733873366, -0.02494419676428326, -0.02952570266754571, 0.003728637483783389, 0.0, -0.009579487785525993, 0.005839043218998653, -0.04296641467893098], ""intercept"": -0.00012420800000000328}, {""block_dimensions"": {""A"": 8, ""K"": 288}, ""coefficient"": [0.0005969119730504402, -0.00023062176505652966, 5.0328416361790656e-05, -0.00012459571988013803, 0.00046172060987788793, 0.00029345248483232244, 0.0005931225564286225, 0.0007125746155053805, 0.00040423562124019283, 0.0004914885173790715, 0.00043917153098163103, 0.0006170376289768377, -0.00021808566719530318, 0.00031872811796709687, -0.00015033304037464975, 0.0005165288103550377, 0.00035741249558937844, 0.00045910770000925607, -0.0006220823337477114, 0.0008433312493277695, -0.0004907953506843838, 8.763667889065477e-05, 0.0004224393363704172, 0.0004472959363394349, 0.0005774672139034, -2.9018878588748452e-05, -0.0002460629924514746, 0.00014599329295158085, 0.0005002826678934361, 0.00020904071330747482, 0.0003268184340431037, 0.0005086591516913168, 0.000470931757058151, 0.0004549045712135455, 6.442124399437445e-05, 0.0002892943477593222, 8.181379406315815e-05, -0.0004793794765151627, 0.0007688616616469217, 0.0004850742592336744, 0.0004245914703413584, -0.0003329907073974844, 0.00040101517031648727, 0.0003743085440120449, -0.0004473598353937156, -0.00011488882070178266, -0.0003406592501394368, 0.00011672049285037064, 0.000321432261465898, 9.517547626445448e-05, 7.890361633710725e-05, 0.0005686252617405213, 0.00021106234296777306, -0.00010817835071713885, 0.00022963813721074995, 0.00032379696329244977, 0.00019659069773298889, 8.109909599275388e-05, 0.0007647416142321468, 0.00013054869141038782, 0.0010783385774081266, -0.0006057631002385276, -5.023965650826756e-06, -6.21919265667504e-05, 0.0010753017187821626, 0.0006868073753887526, -0.00038139936466464916, 0.000848293385972879, -0.000795710778627915, 0.0008326100716099186, 0.0009763712968470649, 0.00020744456492474366, 0.0003868444423448586, 0.0004756576721686659, 0.00033562859063761947, 0.000361706549898168, 0.00043999470493021677, 0.0002812992490610897, 0.00018718318456488182, 0.0006300291428557366, 0.00038114525321885555, 0.000292827503340944, 0.00018597661301499916, 0.0002395211798668655, 0.00024334237545026969, 0.0015414362062128996, 0.00041315583825138216, -7.524243694368013e-05, 0.0008345031501000573, 0.0013779994852458311, 0.0005250566223878011, 0.0003884735355327758, 0.0034409409819337647, 0.002112190607062551, 0.001189409383666442, 0.0014898593243988522, -0.001448760932195841, -0.00011530571728122569, -0.0005693675361835471, -0.00042984715945380435, 0.002143457658233225, -0.0006564933377968892, 0.001068019269150694, 0.0021496995487101374, 0.001337590440960811, 0.0001320513811582236, 0.003211692349462944, 0.00010971599370220773, 0.0003980988886508258, -0.0006862597692803526, 5.714402944000539e-05, 0.0005622835806764389, -0.0017707786352311131, 0.00029375335844715803, 0.000635199987959294, -0.0010249119344141412, 0.0005762647418726742, -0.0005132498543305545, 0.0011387213276920307, -0.00025198425953513266, -0.00028325569384883385, -6.746441934694819e-05, -0.00037584610574774654, -0.000936913343880479, 0.00038750886617001034, -0.00022952983126603403, -6.792085109586624e-05, 0.0005441801465438876, -5.036688233233332e-05, -0.00010540210766783713, 7.446485068765893e-05, -0.0001430990230188651, 0.0021537501804968183, 0.0010711546630743432, -0.001208802163617924, 0.0010736976231981504, 0.002008761424590713, -0.0008834643049453928, -0.0018978844077380235, -0.0009380380815862716, 0.003525105847106203, 0.0018335723715822722, 0.0006826772340254705, 0.00151880610537517, -0.0005458143162525358, 3.916390075142401e-05, -5.595821262527208e-05, -0.0004271803356315095, 0.00032196836799928854, 2.1158369688580316e-05, 0.0004970692088584811, -9.098402822676875e-06, -0.00034367345036908807, 0.00011384281791217648, -3.396377060575361e-05, 0.0001181084256715157, -0.0008579766198071072, -1.2956092108984827e-05, -0.00035984880638822547, -0.00020510298200513704, -0.003664455181840266, -0.0010393451713115744, -0.0014321887748091394, -0.0006315223229083498, -0.0015168134851937145, -0.001464741773125508, -0.002504092865316675, -0.0008964452785852093, 0.00014091550823057734, -0.00044122066098114, 0.0006769110756694664, -0.00027495595622901943, -0.00024246723278275518, -0.00011532431123091659, 0.0003405696475626941, 6.550238864283296e-05, -0.000550115434891813, 0.0004769778808162702, -0.00011809391775433358, 0.00012193780795314613, -6.486745890803245e-05, -3.0085172153268245e-05, 0.0002427913931607594, -0.00023760395733205743, 1.3745540305206364e-05, -0.00013683133583148653, 0.0001590824690642354, -8.987436140815487e-05, -0.00026831322534312177, 4.5485685050774e-05, 2.828894677981739e-05, -0.00011213746462692325, 2.2454380055731107e-05, -0.0012923366989982987, -0.0011551051090729935, -0.0003560488238499286, -0.002149264272665806, -0.0018403427259804398, -0.0008684787058697514, 0.00011967962767563589, 0.003530346687088042, 0.0022003294117083684, 0.0008144610379077613, 0.001482890774397, -0.0005639012272736847, -0.00029092123689757754, -0.0004837631500990999, -7.414081224889377e-06, -0.0005260053031690002, 0.00034430236413627874, -5.698779562156623e-05, -0.00021840235466759984, -0.00023598292525503893, 0.0003070914074016754, -4.76408600286025e-05, 2.1200950254973323e-06, -0.0015837939931474714, -0.0007333515711732756, 0.00011587530733324911, -0.0013888406357611635, -0.0006020299503322721, -0.0005959764759302042, -0.0016641846044663938, 0.00017349781966952943, -0.000522136666876999, 8.951627275044337e-05, 8.590723200983002e-06, -0.0003837316263687139, -0.0006636792118225484, 0.0004213129166955156, -0.0010969717708332253, -0.00033281898665279427, -0.0014677662021140437, -0.00013710893252297365, 0.0006924504174557354, 0.0009565519626843827, 0.000622530774686572, -2.464489259221018e-05, 0.00016388156448030028, -0.00022748131327730953, 0.000533813337808944, 0.00020735110300144747, 0.00039369094206529755, 0.0005223511018213534, 0.0005271532926228687, 0.00050912646952842, 6.547629342959659e-05, 0.00030243082545732637, 0.000530426331917635, 0.0007118190485670244, 8.310916789251531e-05, -0.00022030173165218852, -0.00036451830833229463, -5.421708609287878e-06, -0.0005522688054910667, 0.00047518719377957937, -0.0008315620070840188, -0.00010259263706019435, -8.828480046500515e-05, -0.000284657819056029, 0.00029204494060075, 0.0010736333671694065, -0.0005095463480198436, -0.0004991890697138205, -0.000547191790583301, 1.741241856220954e-05, -0.00042110961023504936, -0.0004661185019378717, -0.00044255039167568575, -0.0004877474214446589, -0.00039962046384944323, -0.00023316242787823268, 1.0638977905282083e-05, 0.00018278602334309392, 0.0007019767980464763, 0.0009401316305815656, -9.264469965470882e-06, -3.5894599334348466e-05, 6.465530746569231e-05, -1.6406145032457583e-05, -0.00013083005374566666, 1.3112534069308207e-05, -2.1804351178040224e-05, -0.00021473079619334438, 7.290820524845685e-06, -1.6716108786470782e-05, -3.9744241926820675e-06, -7.271110611299593e-05, -0.032449926778866774, -0.025117602002159678, -0.029643553514825168, 0.003461499740821237, 0.0, -0.009566671964282871, 0.0057918155378444535, -0.042953610667859035], ""intercept"": 0.000191412}, {""block_dimensions"": {""A"": 8, ""K"": 288}, ""coefficient"": [0.00050979563484536, -0.0002782232554020121, -5.575252648960628e-05, -0.000134725114307665, 0.0005003453726740466, 0.0002192038796296937, 0.0005154774019320398, 0.0006102110018361284, 0.0004529251865275331, 0.0003953351070134504, 0.00047512719625480916, 0.0005778038945733132, -0.0005208360709325101, 0.00041315061891855555, -0.0001411459436353927, 0.00034257500418228046, 0.00042685368992367303, -0.00021111814804629207, 0.0005668254642510216, 0.00040199127480178173, -0.0006388659653599957, 0.0004649307789766277, 9.681059929184037e-05, 0.0008289655846567367, 0.0005784487151811716, -3.3448487890157645e-05, -0.00024291849708608357, 0.00012029890215295671, 0.0004670764216381974, 0.0001215420663706575, 0.0003137867456351195, 0.00044415534623985054, 0.00044566724962542223, 0.00043749756036485675, 9.611396566035483e-06, 0.00021576246669248664, -3.6570073400364383e-05, -4.182035329986213e-05, 0.0008499324255047759, 8.156521191633213e-05, 0.0004654066995272921, -0.0002290586981806148, 0.00034824483421838046, 0.0007641135036328133, -0.0003488825309088611, -0.00020134155174265518, -0.00016766766792938395, 3.840713752187781e-05, 0.00035094095026693155, 9.466760233582134e-05, 4.405339378723626e-05, 0.0005577023311794655, 0.00020060020976905702, -0.00010397595322608977, 0.0002014114527354427, 0.00031534596547870677, 0.0002295560965468388, 9.052329952901495e-05, 0.0007779367190550904, 0.0001344231853869251, 0.0012041212486397846, -0.0006818968057845914, 0.0001418563677909009, -0.00021102293807051507, 0.0011152655969536506, 0.0006996182874429419, -0.0004429696615437929, 0.0008943680435800959, -0.0008697953481719123, 0.00018913963402882129, 0.0010642762872636604, 0.0008465190278559415, 0.00043713216499127516, 0.0004417696354877904, 0.00035790310592951187, 0.00040585313077274763, 0.00044216479628423597, 0.00038129630120467176, 0.00020154780028961192, 0.0006426858458747649, 0.00038945245626109464, 0.0002447502226254599, 0.000351612198340903, 0.0002088785682988704, 0.00021127823494904377, 0.0010845288450850382, 0.00029258932103772646, 0.0006440474501849611, 0.0011253519664931313, 0.0012029311710391184, 0.0008054185379518791, 0.0002444378580052155, 0.003306917090086129, 0.0022176148932259642, 0.001474105092491717, 0.0022024232524825724, -0.0014742071909280825, -0.00015245483075138451, -0.0006263268531112382, -0.00038442679296463785, 0.002202689895778569, -0.0006443863922060114, 0.0013246121198073927, 0.0022309952623664176, 0.001469269496529653, 6.724506606703262e-05, 0.003190352838830201, 6.728749318454955e-05, 0.0005162323375263819, -0.0006636680707352214, 8.017982663369528e-05, 0.0003249289543616264, -0.001792558431838236, 0.00026341847662280786, 0.000492405529212245, -0.0011183574067595878, 0.0005516353927542171, -0.0005348728325647564, 0.0011121012353373378, -0.00024058199590814154, -0.0009201885570242081, -6.491365566228753e-05, -0.0003146800378556827, -0.00027462458067625307, 0.000332008792456191, -0.00026283456140558205, -8.948066134651958e-05, 0.0004557101565538229, -8.885518971067915e-05, -0.0001293835716530213, -0.00016365127099263218, 2.1701700745635713e-05, 0.0021542196380163136, 0.0009794904544303032, -0.001227981770164313, 0.0013622207017933991, 0.0016430899658719832, -0.0005432446738162809, -0.0017094465176079128, -0.0006960524487869412, 0.0033926968651281177, 0.0006998418328879542, 0.0019931478604386065, 0.00135955291264851, -0.0004957621771753854, -1.6593147224177485e-05, 4.8033745743708755e-05, -0.0003870601157141471, 0.0004642960751252196, 8.86340553627023e-06, 0.0005181996386625985, -3.2731283713425585e-05, -0.00022309275957027146, 0.00011122170781515768, -0.00023556687830846335, 4.387080917556966e-05, -0.0008459435884937778, -2.1504730424738904e-05, -0.0002869315808527345, -0.0002548663630990738, -0.0036652264737046213, -0.0009005070668158434, -0.0016258318989479687, -0.0004882030190993067, -0.0015458866577544317, -0.0014056772441527767, -0.0025814584509594955, -0.0010260224928612968, 8.577084500531628e-05, -0.000378469677819906, 0.0005457000057177501, -0.00010025098686842849, -0.0006439388592963601, -0.00022719033490185562, 0.00020596518237868123, -9.182232001755761e-05, -0.0004944684290154217, 0.00018408903698562725, -3.812391743926527e-05, 7.103596329329668e-05, -9.202603819781976e-05, -7.077163849974272e-05, 0.00019366354464938276, -0.0002311071382570821, 8.286061669578002e-07, -0.00022060696185290902, 0.00013047920629078022, -0.00013026267865198665, -1.6114500335834956e-05, -0.00025378215095797076, 2.981435401688841e-05, -8.383963659639444e-05, -9.208349771199943e-05, -0.001702250972786163, -0.0012979109330312662, -0.00034452303625433846, -0.0018752626537785794, -0.0018555209711626972, -0.0008345180932876103, -0.0003420405180687776, 0.00340856745700456, 0.0008340485668629515, 0.0023825682854921957, 0.0013532579687796761, -0.0005288685702255682, -0.0002494275514780883, -0.00044717540827713244, -0.00014880207638103335, -0.0004811136958729948, 0.00040461692638663196, -5.1165097117077315e-05, -0.00015679512513516218, -0.00017645911355678332, 0.0003599212047737032, -7.815186201788446e-05, -0.00015208916017377477, 0.00017008642074166044, -0.0014431519813647622, 0.00016035432718384737, -0.0008357507214675828, -0.0008041464765304252, -0.0005661284940792462, -0.0005366101115318416, -0.0014903408368433112, -0.0005591618975198619, 4.2887492582487967e-05, -0.00040999926528320835, -0.001320301462299279, -0.0007321547109824653, 0.00034586926497693336, -0.0011860709437094713, -0.0003224945987651968, -0.0013752220100050146, -0.0002583144124400026, 0.0005003420593547599, 0.0010045348124364476, 0.0006285325988318509, -3.287210665592566e-05, 0.00013797507387366202, -0.00022352249268911512, 0.0005013143056015833, 0.00012448339782624137, 0.0003801744479861827, 0.0004639649069596027, 0.0005067471202150324, 0.0004929592011904733, 1.6860978768076842e-05, 0.0002339873740139649, 0.0006217515488189182, 0.0008701670075593273, 0.00017423386682563195, -0.00030176089006425736, -0.00025636961018078616, -0.00015171506804387692, -6.5897225960685495e-06, 0.00020065655869862492, -0.0009064580261423579, -0.0006631704611976873, -9.123158535459363e-05, -0.00018318137199963943, -1.215787437528951e-05, -0.00031355461551318736, 0.0007037166614895677, -0.0005543696150843465, -0.0005173954036412242, 9.314900876409985e-05, -0.00043195969814374956, -0.000499411578201587, -0.0003824252916700991, -0.00042005083746562863, -0.00038291931616644877, -0.00017448036477126018, -0.00012850066854281408, 0.00019789384447551335, 0.0006287226409909724, 0.0008596824005338663, 2.218760464586866e-05, 0.00010979571923558862, 4.728957020365344e-05, 0.00016239173025073343, -0.0002564503970014543, 0.00010555736640007192, 0.0002622267940870008, -0.0002279882984766668, 3.785084140818108e-05, 6.676338151879358e-05, 8.107815636417112e-05, -0.00012374802251424112, -0.03211829801967354, -0.024995576576096683, -0.0293611504332737, 0.0029962754919630654, 0.0, -0.00934602809559792, 0.00563141549663531, -0.04226253613659666], ""intercept"": 0.00016905200000000092}]",297,0.001358423455110206,0.009201993365121883,3a604de324fb150be04724a6acbd8db7ea51b24abc931fa4a127c8ad46fb7d7a,ab6dc37e9142e3931b42803290c4d2efe35c099ec46121d2ef32a478917f35a1,False
VALIDATION_COMMON_SUPPORT,REGISTERED_JOINT_CANDIDATE,METRO_P60_JOINT_STABILITY_2749f7d66238e67974fd4a4c,J_KA,FULL_BASIS,0.0,1e-05,0.08081221560223296,0.08081221560223295,0.07990212542972547,0.2826696400919729,0.16500243675156157,0.19758801797923542,0.2826696400919729,0.16500243675156154,0.770996105149645,0.19758802736394654,"{""block_dimensions"": {""A"": 8, ""K"": 288}, ""coefficient"": [-0.0006435309664783972, 0.0014931422695223882, -0.014059733093094887, 0.0004927644735639805, -0.02149364639524018, 0.060869923118741356, -0.00402890424624732, 0.00661179217827719, 0.0033823647489200958, -0.02647187975783505, -0.012840906119923638, -0.017387222293189647, 0.04344153578807415, -0.010675342322593324, 0.04348086358263355, 0.08555884989057798, -0.016435453720790427, 0.03467932378080949, 0.004918562611422733, -0.015543960156745756, 0.019784208609319506, -0.003426922433408616, -0.09611093986291061, -0.041141786539467935, -0.2303683291799039, 0.11888185415564223, 0.039368219369486736, -0.13508606207389434, -0.18001970315949356, 0.21103267960203273, -0.00898319551296465, -0.11183011835479896, -0.21573932524080003, -0.09017535142879901, -0.1129072068886899, -0.037653821115022454, 0.00037746381726149755, 0.0013074007713251559, -0.0003217127822819557, -0.0015808916323458158, -0.0012921445636952216, 0.00025512471205785665, -0.001542565824611311, -0.0016213476739444137, 0.0007859301220158453, -0.0042572796985241735, -0.0008096979812645792, 0.006450539926977302, 0.00888345962793229, 0.0009657232104857946, 0.07966180193629303, 0.07129173782715831, -0.02889970727127786, -0.12534136708914828, 0.14575429235812454, 0.024927250506139503, -0.007830890680946636, -0.01357278673901893, 0.004720246373938145, -0.00901667502983839, 0.03096754385156376, 0.0021161239640403646, 0.0016749430904045598, 0.0015748057779078112, -0.010134076179622687, -0.0623224665425018, -0.005619369704670275, 0.051997240525859675, -0.03737330472404091, -0.06207553636718123, 0.06962035198836303, 0.005466742258551151, -0.008522638394104073, -0.009248925788923605, 0.01878307232470174, 0.017535154963365007, 0.014804709202489587, 0.008031692073617279, -0.005943733645394646, 0.0052781367001698025, -0.02737703858545126, -0.0015666533700788169, -0.010073068424144585, 0.021384625960971185, -0.0018837901960611274, -0.0023126103800460342, 0.0017080130939795635, 0.0006705680788482103, 0.00012174278366896581, 0.00533485456255758, -0.00065824796630456, -0.00031936946824035335, 0.005215288581232321, 0.01009412197414157, 0.004669861268219902, 0.005009760926926804, 0.007802632356483615, -0.02780658365921787, 0.013769497342786405, -0.0003575208299820847, -0.011228087984300528, -0.03002239345278147, 0.010492292582075837, 0.004598985056925098, 0.0100436473747556, -0.01648256270650707, 0.015130698250043068, 0.00571930065751073, 0.003023830471643132, -0.009856047919768835, -0.0058483837320564514, -0.018390243003648405, -0.011521847285443657, 0.022621542682725274, 0.02381635900426131, -0.03321719063031342, 0.013209592602053299, 0.006519048656146936, 0.023077637006823946, -0.009417336859655515, -0.021234583278955256, -0.012071845816862445, -0.027006941361022982, 0.00984613006413596, 0.00197914169952995, -0.03064900464168938, -0.005424654453079844, -0.0221558432507968, 0.006068689338414991, -0.0008277162092907666, 0.004853197929102734, 0.004783055570849163, 0.009554108681780013, 0.0029155504891313095, -0.010192273792514259, 0.0020315398048921787, 0.008257536592508741, -0.008954778381287781, -0.008751376033130127, -0.0025882476989674886, -0.005525740523475541, 0.005367940749582233, -0.012322629572463351, 0.011039436285356623, -0.030433203650147112, -0.00021682872955844555, 0.0011668415407684806, 0.0023683454680486823, 0.0024084630679933328, 0.00034194350550033223, 0.0004588459669119438, 0.006316521367565478, 0.0005853382907494282, -0.002465460443170419, -0.0015015979741377166, -0.009384081489600214, 0.011654588777642935, 0.03362722347817045, 0.10929136260316828, -0.009730496076471152, -0.023707475244824736, -0.005578759396429455, -0.01282641349661295, 0.00732202692745454, -0.00855387330550825, -0.026791948327108864, -0.027404733685397677, -0.0021679623379662048, -0.0006751428005116996, 0.0009324869491756526, -0.0005571762805493971, -0.0002825025184130487, -0.0027173367679771596, 0.00011758915008207989, 0.0012536826463276508, -0.0007638308531034261, 0.0035951733667463387, 0.0012491515855858138, 0.00882932206404579, -0.017727685909972108, -0.03109337767498151, 0.03227866406026454, 0.09897587206223364, 0.024849575394050152, 0.011737764862864035, -0.009070236448983686, 0.030877357877141486, 0.00400383910190934, -0.04782949097632371, -0.022456067459808583, -0.025003699216445543, 0.0039904008299919, -0.003247264593631836, -0.002357864966484188, -0.005827482155032159, 0.0009604708375221663, -0.0032361161997493016, -0.0017075489694293841, 0.0025400205209334076, -0.001456511165939395, 0.010682542982638642, -0.010391826166415652, 0.01975749891252001, 0.003333506644680993, 0.0016009379061573809, -0.011684555929321204, 0.006116288879797336, -0.014503944298918102, -0.009493216748549407, 0.06245572452687562, 0.03190806329479054, 0.018281110439106865, -0.03150213006881653, -0.053123867624046195, -0.020008221435540197, 0.016201156093113678, 0.003773433211779157, -0.0017260960484297135, 0.0015824745469891122, -0.004924883833394278, -0.0009625897443199651, -0.0037352772197728847, 0.0038249713994151784, -0.0012878106235824744, -0.0029718912231122014, -0.031251757141034064, -0.03862288985245411, 0.005429467920015742, 0.02093316652159963, -0.01637050980688714, -0.0015692552800366008, -0.022282016757331012, -0.002201386399695834, 0.001095076269310915, 0.0015619935043413092, 0.007530117663401829, 0.22362888593162702, -0.08212518088870391, 0.02519904739230375, -0.0003334712714201799, -0.08980527470775013, -0.12903418891516838, -0.09575117228775129, 0.00748032608425769, 0.2580675327200248, 0.31787579386521103, 0.011934606246456115, 0.17930752172248038, 0.004866311419311372, 0.024236550774695814, 0.004342590933323029, 0.0035667822182494503, 0.000593088815297659, 3.3576691972555636e-05, 0.00039884555689033516, 0.0003274962652486851, -0.0011599231044631137, -0.0013857268439985775, 0.00028748244945628055, -0.002093405797258448, 0.001467259196701839, -0.00044188132081404165, -0.0008464241634201097, -0.0006382010726017354, 0.010747462107833984, -0.0032959733605116763, -0.0015608637375767978, 0.0038379414791681007, -0.012421480015351252, 0.0006621638829197063, -0.01648638334406583, 0.017700567658367177, -2.7767546365083473e-05, -0.0022896966057552796, -0.005453653315449334, 0.010579172796119973, 0.004290428707338124, -0.00891306077006997, 0.0014653730402654581, -0.007916855158810346, -0.0058964883359712795, -0.014896066295450459, 0.021798339177064176, -0.0026934380166849675, -0.019598171700449328, 0.009442791329917656, 0.012809415890944486, 0.011813477145158862, -0.0589959150470675, -0.03687830457805024, -0.050808385829242096, 0.004493471969890594, 0.0, -0.02882053053824713, 0.017992071690963306, -0.07215998133283297], ""intercept"": 0.00017409199999999988}",297,0.005689583232431424,0.025923817864683105,80acb6e02c969d97049ac9088acb156a869dc6af2f67e607803f03031ad78c72,d2ccd353fd70a28dfed4e42a77ad897cea22f3749540db25c227e5336f307741,False
OOF_COMMON_FOLDS_1_3,REGISTERED_JOINT_CANDIDATE,METRO_P60_JOINT_STABILITY_2749f7d66238e67974fd4a4c,J_KA,FULL_BASIS,0.0,1e-05,0.08081221560223296,0.08099366007838693,0.08099366007838693,0.28459385109026325,0.16634388869867253,0.1977823052689801,0.28459385109026325,0.16634388869867253,0.7686668575297693,0.1977824445135048,"[{""block_dimensions"": {""A"": 8, ""K"": 288}, ""coefficient"": [0.004733068368807598, -0.029297728838653933, 0.003609157262796495, -0.0023025876082964094, -0.012538549766577275, 0.05540900220936993, 0.010915627691666168, 0.05416730935076845, 0.003514223065487682, -0.016127565843630377, -0.07809085832039377, -0.025904830020919114, 0.037428314309628494, -0.021588505644774346, -0.061739206694025994, 0.05831703784186274, -0.01956917027685634, -0.005515568009791907, 0.04653168817757473, -0.01652548351815087, 0.042166184369479984, 0.06176953197676599, -0.026116141772254825, -0.008375374000441945, -0.10715839496157477, 0.13513732214279814, -0.012856579143808573, -0.06311698913973975, -0.05701589094108103, 0.16838553579895352, 0.030677576223515305, -0.2116200912233761, -0.1340682762418205, -0.060215740776359945, -0.17233164961121747, -0.036419462265799264, -0.0018893200003273082, 0.0009830548397624025, -0.0008174286458271333, -0.000868380815722001, -0.00013557389899792477, -0.0013369990191704597, -0.0014297938599807756, -0.0020505443989666653, 0.0014223535884893893, 0.0026616928323621907, -2.6767674775650103e-05, 0.0002992051147946733, -0.003452377629042262, -0.007741869076969192, 0.026947350105409593, -0.12092148480500992, 0.005188867594486955, -0.19268773070050263, -0.07990399412935237, 0.013044278096192562, 0.00425540161101939, -0.028947708642420713, 0.059708122187763654, 0.04133345628813837, -0.00989219236586046, 0.00914645752542233, -0.004186189326931508, 0.0011186790424038264, 0.005725379320422592, 0.003954248410145359, 0.023735978867922412, 0.032290752683419646, -0.03222014781295861, -0.034080767569485144, 0.007021674604222512, -0.002822127285622824, 0.014654023365771282, -0.01103849215998074, 0.00397494328791848, -0.0037148298927158303, 0.0007079376847372716, -0.025119879644712295, 0.0013783035526997187, -0.016455542434638804, 0.006775216911672308, 0.012574029308086944, 0.017971429607833565, 0.006839339286413748, 0.00037501864210464026, 0.0014347254966324053, 0.00019136457923235668, -0.0012601777467750267, 0.0005347785382657828, 0.0036089756011340153, 0.003718680032084639, 0.0016981063705415551, 0.003224050027000083, 0.007817699145439274, 0.007223639548181591, 0.0058995517744394555, 0.023153973105129358, -0.028607610521630474, -0.007914328525783894, 0.0062116813361759735, 0.002752662015103698, -0.03191358835383446, 0.003913622365348365, -0.024653850970249743, 0.0019316519991780154, 0.013864289747639463, -0.008126079832847513, 0.00907714952791134, -0.004937060829683056, -0.010458885212718112, 0.03801512422818541, -0.045215094069088066, -0.029322280822629585, 0.023795608615373342, -0.007511172564076368, -0.05631736427812918, 0.0040275267230533264, -0.014081829774369708, 0.0027640189563036123, 0.07266562616537312, -0.002664081245845687, -0.046066465762623104, -0.021776876463140766, -0.0371263749517567, 0.026232105804064744, 0.006215420438586741, -0.010798808184573684, 0.04447867677800891, 0.0019699409629773, -0.014643641606965522, -0.005898262714883641, 0.030381776423551977, -0.00659740011684271, 0.009327098739877903, 0.002918764569433359, 0.006011532911040684, 0.010287133412004996, -0.00776049908491405, -0.005136873099558607, -0.00038141647140244554, -0.00035681753187951097, 0.012913701221576162, 0.0039346594812126505, 0.006611058250504448, -0.07180097381279976, 0.010153025162455606, 0.003165771183056299, -0.0004017564587698474, -0.001945392427138082, -0.005769892324784951, 0.010022841559781764, -0.009061300548711234, 0.0037600794936256737, -0.0019379318913045013, -0.0011803608054550409, 0.006102034445810064, -0.03612424479838963, 0.13882592976677127, -0.00429776520392634, 0.014803409405731122, -0.021379147357289796, -0.03354007226018333, -0.010173618683517311, 0.009169150277423757, -0.022280026330342637, -0.003195397981978578, -0.004931265445140595, -0.019444349806443526, -0.0008341587652784009, 0.000933788751426981, 0.000346531356758759, 0.0005420752213987181, -0.0007684057553173798, -0.0006237258534020105, 0.0004853528634802705, 0.000525041784555379, -0.01465482528329179, 0.0017733888837585257, 0.005968756594889568, 0.01099050354342292, 0.04815515251681714, -0.04647697574825166, -0.022020202694918313, 0.03112497462092283, -0.016383197361060007, 0.011656119378612408, 0.018555458226808444, 0.026583695493585732, -0.002850037032433245, -0.04893479332921039, -0.017534275548694148, -0.02976979140518877, -0.001304069921488278, -0.006270550948759724, 0.0015177932950643268, 0.0021626998270029285, -0.0063650464362260415, -0.0012632649774713056, 0.005429978692677004, 0.0005963269052857014, 0.0071132484372987154, -0.00018785630455636342, 0.008081975542110048, 0.0029358017583875815, -0.017276762825555528, 0.03874317351720198, -0.03293405837680617, -0.05885629601468154, 0.03494455447720808, 0.04085411054046691, 0.004291434619577336, 0.04354666781066004, -0.011471487313428627, -0.03961057942430947, -0.03476879514496043, 0.052727528624665815, -0.0044191481775749395, -0.0032633044668422184, -0.0009138254676584332, -0.004844553978666564, -0.002301962572126283, -0.0002873729565810185, 0.0009113511058116811, 0.005773322925859495, 0.0005164009666307501, -0.014472005606269985, 0.0014977392059727212, -0.043084500032013154, 0.0022309510376333597, -0.03167577390082946, 0.0033916917654226706, -0.008717008393012916, -0.008839287553550935, -0.0012196721539107494, 0.011626826788737095, 0.01194276749052604, 0.032013734345323126, 0.026871859964688178, 0.05947373917091565, 0.04258246674166477, 0.011620804990488268, -0.05840373608876285, -0.0010108910170985752, 0.09947561364873875, 0.2596478992409739, -0.098822624986031, 0.3306037174428505, 0.09189949112060533, -0.013177565735372838, 0.02444395066631451, 0.010645016872500121, 0.0027329047339900276, -0.00013256747120654307, -0.0011878367627955262, -0.0008390559892715717, -0.001219337529492281, 0.00024340400965103146, 0.0010212841688643714, 0.001065020767197602, -0.0011410083716678165, -0.00022998486513164604, -0.000440990610296354, 0.0006585676489067017, 0.0024632165910370473, -0.0024426345729786116, 0.010054607425801413, -0.005709132886525179, 0.013917484593883448, -0.004046535485359383, 0.021614700289734463, -0.01772787477161477, -0.023776088141336388, 0.001189167998874558, 0.0060385045879345605, -0.008693558547544254, 0.014747449112076342, -0.01759439120401518, -0.004757213571211706, 0.0022591831299143073, -0.016723164906058848, -0.002043990936686622, 0.009883971013326784, 0.007827345890366183, -0.0016505389569764157, -0.008678983099838186, 0.005103781379122679, 0.013158900459413106, 0.008978180283814498, -0.05997097906143342, -0.03712007807097038, -0.05147443703857637, 0.004861216896556562, 0.0, -0.029545504707706935, 0.0183779849650677, -0.0727896005636703], ""intercept"": -0.00012420800000000328}, {""block_dimensions"": {""A"": 8, ""K"": 288}, ""coefficient"": [0.01289889827186877, 0.009823801537409103, -0.02774532354642212, -0.0052716338946831925, -0.04342023265091435, 0.08929535034454274, 0.019609137002899433, 0.025667871084260382, -0.027373426077548453, -0.030533401122802194, -0.008688526856461407, -0.04299800713103911, 0.037254336837634086, -0.011632772807615509, -0.0030633035112852484, 0.05593700537187258, -0.04462388452054323, 0.03377535114705238, 0.017517024151859503, -0.016868475247719273, 0.04780068225163003, -0.05874471616950195, 0.017231577715875947, -0.03856749524745417, -0.1574005131893419, 0.01602691748626939, 0.08568359665981798, -0.06431668961964532, -0.17053415659025864, 0.16697138809366457, 0.021591552471300682, -0.17175980247095216, -0.10307000407574432, -0.27690054979351264, 0.00716570644841974, -0.17827090890052863, -0.0009611180437279005, -0.00246054718246409, 0.0010985541283143648, -0.0007124008286734067, -0.0010668973422039525, -0.002077329391050069, -3.869299938155206e-05, -0.0015197828222366816, -0.00037572941738819415, 0.0003697593246570752, -0.0013486241353859226, 0.005178892804028199, -0.0045309150464999315, 0.0016710471803639282, -0.015797769858445315, 0.01830689498878327, -0.014571778936900209, -0.23771925924840648, 0.013562137234214951, 0.010021261296598876, -0.014076039226052543, -0.020691717774492552, 0.03626755473110506, 0.01306060040472814, 0.03911912764706045, 0.01969159922693601, 0.008430745563078833, 0.00245988673533995, -0.009402432984857058, -0.025864627313117342, -0.00285206530274492, 0.06540815238134765, -0.05209349821182282, -0.027322152234667055, -0.06968530654404101, 0.0571086624621304, 0.0051377078435947444, -0.004851956481471772, 0.012400199170161372, 0.00890181470782166, 0.01483864992881698, -0.01664310418639783, -0.010201995073696332, 0.006802576952617666, -0.02460968326094314, 0.006695143665962681, -0.008704096123689019, 0.013219865628969003, 0.0015361631660933265, 0.0007073994111756851, -0.0006888563322786202, -0.0020604647910778115, -0.000991563693717106, 0.004640926557322817, 0.000830521661383125, 0.0018957566344863185, 0.005246548712365248, 0.009102687207320354, 0.0029907505618272695, 0.006205712024299899, 0.025827512359147587, -0.031967696752786254, -0.013993928937277767, 0.012525862736987732, -0.009592943860267994, -0.02228695890351743, -0.006716338581667199, -0.0014319764703036198, 0.0063218708098956855, -0.011130163043777936, 0.012172907839200314, 0.013365849606221657, -0.008507084482630843, -0.015304110780872912, -0.018688725222047824, -0.012478925957634222, -0.027701884050725666, 0.03916698649819038, 0.038602658074261394, -0.043541133357413005, 0.00596917523334849, 0.002434302033320896, 0.013699634943147286, 0.022715128869490078, -0.02224364404392049, -0.05497605945929368, -0.026293480423421462, -0.027114961717733706, 0.00479235678768415, 0.012832117825174455, -0.03495433361880881, 0.013414081321379473, 0.022627708214343355, 0.027767438807051528, -0.006782654473290197, 0.013502678257283903, 0.008226989697076447, 0.00351857696107513, -0.005982731197581578, 0.0008028177184278679, 0.009503324374476443, -0.0076080382682804345, -0.009129923782798107, -0.002451385563503868, 0.0026508444425807887, -0.0016529477784156018, 0.012458397915409241, 0.013659985928466218, -0.051169712739840875, 0.00048067660050001883, -0.0045229805487362685, 0.00059195054410166, 0.00213891444131146, 0.01137220020743878, 0.00480634770181823, 0.008264135122742801, -0.0009762627796340646, -0.0010258157759575224, -0.001170526857495604, -0.010852741456396272, -0.0025528125972545286, 0.06914605821473387, 0.03275196783210755, 0.036763890304316024, -0.02594618693555647, -0.008154074282537536, -0.009306363463561292, -0.0014335609427203913, -0.015459550573397207, -0.032935820318931476, -0.024204347542146176, 0.002646588098113469, 0.00043178578952907457, -5.820815856590786e-05, -0.0007462795706710467, -0.002291559989766968, -0.001465781107140205, 0.000705486639339221, 0.001483334362788889, 0.0017605142428052157, -0.023629258398453905, -0.0025549522165329453, 0.015181512948557983, -0.008559711146672257, -0.026859132221931373, 0.055111291698644205, 0.00559552204745435, -0.03129894005379566, 0.002602404748502586, 0.020205705373584404, 0.03034297320175031, -0.01990000462519413, -0.07063306663143806, -0.011001250515755274, -0.023904153647140814, 0.008929345645666246, -0.0010477643394974571, 0.002700156306139631, -0.0050820584247846644, 0.0015280996572595623, -0.0065706554711991196, -0.0030976413861115337, 0.002916071907966058, -0.0008363790376961898, 0.016335681804212056, 0.00433437388530546, -0.008161154933305123, -7.374017476564057e-05, 0.008636127575763193, -0.04139832901166971, 0.021833719905640998, -0.024293396871600807, 0.010152382755119992, 0.05693676788836651, -0.01635908670768439, 0.015505944783142753, -0.02268132649299276, -0.04863896485139834, 0.016626099598108356, 0.02394143909087698, -0.0021864102005800384, -0.004849050930980278, 8.031980644026506e-05, -0.002835722790305577, -0.0010318203728768727, -0.004427832441211297, -0.0005774814562025855, 0.005994049411173981, 0.00385535672153783, -0.005474188981733883, -0.0016822072343283952, -0.024952807238466122, 0.023395704578869525, -0.002988849332249505, 0.010534026845511536, -0.03860189498249539, -0.007350322604866615, 0.00011815931463059822, 0.00903001910779083, 0.013296087979748279, 0.11699249724906916, 0.07051310041841777, 0.04579831803737538, 0.020278749677769718, 0.06327137342049871, -0.08996024834115701, -0.01321991656976687, 0.27965824540535716, 0.1460439460155455, 0.3753358687645867, -0.051189581913597154, 0.06753652457063042, -0.0037667168206235004, 0.02097730559975981, 0.008087397879209557, 0.0051317376761654725, -8.703874266407721e-05, 0.0008589964986214526, -0.0011672162297746535, 0.0012871546894705074, -0.0011966044896134526, -0.0009208920333069254, 0.0002967125975299215, -0.0013573669522511326, 0.0032209055298559044, -0.001569757023722081, -0.0025141546889540078, -0.001166182120020382, -0.0007660630233245754, 0.006048201714654825, -0.0027099003811749973, 0.022692277288472066, -0.008784844838551176, 0.0064485669607176055, -0.02517463867474705, -0.0021396310002618686, 0.0012386797995122616, -0.0017422255566320278, -0.005953088457039427, 0.012668507279043008, -0.0015696856290113221, -0.001562072930707162, 0.0027625335405069467, -0.01145043564425029, 0.0020527606332390183, 0.0070468165271775594, -0.0006477392463528905, -0.0034243199614632904, 0.004724828318239493, 0.003098430996932129, 0.007489975372347342, -0.009076460192298937, -0.05962045380185682, -0.03710590175090537, -0.05130276642042485, 0.004855540286601254, 0.0, -0.029353710162042537, 0.018261352065249658, -0.07286572060328783], ""intercept"": 0.000191412}, {""block_dimensions"": {""A"": 8, ""K"": 288}, ""coefficient"": [0.00012216114774999057, 0.0032043813975571236, -0.023595801376729775, 0.0012863617222607102, -0.04631766304442181, 0.0693299335989164, -0.01675958276076622, 0.028322933091054783, -0.02787649436490785, -0.03935331207145219, -0.008772123691957434, 0.028368168566502705, 0.04864742881974166, -0.004862605534755547, 0.030778109491010307, -0.025543297842059862, -0.019813964235516048, 0.0187923364654844, 0.061147291999404677, 0.02095099539463309, 0.006712613685620324, 0.011303992549408443, -0.083865070814255, -0.04061705802672508, -0.26780610700708224, 0.12402417446044307, 0.04132300805100207, -0.13102871209500855, -0.11803014019028028, 0.2390093971944798, -0.019864400537200275, -0.20500226153674475, -0.2676372521886692, -0.27569435944151327, -0.09458702156722654, -0.16013707325747523, -0.0011360595520405166, -0.001037579992937195, 0.001341626206428093, -0.00149649398246482, -0.0009473497021528465, -0.0014898471826380168, -0.00012081064328765291, -0.0005538174083617069, 0.0009049746971115369, -0.0005985046949933395, 0.00022593664413038747, 0.002490756776850552, 0.010252845864477035, 0.0036500257648987375, 0.050531380977248845, 0.05939910177832085, -0.028117675087705407, -0.18812807394436373, 0.09832622515673324, 0.02420178946739896, -0.018438194243820056, -0.017145974289806496, 0.047732237105268305, 0.005068144097166881, 0.018385315652389968, 0.03016651121339758, 0.008505456957479571, 0.0010968646080375913, -0.006704131194826939, -0.03809985264728482, -0.006747945596595655, 0.04529155951853873, -0.06499370938979183, 0.06330293266643273, -0.03815182156011478, -0.008724345396583618, -0.00880157171318591, -0.011214706128020146, 0.01206761142825022, 0.02317890040463127, 0.022830124520446336, 0.015614457335556109, -0.006619946842645259, 0.004689294326413977, -0.030447209687592444, -0.008922532469233439, -0.020413039780087495, 0.013484320587630508, 0.0008583610004596984, -0.001518347581530313, -0.0013064159147599152, 0.0007010336968835952, 0.000271881306486026, 0.003482091745334672, -0.0001415242231856631, -7.328145333319332e-05, 0.005513585917109683, 0.008349148968705195, 0.0048373636231529875, 0.00802000527558948, 0.026707656570998516, -0.0408102725853436, 0.0011158363829704687, 0.008175385194113437, -0.013735293264708992, -0.02674293586230121, 0.006273235209292023, 0.00019528751079311507, 0.008578533657446994, -0.01919303807373766, 0.014045579913488945, 0.010713799590885954, -0.005830788898981035, -0.0069865655367889355, -0.012075976174879228, -0.012004448413497466, -0.017244896908741432, 0.021538881263042618, 0.032627982423122884, -0.04095808452629741, 0.007107186159951902, 0.010838551541400093, 0.03195003042928855, -0.0013511701044764564, -0.029428406226029262, -0.026292368245052804, -0.022712139033120034, 0.012925720122623897, 0.0011436668025305494, -0.019273764851437936, -0.022022091286025565, 0.004343206372796111, 0.014404914381996101, 0.02064053235524794, 0.0049099731220435105, -0.017605464180490547, 0.007806753201968563, 0.004501545961685945, -0.007323876123457045, 0.0021808128094706427, 0.010032629275494536, -0.008323025886968398, -0.0089419158456835, -0.0009157059007881353, -0.0034772710450894006, 0.008957305171296358, -0.003969117506289872, 0.014057071703001254, -0.04884498762296712, 0.0024987398993462705, -0.0033989325576219767, 0.0004518691062671565, 0.002515756421819549, 0.007583858704151415, 0.0027643188964090954, 0.0068140057577275506, 0.0016655707443556749, -0.0011172654181488704, -0.0020375932412129804, -0.013786470927292257, 0.008441462920967894, 0.025797233343816197, 0.061983820826044464, -0.003518277146039711, -0.025545793076397365, -0.001925782172271225, -0.010835849495018129, 0.004503053790875819, -0.014946528157891424, -0.02993154440063617, -0.02424108626902243, 0.0018348333406667423, -0.00025694704953672617, 0.0009002487227749844, -0.0003883354532281754, -0.0012210864017271712, -0.0026269266955803285, -0.0002616757216979773, -0.0003941498670186914, 0.0016685647997533475, -0.015999345174563296, -0.019414841658550272, 0.015634472010632092, -0.007482755020606347, -0.03261786033238415, 0.03888081279129622, 0.03799277615666038, -0.017576890460560282, 0.005817947037259971, -0.00999759373828807, 0.034987605689879776, 0.009528321862411242, -0.0335183323276854, -0.050733944592834604, -0.010302496061177113, -0.0032122162136293767, -0.0018395736580889377, -0.00019903022798086414, -0.005652422543410057, 0.000475895097133222, -0.004879107332259939, -0.0027732198749256523, 0.0026090067892587426, -0.0019493981463069943, 0.008997096395535998, -0.017478971968555926, 0.017746746431893418, -0.0018079154101040798, 0.0029930240761864278, -0.025213951445935613, 0.017130800978677363, -0.03711365596512826, 0.006949493628535684, 0.05494154945214037, 0.020779091102599474, 0.01721510329794294, -0.021133919716908332, -0.04300064028148263, -0.021406002936974058, 0.034245626607428546, 0.00502431043519718, -0.00043606554440507676, 0.0003764223145201585, 0.00036825984334096825, -0.0004475778999366062, -0.004601930994316041, 0.0033121000928301525, -0.0021612759279793967, -0.0036438402509088334, -0.015401959951069305, -0.04275946343177236, 0.0014472282187985928, 0.023852481751543846, -0.008689883829419404, -0.003862198412045002, -0.03430386267147696, -0.004930878107484097, -0.0004205210516145065, 0.0031145266196940954, 0.012211472920703164, 0.24538948298039784, -0.05778710894013844, 0.055084879478998997, 0.04605259754668711, -0.035947468583879955, -0.16512768395210525, -0.028803774851562908, 0.2903626470862692, 0.27602493370053655, 0.41653113477882864, 0.007566730630678245, 0.06663146922692348, 0.002235799692045995, 0.021829629418612936, 0.004573053848376959, 0.004475224432104716, 7.462422518108958e-05, 0.00028964604075149946, 0.0008069888795103357, 0.0007935613511386648, -0.0013146968468253854, -0.0021626961383063724, -4.570939161037316e-05, -0.0005781621587704672, 0.0024254202941668117, -0.001430311123835255, -0.0015924606275508056, -0.001024311427365936, 0.0020074065873545333, 0.00248091800300589, -0.01691404779091848, 0.009066694484593216, 0.0019169710742690483, 0.01899441082337355, -0.035801496980773416, 0.014808912050418017, 0.0007656183650893892, -0.000606716936904251, -0.0033242154974123784, 0.009693145136571685, 0.01180089445657946, -0.005235233679388625, 0.0022634537250030983, -0.02041463122616649, -0.004298262040880091, 0.013331013043401034, 0.018537064769219184, -0.0035280093651426634, -0.0021105291594242194, -0.014670371950960574, 0.0046638864684907895, 0.0004467744926229116, -0.05894453766290244, -0.037035660412270605, -0.05076259545907582, 0.004064079484145852, 0.0, -0.02868890712133251, 0.017768057437885086, -0.07160928635967749], ""intercept"": 0.00016905200000000092}]",297,0.00594829930333778,0.026346821890922616,3a604de324fb150be04724a6acbd8db7ea51b24abc931fa4a127c8ad46fb7d7a,e4b3746efe96bb7b4db097b57bbd1ca89d974ccf5e4e5cfc5352b894c4888815,False
VALIDATION_COMMON_SUPPORT,REGISTERED_JOINT_CANDIDATE,METRO_P60_JOINT_STABILITY_35ad7fcfd7a674f9bb16328b,J_KWA,CHANNEL_COMPRESSED,0.0,0.0,0.08322794887392057,0.08322794887392057,0.08268454617581056,0.2875492065296139,0.15880071580359809,0.16964573567229668,0.2875492065296139,0.15880071580359809,0.7630215339534592,0.16964574538381016,"{""block_dimensions"": {""A"": 8, ""K"": 32, ""W"": 8}, ""coefficient"": [-0.017941417204073426, -0.011828414775835287, -0.005903983645081165, 0.00536966468618833, -0.004189275950949247, -0.0007100332816671389, -0.012712255100682322, -0.006948647498574104, -9.860613154864234e-05, 0.016473333391385597, 0.004701706136637072, 0.01591366313003973, 0.011613627090950774, 0.016366077809582054, 0.005152761487744972, -0.0022575581606305477, -0.004149830812411167, 0.0044952351904393945, 0.00288763891991807, 0.006075468452827362, 0.0053447556837751195, 0.0024992400926158206, -0.008960721434751528, 0.004948036824211832, -0.0005682004075010435, -0.005980025434418053, 0.004892111545113124, -0.003437301892423849, -0.0167352524661931, 0.0025967262127596963, -0.009127258013433212, -0.0016383740204658935, 0.001474504090074484, -0.0029719192535108624, 0.003631567614086143, 0.010522422286045796, 0.005882027673433134, -0.0005579060140133164, 0.0041867860023842175, -0.0019523672105279043, -0.044181679887275546, -0.02616992070730621, -0.040789770032534985, 0.020984976536225334, 0.0, -0.02356835003001848, 0.01895892533017415, -0.07460990128176187], ""intercept"": 0.00017409199999999988}",49,0.0006109821235579146,0.018163754765562454,80acb6e02c969d97049ac9088acb156a869dc6af2f67e607803f03031ad78c72,4616d446b64996f0f248b44a965987af91737ede445864b2cf5bd7240cca1c96,False
OOF_COMMON_FOLDS_1_3,REGISTERED_JOINT_CANDIDATE,METRO_P60_JOINT_STABILITY_35ad7fcfd7a674f9bb16328b,J_KWA,CHANNEL_COMPRESSED,0.0,0.0,0.08322794887392057,0.08345248080623476,0.08345248080623476,0.28888143035895325,0.1595102697171369,0.1734284299885951,0.28888143035895325,0.1595102697171369,0.7616440025903397,0.17342857346033125,"[{""block_dimensions"": {""A"": 8, ""K"": 32, ""W"": 8}, ""coefficient"": [-0.006517584930969491, -0.009244491494403395, -0.004932328456161606, 0.00020425366443737738, -0.0023476863396828932, -0.003344810653599294, -0.009049140338553485, -0.010081968024191524, -0.0023924020176315725, 0.0004792740411617113, -0.00011620972073588177, 0.010816005556420892, -0.0016189216968920692, 0.019677736103039845, 0.006548049052698882, 0.014717814372124962, -0.004072398428177752, 0.010529484944429991, -0.016933530081409447, 0.0057812144788997235, 0.0034484326583389666, 0.0021840606806879247, 0.010462467334324443, 0.008826885997739401, -0.005248008704693891, 0.008886256546495941, 0.00814402071392594, 0.00011315913149521675, -0.03749437872984121, 0.0005974419928883892, -0.006345242931008671, -0.0026671394871359147, 0.0008221187064599332, 0.0028065276491538787, -0.002358679081442009, 0.01988278848367726, 0.002115225223421213, 0.0059818557711132205, 0.0032058626573885697, -0.0006794334138877385, -0.04506307885816561, -0.02544088901923918, -0.04083627752537326, 0.021798100526804684, 0.0, -0.023910992346059885, 0.01928490732589755, -0.07532694105388407], ""intercept"": -0.00012420800000000328}, {""block_dimensions"": {""A"": 8, ""K"": 32, ""W"": 8}, ""coefficient"": [-0.01176934093051575, -0.03371181489000072, -0.011261847601555285, -0.00978595587568964, -0.004847197075040062, -0.0009993113864208791, -0.009105039651222856, -0.00833363171545123, -0.00027492710805934506, 0.0013771868594169914, -0.0015762623941607688, 0.01539407511142186, 0.007491387007944505, 0.029189450678856664, 0.0059923978195961895, 0.00450075258553827, -0.0025300097489472763, 0.010168695413219615, -0.005021758676483198, 0.036190576293655415, 0.003168822762750944, 0.003409297368622599, -0.004386696314464747, -0.001246224097638934, -0.003730350930127872, 0.012131225290236292, 0.010715746939403482, 0.012049987960647424, -0.04461810225181835, 0.0020151488536709786, -0.006910049347575811, -0.003281791347609129, 0.001317838638715943, -0.00023270799177144323, 0.0042083335419502415, 0.014284684296374885, 0.006397128017146477, 0.002835487680074567, 0.0047127874730843265, -0.0005385678960466836, -0.04521722668971005, -0.027220703671685578, -0.041618649984865766, 0.021099797207464133, 0.0, -0.024470362416382268, 0.019453975834766053, -0.07491330824065986], ""intercept"": 0.000191412}, {""block_dimensions"": {""A"": 8, ""K"": 32, ""W"": 8}, ""coefficient"": [-0.020654366344976464, -0.01574175524823848, -0.012443760030095017, 0.008950897794251261, -0.0037330749702976633, 0.0025694023659010422, -0.012530870532010567, -0.004604018634793515, 2.5567376891696676e-05, 0.01870453333354364, 0.004861545957919268, 0.02252856562893185, 0.0174226474066807, 0.017248014883301035, 0.006334981197199883, -0.003820670978114002, 0.004334714656477662, 0.0019929084758901604, 0.007336335029400007, 0.01140866522966579, 0.007170737730546524, 0.0034172054127598714, -0.019433183952684938, -0.001494097755194597, 0.002276954073101764, -0.002419196524141464, 0.00932906006842972, -0.008683814145587512, -0.027167102646279917, 0.003659690059019863, -0.0054289458190921, -0.001825586479895539, 0.00148661049911845, -0.004114352928860447, 0.003124670275687878, 0.007470557061121253, 0.002881600322803878, -0.0031080624910483044, 0.00629279004311436, -0.0025705095765896297, -0.04602282138969017, -0.027622536481983193, -0.0446053237007324, 0.02692841554335684, 0.0, -0.022309940647885284, 0.02092017837504132, -0.06890193573176719], ""intercept"": 0.00016905200000000092}]",49,0.0007539047028021997,0.01848910260415897,3a604de324fb150be04724a6acbd8db7ea51b24abc931fa4a127c8ad46fb7d7a,2ffbcad1020ec8da8e078a8fafbc5c616a5e7c7da4c7c74cdf0e66fe99e5ef8d,False
VALIDATION_COMMON_SUPPORT,REGISTERED_JOINT_CANDIDATE,METRO_P60_JOINT_STABILITY_b917e1b6fbdf313fe0a2598b,J_KWA,CHANNEL_COMPRESSED,0.0,0.0001,0.08322794382337466,0.08322794382337464,0.08268442623770651,0.28754899797722566,0.1587964924472224,0.16964694014303183,0.28754899797722566,0.15879649244722244,0.7630218777026752,0.16964694985453155,"{""block_dimensions"": {""A"": 8, ""K"": 32, ""W"": 8}, ""coefficient"": [-0.017911872075094655, -0.011822945426744029, -0.0058905558204398085, 0.005076568968276018, -0.004186434358481648, -0.0007227260621866232, -0.012708166220396508, -0.006945908884245221, -9.688229762470721e-05, 0.016443320972881908, 0.004702843460413773, 0.015902527642054635, 0.011590022725782223, 0.016342797096604692, 0.005150833428423496, -0.002252189867208446, -0.004151199444237818, 0.004501622409393804, 0.002886701479142685, 0.0060741172583376425, 0.005345264464317222, 0.002499726171370334, -0.008938105406169287, 0.004944355457867599, -0.0005666241306045465, -0.0059786973355063855, 0.004887105722686605, -0.003139091544751116, -0.01671941039099224, 0.0025948065055314616, -0.009122233150849134, -0.0016342458951375516, 0.0014676970652670442, -0.0029565658688146678, 0.0036161289145845705, 0.010525423713775166, 0.005868340617833595, -0.0005354359388437761, 0.004160343491832175, -0.0019412595379309902, -0.04382588344291574, -0.02553562035106437, -0.039608709601346444, 0.018820252467655396, 0.0, -0.023834503433296697, 0.0181971225520128, -0.07626073160015502], ""intercept"": 0.00017409199999999988}",49,0.0006104099770960751,0.01816095053887937,80acb6e02c969d97049ac9088acb156a869dc6af2f67e607803f03031ad78c72,379323b434bfb7e3584c76ace9a3d631fdc3d6f0d3d5742043edc5092df863b6,False
OOF_COMMON_FOLDS_1_3,REGISTERED_JOINT_CANDIDATE,METRO_P60_JOINT_STABILITY_b917e1b6fbdf313fe0a2598b,J_KWA,CHANNEL_COMPRESSED,0.0,0.0001,0.08322794382337466,0.08345238929691069,0.08345238929691069,0.2888812719732982,0.15950406158809335,0.17342933636075952,0.2888812719732982,0.15950406158809335,0.7616442639581984,0.17342947983233836,"[{""block_dimensions"": {""A"": 8, ""K"": 32, ""W"": 8}, ""coefficient"": [-0.006511152024050979, -0.00924259042331665, -0.004927493414228441, 0.00019362919723819758, -0.0023438525698419267, -0.0033427382431469466, -0.009047173107218849, -0.010076034618062803, -0.0023900425275310074, 0.0004900495514283492, -0.00011229438328184376, 0.010813598775585843, -0.0016073398990705872, 0.019637356900725194, 0.006544044945460909, 0.014695546610623228, -0.004067729537017951, 0.010504254940621028, -0.0169077935364404, 0.005780168281424184, 0.0034574790789670506, 0.0021845878920295856, 0.010441573879514426, 0.008819402330920887, -0.00523961464101455, 0.00882220134683026, 0.00813914844030437, 0.00012260003888091013, -0.037395519530765, 0.0005990959287370154, -0.006337254251799267, -0.0026639465578989162, 0.0008333538274284854, 0.0027725220495948, -0.002324667581709171, 0.019854404192011926, 0.002124827520195675, 0.005956730751777976, 0.0032219991745784868, -0.0006847776323114687, -0.044253849382345826, -0.02529061406177502, -0.03975300682231303, 0.01976616814234209, 0.0, -0.024527885360952233, 0.018540978980512695, -0.07689414040695493], ""intercept"": -0.00012420800000000328}, {""block_dimensions"": {""A"": 8, ""K"": 32, ""W"": 8}, ""coefficient"": [-0.011708858341409828, -0.033686007546224285, -0.011301047740619569, -0.009148732369481662, -0.004824525686760931, -0.0008376045141123785, -0.009110352323054585, -0.008303029969671513, -0.00023016328150098317, 0.001286601023415884, -0.0015376242189475762, 0.015493919029958402, 0.007552679295777646, 0.028874919307817208, 0.005973582661171473, 0.004571123637994955, -0.0024534680333027385, 0.010118956690245581, -0.0049006484592081755, 0.0360718173995952, 0.003323200405522469, 0.003447958756140843, -0.0044256807743722855, -0.0012634912785199175, -0.00358709106795191, 0.012045612174720948, 0.01077778075846448, 0.011289818979878578, -0.044633941783730355, 0.0020117278519047746, -0.006789617017195276, -0.003234096270173526, 0.0013116974540412617, -0.0002562919682716801, 0.004157482335745876, 0.01413294657469134, 0.0062507336393134655, 0.002789808220098613, 0.004680695091234518, -0.0005407457155817822, -0.045018480059197716, -0.026137630145908933, -0.04047551013252031, 0.018693864101154273, 0.0, -0.02461352439649344, 0.01846824152021689, -0.0767639071050301], ""intercept"": 0.000191412}, {""block_dimensions"": {""A"": 8, ""K"": 32, ""W"": 8}, ""coefficient"": [-0.02064773431988609, -0.01570923555860118, -0.012355593376616002, 0.008684648512424887, -0.003749737020810554, 0.002456683693651817, -0.01253240544504269, -0.004654291288776792, 4.567181377619748e-06, 0.018669350080441814, 0.004832368240725208, 0.02238385185351878, 0.017287195580800458, 0.017422108693481073, 0.006325633947282236, -0.0038390984074021303, 0.004247803986510119, 0.0021153897650922284, 0.0072208796952029424, 0.011406608939650122, 0.007069522104011756, 0.003375684678958417, -0.019318101973897987, -0.0014233237910939692, 0.00216340587161553, -0.002415642996986701, 0.009247152890263365, -0.008325387397030577, -0.027031997256379066, 0.0036691682519317944, -0.005499728698779001, -0.0018849628436434004, 0.0014819338861710785, -0.004072424016002299, 0.003142719993216829, 0.007603021616293816, 0.002987631066459094, -0.003035687278696357, 0.006277145137371049, -0.002550882448206563, -0.04401356070628452, -0.02580254184645457, -0.0396788927498598, 0.018186086396596034, 0.0, -0.023839356045684695, 0.017978500971046456, -0.07558698700362534], ""intercept"": 0.00016905200000000092}]",49,0.0007527052246162717,0.01848570044829176,3a604de324fb150be04724a6acbd8db7ea51b24abc931fa4a127c8ad46fb7d7a,0d9550d4a25b1485f5574a55905a6b39c75fab17d396e246143cd2edab95c98a,False
VALIDATION_COMMON_SUPPORT,REGISTERED_JOINT_CANDIDATE,METRO_P60_JOINT_STABILITY_e012e567e116847c926b15d4,J_KWA,CHANNEL_COMPRESSED,0.0,0.001,0.08322769775801195,0.08322769775801195,0.08268345501036342,0.2875473091690538,0.15875888258061935,0.16965669363148028,0.2875473091690538,0.15875888258061938,0.7630246612937643,0.16965670334286564,"{""block_dimensions"": {""A"": 8, ""K"": 32, ""W"": 8}, ""coefficient"": [-0.01767758238025303, -0.011722929497511747, -0.005733706731895524, 0.0036333331318022305, -0.00417731560446276, -0.000890811329717134, -0.012690234010862259, -0.0069538960035062086, -0.00011529323489227753, 0.016145230623241358, 0.004665194671918702, 0.015669129492883908, 0.011309566397555787, 0.016254134867059903, 0.005117825666506576, -0.002188812237472385, -0.004190455438527397, 0.004631572834864918, 0.0027911784638051792, 0.006050679684273882, 0.005288895446809747, 0.002493715152527721, -0.00872236991460698, 0.004966984677573591, -0.0006340251589198871, -0.005963322347577464, 0.004810573751979626, -0.0015503051956362768, -0.016495348960302855, 0.0025851487631562368, -0.009160023776881526, -0.0016538348877006626, 0.0014173355445068437, -0.0028189088783781217, 0.0035357559822922764, 0.010656101179191352, 0.0058639607238293165, -0.000305253836599205, 0.003950392689830294, -0.0018427284539662616, -0.04378995134990606, -0.025525415264272794, -0.039578436312169486, 0.01881099133790485, 0.0, -0.02380097155305736, 0.018171127999943183, -0.0762091368675841], ""intercept"": 0.00017409199999999988}",49,0.0006053896027169812,0.01813583383136087,80acb6e02c969d97049ac9088acb156a869dc6af2f67e607803f03031ad78c72,c935daa72b5c9a4554c78439ac6897059aed26ea0188f7ef5bba313c73253496,False
OOF_COMMON_FOLDS_1_3,REGISTERED_JOINT_CANDIDATE,METRO_P60_JOINT_STABILITY_e012e567e116847c926b15d4,J_KWA,CHANNEL_COMPRESSED,0.0,0.001,0.08322769775801195,0.08345128069628938,0.08345128069628938,0.2888793531844901,0.1594496700692471,0.1734403167144558,0.2888793531844901,0.1594496700692471,0.7616474303302975,0.17344046018412873,"[{""block_dimensions"": {""A"": 8, ""K"": 32, ""W"": 8}, ""coefficient"": [-0.006450195435038791, -0.009229926911687778, -0.004886445536432861, 0.0001338202830064643, -0.002308817816135392, -0.0033186119135067433, -0.009030178688853923, -0.010019970395982573, -0.002367939864169517, 0.0005783573193953835, -7.906789429330489e-05, 0.010795123736216782, -0.0015047497676059789, 0.01927206801386315, 0.006508202189655728, 0.014502343900747075, -0.004023155303605115, 0.010284445978827128, -0.016678218266720495, 0.005772399161861112, 0.0035413399134233527, 0.0021909085884608253, 0.010255155202507386, 0.008751613978057238, -0.005160369065713421, 0.008269100062654659, 0.008099349582060386, 0.00016926728774357586, -0.036540206921581324, 0.0006137968721723917, -0.006262248183957548, -0.0026339235515503976, 0.0009256290412282503, 0.002487617190251812, -0.002042329738084063, 0.019605841001417514, 0.002197108186935094, 0.005746561759721325, 0.0033493680219151855, -0.0007261036913840497, -0.04421192351342874, -0.025276857521590455, -0.03971950078361817, 0.01976046994546607, 0.0, -0.024491411007197338, 0.018515617517477326, -0.07684348723576893], ""intercept"": -0.00012420800000000328}, {""block_dimensions"": {""A"": 8, ""K"": 32, ""W"": 8}, ""coefficient"": [-0.011401499745146159, -0.03324593990229023, -0.011391171160035265, -0.00563020419959003, -0.004705886435721895, -5.65148630130814e-05, -0.009137960398986818, -0.008166367178801611, -3.329794009634737e-05, 0.0009097982034671704, -0.001338815640691848, 0.015885035798453302, 0.007802762173479775, 0.02722411160870706, 0.005887960314352573, 0.004873320811343812, -0.0021236463422748815, 0.009832742984005176, -0.0043273472048522745, 0.035206295367752945, 0.004081027620922544, 0.0036152865041866873, -0.00457422947932396, -0.0013385712715754808, -0.0029036647457996384, 0.011299561509454353, 0.011002473135885057, 0.007169685792713526, -0.044191621582953644, 0.0020055004724751488, -0.006219329249839916, -0.0029974963563704315, 0.0012730989508637912, -0.00035696290795615254, 0.003907408287332341, 0.013417944271821573, 0.00555253769151384, 0.002596840333893109, 0.004498474760713441, -0.0005344467147249003, -0.04496177355674963, -0.026111670073112037, -0.0404300010605651, 0.0187026452352875, 0.0, -0.0245734515739609, 0.018443039197944763, -0.07671624480132051], ""intercept"": 0.000191412}, {""block_dimensions"": {""A"": 8, ""K"": 32, ""W"": 8}, ""coefficient"": [-0.020527095508015084, -0.015466491070540782, -0.011731741223820301, 0.006904889634046033, -0.0038506915932820574, 0.001724864075388506, -0.01253571214896887, -0.004976562292318646, -0.0001309472046404432, 0.018335592253861548, 0.004638657484906308, 0.021393106824902152, 0.01633540747927539, 0.018469125211267836, 0.006257611462412493, -0.003944061120229737, 0.003677610258908949, 0.0029396165664709326, 0.0064612933508980865, 0.011376964649003188, 0.006419351468206352, 0.0031063866244694653, -0.01849002857244121, -0.0009567272945992705, 0.0014266501441647839, -0.0024260983486305704, 0.00869419961816811, -0.005952062132903897, -0.026065846275954558, 0.003727722692518526, -0.005952820522138927, -0.002263266129904055, 0.0014369982569239336, -0.0037640956647545247, 0.003224605872837689, 0.008480160440841551, 0.003648040173642389, -0.002504054649893942, 0.006105720209706286, -0.0023928161726583194, -0.04396886931895645, -0.025785498038286954, -0.039642282605809834, 0.01818593123043625, 0.0, -0.02380319624176747, 0.017953122091037846, -0.07553896966570377], ""intercept"": 0.00016905200000000092}]",49,0.0007423786210968762,0.018455421069110814,3a604de324fb150be04724a6acbd8db7ea51b24abc931fa4a127c8ad46fb7d7a,a85bce9a0ed922e02c5f1df0c5881b8db55252ed9e4e934c6f849c4135755f66,False
VALIDATION_COMMON_SUPPORT,REGISTERED_JOINT_CANDIDATE,METRO_P60_JOINT_STABILITY_0c3a7b456e17db4b7dd279ee,J_KWA,CHANNEL_COMPRESSED,0.0,0.01,0.08322747014778469,0.08322747014778469,0.08267724020763663,0.2875365023916731,0.15840431477808667,0.16971910539020452,0.2875365023916731,0.15840431477808672,0.7630424732608743,0.16971911510086002,"{""block_dimensions"": {""A"": 8, ""K"": 32, ""W"": 8}, ""coefficient"": [-0.015759964887143787, -0.011017123438858682, -0.004731523775946161, 0.00147579217772803, -0.003948474095961656, -0.000774031303110422, -0.01232623804416212, -0.006781355475042172, -3.1295760837118945e-05, 0.013705777825960351, 0.004520262046220814, 0.014484261928748554, 0.009800873650379882, 0.014595481508777876, 0.004913019676377385, -0.0018426885980649013, -0.004244281868379154, 0.005237235716487622, 0.00262736964225187, 0.005719428580972762, 0.005394677772401716, 0.0024668664514933794, -0.0072382633763270225, 0.004826945798968321, -0.0004626469929903485, -0.0060358405485366196, 0.004387187576309688, 0.0004176987485871236, -0.015121125551682168, 0.002460859786388216, -0.008777497376792868, -0.0013843812821713885, 0.0010913266812803122, -0.0021703204843465194, 0.0029928999440111213, 0.010614651853660334, 0.005241575689496269, 0.0007542080464685955, 0.0026708430693318246, -0.001295958783104954, -0.04344439046003467, -0.025432734481170807, -0.0392889377374496, 0.01870553537269303, 0.0, -0.023471372616103728, 0.017916175013849435, -0.07569367879508834], ""intercept"": 0.00017409199999999988}",49,0.0005620125599936845,0.01789246212934705,80acb6e02c969d97049ac9088acb156a869dc6af2f67e607803f03031ad78c72,5082262e62eae38804807d7de3aa55c25b04109d150dbf2afe4fc8b453e9cc2b,False
OOF_COMMON_FOLDS_1_3,REGISTERED_JOINT_CANDIDATE,METRO_P60_JOINT_STABILITY_0c3a7b456e17db4b7dd279ee,J_KWA,CHANNEL_COMPRESSED,0.0,0.01,0.08322747014778469,0.08344216883474088,0.08344216883474088,0.2888635817037878,0.15897558861068128,0.1735305669458822,0.2888635817037878,0.15897558861068128,0.7616734555224388,0.17353071039988988,"[{""block_dimensions"": {""A"": 8, ""K"": 32, ""W"": 8}, ""coefficient"": [-0.005830863769085812, -0.009006444103437703, -0.004470633895701688, -6.637309965234555e-06, -0.0020064221427065487, -0.0030263022590001874, -0.008835611118556845, -0.009494328977077488, -0.0021640879102519553, 0.0011565464871605158, 0.00015352336114348626, 0.01049519125346376, -0.0007835611184843948, 0.01620869656078756, 0.006157413530363295, 0.012817935077167419, -0.0036245889914054206, 0.00860125693434346, -0.014667467886344035, 0.005635593636194526, 0.004214177150053568, 0.002253866199741732, 0.008764868653838494, 0.008116346342932705, -0.0044762933131447065, 0.004352015033863241, 0.0076849825688136125, 0.00015507196714375154, -0.03004267563792417, 0.0007149816060948241, -0.005588742321648256, -0.0023559591692433506, 0.001369665483637697, 0.0008785141702704369, -0.0004218450044988518, 0.01783357498792698, 0.002484521864980734, 0.004564730734879575, 0.003792996040125082, -0.0008102635811706078, -0.04382117724882267, -0.025158774973939424, -0.03940441841607035, 0.01968085340780564, 0.0, -0.02413833442172369, 0.018262599712924127, -0.07633353605589376], ""intercept"": -0.00012420800000000328}, {""block_dimensions"": {""A"": 8, ""K"": 32, ""W"": 8}, ""coefficient"": [-0.01025769312190187, -0.028095171944870934, -0.010234169314872777, -0.0011389247426929264, -0.004307780811862824, 0.001215674990848057, -0.009092901501264442, -0.007959808969464355, 0.00017588845116246535, 0.001017845847063564, -0.0006530563145446967, 0.015441245641275508, 0.007538580809416982, 0.021751439144907216, 0.005713742406733359, 0.004988809701031053, -0.0019113431827925123, 0.008487429356010984, -0.003153092369580413, 0.029422907721907705, 0.005807926267007363, 0.0037587727426981236, -0.004180216259007768, -0.0014538696567938355, -0.0015473876024357021, 0.006048261061875237, 0.01034789412813732, 0.0015403046175511735, -0.03699565026275761, 0.002079829606274485, -0.005089262082996789, -0.002350176567984718, 0.0010626623116321552, -0.00039784266501722497, 0.003328985046895149, 0.01198792053924223, 0.004201557391799716, 0.002395934467716747, 0.0038417844828738112, -0.0003362085934223145, -0.04445300317325454, -0.025897049670288125, -0.040019050470729386, 0.018741949350653323, 0.0, -0.024190094629049617, 0.01818982918985341, -0.07623398567366528], ""intercept"": 0.000191412}, {""block_dimensions"": {""A"": 8, ""K"": 32, ""W"": 8}, ""coefficient"": [-0.01839633579950845, -0.014119607297160853, -0.009216043808766247, 0.0027757111228441686, -0.003867038557808563, 0.0003077971100078195, -0.012317667558645905, -0.0055015286940735715, -0.0003807450018889705, 0.015245474839733349, 0.004118045855678201, 0.018077883126477172, 0.012732941013243891, 0.018522612044437836, 0.005915016515519902, -0.0038049123977695874, 0.0024014732590569693, 0.005145587419466295, 0.004681004996272106, 0.010820658996788643, 0.005281268550967779, 0.0025584568972403052, -0.014919385794855211, 0.00013338907513889143, -2.5088056261755743e-05, -0.0031579799441331046, 0.007022517929217307, -0.0007767202142633154, -0.02196870452497269, 0.003751359602993038, -0.006678993614218429, -0.0028182527385588576, 0.0010935225653949776, -0.0025755908914026422, 0.0028956609607233555, 0.010415557492219398, 0.004552971694863433, -0.0004462441009363967, 0.004572833057098251, -0.0015425367491195335, -0.04355978434451736, -0.025643374972714274, -0.03930649651385178, 0.0181452764474978, 0.0, -0.02345407415560749, 0.0177018888522762, -0.0750472905146486], ""intercept"": 0.00016905200000000092}]",49,0.0006622783265372772,0.018172078978034644,3a604de324fb150be04724a6acbd8db7ea51b24abc931fa4a127c8ad46fb7d7a,046614fd7b6a1a7a6fcdd7a48399a632e48ea34805146c2a8fb3b335b358a840,False
VALIDATION_COMMON_SUPPORT,REGISTERED_JOINT_CANDIDATE,METRO_P60_JOINT_STABILITY_81cc60ead1637301ed40ac67,J_KWA,CHANNEL_COMPRESSED,0.0,0.1,0.08336075181772212,0.08336075181772212,0.08273150833756106,0.28763085428646396,0.1557546615512223,0.16917412116783215,0.28763085428646396,0.1557546615512223,0.7628869378098195,0.16917413088486155,"{""block_dimensions"": {""A"": 8, ""K"": 32, ""W"": 8}, ""coefficient"": [-0.00768680274479709, -0.006986539601180243, -0.0011351183583422216, 0.0004406149102861966, -0.002593155211841869, 0.00047796484863999947, -0.008990846799921634, -0.005410810970761333, 0.0004683134838564954, 0.006055931068575024, 0.0034196269228915716, 0.008629299797561486, 0.005083565018657052, 0.006782606775238884, 0.00352491351582622, -0.0006874764888981459, -0.0035842250485717633, 0.004707170518941236, 0.0020341029165238077, 0.0031796853170237655, 0.005614054610907689, 0.002065275721010445, -0.002838436876023288, 0.003150000055291165, 0.000921317480856977, -0.004694264945097063, 0.002203602205293617, 0.0004342602725348598, -0.008827864662867054, 0.0017409148934919066, -0.005919525409214048, 0.00016021607103684811, 0.00014882300378801428, -0.0009794355393342418, 0.002357698447555199, 0.008112413399512648, 0.0037710687076794296, 0.0014069559058215821, 0.0008758392178608806, -0.0005566755260794986, -0.04066827019468044, -0.024832781686836364, -0.03693945875045409, 0.017328598398156956, 0.0, -0.020634949968301734, 0.015649492725578203, -0.07082975262831029], ""intercept"": 0.00017409199999999988}",49,0.0003655667710221235,0.015879574242244874,80acb6e02c969d97049ac9088acb156a869dc6af2f67e607803f03031ad78c72,c011c5752f4c66c74e69fadb881f20a655dc794b30c5f0406c2c07986c626327,False
OOF_COMMON_FOLDS_1_3,REGISTERED_JOINT_CANDIDATE,METRO_P60_JOINT_STABILITY_81cc60ead1637301ed40ac67,J_KWA,CHANNEL_COMPRESSED,0.0,0.1,0.08336075181772212,0.08352542378576364,0.08352542378576364,0.2890076535072447,0.15604833967190251,0.1727059518486045,0.2890076535072447,0.15604833967190251,0.7614356637072812,0.17270609544574433,"[{""block_dimensions"": {""A"": 8, ""K"": 32, ""W"": 8}, ""coefficient"": [-0.002540728953053675, -0.005915215818925265, -0.0018741735996350266, -0.0002628339794585294, -0.0007798678864575175, -0.0015466287428064784, -0.006744521655650776, -0.006835770270567616, -0.001061704858296455, 0.0017127899511513586, 0.0004798001818923805, 0.006696663845330963, 0.00042645238216641474, 0.005831122195914118, 0.003957321495581481, 0.0058955584992997495, -0.0019960243834972404, 0.0037733494489368075, -0.0064864781833433765, 0.003762855470031762, 0.005265227317964034, 0.0022985726398450676, 0.0038593357794483646, 0.004539254969520776, -0.0018605308339290293, -0.0017410497275253739, 0.004445036410108563, -0.00014871293330882905, -0.012233130245487028, 0.0007202349456940769, -0.0026297608326805613, -0.0010838806038605364, 0.0009492536300572353, -0.0004590051415708586, 0.0019391965715008636, 0.012198479264431886, 0.002765617849740404, 0.002554575725666677, 0.0027092046832240518, 1.2585540473859495e-05, -0.040959996241317465, -0.02456829805143297, -0.03702177876985742, 0.018264537321632274, 0.0, -0.021197321473485603, 0.015959839757261424, -0.0714256739648129], ""intercept"": -0.00012420800000000328}, {""block_dimensions"": {""A"": 8, ""K"": 32, ""W"": 8}, ""coefficient"": [-0.005151546039328223, -0.010762795556454343, -0.003937563700112658, -0.00012711579619299466, -0.0028791151917482716, 0.0013592871302277611, -0.007066031882050265, -0.006475283365470043, 0.0003339725699723682, 0.0016724863676850464, 0.00039424028364349386, 0.00872298989344159, 0.003896066188546557, 0.008454732932928708, 0.0041908320716223585, 0.002905692091848228, -0.0021109228203887178, 0.00465325224970671, -0.0009664496760283681, 0.01132150279839828, 0.007069793893604273, 0.003163369918613067, -0.001415842023401774, -0.0013964445456003936, 0.00037164230224059696, -0.002473102617241516, 0.004969783062017325, 0.0002332898215413669, -0.01553072076508723, 0.0018467584664066442, -0.0027306325757711007, -0.0006642654750019468, 0.00031851317513364254, -0.00012878727090634068, 0.0028460059292695896, 0.00896233392664748, 0.003221849992913396, 0.0019506302405845122, 0.0022661517444923928, 0.00035389413419018354, -0.04121070583785269, -0.02498450920788112, -0.03732788975472095, 0.017720874701472888, 0.0, -0.02115421660021937, 0.015893594802062882, -0.07141778738750064], ""intercept"": 0.000191412}, {""block_dimensions"": {""A"": 8, ""K"": 32, ""W"": 8}, ""coefficient"": [-0.008595324784433431, -0.008069734709244306, -0.002959134235863481, 0.0008911004944669143, -0.002603729589839082, 0.0004943333916383927, -0.009238250930957254, -0.004382440512120506, -0.00016227824195498957, 0.005860541880923416, 0.0028937558008334647, 0.009713273478927871, 0.005419810745265447, 0.008045921283106596, 0.004052844345756505, -0.001989496625625197, 0.0018985029662213647, 0.004694655801532481, 0.0030967895529799335, 0.006318579097107124, 0.0055045415599489144, 0.00220138727278463, -0.0064711679958382754, 0.0002105978004811798, 0.0005298841539968493, -0.004004081728837311, 0.0033469194139933564, 0.0007007764058539032, -0.01117386588278508, 0.0027036579520176795, -0.004817650526586256, -0.0011959238121859782, 0.0001329364219066227, -0.001125648628600313, 0.0024235112515688046, 0.009151916732235291, 0.003984781887312049, 0.001143216411882423, 0.001776896317513607, -0.0002200937613647305, -0.040577968946270096, -0.024878035989192453, -0.03681263500501603, 0.0169890859377132, 0.0, -0.0205560656073258, 0.015458791531967185, -0.07027934984614205], ""intercept"": 0.00016905200000000092}]",49,0.0004009132857374898,0.016041489686345372,3a604de324fb150be04724a6acbd8db7ea51b24abc931fa4a127c8ad46fb7d7a,ab45614b18da7111bf71cd4fe6f9336a2ea30ebfbceb56ab4f51ac7024e78971,False
VALIDATION_COMMON_SUPPORT,REGISTERED_JOINT_CANDIDATE,METRO_P60_JOINT_STABILITY_28f2ef0e31f86e7f50ac9aaa,J_KWA,CHANNEL_COMPRESSED,0.0,1.0,0.0860443495491001,0.08604434954910012,0.08507030099997887,0.29166813504388656,0.14346228317880025,0.1456869455051918,0.2916681350438866,0.14346228317880025,0.7561838291495603,0.14568695549691824,"{""block_dimensions"": {""A"": 8, ""K"": 32, ""W"": 8}, ""coefficient"": [-0.0006292246228346701, -0.0015688095723520308, 0.0006693658807954092, 0.0003773220808167658, -0.00037227431557663136, 0.000718054189426964, -0.0017469749395883063, -0.0016684629980844013, 0.0006437960740650148, 0.0011405176824616124, 0.0011997220118015902, 0.0019438892627329535, 0.0013122446089936014, 0.0005793062513364175, 0.0011450546251962949, 6.125828911040733e-05, -0.0009676329795711438, 0.0013061523116551473, 0.0006548636085563133, 0.0001755109020234948, 0.0021403264039851744, 0.0006629049868864595, -0.00032076728264556365, 0.00033617378373211127, 0.001526268942229194, -0.0007958260583291611, 0.0003513672474174084, 0.00040827139343549353, -0.0015340699547508477, 0.0006191859376717348, -0.0006473409331870871, 0.0006431838656240612, -0.00021304277219075083, 2.9191683959918404e-05, 0.0013665160467664238, 0.0033658046165958313, 0.002174988716323833, 0.0008800738172646107, 0.00023188277889319765, -0.0001578607233013495, -0.027104774334113818, -0.020663543921908164, -0.025138075589359474, 0.008227322012696096, 0.0, -0.008390839366886125, 0.005763995379834585, -0.043544438895749604], ""intercept"": 0.00017409199999999988}",49,0.0001493682935038405,0.007246872526176675,80acb6e02c969d97049ac9088acb156a869dc6af2f67e607803f03031ad78c72,d543ff4be7abc8cfd5b604f24b84b6f2fc13ee09a40d97bad63feb98fb46b6aa,False
OOF_COMMON_FOLDS_1_3,REGISTERED_JOINT_CANDIDATE,METRO_P60_JOINT_STABILITY_28f2ef0e31f86e7f50ac9aaa,J_KWA,CHANNEL_COMPRESSED,0.0,1.0,0.0860443495491001,0.0860134159217223,0.0860134159217223,0.29328043903697754,0.14349952273792801,0.14806314259802866,0.29328043903697754,0.14349952273792801,0.7543294897339663,0.14806329047253153,"[{""block_dimensions"": {""A"": 8, ""K"": 32, ""W"": 8}, ""coefficient"": [0.00023102578395592843, -0.0014011692869685733, 0.00012126228038802496, 5.2215121424774756e-05, 0.0003206125265385721, -0.0001664569262401497, -0.0015886428786422923, -0.0018663834098156568, 0.0004010803970731603, 0.0005901789259308823, 0.00039399189794071164, 0.0015070211617183322, 0.0006117028286076562, 3.358322609880348e-05, 0.0012735774618395596, 0.0010186456454530824, -0.00031419860343217404, 0.0008600890674818206, -0.0005757747398749464, 0.0006211800282812409, 0.0018406766666103302, 0.0010235367857046962, 0.0004620003500681172, 0.00042973674772269735, 0.000772840355934927, -0.0004070072690216181, 0.0007816674767714589, 7.34040272535413e-05, -0.0017283696358155794, 0.0003764492769028039, 0.0005221358817428167, 8.038822599458682e-05, 0.0001625203086834258, 0.0003335084581321031, 0.001669624842898212, 0.004597466591771431, 0.0021988085413187464, 0.001142795229514302, 0.0008565724194873822, 0.0003448276606585084, -0.027321569088955354, -0.020641435316936883, -0.02524554937629065, 0.008725632416488638, 0.0, -0.008621206306824364, 0.005876876692923001, -0.04388965833258492], ""intercept"": -0.00012420800000000328}, {""block_dimensions"": {""A"": 8, ""K"": 32, ""W"": 8}, ""coefficient"": [-0.0002521831597865815, -0.0016711872840765093, 0.00020384357464595847, 0.0002991703121893515, -0.0005523732653910342, 0.0005475702140615347, -0.0015165717184375904, -0.0019446895308848308, 0.0006947373188234578, 0.0006218829660458713, 0.0006125036774577854, 0.0017324287389795655, 0.000980167486662685, 0.0006176849229213616, 0.001292360281160825, 0.0006813661697441498, -0.0005633534881953801, 0.0010662566726320633, 0.00040810608752147714, 0.001009835513291875, 0.002347282462799012, 0.0011566403943497558, -0.0001069049721595736, -0.0006541610836320741, 0.0014422558793607332, -0.0007790131317751896, 0.0006507057806013202, 0.0003407381629629545, -0.002256470066354197, 0.0005485209133270587, 0.00041748527733688067, 0.00023962373315394693, -3.601551306611973e-05, 0.0003811093852956754, 0.0017012316646085185, 0.003950347313240102, 0.0024484877598214957, 0.0011370224604372976, 0.0007492969075344177, 0.0003481031460810738, -0.02737114266815132, -0.020795993495996593, -0.025352924210371663, 0.00848945069678546, 0.0, -0.008577832877218642, 0.0058415675298183894, -0.04390711212626758], ""intercept"": 0.000191412}, {""block_dimensions"": {""A"": 8, ""K"": 32, ""W"": 8}, ""coefficient"": [-0.0008037207316505322, -0.0014541001632407482, 0.0004083633739387263, 0.000496213797524697, -0.0004906238362830007, 0.0005106597027351755, -0.0018545870963949077, -0.0012921478809075136, 0.00027554361130927507, 0.0009065452641829466, 0.0009796723063523304, 0.001922027903172601, 0.001033072435782915, 0.0006103938570543358, 0.0010604468727407246, -0.00015125736363308227, 0.0008518864462534151, 0.0010137256274181277, 0.0011088176438646246, 0.0007802183539192913, 0.0021246733404337724, 0.0008854003463346745, -0.0009659845072644337, -0.0002835524748046013, 0.001488607956472153, -0.0009589894665465494, 0.0004975064190845612, 0.0005329537329870775, -0.001927046372335508, 0.0007243341373209466, -0.000515859082167864, 0.0003662702123357764, -0.0002806677716758681, 3.0418799969760582e-05, 0.0016145088379074808, 0.0041440519495152435, 0.0026422033917696333, 0.000945622556589069, 0.00047585172339249495, 0.00013890406335282323, -0.02699204953325781, -0.020634621304440166, -0.025031833701813406, 0.008064998138008206, 0.0, -0.008339387454078808, 0.005678879547456335, -0.04323165352856338], ""intercept"": 0.00016905200000000092}]",49,0.00016633961933063056,0.007314907690013244,3a604de324fb150be04724a6acbd8db7ea51b24abc931fa4a127c8ad46fb7d7a,a13959e34dde8c1fdd12cb0f77ccb07d46884e4681a5d9fbc3428e0d9b08b907,False
VALIDATION_COMMON_SUPPORT,REGISTERED_JOINT_CANDIDATE,METRO_P60_JOINT_STABILITY_251fa75af30ce651bbe094ee,J_KWA,CHANNEL_COMPRESSED,0.0,1e-05,0.08322794872112516,0.08322794872112516,0.08268453401191356,0.2875491853786297,0.1588002929765574,0.1696458578274539,0.2875491853786297,0.15880029297655737,0.7630215688158584,0.16964586753896604,"{""block_dimensions"": {""A"": 8, ""K"": 32, ""W"": 8}, ""coefficient"": [-0.01793655986310133, -0.011835123943285973, -0.00590962554534898, 0.005317051350348422, -0.004186067494846066, -0.0006911929576380421, -0.012708633831171096, -0.006943017052719105, -9.278402365546288e-05, 0.016473484763193966, 0.004708509356854251, 0.01593443146290181, 0.011626280501016419, 0.016343827564536926, 0.005155107484777027, -0.0022604137270966092, -0.004144807340110217, 0.00448501884458934, 0.002902588974312615, 0.006075845934192393, 0.005356498260030145, 0.0025006587466373693, -0.00896269532657619, 0.004939211047299375, -0.000552931059412059, -0.005982735459356982, 0.004897374315927064, -0.0034078711929938815, -0.016747727091224556, 0.002595488291048429, -0.00911206936663054, -0.0016283623720574974, 0.0014729755756230985, -0.002973103665106123, 0.003622885562244301, 0.01050328144738077, 0.0058610951514958, -0.0005625773593469018, 0.004181587504163924, -0.00195194828603261, -0.04382949659393972, -0.025536659774295593, -0.039611768045731334, 0.01882114076466164, 0.0, -0.023837857950822737, 0.018199737788434554, -0.07626588174566144], ""intercept"": 0.00017409199999999988}",49,0.0006109247340350079,0.01816347419484089,80acb6e02c969d97049ac9088acb156a869dc6af2f67e607803f03031ad78c72,8107da7c9c499cbf837a14651a62473d2ad9c5253b34cf22c9eeac4c338ed318,False
OOF_COMMON_FOLDS_1_3,REGISTERED_JOINT_CANDIDATE,METRO_P60_JOINT_STABILITY_251fa75af30ce651bbe094ee,J_KWA,CHANNEL_COMPRESSED,0.0,1e-05,0.08322794872112516,0.08345247214358593,0.08345247214358593,0.2888814153655197,0.15950964703851456,0.17342851578951035,0.2888814153655197,0.15950964703851456,0.7616440273324958,0.17342865926123163,"[{""block_dimensions"": {""A"": 8, ""K"": 32, ""W"": 8}, ""coefficient"": [-0.006517013351937277, -0.00924415410122104, -0.004931775502102838, 0.00020326891825888643, -0.0023473307860268073, -0.003344669693992137, -0.00904892832604101, -0.010081444820594945, -0.0023921940521769874, 0.0004804397109540539, -0.00011581018499081752, 0.010815635032892068, -0.0016178265474206103, 0.019673929965664704, 0.006547640888085673, 0.014715472399844843, -0.004072004257034857, 0.010526969465770461, -0.01693098720822239, 0.0057810442300322605, 0.0034492314179355, 0.0021840725598050734, 0.010460454158342097, 0.008826164103233308, -0.005247292172873002, 0.008879793089388433, 0.008143428486170386, 0.0001140471678703319, -0.03748429722009977, 0.0005975970029901711, -0.006344540589535012, -0.0026668586331154718, 0.000823257672859695, 0.0028031239897146343, -0.002355202129702817, 0.0198800767158508, 0.002116331499173068, 0.005979372526110239, 0.003207513728259934, -0.0006799704789178739, -0.04425807697011804, -0.025292014080161428, -0.03975638146920624, 0.019766709769500523, 0.0, -0.02453154640458191, 0.01854351462544268, -0.07689919989314471], ""intercept"": -0.00012420800000000328}, {""block_dimensions"": {""A"": 8, ""K"": 32, ""W"": 8}, ""coefficient"": [-0.011755129905745816, -0.03371654933552189, -0.011274350329474603, -0.009746376627792762, -0.004842390718606875, -0.0009668220362761196, -0.009105597826953707, -0.008326565424055219, -0.00026409269334593216, 0.0013575206153162195, -0.0015666735791720952, 0.01542029397011702, 0.00750612668432083, 0.029121808135377236, 0.005988029062486941, 0.004517943899692372, -0.0025116214604262153, 0.010157042288954437, -0.004993786682968231, 0.036173655774983215, 0.003202747055220141, 0.0034189650785570176, -0.004395746765430472, -0.0012511124785660028, -0.003698134704519719, 0.012123457079654884, 0.010731565763215737, 0.011985136303487257, -0.04463866352124951, 0.002013851592286976, -0.006882627733980386, -0.0032711012144213064, 0.001316480914936874, -0.0002376776622858032, 0.004196315844245021, 0.01424982469389595, 0.006363790271210447, 0.002823882364852514, 0.004706736265232204, -0.0005396881013571323, -0.045024242178301026, -0.026140307404957874, -0.04048012763014355, 0.018692931143118707, 0.0, -0.02461754511900616, 0.018470742696043804, -0.07676868804489763], ""intercept"": 0.000191412}, {""block_dimensions"": {""A"": 8, ""K"": 32, ""W"": 8}, ""coefficient"": [-0.020653980854532242, -0.015738307184289316, -0.012434330155301493, 0.00892559136401066, -0.003734922125822164, 0.0025574054876653473, -0.012531093687454517, -0.004609507077759178, 2.3267596925702067e-05, 0.018701051829985865, 0.004858328123275487, 0.022512956645238048, 0.017408201863661786, 0.017267341073258984, 0.006333984552265547, -0.0038227403922443536, 0.00432525824239152, 0.002006178889096409, 0.007323769453861426, 0.01140848252558047, 0.007159689352767893, 0.0034126660111933674, -0.01942097683287067, -0.0014863901818933543, 0.002264581360924883, -0.002418743399082609, 0.009320231833283751, -0.00864864739519627, -0.02715269885285682, 0.00366074144355547, -0.005436686350963784, -0.0018320893552899523, 0.0014861763691326527, -0.004109975442637019, 0.0031268413056116007, 0.007484921928655672, 0.0028932963433053334, -0.003100416863042068, 0.006291370861760881, -0.002568494769343845, -0.04401812047737388, -0.025804319907632354, -0.03968262798155801, 0.018185992285886843, 0.0, -0.023842994134627007, 0.017981039352881267, -0.07559174027457961], ""intercept"": 0.00016905200000000092}]",49,0.0007537841415136724,0.018488761976612186,3a604de324fb150be04724a6acbd8db7ea51b24abc931fa4a127c8ad46fb7d7a,266134194921f477f5a2266519ca7ca5ab32c08d75fbd82d04987f893ca42646,False
VALIDATION_COMMON_SUPPORT,REGISTERED_JOINT_CANDIDATE,METRO_P60_JOINT_STABILITY_8e2ec8267e8473e79a54d079,J_KWA,FULL_BASIS,0.0,0.0,0.08083784026201943,0.08083784026201941,0.07993875745790499,0.28273442920504926,0.16519213322737464,0.19722014318017478,0.2827344292050492,0.16519213322737464,0.7708911157381086,0.19722015256918857,"{""block_dimensions"": {""A"": 8, ""K"": 288, ""W"": 8}, ""coefficient"": [-0.0024278317462516417, -0.0018798441672775255, -0.011825196318390544, 0.004613732782657974, -0.02061106912074321, 0.04523185919916435, -0.012391798656970796, 0.008797687094435278, -0.011434401908042364, -0.015477864753601484, -0.010591546290330637, -0.005974517812865075, 0.053176580236624825, -0.012162726762977609, 0.04893002111056616, 0.08056401681325515, 0.0011697316994061793, 0.026991137587497962, -0.005377468488359307, -0.01696857596052783, 0.02451131504748739, 0.008953040069374012, -0.08914534980894497, -0.04946855182873204, -0.7222747546068562, 0.3742933133035988, 0.4374027873688988, -1.7043880082612413, -0.13416959237933432, 0.5948067468736067, 0.07291146557682776, -0.26113018702976754, -0.7481364323560994, -0.33146679059637996, -0.2300496083133354, -0.146946980854944, 0.0006060983918440381, 0.0011043357447479433, -0.0004721008591806171, -0.0011206463492972928, -0.0014001559398522634, 0.0001865487301992519, -0.0013750434726606806, -0.0013268289891514259, 0.0017942061336498805, -0.0039374599150227675, -0.0007114533935684422, 0.00466636035589047, 0.0019394584986149185, -0.00013066314680522205, 0.09304617831691686, 0.13456768610305178, -0.03427024068725422, -0.10864340993651415, -0.10939445840402964, 0.03419821035819096, -0.0030726630921080423, -0.006196337101218912, -0.14323063889957, -0.011212677747300866, 0.01942029780354407, 0.004189995385839455, 0.0019078008128374667, 0.0010674103526188794, -0.007789647670935891, -0.06510412652357003, -0.001495258162259727, 0.04908539837569622, -0.03658609486182411, -0.05025763284555377, 0.06476584631880175, 0.006278693732589827, -0.01110070684846964, -0.007189410687638011, 0.020034215367505714, 0.01420803274013484, 0.010961891560881749, 0.01315648103132166, -0.008678922415389258, 0.004827945269806909, -0.021072682619022173, 0.001349730811616356, -0.01406528467687686, 0.024363624277268254, -0.0015842020438931418, -0.0020296721267786, 0.002048393839159663, 0.0005351753181276438, 0.00014606056673557012, 0.004817452424521848, -0.0011092367793957179, -0.000284571992043231, 0.004006028387926083, 0.009615091849828632, 0.006020887521534431, 0.006297507018405877, 0.02000293352552531, -0.029708445753950655, 0.008277130375452139, -0.001044545809444781, -0.006253486994729889, -0.03628184893102732, 0.012774035097375418, 0.01824924193880098, 0.003920331857306265, -0.018647219550267713, 0.002770282848663186, 0.004142843214191289, -0.005296050499359795, -0.007650019622413331, -0.012924984997534661, -0.01377177479119579, 0.006472928206240119, 0.004802727114001659, 0.023988305480188262, -0.021571181226412835, 0.010645785412466637, 0.002125295255279327, 0.014473309909259543, 0.008740512042670394, 0.004435979778446119, -0.0059765826540174255, -0.024974619773894643, -0.01614635754265689, 0.008243862840579342, -0.052235459018698124, -0.01977246295816834, -0.030567317170876556, 0.009339811999994306, 0.020425615984995288, 0.011569380013332502, 0.010933856841084904, 0.008638768808925322, 0.007438968578061708, -0.006104505193786043, 0.0010651064480842395, 0.007992747973280223, -0.004635976270153843, -0.007712548528877378, -0.001999217893285325, -0.005495813133212181, 0.007937436980956579, -0.01700408603475069, 0.011749593570805648, -0.026973134039292038, 0.0001851001715777386, 0.0013464940762580996, 0.002143436359291137, 0.002407881401076747, 0.00043431852319010376, -0.00045889839386040513, 0.007228563720446594, 0.0011106583508616276, -0.0027368880446208108, -0.0014617335158128308, -0.009859047103272872, 0.0067198637685025745, 0.01961164838921158, 0.12041619146622197, 0.010131337703504752, -0.01324636060341923, -0.01113726939296438, -0.018853957305352182, 0.009125582797457458, -0.0006030942705121579, -0.01534303231921822, -0.03619785408771075, -0.00821446406526404, -0.0006371437199113307, 0.000928081138149512, -0.00020587981110457395, -0.00021081878743931638, -0.0022968558513080735, 4.139942972815067e-05, 0.000602140320662792, -0.0006844858614085163, 0.001619929437280103, 0.000633339447771619, 0.00928984207156709, -0.016611790534094128, -0.007891708248220055, 0.0074478273378912095, 0.09740459343119852, 0.043018369569222954, 0.005625641392441892, 0.002782689943243158, -0.002353767435844842, 0.004279388249535619, -0.03108998261976573, -0.03884497499695328, -0.0016669022050521038, -0.00156282024275168, -0.0035973935830137006, -0.001752943952452601, -0.006004200785435084, 0.0009106203803603925, -0.0029398723629139255, -0.0010135383821055929, 0.0021880404475404487, -0.0013437589307242197, 0.010646337499437396, -0.007128757762712845, 0.015524399911108792, 0.001654980442894652, 0.002636375727032326, -0.0025941272052332777, -0.0015247966968815062, -0.03927531340983619, -0.019862106279903563, 0.09710706619440153, 0.039075402521247776, 0.014869349747620863, -0.0382482138088762, -0.0853425227139269, -0.017168486878614275, 0.039181639866306434, 0.0018761768543760623, -0.0005867043310849508, 0.00228032696366224, -0.011173243726694, -0.0011657177754166503, -0.0030616476658111205, 0.003045634515849437, 0.0008781047565699291, -0.0044131754727240605, -0.04237326812330979, -0.031247120796192716, 0.005461106628250222, 0.024905172594310365, -0.018776472802274055, -0.0033956182240855925, -0.01986030453254875, -0.0012746825731232859, -0.001197754896794854, 0.0013151690547946778, 0.006589362713933878, 0.8562286037539605, -0.3105833244321334, 1.8785286035124524, -0.42411413372762063, -0.12172670754427793, -0.5252805889547705, -0.28115349046668864, 0.16361238804185732, 0.8271922038235079, 0.5676679240564322, 0.06805070859619927, 0.3071124251099734, 0.010890371369463768, 0.022777788774964898, 0.004076600679931443, 0.0019963367639545563, 0.0009071322025016774, -0.00014732294777557723, 0.0005059251411895621, 0.000494300097060803, -0.0012893928021542984, -0.0012924158804560324, 9.456946674700984e-05, -0.0022047790185345108, 0.001619042248883319, -3.7173378144601594e-05, -0.0007674436319408981, 0.00031788552567053435, -0.0012316126142112953, -0.005072867083949652, 0.003873984779851629, 0.0027258820195048957, -0.009288628983910668, 0.0039896950084755385, -0.015845209016004325, 0.018999638918974698, 0.012051170647824303, -0.0005649945174116922, -0.004484939693828071, 0.00011557939052395584, -0.004827222892562565, -0.006159649902271253, 0.000792169542988892, -0.00581547372485689, 0.005206033890069445, -0.005483405900040111, 0.015802662954334135, -0.001430182584081857, -0.00972335414315905, 0.010612346411577928, -0.00486193961183711, 0.007202317228353645, -9.660003973834513e-05, 0.0009357908415841739, 0.0041910040735704986, 0.009273750688847867, 0.007740378814767567, 0.0034678962575850963, 0.0011995873480046756, -0.0007028833783131135, -0.05958517607073533, -0.03693784812901314, -0.05208241246721493, 0.006253436625157912, 0.0, -0.028410665087160666, 0.018456964877572975, -0.07071901572110686], ""intercept"": 0.00017409199999999988}",305,0.005771202219574614,0.025943372083591862,80acb6e02c969d97049ac9088acb156a869dc6af2f67e607803f03031ad78c72,85d1ab3345d4a21bf0eca09734047b917a61dcf75c07bde6315470c4c47f15f8,False
OOF_COMMON_FOLDS_1_3,REGISTERED_JOINT_CANDIDATE,METRO_P60_JOINT_STABILITY_8e2ec8267e8473e79a54d079,J_KWA,FULL_BASIS,0.0,0.0,0.08083784026201943,0.08100076937103295,0.08100076937103295,0.28460634105907223,0.16649841684457403,0.19771188987656374,0.28460634105907223,0.16649841684457403,0.7686465520514522,0.19771202913331076,"[{""block_dimensions"": {""A"": 8, ""K"": 288, ""W"": 8}, ""coefficient"": [-0.004725014017891702, -0.03560943971647786, 0.005483355966104179, 0.013036814031643355, -0.009845455592493788, 0.05023857846396616, -0.0041290502171868245, 0.07020309536851928, -0.01014508635290729, -0.02461997025764179, -0.08147793588466726, -0.0033663697470547854, 0.040828561711594547, -0.02368990624956618, -0.04698912959255728, 0.05604425610553588, 0.0007675602822508684, -0.011261576760542043, 0.03978709873886045, -0.015787539214139498, 0.046130319295868055, 0.06603341549944404, -0.019434131653830834, -0.014524509204483485, -0.18972254719638154, 0.27130210046320363, -0.4381915805132098, -1.3431017722486327, -0.0063727732802918505, 0.4825881208499841, 0.04446915123855875, -0.5718004521399157, -0.5606522270507532, -0.005169859886505094, -0.6409073596852369, -0.10947432630651402, -0.0016472901997664903, 0.0008357072198361629, -0.0009723886039598854, -0.0009010728171321512, -0.0006311332950736351, -0.0012257919261556745, -0.0012030216755022298, -0.00195732660000197, 0.003854862433928708, 0.0019600031013171973, -0.00012608752748111693, -0.001082436870832864, -0.01057884442599854, -0.008336747825165518, 0.08536954827628604, -0.1671943063734804, 0.009108506639894005, -0.3867449101404998, -0.4659315621693768, 0.016466543119563123, 0.005092888529461222, -0.025629144947449896, 0.008221382255915002, 0.038399144824811306, -0.015844201355365628, 0.016340162946890422, -0.0025089652143993686, 0.0011431221410106724, 0.00760267702444176, 0.007184027791634256, 0.03403029340324269, 0.022115652843899984, -0.047719429040917645, -0.034740426139662786, 0.0175398645904093, -0.0031592865134074293, 0.014121951555276005, -0.009364958140981117, 0.0046571282165645345, -0.006522222024169964, -0.0010600973307403963, -0.01626097519382204, -0.003809153696959448, -0.015198978143947982, 0.00945998147713983, 0.0049934524235237115, 0.019092022503692376, 0.012545932199348856, 0.0010415609180047475, 0.0012797514137113885, 0.000310346444620225, -0.0013774004536992067, 0.001135187580815903, 0.003017913737571261, 0.0032746525333189535, 0.0016668602822488639, 0.0029262717268788148, 0.007568240117189797, 0.007492125907140223, 0.006908635605715617, 0.02082928634265673, -0.03397168982024623, 0.0010771588322378237, 0.0037962736680275406, 0.0079378783710269, -0.04253711586722623, 0.003081955210532759, -0.02548506822793324, -0.0013289860742647498, 0.01249093117973902, -0.005890971340298291, 0.009599746890293767, -0.006096556818890755, -0.00808345871888406, 0.040261026848146156, -0.03132298301765942, -0.03573559289659897, 0.012937204256252176, -0.0060664051843597935, -0.05061137601513699, 0.0008082563966914224, -0.016818906646229356, -0.0048710131608180616, 0.0799153553306572, -0.016913303281372936, -0.04422897909739902, -0.028591619250642585, -0.020390415429367197, 0.013819614720143406, -0.0037360289463615366, 0.0009577263225121103, 0.050460966881848174, 0.0131289102355959, -0.012956241913451206, 0.008688209073404644, 0.01071911897148646, -0.004148056904766934, 0.007849054960825034, 0.002172461056114202, 0.00833931681952415, 0.008695587442122307, -0.004630256302670755, -0.002952007432973705, -0.0001713913290765336, -0.009276718638795839, 0.0207326703278108, 0.0038228664529997704, 0.007057088291722685, -0.06864515833265371, 0.010962345619136877, 0.001706218597377833, -0.00033424048789389735, -0.0022033507202256996, -0.007117829317291338, 0.010484097706500106, -0.009559998670994847, 0.003718028627212328, -0.0020679068254133596, -0.0013728046652443828, 0.006833680968211296, -0.03372802951914038, 0.12823927248849337, -0.017097282442685886, 0.02247108930532998, -0.02132189795220324, -0.029816998227659364, -0.012477798285223142, 0.013539791496472654, -0.01914375653308393, -0.005679429147223168, -0.006914563469136731, -0.019416743997782402, -0.0005613792277154099, 0.001097579506906113, 0.0006168052522301882, 0.0008727206389727422, -0.0005065746611778289, -0.0005811421510064855, 0.0005021710413870321, 9.368497867896379e-05, -0.015901477141454356, -0.0018125954474217858, 0.006797651667264094, 0.010332959434265501, 0.019277752482096955, -0.02532777155341604, -0.03634082728477044, 0.05651768781055844, -0.0072744866014429945, 0.023225715444502203, -0.01078657305892483, -0.00027971378864556374, -0.003886843171980949, -0.02695870930599269, -0.027218926546629198, -0.010601359306899543, -0.002466529216964585, -0.005826218561145321, 0.001413648964155052, 0.0017446709509315247, -0.005830343642959432, 0.0011642964695360537, 0.0042730464671830995, 0.000540788328556577, 0.010905292686240886, -0.007635392560576817, 0.01175119801383226, 0.0031514201879062863, -0.017025824452727677, 0.04431429604964036, -0.036614676492314084, -0.04739821466586186, 0.03098487971351403, 0.042526388931901186, 0.007570755018949206, 0.051754200680100386, -0.014887922380094107, -0.03935087751233199, -0.04220610783055354, 0.040696993826682966, -0.0012303563356426738, -0.0016144471427561446, -0.0010883069965576988, -0.0014288168674313122, -0.0019068893992719607, -0.0025030049804374327, 0.002322131396788296, 0.0043511453815057105, -0.0015670123347514046, -0.024298777188621275, -0.0022120505431069116, -0.03853648100157155, 0.0011229263196025038, -0.03292697339875126, 0.007465240274662206, -0.0065078248501868295, -0.004633826768773464, -0.006077175064223452, 0.012014881184308598, 0.01161338667083341, 0.13999843692281047, -0.08837432516453053, 0.6563179463307489, 1.703733343952246, -0.052975445740287994, -0.3829064868113187, 0.029021276374354643, 0.49240635934677046, 0.7238983962306726, -0.22789400707168364, 0.8052346433173598, 0.16802959689222446, -0.004320366760614712, 0.021213465301195163, 0.010251354683088867, 0.0006740902672996973, -0.00019601591332679666, -0.0006404881818660132, -0.0008895830254007764, -0.0008097245895428875, 0.0002086520772688509, 0.0009197088864246744, 0.0007908341644001248, -0.0011901524934970105, -0.0007018992642409708, -0.00019671253132927911, 0.0004279617335846544, 0.0029566774057001506, -0.010740986412584084, 0.006816208374914669, -0.003901648840241915, 0.011149135171914133, -0.0025766119113311706, 0.02508547116853304, -0.016095596817549972, -0.017772363516722834, 0.008808973707361063, 0.004119359464582491, -0.00674184480976405, 0.008547326450992567, -0.022419967560523068, -0.005501786061449259, 0.0023520154765905303, -0.016890084045385136, 0.009882803773692501, 0.010319291465408652, 0.010478102317028802, -0.0015115654013891343, -0.007758143999801352, 0.005685028694568011, 0.01589853884470038, -0.004557244859027504, 0.00018640047508072138, 0.004778996833441648, -0.00296601292111447, 0.013805150226854065, 0.0026119484627958258, 0.00595776782043325, 0.0008928989720821839, -0.0005195207662616246, -0.06070906637783, -0.03713891595899631, -0.0526292174647743, 0.006687407940302734, 0.0, -0.029028624555263557, 0.018958278468617598, -0.07131083471706726], ""intercept"": -0.00012420800000000328}, {""block_dimensions"": {""A"": 8, ""K"": 288, ""W"": 8}, ""coefficient"": [0.004442637636581309, 0.004391181336772129, -0.026088025841472115, 0.008138153820434072, -0.037676198924136935, 0.07376859492150122, 0.010854631905735487, 0.035289755985683714, -0.04387421277746505, -0.03728410264573886, -0.006845948014778656, -0.022851142243923518, 0.04409194999682385, -0.013379570889195688, 0.0038410217940001326, 0.055726270667837564, -0.021527305151308646, 0.02996166912427913, 0.0010276879631062903, -0.018214883213655483, 0.05308513677237205, -0.05000043229766323, 0.029972324840643893, -0.04579102430255454, -0.4120625030326955, 0.0038150626037597277, 0.474816636997055, -1.1784637669539793, -0.23942168859574606, 0.46155471232919193, 0.0006414428132978381, -0.5285701249210978, -0.37613355516214714, -0.7870107271957308, 0.08779495690353419, -0.48913113644934264, -0.0007426797803802381, -0.0021536190105571162, 0.0009676843752180103, -0.0006630081544604202, -0.0011224029356723343, -0.001930431917207004, -0.0003240601309212651, -0.0015313665867908383, 0.0017507508179131466, 0.00012048955587772271, -0.0013115469442455086, 0.003344214358379531, -0.01227173572624619, 0.0004955734406245471, 0.010968272535032544, 0.0306210609181224, -0.009966664630518122, -0.3057278398665874, -0.3312534631486842, 0.024077056441429833, -0.009405012071258878, -0.013504333002793781, -0.04797132368515958, 0.0010774077436096728, 0.03383229363167255, 0.023137669640213285, 0.009476564460615847, 0.002370941281707233, -0.007081886089931406, -0.026112341404939572, 0.004525212200193594, 0.06417261876853508, -0.05852228602280157, -0.03007691579855323, -0.06445237558446157, 0.05590546065077968, 0.004658676942403752, -0.003140228085471061, 0.01277921690671006, 0.004236008912044704, 0.011738504823775985, -0.01403848015140521, -0.011856632481258239, 0.005231998245369118, -0.020465770396829227, 0.004402587445154484, -0.00511150623986551, 0.015119878631414218, 0.0021858127083854437, 0.0005730235941693832, -0.0006278483251354102, -0.001795133888890193, -0.0005041091023115142, 0.004084500215274416, 0.00031345610475203294, 0.001975204774687054, 0.0038493390319762834, 0.00891919058676752, 0.003902506224508276, 0.007852799985763445, 0.026128183671007284, -0.04468771809815288, 0.002686164463384839, 0.00823156623847937, -0.003683433465638283, -0.03501215147362124, -0.005637749293670118, 0.012581686645690437, 0.0026959024353944852, -0.012304220572409352, 0.0018120676405828844, 0.013080250488280149, -0.012085821329962098, -0.012189288309225476, -0.02439955785080454, -0.009984689331023791, -0.011308895159546096, 0.02130442972632457, 0.040356046350551754, -0.0359932308246359, 0.003531685398315004, 0.0011021673070809987, 0.004772410658307714, 0.03846244840425933, -0.03410934438835418, -0.053880586051775266, -0.02989880247607499, -0.01040042202625489, 0.01686198284479117, -0.027110818232078223, -0.02740653158237235, 0.003377880379206765, 0.036627647334147515, 0.027059740203273185, 0.006030950166840508, 0.017189751098457436, 0.007102811156693518, 0.006945702789073123, -0.0037448645147749393, 0.0003045557101982795, 0.008138726459587636, -0.00285988826623511, -0.007377011967696717, -0.0017017447543200403, -0.004917181351976751, 0.0018428152476297466, 0.013547373959990656, 0.015774104609438674, -0.04907501526090733, 0.0032998081687489814, -0.002286380181602208, 0.0012648331777796553, 0.0020316669247408955, 0.011825154742175265, 0.0013752895492392396, 0.008891441455244585, 0.00043618202147171733, -0.0015984068823980478, -0.0012500043696350046, -0.01402143866995985, 0.00329900955734075, 0.05554254072076689, 0.027983544381296934, 0.05555844549896034, -0.014358367060804355, -0.015310460634912131, -0.018348715619534554, 0.0015863231255342696, -0.008556426137106722, -0.01547915074320894, -0.032886323044553425, -0.004955758228399116, 0.0001694954212526698, -8.39459758274648e-05, -0.00017395549474978113, -0.002188506836361711, -0.0011883449127027166, 0.000591706194176049, 0.0012626587795860587, 0.0010864458935837236, -0.021158085269699683, -0.0018634484477941628, 0.015976015108461403, -0.009417749648111273, 0.001989628094586864, 0.0038241461958429214, -0.001443752885447212, 0.009022695733241543, -0.007269407754391775, 0.020228943718942266, -0.024172410787689398, -0.011377559973412913, -0.02467471726336058, -0.019247618083599122, 0.005376364603528393, 0.001052814260973075, -0.0025209048199712762, 0.002252190363196622, -0.00500396790164088, 0.0010435182784019042, -0.005446458348390782, -5.3250139725703786e-05, 0.0019884359797781763, -0.0010450691767875172, 0.016656353706764073, -0.00239783512253214, -0.004293018565087685, 4.1833497947536744e-05, 0.008920828636144174, -0.04020985611572069, 0.020293966218625416, -0.0171456752130318, 0.005300160465601953, 0.06738146579914549, -0.024982654250026985, 0.021760291867883894, -0.028178225637185438, -0.05441068590592541, 0.02256534672116812, 0.014321239601631865, 0.0011809015527029538, -0.0027980145826762013, 0.00028583598139476, -0.002170147437195138, -0.0005704560495423637, -0.004815164177275993, 0.002024486878146238, 0.004531230027110494, -0.00110090611691366, -0.02405826948416767, -0.010507509655649349, -0.020453095764644696, 0.025584510945448655, -0.004355562256862667, 0.011237070993661918, -0.03641463952971084, -0.0049468426992510285, -0.0038723514038511387, 0.009780695856000315, 0.012777022692574072, 0.43620450063639404, 0.12266350859207349, 1.4944093421660858, -0.31754636880466564, 0.13894298202462133, -0.40300745221012135, -0.007147252953023798, 0.6514742844128972, 0.4454062390942451, 0.8765172663369611, -0.21107978573945468, 0.41937029289965055, 0.005057743505343382, 0.01683299908364279, 0.007806123230567621, 0.003718842497113721, -0.00010875767152786832, 0.0007727287708510014, -0.0010104332840290512, 0.001292151820383167, -0.0010102563384327466, -0.000911619868237832, 0.00023695620675096967, -0.0014200564823512877, 0.00313951334139648, -0.0013552204508462096, -0.0027140235816500856, -0.00030551464078663914, -0.005905323590714775, 0.0023170563889368715, -0.004496365324713318, 0.01958872608965505, -0.00555825058350501, 0.008340899083309525, -0.02470564078009508, 0.005812692204601553, 0.009001541104141749, 0.002352640060004627, -0.002729098667534732, 0.0008291626851558522, -0.008511431858042344, -0.0019811340402066772, 0.0025200823260807578, -0.011534999595760296, 0.011802860777366777, 0.007285178869415369, 0.0016237025298330842, -0.0027835462135942114, 0.004566646348346956, 0.003375352167610716, 0.012143211328892364, -0.019221867007907945, -0.0006726636923040679, 0.004102374343858609, 0.0012370285335650635, 0.01183488188230333, 0.00919784780760973, -0.0006416154543120864, 0.005094619201916128, -0.0008094076137655661, -0.059346701479749076, -0.03837308756232114, -0.052494124651124484, 0.006876945241148653, 0.0, -0.02960625501507582, 0.01897804097431766, -0.07126086259959644], ""intercept"": 0.000191412}, {""block_dimensions"": {""A"": 8, ""K"": 288, ""W"": 8}, ""coefficient"": [-0.005531415168173517, -0.0013699907912376461, -0.021807906294683675, 0.010634275442046124, -0.051112903080032246, 0.05540274997900452, -0.02618253741199051, 0.03435049360242291, -0.036493690439068895, -0.03652869353180022, -0.005948815506060843, 0.0403265932170509, 0.05416997372366659, -0.004493979052826184, 0.041602436710142854, -0.006940557418243717, -0.0224140890019098, 0.02903329472194817, 0.06163769512760963, 0.014450087439698923, -0.004732068434056687, 0.021128076953684023, -0.07551084434742784, -0.04694097370257772, -0.7522762024241545, 0.42259797444638514, 0.13958990350541442, -1.9651945442408847, -0.0028140724595860163, 0.7239449236702582, -0.16394161579276728, -0.5350173852563092, -0.8971467577932629, -0.7644445714195494, -0.20317279176704597, -0.4775877322358753, -0.0008669465631608818, -0.0007327037460034019, 0.0011409090503602052, -0.0011777550066580007, -0.001054450927506713, -0.0013539269266455833, -0.0003311588554459364, -0.0006271700551851885, 0.0020578076226094137, -0.0007124125920439595, 0.00024401572099686455, 0.0012287618631130984, 0.0013644389931538154, 0.003396483581491425, 0.09790764174636464, 0.01922034517419032, -0.035528120040091475, -0.2856190121673054, -0.27502642506115216, 0.03444931476989061, -0.015737146419895914, -0.008336388504715509, -0.1087940555261246, 0.0044970366141253324, 0.009063141644629581, 0.03644037010657926, 0.008884163050869615, 0.0008755902703843217, -0.004077914484649401, -0.03834655619508014, 0.0035232755571117085, 0.038245338397924745, -0.07449988823792054, 0.059152948884189926, -0.025958556177855058, -0.00849514757067385, -0.012826681538732078, -0.007797026276542862, 0.01282596329531925, 0.016051690928602473, 0.015199800482782572, 0.026214743417455992, -0.010744073112145331, 0.004239914680918325, -0.018847840614236187, -0.0056803035561553685, -0.02843793896007654, 0.017563447516954437, 0.0012539357901942977, -0.0015473910576485597, -0.0010494083954735998, 0.0005549966072989753, 0.00035507621146069326, 0.0032550199738570363, -0.0004786292469515102, -2.460197552630917e-05, 0.005135248084973797, 0.008123241358159828, 0.0054731102714551125, 0.008732151021680838, 0.034702706639063635, -0.04514804775952195, 0.004749720705775015, 0.005973440563342495, -0.011315964383287141, -0.03277769684174834, 0.005544413209145431, 0.01016310791884412, 0.003922608846283383, -0.02288171852965438, 0.004914951687022866, 0.009656428865054335, -0.012312057744382477, -0.0038367857500038603, -0.017976513307848, -0.00840439951435134, 5.1927064643476755e-05, 0.006295448172523895, 0.033414750796106965, -0.032705444055671544, 0.004014434205743059, 0.008644861039141511, 0.023237817371862503, 0.014032804969653982, -0.007499928333908903, -0.024247774600548565, -0.02139878039775292, -0.006843631414451526, 0.01866942117324932, -0.05123663641470957, -0.017025679513061134, -0.009381823350127492, 0.02287369584548845, 0.020231790276097877, 0.013892861291341742, -0.012476828231811371, 0.006866259475925313, 0.007382122711607356, -0.005013984153417457, 0.0014958410844196541, 0.009155715104940638, -0.00487769651572362, -0.007575144988307487, -0.0004290144481239764, -0.007814088875625501, 0.010693045278575147, -0.004614073358339358, 0.014954957933954474, -0.04640059664220388, 0.004260029610376314, -0.0014504733667593105, 0.00012931729611025537, 0.002380694236540452, 0.008440316277425119, -0.0007878761073339556, 0.008568908384043885, 0.004214773626016292, -0.0016075139104458015, -0.0018587163952947245, -0.014566520016457831, -0.004802744474009798, 0.003201711287424682, 0.06635957867603429, 0.03139684655592314, -0.012754296209879945, -0.011428583295708067, -0.016582451193940837, 0.00646749914480732, -0.005014267262180977, -0.014185192239222143, -0.03579392215720554, -0.004461391284068093, -0.0003976794807857749, 0.000823743584240648, 0.00037099073676541503, -0.001089233456358018, -0.0021244952059866497, -0.0004496308977354316, -0.0006384401507776824, 0.0007304701243980997, -0.014973886792577589, -0.02093843871839354, 0.01640419709995876, -0.007511788554650789, -0.006059909381578501, 0.007379171900980585, 0.033938322182444, 0.0064730645363375635, -0.009918520362943916, 0.013725666318219042, -0.005023704777056715, -0.0021454149370845163, 0.0008361153797955466, -0.03385483815071913, -0.028428931273169433, -0.0008888559581767705, -0.003293202063430824, -2.2037757829224486e-05, -0.005215809172931498, -0.00010937566663524367, -0.003942151421295123, -0.00010807347654918621, 0.0011159502011727882, -0.0021276234581437794, 0.012081635653200449, -0.012737074707013237, 0.008721699946736357, -0.003160747630798362, 0.004324149866925418, -0.014608349945716238, 0.008245384777900997, -0.06484974584467244, -0.002996189638784616, 0.0905015475513354, 0.01369379166596248, 0.028068995100366353, -0.03140506510842689, -0.07456280436191337, -0.016815012331701098, 0.05832422396604238, 0.0024249085555450396, 0.001233617765196966, 0.00042070246741529577, -0.005655645510697267, -0.00011730398280622355, -0.002883301583037577, 0.0014511522967375894, 0.0006632950730748955, -0.00448917416506216, -0.024259529757239835, -0.03717362316661779, 0.0009071929806800883, 0.02677881510646565, -0.009715652354195591, -0.004463921523608867, -0.03217692661271678, -0.002525366008610232, -0.004390591195916838, 0.0031701652019987003, 0.01153460497960039, 0.8642865190997627, -0.3400206080257323, 2.2839423893799493, 0.027492145021453192, -0.16533035690170414, -0.6759536061809106, 0.13390828127693635, 0.6449174954442246, 0.9516731552305595, 0.9180337188418738, 0.04514608267410884, 0.41987411030264155, 0.008317234472830075, 0.020521999479885148, 0.00403316580492548, 0.002965900937633685, 0.00016786717803191659, 0.00015239871204661697, 0.0007347640187928826, 0.0009376150179930802, -0.0009692503184005073, -0.0021891762110912674, -0.00014596572792118092, -0.0006381206170027091, 0.0023029320798696714, -0.0019997682957929833, -0.0013815984627219941, -6.700995804009308e-05, -0.004409221953101114, 0.0007685614276729284, -0.014458393517297491, 0.007316883268855966, 0.0032557421354315994, 0.021304582640508492, -0.034105711862867254, 0.016604533686439354, 0.007426129618725622, 0.0005034258633271183, -0.0028727947079249367, 0.003701708530789535, 0.001004071848175262, -0.005177646122102935, 0.0018694972936565606, -0.019930732675345633, 0.011633121197857688, 0.016971672111862856, 0.018407923463864464, -0.00230344385633622, -0.003279192914513263, -0.008072973019043602, 0.004040190484059521, -0.014447812408263167, 0.0003480475234293467, -0.00039777639236815264, 0.004222618746190835, 0.009064385843753789, 0.00801610227906521, -0.0006829535242324666, 0.004462349636768972, -0.001475521497737836, -0.061087439157758744, -0.03835065699981375, -0.05617232402895757, 0.012751375189470752, 0.0, -0.027117476264833462, 0.020356161731237596, -0.06489436156797788], ""intercept"": 0.00016905200000000092}]",305,0.0060351417636793974,0.026368514098336043,3a604de324fb150be04724a6acbd8db7ea51b24abc931fa4a127c8ad46fb7d7a,34935783b7e8d894c522bd563056cd083e9a530515e0ebdd1703f8ed1abe75b6,False
VALIDATION_COMMON_SUPPORT,REGISTERED_JOINT_CANDIDATE,METRO_P60_JOINT_STABILITY_c136a3977c495af8bd50b659,J_KWA,FULL_BASIS,0.0,0.0001,0.0807930360765456,0.08079303607654557,0.07992146808418867,0.2827038522627321,0.16507707548035863,0.1973937706094454,0.2827038522627321,0.16507707548035863,0.7709406680359889,0.19739377999642838,"{""block_dimensions"": {""A"": 8, ""K"": 288, ""W"": 8}, ""coefficient"": [-0.0005841980002953346, -0.001704256909861132, -0.013265984277516171, 0.003898141927348445, -0.013583812548248012, 0.040943290562927184, -0.007629347589533361, 0.009398967693428347, -0.008659699488670385, -0.014731053337877643, -0.008117772201998396, -0.005380263942265189, 0.04190919963993303, -0.009703727126801894, 0.022857208026904902, 0.04588224716657076, -0.003976402443776111, 0.030409843805118558, -0.014561317557308615, -0.017641918910448882, 0.02198056259574916, 0.006272384491164947, -0.04774524597308107, -0.02633510420982618, -0.03959958667988337, 0.034343346969878494, -0.01441184507373124, -0.019007492849058748, -0.08349642490131226, 0.05454946655887357, -0.026182435726061118, -0.04985306112253706, -0.03146617355342243, 0.03238681440015412, -0.05441699035139556, 0.03066918192472156, 0.0005657316346676687, 0.0011449294458396012, -0.00046041808051430484, -0.0011385341603044295, -0.0013938410170641349, 0.00012724643982949481, -0.0013492042355416232, -0.001291136743982781, 0.0015992072410441615, -0.004695247705107053, -0.0007410501632803543, 0.0056532955163110955, 0.0001811565695671953, 1.5918984980519415e-05, 0.026020910683026494, 0.05195538536087178, -0.027651719983171504, -0.024989535074646563, 0.024981555583525144, 0.02982599919964706, -0.004270920531554148, -0.0016312958292853752, 0.02627032045547463, -0.002591138371204007, 0.015561126334930548, -0.0027480451336718793, 0.002193403683846874, 0.0011745021354792025, -0.006974844447157877, -0.0350282774715222, 0.002925179894896387, 0.04402274919315006, -0.026161221544912037, -0.04134587943324311, 0.038077653118458066, -0.005209145646193172, -0.010596126995893249, -0.0059736624905769855, 0.018515152524048284, 0.01179298588323987, 0.007945520201965393, 0.012380732861028778, -0.00772370660937338, 0.0037532262646986845, -0.018151830751090264, -0.0007355751996537314, -0.012482013692972705, 0.025311638603019666, -0.0017030296705533563, -0.0020376212368957898, 0.0019528325548335856, 0.00047418804262572105, 0.00030144898351000944, 0.004834527510320444, -0.0009083659407182026, -0.0002826852322356421, 0.004219951686803087, 0.009701646273485917, 0.005740765449701067, 0.0069564158965108895, 0.003339213425223043, -0.014684269404795966, 0.008471253526273557, -0.009168304659029377, -0.006475147249407376, -0.03521519146767737, 0.01593200648207863, 0.016534276647680556, 0.006712863209276025, -0.014850169002724116, 0.004620454142511698, 0.0038570897367213794, -0.00045090265100754284, -0.008754154612585916, -0.010292501930227757, -0.008336363093864782, 0.004004932644126844, 0.008009677779390226, 0.020851174402444286, -0.021539161401451304, 0.005564209706274812, -0.0047218187696889055, 0.008857210427405993, 0.008037061480853471, 0.003109983674979893, -0.001378243485548805, -0.026401337893447757, -0.018556643015688736, 0.009006721697360439, -0.0479029415514139, -0.019429881350117657, -0.029755583798214576, 0.0074259486769841405, 0.02222617073328513, 0.008907241325659789, 0.014829837660766086, 0.008411858927296264, 0.006582983630859489, -0.004666432521890941, 0.0010359792810317092, 0.00849711009971068, -0.005214863280525434, -0.00821041923280323, -0.0021267312056490067, -0.0029745424185791997, 0.004542553996174806, -0.015637206499908116, 0.011850610396671674, -0.02716583259020202, -0.0002905335121870632, 0.0017544696732062987, 0.0021018968296991148, 0.002501455018740459, 0.0008421749128220567, -3.5131424799022835e-05, 0.006702965268307041, 0.0013141030545270184, -0.002557086206287792, -0.0015925265664701717, -0.008847888338823372, -0.00824991003822212, 0.026064066995978828, 0.07784117663900686, 0.008219798711804211, -0.014161553515186893, -0.011200725538676903, -0.018311319385848332, 0.00624808048888084, -0.0015317227076585632, -0.015070980334747193, -0.03532849683370772, -0.007994333584891686, -0.000621240366387399, 0.0008052939902739457, 0.0001300357022211607, -0.0003195727286159322, -0.0023238078011208, 2.2305279540448265e-05, 0.0005422303824405896, -0.0009917136762035352, 0.003044169935771009, 0.00026663603647291865, 0.00832274797007834, -0.013070249639453553, -0.008128588888774078, 0.005933773654140531, 0.06873877623497796, 0.0345874998969941, 0.006569410361668312, 0.0024250016029055167, -0.00025207154359668907, 0.004111281609283494, -0.029104787349588677, -0.034978230808611475, 0.0006507870712454173, -0.0021849549210595605, -0.0034914963422709834, -0.0018762758234403332, -0.0061035904712048745, 0.0008093503240730029, -0.0031639082019341153, -0.0010062029040024312, 0.0019967066434664125, -0.0013100910692675435, 0.013006747038005098, -0.009182672952080317, 0.017041919607655467, 0.001932994134240208, 0.006469779219123216, 0.0066567301721996595, -0.0032789181990158993, -0.009136646547396323, -0.02599495640357587, 0.062282122110332815, 0.020031357939927125, 0.015996417982528068, -0.020414072561685304, -0.05306831081801642, -0.018498934983872006, 0.010725514962362197, 0.0018264008663519786, -0.001388817599350568, 0.0022331001999186207, -0.011780042558515435, -0.0014634284421279513, -0.002533923086896459, 0.002989536386560151, 0.0009767226801369274, -0.004473810829027356, -0.0410972206522237, -0.02997348931084992, 0.005402145203704843, 0.023731846504954843, -0.018819517832079455, -0.0029549373868566404, -0.02014784580110997, -7.818701325633291e-05, -0.0006370898741552625, 0.0025916936180141073, 0.007704249866025035, 0.023106446437810547, 0.011397729612173588, 0.0008382813509696088, -0.017705990960492437, -0.06518157278371106, 0.010811910580874901, -0.020891329788399575, -0.022265424813126575, 0.04122419571295729, 0.07820708082256901, -0.02738140367610553, 0.05507462596475196, 0.009723741443982005, 0.021649140505079212, 0.00427439292558236, 0.0020629647103398738, 0.0009502854507996696, -9.051133849448671e-05, 0.0004251258666836454, 0.0004493912130187003, -0.0012801120322458144, -0.0013025849131658841, -1.4609936392633406e-06, -0.002237073555326288, 0.0015566381478642674, 0.00031816514116068777, -0.0005405808061396632, 1.500868076610999e-05, -0.00021594659720465407, -0.0044504757691813555, 0.004396465927642859, 0.0034117978081641743, -0.008726991020660461, 0.0019369675939104097, -0.0163379573344888, 0.017924770454484176, 0.011209298474576178, 0.0010718174662706524, -0.0038647336878288897, -0.0007673901163179952, -0.004548011888129429, -0.005589146765607879, 0.0006814183983108173, -0.005438859278640501, 0.0055053504377078405, -0.004712768915083676, 0.01523281831808367, -0.0013756801529668902, -0.009168979837241362, 0.009419928307517405, -0.005168148525752208, 0.006379067050519029, -8.79345909785711e-05, 0.0008808008390816086, 0.004017074179815925, 0.009421726133615957, 0.007877426903964521, 0.003423679688579211, 0.0012863293408042155, -0.0007403698608561737, -0.05894852409870537, -0.03685793743655789, -0.05079158000994767, 0.004490688270566626, 0.0, -0.028785310839264524, 0.01799672321947073, -0.07213441900319618], ""intercept"": 0.00017409199999999988}",305,0.00570466962599711,0.025897383775506554,80acb6e02c969d97049ac9088acb156a869dc6af2f67e607803f03031ad78c72,88a5c49c5d7c0e3d47cb4be00bc95e4bb9ce7dfc145a5ace35833e9dcf71cc1c,False
OOF_COMMON_FOLDS_1_3,REGISTERED_JOINT_CANDIDATE,METRO_P60_JOINT_STABILITY_c136a3977c495af8bd50b659,J_KWA,FULL_BASIS,0.0,0.0001,0.0807930360765456,0.080980600629275,0.080980600629275,0.2845709061539408,0.16632737469414524,0.19791165516069853,0.2845709061539408,0.16632737469414524,0.7687041577752338,0.1979117943827714,"[{""block_dimensions"": {""A"": 8, ""K"": 288, ""W"": 8}, ""coefficient"": [-0.004993939398769871, -0.0354198275717634, 0.005366151613124078, 0.01136422856618689, -0.010416005098747814, 0.04632640814038106, 0.0008648614800452939, 0.06326193231331294, -0.009736728229246615, -0.02033693237542361, -0.07109490401578934, -0.009669716238892305, 0.03704429242724357, -0.024416141019525352, -0.033933811734108955, 0.043202772745749844, -0.011943496258068039, 0.003841282166730435, 0.02762828460702119, -0.023086238559771596, 0.03716209146438075, 0.05519256192256288, -0.01549421835455106, -0.0077775792164927185, -0.0339906978206443, 0.0714005702819729, -0.020614279320087914, -0.02510534700057055, -0.010030754732968484, 0.05588831967281761, 0.010438024874100255, -0.06557720284596898, 0.01021532357284085, -0.05378261786654328, 0.0073742748818205785, 0.006338090657925165, -0.0015732778373661336, 0.0008475843792765154, -0.0009113101640343117, -0.0008663291570443468, -0.0005947994822954007, -0.001114017919653368, -0.0011376523781230653, -0.001951121075765784, 0.0037407400522621983, 0.001786380451193527, -0.0001669140736751036, -0.0009027444572708039, -0.010477892374937747, -0.007929555677693097, -0.007294423393755616, -0.020713297547999308, 0.004317347327168973, -0.05875780953352176, -0.04054853411377383, 0.01098367922424088, 0.00519589623551985, -0.020423425606168277, 0.03002064085602179, 0.03765298956517732, -0.010395167994334199, 0.007643343780064871, -0.0037204035074734298, 0.0011782799710548515, 0.005788501006296543, 0.007388836799286646, 0.011930920028766742, 0.026281816439551766, -0.025878393673609366, -0.032966505438876206, 0.0076771626750015785, 0.0035483106484179073, 0.012838412715462504, -0.008677685758778145, 0.005283846538437173, -0.0037366966268140805, -0.0010603510309071624, -0.013136675951629137, -0.0038050458582290204, -0.014415044648452023, 0.0068350736507508895, 0.002240534806314546, 0.017832014760729334, 0.013458437009399166, 0.0009631958231814907, 0.0011602013901208536, 0.00026702174755282475, -0.0014565217401968367, 0.00146803852152058, 0.0030498131558579153, 0.003237112836869117, 0.0017270633748493144, 0.003214356439940022, 0.007772673347962164, 0.007619714569359125, 0.006586072698300925, 0.009563756390187892, -0.018530863614996926, -0.004067368034014834, 0.007251601060790586, 0.006500576920687774, -0.03654639040869539, 0.004252827719462926, -0.021917952577288978, 0.0007153949097642424, 0.015161790039231923, -0.006045941657414188, 0.008324982036340406, -0.0008721119516865259, -0.008763147702096798, 0.03695904836898919, -0.03083989766955282, -0.03203507164736591, 0.015232716382758095, -0.003818716282949877, -0.044161176613164044, 0.0006745710972893521, -0.014753366031582968, -0.003912665192725219, 0.05695706005928495, -0.022551681838017985, -0.03014728229212045, -0.0169631012185529, -0.019774268328955177, 0.013043892664553313, -0.003711806645510446, 0.0003069260622199934, 0.04518312935728713, 0.009793723110953704, -0.010034760838965972, 0.005191074441781068, 0.011329529588698421, -0.003516941393348531, 0.008448534714700839, 0.0022456252650651662, 0.007950102921098209, 0.008298888524478895, -0.005338136540653227, -0.0041004581236425775, -3.737005134821313e-05, -0.007581969645503263, 0.021785103224754535, 0.0031028893386614723, 0.007101707690686482, -0.06472093483658782, 0.010093896014292652, 0.0025359375927352422, 0.0002997888848171124, -0.0021012901899979133, -0.006660506755641102, 0.009731775471137188, -0.008590256493454376, 0.003723247385615726, -0.001793010392696897, -0.0013738166733706706, 0.0064213495656994446, -0.03636827124618428, 0.12516123265545298, 0.0006608384615898168, 0.01793748891443724, -0.0209961079641775, -0.02858742613628126, -0.010813920991917433, 0.007492772274722864, -0.01909589952208531, -0.005234614838537019, -0.008804260519878591, -0.018134176239791588, -0.0005903470705513313, 0.001136378889568063, 0.0007108915438515484, 0.000641535128679437, -0.0007176635428973077, -0.0006073895972968745, 0.00044664550667588356, 0.0003095185748428384, -0.013537277596241643, -7.08053665650759e-05, 0.007207154976372833, 0.008442134612737767, 0.016582890006781714, -0.0252167888937469, -0.022250085395415713, 0.04252495146558255, -0.004544605883082072, 0.020463541290292146, -0.011191520684998617, -0.0005955925067503824, -0.002232854311940624, -0.027596148585854043, -0.02734315788769466, -0.009128724548383984, -0.0025189430898683004, -0.005939058088488774, 0.0012542871390677673, 0.0014911226880467959, -0.00578517790114077, 0.0010450107000986163, 0.003901954707333385, 0.0006796407804215702, 0.012555563512850431, -0.006008235248655142, 0.00876607313868945, 0.0004008356657522933, -0.015122380620573398, 0.039068584603329355, -0.03154729826377007, -0.018488822152432534, 0.020582097127762457, 0.03195934880896269, -0.002716674993755127, 0.034782581137121855, -0.004669277907410518, -0.029805229877038816, -0.027404337933350988, 0.013669684161209903, -0.0012312838402277328, -0.0011673558622674691, -0.0011077159411653967, -0.001410612476813765, -0.0022149939904062554, -0.0025503644288053977, 0.0017489012533484852, 0.004176636690298643, -0.001764597079323976, -0.022310657377816075, -0.001952136205761692, -0.03628223508433947, -5.76553050168259e-07, -0.03402864344846513, 0.006207302550847698, -0.00832085192606036, -0.004367749843666457, -0.00620375003304127, 0.011649569612368394, 0.011405209865105594, -0.009604464312278092, 0.05275715866437241, -0.01676430566741759, -0.015454779974254481, -0.0041491585970312396, 0.019999472410273344, 0.00744085343413985, -0.013223598503809483, 0.0668588752709259, -0.05213683751222722, 0.06831513272782565, 0.023750619452105354, -0.004078497609985554, 0.020731489718201532, 0.010851912495551022, 0.0008584950587152446, -0.00019196798722366832, -0.0007094907599753064, -0.0008653664534885849, -0.00077193850460972, 0.000207402169829978, 0.0009370647950008148, 0.0006764292531991359, -0.0009830615942530631, -0.0007573121602278832, -0.0001624441995578197, 0.00023518501995383834, 0.002647689921886311, -0.010951537546549494, 0.006745646865482932, -0.0032269840245254125, 0.011557723459597989, -0.0024051714849789856, 0.024962146353794325, -0.01679516253450244, -0.01829292050979385, 0.00921306557129596, 0.003870545726576867, -0.006323956693306117, 0.008588413997611422, -0.020645884166527406, -0.005185518662623269, 0.0022004607471109495, -0.016174111849630902, 0.010586454672603088, 0.00947812326176755, 0.010483565227965225, -0.0014469396776773838, -0.006690216110299838, 0.005396316625945688, 0.014182067059511676, -0.006335536879081127, 0.0001760908694120882, 0.004764716352091083, -0.0031525262115730405, 0.01380089806233426, 0.002615407794487769, 0.00599823783392755, 0.000806678250241428, -0.0004894633616408536, -0.059900684729855325, -0.037073954860277335, -0.05141953485221555, 0.004895145975256065, 0.0, -0.029514263504412785, 0.0183667929373005, -0.07276248083488053], ""intercept"": -0.00012420800000000328}, {""block_dimensions"": {""A"": 8, ""K"": 288, ""W"": 8}, ""coefficient"": [0.001953763314922997, 0.0006613432440291113, -0.024560902828893536, 0.011377608831234664, -0.03387342323420133, 0.06896294260317927, 0.01224458267759488, 0.03412594357013384, -0.03895081251701792, -0.029564025238188626, -0.009008268846410584, -0.02410312602511046, 0.039428646128476796, -0.011350632706505463, -0.008162148855230702, 0.0403742671199384, -0.02775956302718938, 0.028210351500751227, -0.0019031822537340882, -0.010891420311888991, 0.042541448555717426, -0.034055183768886804, 0.0232249803431849, -0.036000219452492356, -0.03445355769460266, 0.027802987941336264, -0.0009205348218156971, -0.008710616644386182, -0.040063755928591585, 0.04618587838244182, 0.006132790027127508, 0.0038939130495128475, -0.003493185046177711, -0.03058879987555174, -0.022921387646819606, -0.059813253210152, -0.000694800473833317, -0.0021492398005216458, 0.000996861254693179, -0.0006301021024759842, -0.00108374283244761, -0.001786710494846547, -0.00033417733619412436, -0.0015413587247981775, 0.0019427232551085985, -0.00014950244742530287, -0.00134772439650318, 0.0033967373821724564, -0.015464996297148101, 0.0005631274235971052, -0.014769721397187583, 0.04252062141234285, -0.012625354300050684, -0.05611375046054895, -0.011202555725062662, 0.01959955033740238, -0.008760730856970189, -0.01201618584273114, 0.019488091763434457, 0.010912582051784366, 0.026967154331731365, 0.014319445334991483, 0.007990763209137575, 0.0025146961288855484, -0.006733990946559992, -0.014106215362860433, -0.0033382969083908857, 0.047213144349802096, -0.04129763483797489, -0.02423267601036752, -0.04874127026933516, 0.044328355381821796, 0.0029059996896080758, -0.002215839328806456, 0.012221958740358677, 0.003911967533246676, 0.009436916679315045, -0.011117861237339806, -0.011240897807715698, 0.003610255027450593, -0.019507582689711474, 0.0031273017085925773, -0.005361727443281933, 0.017266738888857967, 0.002126597373512258, 0.0004609913428632629, -0.0007695378396661248, -0.001917777316157332, -0.00022991910935191788, 0.004001099164329008, 0.00027908004663301924, 0.0018248114089883737, 0.003908853062447961, 0.009103606840632649, 0.003867501456314838, 0.007955935609956843, 0.010321557209806351, -0.020331194409169057, -0.009356071371608442, 0.006536680186980754, -0.004903285922239509, -0.032752987456917, 0.002064812744196487, 0.011946430172483119, 0.0034909128173705073, -0.0076878375954748, 0.0005277212920390005, 0.01160349367586405, -0.008974591731600205, -0.013265141888402948, -0.02217006781491519, -0.0033131358847380186, -0.012988786739471214, 0.025797322072428516, 0.033334113354678147, -0.031676380423915663, 6.375929095349304e-05, -0.0038832332363964083, 0.0016934531013800885, 0.03364620270632228, -0.036818604148254344, -0.03841336662118619, -0.019465060047849456, -0.014655035043880152, 0.015209630575457968, -0.02571258359583791, -0.025434596973130507, 0.003126790100077709, 0.034063796302084726, 0.028348833717382785, 0.002952706707963728, 0.013873330527713472, 0.006983954320208132, 0.007112649929675647, -0.0029092552012118795, 0.00037947172302577265, 0.008569678451001183, -0.003925251384748379, -0.008433852730090764, -0.0017755710641069163, -0.0027720795535126986, 0.004819314288444528, 0.010316260904529445, 0.015079749827785694, -0.04776527090753124, 0.0029905040328110613, -0.00189238431484695, 0.0010430154467815686, 0.0020903303285496923, 0.01148297632130393, 0.001421686789627885, 0.009193381237146313, 0.0006878391872151146, -0.0013991590883511075, -0.0014119695795980097, -0.013144482034518151, -0.013934130619033192, 0.0683242357655191, 0.02865990169822466, 0.04816985201802293, -0.013845145862120718, -0.015088151573368899, -0.01674298447810052, -0.004148079217082524, -0.008397752675631896, -0.015737336042875246, -0.033298755840678415, -0.003917871632318081, 0.00037520326429343, -0.00019545934476625674, 0.00015156091778537162, -0.0022489507454255043, -0.001199428099377409, 0.00034186653165974343, 0.0011715160393111995, 0.0011986709530761742, -0.017890970145828265, -0.0018399441366772403, 0.015389794647113545, -0.008286484781079552, -0.00137231910258947, 0.0022089710265696, -0.0020904513645930603, 0.0019225685279869416, -0.0022107686519154744, 0.015754478651729957, -0.021505598163252086, -0.009393776045477935, -0.02283524791669272, -0.0186105919346987, 0.010557839810283286, -0.0018490840376226907, -0.0025592859663725108, 0.0022731629064484072, -0.005207366383424459, 0.0008917736185382469, -0.005538992463544445, -0.00011255144513129791, 0.001654304292739924, -0.0008636079043204293, 0.018987742062938573, 0.0007875352316425432, -0.007801405068741321, -0.0023651220913355176, 0.011191551851452862, -0.02991662562102687, 0.010672093245792009, -0.0031289019737782897, 0.00046522063896077505, 0.04285415220693945, -0.013266166440303323, 0.010570097067553052, -0.01735239609286802, -0.03171777538524442, 0.011203171862715206, 0.001201636101571306, 0.0012442572711995113, -0.0022139476735022093, 0.0005826443440413562, -0.0021650571173947517, -0.0007011237518634752, -0.0048957701195828296, 0.0015219917190667821, 0.004307680346460766, -0.0015810335333081656, -0.024056325126185933, -0.011017485408025019, -0.01966641472687844, 0.023295564994401458, -0.008445428471460268, 0.011657860660302631, -0.03478767559508578, -0.003996004368056157, -0.0041517984915115215, 0.009621634656617294, 0.012836597924603422, 0.004686163247021476, 0.03567234962684256, 0.0016722345582981003, -0.011410724384453329, -0.009443088076727689, 0.007594565732585888, 0.014258047691241315, 0.05999196827670509, 0.034304528071244844, 0.04792749598695547, -0.027569550709815836, -0.013808280392533987, 0.004407062578875506, 0.016243922891298206, 0.008207758116572369, 0.0038549572248839543, -0.00010490449047459906, 0.0006960647646137215, -0.000994484944933714, 0.0013058613502634961, -0.0009140355900946155, -0.0009078815783362346, 0.00011129690217997215, -0.0013486619122944957, 0.002960516028788376, -0.0013029023353975772, -0.0025842910814890345, -0.0007140326831902613, -0.005500798195662256, 0.0025277934307577216, -0.0036709094740855373, 0.019525043365180402, -0.0063952297272234365, 0.008403829530001452, -0.025750965287271464, 0.006172852836525496, 0.00891694918209146, 0.0028281722036181092, -0.0015811344647803168, -0.0003449553077356055, -0.007751774264275982, -0.0016669717957508929, 0.0025099147943683617, -0.010938223254578815, 0.012866153553240271, 0.006727791324695675, 0.0024195823544495027, -0.002831675266965325, 0.004330734241306472, 0.003180813786943853, 0.010831304030693026, -0.020278566351624488, -0.0006534049219289887, 0.0040677246786793, 0.0012299611511967143, 0.012094515611560374, 0.009429745289156742, -0.0005003098306773062, 0.00510618144028963, -0.0007880696936344428, -0.059570148987182596, -0.037086102434835774, -0.05128529035186465, 0.004869215104266676, 0.0, -0.029313954529939835, 0.018264398597903925, -0.07286078002423868], ""intercept"": 0.000191412}, {""block_dimensions"": {""A"": 8, ""K"": 288, ""W"": 8}, ""coefficient"": [-0.004731273739303717, -0.002488133900866735, -0.022729508388536483, 0.011152020311481234, -0.043278836131189456, 0.05627240536167924, -0.019004830804009342, 0.030021065805149367, -0.030474368120023153, -0.02969927910033442, -0.005393719849582005, 0.030899307486098683, 0.04048984652883588, -0.005776587919197627, 0.014707206121298897, -0.0162747495023086, -0.021704115149812908, 0.024228295633534, 0.04064148420282885, 0.021843555738293424, -0.008630876736507741, 0.01621989708043728, -0.04964807586348125, -0.031005666661345764, -0.04944736251815158, 0.037354427618517254, -0.009366263924405033, -0.019731865017600353, -0.048085745705875656, 0.05736672932924842, -0.017917498280824874, -0.007207019193119451, -0.045885058761896774, -0.014262632519334116, -0.048388252460148315, -0.05772824493961423, -0.0008481264933123817, -0.0007471355545234155, 0.0011630553706950724, -0.0011879849467865584, -0.0010039813073380347, -0.0012374610104953897, -0.0003314372972603957, -0.000665899928448413, 0.0019149697725818282, -0.0012291823871003564, 0.00021251459468057352, 0.001857691742621481, -0.0016060192148642657, 0.0036998162563317677, 0.020539416846001173, 0.05278142590777602, -0.029838880678615155, -0.035278175196923965, 0.014967575167567776, 0.027538980859264327, -0.016398419093106045, -0.004256571492606391, 0.04752968554821178, 0.014023970294560721, 0.009452533797936686, 0.02235480246254815, 0.008137536794909144, 0.0010166113492284551, -0.00441187044677289, -0.020966342611283575, -0.0064528689968462805, 0.037395555124316464, -0.04947824261946278, 0.04434978116497588, -0.025936349694630063, -0.012793756247834877, -0.011553978274791822, -0.006161608222081705, 0.01146687185024512, 0.012047403540861205, 0.011825382780593465, 0.023357288549613865, -0.009932833553579823, 0.0031781629583089574, -0.015843125006165346, -0.007027083018295418, -0.02380212119968545, 0.019865017190959323, 0.00119407915527142, -0.0016250881893585276, -0.0012406909983548947, 0.0005054742141717643, 0.0006094079967245384, 0.0033616263484404986, -0.0003877698717755351, -7.806405626022984e-05, 0.005306675243362875, 0.008401700566203334, 0.005208239559418026, 0.008960417164975868, 0.014048988428265127, -0.02405804835203477, -0.00043964663318019374, -0.0017141171917566642, -0.010492340006538394, -0.029580674452772262, 0.010847971280884766, 0.009365678391863303, 0.007035410216055985, -0.01822346311492165, 0.006620472231724239, 0.008605381125804171, -0.005689928784965216, -0.006973936770145186, -0.015904115574826953, -0.004675833059547809, -0.003916153449313809, 0.011096365653669178, 0.029551326134730632, -0.030806333729312, 0.0008751928621330862, 0.001801532975124455, 0.01641982467436955, 0.013727060074388045, -0.011097182248297165, -0.013690323474890256, -0.019677019220421716, -0.011715983660895494, 0.018439569281880397, -0.04736536148893325, -0.0149123793446776, -0.009552283774014937, 0.021627162977854355, 0.023019047957502124, 0.00932534948285065, -0.013709543058284045, 0.006574208819330778, 0.0069459421379516875, -0.003936316606326798, 0.001496390695067887, 0.009371272735022855, -0.0057323773338690785, -0.008577384247295063, -0.0005668396066709454, -0.005069526323898751, 0.007700526910051544, -0.002066625382692405, 0.014994782449387003, -0.04454637203520439, 0.0035375207531126397, -0.001019878261161297, -3.726152592493501e-05, 0.002463789512572517, 0.008247880603750266, -0.00043560839992044803, 0.008170249072895068, 0.004510522762273221, -0.0013754344265116249, -0.002009312016147427, -0.013599232905617322, -0.02130139340757803, 0.01961024473362971, 0.04544092351517349, 0.026069149332972677, -0.013570753882337326, -0.012036209093295551, -0.015663593254291897, 0.0016923452606664433, -0.006245104660911669, -0.013532869517840745, -0.035984111116635145, -0.0033235888929442517, -0.0003247772612284687, 0.000652298542431001, 0.000765552096594454, -0.001194622338992177, -0.0021830044690022946, -0.0007467740766029951, -0.0006811718997983336, 0.0006376682430177117, -0.012063117362749412, -0.018280843502666254, 0.015427544535166277, -0.006746188257261042, -0.00675579074791038, 0.005234871927171915, 0.022193309167013193, 0.003949101157911359, -0.006180064289204815, 0.010765065614734396, -0.003555477730768609, -0.0033431135778417462, 0.004658474327592947, -0.03296223540976353, -0.025882849041799175, 0.0006406190041374404, -0.00324103887675713, -8.761709707634067e-05, -0.00536167824684524, -0.0003691147230128406, -0.00413423610471988, -7.74573093337411e-05, 0.0008266349876005936, -0.002069362197171821, 0.014994419147683768, -0.015369352433595692, 0.011143274501157477, -0.0033889223679051637, 0.007898777015254394, -0.004284660859924611, 0.005601643387201145, -0.026138335278757047, -0.013390296707194594, 0.05771928260398778, 0.013735956480178143, 0.00900852268472047, -0.013262060750421882, -0.0441443094464185, -0.01708076326292626, 0.021954954404374897, 0.002130168615553723, 0.0003503700658666416, 0.00042501584161802207, -0.006402349902344748, -0.0006155155170212994, -0.0021653159676313215, 0.0012913994378674998, 0.0006449447173425451, -0.004505967314672691, -0.024938596291674345, -0.03694561676305955, 0.000995777492841987, 0.025133120363435537, -0.011556884352223105, -0.0034803668182720525, -0.032813536479512115, -0.0011450014074079972, -0.003912316520435625, 0.004199178269221114, 0.01250843303083691, 0.022508785162270645, 0.010990422729966925, 0.002567020042565696, -0.008162430373049616, -0.03559093900893967, 0.0030934667281698014, 0.006790797396011311, 0.054098456387131386, 0.0405030022686836, 0.06591299574262263, -0.023191540586368777, -0.007423545769348143, 0.007089220954564742, 0.019072532140843895, 0.004436466650788923, 0.0031985495602445658, 0.00013092891265810408, 0.00020180008629006816, 0.0006797943574481226, 0.0009048058929507679, -0.0009713673452466651, -0.002149441166053722, -0.000257851356730865, -0.0006077853129492444, 0.0022119573663274025, -0.0019141044021305164, -0.0011348211734457008, -0.0005074350406458609, -0.0032311328138749772, 0.001396367613436559, -0.0146869651083404, 0.0076200573737824455, 0.00399509078948225, 0.01959962007584758, -0.034027489673997935, 0.015351565306734033, 0.006815178098937239, 0.0014247483181382978, -0.001637108104312173, 0.00266217701164899, -0.0008614853794330795, -0.004601579931814913, 0.0017583098722765468, -0.018470335066236018, 0.012984138754361331, 0.014710340816812365, 0.017376123024742222, -0.002287705005509786, -0.002678114867090202, -0.004695893100054294, 0.003446842145270314, -0.01604380111586545, 0.00035044637111676864, -0.000492525454616314, 0.004169366219826951, 0.00920899311966602, 0.008126203439497824, -0.0006586464621760663, 0.0045123876041531395, -0.0014979760164046774, -0.05887523421956737, -0.037001810403241235, -0.050725705783218014, 0.0040919041018676935, 0.0, -0.02864252066610523, 0.01776416058623541, -0.07159746783669128], ""intercept"": 0.00016905200000000092}]",305,0.005953008382174275,0.02630855065895664,3a604de324fb150be04724a6acbd8db7ea51b24abc931fa4a127c8ad46fb7d7a,879c9b768b4b578dac6ac7fdad831ed031b05cbca50ed1382c53f6c9600bd492,False
VALIDATION_COMMON_SUPPORT,REGISTERED_JOINT_CANDIDATE,METRO_P60_JOINT_STABILITY_019ff94d6c554a35079775e3,J_KWA,FULL_BASIS,0.0,0.001,0.08072770891554987,0.08072770891554988,0.07989534084594851,0.2826576389308248,0.16488650445841324,0.19765615172769802,0.2826576389308248,0.16488650445841324,0.771015550140645,0.19765616111161222,"{""block_dimensions"": {""A"": 8, ""K"": 288, ""W"": 8}, ""coefficient"": [-0.003303861674381666, 0.00043672374757290535, -0.01159506505622092, 0.0044363921406870505, -0.004991883486928665, 0.019112454503428574, -0.0038562666557521337, 0.008861896867378052, -0.005532327658353177, -0.0027875534118284428, -0.00619896622330496, -0.001404382364363069, 0.029333692670186463, -0.002402465670567028, 0.005576449420715167, 0.009862767193089077, 0.0006264122735277857, 0.016195688156568567, -0.010719482238840505, -0.005119521811468481, 0.007555422932641985, 0.00248595624163106, -0.012356032795088215, -0.0062012704209448415, -0.004523938902522353, 0.009173771880858314, -0.013106549540951414, -0.004110328150772953, -0.018897548083125135, 0.010350369330512133, 0.003130321526114484, -0.009312070445306946, -0.00030100172213811066, 0.010799256579747542, -0.01168489709141316, 0.006919727523893903, 0.000587129755407535, 0.001150916659874431, -0.0004259002314561273, -0.0011687617893397378, -0.0014170390006201484, 0.00015235492462434876, -0.001295467385344005, -0.001299086132569645, 0.0012070938480538958, -0.00440345391750888, -0.0007026110946666082, 0.0056783538069019234, -7.468394755393282e-05, 0.0003646470223411388, 0.00012127888385876232, 0.013459335119500739, -0.008807633985651927, -0.010058360459867242, 0.0010556384418391998, 0.0174836157999925, -0.005539300714486414, 0.003304922071841547, 0.009485175069631587, -0.0010600142033278782, 0.0014940567064613188, -0.003839011725933077, 0.0022238880382779427, 0.001248385896349915, -0.004045479959417652, -0.004549509075276121, -0.0006705140038000647, 0.013021693978021207, -0.01344337912658967, -0.00848932085309738, 0.011665106036222284, -0.0040591976298242505, -0.006838129497668056, -0.004633000223794593, 0.016131042467343214, 0.003248968552658553, 0.002549331437175792, 0.006073271396882058, -0.003000866841961623, 0.0024328834685641335, -0.008327964263663914, -0.0016111095007791869, -0.005642469387018591, 0.019175042138979487, -0.001763275776620461, -0.0020685658054751476, 0.001787147824927006, 0.00042985375061549967, 0.0007528632838872972, 0.004555458241893597, -0.0006806595504913142, -0.00032636810329539427, 0.004449568151906802, 0.010102065244814435, 0.005746200160495285, 0.00743443371964136, -0.00574237568897927, -0.008831265265690233, 0.006171813082926387, -0.004604166085742131, -0.005745829027143032, -0.02930109116134478, 0.015069257567714925, 0.013575505055479772, 0.005018614714064259, -0.014006333526124518, 0.0053848811979823425, 0.0027216648806098463, 0.0024162561558963547, -0.003944605043628769, -0.007202095275851968, 0.002916618312475751, 0.0006483530784609872, 0.001761121024713322, 0.011318370532442357, -0.012974705464561373, 0.0012354753095676803, -0.00765706715982683, 0.005462934901695742, 0.0051606635283988, -0.00057802448620529, 0.00024155037503679493, -0.010150783525447366, -0.011125288823110903, 0.004628862692675409, -0.03165320996069113, -0.013418233537881756, -0.02156963814629972, 0.004595014089773858, 0.019242885748388824, 0.0062017288971987754, 0.014935963369035824, 0.008348134231391668, 0.006051755739960033, -0.003324216257778896, 0.0010882667036030925, 0.008181835839305299, -0.005858481650632252, -0.00882849457444541, -0.002460562734860617, -0.0020459496595887964, 0.0016428456675629058, -0.012790193617915143, 0.00998542528318514, -0.02246872448245203, 0.00024002921108850193, 0.002487876823405146, 0.0023643826607151266, 0.0024849262650620428, 0.0002478090008373488, 0.0011921940748367238, 0.005042533425317356, 0.0018663750012601903, -0.002447560537291648, -0.0015593272101882716, -0.006866895415633596, -0.0073191257479555474, 0.011566848491574779, 0.02224476361131691, 0.003131298954820503, -0.014218539478420904, -0.010437483468397181, -0.017281532643343218, 0.003873060630190163, -0.0025707706899811148, -0.015278561768163485, -0.03114766024747487, -0.008627132028170295, -0.0005613752886690275, 0.0008271195795063753, 0.0003636491412002188, -0.00013400434979987845, -0.002316570107586738, -4.2770688937297726e-05, 0.0007073697887156317, -0.0012482598351878068, 0.003368569669657232, -0.00042515922997197466, 0.005719415079870161, -0.007245066616303574, -0.008647677750154894, 0.005933648531446795, 0.01815096495071138, 0.009944929422768221, 0.004927425134035942, 0.0012841067351746789, 0.0007121769973048478, 0.002992197875360285, -0.02063304595791102, -0.0257649222656596, -0.0003785007278473144, -0.0005853410181277874, -0.0033282179500246267, -0.001962175613988016, -0.006310298754046073, 0.0005524093179199411, -0.003605093566709877, -0.0011587744416608511, 0.0018415474035397064, -0.0012651201300672796, 0.01412455806227698, -0.008884221849109265, 0.016714083497718576, -8.814457245793982e-05, 0.004270797853534457, 0.00743355116471735, -0.0030008118858145154, 0.0025124869372299447, -0.019588172431390955, 0.018884321890981902, 0.007277638554909224, 0.006620152361043271, -0.007821248667626901, -0.013840164211513848, -0.010484758478281148, -0.0005954326720925334, 0.002019631261915402, -0.00146197669379386, 0.0018283803472818841, -0.011635837728305523, -0.0017224687462536724, -0.002311498597920211, 0.002967379964656177, 0.0008096012251475205, -0.004298366548752482, -0.0316070537398497, -0.02081827214337787, 0.004809419420952425, 0.018119485811036104, -0.012464245491375956, -0.0037909697668807316, -0.018446984126530508, 0.00022030812279012402, -4.5321784135826896e-05, 0.0025959346651735255, 0.007916321765829085, 0.0029477829949339503, 0.006454493329377719, -0.00196212223600767, -0.012912680757191835, -0.01550225449532067, 0.005271275693126376, 0.004230314426065833, -0.005997884701590311, 0.007564466966842756, 0.01628496909469834, -0.008113110914292912, 0.009149782249173982, 0.00902089399365133, 0.020349745054978375, 0.0054309725806480115, 0.002179174599648555, 0.0008665190460088195, -1.4652379028229378e-05, 0.00036797632915348767, 0.00046295115328062796, -0.0012880591314325509, -0.0013409728427898888, -8.39593136094165e-05, -0.002322962549768892, 0.0014090198022606536, 0.0005764467675355581, -0.0002572562044802599, -0.00010271755171686398, 0.0015071834896640012, -0.0018837520464044227, 0.0043012567142800846, 0.002424038019132112, -0.006833705235547998, 0.0006480231674283724, -0.01200386429006664, 0.009819480277801725, 0.008951738889770428, 0.0014783536962509828, -0.003791334346951777, 0.0006807697694428778, -0.0007434328598089052, -0.0040995718275737576, 0.0005569893113296267, -0.0037276066048150796, 0.0035207304680133045, -0.003342107103572122, 0.012342058062951338, -0.0013546313111624322, -0.007253611188261795, 0.004382442064782775, -0.003937373038103114, 0.004910076797362611, -0.00012344164274646533, 0.0008636118416821729, 0.003575793914389221, 0.008896004170573367, 0.007425358197643418, 0.003020059379811703, 0.001292528856162307, -0.0007331234751186399, -0.058817590848913116, -0.036794559798644356, -0.050702592609080006, 0.004556980839654269, 0.0, -0.028697269752651175, 0.01796363801535732, -0.07210490466850548], ""intercept"": 0.00017409199999999988}",305,0.005626166005192801,0.025816068856044865,80acb6e02c969d97049ac9088acb156a869dc6af2f67e607803f03031ad78c72,a3e8a178c773401be87bbec877be478b275078a26dfe6f853b93fe2a59b6d1b4,False
OOF_COMMON_FOLDS_1_3,REGISTERED_JOINT_CANDIDATE,METRO_P60_JOINT_STABILITY_019ff94d6c554a35079775e3,J_KWA,FULL_BASIS,0.0,0.001,0.08072770891554987,0.08092101184841023,0.08092101184841023,0.2844661875309792,0.16601795139255737,0.1985018640038464,0.2844661875309792,0.16601795139255737,0.7688743545526121,0.198502003123474,"[{""block_dimensions"": {""A"": 8, ""K"": 288, ""W"": 8}, ""coefficient"": [-0.006003059515019509, -0.025010089618631565, 0.002167826116552297, 0.006799606231540535, -0.008668375591692134, 0.02040792540250395, 0.005445420427391057, 0.043168095261691644, -0.012699111701201958, -0.0058949705733932056, -0.037436276300619464, -0.011389061459400667, 0.023607496819419815, -0.011335856823384633, 0.0017982889292796197, 0.025853947644289457, 0.0011809670828544158, 0.013311171469920325, 0.008806774874113372, -0.008494321893303063, 0.010209929919815612, 0.025575189023790145, -0.009981035828567113, -0.004615035419457196, -0.005973607644184136, 0.0283388746659927, -0.014695311870644207, -0.014072943639980373, 0.006857594246231039, 0.008639406661396013, 0.01033085733848733, -0.01658191947858157, 0.01149416396717894, -0.014429589878300427, 0.010413955047794318, -0.0003635625975371781, -0.0014698724070473983, 0.0008082771651435628, -0.0008629051535827569, -0.0008440393973494609, -0.0006105744666064276, -0.0010747123965180656, -0.001120038112610169, -0.00187307864763722, 0.0037231416079444293, 0.001253530338499705, -0.00035383623655108027, -0.00026193412680567855, -0.00730948238277209, -0.005783225593802147, -0.008876270165280278, 0.00804870039945756, 0.004158290697513672, -0.015435573972763763, -0.014533018619683667, 0.006253311807595897, 0.002121421188563016, -0.006226544221663944, 0.006870795817313093, 0.02185671896290846, -0.007020917910546408, 0.0010130069068386956, -0.001266758924148412, 0.0010422237570564708, 0.004769434195331362, 0.01002161576436822, 0.0012933022311403008, 0.006233176697876566, -0.007080737873202263, -0.012990459393415591, 0.009616441956436584, -0.005101745628938442, 0.009950594224153314, -0.006991058030791727, 0.0056729777828628414, 0.0012731597137952799, -0.0010317024520299358, -0.007736698875826312, -0.0016323586509619657, -0.010164988954309721, 0.0036196479744383873, -0.003592235558712101, 0.011185471609209196, 0.009819117534410417, 0.0006192617545414802, 0.0011891733047696682, 0.0001596110469899351, -0.0015404851148403714, 0.002217842552804081, 0.003120771138859297, 0.0027811238666332564, 0.001833566158375855, 0.003771387275217882, 0.008250643612306756, 0.008116056201875603, 0.006774393278334924, -0.0015772556954577286, -0.0020402603724863646, -0.0019621891091904735, 0.006859202284737477, 0.006540356964434192, -0.030705919186307613, 0.003687439509515114, -0.01332177827815581, 0.0017805159867981854, 0.006890922063781839, -0.006677368054414583, 0.007040724086351427, 0.002334927705801523, -0.0037774203552330124, 0.021965813666364308, -0.02098983547503408, -0.02247771505602333, 0.004847525134675388, -0.00019024810916034267, -0.023251575467598113, 0.003637851238805801, -0.0068583494519131975, -0.0016041356303169777, 0.016868986752198542, -0.019061171347097474, -0.007001061414248629, -0.007034571178587975, -0.015567457826102048, 0.010018759801720832, -0.0049723917584274325, -0.0020718104103520157, 0.028688219195062654, 0.005038333104917681, -0.006765065643512145, 0.000940108683669992, 0.005091989909438131, -0.003257474952585259, 0.008695002590220172, 0.0022910790484748263, 0.007633097537355349, 0.00810289442835122, -0.006753637235925097, -0.005738283827226915, -0.00026325873093245946, -0.006010127216203369, 0.01793626198802244, 0.0020009686694681394, 0.006767470204727849, -0.04600045844591095, 0.0063121719154726865, 0.004062930525900981, 0.0009870818207334288, -0.0022331794877999125, -0.006185895596263452, 0.006752772706455591, -0.007190992472480678, 0.003607989662169277, -0.0013921609703983358, -0.001223589187056424, 0.0063303912578364175, -0.02427104522315321, 0.05504492527249545, 0.0021535378954919793, 0.00921507759585795, -0.018684901051250508, -0.027323058171890777, -0.008837178424193955, 0.0020802588351852033, -0.014537780414006597, -0.0055901764357104405, -0.0106162926995774, -0.016580276881661277, -0.0001173777071018896, 0.0010979878939688151, 0.0006260982065373978, 0.0002501225514427672, -0.0011658424315609877, -0.0006939855917387479, 0.00038373873036414075, 0.0009393002484633496, -0.007190023556076517, 0.003203897806798495, 0.006467060835692893, 0.0023931457862823827, 0.013820998801496925, -0.020425162017360887, -0.005840104603043879, 0.01162240809557631, -0.003013548405170746, 0.012305426328343404, -0.008746375239050863, -0.0007156989361105651, -0.001240903965840284, -0.01907295696453722, -0.021572218782784258, -0.007822586981716678, -0.002471975274346949, -0.006315724299457275, 0.0008370689865898596, 0.001315476079771126, -0.0055626729719669135, 0.0009739693642957632, 0.003402729885216385, 0.0008176705794207843, 0.014667655933273288, -0.002734703253129471, 0.005154413561917134, -0.0006089267294581554, -0.013877951022010193, 0.020550756693464935, -0.012840738933797011, -0.00020317922352652363, 0.007411952087061869, 0.012489659076321385, -0.0013830553445090357, 0.01102213868500831, -0.004063893353227778, -0.0117718841985983, -0.006582835822714717, -0.0026141821065899856, -0.0015792747317911462, -0.0009659238206839828, -0.0007281582085564046, -0.0015211949871338133, -0.002408818604336055, -0.0024559592693721662, 0.0013514030373302924, 0.004065173483986, -0.001640382509181769, -0.015544518713429897, -0.0017011151795098592, -0.021663449874020312, -0.0004515246939922692, -0.023573501778318427, 0.0014654958268720418, -0.011529996186842013, -0.0044693579879498515, -0.005405395991947128, 0.011137684299199112, 0.011014970704872624, -0.00263204056593405, 0.02468503223057973, -0.014181016819350903, -0.012846977308928588, 0.008083901394178552, 0.004299161369876446, 0.010146015959646405, -0.010301073132356175, 0.017035124912833027, -0.014068987181617613, 0.017065440682976087, 0.0020673958701725955, -0.0020371748941870123, 0.01910854790305404, 0.010684557038364042, 0.0007948548472564745, -0.0002493847375531904, -0.0006939458531573733, -0.0008472131426884987, -0.0006622017607023147, 0.00027388863061293927, 0.0008128282491254777, 0.0005319889898558315, -0.000976966137624845, -0.0008531271092595002, 5.933981331728958e-05, 0.0002604887222304816, 0.0022782000913373337, -0.008230899396184078, 0.005040350484785053, -0.0025771716151338168, 0.009976499273770591, -0.003155285308142506, 0.020611812708595, -0.015798523859629498, -0.014504859949078673, 0.008377771999568469, 0.004258776582900931, -0.006038245006718658, 0.008322231257934824, -0.011088735622694405, -0.0040718065647873366, 0.002050525050189584, -0.010576543898007024, 0.006151917985297302, 0.005954675042130701, 0.007982379124968396, -0.001417178719587521, -0.006474501818910369, 0.004592386687921906, 0.00574949976951567, -0.0026346280068589825, 0.00028477191206436844, 0.0043779912122474405, -0.0031390339506947727, 0.013518925483020226, 0.002623958052380228, 0.005540797040963166, 0.0010589836828272376, -0.0006061017747478403, -0.05968834118269577, -0.03695830211316719, -0.05127966205261672, 0.005014242582483724, 0.0, -0.029389177631262482, 0.01833589189359233, -0.07273556393957631], ""intercept"": -0.00012420800000000328}, {""block_dimensions"": {""A"": 8, ""K"": 288, ""W"": 8}, ""coefficient"": [-0.002249455603744905, 0.0015950468492279659, -0.01920634237218185, 0.010485301437101031, -0.020585004162926954, 0.03217943475926872, 0.009754110169278987, 0.027202420589609533, -0.02457128723071544, -0.009922439120469088, -0.01209200811161926, -0.011801315457676357, 0.025970485666541445, -0.004567987847806942, 0.0032196444938178653, 0.01748208443047334, -0.00678384407101428, 0.012297924262359981, -0.0033169579475342327, -0.003839782398326866, 0.015282606288197489, -0.013673865660545398, 0.009896533832971668, -0.011327545511367136, -0.005721459063825061, 0.011608711927145113, -0.008009876095574837, -0.004259261166008851, -0.0035575064709811033, 0.007366578525850943, 0.01013072218227068, 0.005667073873470672, 0.007960706018664247, -0.0020038064544827907, -0.007313637422408167, -0.013313784585426307, -0.0006458324733152248, -0.0021439078780285093, 0.0009804069401486968, -0.0005913643955732008, -0.001039171173914086, -0.0017310565452714327, -0.00039056187623082606, -0.001490718908523246, 0.0020206465393926383, -8.555365162339585e-05, -0.0013273584598926323, 0.003178391170464751, -0.012229377426431386, 0.0007471410982340958, -0.006858238212965447, 0.014990165176056234, -0.0051543998511779255, -0.012214037334111125, -0.004806897878477576, 0.012226503018070906, -0.008406391422689818, -0.0035532150629263583, 0.004139081826012391, 0.008153576051664035, 0.009471656158167491, 0.004587337932403459, 0.006023500461007084, 0.0023414615497473136, -0.0035057748855682257, 0.006299220555414325, -0.004687657098141608, 0.009189871952758012, -0.01801941946377689, -0.008680063397045579, -0.01095433890827425, 0.013212005019061014, 2.224703317506108e-06, -0.0006045697847017432, 0.010625726180149082, 0.0009130311938342734, 0.0034450782847263795, -0.006146827107583296, -0.006922153425731095, 0.0011750824490635546, -0.010676984975146736, -0.00045483359146764946, -0.0038547376996987638, 0.013554337193943243, 0.0018549649508262341, 0.0005420773171484538, -0.0007862642290317535, -0.001998136142883429, 0.00022194831612854136, 0.003887635442703548, 0.0003462351828468733, 0.0017192740980637156, 0.0041513862860999935, 0.009676320726255532, 0.003930856870218783, 0.00821565371127426, -0.0011277792441169699, -0.007642063526677744, -0.006405679170650917, 0.004254695843952431, -0.004377762145212293, -0.028350673486252993, 0.0047109796956785865, 0.011405256229450156, 0.0007885458747333284, -0.007214557309436462, -3.065558795148788e-05, 0.009371762586481966, -0.0035176831850630697, -0.007888232911310583, -0.01352868718384323, 0.007101879847859205, -0.008891655475354648, 0.009222946937650415, 0.01767088885958036, -0.014599266326169357, -0.00043501867983400746, -0.005904595139770604, 0.0021224678085309248, 0.014486731030149193, -0.02303710688628741, -0.013575543483025317, -0.006356630737096027, -0.013523333491385977, 0.009493169901636461, -0.020541807723127997, -0.018071260358584848, 0.0003483722468908586, 0.020553721390160245, 0.021237747446309508, -0.0001221288108447003, 0.007720015577968511, 0.006859815695864508, 0.007218031484568394, -0.002481998236155981, 0.00044269046655920515, 0.008188879189999436, -0.005049934667316069, -0.009750848783120698, -0.0022896385905768596, -0.0015064284769506046, 0.003958819767190427, 0.007398660795884987, 0.012511053506530326, -0.0351276543517594, 0.0031344557871689277, -0.0021618648101222114, 0.0007881201946207457, 0.0021548414584329767, 0.00831357293159261, 0.0030124032184830783, 0.007907152386460085, 0.000457172007625594, -0.001488768535207316, -0.0013757377485483133, -0.011471088106563589, -0.010620681873292593, 0.033123620958485665, 0.010000490760993545, 0.024626173151241243, -0.013984787629405413, -0.013893421432935949, -0.015260016822874402, -0.007376671691991984, -0.00793852596411357, -0.015596075185885449, -0.030235924726736838, -0.0031982147243451186, 0.0005394111892072101, -1.532310662245046e-06, 0.00022983855873792746, -0.0021542052621080173, -0.0012295467071735584, 0.00016242631805464872, 0.0012160899594169045, 0.0014622930883072462, -0.008824391308485707, -0.0012126754530785173, 0.011662610660437014, -0.00503356740710179, -0.004488038494887959, 0.0028820771266178996, -0.0002330768456522982, -0.006705419703350174, -0.0010606944530541181, 0.010666780637989062, -0.013977076938425065, -0.007131272857313356, -0.01720237049097165, -0.015225747470769985, 0.005728607531147089, -0.0007725576247534654, -0.0024948573231559626, 0.0021093848443634053, -0.005554127403074022, 0.0006730593892294162, -0.00557398607828966, -0.00039040505583544816, 0.0015652655358736917, -0.0005842828020940373, 0.019930313865148565, 0.003053600750166402, -0.007878023777283078, -0.004007399039444413, 0.006211674069033013, -0.012354919111898729, 0.000850030970016449, 0.00240054223514698, -0.004433175388453272, 0.011632385131903001, -0.0016642493141025424, 0.003104396493740477, -0.008492244689403268, -0.004340614987346092, 0.0005339700557447773, -0.0032974279521712536, 0.0009232971212402832, -0.002103314923675349, 0.0008690488742453031, -0.0021697174164123033, -0.0008749854360305211, -0.004669855561292188, 0.0010044269413819371, 0.004397480914067155, -0.001288015935069063, -0.018300189563259822, -0.01064350590754274, -0.012755657418240416, 0.016938162186407896, -0.0054537558781613555, 0.00718841947365786, -0.027657152295666697, -0.0038309129167225617, -0.00366547380168673, 0.00898736453765178, 0.012339525276705668, -0.001133724631961539, 0.011496682404383013, -0.003224705480197009, -0.008951734367435796, 0.00031850756131254185, 0.0025796951521259636, 0.011267890765456118, 0.01144848406147175, 0.011597356565884075, 0.007405718733921643, -0.007843552070225255, -0.007774127526861988, 0.004610510626777622, 0.01621759491864335, 0.008097037862541198, 0.0037777098071706083, -0.00010462471730833276, 0.0007000464116595676, -0.0009360885478862591, 0.0013705321997471733, -0.0009961183059526786, -0.0009138076936907313, 0.00010591450865015027, -0.0015194480211026503, 0.0026024478418568238, -0.0008829549080311181, -0.0020913061889845375, -0.0008608443811300845, -0.0027266442981656682, 0.003386528592549746, -0.0023687798651134766, 0.01572381088721708, -0.006711758938965725, 0.006678125665299205, -0.02033100487384111, 0.0015691675445554038, 0.006877995468543841, 0.00295373613251647, -0.0008190469851663356, 0.0002076314783742281, -0.0027308144194858547, -0.0009784856887183459, 0.0025584459249841426, -0.006758130793088015, 0.00759762923826199, 0.004470836904053614, 0.0015490903784163115, -0.0029539108952865768, 0.00122500415065312, 0.0028798370938399416, 0.004415973995900106, -0.011865004126021959, -0.0006273322833231118, 0.0038537583298622114, 0.000960101719479534, 0.011622727707124103, 0.008964497222024555, -0.0006667272754078974, 0.004929614157001149, -0.0007429771905619045, -0.059405541768652675, -0.03699971375875665, -0.05117847185754644, 0.004951489719269558, 0.0, -0.02921199879013703, 0.01823819403852726, -0.07282888023592042], ""intercept"": 0.000191412}, {""block_dimensions"": {""A"": 8, ""K"": 288, ""W"": 8}, ""coefficient"": [-0.005519001840546638, -4.640408943722251e-05, -0.019071978517271, 0.008596733569975703, -0.02470875203808443, 0.02932569816684826, -0.006698908093930262, 0.022526989787602467, -0.017213630524750813, -0.010082865745280863, -0.006083863204851084, 0.012618400702583667, 0.012000007990255664, -0.0004210094752536535, 0.00540416754529861, -0.0035713704640383923, -0.006264726106456036, 0.021639330881593824, 0.015713748820018372, 0.012407426761229069, -0.008015868175552705, 0.005531451378950344, -0.017923693710091573, -0.01251686876784968, -0.005913965684195626, 0.009750020462542258, -0.010040299198365637, -0.005442902764127042, -0.008897786273460603, 0.010901683150321199, 0.004416234892670931, -0.0010789560376155993, -0.0020872867013814514, 0.0016014286690614057, -0.010674971521409454, -0.011032212852449983, -0.0008331792266446129, -0.0007360325325422418, 0.0011691460281522785, -0.001218287756553456, -0.000950865703354585, -0.0012198557324564008, -0.0003532008563587229, -0.0006329710841101258, 0.0015562232811550903, -0.0010442210852958786, 0.00024746519813633513, 0.001942097446053828, -0.0019884062605198564, 0.003268031067105981, 0.0001438161454189815, 0.014331671470435231, -0.008748957479416418, -0.008503229770278922, -0.0010195866829442945, 0.016506770925502304, -0.015390532955175002, 0.0027766665395698793, 0.013617281731263909, 0.009687927611044663, 0.0004818987150602532, 0.00834371557827446, 0.0065858612459987085, 0.0009331796358374482, -0.0022927398468881835, 0.004727555932559212, -0.007593697962635993, 0.012289827535813317, -0.021275176733116633, 0.011240227174956879, -0.003377512488894026, -0.007222079624473198, -0.006188961670170898, -0.004292363249746707, 0.00926622675386879, 0.001416541220139904, 0.006400964021570397, 0.01082176601234667, -0.005023747499122449, 0.0018106273022747991, -0.006433048233996675, -0.005756367137241534, -0.010295373575945736, 0.01567835760065745, 0.00101686806204399, -0.0015936038391882897, -0.0013619389391765517, 0.00043794103735924885, 0.0011424492190611236, 0.0032061042390879855, -0.00021542959350842616, -0.0001475580302571559, 0.005603619335496901, 0.009076621946180596, 0.005305109589887585, 0.00928320894672528, 3.258861994922481e-05, -0.015009987530439563, 0.0015753553990401964, -0.0010681003147916368, -0.007979684392586795, -0.02476194597631921, 0.010522982876228822, 0.009251726832152921, 0.005429873337272402, -0.0174678515410482, 0.006024666553334757, 0.006469244909619121, -0.0012868450117608158, -0.004310371223009513, -0.01098394190351018, 0.00353708084186839, -0.004535385445882959, 0.003012664084410532, 0.01653888289897215, -0.01632024317900003, 0.0008113979051953423, -0.0031602385804206574, 0.009941409188333448, 0.00724994877348256, -0.011154173674549584, -0.005058123117068653, -0.007549839276784351, -0.007247252233478153, 0.012943925140520365, -0.033764752091769205, -0.01007805128962261, -0.008286511718580743, 0.012826216838011852, 0.019130976058358538, 0.005464312832885054, -0.011395509005860142, 0.006585908280672241, 0.006699287731687718, -0.003361322632151319, 0.0015582304162287362, 0.008750595265141943, -0.006414665552796731, -0.00952566244489492, -0.0009921823233444667, -0.004209103215463396, 0.004115013069591589, -0.0020404729739548107, 0.012670928253343566, -0.03276786285609051, 0.00347662990917863, -0.0007772302749757636, 0.00011232976133666144, 0.0025379304021735318, 0.005464547742975412, 0.0014796705016541668, 0.0066455787529694915, 0.004686856403728989, -0.0013782947755780312, -0.0019264814807859367, -0.011658561732304205, -0.014563186393463637, 0.010140298784225964, 0.012933699898033167, 0.011482657976241392, -0.014252482417526188, -0.010916032735390557, -0.014713917821372798, -0.0003308025317821368, -0.006185220970240088, -0.014129119231136869, -0.03236051021907641, -0.0036905632420845503, -0.0003069852100088063, 0.0006899583744656025, 0.0008593536278650446, -0.0010568933465413938, -0.0022918908213853794, -0.0008085304119114532, -0.0005260324628797304, 0.0008504117636243585, -0.005445474444436647, -0.010464309250409575, 0.01106176957426808, -0.004110131120412312, -0.006637169574280172, 0.005683153342787665, 0.0054937931534729915, -0.005567958601810861, -0.0037419130971720945, 0.00654387281619062, -0.0014292344265542589, -0.0014025632734464238, 0.0016445555863821846, -0.022816188294980364, -0.019183835342747896, -3.826023621728916e-06, -0.003015537883042963, -6.574326743858365e-05, -0.005670287420645139, -0.0005502269756110504, -0.004383407417557651, -0.00037108921499505205, 0.0008445703530392209, -0.0018960188872807816, 0.015725481111135923, -0.013118326147636595, 0.012226133368115193, -0.004149522800165768, 0.003561964699236415, 0.0019586234160015436, 0.0032003319400498807, -0.002553195361531248, -0.014281884416410937, 0.017518454542185525, 0.005373874827891052, 0.0026511145569182324, -0.005876370819480472, -0.008426970852462171, -0.009457342698026611, 0.00039360647149405827, 0.0024119876148028167, -3.791143176524167e-05, 0.00044551414495884955, -0.006796925305784311, -0.001207305641051564, -0.0019726039173809462, 0.001526428316503451, 0.0003069338774703201, -0.00442533944970935, -0.019719932213420593, -0.025297178167351622, 0.0010085732765345418, 0.018587253817542723, -0.007058934397850935, -0.003980998693033486, -0.028041512237604243, -0.0008965842050664064, -0.0029896714461530565, 0.004092707552091472, 0.012140266315828685, 0.0030395458227264307, 0.006986949002998758, -0.003016703138576192, -0.009308573216230322, -0.006362700046703366, 0.004737538758929474, 0.007522579381677532, 0.005599327396847098, 0.007266840431622369, 0.011108293772585197, -0.0073456160896538504, -0.005354383984677116, 0.006119875549501516, 0.01803639737859154, 0.004671821875239965, 0.0032894723561168694, 0.00016358902894943837, 0.0002677094453962913, 0.0006431849195079031, 0.0008944728300678526, -0.001054604761826867, -0.00216357961800552, -0.00029952278834470693, -0.0007854910375294568, 0.001981876171430632, -0.001424408655993222, -0.0007905161418020308, -0.0006606182661253951, -0.0007005131642665869, 0.0031953181292194554, -0.01248268843165537, 0.005907561703260371, 0.0035715743517945224, 0.014603462570183955, -0.024696281004247443, 0.006550353023357335, 0.0051120523088248795, 0.002042169752898968, -0.0016415832426578756, 0.003289005801613958, -0.0008090391403446262, -0.003067250821425945, 0.0018229915591833202, -0.010691154818088812, 0.008030205807513423, 0.006536114069462707, 0.012362697374962841, -0.0025833713429111727, -0.003970732516661147, -0.0006847422251801329, 0.003080031796226254, -0.00941227022252609, 0.0002867583748330011, -0.0004630737013690894, 0.0037277078497978846, 0.008730712016580704, 0.0075607182405242794, -0.0008322681981996277, 0.004350634944615225, -0.0014302300643310802, -0.0587395341157571, -0.036930806929756144, -0.05063628754748708, 0.00415827361799433, 0.0, -0.02855785919305765, 0.01774035586733098, -0.07156740990455332], ""intercept"": 0.00016905200000000092}]",305,0.005842075197221949,0.026201530083343156,3a604de324fb150be04724a6acbd8db7ea51b24abc931fa4a127c8ad46fb7d7a,5e66dc60671e09a14e2a2f963ca907a50a345e6e6f7d1c8250b5b4f3f8896f05,False
VALIDATION_COMMON_SUPPORT,REGISTERED_JOINT_CANDIDATE,METRO_P60_JOINT_STABILITY_9d2d940e34217a6b7676354a,J_KWA,FULL_BASIS,0.0,0.01,0.08064507931790323,0.08064507931790323,0.07988156749867753,0.2826332738703593,0.1642878592779848,0.19779446968636727,0.2826332738703593,0.1642878592779848,0.7710550253129664,0.19779447906866376,"{""block_dimensions"": {""A"": 8, ""K"": 288, ""W"": 8}, ""coefficient"": [-0.003928978756064872, 0.0008876745232220205, -0.00460804508478272, 0.0013565643372179734, 0.0004612135682023773, 0.0048576096725591565, -0.0006883505774847656, 0.00496163978997452, -0.0011670283400857402, 0.00299305579950253, -0.0012649942021333695, 0.001080068488288217, 0.00857678807257933, 0.0016240094697225931, -0.0002730510215241443, 0.001406079709534568, 0.0011076832904007314, 0.006765233669268607, -0.004246438555215561, 0.0024970081020041983, -0.00033693024524986576, 0.001512617068658888, -0.003889666453305559, 0.001961461982541816, 0.0012209638146161998, 0.0002990600109303027, -0.0048585343287151275, -0.0016401259312226442, 0.0005728695814314785, 0.001387422831593183, 0.0040864237625539415, 2.8494044137993863e-05, 0.00281691529106607, 0.004547496900483845, -0.002648834675140281, 0.0027592335516580272, 0.0006477935911018241, 0.0011297993740271549, -0.000315780944739994, -0.0010837346233044235, -0.0013911638961632688, 0.00023916128347450371, -0.0011527743038886632, -0.001226859890407742, 0.000593263010380376, -0.002996530854079437, -0.0006105351946838385, 0.004469985998133264, 0.0022586916485275053, -0.001248235710397231, -0.0018634548349048196, 0.005057837123397661, 0.0001456381794411476, -0.0034599646461543976, -0.0007541082021255849, 0.005898853039842465, -0.0021609726403625583, 0.0018355680489696258, 0.0031900302882442912, 0.0002721764866571841, -0.0005430461451815705, -0.0006904826792236834, 0.0011904062991724505, 0.0009280983536921278, -0.0011462680759418242, 0.001329039682980606, -0.003437964482255125, 0.003192179168735904, -0.0051525936809328115, -2.11175906775947e-05, 0.0009694885975288858, 0.0013528573715751867, -0.0020725177034944917, -0.0012009743061008535, 0.009316902425720221, -0.0005692370484992792, -0.0003769389447999165, 0.00036751335673530756, 0.0009719014069232458, 0.0005511643988955386, -0.0020843760313730866, 2.7215376518895986e-05, -0.0012980760331555723, 0.007129441783492203, -0.0016503949094418572, -0.0019201122073212598, 0.0013674620668703789, 0.00038231464412804645, 0.001680795821288977, 0.004182516760863516, -0.00033850137398963706, -0.0005177126297401989, 0.005417638285903554, 0.010747839122230197, 0.0057305154350125835, 0.007705112627359962, -0.0052332351666289564, -0.0018661462439513322, -0.0017664253933024955, -0.0017904329322287493, -0.0026703373624463013, -0.016998085826626867, 0.009168458991702603, 0.009917797419045934, 0.0015254670997153761, -0.0070055845451042886, 0.004310508661205537, -0.00015034812299338123, 0.003548184145651967, 0.002316863355422852, -0.0035848037539915343, 0.007324138883275253, -0.00239261158177648, -0.0002673616134090496, 0.005855469223307402, -0.004982353978072393, 0.0020517075773473534, -0.006594657317900671, 0.004165274242755097, -0.002177529030634039, -0.0011112334524728145, 0.0005480438336250704, -0.0012409555101210495, -0.002142293675216394, -0.0010478990256887798, -0.008986377368985988, -0.003391948439649799, -0.007211199028683188, 0.0005166449924477442, 0.006536494393178567, 0.0010530129626923743, 0.0037367619243509034, 0.00808413573269835, 0.006119379424597602, -0.0022965378573535054, 0.0012204027360261372, 0.007426318019565133, -0.005349104332164912, -0.00876266041386357, -0.002943445275411348, 0.0014723161258029126, -0.00039536704118538056, -0.0017336489202752544, 0.005579859840864073, -0.008469967790436569, 0.00026629407862403494, 0.002487893630221542, 0.001604599653623444, 0.002151270791461661, -0.002053374884781918, 0.0017210654312897389, 0.0026186639250922105, 0.0015255266209258517, -0.002212943614987385, -0.0012654301193507553, -0.003980802124141812, -0.002361901135925258, 0.0025286308217990928, 0.003215864033539665, 0.00018274925048247654, -0.013943810015899777, -0.008789536078163566, -0.011529826346385334, -0.0021516331764805463, -0.006535000672033553, -0.013487350917085297, -0.02171150527806524, -0.008497104604980016, -0.0003590007816862971, 0.0009411725356621893, 0.0009652969280343731, 0.00011358453891614876, -0.0021380111675794213, -9.736612213835012e-05, 0.0006791843257736102, -0.001675946880252053, 0.0038233358579822206, -0.00019417861714848063, 0.003076394483080586, -0.0033979796105576892, -0.006019345731018832, 0.0018182885806213953, 0.0018873756217776439, -0.0007551541837076324, 0.0017552714005762953, -0.001410769442111062, 2.550915475811056e-05, 0.0007862670238436604, -0.006406101013858925, -0.008480790760548362, -0.00010958452059312387, -0.000769776369231551, -0.0030388327556191306, -0.0023168594340882216, -0.006271277168344901, 0.0003328477865567419, -0.004408987536392504, -0.001538701862659603, 0.0012667516607457745, -0.001099143259132978, 0.014367432298816539, -0.004680543520083329, 0.012490640704391277, 0.0007060686831043168, -0.0014289004810664509, 0.0012068997900461721, -0.0009999691365451548, 0.0010167000129363796, -0.006388430574793406, 0.0034856082889354063, 0.0015911059116979168, -9.620141391326812e-05, -0.0008859111379818095, -0.0011219666742734568, -0.003204673789894517, 0.0004667374605838439, 0.001995844981267551, -0.0006979620075203585, 0.0009695078536610831, -0.009755571269340523, -0.0017833536414040274, -0.001932715618914859, 0.002149329558118834, 0.0003848492401688019, -0.003699020830477418, -0.009693628428498049, -0.00656694702455497, 0.0013296893636683405, 0.0031485414364845247, -0.0018299883753197573, -0.005339868621075886, -0.008715909269335147, -6.076442725279035e-05, 0.00037014072994573415, 0.002121501455981944, 0.006991263751213417, 0.0020126796433985426, -4.72003818736511e-05, -0.001347762287215436, -0.004704705160679818, 0.0011493139453587421, 0.0007937748222947204, 0.004240922276387477, 0.0003842986360204797, 0.0036040390165466224, 0.0053046984320872775, -0.0023130909136203437, 0.0030720134701670548, 0.007141461354302135, 0.01487093517662875, 0.006960992680801616, 0.00217533820884024, 0.0008406389958632487, 3.845467941302215e-05, 0.0003096874119631181, 0.0005243643304987147, -0.0014896456909250916, -0.0013249089858322234, -0.00020745421852464617, -0.0023601210163087007, 0.001024206145213978, 0.000859951165444165, -0.00019490704001072826, -0.0003231928391306585, 0.0015538912188189566, 0.00028033768012789115, 0.0015186088382836164, 0.00048492452054445197, -0.0032308126457264164, -0.00013827534447457225, -0.003712523107655608, 0.0005837105865890614, 0.00455373207356806, 0.0012066563397477058, -0.0022014975005077153, 0.0034029222982338934, 0.0012645495612345866, -0.0006578021701341742, 0.00026839425039961134, -0.0002714070638065381, 0.00023187181889007782, -0.0015878473745370295, 0.005133001532041017, -0.0011886206205025864, -0.0027061463815454987, 0.0008098292289054926, -0.0018398801706927094, 0.0015950137422218798, -0.0001191043460754612, 0.0007208976621867441, 0.0030107796606303723, 0.007956531870607183, 0.00656302441127538, 0.0023339181892635674, 0.001046174689412735, -0.0006494989239821033, -0.05814106402543499, -0.03648275026248318, -0.050192202015956255, 0.0047353277575832116, 0.0, -0.028221948564107265, 0.01770677978849773, -0.07167193878601039], ""intercept"": 0.00017409199999999988}",305,0.005385520361720343,0.02534038022232277,80acb6e02c969d97049ac9088acb156a869dc6af2f67e607803f03031ad78c72,7442920b01262401b1ab8daeb192e4433e9754c8c9669364cab2022195c8fc11,False
OOF_COMMON_FOLDS_1_3,REGISTERED_JOINT_CANDIDATE,METRO_P60_JOINT_STABILITY_9d2d940e34217a6b7676354a,J_KWA,FULL_BASIS,0.0,0.01,0.08064507931790323,0.08084377775557479,0.08084377775557479,0.28433040244682733,0.16518095729512652,0.1992668443226655,0.28433040244682733,0.16518095729512652,0.7690949496631945,0.1992669833095121,"[{""block_dimensions"": {""A"": 8, ""K"": 288, ""W"": 8}, ""coefficient"": [-0.005438554671159061, -0.009360909144397914, -0.0003065581917420942, 0.0018945087128924248, -0.0019582629574433916, 0.005496709908689206, 0.0021392374120106313, 0.013802254686765424, -0.006181226526754575, 0.004074654508043073, -0.009712942197663773, -0.0025762852453507204, 0.005956176813910343, -0.0002307782330271574, 0.0024795843741376323, 0.008760310874840128, 0.0022047069892089564, 0.009143693845251936, -0.0005663897320636586, 0.0039004282837379134, 0.0024593854832325296, 0.0036098517204531523, -0.005398847357883697, 0.001796645264773959, 0.0009321229587757623, 0.00444211955579981, -0.0020877536936327154, -0.004798542583159558, 0.004795336881126844, 0.0008183636503440539, 0.005607724188820634, -0.0020526367670244757, 0.0047443856047301655, -0.0021772561886478727, 0.004820512019332416, 0.0007936711754803497, -0.0011392345036406162, 0.0007273973708770549, -0.0007820241577531153, -0.0007723403199812011, -0.0006085529080912329, -0.00093671583416521, -0.0011266221310984475, -0.0017085505417350716, 0.003284431158673053, 0.0001285236805714969, -0.0005437297082949002, 0.0012464040530232039, 8.389854428948828e-05, -0.0022268238199348966, -0.0020273066532870924, 0.005744332099389248, 0.001488025907670271, -0.0018903385239363007, -0.004044818534191202, 0.0032862351122715703, -0.0006854737884643977, -0.0005190042057098535, 0.0025344412036751697, 0.00494616789055921, -0.0015996045069531326, 0.00024168044339243337, 0.002153871470252001, 0.0008709697192506999, 0.001537446384606103, 0.004278701995749485, -0.0018599059783596117, 0.0018024083316295814, -0.0020434958477127054, -0.0015616612542637238, 0.004278185874207276, -0.004245685039713944, 0.003955672791967015, -0.003436048357979852, 0.003297729371642486, 0.0007407633511420317, -0.00012016074693309693, -0.002591545684147349, -0.0001908108194543276, -0.0029053244804545953, 0.00206980434264534, -0.0025300931896146783, 0.0024228829755578245, 0.003563201062273919, 0.0001384603402312544, 0.001337454071832369, 0.0001189067062254566, -0.001376211472164715, 0.0031463300800459366, 0.003404826608301557, 0.0021261786680853425, 0.0016710679390530346, 0.00517233168239892, 0.00896801343098935, 0.008395040673394064, 0.007007238034265764, -0.0036557483432201362, 0.003261296569064552, -0.004101108450370542, 0.0012703396644991366, 0.007876051033081977, -0.01688791593503149, 2.6337398721480924e-05, -0.0013488247493221009, 0.0007951126553743498, -0.0011366202241737914, -0.004349933236852395, 0.0023482247711622685, 0.0015448837002847403, 0.0006058418311596811, 0.009156482369131835, -0.010193227631847202, -0.008382951788741174, 0.0012167376530912524, 0.003624473665047969, -0.006512913695288476, 0.005005702616568126, -0.004724097148209458, 0.001176515299488998, 0.00010605564709394458, -0.00688073635966839, 0.0006612819883889895, -0.001840828252461442, -0.00514597644189056, 0.0021360836801978694, -0.0026223796461224257, -0.0024247460005515807, 0.005735047101790878, 0.0020133063641850813, -0.0023043271108517597, -6.844812025379624e-05, -0.0018612635969110286, -0.0024531873819003424, 0.008091293261405338, 0.0023456885296133123, 0.007713943051469558, 0.007917268175190353, -0.007146268331621361, -0.007751385360448982, -0.000737765544861338, 0.00031278616190514967, 0.011286818762750893, 0.0008797952921028204, 0.004729529495708613, -0.01378028915694649, 0.00017044067037549576, 0.003700420158803046, 0.0008875454859713254, -0.002081060561079002, -0.00449185630767936, 0.002620498392271128, -0.0048785959454609095, 0.0029707946186923588, -0.0011884012618056754, -0.0009807540410604841, 0.004217987739291566, -0.00702473426613773, 0.008796102284556826, -3.76531267025131e-05, 0.00022107048446574524, -0.014097311381446383, -0.021836723041970048, -0.006073773911124864, -0.0043281173903612705, -0.011187104506516669, -0.006395653712114363, -0.013068260343881437, -0.012102218353098954, 0.0004599662586196199, 0.0009435806161607687, 0.0009850212604386982, -0.0003820914578362407, -0.0013311326461054834, -0.0007859280252265301, 0.0003774984152218232, 0.0012924172598145836, -0.002002386545663254, 0.005904904162385853, 0.003352119576192191, -0.0008173065046643333, 0.004487520236118368, -0.00824825552573504, -0.0007292888585349054, -0.000997887740073311, -0.0005620275214869864, 0.0013261051349540405, -0.0021050299991546267, -0.001418861518659937, 0.0005931070149165838, -0.0049528702597855774, -0.007193423447885009, -0.0029198501659609922, -0.002204349981871521, -0.006204042213210272, 0.00015440768460545196, 0.000924279998145436, -0.005752994563896978, 0.00078671490598843, 0.0023150073555139707, 0.0009986948558098681, 0.015318920784663986, 0.004663645723301489, 0.0017159171784260044, 0.0005517445874931375, -0.006974538482386731, 0.003424480842925085, -0.0013336517786140371, 0.0001581579160386682, -0.001012120643227051, 0.002412887410323956, -0.0010139052571674502, 0.002678014101739384, -0.0013549919764722558, -0.0016679661241076982, 7.258797293305347e-05, -0.0007731266381348173, -0.001974843436474919, -0.0010442464514194784, -0.0005854773362450521, -0.003020403573582009, -0.002305551103314304, -0.0019980661356285606, 0.001256174980550763, 0.0036320236800054485, -0.0016291294472765947, -0.0052750690534957125, -0.0014149305018921513, -0.0038904769640439956, -0.0031279138959890325, -0.004887548345634939, -0.0038842828932586495, -0.009910149124063124, -0.004302737087220693, -0.004342225017619389, 0.009363168078810661, 0.008657948357807754, 0.0012688328740718764, 0.003958143158166446, -0.002069620573714099, -0.0045149115157062285, 0.005162708680832924, 0.00033531482580432176, 0.0056716553722680665, -0.0012978629891099683, 0.005222771774195384, -0.002209275596902703, 0.00572058437319475, 0.0013223022228132215, 0.0012881735785024524, 0.013610282028642617, 0.008897538353239476, 0.0006094409124647638, -0.0003249451850041824, -0.0006807221246050433, -0.0009192558632968046, -0.0007396810873249002, 0.00039592881907671534, 0.0007040293067864421, 0.000376083857603028, -0.0010820199867867637, -0.0009003309578065168, 0.000444949693061495, -7.57832942228839e-05, 0.001848594162666769, -0.0024256217543922936, 0.000938303872085462, -0.0013686425079077879, 0.0032607004385026175, -0.0036911298773819484, 0.006904183553004294, -0.007133617049308115, -0.005904928530035065, 0.004939989722811638, 0.00508977617125283, -0.0027374107500581445, 0.006364991346823028, -0.00222160334617398, -0.001460904552244041, 0.001841598273886628, -0.002861446798093612, 0.0008472133461572069, 0.0010230156995919587, 0.0014560539441906889, -0.001244400158159861, -0.0024005948243705196, 0.0016445968306720276, 0.0009132965125560983, -0.0004991980925397218, 0.0009771747295260888, 0.002241531403647966, -0.0013037959301522874, 0.012078503752902035, 0.0033419710622481485, 0.003774752612290041, 0.0018612199267742616, -0.0008827077855522965, -0.05885975777605639, -0.036542995751802594, -0.050666082078099244, 0.005293669235780841, 0.0, -0.028854404825811617, 0.01808184226617261, -0.07230362925275828], ""intercept"": -0.00012420800000000328}, {""block_dimensions"": {""A"": 8, ""K"": 288, ""W"": 8}, ""coefficient"": [-0.0033588738523096123, -3.422347503605746e-05, -0.0061118421903568485, 0.004178881316285129, -0.0039608914302624, 0.00788371118977429, 0.0034394571487357975, 0.010068528035432973, -0.006667522328685294, 0.003799974810606083, -0.005723318150600488, -0.002019951501864717, 0.006640424341921216, -5.69827428484051e-05, 0.0019834828587536285, 0.005593362972179602, 0.000379620132087412, 0.006154260957165543, -0.0028821011924485967, 0.0022539693830773092, 0.0009585850103191725, -0.0058827504254893885, 0.003308213719334476, 0.002678341729653002, 0.0008390753403957835, 0.0009257223144506342, -0.0016969820077686409, -0.0027940140619101355, 0.0035772288664245398, 0.0008947676162177871, 0.005109133516369004, 0.0031692354543503137, 0.004041348512092972, 0.0029257838379350993, -0.0019239999227931655, -0.00022868838944080608, -0.0003897621515657732, -0.0020776732211036774, 0.0009505013395160863, -0.000455540713137461, -0.0009025856018820297, -0.0015486880491926735, -0.0004351158848372326, -0.0013484679359399324, 0.001732428659072807, -0.00010906179339623408, -0.0011605854811594935, 0.0028836518176505537, -0.0014470049636481856, -0.0005357976356278963, -0.0020929787183062987, 0.005557437572067994, -0.0006458397353329661, -0.0020435969464103402, -0.002243044412764944, 0.0048893348482866306, -0.004405896029385828, -8.094528782727946e-05, 0.0020435637166253645, 0.0022091925068819566, 0.0021906032510608624, 0.0010482112058003497, 0.003104922594138786, 0.001576800472325796, -0.0009648787869323308, 0.004526630346428731, -0.003332268281708658, 0.002570652754937828, -0.00533775696510243, 0.00026860358434108536, 9.664044476781715e-05, 0.00023127151463886612, -0.001308047778121643, 0.0002597450721911789, 0.005423931142138294, -0.0011469660148102708, 3.479913273115992e-05, -0.0030401587803609775, -0.0012707234839907792, -0.0006184282362067078, -0.002369221652472535, -0.0018892805699578456, -0.0008463067837313265, 0.005026571242078629, 0.0012958628042237196, 0.0008213293349700979, -0.000607326351802222, -0.001835684624979051, 0.001454099200250342, 0.003723378312520958, 0.00036541223054021064, 0.0015011531848205413, 0.005105073888154285, 0.010065007171858037, 0.004283051224143854, 0.00832663236529022, -0.0028553585910882466, 0.001044081143579705, -0.0056718878839362614, 6.624203975208058e-05, -0.002994127463341247, -0.016738238008769536, 0.0044199011825447315, 0.009409027265231155, -0.002415072996828897, -0.0035498418907593567, 0.0003470405549956082, 0.0036055694249805, 0.0001463144843492453, -0.001111096637664276, -0.0043377456247941995, 0.007746194818867272, -0.0059589906917090025, 0.0018146802828450173, 0.007579406046550369, -0.0029267260357758, 0.0020045104348796975, -0.0064660591574276505, 0.004175894595635037, 0.0006637006824724303, -0.006446917558070139, -0.00026643623191435127, -0.001641797193250043, -0.0038995780288316215, 0.003402460554330841, -0.008248121097982621, -0.006061854757483299, -0.0004066211297933473, 0.00411224161912964, 0.005283077540394597, 0.0004162998447203351, 0.0003686254083506346, 0.00670878381337739, 0.0072493138770351115, -0.0017843781621786293, 0.0006178774255922045, 0.00750816788284963, -0.005372183865876104, -0.01069530086786133, -0.0025619049858007885, 0.001801860814011878, 0.005993860620577283, 0.0017308705540238767, 0.007158516634390104, -0.010938977708926092, 0.0018611979930047815, -0.002017892845868131, -9.771717773563066e-05, 0.0016865382194919327, 0.0018930471534326701, 0.003325231829907048, 0.003542342582504471, 0.00014906438076083204, -0.0015041895906693884, -0.0009441596086519039, -0.007150455879479265, -0.003201167277292664, 0.00687012767163476, 0.0004164527128648817, 0.0024282895668813966, -0.014330355537686265, -0.011319917503865427, -0.010997819567301979, -0.008980961309079428, -0.009916133514284903, -0.013467576258341288, -0.022884638262452617, -0.003695736579153231, 0.0007127974019600346, 0.0003046549745890714, 0.0007509293464097017, -0.0018231283514735853, -0.000998192607194233, -0.00015260508806831812, 0.0011856676639928603, 0.0013780357803800435, -0.0018464506663428881, 0.002528832689182182, 0.00556890317668482, -0.0019891160223568243, -0.004990930957443569, 0.0005936797591838523, 0.0006442381089491728, -0.004884196967139809, 0.00034713276929295594, 0.0017338788304548502, -0.0034635124745890306, -0.0017711185991379599, -0.005752655130442777, -0.006235980589022296, 0.0011521175714612395, -0.00029942909060751355, -0.002293602776998146, 0.0015344107679281314, -0.005513070786393024, 0.00032836845001610765, -0.006006823561224022, -0.0008339896568886211, 0.0010809221510196612, 1.5992092400257298e-05, 0.017869430378744233, 0.006644279227943861, -0.0037178869662262, -0.0022578049858787493, -0.0014207352935434435, -0.0022449509095526054, -8.388400194428268e-05, 0.0004580914021995455, -0.004067666864447869, 0.0028837163928924743, 8.312389091984761e-06, 0.00016586575023729656, -0.0018253725108618383, 0.0010304054388929021, -8.095977291010728e-05, -0.0003037152656755682, 0.0003315729089979126, -0.001937540018993866, 0.0008764351902800707, -0.00308577656279092, -0.0009457000714678633, -0.003743917872088917, 0.0005203541823878508, 0.0035442428170257916, -0.0009112823867240419, -0.005876025342358281, -0.007325351577792019, -0.0025992623158984417, 0.002999946725429021, 0.0006944880232712699, -0.0004439712944887245, -0.011326440074305392, -0.0034589893542570733, -0.002533602581474792, 0.007064210610575084, 0.009661523189182711, 0.0012833240350375917, 0.0008373069317716947, -0.002564648302876506, -0.0018118880892456842, 0.004159856997818519, 0.0004099966835012311, 0.005263010170769925, 0.0038966293828163598, 0.004329225817358604, 0.0041314338888167445, -0.001995337778788704, 0.0004348049099635512, 0.0037481743118160347, 0.012835340049570518, 0.007049012693125156, 0.0030854319659868947, -0.00022473970150165508, 0.0006299502821099025, -0.0007443833618397188, 0.0014403157496222791, -0.0012749367183397912, -0.0008054206407058754, 9.343125239249252e-05, -0.0016683516086307703, 0.002032236395779282, -0.0003495633158337361, -0.001586418549835363, -0.0009498808838463289, 0.00012462268748131484, 0.0020301373904787075, -0.0013800164923514812, 0.005225763247352748, -0.004137040454431856, 0.001771727731889917, -0.00739464024340614, -0.002454298267934977, 0.00349915040558676, 0.0027085722347124997, 7.315170907363753e-05, 0.0026651042584295427, 0.0002008520576601475, 0.0003299423269779048, 0.0023590027830531816, -0.0017192080047819859, 0.0016010484939401166, 0.0013880295004313882, -0.0005632564676242545, -0.002656003425522803, -0.00040349863088669495, 0.0012703236574463552, 0.0004765582920825686, -0.0029892065325640544, -0.0002867518213869293, 0.0027572823981476475, 0.0012321809887113541, 0.010528696081287873, 0.007834454747538496, -0.0002472239544526587, 0.003575687970576355, -0.00023939275352684251, -0.058658327977008484, -0.03663392729019946, -0.05062195443577024, 0.005161785760377157, 0.0, -0.028714848649124176, 0.01799255926406869, -0.07237950226735104], ""intercept"": 0.000191412}, {""block_dimensions"": {""A"": 8, ""K"": 288, ""W"": 8}, ""coefficient"": [-0.003994354335026706, -0.00033054033099243375, -0.0068133890248741075, 0.0025917502235917, -0.005012927928814587, 0.008110716155201382, -0.0003377218926029588, 0.008277098452382534, -0.003694079519625536, 0.003407450725001342, -0.0030187894074003973, 0.0013702362535732723, -0.00010826148608763366, 0.0017536455343323204, 0.0006709203976543646, 0.0014226827554024615, 0.0033681929848943092, 0.006671014675857092, 0.005225310149168308, 0.005994289816602506, -0.004632035157312325, 0.0016808665228425143, -0.005700198144054269, 8.736118234419858e-05, 0.001149898583904255, 0.0007769855752405114, -0.0037554691036139538, -0.0026214836035407026, 0.0022628552366942066, 0.0016134536409658183, 0.003952225069386138, 0.0014760159212349156, 0.0027334383941523366, 0.0030892375691144733, -0.0022864111711979984, -3.0028158368097747e-05, -0.0007444564291143688, -0.0005497026446878519, 0.001152952590984778, -0.0011129532686591506, -0.0008315018862238865, -0.0011082243629317705, -0.00037110508490911884, -0.0005021073490779106, 0.0008356300077689707, -0.00073373596507309, 0.0002870419873778809, 0.0018740817429673412, 0.0019571718170690237, -0.000502509437477449, -0.0014392023152147771, 0.005053405188196917, 0.00024216927961410542, -0.002533676463194744, -0.001610121219283466, 0.006561380176226781, -0.006609266679235789, 0.002701329807703144, 0.0035537199877767964, 0.0035764734958441124, -7.56870049789715e-05, 0.0017050787699372791, 0.0029930059767213795, 0.00022066227901418312, -0.0003147247794562676, 0.0044498237901899875, -0.004962851501946935, 0.004253867257562635, -0.006344854148943658, -0.0001658085994268711, 0.0013848296086043938, 0.000497556021779191, -0.0016417764114036839, -0.000554729234103989, 0.004909526266787645, -0.0009522074182122943, 0.0015971093321920174, 0.0008392303183746176, -0.00011015183198124264, -0.0002390266122270633, -0.0010356850524516135, -0.0008090113936738483, -0.0023081188518682774, 0.00586522292675965, 0.0006277223534715006, -0.0013818574574324593, -0.0013108085118595473, 0.00045752587468310277, 0.0023397683695139332, 0.003016057892035532, 0.00016184933205678202, -0.0005123097437549075, 0.006572277212857065, 0.00991370000506837, 0.005444906484630854, 0.00923060955510016, -0.003381414056157791, -0.003440744235891774, -0.0030226882645818776, -0.0015003658025926102, -0.003639468129228123, -0.015160651357152504, 0.006962753773377345, 0.009009950861019972, 0.001325164685841719, -0.008719764927410193, 0.0042586925853289204, 0.0013874372072355094, 0.0013812954655626798, 0.001177019650002212, -0.00422942815264084, 0.006791087777897924, -0.005316827693126797, 0.0006726077709309244, 0.007187770336759719, -0.004642404614773146, 0.0025893509629602114, -0.005513337920596989, 0.005918021989894265, -0.0016722168144352907, -0.003613171732447338, -9.122069599548828e-05, -0.0013004985006821886, -0.0020212473681848146, 0.0038192475037243205, -0.010855204597056908, -0.0039277921023689885, -0.0028334487896111917, 0.0020610212625960843, 0.004753484526034272, 0.00042533810849405693, -0.0032553049074019024, 0.006680671987243866, 0.0067825048125928775, -0.0026319928177444395, 0.001796847455298264, 0.007809877805012553, -0.0059020139363032, -0.009684691489454049, -0.0015152011417061309, -0.0004181164194235442, 3.799113004537579e-05, 0.0030883926340710055, 0.00670792352331483, -0.010670038303356345, 0.0020397704221277557, -0.0008030912465909593, -0.00047605058922597655, 0.0023242777305159668, 0.0003157278391463026, 0.0025256871270511773, 0.0037830171943896078, 0.0036611171851870534, -0.0013416489580240231, -0.0014508727928076377, -0.007260622830399165, -0.003894772902867685, 0.002553258379917501, 0.0015106964241137467, 0.0011859894812169423, -0.014055382736694379, -0.009264911176979421, -0.01034773484005834, -0.004229843633945931, -0.008458372528236368, -0.012773712945069153, -0.02365894096730465, -0.0046308122902076285, -9.50880661601962e-05, 0.0008748297702404911, 0.0012502634520343574, -0.0007809674038456241, -0.002106168218787848, -0.0009636576954357735, -9.044541426187705e-05, 0.0009567433715992903, -0.00013274432738091628, -0.00174291631587442, 0.005318835911942804, -0.0008493052999253854, -0.005119232931121488, 0.0015789177110524513, 0.0006765225291696886, -0.004133427095865799, -0.00046362021007917263, -0.00014804430504506327, -0.00032599358654095346, -0.001051929738244622, 0.000397133161890425, -0.006661351014672811, -0.0066092140608154, -0.0004116977606278609, -0.0026516879363982643, -0.00035477311190108905, -0.005729271802762092, -0.0007130790877326154, -0.005029680290736517, -0.0008793772556386449, 0.0005721946976123824, -0.0014409964909249315, 0.014546257713235755, -0.005567992895454833, 0.01059434238965139, -0.0019209712253558976, -0.0024911438827435652, 0.0003779443843756852, 0.000464931286581093, -0.0003413269981728425, -0.005913973960250062, 0.0043508964024874825, -0.0001048295683376844, 0.0004853098292662497, -0.001068226218488523, 0.0007976249393606171, -0.002869228044917459, -0.00031376571770542176, 0.002391523022918724, 3.556696852934328e-05, 0.0006061672240724521, -0.006897740987569163, -0.0017834315624631967, -0.0017537215203634931, 0.0013217048943209278, -0.00026469854865581697, -0.003824720446023082, -0.005864422397438582, -0.006643214410530676, -0.0009381165441631474, 0.0031964625953083657, 3.863141592067403e-06, -0.005066290022533523, -0.011912789720566851, -0.0009456719360246593, -0.0017846439497263386, 0.003175847172728415, 0.009567296500290885, 0.0020850218106955427, 0.00047804897022535835, -0.002266586673454965, -0.0035523735076890524, 0.002759423669811769, 0.0009272047626121253, 0.004353055206107508, 0.0023090475447287906, 0.003646867499231092, 0.0043157883174016224, -0.0019606324843205046, 0.0005665007846681365, 0.004662609239345689, 0.013193285208005548, 0.005129221807211766, 0.0027776758645610224, 0.00024852720357873234, 0.0002416334375838417, 0.0006065277966364375, 0.0008963005918713147, -0.0012788299774470439, -0.002071207972851427, -0.0002796402292664762, -0.0010393265340636164, 0.0017229663118437924, -0.0011360169229575855, -0.0002696528248400915, -0.0007866164458770781, 0.0006949358644419145, 0.002653290077409793, -0.005812631066657205, 0.0016930736645889592, 0.0006482687465237373, 0.004149004498511341, -0.007817357505380587, -0.0012071434875473345, 0.0026684706519370226, 0.0025659808301129777, -0.0007867415230714462, 0.00401434390627868, 0.0007447234183757239, -0.0002230527428193864, 0.0017181969557664772, -0.0018622852686001128, 0.0013091272470492428, 0.000270471044424489, 0.0045938874230057394, -0.002600860333816899, -0.0021961696087058496, 0.00019718315950699737, 0.0015219547427365158, -0.0030016655292965325, 0.0001556723443866939, -0.00030467537893811235, 0.0030574019625223222, 0.008261713279220125, 0.006400116760110251, -3.148722791137723e-05, 0.0030271267804371244, -0.0008766298165345872, -0.05803783041808595, -0.03659316751356939, -0.05011021364460805, 0.0043444241438721715, 0.0, -0.02808153876423119, 0.01749619739591725, -0.07112357730836118], ""intercept"": 0.00016905200000000092}]",305,0.005544993256382073,0.025666177815688706,3a604de324fb150be04724a6acbd8db7ea51b24abc931fa4a127c8ad46fb7d7a,b14ec8157046e708ca9c3ba7b6ddd527bd037a851132191f09f80a9624d9285f,False
VALIDATION_COMMON_SUPPORT,REGISTERED_JOINT_CANDIDATE,METRO_P60_JOINT_STABILITY_9ba68a8332d0bba4fa065072,J_KWA,FULL_BASIS,0.0,0.1,0.08071322648584012,0.08071322648584012,0.07997118089749673,0.2827917624286406,0.16052738912921755,0.19689453286271685,0.2827917624286406,0.16052738912921752,0.7707981883733981,0.19689454225553882,"{""block_dimensions"": {""A"": 8, ""K"": 288, ""W"": 8}, ""coefficient"": [-0.0003544160130595133, -0.000659090099972298, -0.001511616947200399, 0.0006951758754401344, 0.0011674241595802702, 0.000980768372242112, 0.0007959103019097985, 0.0020071018409523484, 0.0006257891568225556, 0.001686010373288119, 0.0006851934048912309, 0.0010387171499383029, 0.001289468865890987, 0.001977505309801652, -0.0002136602619129147, 0.0004595630597548204, 0.0011324460550190716, 0.0032729951750531095, -0.001970519647111863, 0.0026207136485775287, -0.0009873557343372088, 0.0018490719883377425, -0.001809420441755392, 0.002448664136534751, 0.0016602705677324211, -0.0006883561480387276, -0.0012151464146365528, -0.0001959228261925749, 0.0017036668838996503, 0.0004206745676451162, 0.0022190238917888833, 0.0008892706533558928, 0.002046647048931544, 0.0021011058596815783, -0.000800402933769687, 0.001805642773828739, 0.0009469396242424408, 0.0009425334403197308, -1.025281848336131e-05, -0.0006180249656062724, -0.0011456798056900923, 0.0005743462537231561, -0.0008614918460698477, -0.0006754354556370394, 0.00015164340810069156, -0.001027462143589171, -0.00043490603487452117, 0.0014403105144023443, 0.001038490659446688, -0.0007243673535897246, -0.0006233470695730487, 0.002464497030780132, 0.000349515080493892, -0.000841596548922293, 3.966851576633488e-05, 0.0015746856097263841, 9.75811635271002e-05, 9.909977712243188e-05, 0.001878689768103326, 1.6208901491404293e-05, 0.0014682945896950363, -0.0004925267334503859, 0.0011078717758035862, 0.00039649385916722113, 0.0009099224513981402, 0.0008578994796835719, -0.0020901460781767903, 0.002128258343336649, -0.002116993892250064, 0.001646032514291375, -0.0007900397832231716, 0.0017295089214661033, 0.00037753848874528574, 0.0005086799334336943, 0.0023625359522428968, 4.970019891182001e-05, 0.0002994594599570916, 0.0002826226832853566, 0.00041348699780601025, 0.0004896246902378104, -1.9835505906350116e-05, 0.0007450595556094455, -5.740688685142928e-05, 0.001650195529377792, -0.0005374907774881536, -0.0005691785928770005, 0.0005202289957665464, 0.0005448037584292855, 0.0022188063192208427, 0.0035089890289477783, 0.0004081960479610037, 1.3873714464593957e-05, 0.0063038967382829485, 0.008624107545901644, 0.0055224406132014315, 0.00676613077023658, -0.0026664852082318087, -0.0002941076691098907, -0.0024739951590289004, -0.0006483194960646319, 0.0009283314312578066, -0.00504367647839048, 0.004705524209822401, 0.007042809671632303, 0.0005978496231845023, -0.0017141242687584836, 0.004543493401208541, -0.000834342380381529, 0.0025387421925143565, 0.0006013912165999308, -0.001611980573563377, 0.004295697025165974, -0.0028221006840984005, 0.0008222904899518096, 0.003255175242347543, -0.0019932112499736, 0.001964632897330855, -0.0037877940218280764, 0.002893856129876343, -0.0007498914100922364, -0.0011734159742965104, 0.00013589017809025546, -0.00036493834811147344, -0.0010857103177116573, -0.0010096766216339333, -0.0015074418498262107, 0.00018024409564283106, -0.0011463725935863484, -0.0004148288605738266, 0.0013503013195047394, -0.0005763654268681298, -0.00028162801037405244, 0.0062046457695883106, 0.0053006444314322885, -0.0006699580238645654, 0.0013836564888504565, 0.005077345841019312, -0.0025571898470401516, -0.006316603856448305, -0.0024662041570712354, 0.00603472172178281, 0.00098296085677747, 0.0050343484321457655, 0.002850432616606454, -0.00201400539206682, -8.289365943451393e-05, 0.0012912595781830662, 1.6066957174984094e-05, 0.001118380191112071, -0.0008062639343272757, 0.0013171602770638245, 0.0004885964886834148, 0.00022774710034216916, -0.0010499670696637623, -0.0008296121655693619, -0.0006247878404881229, -0.0013345730577394358, 0.0003589869719242613, 0.00014058443760024347, -0.0007473665082822132, -0.010750812900067405, -0.00419106605830649, -0.006567825810416759, -0.0024715057206273067, -0.005238369555991371, -0.005788519708347795, -0.01093836221237785, -0.004969720477155016, -6.878930876111651e-05, 0.00028007598371785817, 0.00131227167179058, 1.3836599141056357e-05, -0.0008720904649566018, 0.00017702340711742024, 3.416580550023654e-05, -0.0014075613093871607, 0.0014055654913798861, 0.0003609770177705664, 0.0005233802696971541, -0.0018747040940236676, -0.0018683197980839232, -0.0004427648807416581, 0.00023637898027984073, -0.0006628947805389909, 0.00012943703772206965, -0.0010317997127815164, -0.00021995184598391776, -0.00018637888394361965, -0.0016546502136881788, -0.0016527827252668752, -0.00013320245720720294, -0.0006800996432969437, -0.0024323779573706063, -0.0032974124753267736, -0.0047923173704709715, -0.0003619531988675675, -0.004739945793772533, -0.002295985831054178, -0.0007611805567231354, -0.0012568771552791639, 0.009472068637445066, 0.0008046267124951227, 0.007664304758330191, 0.002422121152334844, -0.0012568541463281132, 6.739154020579007e-05, -0.00046355736829019995, -0.00016424699817963565, -0.0017058078702427764, 0.0008990974732789893, 0.00022223380008909137, -0.0001842082611504806, -4.93501243200034e-06, 0.0003231705456057715, -0.0006306589459702165, -0.00018651991627402633, 0.0010637828580514048, -0.00030301658342796683, 9.15104908981273e-05, -0.0052763167852611995, -0.001420685177479594, -0.0012226501964950269, -0.00016423040426596095, -0.00041542904758315924, -0.002042224956410296, -0.0008406824877470334, -0.0014853853702596666, -0.0023458802137539068, -0.0019948004774985924, 0.0006228355071136021, -0.0033528640501386923, -0.0013341987381848778, -0.00096579934531572, -0.0007244509967597309, 0.0015017543263218614, 0.003745452037939814, 0.0017397965756703034, -0.0007165912093127783, -0.00013690821430244987, -0.0011682041889206978, 0.0018524810570860562, 0.00037922867297630517, 0.002299396597218891, 0.0009613065595468089, 0.0021497533536222065, 0.002279423915746259, -0.0007383091523619605, 0.001882194382786849, 0.002898510959238921, 0.005559552735320818, 0.0031976869956482556, 0.0007799477073853518, 0.0008373664382812314, -2.6174621103089174e-05, 0.00015562219473923047, 0.00044732320911544606, -0.0018116827028596108, -0.0010165349644762293, -0.00031362727831224204, -0.0017219761271351866, 0.00013434844693677145, 0.0014466180341173684, -0.0002494908200408039, -0.0005742441905328112, -0.0003566841415292498, 0.0002448844663986457, -0.0002041199120632679, -0.0006548356757416184, -0.0008514594582269895, -0.0006409783430771651, -0.0007241060907423669, -0.00013384644943082645, 0.0009432096598853186, 0.0007769813164479514, 0.0012555489621684224, 0.003036893913612752, 0.0002310706853934664, 0.0002121361857152745, -0.00018729374406136373, 0.00042882193107249424, -0.0007013181223083478, -2.465553680816055e-05, 0.0012464114953005562, -0.0005365892992984517, -0.0005203339898605168, 0.00021660608227068583, -0.0004190496571907288, 0.00021459874111974238, -8.81968492783507e-05, 0.0003659977751775509, 0.0025838690462907685, 0.006778881260977146, 0.005562937647470073, 0.001968733667464428, 0.0003718137253115998, -0.00037282774150976673, -0.0535163829851266, -0.0346468281818511, -0.04660502224305202, 0.005071666332566907, 0.0, -0.02458733677956937, 0.015439998129563764, -0.06743098649150138], ""intercept"": 0.00017409199999999988}",305,0.00427803062325049,0.02205774632503282,80acb6e02c969d97049ac9088acb156a869dc6af2f67e607803f03031ad78c72,4707de30ac3039741c5f217dd85604a58a901295bf8c694626be3e228490e40b,False
OOF_COMMON_FOLDS_1_3,REGISTERED_JOINT_CANDIDATE,METRO_P60_JOINT_STABILITY_9ba68a8332d0bba4fa065072,J_KWA,FULL_BASIS,0.0,0.1,0.08071322648584012,0.08088670841248112,0.08088670841248112,0.2844058867402029,0.1610912746599499,0.19884162915664694,0.2844058867402029,0.1610912746599499,0.7689723316241919,0.19884176821730004,"[{""block_dimensions"": {""A"": 8, ""K"": 288, ""W"": 8}, ""coefficient"": [-0.0004195799376436138, -0.0024848738948427813, -0.0003190057295021845, 0.0007460400657574422, 0.0005051908982603057, 0.0012177555855082288, 0.0010028572698585624, 0.0031917048894429933, -0.0006088586058559249, 0.0017100085428633628, -0.001002522853360523, 0.001004384092026062, 0.0006593314277249176, 0.0011555353432676641, 0.0005472886924728364, 0.0013552626336469952, 0.0014405311658928007, 0.003585213804969506, -0.0016442983593133104, 0.003018137494982446, 0.0020859397559357083, -0.0004145270035127722, -0.001999070739208668, 0.0022462680344909986, 0.001443853577133846, 7.544213648834322e-05, -0.0005612890893569016, -0.0009651051984430308, 0.0018847161166783014, 0.0005997841140040781, 0.0020507627118921466, 0.000754497493773635, 0.002027595407510071, -0.00028964553501754806, 0.001820389222533529, 0.001365706942988535, -0.00042965217958980113, 0.0006408131916017621, -0.00040329862017174806, -0.0002260244860771751, -0.00044891941540298435, -0.00032162838487405685, -0.0010049856473850706, -0.0010827894661692996, 0.0015578821310538024, -8.748531314007605e-05, -0.0002458088864805522, 0.0012317394293085062, 0.0006386906720969547, -0.00032603672476183256, -0.0002603782588196523, 0.002344638151303944, 0.00026844103434767196, -0.0004152754494813138, -0.0006236145656830604, 0.0011628595190273869, 5.490543418005278e-07, -0.00015609927515386197, 0.0016225280326842284, 0.0005744355548532554, 0.0014695042809110628, -0.0003939178805148586, 0.0016968570456212613, 0.00034971351378163717, 0.0015899238331769242, 0.0008836817692634773, -0.0019601992167952633, 0.0018674203025741776, -0.0017370675157886814, 0.0011212106535592548, 0.0023348112364440197, -0.0016626705941896849, 0.00120244379754468, -0.0003172018712882723, 0.000594821758629815, 0.000551251505586336, 0.000515905629165331, -8.171348872971164e-05, -4.0056132442726935e-05, 0.00022981761869503864, 0.0009377099465124966, -0.00017362223848833294, 0.0009319155341166819, 0.0010230424760824433, 0.00014770216438318322, 0.001525110976076283, 0.0003236755276523723, -0.0006114945269158159, 0.0032348974663581774, 0.0036687792926520337, 0.0017504743570376955, 0.0014198012571753323, 0.006313310660194432, 0.007322636779360184, 0.007012062312883844, 0.006179969948672681, -0.00256568743373528, 0.0008599880087026888, -0.003092138941121975, -0.000542059984894739, 0.006915638882085455, -0.0046152311186070495, -0.00016926194756034313, 0.0032012877833336104, 0.0035329138421149515, -0.0012495831278739823, 0.0001021908824602382, -0.00047076998271138043, 0.0012913777054658923, -0.00022340119125201582, 0.0039202259650886785, -0.004289119131365973, -0.002582666406072691, 0.0013936361192705762, 0.003491975544087152, -0.0017883480858804377, 0.003201518275126384, -0.0036202216220211072, 0.0018414151850307979, -0.00039496816830275806, -0.0019023694177957111, 0.0005728097535449192, -0.0006164092927821965, -0.0018304151876357882, -0.0006967428455995943, -4.470832689645141e-05, -0.0010166656899361134, -0.0003937224854482482, 0.0010115938353982574, -0.0006510132400651911, 5.2480508367277086e-05, -0.001398107118579885, -0.0006255289097794622, 0.0054079396020403165, 0.0019608369161812447, 0.005926624443848211, 0.005881758710735713, -0.0043492104273877424, -0.006522230365222419, -0.0015837638777546081, 0.006322982583819319, 0.007015022464445656, 0.0015865517435511016, 0.0028125318033029854, -0.0024097334200059595, -0.0006509455263818997, 0.0014258117731188265, 5.5853081864704586e-05, -0.0009744034880789505, -0.0009264483254314119, 0.00019338448079755292, -0.0014932968928892515, 0.0013962684523887796, -0.0005859871575895877, -0.00048349737801658743, 0.0009066143984269571, -0.0021040777031166987, 0.0013255241007056068, -0.0003685467599418998, -0.0009090475015594724, -0.005965878343278315, -0.012847704753557924, -0.00457380096457437, -0.002893309146830413, -0.006298652628209774, -0.006274759690037376, -0.010092916921727257, -0.005407799285805888, -6.669382004087136e-05, 0.000505141523709563, 0.0018263443012673907, -0.0009528010744851358, -0.0002054979557970669, -0.0007824546647673202, 0.00042050606584452283, 0.0003752972458009059, -0.0011227251332691258, 0.0036965048032089596, 0.000446443458407527, -0.0005999502043909221, -0.0003405365061469422, -0.0019905819505159988, 5.166623263785706e-05, -0.001308263479647484, -4.603446289440498e-05, -0.0007533827610803792, -0.0002720011953220623, -0.0006852450019126935, 0.0002356105087142037, -0.0015355233544854967, -0.0013639113932077316, -0.000613247010976989, -0.0015146534673048297, -0.004457992497692251, -0.0016145438190543753, -7.685608572299504e-05, -0.005468443205059967, -0.0005821254606447993, -3.690456330904661e-05, 0.0003008459231835843, 0.009625264099579213, 0.00690857536730018, 0.002280936758143999, 0.0027106908566045407, -0.001739740927340451, 0.00034145462356928213, -0.0003767058854655858, -0.00019778129104568103, -0.0009901552272001948, 0.0008562998089327816, -0.0008347039028384613, 0.0006771300892791849, -0.0008601580581519132, 0.0003727552737776336, 0.00039555166181180166, -0.00024546433923980897, -0.0020674744720606797, -0.0007588881493863499, -0.0008355206267419547, -0.003318428593450298, -0.001807773127992569, -0.001076585898419044, -9.525142634127544e-06, 0.001979239088533558, -0.001662441316786979, -0.0005802299848795562, -0.0007289191814818763, -0.0006352368064891731, -0.002775566745893083, 0.0006991440775814406, -0.002523226211480032, -0.0019385156764877966, -0.0028823105403503525, -0.002569605486668951, 0.004663349725535994, 0.0040275702541662595, 0.0014802832575452327, 2.9176386171452034e-05, -0.0005495898270694762, -0.0008861448480205161, 0.0020357750796851535, 0.0005648557647811974, 0.002146397781963934, 0.0008627713551434734, 0.0021017444875755936, -0.000287861183859869, 0.0020352718076531158, 0.0014872285207514306, 0.0007060911971776738, 0.004931370821099583, 0.0030182553210103447, -0.0005868101448502927, -0.00030193141766395563, -0.0005084193621887013, -0.0007563220693375929, -0.0010767850792632958, 0.00024438477197444514, 0.0003737876524487683, 0.0003946400662353129, -0.0011998279627494324, -0.0007318633764086061, 0.001360317384426646, -0.0002750322552067896, 0.0012458267322539745, -0.0014643684036007073, -0.00023948527122084144, -0.0012035144575105756, -0.0008337229309134486, -0.0015969532059699452, -0.00020500995258546797, -0.0018355623877682424, -0.0015062942985305061, 0.0016517483264302365, 0.0025021815497170224, 0.0017668259315806686, 0.004046590419585614, -0.0005553285698268245, -0.0004416800328309272, 0.0011432977618777236, -0.0006149534958541891, -0.0002814002674516851, -0.00017323783288931743, -0.00013709081477455534, -0.00045706896597283713, -0.000335314877980941, 2.2262876678851334e-05, -0.00018297314029544148, -0.00034264436961869657, 0.0010226775474965052, 0.0002456563411062497, 0.001236046829454629, 0.008909211155749412, 0.004103347269406193, 0.0020800830669780285, 0.0013955448598842242, -0.00039644619815379806, -0.054000828514580476, -0.03458789236210026, -0.046917689662737516, 0.005747325879598705, 0.0, -0.02509533443891514, 0.015780415445447487, -0.06804615694513291], ""intercept"": -0.00012420800000000328}, {""block_dimensions"": {""A"": 8, ""K"": 288, ""W"": 8}, ""coefficient"": [-4.8240367903513744e-05, -0.0012175998607487333, -0.0009033066139350758, 0.0012832628697559258, 0.00058132431598734, 0.0016054058165916203, 0.0012164560010350166, 0.002740964871515995, -0.00031285730811741856, 0.0018149576989632916, -0.0003897928903165807, 0.0008903755239226497, 0.0007854522959593659, 0.0012405609130644423, 0.0005314673456665931, 0.0010122177275561372, 0.0012468359758785119, 0.003297858793974581, -0.00201250199703697, 0.0023706218211680986, -0.0007073809814073865, -0.002392833579301225, 0.0019614612030048116, 0.002817619496496195, 0.0013873965818841246, -0.00047808154586540376, -0.0006269297719243983, -0.0007329522575251947, 0.002151682198274615, 0.0006585058356426615, 0.0021688834799619603, 0.0020328327897354706, 0.0020496659606123024, 0.0018415891306917693, -0.00045238442762642777, 0.0011524496793697994, 0.00021974735471447552, -0.0017578085326520807, 0.0008988597866498724, 0.00012337296278855256, -0.0004969729339245782, -0.0007819070463992064, -0.0003019844855475228, -0.0007817090444473682, 0.0007436995530769201, -0.000169040841089845, -0.0006488340158120055, 0.001498276449618168, 0.0005384184403192908, -0.000502203662053798, -0.0004128535937973601, 0.0023888981905904098, 4.5275534572425926e-05, -0.0005570402830537858, -0.0003736642865904118, 0.0015114236952735007, -0.0004952278750211355, -0.00011859770667462175, 0.0014990596830447465, 0.00028912479628892106, 0.0019218093468630752, -0.00027190140912242584, 0.001632289825465011, 0.0005756711007961464, 0.0009132075347474348, 0.001301507083228509, -0.002151057905088573, 0.0022943268751642264, -0.0021110294649832125, 0.0016460704072087486, 0.0019833844446774654, -0.000979894094758668, 0.0001571988197008162, 0.00034294309476866987, 0.0011296797677366242, -0.00010036583920125659, 0.00038565695969662583, -0.0004872031222656575, 2.301015612988405e-05, 0.0001971936012037305, 6.13729755012551e-05, -0.0004645027714231399, 0.0004900288090424969, 0.0012825034558383668, 0.0006179746923730396, 0.0013674273946732856, 0.00012655901260975378, -0.000789802518386114, 0.0022903391663098077, 0.0035184793672466373, 0.0005016522154685278, 0.0014098856026042686, 0.006043779952543376, 0.007944512311241596, 0.004680543198069998, 0.006652241418506114, -0.0021160543081321734, 0.000709267439945995, -0.003207748987836619, -0.0009038880364611984, -2.880526213614655e-05, -0.005075105935893945, 0.0036278804857015614, 0.007060664056380366, -0.0008584711053117826, -0.0014251468991463578, 0.0036322334064456075, -0.0001384855399446962, 0.0011816520684555685, -0.0004311087923043657, -0.001780739890075003, 0.004487665735988861, -0.003579399354776237, 0.0015164860844983754, 0.003666507249592778, -0.0011588899992124228, 0.002247464230962344, -0.004309436619580649, 0.0028015901681425833, -0.0001990633888896371, -0.0018220116346952463, 0.0005064082706670512, -0.0008020224947441381, -0.0014591369287398801, 0.0013551660323349337, -0.0018767426093618937, -0.0015267311328136957, 0.00042932955115903567, 0.00016029121476074298, -4.073472544949685e-05, 0.00040783547028046415, -0.0008704190283406438, 0.005367625224255047, 0.005731381876963645, -0.00033388622210494986, 0.000990828354154556, 0.005251191464220303, -0.002907971519957227, -0.007874226696569743, -0.0021476722880954227, 0.005965334908224594, 0.006431712417751076, 0.0009662346855379307, 0.0032389781463618306, -0.002140529975612828, 0.00016213340449262132, -0.000629712087152008, -0.00048593388775469893, 0.0006716751490236333, -6.939267683162127e-05, 0.0015480120521133554, 0.0005981724644108209, -0.0001138704066289496, -0.0005928298951543076, -0.0005076755136384866, -0.0013521736354054354, -0.0014356883282772952, 0.001173974818655779, -0.0006043885844864515, -0.0007549698253537963, -0.011509145214074742, -0.005007760419947624, -0.007077305551688238, -0.004225218035075085, -0.0063505567629947805, -0.006063060510962817, -0.012035412709993878, -0.003950467425003228, 0.0006312555883079223, 7.087438179863627e-05, 0.00182105634006244, -0.0014536726512484072, -3.562996529299116e-05, -0.0006153024407432757, 0.0009714416727317776, 0.0002705536633500736, -0.0007597341699550649, 0.0021724832358792708, 0.0014910083090149912, -0.0006968671593406316, -0.001873772655575421, -0.0007343155294508406, 0.00040774210410612937, -0.0015591070244391472, 0.00014323298695064995, -0.0005916820847553295, -0.0005019151680677709, -0.00032571136346484054, -0.0016970698617030623, -0.0014638720031182766, 0.00010181026800293055, -0.0004895454429128287, -0.0018144572069662605, -0.0006642866089855564, -0.003971709743394463, -0.000515842512110226, -0.0058362383401055085, -0.001707651693393207, -0.0008452808189100183, -8.11922680553261e-05, 0.009990723173965094, 0.006966979462814791, 0.0008662351581523294, 0.0019746578941374528, -0.0011569175869730948, -0.00024035796151357098, -0.0001791261503395506, -0.00021101439693440856, -0.0014854657191041044, 0.0009381687753666975, 5.599181772044322e-05, -0.00016106681366846048, -0.0003391898694428435, 0.0007272346759423014, 1.5416648687314835e-06, -0.00019607220049899083, -0.0008452028160674128, -0.0014579407532880955, 0.00010034441524902992, -0.003191349657078112, -0.0008735385957868468, -0.002021004107903777, -0.00042425293779779056, 0.001274717835976153, -0.0011271652393004701, -0.0003784495102624766, -0.0020354810684124537, -0.0004773901667280326, -0.0016981286213229294, 0.0015949632939141181, -0.0019375852421675106, -0.0017196364469938992, -0.002145033994061082, -0.0015168520192290784, 0.00363539425207186, 0.00426572154255705, 0.0014295210490510575, -0.00048281929943751835, -0.0006522297852050329, -0.0006315641421274762, 0.0023031003551250064, 0.000627533316788695, 0.0022564160688018143, 0.0021561079707059965, 0.002094700924010664, 0.0020766059412569158, -0.0004408805857448863, 0.0012556096171479156, 0.0010345621108393743, 0.004546385889862617, 0.00219812952045464, 0.0008441091119343612, -0.0003552653161704009, 0.00034616965348573266, -0.00033456428277291807, 0.0010625353755810598, -0.0015807473270574217, -0.0004703351634386637, 3.2736684721639624e-06, -0.0012051582712666097, 0.0010374965684743845, 0.0007838964000035539, -0.000947717223523468, -0.0008524739405590935, -0.0009415948841272336, 0.00021245888984286064, -0.0010369613289506988, -0.0004178621582571374, -0.0014382003218331167, -0.0008368523225121086, -0.0016680785324761623, -0.0009651348697366202, 0.0013266105523072487, 0.00140498782391882, 0.002005315601238855, 0.0032582707950401975, -6.703273522019453e-05, 8.108528971625957e-05, 0.0010546982870240638, -0.00028111693219257827, -0.000131325617898854, 0.0001974389510687655, -0.0002936632106440673, -0.000977788834713566, -0.00018726311028709764, 7.742266041185092e-05, -0.00011031462786123649, -0.0006649603901975012, 0.00017206920235158762, 0.0009508593039971864, 0.0022680142445258315, 0.008429010276367561, 0.006130128625540522, 0.0011077617242770603, 0.0011970742452675634, 0.0004638318654117695, -0.053889010477231915, -0.03471267488161278, -0.04692786047096384, 0.005546526728965726, 0.0, -0.025003134530570587, 0.01570606105948236, -0.06808516857874893], ""intercept"": 0.000191412}, {""block_dimensions"": {""A"": 8, ""K"": 288, ""W"": 8}, ""coefficient"": [-0.00020179625691555696, -0.0011586359190374875, -0.0013312896151065567, 0.0009467732419299102, 0.0005209759477350979, 0.0016273998290010467, 0.0007610148411875659, 0.002233148048269474, 0.0002710993018715479, 0.0015418013565489566, 0.0002342076741700312, 0.00099272629089092, -0.0007936879528424169, 0.0017607564164031635, 0.00024299138735362876, 0.0014677899579261685, 0.002847703578226843, 0.0009285669922315067, 0.0011091985007354757, 0.0032273072961990714, -0.002272919543918976, 0.0017870067381139092, -0.0021426982130101795, 0.0022611761999673037, 0.0016064562853271667, -0.0004745457191551362, -0.0010820559224729613, -0.0006596173411148958, 0.0019326201844048142, 0.0006289393686441205, 0.002002492367029574, 0.0017499930662746817, 0.0019796752849738242, 0.0018258683460971332, -0.0005711891179356717, 0.0010463631225719856, -0.0006073974930069483, -6.329052139088942e-06, 0.001029787743593603, -0.0005113361889021452, -0.00046247210579852566, -0.0004926036416372275, -0.00028626622418631, -4.655590692902183e-06, 0.00017851873683430517, -0.0005442520160195536, 0.00013499824641796432, 0.0009464925787071061, 0.0010598396354340757, -0.000818244895328575, -0.00042612850617625663, 0.0023066625040081357, 0.0002613419215988878, -0.0007385829061056128, -0.00031412571649850566, 0.0017895674024371335, -0.0008567002103305656, 0.00036945244274104547, 0.0018683347080066556, 0.0005363646297746818, 0.0017602409259368432, -0.00042102197739038287, 0.0017174814505889352, -0.0003806950920702486, 0.0012160486620946913, 0.0014297704045748091, -0.0024184670724241497, 0.0025597752042886023, -0.0023686704466463365, -0.0009031883146077276, 0.0021561126285402636, 0.0017928942910848424, 0.00031121144145489004, 0.0004271347433098136, 0.0012587087587189695, 0.00010120064425365274, 0.0006584298748223341, 0.00020316732913113448, 0.00020092205655716924, 0.0003136533115271458, 0.0002903659896306517, 0.0006482547185029878, -0.0002332880176081093, 0.0012934309733033944, 0.00015212072677320827, -0.00016191105086254436, -0.0004454040060100649, 0.0007764032566415491, 0.0028515376707213113, 0.003091273355895045, 0.0007521972911919015, -6.198536873253749e-05, 0.006795499142328089, 0.008014182885577502, 0.005334163269069447, 0.007618854903478658, -0.0024344695220571842, -0.0002570996872337523, -0.0028313045361013332, -0.0008684786790071657, 0.0004919644385608289, -0.0047157900138649865, 0.004198131267811442, 0.007148734765065327, 0.00023792799232537587, -0.0021576483486070996, 0.004708487449311468, -0.0006974618654791432, 0.0017281558591037815, 0.00021418266984933533, -0.0016416760696060008, 0.004240935058932887, -0.0036017037492895774, 0.0013334352233301146, 0.0034973467946114623, -0.0014332199380430333, 0.002177151401038374, -0.004013496686349447, 0.0031759739992662183, -0.0005057503967824113, -0.001503664054767076, 0.00032586776604889167, -0.0005170195699583777, -0.0012077772111667784, 0.0010816919350060748, -0.002043551987726674, -0.0012430608924024163, 6.036596086685696e-05, -0.00014388896363323563, -0.00012385462900175737, -0.0007430919018144559, -0.0002597732389353739, 0.005390173640461639, 0.005447064050991811, -0.0009325302653925873, 0.001930603089024504, 0.005208456170278171, -0.002862201931105889, -0.006983256509603782, -0.001575471589698168, 0.005210162738607107, 0.0008404337272884481, 0.005992887038360506, 0.002812812380598241, -0.0021473511464435496, 0.000144709898324723, -0.00030787000688585226, -0.0007613246720748493, 0.001335354271388867, -0.00039524270178075533, 0.001497428309228063, 0.0008923526397062804, 0.0010201845384302855, -0.0006019602140047608, -0.0008548174960049488, -0.0013599265969387675, -0.0015815900894916883, 0.0005850912150315258, -0.0001988835267187243, -0.0007519049763272526, -0.010931579889902334, -0.004347253580737689, -0.006739238590173229, -0.0029369889556822627, -0.005708434325847291, -0.005646753695071412, -0.011897972642416947, -0.004160994198807295, 7.241755050140064e-05, 0.0004978076941490301, 0.0017834840904192588, -0.0006673862654190272, -0.0010036748422912794, -0.0010524117825053802, 0.0005602602710197093, 9.236398033883088e-05, -4.555441599544303e-05, 0.00033095502125372493, 0.0013064197579136844, -0.00019937526972391194, -0.0017399213491385923, -0.0005568774496491798, 0.00021967344212054835, -0.0013058034597343447, -1.1625609348121892e-05, -0.0008964812049613735, -0.00020222980026393612, -0.0006647958976519013, 1.57423015623632e-05, -0.0016700875830255142, -0.0014043760606414018, -0.00026047359525979187, -0.001985996279777637, -0.001947651931654866, -0.004364614486572252, -0.0010635103117630615, -0.005053142352816787, -0.0018559740684979307, -0.0010234035213450903, -0.00136531672095619, 0.009122743265146878, 0.0007179725225321661, 0.007417777616397107, 0.0017781917576047688, -0.0013190025585821156, 2.1313710576073304e-05, -0.0002058293280506199, -0.0004486601778424766, -0.001640082429453317, 0.001314311924177295, -0.00018559610438932225, -7.463943009093962e-05, -0.00022533668452327362, 0.0009003797922241163, -0.0005725400240417504, -0.00041161294090439205, 0.0012421999102806458, -0.0002540955282336078, 0.0002918230532568852, -0.004663662276492828, -0.0015572230704713596, -0.0011707744704177387, -0.00044584439448964243, -0.0009269811918346439, -0.0020826864497845068, -0.00023207407695273425, -0.0010754191860982381, -0.002702008178055142, -0.0018371087006594262, 0.0012659175726988533, -0.002780460310704084, -0.0017595099920882928, -0.0011147082377761745, -0.0014580183840564621, 0.001954269196233205, 0.00446899748733321, 0.0017015527821267916, -0.0005016705212525385, -0.0005780136666415819, -0.0010389305434294457, 0.002075063741749345, 0.0005740032583300505, 0.0021198772103711186, 0.001881405835496998, 0.002092399854642186, 0.0020617519747613295, -0.0005188514428179845, 0.001138543390881858, 0.0016361635773087819, 0.004848795658225375, 0.0019947133033140006, 0.0006488195353488765, 0.000427371866286822, 9.892164534933209e-05, 0.0003482822405632292, 0.0006327461253019176, -0.0015902704412429842, -0.0015711677292964304, -0.0002461490119519241, -0.0007749849724275227, 0.0008118529728078516, -0.0007681516007607787, 0.0007432743930810856, -0.0008025986530942698, -0.000766103545191077, 0.0005926214063791671, -0.0014689906066032243, -0.0007633034216730067, -0.0006358764837491414, -0.00036190491734338693, -0.0015219489231057654, -0.0005849035108002826, 0.0008876117606027476, 0.0012867317160037972, 0.0017218322714910319, 0.0032132433698641052, 0.00010592979049793821, 0.0002722939194121675, 0.0006321364775648571, 0.00021964117744570618, -0.0005968100290182234, 0.00010872360887165647, 0.0011611195868330019, -0.0010610910846386764, -0.0004986822959625749, 7.734937750389232e-05, 0.00021353967948245192, -0.0009869443651048793, -0.0001250303322100693, -4.583695700302142e-05, 0.002668809182333941, 0.007317704069575473, 0.005228221179934083, 0.0013289148814206427, 0.00098489837396548, -2.658589971728919e-05, -0.053377105129669915, -0.03470611183649934, -0.04649825647718012, 0.004724691777802436, 0.0, -0.02445364049959774, 0.015259444104178755, -0.06690307514143624], ""intercept"": 0.00016905200000000092}]",305,0.0043916151407620225,0.02227253531054174,3a604de324fb150be04724a6acbd8db7ea51b24abc931fa4a127c8ad46fb7d7a,392e865134632ed1ae0b7a2dde3f782b9e85ccaf61cb5b8197d182b67c36fcb8,False
VALIDATION_COMMON_SUPPORT,REGISTERED_JOINT_CANDIDATE,METRO_P60_JOINT_STABILITY_9168d7262c98f345f42ef2bb,J_KWA,FULL_BASIS,0.0,1.0,0.08419389475497542,0.0841938947549754,0.08320504868651965,0.2884528534899935,0.1437927953211291,0.16441862251330808,0.2884528534899935,0.1437927953211291,0.761529745073117,0.164418632285956,"{""block_dimensions"": {""A"": 8, ""K"": 288, ""W"": 8}, ""coefficient"": [0.0006198270418873846, -0.000283167751040389, -0.00013291024325211764, 0.00019907415096379188, 0.0005985213534317044, 0.00020586121024336194, 0.0005742740777749132, 0.0006223692923820162, 0.0004852027536474705, 0.00044489922230934054, 0.0005394024341501802, 0.0006114374575812786, -4.354603575910866e-05, 0.00041765440285302193, -0.00014615233763836885, 0.0002587181739746963, 0.00023767878947764708, 0.000491861873220452, -0.00042112274674670577, 0.00045724446199014985, -0.00036463052250492985, 0.00042589258355407494, -0.00011234023431574134, 0.0006134586283169418, 0.0005388653984669607, -1.1678212013754352e-05, -0.0001514948248198048, 0.00014296847601291752, 0.00038430673200772397, 0.00013277221247549295, 0.0004225905021844285, 0.0002154017256866481, 0.0004901715794341692, 0.0004232693014940801, -8.298530952495251e-08, 0.0003898062826221674, 0.0006100066599710084, 0.0005847254917490718, 0.0003728723588348611, -3.0476930706515922e-05, -0.00023749536011767535, 0.0007681507405755982, -0.00019178529783549816, -0.00014548779209413618, -8.483134572152869e-05, -0.00031206456003015205, -0.00022556010147976584, 5.577958093370891e-05, 0.00027344870763915536, 0.00012184468007924377, 6.255382001810135e-05, 0.0006496356448865154, 0.000160542320944657, -4.969522571975256e-05, 0.00020087546306934087, 0.0002509608691770872, 0.00028110066913722447, 2.3664719743891008e-05, 0.0007216850160873125, 4.8020936883459164e-05, 0.0009659199600467464, -0.00024776861272053467, 9.096111410339188e-05, -4.119002818190601e-05, 0.0008341992255116816, 0.00044237882000400475, -0.00031387352805683073, 0.0007710015255136026, -0.0004904966114787565, 0.0008547728602884773, 5.14344193918328e-05, 0.0006793216393330538, 0.0005415223343709088, 0.00048346526755822154, 0.0005080100145449655, 0.00039991020499507176, 0.0004195331307918778, 0.00045243956023456985, 0.00023946708718207614, 0.0005513831769104136, 0.0003762723449580276, 0.00023257321242208643, 0.0003930873771081817, 0.0004248440669009455, 0.00039115167249172063, 0.0006740313742715639, 0.000336074775815051, 0.000501200325223873, 0.0010330849934720564, 0.0011058998202001355, 0.0006338858780205255, 0.00035364684395105736, 0.0027661106239850377, 0.002575909539109279, 0.0017957856341506617, 0.002023124528166711, -0.001449594959298051, -4.968176544825384e-05, -0.0008545347612556668, -0.00024654522720682804, 0.0016461081420679124, -0.0006418746127313996, 0.0016778994186618398, 0.0023634774384460257, 0.0012069170831650457, 0.00010267629261474262, 0.002529460524510558, 3.0362392934494358e-05, 0.0005646614125296047, -0.0004639386938340616, -0.0003447916427982077, 0.00043460057562557086, -0.0012256050373894312, 0.00018354603860106511, 0.0003750951994752416, -0.0009474964401699343, 0.000395228007328426, -0.0008145066489708495, 0.0005318004902292979, -0.00020848731114921762, -0.0008776782813545227, -3.2956034163306184e-05, -0.00022361010274386117, -0.00045574321912433135, -7.653432426117375e-05, -0.00028666603044682343, 0.00029362020662063095, -7.213638379063263e-05, -6.116336059275665e-05, 0.0003549328854219926, -0.00014855614633448204, -0.00018234522527571536, 0.0018797502128899705, 0.0013555330657460283, -0.0006442823283277012, 0.0008915704918316307, 0.0012200310764207756, -9.670038650869637e-05, -0.0016749867976209817, -0.0008385217051933311, 0.003173035679437736, 0.0007398586321478041, 0.0023038513690751272, 0.0013017874991306244, -0.0004978538861302161, 3.372095402104868e-05, 0.0003686381525426827, -0.00019977700659445927, 0.0002318513209318043, 3.94364394116655e-05, 0.0005045935843170657, -0.00020204345637324193, -0.00021239948828482463, -0.00011313104771875412, -0.00029963324503350737, 0.0001838050008959443, -0.0008504662981546324, 1.3799115365363448e-05, -0.00018080455423726127, -0.00039412263025219554, -0.0034544171137850495, -0.0008952753608221492, -0.0017633314303849906, -0.00047680856589058586, -0.0013375269097933597, -0.001159288028508453, -0.002761155465355941, -0.0011320832839218549, 4.3948946051125677e-05, -0.0004159333556562406, 0.000412000453851229, 0.00010031124623862554, -0.0005252678448475461, 6.347782401614189e-05, -0.00012352238727877894, -0.00021080872186650856, -0.00013546214448482434, 0.00025723409798796053, -0.00011211559899578043, -0.00057968821449447, -0.00010388245587876343, -9.662627873915238e-05, 0.00012939163108253505, -0.00020206479561711945, 5.3169136075864015e-05, -0.00015373111407248743, 9.20452061585913e-05, -6.366204397340946e-06, -0.00022256859659047638, -2.9525693928876613e-05, 2.859427294102265e-05, -8.047584299647027e-05, -0.0004432612478443329, -0.00202488517247031, -0.0014352685858565822, -0.00034048209576858964, -0.0016480766037120268, -0.0014106806396702537, -0.001105610402027788, -0.00037006734694265757, 0.003409867980842136, 0.0008772102792256145, 0.002605201383537935, 0.0013292231834172762, -0.000518180702611501, -0.00029889517830384747, -0.0005063543176986632, -0.00016246078625337468, -0.0005447609483551405, 0.00043053395000086544, -7.209152367040937e-05, -1.2709011597614326e-05, -0.00011120532205099091, 0.00036679947903146473, -5.1492288772580054e-05, -0.00017772391109978038, -0.00015888472110097316, -0.0010207512544143564, -6.447587414958535e-05, -0.0011588150166501469, -0.0005854309479131096, -0.0005480211730472481, -0.0007047494671332521, -0.0009982450919192238, -0.0007671623111067793, -0.00010815481044894333, -0.00040274500814941065, -0.0011054508248047096, -0.0010351579934061426, 0.00024936184599196856, -0.0012896139074878399, -0.00020354991103956692, -0.0009663977909472384, -0.0004761469688627632, 0.0005370606713157996, 0.0009744176364853214, 0.0005815359976326271, -1.1307921535335339e-05, 0.00015626082569162333, -0.0001380528689839075, 0.0004309543034183586, 0.00014271795316411206, 0.00047881057948028605, 0.00024107331919117947, 0.0005432899739906211, 0.00048104701363496736, 1.369302046827992e-05, 0.0004184862486958314, 0.0007278985171364713, 0.0012375262308613763, 0.0002924187352187414, -0.0004194264633710002, 0.00023100576401164868, -0.00021766080841593058, -5.759452886759462e-05, 0.00030360238924214447, -0.001112234634929573, -0.0005657576141769746, -0.00018132652206257063, -0.0005006454951122028, -0.00023347732850793096, 0.0009265547541893297, -0.00021849797060676803, -0.000477202461278977, -0.00041290608370809833, 0.000158849811721831, -0.000283368784492587, -0.00043326291928011054, -0.0002904093401861975, -0.00038218072278637706, -0.00022019213157561268, -3.3498394593691215e-05, -0.00012333970862381214, 5.838126721537345e-05, 0.00044090455641966234, 0.0008292075259388428, 4.486902545478107e-07, 9.854061845229915e-05, -6.33945106092223e-05, 0.00014912704679634865, -0.00017253815079410048, 6.0584574252514086e-05, 0.00023998187428652464, -0.00014048931106154454, 1.2046585419107689e-05, 4.648599475676731e-05, 5.2309961295394106e-05, 6.75280360874907e-05, -1.8025091013219982e-05, 0.000492801041006982, 0.0018311550694365053, 0.0037687731727952182, 0.003356257962068707, 0.001637562432737319, 0.0004950372125931375, -5.581341288977602e-05, -0.03224385372706189, -0.024978138078042895, -0.02938804264264192, 0.003257007857159126, 0.0, -0.009464463367801877, 0.005672738339605827, -0.042597387687987744], ""intercept"": 0.00017409199999999988}",305,0.0013736804775444863,0.00912224569239025,80acb6e02c969d97049ac9088acb156a869dc6af2f67e607803f03031ad78c72,d54023aa401f45382f7e533096ae917b57ea0c32c650c801b3641575c780d442,False
OOF_COMMON_FOLDS_1_3,REGISTERED_JOINT_CANDIDATE,METRO_P60_JOINT_STABILITY_9168d7262c98f345f42ef2bb,J_KWA,FULL_BASIS,0.0,1.0,0.08419389475497542,0.08418288250770128,0.08418288250770128,0.29014286568465075,0.1439052633950179,0.16619402215209267,0.29014286568465075,0.1439052633950179,0.7595578378127222,0.16619416687953747,"[{""block_dimensions"": {""A"": 8, ""K"": 288, ""W"": 8}, ""coefficient"": [0.0005389749733864705, -0.0005109896898016789, -1.5915957476625027e-05, 6.441449537419079e-05, 0.0004532504308616857, 0.00025073255836208046, 0.0005643036008065618, 0.0007261332511648566, 0.0003199807247493747, 0.0004046843351295836, 0.0003272956343936667, 0.0006580225084249432, -9.367542107785761e-05, 0.00027050831276423663, -0.00010875950670512212, 0.00035255519135808796, 0.0003071193691012543, 0.0005613246889776654, -0.0003900137227492693, 0.0005043229194563323, 0.00042740757074144416, -0.0002448051277033619, -0.00016627752535454336, 0.0005636106774316705, 0.0005260513525074151, 9.515039662031875e-05, -0.00011503595857318843, 6.312937544491897e-05, 0.0003879447777036085, 0.00024122519399704103, 0.0003502313486134427, 0.00026542924839688593, 0.00046201839117344847, 0.00011315460496140123, 0.0003464416023828788, 0.00035614546815603405, 0.0001831384461829195, 0.0005529676604477457, 0.00028047920793548717, 0.000411522621126531, 0.0002386629960230124, 0.00021696209357786075, -0.0002352902605012374, 2.95633524637187e-05, 0.00010465104510447157, -5.270469024630781e-05, -5.274248101130342e-05, 0.0002039227812270897, 0.00026792327948105005, 0.00023721522446398875, 0.00014716466634287481, 0.0005848935829169251, 0.00017092180947895531, -2.3994928633107834e-05, 0.0001325501902050915, 0.0002886296762142411, 0.0002815004905816288, 9.936849160931959e-05, 0.0006979305993183796, 0.00015892206145968476, 0.0009866862135891328, -0.00026680325999996896, 0.0001988348090116446, -7.687471354083629e-05, 0.0010375788032540678, 0.0004008659972620776, -0.0003854741694367585, 0.0007676498996213383, -0.0004936027855061856, 0.0005856308615323724, 0.000969405042442421, -0.00010571132662615422, 0.0005254376163006174, 0.0003207224854429447, 0.00027834499699072525, 0.0003880978864284619, 0.00038934529103623594, 0.000322974951247505, 0.00015894100518278065, 0.0006018001907222322, 0.00043030310513916066, 0.0002992205380434627, 0.00030923525721684384, 0.00031721143851037875, 0.0003036670294419529, 0.0011535936092949676, 0.00033342339544619083, 7.050472127468757e-05, 0.0011792562139674929, 0.0013704655750382002, 0.0006147616221919579, 0.0004443106719181027, 0.002818863726562688, 0.0020372391779142416, 0.0019739695624928543, 0.0018163126773328628, -0.0014233075138746977, 1.4714893940732416e-05, -0.0009170720356435228, -0.00026794419642284093, 0.0024058758818496944, -0.0005389461171013013, 0.001010527108241888, 0.001472141693857634, 0.002389632163608563, 0.00011451190744062034, 0.001544592510024831, 9.140147185667773e-05, 0.0003422929946147143, -0.00046591523435406015, 0.0005100849246111268, -0.0012755886572991626, -0.00037811867153039427, 0.00033164808404546246, 0.0005253183724415447, -0.0007396086753583943, 0.0006217536446328042, -0.0008129501597936934, 0.000453235212008851, -0.00021047802001632941, -0.0004618737928682892, 5.1268242378548856e-05, -0.00023755659908867134, -0.0008859094954066398, -0.00023550042838668315, 0.0002620695411806139, -7.535648991642315e-05, -0.00016009353001940137, 0.0002805581161296134, -0.00010295012030753615, 2.210356020730904e-05, -0.00030310903580203275, -0.0005572912043567714, 0.0014839464701908783, 0.0008678012011416839, 0.001328023927740576, 0.0017300690510332565, -0.0007847086906971431, -0.0018581563965619015, -0.0010395477849119248, 0.0032223484472862197, 0.002423271799037515, 0.0007858844988494147, 0.0013732879132070488, -0.000498198506127778, -0.00011703559968459919, 0.00044072889757845653, -0.00021287869012133817, -8.929499971261558e-05, 9.62801343989945e-05, -0.0001580227863613127, -0.0002126908545640962, 0.0003242702259597366, -0.00023509206120140682, 7.185955369406051e-05, 9.084985218268252e-05, -0.0008676654750756885, 0.0001277354948267736, -0.00021621203854997335, -0.0003512421237456997, -0.0010980826579367609, -0.003727750487015182, -0.0012003898339993054, -0.0005483950470947268, -0.0013032041830960076, -0.0018130724820682035, -0.002772922735069173, -0.001111543803716015, -0.0005424561853623203, 5.133650114336505e-05, 0.0006805341431909729, -0.00022016323044735876, -0.00031298964972145064, -7.118781152308652e-05, 8.303269841172525e-06, 3.949639142985982e-05, -0.0005765851136185834, 0.0007468323032637911, -0.00019839379214055023, 4.431407321681065e-05, -0.00010275346421499213, -0.00010037453331904168, 0.00010591289476327915, -0.00030048362737316366, -1.0640208524434729e-05, -0.00014108842753153553, 6.477257162375675e-05, -8.437890824270211e-05, 5.410698452086758e-05, -0.00021903285937470519, -2.4718186494639416e-05, -9.032719294329494e-05, -5.635683687232026e-05, -0.0014448138167549216, -0.0017066178384519332, -0.00038956761721948993, -0.0018186772133166925, -0.0012166271527537219, -0.0010778130238059437, 1.570272354408454e-06, 0.003404150438593684, 0.002614289161416056, 0.000996494812150773, 0.0015081576869979828, -0.0005121434632859953, -0.0002548375208515519, -0.0004696050112018176, -0.0002044680358655583, -0.0004570500686021628, 0.00037007436059449146, -0.00042179105870323224, 7.614963514136637e-05, -0.00045698708395672277, 0.00031295366449894934, 5.803806117242798e-05, -0.00022407480852766336, -0.0013911768887952766, -0.0003837262128858537, -0.00018264753945811915, -0.0012262758203039263, -0.0007908455301198809, -0.00040948039995300197, -0.001134946913246057, 8.509452071199344e-05, -0.0008876204393292754, -6.053137881185598e-05, -0.00024104118799875065, -0.0003229158937624603, -0.0009707644499646383, 0.00039483653769274013, -0.0009666640419213516, -0.0001770372801220605, -0.0011739328970985755, -0.0006044824229598232, 0.0009686023644122009, 0.0009806317288348738, 0.000562057369478919, 9.467216169746719e-05, -0.00010481777547524959, 7.867645236054555e-05, 0.00043233338367712146, 0.0002464571117536187, 0.00040968564121592754, 0.0002889646171590819, 0.0005117717042554406, 0.00011871617635436138, 0.00040791227646411795, 0.00038586440177873434, 0.00023141381558841503, 0.0011083450613620371, 1.4091180064333504e-05, -0.0006417769069762123, -0.00019881553752379295, -0.00043668560441126645, -0.00030798370073478477, -0.0008223624417498059, 0.00028705969681928054, -7.678754093606076e-05, 0.0001024641550667146, -0.00042606764306776394, -0.00014638191819782342, 0.0011315706003072665, -0.0002520602025472293, 0.0002822624147957446, -0.0006250827917762517, -0.00011556590320577853, -0.0005148682363715226, -0.0005433679576218339, -0.0004883828775284697, -0.00045810057806507836, -0.00047710485088113, -0.0003477798527637681, 0.00022930428955593847, 0.00048172894674777404, 0.0007597491312514775, 0.0011182573648065024, -0.00016089441610725853, -2.2556818946387916e-05, 0.00025761389521372933, -0.00010904336344737801, -0.00016664123211914403, -4.0616930133161524e-05, -9.471026930692253e-05, -2.242803725662347e-05, -4.816710715158873e-05, -2.329101178346841e-06, -0.00011166608574855299, -0.0001214226383177884, 0.0003384478652403072, 0.0005841296706151218, 0.001708086283292835, 0.0042898556631630405, 0.0030336832320481764, 0.0015250159438662727, 0.0007062512460860927, 6.47999483273088e-05, -0.03239481893795598, -0.024909943962559054, -0.02945971559081601, 0.003812987255705837, 0.0, -0.009656872284553806, 0.005798316168692723, -0.04299009082531871], ""intercept"": -0.00012420800000000328}, {""block_dimensions"": {""A"": 8, ""K"": 288, ""W"": 8}, ""coefficient"": [0.0005992716141677268, -0.0003694163338296381, 8.918281801747344e-06, 0.00016632995802367073, 0.0005514155322202973, 0.00029648332514598566, 0.0005909263924247305, 0.0006779898695186626, 0.00040718186988030175, 0.00043333779441760765, 0.000416193649067914, 0.0006221113282624679, -9.189653053972954e-05, 0.00031379801701482386, -8.308348385720252e-05, 0.00028365328322265, 0.0002835423182210144, 0.0005156721387687958, -0.0004407377621107828, 0.0005844029534773054, -0.00027965167538488355, -0.00019455149128476203, 0.0004091857218568678, 0.00046046202421504, 0.0005013660119865929, 4.253882523134414e-05, -0.00012188400345893843, 9.406972351696406e-05, 0.00042964548760643996, 0.00023798812680418576, 0.0003780905887468447, 0.000440671096161506, 0.0004752334491467078, 0.0003769294388508106, 9.63420528384502e-05, 0.0002971916714165483, 0.0003988475034530629, -0.0006411726852861076, 0.0006261051695542395, 0.0005540380645951477, 0.00013727713733202517, -1.4878043622811654e-05, 0.0001962721213954301, 0.00013600491772784614, -9.949550882686799e-05, -0.00019289861929233098, -0.0003041503681995416, 7.351742329813261e-05, 0.00025558686725387324, 0.00014912422133199341, 0.00013539339256636202, 0.0006043273189879145, 0.00017353214477274867, -3.2567091762616875e-05, 0.00017313266798565306, 0.00030382015470285193, 0.00021711860875065612, 6.693067434575416e-05, 0.0006736088482115277, 0.0001234805907191989, 0.0010062390815817487, -0.0002158577110840633, 0.00011726157227462981, -6.504350198909314e-05, 0.0009201787729156353, 0.0004627120138141655, -0.0003605729072974094, 0.0008010545474283463, -0.0004900045701264524, 0.0006589048886611329, 0.0009173863810086835, -4.0184445906022503e-07, 0.0004560974539145303, 0.00044313281794365915, 0.0003357178722959614, 0.00036671175446014473, 0.00043590144845173954, 0.00031882521723421023, 0.00019196559331993604, 0.0005750179609315288, 0.00039340002144118256, 0.0003077869705706962, 0.0002129592612456971, 0.00037963591359169304, 0.0004137311124508036, 0.0012035991646883563, 0.00046020776925635585, 3.13775739539373e-05, 0.001003826841381058, 0.0012801529143190344, 0.0005002073736448393, 0.00047554501201779026, 0.002712963774287167, 0.002204192048375287, 0.0015523221937913609, 0.0016211931518687642, -0.0013694856185129032, -4.4585742788698954e-07, -0.0008963950444484198, -0.0003584530770683717, 0.001471660983563947, -0.0006420005952837073, 0.0014388198525063514, 0.0023250660392681124, 0.0009288693484419342, 0.00010510624936590643, 0.002454531601718225, 0.00011152078484595956, 0.0003573355380917589, -0.0005328316791635674, -0.0003738509199359821, 0.0005639246686382207, -0.0012627989750038132, 0.0003005636557473028, 0.00045454675417544134, -0.0007236177804593252, 0.00047823968282552755, -0.0008898961042976506, 0.0005546801451153736, -0.00016795358441870024, -0.0004915638915447747, 2.1553425700396285e-05, -0.0003042623118170797, -0.0008767953080744564, 0.0003643241197392956, -0.00032513853769121625, -8.899617512366072e-05, 0.0003512372708611326, 1.1819245653348747e-05, -0.00014813643990871188, 9.848162682446804e-05, -0.00015473874087146915, 0.0016235531320474012, 0.001419535155342034, -0.0005205742277756977, 0.0007420166965289771, 0.0015615418782484994, -0.00030699439229576444, -0.0019933135419023247, -0.0010191418092129552, 0.0031441795756358684, 0.002300925768603986, 0.0007152029544783885, 0.0014427069545520708, -0.0005214057195642919, 4.903768101438898e-05, -6.291309516094138e-05, -0.00029023974936311244, 0.00016197974728961151, 6.661488171749276e-05, 0.000502321675825962, -6.881584654309058e-05, -0.0003214381421434403, 3.291963923045538e-05, -7.318899177771709e-05, 0.00012472603223097315, -0.0008390947550320939, 8.258867768792923e-05, -0.0002878190237727853, -0.0003813370651104679, -0.003543112861438994, -0.0009695790376166037, -0.001778142912013099, -0.0006567770232678068, -0.0013887123977171197, -0.0012487605674071488, -0.0028627246269883307, -0.001037353230167363, 0.0002505238885508984, -0.0003273100940209468, 0.0007706277847370869, -0.0003638308216944303, -0.00025421952069198625, -7.58442459889887e-05, 0.0002549286269329142, -3.3298645620817345e-05, -0.00042148198057712674, 0.0004467448520478669, 7.343022523781398e-05, -6.129115187531497e-05, -7.941591708670619e-05, -8.962137815938988e-05, 0.00017690472419930388, -0.0002967225663431004, 6.324050537759199e-05, -8.014831745038476e-05, 8.682035540969392e-05, -7.069462633384167e-06, -0.00020778529047118212, -1.3453603886961909e-05, 5.640180293540594e-05, -4.39764282900921e-05, -0.00011963363767328796, -0.001364573553821844, -0.0012717280084633858, -0.0004988857549369352, -0.001972565123691242, -0.0013052415505902877, -0.0011564308868423946, 7.729760734931681e-05, 0.0033654990099056363, 0.0025015766067417893, 0.0008636305625969238, 0.001424652999859357, -0.0004999907861739705, -0.00033048939435936716, -0.0004833397907255648, -8.870393739750255e-05, -0.0005393124258888122, 0.0004089315937176994, -8.316133698978624e-05, -0.00015421533877379585, -0.00019099978088472973, 0.00037866931704620444, -8.184453772838912e-05, -9.334042561772643e-05, -0.0012245937207105038, -0.0007331507314328391, 2.5224947657693286e-05, -0.0011602488730843082, -0.0004525926576640925, -0.0008383481869688714, -0.0012427718934174571, -0.00020133285182938522, -0.0008347168893850645, -3.066415131419175e-05, -0.00032002802759213884, -0.0002936974355117868, -0.000937006357475986, 0.0004159961644152407, -0.000998655392016669, -0.0002220442488456257, -0.0010568074668458102, -0.0004672433882742168, 0.0008015129866295158, 0.0009868271042819245, 0.0005398712243538661, 4.587262418145999e-05, 0.00011108406630875907, -0.00011221267303481523, 0.0004743217368583495, 0.00024412097825416996, 0.0004361263144049046, 0.00046971749574639617, 0.0005219760638564605, 0.00043907849291295375, 0.00010276533664275768, 0.0003213252276238004, 0.00036573225689464365, 0.0010347224450123304, 3.873117826373555e-05, -0.0003306227806302876, -0.0003861396349514489, 1.5081804804013754e-05, -0.00019501922624181564, 0.0005193914093856249, -0.0009451398855323481, -0.00017352320345147095, -8.225415044959491e-05, -0.00030943572820337666, 0.00024074898715251955, 0.0010305638564802114, -0.00033017420580156305, -0.000501899685913698, -0.0005692119406596402, 1.2238690120638548e-05, -0.0004491489978680239, -0.0004919338856505248, -0.0004490726723880817, -0.0005025028684849781, -0.00041417898603602113, -0.0002353075992614802, 0.0001537006890910485, 0.00021592621278687717, 0.0006528649177876881, 0.0010164405269595276, -5.19727552006421e-05, 2.961964232610045e-06, 0.0001211668292309587, -1.8791463863529514e-05, -0.00010562618785664729, 2.395351880538631e-05, -4.35198089187858e-05, -0.00018707720176016355, -1.5560898036915488e-05, -1.43033969785957e-05, -3.926960177836173e-05, -0.00013368801065750664, 0.0001485844277625366, 0.0007280435091066242, 0.0019671561511785795, 0.004342408595868535, 0.0036354640810261876, 0.00161522887260525, 0.0007304702682288312, 0.00021330130070411338, -0.03246615799872984, -0.02507448877795358, -0.0295789368228527, 0.0035495713012795153, 0.0, -0.009643967172388555, 0.005764126295528626, -0.04298398841650403], ""intercept"": 0.000191412}, {""block_dimensions"": {""A"": 8, ""K"": 288, ""W"": 8}, ""coefficient"": [0.0005493430055956113, -0.00040626826134307516, -9.264934698639937e-05, 0.00013855009920993503, 0.0005488928163473043, 0.0002550397093237017, 0.0005181775633541073, 0.0005817454774891229, 0.00046116433903080155, 0.00036715274554241923, 0.00047565639572330794, 0.0005708577718084851, -0.00030256695178869017, 0.00038923873385641035, -9.448028113625186e-05, 0.0002739460044011792, 0.00046038392616365616, -7.67970450061857e-05, 0.00030552672949775173, 0.0005055803878111376, -0.00046171785291854287, 0.0004027174112143864, -0.0001916039613180689, 0.0005750987605411284, 0.0005100174887797147, 2.4908949190052816e-05, -0.0001431120192144838, 8.672551148728224e-05, 0.0003998840681531927, 0.0001873476259057604, 0.0003644134933699588, 0.00039201596129529305, 0.00045705974729201896, 0.0003664766090299937, 4.1081129999057955e-05, 0.00025075511573214606, -0.000174733896442997, 0.00027496469256976054, 0.0006944602610244393, 0.00018814908874192275, 0.00015194307880826824, 6.947997929947627e-05, 0.00016540162525708344, 0.0005031623735540113, -0.00010533854883702139, -0.0002509411083780216, -0.00014318777338215774, 9.63801981584866e-06, 0.00027570735487398223, 0.00012864137779639495, 9.839121035162552e-05, 0.0005954563179668669, 0.0001603899717170489, -4.634941886208311e-05, 0.00015941182296794638, 0.0002895973444531506, 0.0002124121166116593, 7.689513439038306e-05, 0.000696155814507889, 0.00012105238366149318, 0.0010358606267048085, -0.0002807139095420266, 0.00023342823642676685, -0.00026986729267184484, 0.00096081759912616, 0.00047372447559894317, -0.0004097486811086319, 0.0008326797756033601, -0.0005480577566291142, -1.0059087541481459e-05, 0.0009539879971276231, 0.0006695994134199783, 0.0004893633377981151, 0.00042245899285252406, 0.0003610811308591328, 0.0003889977586371237, 0.0004330135310997055, 0.0004029744234662486, 0.00020811358402656014, 0.000593366927897688, 0.0003964330062444489, 0.00027201950598620484, 0.0003433789854291454, 0.000352626253215873, 0.0003547646249075702, 0.0008357397091217366, 0.0003458308818565864, 0.0006442690591038991, 0.0012391867258901537, 0.0011570291321090016, 0.0008079343175342918, 0.00031389476866161873, 0.0027593376696150277, 0.002315035584594469, 0.0018014449205996752, 0.0021977274146807225, -0.0014026357579951091, -5.0021462227865895e-05, -0.0009037519383500247, -0.0003034200219922721, 0.0015506674950860272, -0.0005816544144467993, 0.0015965088218753906, 0.002392925130740768, 0.0010672629039934595, 2.1285938711731692e-05, 0.0025103392945342203, 3.297059158190942e-05, 0.0004301515672296176, -0.0004956916968704126, -0.0003762886003595604, 0.00045919684386411643, -0.0012788714352438139, 0.00025398237536090407, 0.0003708392413209395, -0.0008077724187667786, 0.0004190273930315824, -0.0009158362302600635, 0.0005525804787833872, -0.0001724661037123194, -0.0008736434834040846, 1.660902887403836e-05, -0.00024485492866823186, -0.0004658975985119962, 0.000318223872152967, -0.00034990532974662206, -0.00010000641543183474, 0.00028329166382084695, -2.8192287081244743e-05, -0.00016537537671050426, -0.0001672142158243148, 2.670972931798465e-05, 0.0016286737204452993, 0.001311391040014539, -0.0005791270318378896, 0.0010221400430504607, 0.001356858280064833, -0.00013518122392277632, -0.0017382655399296202, -0.0007622118583413332, 0.0030706183006332403, 0.0007374036094222066, 0.0023552768212887, 0.0012853684665440363, -0.0004755278698164485, -1.2545594994590428e-05, 3.336473184765575e-05, -0.0003114388050084306, 0.00034900652282049584, 3.3929926234824936e-05, 0.0005165830014139764, -5.445784444063899e-05, -0.00015992163192916805, 1.5171791939871454e-05, -0.00021119633491234268, 8.391100549662279e-05, -0.0008482604566904861, 6.431116345337188e-05, -0.00021722006235165624, -0.00040439870076707706, -0.003520294803046044, -0.0008886259255376887, -0.001845624307379996, -0.0005244251432054254, -0.0013666385141041064, -0.0012050546545110405, -0.0028860667567478537, -0.0011333287848536318, 0.00012639561686111716, -0.00025022205886117226, 0.0006066535083672861, -0.00013100682941148944, -0.0006011848894105356, -0.0002161719765838588, 0.00020588424264902239, -0.00016447984172717416, -0.0002965553534575124, 0.00011929325297277062, 7.525535464666488e-05, -6.969963315374794e-06, -9.684780503004855e-05, -0.00011255633777636827, 0.00013314823820838691, -0.0002847352694733613, 4.7533318331644316e-05, -0.00014196560825446416, 8.049138443311861e-05, -7.011049588418752e-05, 3.1064803327115785e-05, -0.0002136440353377414, -2.4311823890944402e-05, -9.015695007741289e-06, -0.00022338184142394477, -0.0017071764027174032, -0.001432539524906768, -0.0004876699248518362, -0.0017092060550968288, -0.0013874183427287532, -0.001139331845965873, -0.00041150361769729465, 0.00328450313160464, 0.0008716957032568376, 0.002596857382937511, 0.0012888138012211632, -0.0004708091343582229, -0.0002758082574211216, -0.0004517758928179564, -0.0002406964808791148, -0.0005081154967101147, 0.0004587762059490777, -7.0179047082348e-05, -0.00012503813777323467, -0.00016091298774936882, 0.00041303212443393714, -0.0001037354097657935, -0.00025122217797160084, -0.00015508689557339604, -0.0010987536636931886, 2.7248874669266205e-05, -0.0010983265185273007, -0.0006850840323658757, -0.0005623807582976303, -0.0008213221020087933, -0.0011511912734826091, -0.000811486606714174, -5.4811403287529986e-05, -0.0003476244447613216, -0.0011150056844254875, -0.0009780038427806162, 0.00033104913011718437, -0.0011158978553974148, -0.0002224715605187145, -0.0009661169369330431, -0.0005498792340513411, 0.0006026143954643206, 0.0010488980538574868, 0.0005535946654506684, 2.572701634240231e-05, 0.00010280997943591445, -0.00013131619361882112, 0.0004449099370140025, 0.00019459986455740272, 0.0004233848878700258, 0.0004247326381583432, 0.0005096194197782009, 0.0004294464876198475, 5.4039506882190804e-05, 0.0002771517838477504, 0.0004946153573645737, 0.0011636928887720532, 0.00013151944273691297, -0.000420082224296532, 8.685557232309486e-05, -0.00017944973157642074, -2.681464255366534e-05, 0.00028447713175842133, -0.0009868776920110098, -0.000722808005733785, -0.00013950192241096783, -0.00020652192978498938, -2.0608562486564477e-05, -0.00027420501646035627, 0.0007516719215316889, -0.0004930289469036204, -0.0005342218400313106, 7.986643896944452e-05, -0.000439576446969119, -0.0005165046215990546, -0.00040064708227786303, -0.0004333543766950964, -0.00039203888177229596, -0.00017925852794728787, 2.166612465566545e-05, 0.0001935612472100021, 0.0005639699576949201, 0.0009404774712546078, -2.9566432892481933e-05, 0.00014194915504783172, 0.00012467222548972914, 0.0001443134899006611, -0.00021882858832062378, 7.083942035224707e-05, 0.0002563968691702421, -0.00017538142136951302, -6.971236645071383e-06, 2.0350540063009386e-05, 6.510751203104709e-05, -0.0001853083568199011, -8.039119692324553e-05, 0.0004714091204387171, 0.0019638774617933867, 0.004078138427027085, 0.0034045525796948515, 0.0015691092129533689, 0.0006551703881319704, 0.00017929503950583412, -0.03213141595226515, -0.024956532068149732, -0.029297749839846163, 0.00307276762012393, 0.0, -0.009414145673674868, 0.005599850079470624, -0.042279685896988196], ""intercept"": 0.00016905200000000092}]",305,0.0014172556753108655,0.009187977038289627,3a604de324fb150be04724a6acbd8db7ea51b24abc931fa4a127c8ad46fb7d7a,fdea7baed446a872fdfbe36b2ba7f660c32fa2d4818abc8dae233126b905473d,False
VALIDATION_COMMON_SUPPORT,REGISTERED_JOINT_CANDIDATE,METRO_P60_JOINT_STABILITY_a6631a3d1033e9100cd581b0,J_KWA,FULL_BASIS,0.0,1e-05,0.0808161643946849,0.0808161643946849,0.0799317775374696,0.2827220853372966,0.16514684263750698,0.19729023858453087,0.2827220853372966,0.16514684263750698,0.7709111205747365,0.19729024797272476,"{""block_dimensions"": {""A"": 8, ""K"": 288, ""W"": 8}, ""coefficient"": [-0.0012597250957070978, -0.0024040035706748334, -0.012404463644466034, 0.004164707720585734, -0.01772135023302436, 0.047117209596290614, -0.009975364154175843, 0.008822597661950754, -0.009749656978050818, -0.01851967709013188, -0.008743259912506933, -0.006256300137525854, 0.04529399461215846, -0.013097679516379336, 0.036121634825133773, 0.07571042553170824, -0.0016867046518842979, 0.030557041907682096, -0.005257117342006108, -0.01791018499295994, 0.022655594505685116, 0.0073780585960549275, -0.08106332925380373, -0.04430501173317554, -0.21223534573269348, 0.1267188235321778, 0.027988692856585163, -0.11684362895927673, -0.14604423712416492, 0.20643158232889539, -0.05647739141387073, -0.13336018522334037, -0.23011989822032256, -0.05114871871081716, -0.13099805572148743, -0.015983390838506237, 0.000576023903200061, 0.001145766598824625, -0.00046556052333889886, -0.001118759540656439, -0.0013733526688993005, 0.00013495680667507655, -0.001347316781810273, -0.0012930634301130416, 0.0016791651668210431, -0.0044628881359178455, -0.0007337881041972865, 0.005289856078413322, 0.0021274463787774095, -0.0001112701286054261, 0.06480567707149083, 0.12063615003359386, -0.035258564727278695, -0.09887855763186043, 0.11463405765739929, 0.033587336813769804, -0.0033220500276771015, -0.005093983228902029, -0.004424530563905177, -0.006893805069493976, 0.021098593699518196, -0.00028471704610681875, 0.0013877092128584585, 0.001133968734395021, -0.00781651718515999, -0.06179902567976736, -0.00589303254255063, 0.05281152712510276, -0.02908033460916538, -0.05398690594147451, 0.06334984725780264, 0.0036781186655281584, -0.011332485261913472, -0.0064956550830218614, 0.01937657802914981, 0.013875118094269995, 0.009871352253430901, 0.01324016175733822, -0.008770380947624765, 0.004411331233144506, -0.02057709078399021, 0.0006936075190160183, -0.013767836062675039, 0.025446774235896048, -0.0016333154629424188, -0.0020319784513909128, 0.002043184927904355, 0.0005034053775718086, 0.00017861064057946594, 0.004900464093597556, -0.0010381339758520458, -0.00031121707659368216, 0.0040812737109245855, 0.00968436215579435, 0.005733047701860618, 0.006458771445778983, 0.013796235534777053, -0.021951175538458885, 0.0074978700013212385, -0.006807509014300361, -0.005790346095231599, -0.03800235810082685, 0.014485349975837563, 0.018321350788762406, 0.00635237441002117, -0.013768845639119969, 0.0032062325792164125, 0.00387084313401938, -0.0024726031960122376, -0.008453763263501684, -0.013137004638642044, -0.012583692522381097, 0.005504131972681678, 0.008395606036125278, 0.02397350797256447, -0.022432703126496905, 0.00988177236668664, -0.00022335687190750528, 0.01246181874366813, 0.004665299625278244, 0.004704586175350497, -0.004181638471425463, -0.02718387548329924, -0.017480213358331956, 0.00884553825928238, -0.05140274203849431, -0.02017835452562078, -0.031110459451272304, 0.008476827394339484, 0.02121201375680623, 0.01022965204871387, 0.012128977543619265, 0.008414249676363526, 0.007164239041907535, -0.005808559348988558, 0.001017049067930544, 0.00812068115610896, -0.004897002520010017, -0.0077901480046160335, -0.001991688999186043, -0.0038753525225670733, 0.006464505601022435, -0.016289970861396212, 0.01190535857050825, -0.027182521366169263, 4.386011491010389e-05, 0.0014810598175388618, 0.002070852818980528, 0.002476330335142658, 0.0006384995224018616, -0.0005829509201761044, 0.00713307594289628, 0.0011896766990021216, -0.00264729414465715, -0.001537587255813098, -0.009729216040790582, -0.0003912334862913666, 0.026020898685319455, 0.1124806506561873, 0.011829563144577004, -0.013789324013587834, -0.011486656842851214, -0.01834908818043852, 0.006543257688131174, -0.0012374361857287856, -0.015176595112435418, -0.03639596993146673, -0.007652252774827568, -0.0006638256454720742, 0.0008784740857737458, -3.60740006675372e-05, -0.0002963656408353183, -0.0023058105093256135, 3.307262052345858e-05, 0.0005313060425051405, -0.0008261860917668948, 0.002699886957402532, 0.000615309365505176, 0.009386560100546055, -0.01566288484112947, -0.00807762168487484, 0.0060448161015164365, 0.09559612287558852, 0.04167800249358866, 0.0068974236678399576, 0.0018006822294402021, -0.0014487150217017814, 0.004569024724735832, -0.031174232006358705, -0.037327657275684475, 0.0004898237258850836, -0.0026876256185887873, -0.0035577311414918067, -0.0018622158722317957, -0.0060153081474691485, 0.0008697135971370125, -0.0029704486502740764, -0.0010046032415486265, 0.0020974158328056856, -0.001349646009002913, 0.011732860681685397, -0.00849703344680273, 0.01591066738547847, 0.0022973951443259013, 0.0040475641659328135, -0.0009680183886567697, -0.0019180288947442876, -0.03310054177802864, -0.021328965739173873, 0.09258920137338433, 0.034150438980277684, 0.014728648798955598, -0.033675294618461526, -0.08103276534839428, -0.017067818522143334, 0.033296921673055244, 0.0017864992974772076, -0.0010706505965020526, 0.0023364253527525664, -0.011474661949384655, -0.001361184140351951, -0.0028009143537189927, 0.0029781193515499385, 0.000971115073080667, -0.0044435514742913185, -0.04257065267022692, -0.03178428412061002, 0.00545639024929491, 0.024294836489097908, -0.019306052713848047, -0.003422575108429777, -0.020215269422329055, -0.0007078741522151493, -0.001102978852369055, 0.0020022710099215075, 0.0070907013156039705, 0.220383804030697, -0.05806811445219618, 0.032943176713830874, -0.009927585523838229, -0.08622933560184176, -0.11636792460299135, -0.10491858307814576, 0.02502811275073169, 0.26633159389452615, 0.2509136643948419, -0.008860981048903723, 0.16093482571753093, 0.010418397838137144, 0.02222525831412833, 0.004295167192747885, 0.002113137755319623, 0.0009103587491475358, -0.0001343833969963436, 0.00047337195137408486, 0.00048534772874549647, -0.0012829493962956953, -0.0012998894758350645, 7.467088401005814e-05, -0.0022150386037241908, 0.0016403166867002153, 0.00013959326642102823, -0.0006948388516873085, 0.00013068832512772724, -0.0008257742118993905, -0.0051020901036544445, 0.003956304344585883, 0.003004637631514588, -0.009463028224696687, 0.003351266940869689, -0.01609908089315107, 0.01914970488645465, 0.011656454363201616, -4.16721435035378e-05, -0.0040478475172736365, -6.253742533165816e-05, -0.005180366418177855, -0.00595288736734303, 0.0007197175687485625, -0.005713489528454416, 0.005549218166035568, -0.0053001664753949095, 0.015703620208626385, -0.0013898564262199145, -0.009646491788478404, 0.010605742468400303, -0.005053445496276948, 0.006851217519270486, -8.855542094750944e-05, 0.000913440332727315, 0.004148412195762842, 0.009456871999019222, 0.007895409090189322, 0.0035058683373722045, 0.0012691865914710465, -0.0007424226877502464, -0.05898858266248449, -0.03687619874162773, -0.05081700006971794, 0.00445847185502589, 0.0, -0.028813718431625182, 0.018005970638620226, -0.07212550441785821], ""intercept"": 0.00017409199999999988}",305,0.005738810810422765,0.025918487220433856,80acb6e02c969d97049ac9088acb156a869dc6af2f67e607803f03031ad78c72,492c7cb7b164051b9859d8790fbcfecd83308f986d1c9ec0bd0768c285207442,False
OOF_COMMON_FOLDS_1_3,REGISTERED_JOINT_CANDIDATE,METRO_P60_JOINT_STABILITY_a6631a3d1033e9100cd581b0,J_KWA,FULL_BASIS,0.0,1e-05,0.0808161643946849,0.08099392801760191,0.08099392801760191,0.2845943218295156,0.1664198380818963,0.19777965141213294,0.2845943218295156,0.1664198380818963,0.7686660922449243,0.19777979065711826,"[{""block_dimensions"": {""A"": 8, ""K"": 288, ""W"": 8}, ""coefficient"": [-0.004797059694743323, -0.03618399157007167, 0.00507943904089196, 0.012641856378768707, -0.00954348136493994, 0.053863926362944216, -0.0023107400194421804, 0.06764042234468509, -0.0088917203189075, -0.02449122154193482, -0.08045017226004546, -0.005845196901549959, 0.03956560220508624, -0.027265400837167643, -0.06231824822169938, 0.055208743739595334, -0.009384911284233742, -0.0042746340171428655, 0.0392790335096214, -0.02015380427436468, 0.04708712771156675, 0.062257510178908584, -0.02061408475882636, -0.010495956452588946, -0.09655018709927576, 0.13631714148930849, -0.011497317345466641, -0.051931091644805694, -0.03646322234899771, 0.1775479408087268, 0.018527986545274867, -0.22851416702685212, -0.1453156893622474, -0.0697120066560275, -0.16633415473492985, -0.03368162944665509, -0.0016051357677858635, 0.0008407027764462126, -0.000948146124256901, -0.0008797838699741184, -0.0006054707545338254, -0.0011516706025035454, -0.0011640393278838394, -0.00197023064679955, 0.0036896725563280706, 0.001956344395981595, -0.0001269753236787587, -0.0009938443307942117, -0.010297434277169589, -0.008306112728338986, 0.030987168973620447, -0.0912857606555113, 0.005837832930487939, -0.1855658675030639, -0.10407285085347508, 0.01528056100974279, 0.005341923186951758, -0.026176102919221168, 0.042859032348975944, 0.040073929984458384, -0.01274362130575481, 0.011897578209922217, -0.003630839779836336, 0.0012094118215119677, 0.006311359700599808, 0.0047717358220149214, 0.020854683664896005, 0.0306252175348138, -0.0371306196753404, -0.03794918204377883, 0.00972853951651146, 0.005288598490173597, 0.013911370214652184, -0.008942844886570626, 0.004544347730236669, -0.006406344855594741, -0.001480017257003551, -0.015940275279504805, -0.003993132755284729, -0.014992057254138578, 0.009188262556555495, 0.00519218749975566, 0.01860679472156458, 0.013487322691609826, 0.0010253095227213203, 0.0012218037876359843, 0.00030218047602336746, -0.001384216429489564, 0.001188477461630742, 0.0030835744756582155, 0.0034011863386880507, 0.0017067076903071068, 0.0030252534478185118, 0.007657861953628711, 0.007396065892684049, 0.006690904402427458, 0.015944188039221964, -0.028328613690751354, -0.0027173125026387656, 0.005079867546127337, 0.007344224760313663, -0.03965369805257424, 0.0034847156694134225, -0.024007089869874224, -0.0007367122769284316, 0.01732574985945107, -0.005599396341814224, 0.008901918011898855, -0.0034913628871576477, -0.008761731116998163, 0.04018170645529806, -0.03301853426676298, -0.03541578353592229, 0.014396199733617223, -0.005957521748695707, -0.050523360316705845, 0.0005800676350116414, -0.01761021480188867, -0.00581415880828518, 0.07898058187874821, -0.019606629852138072, -0.04070143513280815, -0.02390305622555486, -0.02108503449820746, 0.013112001541556699, -0.0033698130653256244, 0.0010432211564650388, 0.04887548868154068, 0.011639637283161463, -0.011542558245522385, 0.007375263386529722, 0.01137158282956472, -0.0038930545310584055, 0.008132844964523774, 0.0022173774844730897, 0.008288747810374864, 0.008607985545080953, -0.004870322606133952, -0.003350037881987291, 1.6095336164655693e-05, -0.008200559546216258, 0.022263955071208125, 0.003946037093679125, 0.0070826591609010866, -0.06817343003254761, 0.010917379897388581, 0.0018562155855777077, -0.00011558355246764668, -0.0020582184259233206, -0.0068915161033151874, 0.010425229420785475, -0.009247407334201213, 0.003744732087227224, -0.002000742083681974, -0.0014309104308568763, 0.0067716940360790494, -0.0376025333704177, 0.13534465064866186, -0.007093809383343039, 0.022145800002746012, -0.02183955999338493, -0.02939616209079787, -0.011071766934013213, 0.00930284018171314, -0.020566297240067623, -0.004863347819177114, -0.007590330991782843, -0.018698302737661054, -0.0006392359018552998, 0.0011148390603453139, 0.0007114566842209199, 0.0008044883507034841, -0.0005780575363186839, -0.000614896334330436, 0.0004690337684679414, 7.551507537032262e-05, -0.015659265476016617, -0.001098211580129857, 0.007063664089538407, 0.01022508738022746, 0.017700089639718176, -0.026329816069854604, -0.032602410134980914, 0.054261674446199545, -0.005652247906929694, 0.02155879402896004, -0.010101562062774074, -0.0009380711226822818, -0.0024319507781122886, -0.028993307957552287, -0.02684757068356907, -0.009528738449252732, -0.002469036597560514, -0.00584011103776338, 0.0013532426546533844, 0.0015467245799961518, -0.005910033372814919, 0.0011067046853069258, 0.004139858017822198, 0.0006104624963534972, 0.011631880241765367, -0.006922145290963063, 0.010551879356456273, 0.001793618203434547, -0.016494870171073567, 0.04190424798008805, -0.036113834509822765, -0.04227458940651413, 0.02851641620263375, 0.042428128772724207, 0.0037902803663734377, 0.04770906189389963, -0.011244432884335591, -0.039443445214110875, -0.03879984435857108, 0.035858411462432876, -0.0011797099260937617, -0.0014450598692247916, -0.0011713827539413947, -0.0014416773493148348, -0.0021332526783738883, -0.0025152475362383688, 0.001977081617089274, 0.00427129537865791, -0.0017228160296029768, -0.023689038054456973, -0.002130716709012314, -0.038431835430691924, 0.00044239640047009747, -0.03409799864156304, 0.007103926628841553, -0.008131823332332686, -0.004334066998107336, -0.0061674682016791575, 0.012030935259893507, 0.011652214538320814, 0.026276315980027214, 0.02806880351998046, 0.060023483739220757, 0.04909542237138527, -0.010607176086317142, -0.06905185289543136, 0.01773136201123516, 0.12711142725203955, 0.27070876010420486, -0.10635701567102497, 0.29185702631834026, 0.09203056411051415, -0.00435594619931857, 0.021052935836778586, 0.010700633175933739, 0.0008324451167168467, -0.00018944274556737371, -0.0007010560010118138, -0.0008972276099769552, -0.0008345268205331102, 0.00020233558569724664, 0.0009614320462853666, 0.0007771346103382092, -0.0010210610721674174, -0.000648697134032332, -0.00022500365194675875, 0.00017664360005099078, 0.0027675448567482976, -0.01092818445492567, 0.006754450110715489, -0.0035076652927163426, 0.011528247614374012, -0.0027443767041047794, 0.025101602162931926, -0.016334265673079197, -0.018188028524858412, 0.008994099568829083, 0.004207686977380991, -0.006287970219353752, 0.00847941537297415, -0.02321577311531411, -0.005329301308261525, 0.002254936978042851, -0.017132574566442835, 0.011350391566040275, 0.010179792906734951, 0.01037928205524917, -0.00145677048279562, -0.006496855312215404, 0.0054158632997849815, 0.01688706812725317, -0.007005310190153337, 0.00019228401834061633, 0.004732813790352433, -0.0030121378061345586, 0.013782604712538143, 0.0026210210285811434, 0.006019291743147823, 0.0007840811811250381, -0.00048553940618806555, -0.05995672485933449, -0.03709928149610022, -0.051454767324288914, 0.004855576027413633, 0.0, -0.029554015117467684, 0.018379475991934426, -0.07275689960577963], ""intercept"": -0.00012420800000000328}, {""block_dimensions"": {""A"": 8, ""K"": 288, ""W"": 8}, ""coefficient"": [0.0035250925573554214, 0.00179555703769046, -0.025677815097493447, 0.010248868367953693, -0.036585618947055455, 0.07766549892785611, 0.01189876030947075, 0.03459961154701002, -0.042415437948024735, -0.03541172593008527, -0.007321397544773896, -0.02608993858166494, 0.041079309979968524, -0.013741789507627085, -0.012871187181103368, 0.05533936874296652, -0.0275869553944552, 0.03419724703677004, 0.001372374718127337, -0.015370222159164464, 0.05100603462924301, -0.048853801221254864, 0.02824757282723657, -0.045360364324266156, -0.141695699807664, 0.01603831784655223, 0.08019408765245058, -0.04199278115963488, -0.1329677849860799, 0.1653914370156725, -0.018357676491823304, -0.15042571430029647, -0.11061953655688533, -0.24211386271879592, -0.012204972067691574, -0.1961215534865834, -0.0007088432210183895, -0.0021464293722488446, 0.0009900497705681592, -0.0006459740053193491, -0.0011038487785860107, -0.001839270754107185, -0.0003173082521726993, -0.0015497882760634966, 0.0017690413184808078, -7.939112107063538e-05, -0.0013385877431090329, 0.003505896947646878, -0.013221472029055683, 0.0005133899931041487, -0.012837882606422175, 0.07055218672163127, -0.012720883993749392, -0.21281674734948833, -0.03378015447756991, 0.02305763981774072, -0.009181291241915555, -0.014996710253251567, 0.017524670633559152, 0.006316872725631298, 0.034800716529164506, 0.01960023109647071, 0.008470508643229893, 0.002480326615821864, -0.007307253488696035, -0.028453438033330197, -0.004045311941795281, 0.06629063037167703, -0.05107610201517364, -0.028934446793685953, -0.06730705501562996, 0.06083183696203755, 0.004079269801498526, -0.0027201564596126293, 0.012460162663907553, 0.0037955875954569676, 0.011099114619958562, -0.013468018779288132, -0.011877594585143371, 0.004767049184156871, -0.02045769814942169, 0.004877639461503968, -0.005527298888921443, 0.016527819121058353, 0.0021910575164538577, 0.0005015733406551311, -0.0007023843912149979, -0.0018471636312684199, -0.0003981381515892628, 0.004044393282505965, 0.00030221356425839583, 0.0019061325549830426, 0.003871318241734949, 0.008943785452372352, 0.003828637822370414, 0.007749655177143982, 0.021009148483320597, -0.03348471708051803, -0.006972412078994318, 0.007937266958427829, -0.004497375851374328, -0.03543018725101172, -0.0013205025690152749, 0.012433003014860984, 0.0038826963726637936, -0.00726990072035575, 0.0009134760180547958, 0.012399725811759977, -0.011235568508352623, -0.013098560457392319, -0.025284734657203618, -0.009381033010499583, -0.013257156493577091, 0.02675312392785002, 0.039308434933026985, -0.036099413264667514, 0.0023932776065614045, -0.0011606476768949844, 0.0026569772784048196, 0.03933336940838778, -0.03722905702126319, -0.05002215808224315, -0.025691174156845405, -0.011594713097344582, 0.016452620281887664, -0.027059479938428957, -0.027009288097409784, 0.003682942705582943, 0.03685660469628756, 0.027874853097894104, 0.004753124739217352, 0.016020944101661022, 0.0070092502115839455, 0.0070924429050124695, -0.00341836901725355, 0.0003285742247592866, 0.00845099392519344, -0.0033472232458868927, -0.0077958727108606764, -0.001646144896299464, -0.003556533134753837, 0.00438598487643501, 0.011991092522664617, 0.015510455265110036, -0.049442067165659714, 0.0032103064006534505, -0.0019886436563839476, 0.0011617684590330937, 0.0020517507578351594, 0.011941226127905146, 0.0009541816403174176, 0.00901812914211003, 0.0006874723444936212, -0.0014623095106816042, -0.001344833703759484, -0.01386851463015331, -0.007171605641932128, 0.06647007905416358, 0.03320366189627581, 0.054201664685882986, -0.013950715595252431, -0.015432939392569307, -0.017218382348230706, -0.0023453086304373325, -0.008661349266693465, -0.015714241864485657, -0.033808534232214915, -0.004264391562433154, 0.0002426206050412283, -0.0001465380419060916, -1.9499203361413325e-05, -0.0022209342379591714, -0.0012227082804491319, 0.0005025195716631993, 0.0011902837741071994, 0.001091806772547899, -0.020754283031786402, -0.001681307908497909, 0.01608055750330582, -0.00918813804267183, -0.0003666661033409941, 0.0027678833070687915, -0.0017209050927224643, 0.00533769807303041, -0.0036193892638800985, 0.017422766967257322, -0.0230423432131452, -0.010015887135290424, -0.02394208545217724, -0.01902676035664713, 0.009998792749681669, -0.001275711085359077, -0.0025319193972801585, 0.002280735913728448, -0.005072326765389789, 0.0009494979457938253, -0.005530681462928597, -5.007402929956741e-05, 0.001782443930470591, -0.0009831269353119012, 0.017884167433127835, -0.0008726057102779516, -0.005869800152448818, -0.0011857606090085637, 0.010031561584862403, -0.0397241853562229, 0.01797747796274291, -0.016987091696994368, 0.004956306365607951, 0.06691942330859224, -0.02382799985478041, 0.019632079601921155, -0.02617614092791322, -0.05380324841683263, 0.02125577796071475, 0.014088114353178211, 0.001279684164573276, -0.002506447295959972, 0.00044983776368091773, -0.002220433500033518, -0.000713752851812816, -0.004861080532221418, 0.0017926354952710654, 0.00431336750584003, -0.0014596683563241558, -0.02477482401836794, -0.01081067766588968, -0.02034692801434939, 0.024747480282768134, -0.006730081071496281, 0.01172712107436532, -0.03648316257072868, -0.004377066731019307, -0.004046932189589655, 0.009860734696567707, 0.0129384049854225, 0.1095334272617922, 0.08725670668452479, 0.05342187444160619, 0.017207534529182344, 0.04737554000024286, -0.09297085008138385, 0.0031278063083000815, 0.25177391265373195, 0.1537147971290542, 0.2941944624386113, -0.06809376774972489, 0.10452447496056867, 0.004737599202670681, 0.016352310748820167, 0.008163796724212337, 0.003866952148461117, -0.0001242968834199748, 0.000718606929428602, -0.0010189278965624241, 0.0013057879178739352, -0.0009414810023912843, -0.0009159390115404913, 0.00017106307150676663, -0.0013482853312393704, 0.003132099551663475, -0.0014108284533125403, -0.0027469884329719236, -0.0005696183745423406, -0.0060135154333291205, 0.002256334797180788, -0.0043212275294414754, 0.01981915836921964, -0.006113619820852955, 0.008855920442757091, -0.02555604755240675, 0.006410652322519621, 0.009144561250273228, 0.0023465588582897456, -0.00211615719663901, 0.000431678197689622, -0.008965483275974658, -0.0018164611396013918, 0.0024918279955316504, -0.011706800725952309, 0.013350083686186573, 0.007184894519206474, 0.0020154190485373196, -0.002786563403376031, 0.0052126463766209025, 0.00319956154267895, 0.012663289523921433, -0.021485393405241693, -0.0006602209398474917, 0.004098387473250101, 0.0012875799207818272, 0.012064565022675477, 0.009413259264311554, -0.0005345541448474273, 0.00512035381196076, -0.0008017074876824893, -0.05961935276353061, -0.03711029820034058, -0.05131344734648655, 0.004836069571070245, 0.0, -0.029346550005212996, 0.018269462829124873, -0.07285432777188214], ""intercept"": 0.000191412}, {""block_dimensions"": {""A"": 8, ""K"": 288, ""W"": 8}, ""coefficient"": [-0.004947819671630988, -0.002665360608290132, -0.02253034479467342, 0.01116531115855601, -0.04876050351465704, 0.060955885358158, -0.023213752743720215, 0.03174772609724842, -0.03413281853524958, -0.035720325868291075, -0.005299063056033514, 0.0368513919802263, 0.04958951843334965, -0.007746833264984164, 0.023475218609164236, -0.014006617351906368, -0.023846274083391128, 0.02283123607895646, 0.06049797555301494, 0.020454529344557125, -0.00433574565532858, 0.019636542627936196, -0.07261654752681787, -0.04387211921730496, -0.23838198740026753, 0.14230352631416798, 0.029148005397068206, -0.11491679304027448, -0.08284014187950561, 0.23887362767119455, -0.09186382577947981, -0.16599817612596518, -0.28989192695163146, -0.21826736514290798, -0.11988451160658531, -0.20274513915933107, -0.0008349054005990722, -0.0007342989483951535, 0.0011642818008168385, -0.0011688784973789865, -0.0010233077215253791, -0.0012696832474771028, -0.00031342335080614125, -0.0006593140077355344, 0.0019354920417192227, -0.0010275785153227362, 0.000223355157907041, 0.0016062876848563546, 0.001122489620248248, 0.0035395124243503273, 0.054707691534064934, 0.09002375249947493, -0.03776944026153533, -0.1593779190070429, 0.06815696911577021, 0.03249799469445939, -0.015872573120994934, -0.008158046728242949, 0.030379342351252798, 0.010275861915430451, 0.01246184650276448, 0.030078929219862924, 0.007839601486527476, 0.0009949957889338911, -0.004749508726854176, -0.041080302117343995, -0.008381010528626432, 0.04418164520700284, -0.062089241438542234, 0.06493964826218335, -0.033489919177884325, -0.008365649040865843, -0.012792483670899824, -0.0068967235972247215, 0.012303487861148146, 0.01533800070082865, 0.01387874434729408, 0.02597277797609269, -0.01094371379109056, 0.003822334986439548, -0.018335558313148002, -0.006190997643634779, -0.027464282388260798, 0.019204938520445733, 0.0012631377456623354, -0.0015960655408549709, -0.0011314040626652006, 0.0005484962946412515, 0.0004351737050773939, 0.0033699512273978223, -0.00046556803576462994, -8.757773165749959e-05, 0.005200639212137792, 0.008207301170688805, 0.00518766653439702, 0.008625347188939174, 0.02751256333428729, -0.03464895648405872, -0.0007553601261008337, 0.0010874237561097758, -0.010804964444303754, -0.032577455985589185, 0.00874092556525153, 0.010066700339127894, 0.006538078823132243, -0.01706400663964749, 0.005961252912522251, 0.009050795808465567, -0.008385685258629165, -0.005354879223617682, -0.01856390639422201, -0.007680840794483589, -0.0022940526578047794, 0.010549980419367137, 0.03349710780303414, -0.03372562214968477, 0.0034750901550372635, 0.0061454872561571, 0.02071967593380382, 0.011897087812545894, -0.007898887962052499, -0.020093401194269618, -0.02104080937007848, -0.009899559444804371, 0.01893508074494137, -0.050463514145010185, -0.016628577005881787, -0.009219691597107598, 0.02341322424288852, 0.021302690798840052, 0.01149088608318963, -0.013193936379973903, 0.006601571872371506, 0.007206971390854448, -0.004647246847583725, 0.001468369149288112, 0.009275461122430124, -0.005321623523438461, -0.00797843608050977, -0.0004306965312320679, -0.005979573245346639, 0.009661106187432001, -0.00252665254710186, 0.015026857026519902, -0.0463715448491242, 0.004084200268898973, -0.0012511318186125093, -2.188678471820817e-07, 0.0024293482231098292, 0.008652387416619724, -0.0011072346774802495, 0.008572038292925178, 0.0043968917082924715, -0.001447687967345818, -0.0019632606312251248, -0.014464609885704067, -0.014119120783610037, 0.014466559815129038, 0.06538141140952106, 0.032610410930005385, -0.013110714623379304, -0.01233247726084303, -0.015749466129216093, 0.002455253400364876, -0.006204827629902045, -0.013616753632675718, -0.036685411483425655, -0.003287019134972164, -0.0003857317150851513, 0.0007507627866750712, 0.0005816837644988287, -0.0011590033970139046, -0.0021363151655786647, -0.0005980382860357751, -0.0006974642862846655, 0.0006271532755767259, -0.01431187188489851, -0.02016296274240797, 0.016664294658032604, -0.007350351052593391, -0.007214481712379789, 0.005421248672858073, 0.03287458020282986, 0.006955612784651873, -0.007166532178155827, 0.011459270348284112, -0.0042940626260832265, -0.003687771845627012, 0.004669113959781492, -0.034790147683388166, -0.027397620445549366, 0.0004992040717666696, -0.003291028586954121, -0.00010840470732199, -0.005251882574612366, -0.00029689444400888236, -0.004013067513518089, -5.314137530780984e-05, 0.0009251989700278493, -0.0021510357951358395, 0.013642587751500975, -0.014535306529238555, 0.009494597470841077, -0.0032650365896226418, 0.005587900952494249, -0.013139397550866317, 0.007147867410575449, -0.05867439897363824, -0.00544892081154717, 0.08820527495773793, 0.01311957684580055, 0.023219485374594118, -0.026869614301524902, -0.07221190244051119, -0.016343907601879978, 0.052397106039213125, 0.0021468639148957943, 0.0007372734129110777, 0.00043965832761829794, -0.006054492880525748, -0.00041632319289806494, -0.0025328008074974313, 0.0012809537633057012, 0.0007129765178465873, -0.004461027514713153, -0.025419631694915623, -0.038555517630308206, 0.0008922203864513374, 0.026149302539165205, -0.01105013909496332, -0.004336747318934863, -0.03338289774990417, -0.001794310846550975, -0.004331521648227679, 0.0038046352172619864, 0.012105080210404035, 0.22655886168578077, -0.06593685328313446, 0.061533329222343974, 0.04212536745975843, -0.0564627368844754, -0.16216106233568767, 0.026160107110225633, 0.2557207309367575, 0.2995254801449443, 0.32563390031425943, -0.0021561841837565276, 0.11773565919046079, 0.007902389385406794, 0.019687027369957078, 0.004516668581662757, 0.0031900180766887775, 0.00010914441904211116, 0.00016266645609486728, 0.0007095490491216741, 0.000936537838269568, -0.000969498218398214, -0.0021619266879476236, -0.00017426400472398228, -0.0005900805990956025, 0.002350821750254825, -0.0020794091101390996, -0.0012884791078238054, -0.0003570294605288351, -0.003943084325570262, 0.0008485307821195371, -0.014998855383338859, 0.007513963449044864, 0.003500135341413788, 0.021129328882700787, -0.03464135031964165, 0.016674636336479413, 0.0071397826714058345, 0.0006252307009970354, -0.0020379483449119566, 0.0034710743585867174, -0.0002076230066025458, -0.0049733360887883596, 0.0017635000081404938, -0.02011976384049685, 0.013340558700808433, 0.01666730898853589, 0.01834698752156491, -0.002235865806734666, -0.0022840992530002713, -0.006436539334961354, 0.0036381039947019885, -0.016893187077512143, 0.00035915471596554687, -0.00045702679182483505, 0.0042633894832325514, 0.009260938443249704, 0.008175585551809111, -0.0006029823932711935, 0.004515005848653854, -0.0015066083097193016, -0.05892661090651995, -0.037027067815722695, -0.050755960858809575, 0.00405436142499638, 0.0, -0.028676694944462348, 0.017770612189197628, -0.07158792238120396], ""intercept"": 0.00016905200000000092}]",305,0.005994105278761473,0.026336767645199627,3a604de324fb150be04724a6acbd8db7ea51b24abc931fa4a127c8ad46fb7d7a,6747e97df05adc0a4d958d2d94f4bdefb865a8f7a5ad5968e40de83e3afb002e,False
VALIDATION_COMMON_SUPPORT,REGISTERED_JOINT_CANDIDATE,METRO_P60_JOINT_STABILITY_e3cb52f13a64a14c8e8d4302,J_KW,CHANNEL_COMPRESSED,0.0,0.0,0.1011342045374874,0.10113420453748738,0.0994752600204314,0.31539698796981464,0.12102761037184187,0.0010260662561762945,0.31539698796981464,0.1210276103718419,0.714898422746389,0.0010260779398023612,"{""block_dimensions"": {""K"": 32, ""W"": 8}, ""coefficient"": [-0.011316749164852759, 0.043998640012502234, 0.04308869240101105, 0.1316818408806019, -0.017463203157668732, -0.12389388499384592, -0.019529946661919477, -0.03246383942650471, -0.03448096581794189, -0.018666070469547612, -0.04067733571377185, -0.13306109041198652, -0.09221409102858903, 0.12148599539173932, -0.015551779601673008, 0.020704438200037777, -0.03162410569973657, 0.0660897175749075, -0.09192716217184957, -0.0031842238885965613, -0.07164895337169527, -0.008248510696691375, 0.026417854411302354, 0.05147793960396189, -0.09256415988916673, 0.017813256366553277, -0.03528185042308361, 0.013687762906095259, 0.08585305635506728, 0.00649165211265306, -0.08988092491933589, -0.058985826479027594, 0.006371314612397844, 0.014070043349612623, 0.04644350140154626, 0.1271306066628235, 0.12509746296403196, 0.04722248790819345, 0.013539121737420497, 0.004861008578417899], ""intercept"": 0.00017409199999999988}",41,0.00024532443312093744,0.0,80acb6e02c969d97049ac9088acb156a869dc6af2f67e607803f03031ad78c72,4d8b5592d9f4a87b773d13a207ccd044ea21b7135c9877be9fda276a2ce87cf5,False
OOF_COMMON_FOLDS_1_3,REGISTERED_JOINT_CANDIDATE,METRO_P60_JOINT_STABILITY_e3cb52f13a64a14c8e8d4302,J_KW,CHANNEL_COMPRESSED,0.0,0.0,0.1011342045374874,0.10085628539004085,0.10085628539004085,0.3175787861146283,0.12203879688362702,0.0010490119050340363,0.3175787861146283,0.12203879688362702,0.7119354599536301,0.001049185297439248,"[{""block_dimensions"": {""K"": 32, ""W"": 8}, ""coefficient"": [-0.0008178538190331387, 0.0012582151270330284, 0.0009177444348860474, 0.0034844325681428778, 0.00029526526634903816, -0.0011293113414942034, 0.00017514180309968102, -0.0002701214212172428, -0.00010010021203308606, 0.0008180295179755291, 0.0006040282619185174, -3.0384532168522275e-05, -0.0005846564614202664, 0.0011825533496725707, -0.0004555126880464577, -0.001844060076649372, -0.0007145472074034897, 0.0004000650521632981, -0.0002285594574577491, -0.0009954861714800765, -0.0012067349110586193, -0.00022159699770133345, 0.00185329209431385, 0.00048017365052198684, -0.0012993598065731522, -0.00037572157905065907, -0.0010440210930206294, -0.0027083288536495615, 0.0022004852333969895, 0.0003743057216051559, -0.0010472583045045328, -0.0009050627846746513, -0.0009334088564824502, 0.007708978170197785, -0.010491748372130802, 0.018238169109693083, 0.003031595714241783, 0.006150891362861887, -3.3728734113330644e-05, -0.0009685428045479111], ""intercept"": -0.00012420800000000328}, {""block_dimensions"": {""K"": 32, ""W"": 8}, ""coefficient"": [0.00029708631678863244, -0.00044468461705001383, -0.00024730991371147267, -0.0014820907838522285, 0.0005629571030097939, 0.00021719177163982012, 0.0001877842212317898, 0.00043180345295319397, 0.00047410348501474367, -0.00034047217733409313, 0.0008147128560355652, 0.0019547724205437812, 0.0006644068771143214, -0.002593388429566835, -0.00025783453089835525, 0.00018478284379570522, 0.0007400224628095076, -0.0004125198312254077, 0.0006863116172171431, -0.000646907011424605, 0.0007691498792131309, 0.000505184010153282, 0.0005499104547875951, -1.3148647722765467e-05, 0.0007419144069744829, 0.00013426915172592592, 0.0007789049957849117, 0.0012299090921138224, -0.0009795287985882666, 0.0001977267291106093, 0.0005902313392808614, -0.00017540182024975922, -0.0012768615349621623, 0.004667695942418652, -0.004314325500077036, 0.010235456769860736, 0.0074882686529123095, -0.0033115444721107416, 0.006193890991828126, -0.0027719421769917454], ""intercept"": 0.000191412}, {""block_dimensions"": {""K"": 32, ""W"": 8}, ""coefficient"": [0.00016200375826100238, -0.00010364360672857362, 1.203200818337534e-05, -0.001497748331106536, 0.0005199598891300503, -0.00014203218792944728, 0.00020068193137433028, 0.0005543192686096486, 0.00018274173929540505, 0.0005496146125928776, 0.0005031802975324758, 0.0015612601200018375, 0.00023976685730174588, -0.0015476692174095038, -7.359963205420946e-05, -0.0001374230559601938, 0.000359423489308783, -0.0006581808664646203, 0.00045936246549584277, -0.0003298700466047244, 0.00024137377526191363, 0.0003238282544214073, 0.000396344442538029, -0.0002951500715411174, 0.000344943258435715, 0.0001774251982945928, 0.0003633981501661883, 0.0014153829460289173, -0.00048455702468614195, 0.00016587424023749569, 0.00023002285371445945, -0.00018289066165711208, 0.001043670745003047, -0.002601142108785158, 0.0025016045357347445, 0.007685213318448805, 0.007159922574215737, -0.000694231591343831, 0.002490084524884594, -0.00038592518944391765], ""intercept"": 0.00016905200000000092}]",41,0.00027477818991105367,0.0,3a604de324fb150be04724a6acbd8db7ea51b24abc931fa4a127c8ad46fb7d7a,ed57fc6412579b2ff2e7f8493bc6f2f4c6ed70825dd068ee6c0593b2105cd867,False
VALIDATION_COMMON_SUPPORT,REGISTERED_JOINT_CANDIDATE,METRO_P60_JOINT_STABILITY_411f2aed06a2992994ac45b6,J_KW,CHANNEL_COMPRESSED,0.0,0.0001,0.10113414246425335,0.10113414246425338,0.0994752386938543,0.31539695416071206,0.12102769178054519,0.0010262804269620673,0.31539695416071206,0.12102769178054518,0.7148984838695343,0.0010262921105858025,"{""block_dimensions"": {""K"": 32, ""W"": 8}, ""coefficient"": [0.00024574453567381276, -0.0007638363291094847, -0.0001273302416821237, -0.0012295987453578494, 0.000620721463639952, 0.0010810795071152812, 0.0003246957734352841, 0.0006327584598627351, 0.0004327264535161695, 0.0006876068811594745, 0.0005801480441804245, 0.00213561964988399, 0.0007801296637400222, -0.0016230461198681316, 0.00013266620670069205, -0.00031070740549181365, 0.00030488716064722507, -0.0008948929527838651, 0.0010707045142931682, -0.00010159780902463407, 0.0006996885914949623, 0.00019548748979941337, 0.00012308839680191962, -0.0007333941950057809, 0.0009177031830247679, 9.597488373053728e-05, 0.00036532021892060965, -0.00027358176785621384, -0.0010472335754690874, 4.204068989524503e-05, 0.00092999057392493, 0.00034144501967564534, 0.0011755836363275042, -0.0028701803632312445, 0.002453084235594421, 0.006876855966425624, 0.004186922334194502, 0.004378100440150351, -0.002165581002822903, 0.000549593567532907], ""intercept"": 0.00017409199999999988}",41,0.00024530019329882096,0.0,80acb6e02c969d97049ac9088acb156a869dc6af2f67e607803f03031ad78c72,7fe5d1d1ced77ed6fee41528d8a64c9f0af819a2f9602e93c9e1abf2e1c7833f,False
OOF_COMMON_FOLDS_1_3,REGISTERED_JOINT_CANDIDATE,METRO_P60_JOINT_STABILITY_411f2aed06a2992994ac45b6,J_KW,CHANNEL_COMPRESSED,0.0,0.0001,0.10113414246425335,0.10085623193212354,0.10085623193212354,0.3175787019498057,0.12203630321743864,0.0010495413895290628,0.3175787019498057,0.12203630321743864,0.7119356126395069,0.001049714781842237,"[{""block_dimensions"": {""K"": 32, ""W"": 8}, ""coefficient"": [0.0005006455121553344, -0.0014787549951248672, -0.0003666382283096305, 0.0007045229941174008, 0.0008182525463014569, -7.758170151810786e-07, -9.558049148580333e-05, 0.001017838169167409, 0.00041990137942208097, -0.0006791056530130034, 0.000496657104403527, 0.0024005032893061502, 0.0006562404274093894, -0.003226241357887549, -0.00030713622609993013, 0.0002258114087792627, 0.0006253527452498672, 9.617926189268617e-05, 0.0004041281057013403, 0.0002329215464108346, 0.0007712416742106339, 0.000531632792469344, 0.00036048180425686364, -2.3432113802174822e-05, 0.0009823822143531983, 0.0002747815638358777, 0.0008853288709795735, -0.00027378593374411477, -0.000869645239908294, 0.000576649647965484, 0.0007406876985322876, -0.00019204765157035888, -0.0010200020927922011, 0.00726013928960494, -0.011378445102025528, 0.01562053914753614, 0.0005448923946747244, 0.005216499905663401, -0.0003422954471514485, -0.0010733163301912005], ""intercept"": -0.00012420800000000328}, {""block_dimensions"": {""K"": 32, ""W"": 8}, ""coefficient"": [0.00030753382090731014, -0.00045498660346552137, -0.0002585129441161853, -0.0014099457859617372, 0.0005663489934510035, 0.00024418436848846434, 0.0001874300882231692, 0.0004368633431497981, 0.00048234929395220294, -0.00035665779632697644, 0.0008205707420114135, 0.0019736944983400418, 0.0006746713457664027, -0.002638285135627862, -0.00026089704391333066, 0.000199473182141259, 0.0007537017571545111, -0.00041890571307391867, 0.0007082478571818551, -0.0006542504697072734, 0.0007945195889953486, 0.0005122189418045105, 0.0005390309907646972, -1.7622897344243208e-05, 0.0007672387268046651, 0.00013340967049150023, 0.0007911543615327991, 0.0011382866021744434, -0.0010030416535828457, 0.00019625590361466917, 0.0006120563438950287, -0.00016669978399188606, -0.001266601698537863, 0.004635736028892325, -0.004295552854441987, 0.010198694694525504, 0.007454089576113137, -0.003292571782561983, 0.006157480412186512, -0.0027580422274975816], ""intercept"": 0.000191412}, {""block_dimensions"": {""K"": 32, ""W"": 8}, ""coefficient"": [0.00016391102962438566, -0.00010535312872526963, 7.322147431393094e-06, -0.0014226783174494044, 0.0005214824831241274, -0.00012883734472821855, 0.00020075614985590905, 0.0005578948066024406, 0.00018418188978373284, 0.0005461813135143285, 0.0005044684290147236, 0.0015692455090174934, 0.0002470306444731992, -0.0015621120014893378, -7.288662517508006e-05, -0.00013453418141895295, 0.00036562061184825716, -0.0006638449946342277, 0.00046783967866580005, -0.0003303266932298456, 0.00024943866677710455, 0.0003268029914479511, 0.00038900309299081596, -0.0003003100446361653, 0.0003542627772878333, 0.00017451987451725434, 0.00036895183348077025, 0.0013302777940862505, -0.000491244800633074, 0.0001651680193849444, 0.00023597829454964932, -0.0001778430941474667, 0.001038792347245624, -0.002591587296804252, 0.0024882921180552704, 0.007681235272244692, 0.007141547901839269, -0.000679186426349829, 0.0024709250738090475, -0.00037906450961486005], ""intercept"": 0.00016905200000000092}]",41,0.0002747232322129644,0.0,3a604de324fb150be04724a6acbd8db7ea51b24abc931fa4a127c8ad46fb7d7a,54070d488d23110b990ae3e1ae7702845325f64056acebbb4a82fcb66ff38bdf,False
VALIDATION_COMMON_SUPPORT,REGISTERED_JOINT_CANDIDATE,METRO_P60_JOINT_STABILITY_ce27e0c1b33267a5f039ccd2,J_KW,CHANNEL_COMPRESSED,0.0,0.001,0.1011335776128968,0.10113357761289682,0.0994750466566639,0.3153966497232713,0.12102814166211484,0.0010282089481590262,0.3153966497232713,0.12102814166211484,0.714899034258705,0.0010282206317602238,"{""block_dimensions"": {""K"": 32, ""W"": 8}, ""coefficient"": [0.00024583514620311897, -0.0007655155522627326, -0.00013127146912546295, -0.0010786976934975155, 0.0006243291123723458, 0.0011011017717143855, 0.0003327271792576219, 0.0006344292369566937, 0.0004383695605741392, 0.0006740024586296075, 0.0005872562133801496, 0.002149001294762981, 0.0007865772539842915, -0.001639525098913131, 0.00013667207140186484, -0.0003041241914326283, 0.0003066728515517562, -0.0008808395183270583, 0.0010792013630937904, -0.00010731478399239297, 0.0007103364435641419, 0.00019572643150004302, 0.00011612711959767463, -0.0007342684380981537, 0.0009348749668010034, 8.320565900370072e-05, 0.0003692989601130942, -0.00044255490485297695, -0.0010498684819521004, 4.230830035276593e-05, 0.0009449907526873141, 0.00035005919266534223, 0.0011410590752660682, -0.0028077986045147306, 0.0024072151090074262, 0.006847557978492941, 0.004215691254779899, 0.004239717170988389, -0.0020217324003104133, 0.00048514553298645595], ""intercept"": 0.00017409199999999988}",41,0.00024508528973419413,0.0,80acb6e02c969d97049ac9088acb156a869dc6af2f67e607803f03031ad78c72,e06f1e19b4b4f98d1afb75814d8c7b8b397cb8a154c793f655b8e1b31b210a98,False
OOF_COMMON_FOLDS_1_3,REGISTERED_JOINT_CANDIDATE,METRO_P60_JOINT_STABILITY_ce27e0c1b33267a5f039ccd2,J_KW,CHANNEL_COMPRESSED,0.0,0.001,0.1011335776128968,0.10085572586916794,0.10085572586916794,0.31757790519676893,0.12201473429437569,0.0010545537899716573,0.31757790519676893,0.12201473429437569,0.7119370580505884,0.0010547271814148607,"[{""block_dimensions"": {""K"": 32, ""W"": 8}, ""coefficient"": [0.0004916264401243342, -0.0014553268677468408, -0.00035787320680507044, 0.0005372575777249267, 0.0008136940982916435, -1.273818636035676e-05, -8.399618025663625e-05, 0.0009960311830913668, 0.00041422581103448897, -0.0006437021691568293, 0.0004974488168578199, 0.002360374558633723, 0.0006407503699949598, -0.003156988142219193, -0.00029637594120872726, 0.00022578312632017314, 0.0006066891839971714, 8.345181493515383e-05, 0.0003985297629936733, 0.00022550312865048672, 0.0007524601161390828, 0.0005222951731019416, 0.00034481479538941875, -2.914695698754513e-05, 0.0009690685004920234, 0.00026523423210148326, 0.0008634282757026993, -0.0001060727982083575, -0.000848478018900823, 0.0005697924504642249, 0.0007271250087447115, -0.000188941177156027, -0.0007806437179060574, 0.006639938836951079, -0.010702855232780235, 0.015304188143498645, 0.0007733579240275163, 0.004931358725039839, -8.235276427985792e-05, -0.001161920772984892], ""intercept"": -0.00012420800000000328}, {""block_dimensions"": {""K"": 32, ""W"": 8}, ""coefficient"": [0.0003417655388068429, -0.0004927747770365907, -0.00029484305749314987, -0.0009472632045066854, 0.0005770593643348605, 0.0003435250302916091, 0.00018675717921129645, 0.00045035653651851317, 0.0005076428038152996, -0.00040874375550939196, 0.0008343062062283009, 0.002022054158721332, 0.00069886405781384, -0.002765221416038209, -0.0002688248049125794, 0.00025292813135826745, 0.000792985582867554, -0.00043236109903401767, 0.0007831618711478254, -0.0006787364375878769, 0.0008770294384159004, 0.0005319048371043918, 0.00048603079508593164, -3.590808355806423e-05, 0.0008543824780750837, 0.00012214775262097771, 0.0008249052392182635, 0.0006102058377212194, -0.001068193352848008, 0.00018981632938415622, 0.0006881128294654242, -0.0001342284459325735, -0.0011744870389073891, 0.00438336115003969, -0.004086421217130054, 0.010023948461433155, 0.007296019415007025, -0.0030821028987010795, 0.00586852658970866, -0.002633424279246393], ""intercept"": 0.000191412}, {""block_dimensions"": {""K"": 32, ""W"": 8}, ""coefficient"": [0.00019721160585792606, -0.00013081829987811192, -6.253904479735957e-05, -0.0011454246459692917, 0.0005433095135797941, -7.199113399348795e-06, 0.00020763718492667666, 0.0006092452499336468, 0.000206489563382275, 0.0005189069912181794, 0.0005341058780468778, 0.0016923247050784525, 0.00034695130438351825, -0.001777989391846225, -6.339679644283479e-05, -9.858391760641058e-05, 0.0004547634108574212, -0.0007623612934171051, 0.000589554680070738, -0.0003340102976452405, 0.00036073774352541097, 0.0003713214455303038, 0.0002960354364277157, -0.00037551240112563053, 0.0004812153518826582, 0.00015032348119039938, 0.0004440905133125765, 0.000955133575960807, -0.0005908106126413565, 0.00015355389846217907, 0.0003180563203567088, -0.00010769054444015384, 0.0009950498700954133, -0.0025179559830586585, 0.0023570000290387303, 0.007591846619996575, 0.0069338386615238725, -0.0005752392136310486, 0.0023051406619194292, -0.00032493026886148166], ""intercept"": 0.00016905200000000092}]",41,0.00027423379013847356,0.0,3a604de324fb150be04724a6acbd8db7ea51b24abc931fa4a127c8ad46fb7d7a,331ce42a58d3ae9736db28c9167307195bd7a6b2fcb2b83de5a7fb6e84d176e8,False
VALIDATION_COMMON_SUPPORT,REGISTERED_JOINT_CANDIDATE,METRO_P60_JOINT_STABILITY_7ee861c2c77448e11aa1b31f,J_KW,CHANNEL_COMPRESSED,0.0,0.01,0.10112962617141824,0.10112962617141825,0.09947341405517937,0.3153940615407642,0.12101447628947871,0.0010446042441039083,0.3153940615407642,0.12101447628947873,0.7149037133845316,0.0010446159275133704,"{""block_dimensions"": {""K"": 32, ""W"": 8}, ""coefficient"": [0.00026085513615577507, -0.0007621901844038661, -0.0001270388471962967, -0.0008507430661714694, 0.0006401123667656937, 0.0011045068541383147, 0.0003887980498810575, 0.0006226084085711266, 0.00046159064166535036, 0.0005594525949390279, 0.0006243476092331425, 0.0021486148402371113, 0.0007543743921805897, -0.0016756213766129988, 0.00016320502677755392, -0.00022578265176492488, 0.0002892071895056824, -0.0007307652545928266, 0.0010815571399530363, -0.00014455019668829883, 0.0007373062847319976, 0.00018953377736244674, 8.276692846995942e-05, -0.0007157376273465439, 0.0010060065566041493, 7.049361135924958e-06, 0.000364848014332516, -0.0006568527185150759, -0.0010057441786779408, 4.61791014725903e-05, 0.0010054480920890627, 0.00038402150764467853, 0.0008736001506348833, -0.002307392998630094, 0.0020806359902846507, 0.006702055982055897, 0.0044201420926048025, 0.003424057256859753, -0.0011533039679818122, 0.00010452736658986171], ""intercept"": 0.00017409199999999988}",41,0.00024313063877770753,0.0,80acb6e02c969d97049ac9088acb156a869dc6af2f67e607803f03031ad78c72,7bada5ab061531d84457fa3c0b4f841aa6389bce3c706694e327df38d76e91bd,False
OOF_COMMON_FOLDS_1_3,REGISTERED_JOINT_CANDIDATE,METRO_P60_JOINT_STABILITY_7ee861c2c77448e11aa1b31f,J_KW,CHANNEL_COMPRESSED,0.0,0.01,0.10112962617141824,0.10085209638556704,0.10085209638556704,0.3175721908252784,0.12185622146055061,0.0010905027267719136,0.3175721908252784,0.12185622146055061,0.7119474245391026,0.0010906761119753305,"[{""block_dimensions"": {""K"": 32, ""W"": 8}, ""coefficient"": [0.0004900131762326227, -0.0014166327718093666, -0.00035586006705939574, 0.00027464663691733146, 0.0008057810671441006, 2.232564957277625e-05, -2.09393338731676e-05, 0.0009086503601386459, 0.00039352029940555695, -0.0005072261925070485, 0.0004841225333231457, 0.002180063394858014, 0.0005844078339088956, -0.002877859135535141, -0.0002075769196280641, 0.00032410989311181795, 0.0005447055253950011, 2.3371092704976718e-05, 0.00039271224111990836, 0.00022156952525921556, 0.0007245230321424315, 0.0004893291468345574, 0.00015168783117612382, -9.077804686024968e-05, 0.0009995021561152826, 0.00021218656041668976, 0.0008055537604782584, 0.00010921370972234816, -0.0008325320753794813, 0.0005293775129619981, 0.0007333737927396797, -0.00012768516998816799, 0.0005172346682264076, 0.003109694899959659, -0.0067587784506946144, 0.013270833305078581, 0.001927562544973807, 0.0035244939469874542, 0.0010212194514337815, -0.0014739006546911544], ""intercept"": -0.00012420800000000328}, {""block_dimensions"": {""K"": 32, ""W"": 8}, ""coefficient"": [0.0004115442833264587, -0.0005944775758974421, -0.00035924346055010123, -0.0003313586235013921, 0.0005898223176841647, 0.0004929568525340416, 0.00021342417187974138, 0.0004279095541937176, 0.0005322897584647898, -0.0004115004805122824, 0.0008396976311159191, 0.0019831902574650095, 0.0006364556293698113, -0.002771546910788984, -0.0002517590690349021, 0.00038456879050809963, 0.0007945041893991122, -0.0004122247474385528, 0.0009340889482746204, -0.000721166096898872, 0.0009802071946877675, 0.0005371406324842184, 0.0002672109783009407, -0.00011048473603198243, 0.0010257453471188948, 3.528483035809802e-05, 0.0007977202727316439, -5.856522277143475e-05, -0.0010577252227510058, 0.00016019624685408314, 0.0008471752144482717, -4.3575454094516284e-05, -0.0005681718112286783, 0.0027843602013996388, -0.002502439320314334, 0.009236268343501577, 0.006683411946292153, -0.0015800396716933313, 0.004076338191642268, -0.0018113520863139755], ""intercept"": 0.000191412}, {""block_dimensions"": {""K"": 32, ""W"": 8}, ""coefficient"": [0.0002935457660218177, -0.00021597881020536788, -0.00021669867154883976, -0.0005157545868356919, 0.0005966655725186842, 0.0002638920600766161, 0.00024539246593092235, 0.0006954929427256277, 0.00025530628088010386, 0.00037684692089527536, 0.0006073367609042568, 0.001914318057264219, 0.0005115596858567623, -0.002208286021711793, -2.172548360409845e-05, 3.59829167963603e-05, 0.0006503912922917234, -0.0008772711463562105, 0.0008854081454621432, -0.0003436205460253588, 0.000611792266341627, 0.0004702594320075756, 3.495707713786776e-05, -0.0005577448401914265, 0.0008084688043264944, 6.439923679494404e-05, 0.0005901097212728312, 0.00013115059811769878, -0.0007889616987040923, 0.00012237112865292536, 0.0005282424204357398, 7.930452314060665e-05, 0.0007366020757710196, -0.0020125895021235016, 0.0018091775987200754, 0.007443256289486279, 0.006184701451984903, 0.000153006428783003, 0.0014611681287118518, -1.8662337831049223e-05], ""intercept"": 0.00016905200000000092}]",41,0.0002706901143831188,0.0,3a604de324fb150be04724a6acbd8db7ea51b24abc931fa4a127c8ad46fb7d7a,0f5313ef7cab43458d13703640eb7d9f3ba24e8b9108c2b2a50add94a80866db,False
VALIDATION_COMMON_SUPPORT,REGISTERED_JOINT_CANDIDATE,METRO_P60_JOINT_STABILITY_ad765facd0276c9a4cca53ee,J_KW,CHANNEL_COMPRESSED,0.0,0.1,0.1011138393472966,0.10111383934729658,0.09946417961411015,0.31537942167191274,0.12066192491195912,0.001137340527667896,0.31537942167191274,0.12066192491195912,0.7149301798015417,0.0011373522099926703,"{""block_dimensions"": {""K"": 32, ""W"": 8}, ""coefficient"": [0.00033580612592490854, -0.000746481217891549, -1.9157761635515842e-05, -0.0005751189963663582, 0.0006793883569501208, 0.0009087146614716868, 0.0006927450667100403, 0.0005191932225536998, 0.0005594035355967068, 0.00017733812465336408, 0.000738569911565013, 0.0018192849570213034, 0.0006141598151777088, -0.0015052755952907782, 0.00035952344413474834, 7.162372545189627e-05, 0.00011565183632949458, -0.000162601778220735, 0.0009894216403725981, -0.00031856995587538264, 0.0007592345564936547, 9.168525083925856e-05, -5.111187306321817e-05, -0.0006338485460605786, 0.0012801046772844067, -0.0002024035006571848, 0.0002016177796245968, -0.0005098163039056471, -0.0007489078053783074, 7.086018622875061e-05, 0.0012593533257879454, 0.0005322765386139358, 0.00010093124792535265, -0.0009837707255507507, 0.001541433345756622, 0.0057096735531433785, 0.004389822802650235, 0.002172875913365594, 3.428295079612284e-05, -0.00033890929208975964], ""intercept"": 0.00017409199999999988}",41,0.00022855426666529695,0.0,80acb6e02c969d97049ac9088acb156a869dc6af2f67e607803f03031ad78c72,26ea9606fc4b71f2a6b0119ee846bfa23906a3bede014b26812c30e17cd98eb2,False
OOF_COMMON_FOLDS_1_3,REGISTERED_JOINT_CANDIDATE,METRO_P60_JOINT_STABILITY_ad765facd0276c9a4cca53ee,J_KW,CHANNEL_COMPRESSED,0.0,0.1,0.1011138393472966,0.10083713416221905,0.10083713416221905,0.3175486327512985,0.12118958810627,0.0012386990215269567,0.3175486327512985,0.12118958810627,0.7119901594660349,0.0012388723810072833,"[{""block_dimensions"": {""K"": 32, ""W"": 8}, ""coefficient"": [0.0005269436994290567, -0.0012377789976105824, -0.00030397243714330664, 0.00014577317167950782, 0.0007760610728329714, 0.00016431586648391094, 0.00027747706060646737, 0.0006640016063878116, 0.00034953705446457377, -0.00026649659314719956, 0.0004554746130992122, 0.0016503623810324077, 0.00046407951090219804, -0.002174953986073355, 0.0001867667807684981, 0.0005147465548117575, 0.0003614796342182765, 5.214432929801935e-05, 0.0004632483323848913, 9.409446514504402e-05, 0.0006750031752135663, 0.0003949812494120676, -0.00028723579194758113, -0.0002657431445591113, 0.0012927055951390692, -5.737686031164755e-06, 0.0005899454433058951, 0.00014619892095134497, -0.0007491950581562835, 0.00040274683043407616, 0.0009271923463378715, 0.00012722174510448767, 0.0011524432205865702, -0.00046990849237111545, -0.0008102288402688024, 0.008855469623876625, 0.0034416523338730216, 0.002184599098623974, 0.0011094186481279231, -0.0009564447499456262], ""intercept"": -0.00012420800000000328}, {""block_dimensions"": {""K"": 32, ""W"": 8}, ""coefficient"": [0.0004538053535219984, -0.0007494972986816711, -0.00034972588449706, -0.00011478410371088475, 0.0005948094737302072, 0.000522227693492466, 0.0004516929995396223, 0.0002144133091001747, 0.0005308509591238721, -0.00024444219483237337, 0.0008349754624414596, 0.0015524483654599005, 0.0004105142734490874, -0.0020229554515760442, -6.6913654608289256e-06, 0.000536794212824874, 0.0005766821451167075, -0.00012827459184097865, 0.0011497988902108094, -0.0009115152528379244, 0.0009281788654085833, 0.0004437494000135919, -0.0001348028889302104, -0.00023983656191176934, 0.0013935113941679856, -0.00020603836450952727, 0.00046306470550217205, -8.071727929486007e-05, -0.0007579902363251461, 8.674510426149355e-05, 0.0011540649580072707, 0.00015366194222952707, 0.00012446174965135274, 0.00040142961846079784, 0.0005977910710544872, 0.0070610602431130645, 0.0054813700087337665, 0.0009671280563981544, 0.0012078944597829356, -0.000490846171287261], ""intercept"": 0.000191412}, {""block_dimensions"": {""K"": 32, ""W"": 8}, ""coefficient"": [0.0003526498143211217, -0.0003966551135160742, -0.00021060515760747283, -0.00019281209772449714, 0.000624941553595127, 0.0003344331629629628, 0.0004561699976880735, 0.0005303832707435668, 0.0002809500259123716, 3.7041971412302316e-05, 0.0006755017301043014, 0.0016224386431286555, 0.000400367140126244, -0.0019007522251380802, 0.00018006493674484021, 0.00026336627587042976, 0.0006579771523500226, -0.00041665443273002746, 0.0011190363038837588, -0.0004398432966273538, 0.0006904903253538677, 0.00046011225413496843, -0.0002748555568506246, -0.000651063483740215, 0.0012359457416759305, -0.00014538546665047783, 0.00043303371780931013, -7.042872064191158e-05, -0.0007080010144633738, 8.201860943652112e-05, 0.0007852340433107175, 0.0003554037077782756, 8.706609859519128e-05, -0.0009481215437540957, 0.0015497972385321288, 0.0065038034387120995, 0.005118007079247336, 0.001234404630476961, 0.0005658175678259647, 0.00024216947455437627], ""intercept"": 0.00016905200000000092}]",41,0.00025112343426272226,0.0,3a604de324fb150be04724a6acbd8db7ea51b24abc931fa4a127c8ad46fb7d7a,2bcb64c77b0f16b0961a0ae63cb67e2be88fbfa6b4a82003b2a083658e18242c,False
VALIDATION_COMMON_SUPPORT,REGISTERED_JOINT_CANDIDATE,METRO_P60_JOINT_STABILITY_a637d930def55b0845895121,J_KW,CHANNEL_COMPRESSED,0.0,1.0,0.1010799040103466,0.10107990401034658,0.09944196371801153,0.3153441988018989,0.11887955628261088,0.001360442242734683,0.3153441988018989,0.11887955628261089,0.714993851784068,0.001360453922450211,"{""block_dimensions"": {""K"": 32, ""W"": 8}, ""coefficient"": [0.0003941220124462803, -0.0004413527614750597, 0.0004209502664151804, 6.275223063844203e-05, 0.0005454921367064755, 0.0005791210683251369, 0.0009385157840107885, 0.0003455881905359991, 0.0006649581246275384, 0.00012112523494683457, 0.0007127026850337512, 0.0011297504499430582, 0.000504610453383999, -0.0006190660403659549, 0.0007429494172466419, 0.00019213916918004112, -4.1249720033176e-05, 0.0002739196787976647, 0.0005314070825827698, -0.00036403885285220066, 0.00048109540032940733, 1.511313913739382e-05, 6.133765880799244e-06, -0.0003028708762062062, 0.0012022976227991946, -8.172051476495192e-05, 7.140147139770928e-05, 8.382653991399404e-05, -0.00024287092996448588, 0.00021889916090130006, 0.0012478070529472916, 0.00048545630279106224, -0.00013046054809033123, 5.5140208619658336e-05, 0.0011701535340896537, 0.002980289898262223, 0.002729123975882709, 0.0013725792474834444, 0.00039445993220925234, -7.071973806519076e-05], ""intercept"": 0.00017409199999999988}",41,0.00016599303383377765,0.0,80acb6e02c969d97049ac9088acb156a869dc6af2f67e607803f03031ad78c72,86a96a674c41b9b4d4509682d5fdc59f3643e49f1364387e8e6e4896b9bee1a9,False
OOF_COMMON_FOLDS_1_3,REGISTERED_JOINT_CANDIDATE,METRO_P60_JOINT_STABILITY_a637d930def55b0845895121,J_KW,CHANNEL_COMPRESSED,0.0,1.0,0.1010799040103466,0.10080818474244217,0.10080818474244217,0.3175030468238725,0.11907253275397217,0.0015254342644426266,0.3175030468238725,0.11907253275397217,0.7120728444594431,0.0015256075741530983,"[{""block_dimensions"": {""K"": 32, ""W"": 8}, ""coefficient"": [0.00048433390067894374, -0.0006178042322821287, 0.00021677294803687034, 0.00029591361724422516, 0.0005656502484602118, 0.00029359227129321436, 0.0006459245151823579, 0.0003818472405311481, 0.0005018546632178054, 3.0458848861632558e-05, 0.00045812584337654187, 0.00103573398145813, 0.0004413879189144228, -0.00091903786722323, 0.0006728608732519727, 0.00036821138373474923, 0.00010898392801271973, 0.0002654733687520005, 0.00038491457770858207, -0.0001419844107885994, 0.0003802187791759372, 0.0002477000551956674, -0.00011562098057712982, -0.00022664568475027838, 0.0013659207949474792, -6.31944034246095e-05, 0.00023809373677216952, 0.0003022301480940208, -0.00034069509713926936, 0.00034304409081240434, 0.0010590931740911357, 0.0003308802299782667, 0.0002540127930997029, 0.00019885776419472902, 0.0010858454065844104, 0.0038480098648318644, 0.002663597674605335, 0.0013792839696610255, 0.0005976271574684316, -7.87993501551821e-05], ""intercept"": -0.00012420800000000328}, {""block_dimensions"": {""K"": 32, ""W"": 8}, ""coefficient"": [0.000432166482747797, -0.0005746048891986894, 0.00020304581946190158, 0.00018948931147007498, 0.00048605367413693303, 0.00043637423086222653, 0.0007452389834450269, 8.837603324482556e-05, 0.0006175547186629648, 3.804965262829108e-05, 0.0007637291022311038, 0.001026337241446773, 0.00039436278788922493, -0.0007645311041042509, 0.000551430298437546, 0.00042561504623674236, 0.00019368328006382773, 0.00021700607243247267, 0.0008281519008138395, -0.000684785147520942, 0.0005466859255948408, 0.00026555342066063146, -1.9198040639008805e-05, -0.0001887658137672411, 0.001430999795090179, -8.386274058296108e-05, 0.00017235841133732722, 0.00019843115602678115, -0.0002584825637123288, 0.00014393187604673125, 0.0011874757324972928, 0.00025459315518198587, 6.647007232603151e-05, 0.000418806651790316, 0.0013413833517888598, 0.0035862423682714805, 0.0032019899586540695, 0.0013716337489492647, 0.000576485867835963, -6.110253033511307e-07], ""intercept"": 0.000191412}, {""block_dimensions"": {""K"": 32, ""W"": 8}, ""coefficient"": [0.00035094525025459295, -0.0003787686477954404, 0.00028924554999518583, 0.00016212544191887218, 0.000496726383687781, 0.0003466331044325713, 0.0007387434374925432, 0.0002876628665237877, 0.00039163471806885955, 4.9830249701398395e-05, 0.0006424324099730961, 0.0010424990473092601, 0.00036201080759877357, -0.0007678530028549286, 0.0005387755134689705, 0.0002846083460673522, 0.00034080355649894543, 0.00010616492227478966, 0.0008266182345140794, -0.0004233079482884244, 0.00047113128394871617, 0.00028163148728614016, -0.00011512372390203305, -0.0003689288454021986, 0.0013614481489391322, -0.00011366805145456637, 0.00017321239179294247, 0.00019507933223494956, -0.0002931459954376781, 0.00018728712628161715, 0.0008752012236052806, 0.0004684522781661442, -0.00014200115507616187, 9.87243246961769e-05, 0.0013441607980297665, 0.0034246206678216996, 0.0030159242981588415, 0.0013193369586169692, 0.000549890093420218, 0.00021207657398025515], ""intercept"": 0.00016905200000000092}]",41,0.00017567028379300012,0.0,3a604de324fb150be04724a6acbd8db7ea51b24abc931fa4a127c8ad46fb7d7a,045007cba7bc466ac07a7de3b95b6490e55c14aa021640709404e3bd1e389c81,False
VALIDATION_COMMON_SUPPORT,REGISTERED_JOINT_CANDIDATE,METRO_P60_JOINT_STABILITY_48bd383a9a1a393411567abe,J_KW,CHANNEL_COMPRESSED,0.0,1e-05,0.10113420006138349,0.10113420006138349,0.09947525789142506,0.31539698459469306,0.12102761880093274,0.0010260876365860705,0.31539698459469306,0.12102761880093274,0.7148984288482385,0.0010260993202121371,"{""block_dimensions"": {""K"": 32, ""W"": 8}, ""coefficient"": [0.0002458342807967724, -0.0007634567184371096, -0.0001265985931219618, -0.0012547741235736333, 0.0006202191819562967, 0.0010775218500193929, 0.0003237459492131989, 0.0006323681781596391, 0.000431918759370976, 0.000689023122768472, 0.0005792245236776637, 0.0021333567764240885, 0.000778669377606423, -0.001620513423768569, 0.0001321630216006188, -0.0003111871015448346, 0.0003044476298508476, -0.0008960010904236951, 0.0010691910730646894, -0.00010094507299920502, 0.0006980253803850529, 0.00019542121527066928, 0.00012405687829164855, -0.0007330218956808921, 0.0009152416782862936, 9.754836422538417e-05, 0.00036463382020035826, -0.0002451257897663109, -0.0010463716459404547, 4.204068411782306e-05, 0.000927809196682697, 0.00034016931415519223, 0.0011791364339419907, -0.0028763819894477268, 0.0024579985775823173, 0.006880770212900499, 0.004184592658770965, 0.004393113953440768, -0.002180811094114655, 0.0005564928633484269], ""intercept"": 0.00017409199999999988}",41,0.0002453220054931446,0.0,80acb6e02c969d97049ac9088acb156a869dc6af2f67e607803f03031ad78c72,d15a57e05ea3812b7e217887bcba19d503ef961a90a86d3529ed9f5ecb28a2ba,False
OOF_COMMON_FOLDS_1_3,REGISTERED_JOINT_CANDIDATE,METRO_P60_JOINT_STABILITY_48bd383a9a1a393411567abe,J_KW,CHANNEL_COMPRESSED,0.0,1e-05,0.10113420006138349,0.10085628237105018,0.10085628237105018,0.31757878136149176,0.12203855476211356,0.0010490418072230945,0.31757878136149176,0.12203855476211356,0.7119354685764359,0.001049215199623088,"[{""block_dimensions"": {""K"": 32, ""W"": 8}, ""coefficient"": [0.0005022496085708691, -0.0014827339183542069, -0.0003682612364751142, 0.0007323907573621951, 0.000819020184483763, 1.8260908522365787e-06, -9.708981747922324e-05, 0.0010208996796230098, 0.00042076192413664505, -0.0006840452733510811, 0.0004963746036125636, 0.0024059367160518394, 0.0006585497837596763, -0.003235846954566098, -0.0003082044353751188, 0.00022697771161734877, 0.0006281211382203633, 9.76663412580157e-05, 0.0004050190649865126, 0.0002343374946760571, 0.0007743987574269335, 0.0005329964604152454, 0.00036119480903631354, -2.304770415398186e-05, 0.0009851123778129168, 0.0002760334616578828, 0.0008887779077608033, -0.0003023208893587034, -0.0008735383031249417, 0.0005774752010496517, 0.0007431654230574264, -0.00019197235616844036, -0.0010458990116767033, 0.007326625639427391, -0.011451371066872941, 0.01565301753365382, 0.0005187589227575042, 0.00524752524589914, -0.00037154539947473853, -0.0010632767800867362], ""intercept"": -0.00012420800000000328}, {""block_dimensions"": {""K"": 32, ""W"": 8}, ""coefficient"": [0.00030204796582004347, -0.00044922679649020387, -0.0002525398842804112, -0.0014882749362927746, 0.0005645074125542032, 0.00022759687914586618, 0.00018774777832895813, 0.0004342174958122243, 0.0004779653632152342, -0.0003470984100296907, 0.0008180564044974211, 0.001964431331138615, 0.0006695322720494341, -0.0026151627123329, -0.00025932694885366875, 0.00019110202357634637, 0.000746510942228337, -0.0004163842741503227, 0.0006960810987443435, -0.0006500275646069467, 0.0007804985527234885, 0.0005086635069278105, 0.0005463822387693564, -1.5120771569527024e-05, 0.00075297749047686, 0.0001345898017836732, 0.0007847093222220782, 0.0012279978806499943, -0.0009909603417251204, 0.0001971193238442177, 0.0005997513420820457, -0.00017170334551806917, -0.0012761904552396701, 0.004663257514882362, -0.0043157601380678775, 0.010222380938786035, 0.0074759212738607535, -0.003313000583562923, 0.006188884404319306, -0.0027709775738819415], ""intercept"": 0.000191412}, {""block_dimensions"": {""K"": 32, ""W"": 8}, ""coefficient"": [0.0001595414482351679, -0.00010205036033701919, 1.6829149257018367e-05, -0.0014603064231062132, 0.0005185441776165311, -0.00014535964159336778, 0.000199922380804693, 0.0005507767041472578, 0.00018114126852154965, 0.0005494026000369881, 0.0005004707806869087, 0.0015522478375241007, 0.00023309776924579283, -0.0015325267960505091, -7.407843084799565e-05, -0.00013910357010842446, 0.00035349103636258666, -0.0006498781539254912, 0.00045142155900777353, -0.00032980713051536755, 0.00023432933286798526, 0.0003207575273020528, 0.0004013567495592122, -0.0002901903632476481, 0.00033722561925305695, 0.0001776573576463632, 0.0003586407246853035, 0.001381329133828128, -0.00047759547667684024, 0.00016672779749468222, 0.00022496178313559164, -0.0001872320596851355, 0.0010435686023675071, -0.0025988809443718572, 0.0025037277223231343, 0.007694330729987887, 0.007167552731437035, -0.0006892552807484342, 0.002489484958967703, -0.00038482592892924314], ""intercept"": 0.00016905200000000092}]",41,0.00027477496169344236,0.0,3a604de324fb150be04724a6acbd8db7ea51b24abc931fa4a127c8ad46fb7d7a,9d61c41243d65c8418eadde3359bc90ae3f97f7600e72cb6e157927eca2da03a,False
VALIDATION_COMMON_SUPPORT,REGISTERED_JOINT_CANDIDATE,METRO_P60_JOINT_STABILITY_c276ed7089668e795e6f8716,J_KW,FULL_BASIS,0.0,0.0,0.10121875700085345,0.10121875700085343,0.09962635854177716,0.31563643411649606,0.1251892019218723,-0.0004913309762679674,0.31563643411649606,0.1251892019218723,0.7144653660572432,-0.0004913192748947637,"{""block_dimensions"": {""K"": 288, ""W"": 8}, ""coefficient"": [-0.00513249679309522, 0.0002637783005915815, -0.006337614702075638, 0.00682288997738348, 0.009318122661240663, -0.01901990200218982, -0.028118974559393252, 0.0066415052730936725, -0.014679656935485418, -0.02410891189910301, 0.031587611037431955, 0.02026750363352954, 0.0362510501342141, -0.030384850872143848, 0.005449226297634475, 0.10692491205094948, 0.017345012150891, 0.03659240422087518, 0.025667073795293708, -0.02494661669859486, -0.0013266385878243994, -0.00825919765946429, -0.10462856361352785, -0.06107690518077231, -0.4174867232848317, 0.43560556185651955, 0.3126202111630947, -0.08760538593522424, -0.16379353309434094, 0.4594990004628048, 0.38283657445494196, -0.17049556114993908, -0.23758150147789936, -0.2703935081339794, -0.3502879093533552, 0.11095019228984157, 0.0012428667737207596, 0.0014120541555371882, -0.0010297690732265945, -0.0009406002049691061, -0.0011985421195604854, 0.0011067010494626947, -0.0021694721522008773, -0.0013144653784553364, 0.0021848604703795867, -0.0037943824242959614, -0.0010124775155697565, 0.004843271408885342, 0.006014915655221705, 0.0029442564747690185, 0.1371054040246266, 0.05206254162174409, -0.015220116885069013, -0.012045780459615754, 0.27575831181545113, 0.03755138895150763, 0.0011853921101657777, -0.016019672001598418, -0.0987697435098861, -0.03667792733483741, 0.03538812946642603, 0.00192279666648951, -0.004838699120691736, -7.175072074657998e-05, -0.003001497775788434, -0.11582866919342633, 0.006905560164664213, 0.06728218610959419, -0.0369643194668754, -0.09245569831652294, 0.09184559798525875, 0.032142166152185014, -0.00106541911466676, 0.0020099434960823585, 0.009732531980600362, -0.00016929570604634492, 0.002034955356363885, -0.010701688680738196, -0.007041892883017694, -0.002147418811580652, -0.010996916867787596, 0.006215227700505217, 0.01312363491279314, 0.020511174963425808, -0.0013236752901375907, -0.0010888082607678864, 0.0019433483278786972, 0.0012824889252176803, -0.0006787444311288293, 0.0022453468494253847, -0.0003972185556676289, -0.00176365667792481, -0.0033171408734568243, 0.001614103305082439, 0.0016861366047198122, -0.0018026232781156427, -0.00030012599462152657, -0.0011055689765736316, 0.01679323756002206, 0.010023837954058323, -0.003938634459625078, -0.02026113940006377, 0.011654793200517476, 0.012458767509807988, 0.0031411567469585067, -0.004853835442430713, -0.0011388458608764863, -0.002159595594868961, 0.0033692825917482905, -0.0013810200399805008, -0.01659374402397681, -0.0366008643098618, 0.012903084829318087, -0.01077242304968545, 0.013409208492066978, -0.013914794722964243, 0.02389271595394006, 0.015876515648203502, 0.018737208457863506, -0.006934472354404306, -0.006513072159056609, -0.036452266802883916, 0.005693925182771358, -0.02238131533205914, 0.0018401794944506945, -0.036594892330667345, -0.014404185475181328, -0.01992712870916735, 0.021188198595395905, 0.03548666436398091, 0.003799283192184255, 0.021332314566507245, 0.0001799591493478164, -0.00024270993864827534, -0.00868641912984583, -0.002650688455567979, -0.004311256784515655, 0.002641636461333225, -5.700253762340391e-05, 0.0006335359422152516, -0.004063954115617009, 0.009598310589933516, -0.018859673397869998, 0.0030620596351760183, -0.005758214266480846, -0.0018230114240692374, 0.0035276608762632145, 0.0031712266815688713, 0.0029185588210766974, 0.0008705982068180315, -0.006673210450519192, 0.0035977291314513433, 0.0012208917248442178, -0.003599432648799714, -0.0016644809113496206, -0.005216083019091444, -0.0005926291428986878, 0.01412793967603008, 0.04687269614028004, 0.017288057792701875, -0.0035286528204240175, 0.007674094735191944, -0.009031713387503843, 0.002918927455114655, 0.010140944118249529, -0.0008127138421995148, -0.017502118034564692, 0.006192391303691171, -0.0008431017167111429, 0.000190171844153501, 0.0010296757804706797, -2.9012688516001814e-05, 0.0004210487746276317, 0.0010094751772800853, -0.0004682479761433567, 0.00020020751553434987, 0.00660064646794985, -6.719566570923461e-05, 0.0031210443752803354, 0.0045235118181994145, 0.006300051152631325, 0.009643485705978401, 0.004559328689937798, 0.004843956388001961, 0.017569579216538372, -0.01790649553271042, -0.0007382439167606588, 0.010378577950516367, -0.01607090815560425, -0.013954811353548558, -0.0272526949524038, -0.005907061273532459, 0.001251590777081725, -0.0005809421819525468, -0.0026013872966490076, 0.0022942168979528427, 0.0011755353506320582, -0.0005391462039587945, 0.003094020059000778, -0.0003255981139433127, -0.0016559764383838847, 0.0005654256063403212, -0.006700568831926966, -0.0022743248626870692, -0.002168058771053433, 0.05503588093828935, -0.023785090796389814, -0.016694364006462625, -0.04715344144108836, 0.07778093877233087, 0.02489982152703761, -0.004719538364860793, -0.023618046664544246, -0.06658446879760402, 0.0010788230691085718, 0.016079013657820926, -0.00017876953288599033, -0.002315345129821674, 0.0020635633658528845, -0.011425811964474944, -0.0009670278603108973, 0.0001290232735994556, 0.002918982457139522, 0.0013154604713848637, -0.0031994543729296243, -0.008538724828113712, 0.010757591071808468, 0.011182776915430697, 0.005631076167764506, -0.014701713891865436, 0.0009953126361357321, -0.003167037854243005, -0.0013571858122630668, 0.0034424354126612222, -0.0014021323672005997, -0.0010078321946927263, 0.49697133987612935, -0.3973687167703785, -0.1333308883990633, -0.2758250702277617, -0.08448061877005424, -0.31677265495829054, -0.6399959382551851, 0.0360469689834835, 0.3605594191611373, 0.5189286195648289, 0.09380567023419382, 0.03970824420400316, 0.009139604298354108, -0.001170312487630698, -0.0008760469845751125, -0.00039124562717008054, 0.0015734147194743939, -0.00012321988524030656, 0.00031461116742894155, 0.00015356205989890083, -0.0012296851546489437, -0.0015623858794572584, 0.0005200531912521074, -0.0016682963341094939, 0.0013090122390470279, 0.00040355097627291177, 1.2811961979665663e-05, 0.0015149058480103865, 0.0049285523909166785, -0.009271106935325983, 0.0026248142382565153, -0.01853763669073802, 0.008370070013728716, -0.011987803608811813, 0.010674767722377168, 0.014165901041620793, 0.0018655975911476203, -0.0012177023240908425, -0.013054274844112316, 0.009578088182429988, -0.007577753276516376, -0.003742948034641448, -0.00012241602294939878, -0.006489547032531442, 0.004044283009268486, -0.004032448623383437, 0.010522569237419004, -9.283558269505783e-05, 0.002686473657693312, 0.015859824714974064, -0.010246301044321256, 0.0007729733967717556, 0.0016528635784899698, -0.002677254944357556, 0.00581808418746448, 0.01013517850021262, 0.007228261494785191, 0.00789404543315712, -0.002418877613048435, 0.0008320887760598486], ""intercept"": 0.00017409199999999988}",297,0.0004765148721248626,0.0,80acb6e02c969d97049ac9088acb156a869dc6af2f67e607803f03031ad78c72,c171db03545fdb1d9fa7b37213c110e66a2c76dc6b0afd1068f74fecaa297d3c,False
OOF_COMMON_FOLDS_1_3,REGISTERED_JOINT_CANDIDATE,METRO_P60_JOINT_STABILITY_c276ed7089668e795e6f8716,J_KW,FULL_BASIS,0.0,0.0,0.10121875700085345,0.10088686681807749,0.10088686681807749,0.31762693024691324,0.12517837070452917,0.0007461121141444371,0.31762693024691324,0.12517837070452917,0.7118481136373617,0.0007462855591253703,"[{""block_dimensions"": {""K"": 288, ""W"": 8}, ""coefficient"": [-0.006791668621459156, -0.007777417227324321, 0.009806084804269987, -0.0011374737092314502, 0.00044332079867764353, 0.008353382124314452, -0.049783163513916096, 0.05823268691767121, -0.007007026293339726, -0.024957089717616992, -0.03789959428579019, 0.06118491225302083, 0.00391545418217727, -0.04299920470383027, -0.06996016398500364, 0.06833854348080452, 0.0009080997318904264, -0.00796593437710588, 0.01762970667630151, -0.013572627521625113, 0.04577434113980854, 0.07099231552125738, -0.06557549792577644, -0.014412539877164654, 0.41650523911261217, 0.2837100812421184, 0.3407332413463584, -0.5659937892032207, 0.0654951258580654, 0.5872257918232316, -0.044508258635883036, -0.3027856467219398, -0.04077234263113409, -0.15746048000605362, -0.5485210424744993, 0.1261114284807156, 0.00018784735335357396, 0.0013519930803519982, -0.0010903494182405245, 0.0003984596127822417, 0.0004904471500935746, 0.00016768474871739305, -0.0012622174302606432, -0.0015002562878058568, 0.0008824350596162144, 0.0006807276842997798, -0.0008525241243711456, 0.0008433066667712502, -0.008725099067262794, 0.006122409184926469, 0.13092851032534014, -0.18338451162189723, 0.0012479096858106597, -0.0471053604502398, 0.12076427355476989, 0.014334338204542666, -0.0026903881615413516, -0.02427880905267028, 0.030719486439384245, 0.042470767272776544, -0.0041219993318416396, 0.03280427470785179, -0.004536376197857425, 0.000346458021063731, 0.0034306953188500446, -0.03821144325160798, 0.033428332106551974, 0.03771088981626764, -0.06868025128577707, -0.013380842015946108, -0.012291663679566203, 0.03465488382191768, 0.020121679429340556, -0.005207813748440806, 0.0013676529862226441, -0.017073577238601173, -0.0018351397273760678, -0.02795372567288033, -0.009515479319688066, -0.01418325523362493, 0.012707490039268078, 0.015114749863838012, 0.014359135108088162, 0.010695841553328861, 0.0018052192886184204, 0.0014520998527957417, 0.0008292718379270746, -0.002649869216433453, -0.001924894277442955, 0.0025989118426811143, 0.002828707089444411, 0.0006035094529854265, -0.0019708158816546745, -0.0012258587056568231, -0.0011267623733434626, -0.0014412501278735362, -0.00786869830550517, -0.004763879389002774, -0.0007911985980972987, 0.01084585448590863, 0.008801200670952301, -0.021541620221983727, 0.0007033545711391698, 0.0013099089935448, -0.006959570653962678, 0.01428541286274641, 0.0025369185410042505, -0.0024054814974178978, -0.004293938948346269, -0.007568493341518885, 0.017702990104282217, 1.183646441643673e-05, -0.028475849441958894, 0.0015162307107298048, -0.030270777740940887, -0.036454770100751606, 0.008341961888005124, 0.016234065787660727, 0.0015209856216486315, 0.05537828950941349, -0.012065811018646571, -0.011941046157983116, 0.004733747405571797, -0.0025959958605437272, -0.02387772178212422, -0.01429458295532877, 0.030622064633093686, 0.015201680958920627, 0.008055073397185128, 0.01774584976664225, 0.009563252705111646, 0.028206283677042004, -0.007327791433400985, -0.006157540113014151, -0.001827243630862283, -0.0007913730756294133, -0.0028380723830242413, 0.0005627024929435076, 0.0017248210325200538, 0.00028958960361178976, -0.004820653090905848, -0.0004973694546896538, 0.0060418149363312065, -0.0012414422628529193, -0.020842280704334852, 0.012450146813551676, -0.0051762584081272425, -0.001483580210793312, -0.0020363053655933685, -0.0027958705464429462, 0.006158659180155612, 0.0006087355321494671, 0.002936923419263007, 0.002026545189683371, -0.0012798748093022603, 0.0058881248324284, 0.017043889088885062, 0.02572743716349394, 0.003166631244874172, 0.027056402555614315, -0.003572269916897829, -0.0020405516986654504, 0.0025613738383951715, 0.008155694549567587, 0.004346303150899484, -0.006368722807099293, 0.0010278851623974129, -0.00928480547237796, -0.0016139593062089131, -0.0011103980888405513, 0.001450143154226873, -0.00036144994134321975, 0.00196870919881937, -0.0002073122924230047, 0.0012520158658837208, -0.0003381493069235961, 0.006269767351070688, -0.014570383194015038, 0.003206458213976005, 0.009888772585987256, 0.008100517921611095, 0.017139311089987872, -0.007514917911834133, -0.008854279235883384, 0.00436262444619582, 0.0006434977738298013, -0.006920837273030621, -0.00035317945234679827, -0.015682752451230693, -0.002704689363327301, -0.006020849455609588, 0.004260159819409603, 0.001999759969509176, -0.002177166856008076, 0.00013219266240058035, 0.0027838408107727277, -0.000977355719497768, 5.057531638773952e-05, 0.000306570593174219, 0.00017339957744262258, 0.002623092257000405, -0.002369716265862406, 0.0039865940770349596, 0.0005394099947982735, -0.0017063074770346952, 0.04803928710377106, -0.04714967766677649, -0.061869509099899335, 0.023577506035649252, 0.028110502984507353, 0.025725020546232585, 0.013124696066679285, -0.03145274792058492, -0.023126063723503055, -0.0132606857622757, 0.04987186158659603, -0.001067134314539007, 0.0007992554325806662, -0.0002276096883503063, -0.0015848067666133325, -0.0016213317529000302, 0.0011522199444667554, 0.0019139871001721427, -0.0017404612770373247, -0.0010276357377496255, -0.013861350132508478, 0.004566257905569135, 0.01027123292581073, 0.0002423506609431963, -0.018211711371839245, -0.0077277635463342065, 0.015053829524123336, -0.0002454869144603085, 0.0014766417951361597, -0.0003373005889176623, 0.0012874872289481438, -0.4339673013026675, -0.1354519830414205, -0.36384557461054057, 0.43898969747591426, -0.1471693506671961, -0.39766699071350514, 0.07540643584090923, 0.2240752980093259, 0.09578542115354058, -0.2061018597552343, 0.7311698049277349, -0.1232623831206291, 0.005870758396706675, 0.0035942951987661498, -0.002298943711962684, -0.0005877733958665388, -7.288548113690361e-05, 8.765201749397043e-05, -0.001867397216116407, -0.00029146539726303207, 0.0004059896301586047, 0.0005121031622284804, 0.0012073049594274485, -0.001402890915780829, -0.0005939752828153903, -0.0002589297171818422, 0.0018070229435206337, 0.004673467375280793, -0.01289561858445662, -0.0013780897573267637, -0.013691415853980721, 0.0022153081735206176, 0.010258654800075703, 0.01685765246044863, -0.005189877880624046, 0.0021094208290120915, -0.0008410235704794804, -0.004111472274941081, -0.008917857366336395, 0.011816975136703914, -0.02879730441058325, -0.004874200028508719, 0.00142648095858578, -0.007473386553303051, 0.014033772790913708, 0.007323945045816222, 0.010318221318266579, -0.002614033776107572, -0.01922328885656792, 0.008846462456127338, 0.014428425237072336, 0.0038163980754539572, -0.00039384865816764276, 0.006658576759809948, -0.006660831492317886, 0.01801097922669952, 0.0025634166052047533, 0.009535910293639645, -0.0017599712818691096, -0.00047628643880552894], ""intercept"": -0.00012420800000000328}, {""block_dimensions"": {""K"": 288, ""W"": 8}, ""coefficient"": [-0.0011821593547717822, 0.004885465287379926, -0.0038036882700094496, -0.00517933722996081, -0.017092839088165522, 0.00629649829188885, -0.029622430565333386, 0.027397139881189303, -0.03856788197071837, -0.025788709033626525, 0.031846643165946285, 0.043424826187761785, 0.010585646931527361, -0.01929502197601564, 0.015347106834602822, 0.08235345473941501, -0.004731467746651921, 0.019517753486071925, 0.003298994555784854, -0.052859348224277417, 0.04173660999444026, -0.08092317316852564, 0.022455487863536225, -0.051891444210287456, -0.10912083436941909, 0.23321288668439172, 0.711705742624197, -0.6512163186643193, -0.09661911725311575, 0.4864978051170022, 0.11832734147947935, 0.027590137558901013, 0.08390469738252831, -0.5254731219340734, -0.032300676398077606, -0.2428268307322715, 0.0007292719510029502, -0.002757985555901028, 0.0016248578856884537, 0.0010423762120306797, -0.0015101791168893584, -0.0003189773799899284, 0.0004408124009394947, -0.0007428786189770108, 0.0005807946908973076, -0.0002129000937357695, -0.001400439014217027, 0.0014896638895782175, -0.005746906222944305, 0.007111212124766222, 0.037215041329838036, 0.11852819893715877, 0.014138333815853197, -0.07237921559469337, 0.02941036178380121, 0.030523587123497974, -0.008835822784568317, -0.023223006093209438, -0.009735279500938443, -0.012069856375175827, 0.0434137071993137, 0.030958016428254635, 0.0008643740613334842, 0.00015276494129599482, -0.0067148920193791034, -0.09453904172922205, 0.009171117624180825, 0.06860006657412544, -0.0734823551608957, 0.006223002526344997, -0.08703847113521247, 0.0994988118745694, 0.015192522469921654, 0.0025271639916300986, 0.003879513455271757, -0.010408595910382325, 0.003794449301322279, -0.03605612085013801, -0.012418211612056487, 0.0015464167312876577, -0.00943060346743474, 0.029435151010243382, 0.0034932691892365737, 0.014545910792414697, 0.002699682109840789, 0.0013010930844325262, 0.0001462529692286883, -0.002889871605137403, -0.0018713965395393336, 0.0020693371063400107, 0.000598162005850117, 0.0016103611384798383, -0.003461438706207315, 0.00042522139099486933, -0.0016606302917831083, -0.0014880336386602347, 0.009616891975283454, -0.02434761706166039, 0.0022206960038527713, 0.012386602157270884, 0.0010243570615437066, -0.023703082690028587, 0.002912158436124943, 0.007337043705551518, 0.0021068516806139674, 0.000532851720958383, -0.003290410236961342, 0.005315229589001525, -0.013393336206630845, -0.002604964719738205, -0.026102481171460246, -0.027598724809385956, 0.006448445590611166, 0.00185255462789696, 0.03615393139627133, -0.024690749973096133, 0.008219022149942471, 0.020044205241997074, 0.02370026272561973, -0.003709298217734328, -0.025812057545716034, -0.0064111682564770185, -0.011828953538450765, 0.0030207241630049405, 0.01604878582314145, -0.011045539461075336, 0.004999864372892501, 0.004458910994765367, 0.049068183179329136, 0.006105575311775007, 0.011906578413632811, 0.004335420658101131, -0.0012331732834215455, -0.002307678783190545, -0.007672732504971521, -0.0020187904876720134, -0.004549719832031461, 0.0017106876671440971, -0.0005812781757833296, -0.00020471848570978535, -0.0021094733259960346, -0.015019263946574539, 0.018991137374548862, 0.00613851671137183, -0.03264621554888736, 0.0005079884055054981, -0.0005081080925902554, 0.0015130539068985635, 0.0014562866203113754, 0.01298439906518122, -0.005385238673793956, 0.003746589516576957, -0.0009514143350195535, -0.000618244586801444, -0.001388401649057674, -0.0008796245681880025, 0.017079604037424458, -0.006248585247958135, 0.0475694614111885, 0.02715523470166513, 0.0028504299124284143, 0.00826851657015241, -0.014279493994480481, -0.0015645357610826192, 0.011605385606267178, -0.00132337609498326, -0.02144996067999267, 0.010407175764585937, -0.000727587914873376, -0.0005121432109219718, 0.0022101727120883404, -0.0016379640478011684, 0.0017488949873615545, 0.000465488149041023, 0.0018049542755368987, -0.000947779840006848, 0.004870949422745191, -0.01081999364847898, 0.009348467767641975, -0.007519306667554681, 0.02019518044882571, 0.0013004607655655459, -0.0022979054939921426, -0.02048790143345769, 0.004055851676915592, -0.00774873070497576, -0.015022248979644964, 0.004408295630223006, -0.00394462030319214, -0.013800332176129443, -0.016940098326539355, -0.005107202523904095, 0.0020061671013246944, 0.0015026355409048023, -0.001440656643377983, 0.0022948648763734944, -0.0010542601132056796, 4.175272515428809e-05, -0.0001555976596094116, 3.271613760848902e-05, -0.0008052329182766367, -0.0068203002425521716, 0.0024603977365119105, -0.0017179214215482324, 0.009975648699155489, 0.024743518877199184, 0.00392884218473228, -0.028323788328713354, -0.013272057797881725, 0.02476474062254837, -0.03654438406835867, 0.02365475406409057, -0.028485902320080313, -0.01846768645606536, 0.033568799531753346, 0.022702205670793337, 0.001986312135310957, -0.00044942154940785724, 0.0005919446833379253, 0.002216359427763648, -0.0007385839821374996, -0.0023003879105055985, -0.00047905816241626585, -0.0005336298764778849, -0.0002124926691535691, -0.007009424561244064, 0.0010475101405600185, 0.012155719202848102, -0.0035791337601981657, -0.01340254376593099, -0.0003396257174415674, 0.0060542831695468, -0.002685011690326918, 0.0015815793185215078, -0.0019583524997367667, 0.004716101769279053, 0.11650660667544614, -0.15817538268757264, 0.6549610591492749, -0.6775007225007171, -0.010509854387808142, -0.3328782536866504, -0.29131708379342874, 0.04898734772028724, -0.03803370673942876, 0.6332899639418714, -0.14972394554648336, 0.10148493158763537, 0.011036813461431871, -0.004095091731703934, -0.0011029019520262015, 0.0016201872519561948, -0.0006939362755622171, 0.0005744252444845457, -0.00024634946230762657, 0.0004090290113785035, -0.0005883769418428955, -0.0007998436720471742, 0.0009488986621173992, -0.000840724698692358, 0.0017906013356543309, -0.0004980923296314969, -0.0010962606223959372, 0.0013616519217519098, -0.010885978313585546, -0.004678543539839102, -0.005808411308416571, 0.003940029265343446, 0.008064137128137593, 0.0002954780908126641, -0.001114684257503455, 0.008785175725498138, 0.0025186752126759296, -0.003439539783657752, -0.01144456220363905, 0.009664072618060007, -0.017029421622195947, -0.002622614843753488, 0.0017094259841832504, 0.003065215891544685, 0.01816451373275636, -0.0010901848578067335, -0.005803171103312262, -0.003654499103549361, -0.0035219543942589986, 0.008505435341138411, 0.022505088193231566, -0.019959223891873233, -0.0008522060757209107, 0.004539190541981377, -0.00034058271778208575, 0.012364396672220036, 0.00980891369702954, -0.0006148961301669922, 0.005857582511484593, -0.0022533415620381377], ""intercept"": 0.000191412}, {""block_dimensions"": {""K"": 288, ""W"": 8}, ""coefficient"": [-0.0049807187472167384, 0.005745507528809074, -0.008890430222670088, 0.0011634402742688227, -0.0285924094848301, -0.015065321354158251, -0.06015598340217664, 0.023295574126119944, -0.03490222994949629, -0.012712343318849151, 0.028833458077459424, 0.08322424741372365, 0.023658394215597487, -0.02018420253637859, 0.002306332482634016, -0.01397138016510075, -0.026991213614931356, 0.012263862662638918, 0.09269126854788484, 0.02600481450282863, 0.017447620205788775, 0.022508612039949163, -0.10202864586903931, -0.052936211869281345, -0.3339852881412805, 0.4947420354324382, 0.31689007316456563, -1.1330186150885235, 0.011220462060792727, 0.7871568943214151, 0.2481150609116099, -0.11352051214579885, -0.1246730325960666, -0.44492523864305467, -0.41068377786321075, -0.27556503949920313, -0.0020999091550723357, 0.00034177192311918514, 0.0017358997035249169, -0.00019472419655376585, -0.0016593886921927314, -0.0005628689107864845, -3.659674836776839e-05, 9.408676454524789e-05, 0.0009235059069162376, -0.0006187376076153969, -0.0011491367908662824, 0.002493712482482256, 0.006626922683158692, 0.006628781383799288, 0.09559295457278126, 0.07333634735707885, -0.023430350572187897, -0.13877966966169625, 0.12145902294519409, 0.03963322068215416, -0.009135035347431313, -0.019182246877700405, -0.03915765530077653, -0.018042222685848628, 0.02270351431781554, 0.03369573275556427, -0.0005647014509286933, -0.0010507682068965, -0.0005265333015287222, -0.09366623777906542, -0.0024161970270445148, 0.05788035458307797, -0.07033006606353118, 0.10281373651124501, -0.06235145121298013, 0.00886267496120022, -0.00030320094354898043, -0.0013874886185426334, 0.00570544446895303, 0.00019823402454272496, 0.005117994459773788, -0.002459571578723947, -0.008724984616704555, -0.004277603963223334, -0.006748966198396012, 0.0049496742044962475, -0.00026141936353045746, 0.014127602141985838, 0.0015953918046872405, -0.0003255034113796411, -0.0008643931473240136, 0.0010119142262229118, -0.0018150815154319158, 0.0017320392968733396, 0.0011679780118777406, -0.0008156474322189108, -0.002763168404833991, 2.8992487158910383e-06, 0.000891832985580978, -0.00014767000018395441, 0.010760677953373605, -0.025709240441154566, 0.010743454334335068, 0.01551508786575942, -0.009252979128472661, -0.017726796085751378, 0.009561132276167702, 0.004801326199992457, 0.0041705471352768185, -0.007312530562862684, 0.004225179709439582, 0.0017749635405870953, -0.0086376638869764, -0.0003437297301699787, -0.023538317218188897, -0.039518790045619465, 0.012676993192989013, 0.0018777637220625538, 0.021482294230006724, -0.022347223804834997, 0.009519328537099345, 0.02401066059415648, 0.02687201043599089, 0.0014907283719507614, 0.00301517089674413, -0.02775084995925407, 0.009039260019556582, -0.01922398008617521, 0.028751627511014552, -0.024036861340817842, -0.005936689429813658, -0.0072811932904502325, 0.038018276060607974, 0.00979747455866732, 0.013920775661662844, 0.003899692098363541, -0.0012189402789679624, -0.0004855465735443715, -0.007227503187610114, -0.0016235564649224913, -0.002509311168236676, 0.0025071389351531293, 0.0018439888304471236, 0.0014505238698565084, -0.003912597790388906, 0.020492903504493915, -0.014472388296187284, 0.005190378158315411, -0.02476323760080691, 0.0017728623101457247, 0.0015534181215369574, 0.001472935295813828, 0.0027714327226083073, 0.007306449636183609, -0.007900332716276564, 0.0051733721064466335, 0.0025373293815640087, -0.002400994521379935, -0.0018122682740415502, -0.00499843784047029, -0.011317523234695022, -0.0023180504747305096, 0.030333794812603666, 0.030308574514466998, -0.001471821773617178, 0.009404846437530024, -0.010524889081879188, 0.0020270209872957504, 0.007593794738270692, 0.003720449264129996, -0.019730621139425548, 0.008854288395043295, -0.0009836104493284685, 0.0005270401292444906, 0.002190883197294868, -0.0003974350390064214, 0.0007368964205120423, -0.00010753568585386829, 0.0003813035397252641, -0.0011679203043016323, 0.008867211852072336, -0.025540352886705434, 0.008761284821586198, -0.005878607618635418, 0.012453657172208983, 0.0001945746201208042, -0.030514181439041378, -0.025697618441941954, 0.009518520849246514, -0.009415774815232507, -0.008615870791523133, -0.008135896322483386, -0.01718158735410531, -0.008398482975831713, -0.012468618877520264, 0.006364869654992982, 0.0017628068737525118, 0.0002646011508140848, -0.0020721262308442136, 0.0022947501305704966, 0.00021754940685044148, -1.3404454435325746e-06, 0.0008350167223126706, -0.0005084358588116523, -0.0019704685911250837, -0.0030900031165343655, -0.005744789475248832, -0.006346683409904913, 0.0065041150411195665, 0.05350730021092871, -0.01480845617314144, -0.048552602336991574, -0.03817675170919048, 0.06602028637625496, 5.3094320533456104e-05, 0.00932336463370066, -0.010951688200662751, -0.05403170934622273, -0.0032964608790625946, 0.04064710130434403, 6.289674061918187e-05, -0.001061284677642249, 0.000364153385979999, -0.004630405559212835, -0.0004968094209925469, 6.75504426956898e-05, 0.0006772374364345783, 0.001489439761827801, -0.0026360487510140385, -0.00038351264800401207, 0.012746598993368021, 0.0047997241379079255, 0.011087893774681362, -0.011007819621323925, -0.003980326162496739, -0.007418056745550851, -0.0017504724199957544, 0.0029867083374518354, -0.001876229843271211, 0.0024254145979358196, 0.3832654926770166, -0.42378532688066817, 1.0891012644409357, -0.20504956438829036, -0.18909324375970632, -0.6360989613622576, -0.4398386152107086, 0.19216868072917184, 0.18049372057275664, 0.6170749600831889, 0.18131480185031548, 0.17607958481963734, 0.0098133801500066, 0.0009214214364835665, -0.0015874615403813088, 0.0006552747348693047, 0.0004458146689680618, 1.4530723042668129e-05, 0.0004974278593609815, 0.0003680966870036146, -0.0009338197950462046, -0.0025421780024825922, 0.0005128745534637367, -0.0004892571243335711, 0.0018234468135323897, -0.0014146997233906522, -0.0007988240504173777, 0.0009929182851116402, -0.003917113112804634, -0.0030816497070953086, -0.000857940277871785, -0.009488263320021577, 0.002858326677079754, 0.010452997683950443, -0.011917640298415095, 0.014177460991054523, 0.0023916384271093325, -0.002179908578272225, -0.01050623697836598, 0.01028574105295228, -0.0050302382409221046, -0.006723120099775284, 0.001633745238366254, -0.015064616580406118, 0.016322161142109742, 0.018147823620293844, 0.014967639792238106, -0.002570852443002963, -0.007151525228582306, -0.003217779775205098, 0.00755842761736123, -0.017039904458411807, 0.0014767467292355898, -0.00298028714179069, 0.005755933441207333, 0.009546609549803336, 0.00890389981670985, 0.002362265681189253, 0.0016193575941518927, 1.813404752824851e-05], ""intercept"": 0.00016905200000000092}]",297,0.00048001908413110257,0.0,3a604de324fb150be04724a6acbd8db7ea51b24abc931fa4a127c8ad46fb7d7a,9e05c6471ad3e1ce1250dbcbb59ca30bb1e8f64b1b0d48f3eb5840c377ef337c,False
VALIDATION_COMMON_SUPPORT,REGISTERED_JOINT_CANDIDATE,METRO_P60_JOINT_STABILITY_1163aa57dab57a743f5aa239,J_KW,FULL_BASIS,0.0,0.0001,0.10118543748224879,0.10118543748224879,0.09958820613901209,0.31557599106873147,0.12447142976641491,-0.0001081879127144969,0.31557599106873147,0.12447142976641491,0.714574712946129,-0.00010817621582237535,"{""block_dimensions"": {""K"": 288, ""W"": 8}, ""coefficient"": [-0.0026384715505493794, 0.0013898705874832462, -0.006923625296569638, 0.004227989370907426, 0.011421778122388369, -0.018724449352770633, -0.022389526701666926, 0.005897102178245124, -0.013495860279416332, -0.02291239356122793, 0.03053848124001017, 0.018830752621874565, 0.02908555653675838, -0.02626173375485232, 0.010094967827494949, 0.058466322552822525, 0.008432994076836798, 0.03487970485247216, 0.005528984065605466, -0.025834602969127634, 0.003125168296646106, -0.00609205121814873, -0.05412790258684079, -0.034054444700065856, -0.01860793815525638, 0.031456893657303205, 0.015504384650608612, -0.010976060619601602, -0.08102999545263746, 0.07465038421079521, -0.019374908243542523, -0.049501400863431556, 0.012997593549166932, 0.036950416123813286, -0.08992498927387162, 0.04220564403047116, 0.0012149769411038413, 0.001430225265846305, -0.001027486003118866, -0.0009824415265070998, -0.0012113766321382438, 0.0010400208263386147, -0.0021550056855973924, -0.001274101212237694, 0.002047465586679346, -0.004211998576853409, -0.0010460944359224986, 0.0054886542407840645, 0.006475839583637192, 0.0029657554536652343, 0.034351628377757105, -0.009646602461177715, -0.01160461381542597, 0.00821834298923776, 0.029461926115446672, 0.03415351883599049, 0.00014979566131627318, -0.012994906149722374, 0.0029472505691475904, -0.027914509900485912, 0.026864277346999456, -0.001518099039929374, -0.0033446924161513727, -0.0001694523278235509, -0.0017345598116630754, -0.06749515855751333, 0.015890097425010512, 0.055842516449352925, -0.031051955827259805, -0.07178243912035166, 0.053514353540359286, 0.010147170439410857, -0.0026587378372117812, 0.0025217525903429216, 0.009216775134470258, 0.002113785305177652, 0.0012142993338662787, -0.006378299144904728, -0.0070510397461827036, -0.00292139278867405, -0.01149194755060684, 0.004883477950896289, 0.008865381140422563, 0.021005544525319393, -0.0013779024775518623, -0.0010142233060578159, 0.001908995081822236, 0.001271816874884781, -0.000578773947713788, 0.0021386556639805565, -0.0002849915452149646, -0.0017170973718340407, -0.0030907257405855247, 0.0014887027551910873, 0.0017016552182133199, -0.001411681198655187, -0.0034811389288886174, 0.00648051570620711, 0.015264586646974831, 0.0017281962000593044, -0.005831309003658979, -0.018721090950725588, 0.011386675623215893, 0.010519500542568165, 0.005676871358722218, -0.006723139405350155, 0.000198711772581408, -0.0017277813429142333, 0.008267926117488259, -0.001961460663666556, -0.008794849318475819, -0.028280265394832235, 0.012332906692004559, -0.005788790262345744, 0.010727596858591476, -0.012560228262770057, 0.015060737719653309, 0.0077250284213057465, 0.012303976262483618, -0.010757593093297458, -0.002086864524499333, -0.03257664210435101, -0.0024618724043525965, -0.024629330201914438, 0.002592734927225304, -0.03449119180791708, -0.016350944038172808, -0.020181032800727167, 0.01949889804332765, 0.03550199762874599, 0.0023881194585338096, 0.022249051832896174, -1.125078357563673e-05, -0.0012014700224986443, -0.007141850858174114, -0.002635244703331825, -0.0033054523417155334, 0.002718113203832195, -0.00026990718464031384, 0.0005105944905161099, -0.002706087449174869, 0.007776937837391159, -0.01810973578737745, 0.004231630885523414, -0.006241812318519235, -0.001895542563818257, 0.0036669137983963824, 0.003216553516504142, 0.0029472419507287377, 0.001389881739869332, -0.006340175749526905, 0.00329891086304464, 0.0010512413097813246, -0.0035651260936868595, -0.001712507931069608, -0.004371762626136116, -0.006929626338313832, 0.014782188765684502, 0.02019616632955189, 0.013327169346861673, -0.0034258217961315304, 0.007594400667966489, -0.008702563466057885, 0.004247415794515797, 0.00955705224949706, -7.093860559471583e-05, -0.017635786924021433, 0.005239893492235844, -0.0008701147956565042, 0.00021403412416655214, 0.001247522709387289, -3.4439921489353166e-05, 0.0003893652636745536, 0.0009104044796607699, -0.0005204176027812083, 2.0708436688262508e-05, 0.006734441209315375, -0.0009115390236885028, 0.002835355319199246, 0.005458390779892918, 0.004869326291413321, 0.007875393262319216, 0.0037592508729298087, 0.0017178018249417466, 0.01657910589911081, -0.014817689834179753, 0.0006044131849530034, 0.008830154563141838, -0.013725543523157881, -0.013040074364896112, -0.02405124449555141, -0.005073931640178743, 0.0012608388209249595, -0.0005806918787897619, -0.0025509115229922883, 0.0024125284327411395, 0.001108490772934601, -0.000535587470858754, 0.0029953163484977064, -0.0002695721345425825, -0.0009244662626800893, 0.00012054141823657571, -0.006586935338438276, -0.00017981367892975467, 0.0002949824739781882, 0.05593381961101268, -0.021212380962858553, -0.00334669585004344, -0.04632978676026643, 0.05202509280146585, 0.01517483333645341, -0.00011790176326556907, -0.014650350512846418, -0.042724125795002454, -0.00330145311297208, 0.003215729115078008, -0.0001599824390311777, -0.0026480151454179126, 0.0019220925419472404, -0.01172478975128189, -0.0009566873473415587, 0.00030784550351519016, 0.0028474829060745658, 0.001639417181354143, -0.003300045020876763, -0.00822975177355885, 0.010076880609427595, 0.011079952198203383, 0.004998107060097471, -0.013944797260033217, 1.0984125692267169e-05, -0.0014122928292223493, -0.0007530943761064838, 0.0037815336367721746, -0.0004583697438070305, -0.00021975209368957485, 0.013528277131378838, 0.00030192041780319456, -0.004031468874615603, 0.011188882778318043, -0.06785742551003796, 0.04100023887517258, -0.048991713226115924, -0.03660287614423532, 0.03637185610098992, 0.07149312279800123, -0.052651940629359545, 0.03775277919731838, 0.008736780528469342, -0.0015700226565943409, -0.0012091254451133755, -0.0006126546099125978, 0.0016823445688058634, -6.939126450636939e-05, 0.00022325654661411928, 0.0001359509685188935, -0.0012075740740155566, -0.001574998330699998, 0.00041727486356004577, -0.0016733540504195892, 0.0011987428564279915, 0.0004935529548338645, 0.00019946986491069683, 0.0013599496863719374, 0.004303304956287056, -0.00883146983503769, 0.0029898575244646014, -0.017191734749145298, 0.009034700145594694, -0.012735608499518433, 0.009536454789830081, 0.01387612097117223, 0.0021209675131075192, -0.00040838932951989693, -0.012683744553717471, 0.00828729298396106, -0.006197076429405817, -0.0034628590322804, -0.00013560994201604852, -0.0063216601321436265, 0.003940321808758155, -0.0029193510213275753, 0.010232826151266078, -9.518517351883235e-05, 0.002868887988679093, 0.013451230558049511, -0.010146328673491337, 0.00047496322044152973, 0.001664811323046079, -0.0026796139079758906, 0.0057397017908360805, 0.01030890518031438, 0.007419983953145935, 0.007798665230109232, -0.002275907229407807, 0.0008006549548771399], ""intercept"": 0.00017409199999999988}",297,0.0004360357457206947,0.0,80acb6e02c969d97049ac9088acb156a869dc6af2f67e607803f03031ad78c72,1bbd7d764566d71f32f9600386242253303f2ecfda1aea23a3b86291e92b60cb,False
OOF_COMMON_FOLDS_1_3,REGISTERED_JOINT_CANDIDATE,METRO_P60_JOINT_STABILITY_1163aa57dab57a743f5aa239,J_KW,FULL_BASIS,0.0,0.0001,0.10118543748224879,0.10087236578367122,0.10087236578367122,0.31760410227777475,0.12460366297568126,0.000889740471985645,0.31760410227777475,0.12460366297568126,0.711889531321845,0.0008899138920362981,"[{""block_dimensions"": {""K"": 288, ""W"": 8}, ""coefficient"": [-0.0056723624425123395, -0.007915659599360443, 0.009997119800807508, -0.002012351910260292, 0.0021552437875989538, 0.010890734442134266, -0.04114340863229888, 0.05266626258262213, -0.005656998729109597, -0.027009788238166133, -0.030190244097201096, 0.047738462074085004, 0.010679799509641288, -0.03745725505987205, -0.033477419916541955, 0.04719230258548276, -0.004139575531464673, 0.003518483856063271, 0.0036462685604567633, -0.02246870821898045, 0.03508698348122338, 0.052256980020416476, -0.04716077448053599, -0.0071656185246661945, 0.03634967322143065, 0.06577727565475448, -0.009435832773810977, -0.021410407764547966, -0.017799724023043723, 0.097938338119061, -0.011662298663770568, -0.03935433895353735, 0.014509221255660166, -0.10531211654057923, 0.01576447028978623, -0.0035677655303443054, 0.00021499366836678113, 0.0012643274647983758, -0.0010050565900479836, 0.00039034181140214295, 0.00045870301662274894, 0.00025159943809547827, -0.001248147533456332, -0.0014829270525970155, 0.0006893267630537509, 0.000305555928209599, -0.0009009653835846886, 0.001322098803023648, -0.006871120790242295, 0.005889416968129109, 0.008118181255684932, -0.042349661106739954, 0.0028747734253899027, -0.018893152632667404, 0.007554547841760526, 0.011907561602866467, -0.002821553025553769, -0.02055799478533504, -0.016776934781385047, 0.03934957001641273, -0.0008025884467364345, 0.02302407985867761, -0.004031687495995543, 0.00019638113543309665, 0.00342301203120803, -0.020904077213572868, 0.01528848161928278, 0.03641320343196885, -0.044502988955441525, -0.0182535455480786, -0.015195129105739237, 0.026729237534685472, 0.016828727988999512, -0.004762134262226979, 0.0016481018933725998, -0.011691206147009919, -0.0006990294691324849, -0.022098195892152287, -0.009287940827582759, -0.0139513411147362, 0.008628318283898179, 0.00951979846360024, 0.013867836810685697, 0.01072672255705257, 0.0017012687098489825, 0.001512765312082409, 0.0008336913694083651, -0.002607332306987065, -0.0015742062123305976, 0.002445873193100019, 0.0026774096635827217, 0.000661445242319422, -0.00171252722971562, -0.0012687156100825287, -0.0008774605228121833, -0.001780357091687912, -0.005622621255758521, -0.00023929681426894834, -0.00043003014165362717, 0.003956756607093465, 0.008218840589189529, -0.019380215557654915, -0.0003230734958706035, 0.0012426365012078765, -0.005373029095543794, 0.012893868687188148, 0.0015041847266225347, -0.002252014158498817, -5.5795425877666944e-05, -0.005941804517327595, 0.01701716773918145, -0.0009332475903783523, -0.022052717146170037, 0.005040806245818224, -0.023438114649734807, -0.02820615958587941, 0.005866455504651508, 0.014994501876483162, 0.0014130269355555974, 0.026917389273466825, -0.014116907783710149, -0.009124061355378903, -0.001922224496492378, 0.003953972781993437, -0.021242780580831684, -0.015379633260190137, 0.026944867154996895, 0.012866813004876463, 0.007710935323096528, 0.018098733345651968, 0.008749083663696313, 0.02617896826641223, -0.006649970046788567, -0.00543937501218672, -0.0018204613910454265, -0.001221126427470482, -0.0026345364108593746, 0.0004726202402824087, 0.0013178886493744697, 0.00014912125032599734, -0.004834027335499414, 0.0006277988871015751, 0.004036115315294114, -0.0005106160189799533, -0.020121408558431676, 0.012248238443092061, -0.004914576575159756, -0.0015348287756835935, -0.002167550159538543, -0.002379117256495546, 0.005582916659276149, 0.000575790192845805, 0.003020151239896458, 0.0019073965714238835, -0.001226081013263455, 0.005148173894574782, 0.015467959254459167, 0.029005516446666352, -0.010107483961531378, 0.022127494888195938, -0.002765118382275642, -0.001831052806763233, 0.0017839420394895867, 0.00884720599702521, 0.004850959391435016, -0.005632425261605456, -0.0009956217273201604, -0.008923613092053596, -0.0013477722637993195, -0.0011024374058355257, 0.0014465708414315968, -0.0004054457315335312, 0.0017201640462866442, -0.0002798243640644204, 0.0011424761035266817, -0.00025534427587847074, 0.005027508946687229, -0.011953786298151942, 0.0031684160497943096, 0.008391366121453683, 0.008021039895887119, 0.01207021668427171, -0.0006675401372909981, -0.013531096674637068, 0.004911304876746774, 0.0021978890769737574, -0.005291915278126884, 0.0003828491425205943, -0.012471080074624254, -0.0008610516527599185, -0.007290965055368353, 0.0030844763774525146, 0.001992534922573733, -0.002082158200220489, 0.0002200427602596975, 0.002802381992461403, -0.0008472049947798335, -5.176079119143573e-05, 0.0001100328857895246, 0.00023050601105499931, 0.002628529338489653, -0.0029233610058408996, 0.0033395539470749687, 0.001772480832690568, 0.002651678414993271, 0.04531005809842534, -0.03993947583585773, -0.029376488010331867, 0.014813224992269655, 0.017877509313071138, 0.008951251076316915, 0.008534222759147874, -0.0154276938260376, -0.013566383391809251, -0.008742776622594282, 0.019404324384721807, -0.0009517695081552474, 0.0008123663627538076, -0.00020006167247334347, -0.0016020970937100753, -0.0017115678261569523, 0.001256891784970085, 0.001921395228253633, -0.0017066783324898374, -0.0011314013493185903, -0.012732281962225632, 0.004812626472927323, 0.008861712300620172, 0.00019093591973309853, -0.017783374499030936, -0.009357406265435735, 0.01635929631564927, -9.077901374657477e-05, 0.001339917683951872, 0.0002788368845796316, 0.0017131247709516741, -0.001031650055852426, 0.0488628428735689, -0.016317630200951234, -0.013731892841335573, -0.02298841638375125, 0.05284776872946796, -0.012546087752077092, -0.018873214765103948, 0.0153291000055002, -0.08811135549932833, 0.06790905854388586, -0.014709385382576346, 0.006046083123931331, 0.0031286586015768763, -0.0022748689737055973, -0.0006776424822814113, -0.00010300910773918597, 0.00019048782798506713, -0.0018723259860599125, -0.00018162133454901965, 0.00038303445815473396, 0.00045392030579831616, 0.0010257578094548807, -0.0012942053270663643, -0.000591628013533962, -0.00029815884002936717, 0.0015733361739741294, 0.004537684001948115, -0.012885834930149779, -0.0008719249818754781, -0.013395776367258538, 0.0029157925079629273, 0.010521662655315952, 0.016715093910753376, -0.005856832779823343, 0.0011186456054974292, -0.00044725775468719414, -0.004591616651958555, -0.009071789944324154, 0.012057167012953668, -0.02680820688384189, -0.004738507200407292, 0.001351035144563272, -0.007513210761100795, 0.014305231010558583, 0.007137987103484157, 0.010823615535381845, -0.0025160019762187637, -0.017800549109525214, 0.008636566807185173, 0.01237498513652573, 0.0021182739229278387, -0.0003987695465168268, 0.006566945010504739, -0.006689954113791124, 0.01795136958884105, 0.002533558246876417, 0.00942212788394099, -0.0016713978381895627, -0.0004958720659575555], ""intercept"": -0.00012420800000000328}, {""block_dimensions"": {""K"": 288, ""W"": 8}, ""coefficient"": [-0.0020085164818453693, 0.0033222114917957966, -0.003420156986856436, -0.0033317810604620913, -0.012527222704139274, 0.008507712222875486, -0.024745162923350016, 0.024257630732309004, -0.033878610733023014, -0.024784216521838882, 0.02855893458826607, 0.03434106881120179, 0.01310024289973253, -0.015513992994903933, 0.00832428629226008, 0.0524380390596261, -0.009167908620508515, 0.018813279270442785, -0.0037678864500226266, -0.03383291092232635, 0.031998989893847855, -0.047361436459706065, 0.01721880906465214, -0.044807762412969604, -0.005332905097854611, 0.03278276077907512, 0.014448589455953028, -0.007369468848881101, -0.03473436387145697, 0.08242765202340126, -0.014822191196611649, 0.016590178846264986, 0.019831390194691243, -0.013847187121144905, -0.04875387142499289, -0.06234482654312564, 0.0007408082013694897, -0.0028033592988493767, 0.0016004328873927814, 0.0010326996947430426, -0.0014964313786300005, -0.00022046311083645355, 0.0003820733026777181, -0.0007634934940139635, 0.0006159437952310858, -0.0005333137304857829, -0.0014341623213979555, 0.0018235824434639772, -0.007748905505758839, 0.006796305024481035, -0.011087449505817248, 0.028196084718461748, 0.011563510944083468, -0.018701882972831322, 0.012347326183917949, 0.028085826039604318, -0.008197875167727575, -0.021472560964687606, 0.00014360431733586167, -0.004160629522889407, 0.03495952369944174, 0.02305895795520382, 0.0010115959246910194, 0.00013391513591590298, -0.00588463026656492, -0.05578643939578834, 0.011222175871494103, 0.052696563536750715, -0.05859909527712499, -0.005349647985167665, -0.06645148906891296, 0.06688857004063307, 0.011240645292584507, 0.003084599363556826, 0.003222179791139052, -0.005965462335002553, 0.0032590073021238667, -0.028861489761735602, -0.012476040425557144, 0.00031798530831282396, -0.011396892157312712, 0.022893715186950034, 0.0031387489288887127, 0.015997120650120482, 0.0025924677856337722, 0.0013574991275796598, 5.759539290185705e-05, -0.0028905505560821504, -0.001752687166284202, 0.0020938673540645647, 0.0006729712612196041, 0.0015411293524908625, -0.003358254424963417, 0.00038771920481138017, -0.001545514787787618, -0.001215724714483803, -3.3082664033264456e-06, -0.008192890179651916, 0.0017434657048431858, 0.004544260190196741, -0.0011067645896254378, -0.024289367065710794, 0.005945415609716911, 0.007397555735725668, 0.0020882157445511838, 0.0014908557069677043, -0.004156301134129946, 0.004793438721547662, -0.009288374781368326, -0.0036346172979447606, -0.019157566172353566, -0.019613826139092672, 0.003879775286358901, 0.0071335978650723065, 0.029422730391579967, -0.019790631276765662, 0.0031685326957831814, 0.012420762365007986, 0.016509854586265457, -0.004450442667257112, -0.023512924846800502, -0.0023488352135531067, -0.012255322504654297, 0.0007092948756277625, 0.014824498423384026, -0.01082213523601043, 0.005967515616383027, 0.0018996529339742828, 0.04535983969551965, 0.007070035959083859, 0.00957684094091696, 0.0028854372279728305, -0.0010757658702647784, -0.002576249328201937, -0.006937538205609983, -0.001973955971773279, -0.0038806876508848463, 0.0012930613601378617, -0.0007483051279579366, -0.0002175325082305003, -0.0014576440811456069, -0.014160241831786638, 0.015955258392698294, 0.006407946693346461, -0.03153652950101981, -5.8527702609263695e-05, -0.0005857467858835914, 0.0013090309802273612, 0.0014962904965373594, 0.012732650576309344, -0.005468514630606385, 0.003961711714169165, -0.001267505557104719, -0.0005563605651905614, -0.0014792068016514011, -0.000788763994103044, 0.004697222173633364, 0.006525920540022249, 0.02896724907572314, 0.02533249294635849, 0.0025377087062302644, 0.00815801819450385, -0.012708009932669495, -0.001888106570189945, 0.01135265650099002, -0.0013401738626653776, -0.02111661002272208, 0.01024150309060318, -0.000635472561351139, -0.0005377947956603404, 0.0024040404621458334, -0.0016964928544724845, 0.0017797119832248568, 0.00026587625899388234, 0.0017573985008496405, -0.0009914302670571674, 0.004987678021236514, -0.009080218651604462, 0.008553381282522855, -0.006455848018153237, 0.017090818616403203, 8.129248116985092e-05, -0.0008966320441407569, -0.020916962582599983, 0.004726250953943379, -0.007702859329424792, -0.012005937267864066, 0.0030448108740382873, -0.002568152418057369, -0.012259357420586295, -0.013395521868707056, -0.005902367224434897, 0.0020053881252965495, 0.001589855408439617, -0.0014411570243915647, 0.002258883520826161, -0.001030680495013308, 1.9654539114478495e-05, -0.00026033092427614805, 0.00011256981195850632, 6.932800498329589e-05, -0.00577132460411601, 0.00023553086232210903, -0.0008602618005872232, 0.013161390608339894, 0.024979017481201623, 0.0020919067292710313, -0.013626083880920414, -0.015360739000949046, 0.014835630802175868, -0.024135182597687477, 0.010563992545846067, -0.015929275795426575, -0.008919945094868898, 0.022178767287564186, 0.009120135148501757, 0.0021100284383348674, -0.00010896941335831088, 0.000821880024337008, 0.0023678503379650777, -0.0007358656077671186, -0.0023306161890735847, -0.0007132988054064432, -0.00043295376499139225, -0.0004497204195707367, -0.007141864553240728, 0.0006626916833424955, 0.012124852600703725, -0.004604647006128938, -0.013925287978321916, -0.00026469756529263154, 0.007315414230309984, -0.0020207803202015647, 0.0011164396767539817, -0.0016086338489368472, 0.004992274469105355, 0.0024270290530450126, 0.016424539193930224, -0.0007095086870232682, 0.0009002124937445283, -0.024410917854355934, 0.041848641197219344, -0.019636950613893263, 0.018797966334454207, 0.013453079546855996, 0.03927570329622597, -0.04399542578728244, -0.04537558983737147, 0.01034653126983373, -0.004503541483494325, -0.0011884288130217721, 0.0014977157146730511, -0.0007035789162367984, 0.000493851485766085, -9.55882849852416e-05, 0.000391033556048851, -0.0005228785712007164, -0.000819614514819217, 0.0008735709229573581, -0.0008150072574652959, 0.0017243925548701218, -0.000496188064751711, -0.0010567797650903143, 0.001178960277893359, -0.0105153024284216, -0.004660502250515567, -0.005362638586704792, 0.004563103459764845, 0.00746745014283139, -0.0004306563760427713, -0.0021472705898530065, 0.009685186297026025, 0.002658537992891013, -0.002576473464561193, -0.010721430158885345, 0.00813517732224847, -0.014495505008481888, -0.002506241645643967, 0.00166925738324969, 0.0025133349569415125, 0.017581651234907108, -0.0008520356758037442, -0.0037122058231946974, -0.003593304429509926, -0.0034350224293524818, 0.008242132307325175, 0.018390681621794074, -0.01939368705620397, -0.0008118270186029463, 0.004398468525481973, -0.00028835734490769815, 0.012498508924158188, 0.009917504975200421, -0.0006199078082758177, 0.005881908939417722, -0.0022365323881479242], ""intercept"": 0.000191412}, {""block_dimensions"": {""K"": 288, ""W"": 8}, ""coefficient"": [-0.004053076231903487, 0.005569196355233628, -0.008734705451043703, 0.0003556514598911118, -0.021111239774753758, -0.009925886656593639, -0.050653560350008134, 0.019162213164120707, -0.02842525528364173, -0.013476380416123626, 0.027996023743672407, 0.06869271065408368, 0.018582843149317893, -0.018064289326708265, 0.003691782012532, -0.019462610016470355, -0.027361430797516694, 0.012464039899293677, 0.05635615292485102, 0.028932535343329048, 0.003677176617436207, 0.016123277636084246, -0.061065466430392935, -0.033758064494968584, -0.018155033867700524, 0.04285586493628721, 0.014377510125525931, -0.014606525543825095, -0.05072612563344352, 0.10228279918334292, -0.015120231862797765, 0.003824030630771031, 0.0019992779566341662, 0.006945791982891071, -0.08701725102169114, -0.051092431445582814, -0.002128599740789514, 0.00031929235673912396, 0.0017239221418429826, -0.0002376344072578451, -0.0016446694655322088, -0.0004872101799708411, -7.963248153216614e-05, 3.452369283206108e-05, 0.0008117964739049534, -0.0011476268231822764, -0.0012022686702430104, 0.0032355010719798197, 0.005012117885395946, 0.006484537588044511, 0.013566349662349946, 0.008496644984983344, -0.018939578819982067, -0.010233669731482686, 0.03312041271554857, 0.0352868121045043, -0.009561676303078383, -0.0154339544448521, 0.020399195126236953, -0.009277879782648907, 0.01971235663974304, 0.02492243934116092, 0.00021251012372800607, -0.0011115702536692014, -0.0003789346377468368, -0.05395694385003606, 0.003390714014984001, 0.05025586617146723, -0.056092371071378815, 0.06662099937259687, -0.05239872331019652, -0.005231812376441948, -0.0017775821288478165, -0.0003641260277779075, 0.004722448430529522, 0.0016904822738521494, 0.003981421499382958, 0.0003486234023400497, -0.008977733999484908, -0.0047678917736025134, -0.007590496891943046, 0.003839480376566949, -0.0023650826596180166, 0.015832920183408254, 0.0015587313341026948, -0.00029663228678824356, -0.00099553311672553, 0.0010335240425683003, -0.0016132998684665414, 0.0017518286234750242, 0.0012090139920435145, -0.0008316605638670298, -0.0026491452328345723, 3.653654196498519e-05, 0.0009544197018777525, 0.0001085763779562721, 0.002326793969073219, -0.009461108757089807, 0.010296977549469124, 0.0016959610581076575, -0.010554701151020822, -0.01565737566864714, 0.011229042489782392, 0.003691808047529857, 0.005989453009307072, -0.006325672430546116, 0.004229041103536499, 0.0014748761133097428, -0.0018610082739502153, -0.002021686542026365, -0.01576472384347127, -0.030892520858718187, 0.01109431294664583, 0.0057364445380138525, 0.018725881340135836, -0.01900882107417782, 0.004249923859273424, 0.015464156048981584, 0.019868289234323405, -0.006475770478009174, 0.0031522666441422074, -0.020765479451016856, -0.0006714405672861, -0.019528835775297036, 0.02754070654367117, -0.022453145719225326, -0.004777443260967819, -0.010440042426998041, 0.035492660530406346, 0.011617835630334063, 0.01060996470259637, 0.0019392882083880056, -0.0012763220543748066, -0.0010460691624294464, -0.006018141393459897, -0.0015824221800523472, -0.0018129320458796978, 0.00229650279213097, 0.0016250377851555807, 0.0013658567166372896, -0.002958449402351444, 0.017584043790373982, -0.0135895529405466, 0.0064482108844824, -0.02330598284969766, 0.0013596787132596003, 0.0017042391754747684, 0.0014168975284243324, 0.002845784508967234, 0.007100018815543498, -0.007617986650868056, 0.004783812330712068, 0.002411186471976542, -0.0023664083957633153, -0.0018779263839993952, -0.004247974245686627, -0.01871962210492544, 0.009256193677893619, 0.009725545043717957, 0.027145459328530155, -0.0016008235122244115, 0.008798167603752342, -0.009750188666075483, 0.0017851675222181611, 0.0068463268774229275, 0.004214644615536738, -0.019639347349194706, 0.008695613674841647, -0.0010344978924323206, 0.0005149634491498121, 0.0024890749308205122, -0.00046277713340420754, 0.0007017665436443736, -0.0003598307440742623, 0.0003264017289966256, -0.0012868108991026883, 0.00854961864552047, -0.022022837540823483, 0.007873935698420823, -0.004830285077534766, 0.01072144995534443, -0.0016188758904865917, -0.019269594687728767, -0.023880600225410564, 0.00976715702928542, -0.0084066908102638, -0.007128324553550678, -0.008173285243053587, -0.013601199753648152, -0.007190983020969148, -0.011544594374721632, 0.005471368449278229, 0.001730012070669845, 0.00027007682549856394, -0.0020550191120498975, 0.0023213276368257026, 0.00030718414388401544, -5.1494581447271324e-05, 0.0007196941281478035, -0.00046917205442201655, -0.0010165503616728143, -0.004912575555339085, -0.005321038355825122, -0.003443594303261138, 0.008194880144946693, 0.05443648961136765, -0.011723338822853821, -0.025059053196897052, -0.04039178113613911, 0.04264531196248126, 0.0016496169346007002, 0.0014870174496932759, -0.003472552118259206, -0.0323234501379072, -0.004721849234136883, 0.018472058494735398, -5.458374073383353e-05, -0.0013955755283138898, 0.00034092951274816886, -0.005068144529342757, -0.00069272743379869, 0.0005270716928540433, 0.0006139186341061645, 0.0016553892931215181, -0.0026465598732271153, -0.0006986060097813876, 0.010902627798087178, 0.004837164604645965, 0.009637691268273988, -0.011641581734141171, -0.004279993870176278, -0.005331547722719899, -0.0010133016813816177, 0.0029593106072889697, -0.000680921476762952, 0.0031758808840440735, 0.012892308582446813, 0.00572033035168623, 0.00023656555342513202, 0.009151452979208644, -0.04787768409403374, 0.04019513509562545, -0.031033432975890302, 0.020503588313851826, 0.016240563330538117, 0.05571509168889006, -0.04693773821620036, -0.02783706948149015, 0.009217475599633035, 0.00034897189447799905, -0.0017111387423435218, 0.0005143122465661603, 0.0005494401085219729, 4.9384011110268704e-05, 0.00041086806144580217, 0.00034838660767367755, -0.0008933051465119994, -0.0025387627990078104, 0.00040649069291098376, -0.00048579207788384567, 0.001718136755274189, -0.0012581436436600365, -0.0007689188651769484, 0.0006935140286692651, -0.0037998802549534102, -0.002794831051865016, -0.0007211592058128603, -0.008496309159475683, 0.0033211369460972627, 0.00908394125955729, -0.012289965681040786, 0.013858535412807467, 0.0024826698027072772, -0.0013695646837468085, -0.009845676493306777, 0.009030176054249196, -0.005312690603124437, -0.006276547035251211, 0.001550813026563846, -0.013766288085354192, 0.016172138740409146, 0.016362200151340902, 0.014192114344373636, -0.0025191128214438856, -0.00694594303296335, -0.0018519296449994607, 0.0071281284974476534, -0.016797371789124854, 0.0014863163150392036, -0.003092243164233876, 0.005805595896602453, 0.009665652341096231, 0.00908154365068214, 0.002264959703906662, 0.0017392590557329024, 1.6520268046588572e-06], ""intercept"": 0.00016905200000000092}]",297,0.0004438688076538248,0.0,3a604de324fb150be04724a6acbd8db7ea51b24abc931fa4a127c8ad46fb7d7a,1b3acddbb5b8b8a4d770e5390a19c0055931f89b32573e63a14b55fd71d2e36c,False
VALIDATION_COMMON_SUPPORT,REGISTERED_JOINT_CANDIDATE,METRO_P60_JOINT_STABILITY_670d4038aa1867354390eb0f,J_KW,FULL_BASIS,0.0,0.001,0.1011572671694145,0.1011572671694145,0.0995472008055957,0.3155110153474767,0.12371728118085455,0.00030360552435748644,0.3155110153474767,0.12371728118085455,0.7146922364914852,0.0003036172164334605,"{""block_dimensions"": {""K"": 288, ""W"": 8}, ""coefficient"": [-0.003338672443250594, 0.004552595945209655, -0.006762944460544503, 0.0024505841918071444, 0.00810167666755334, -0.011645237108944263, -0.011706563092644545, 0.0033437229649153546, -0.01131590248214411, -0.011874001626216381, 0.018204225533196432, 0.012136910592774856, 0.02107824807059674, -0.013657727126940744, 0.00025109883966136285, 0.00993525179225184, 0.0005271601873876712, 0.015752400139182613, 0.00028881145395794126, -0.010168556167190012, -0.001383248931926829, -0.003625033118849648, -0.008992231049888442, -0.010457680073297343, 0.0004260799261619322, 0.003852157700853772, 0.00726852661670347, -0.0002383639144294927, -0.02092643819655542, 0.01899265086216955, -0.003090000203871857, -0.010119476754397836, 0.005046377250142124, 0.006123061929514653, -0.022965326710515724, 0.00493859626123118, 0.0011869889426859733, 0.0014220872614327373, -0.0009539073017976212, -0.001053114617052636, -0.0012592276463448701, 0.0010613168636692805, -0.002123241720611804, -0.0012766000578762731, 0.001760430718058714, -0.0038609646785641343, -0.0010302344595360985, 0.0054398793101973555, 0.006214775606629342, 0.003460149116701199, -0.003535804992302533, -0.0014153429620032396, -0.005767674296510787, 0.005601301513673086, 0.004036585277060806, 0.019143658380194942, -0.0017976534119176805, -0.008069242755345495, 0.004893345688462813, -0.014927734145460607, 0.004253113496651836, -0.003325235783964013, -0.001940072387788434, -0.0001778122400534163, -0.0001935563422102047, -0.014386304786789685, 0.009280536458710428, 0.013169739949003171, -0.014810592015920887, -0.018862272992921994, 0.016222949906780353, -0.0011711621826369992, -0.0033864263864649205, 0.002140485692326719, 0.008123573906617724, 0.002011100042063486, -0.00044074558429271055, -0.0011045589021365545, -0.00438933094484566, -0.0022172230643070557, -0.007582502699552029, 0.0028616617810368074, 0.003725175277997584, 0.016791808158971064, -0.001368228099323058, -0.0008818445918232318, 0.001846293699496681, 0.0012903263351783838, -0.0005140022398293584, 0.0018777902411070194, -0.00012071379536696502, -0.0016281376689444007, -0.003119772302927405, 0.0015834757817405221, 0.0015087724102127707, -0.001486961276230218, -0.004747334324262616, 0.006872581745168676, 0.010297805315292225, 0.004016144618019221, -0.0061716812391921045, -0.015532983202417035, 0.008150632557921568, 0.006809667649424996, 0.005061084343412959, -0.004475384844964333, 0.002171047062365125, -0.001288535263065659, 0.007939173784643969, 0.0002182710635565682, -0.0021352494809978337, -0.010719066215173623, 0.006133623173879681, -0.0015045029592805964, 0.0018870879331604135, -0.007777699584521224, 0.00273845678589723, 0.0017707332603526678, 0.005273302809470145, -0.005093078431600113, -0.0014455300416892631, -0.018611025220889133, -0.0004048507797074638, -0.015080998216375766, 0.0011653296951188706, -0.024319481737902337, -0.01325236157357696, -0.016132949816099675, 0.013039034639492396, 0.027823000924405938, 0.0026717409919858686, 0.015572115326457277, -0.00023259120983930905, -0.0021575334808832027, -0.005957338278248419, -0.0026032109401378746, -0.003139602366925418, 0.0020545834825426196, -0.00018665353743759153, 0.0003984993596727031, -0.0017437628648036003, 0.00698706683236281, -0.01406664989808356, 0.004201486032294062, -0.005022309489835698, -0.0007693282974642103, 0.003810020153457111, 0.0035205412538704085, 0.0027208547103535134, 0.00193253176271095, -0.005311617625664241, 0.0024319661999874084, 0.0010452509744973263, -0.0034212003501791796, -0.001651641629227047, -0.00313926647491935, -0.003864444065015118, 0.006338191804460567, 0.005942515245326589, 0.00516740694366599, -0.002525752495375307, 0.007169260916954634, -0.007360413187942847, 0.0041098583818864835, 0.00649193357851975, -0.0016071881954376247, -0.014201491209528846, 0.004055183294642487, -0.000807396475289119, 0.0001269537441696887, 0.0015517278541382976, 0.0002730332315599415, 0.00045546927908047326, 0.0005931771772944887, -0.000582626625972341, -0.00022909898896276984, 0.004242292069812313, -0.003273319716600185, 0.002826326276471232, 0.004119422211549201, 0.0023952543754707533, 0.008194873593399418, 0.0016178692738123947, -0.002814968167217965, 0.011778488808321424, -0.009587883159061183, 0.0013847239364823422, 0.0071991613129313405, -0.009490708935781678, -0.00859244525363262, -0.01860498123813791, -0.0016089798984593043, 0.001364449024309358, -0.00045027767292619937, -0.0024608586651371544, 0.002439803902564645, 0.0009139809354602451, -0.0005459284428289248, 0.0029621029233423014, -0.0001699510093663682, -0.0007051641865000569, 0.0008550364646081916, -0.006743935754981228, 3.3862681761921435e-05, 0.0017906804472088823, 0.030177474791247987, -0.010823444687236557, 0.00010137735796803785, -0.026914222166151323, 0.01815869258804877, 0.005554624034802429, 0.00015802985243162484, -0.005608748113357638, -0.01162844605946031, -0.004011760121971066, -0.0012128388604584993, 2.1016378744617063e-05, -0.0025221937638558, 0.0012359238248165368, -0.010681830508629697, -0.0007093773209274142, 0.00014193896477534916, 0.0027702125866187915, 0.001695731112351554, -0.0030460449348765203, -0.00679932350128547, 0.006802508656222189, 0.01059422779012214, 0.002133387674173273, -0.00903577849857223, -0.002209579956585169, -0.0004521369055856154, -0.0008552861827031091, 0.00403004707194968, -0.00035379950820126635, 8.084563621407356e-05, 0.003905172438570059, 0.00034098910117869686, 0.0005235121127536976, 0.0067229388110017, -0.01890710498109356, 0.014468480145365174, -0.00595556521253943, -0.00855889842088576, 0.007260183324010466, 0.0097297851368897, -0.017483033834830925, 0.00394522013314177, 0.007997514867038907, -0.0007111824008027021, -0.0007315403088810665, -0.0006550349112263114, 0.0016565888576546054, -6.981227957567835e-05, 0.0001792543918342488, 0.00013240984997446806, -0.001132572768518038, -0.0016146867148751102, 0.0004147254747668581, -0.0017435717867082122, 0.001110849684736936, 0.0006384796225185336, 0.0004967754614052744, 0.0013616536322376273, 0.0032453838599527406, -0.006789616801674892, 0.0031081240153040517, -0.014017981958603631, 0.007965371754866363, -0.010642803138858962, 0.00754187359972768, 0.010716609040096954, 0.0010912060953163268, -0.0009790623971293571, -0.012056826411104497, 0.00874736194693875, -0.0011306925410229166, -0.0029469265425561097, -5.5006955057714874e-05, -0.004854923293937343, 0.002057221800346426, -0.0015014336302323922, 0.008948107551527614, -0.0003208157193158837, 0.0015836020606904819, 0.006636037080888212, -0.007399431137097983, 0.0007792254359395999, 0.0015907132282297492, -0.0025727325797374454, 0.005311475489365976, 0.009738684432688393, 0.006953076072901038, 0.007280448372242084, -0.0020976667563254196, 0.0007276524009964788], ""intercept"": 0.00017409199999999988}",297,0.00039396445591134146,0.0,80acb6e02c969d97049ac9088acb156a869dc6af2f67e607803f03031ad78c72,9331a9a116da0e60d68a61812cdef80e9e9783442592f37b9f9030ac7d41d6d2,False
OOF_COMMON_FOLDS_1_3,REGISTERED_JOINT_CANDIDATE,METRO_P60_JOINT_STABILITY_670d4038aa1867354390eb0f,J_KW,FULL_BASIS,0.0,0.001,0.1011572671694145,0.10084918450453469,0.10084918450453469,0.3175676061951765,0.1239097974177252,0.001119344027274094,0.3175676061951765,0.1239097974177252,0.7119557414195727,0.0011195174074714043,"[{""block_dimensions"": {""K"": 288, ""W"": 8}, ""coefficient"": [-0.004703645183242587, -0.0027477204647585038, 0.006460363735090944, -0.0035213490066493144, 0.003267064624754899, 0.004523465622411781, -0.020686170349692154, 0.03261297887250473, -0.0053983041746499694, -0.017698760370941893, -0.009804852776503645, 0.01655486151060912, 0.010470677588768854, -0.019223517516227483, -0.006845805097216268, 0.020663453709940712, 0.0010291354020690261, 0.008697982841219483, -0.0017445922126093673, -0.010224278990037718, 0.00789450507373574, 0.01944797117339932, -0.017297825720223182, -0.0077939087835126215, 0.00926582337737915, 0.022982371356500792, -0.004952665316696106, -0.0043526792515863905, -0.0022387222730183972, 0.024787315762637128, -0.003488800883633804, -0.007502186935924616, 0.0046878698814328225, -0.030132965481662742, 0.006775882243863573, -0.012855249898822004, 0.000226725486847265, 0.0012036548439833426, -0.000902009729891657, 0.0003529246001805695, 0.00044873629756529986, 0.00022448421720120274, -0.0012301024225077263, -0.0014238105224737899, 0.0006580399779717997, 0.000319930302872157, -0.0009396402199558717, 0.0013368053527219512, -0.002512085940986913, 0.00587071978654072, -0.013449711431042816, -0.008083344231358789, 0.004680041889226678, -0.0032614623138019004, -0.0014279876015994572, 0.006547834925158856, -0.0033736061050487413, -0.00868525303697644, 0.003004816151509058, 0.02006878128176633, -0.0031853750337397014, 0.008196901826509392, -0.0022200552079289287, -0.00011990166362671516, 0.0026575561311761725, 0.003302830993666542, 0.0015799406267441984, 0.008472248702978406, -0.011104547432995262, -0.008527203314447736, 0.0007627814185208972, 0.0016235482615725352, 0.010480102851313757, -0.004530244382055774, 0.0014576393090447632, -0.002388767393062994, 0.000981947843268732, -0.011250184492611654, -0.0062176712330434735, -0.010333328736991148, 0.003428173185773233, -0.0013495801240725903, 0.009556719731562266, 0.007549422790883681, 0.0014346390267100878, 0.0017033118783994316, 0.0008129300857587245, -0.002516733674074635, -0.0008755358088562398, 0.0021840796634679384, 0.0021689738419716133, 0.0007943952674048539, -0.0016192367984055583, -0.0012444850717675754, -0.0006509655253643003, -0.001664119405977916, -0.002324730141980327, 0.0014388006008272255, 0.0010984835474236272, 0.0038707456318662964, 0.006050103006203578, -0.013788568689127962, 0.000329787322742884, 0.0023193831585899562, -0.002320025770215905, 0.00754737041713991, 0.00043863144058309234, -0.0022719899106546228, 0.0017308125601335415, -0.003029647084146462, 0.007169237773423743, -0.002903142942543892, -0.013220271953564912, 0.0029701490977684995, -0.011329915113911956, -0.012277145674294674, 0.004099383266444927, 0.012231237032055411, -9.176079245455508e-05, 0.0046490607260209925, -0.009427127898872142, -0.002895979858453142, -0.0014343382320051185, 0.004935091745476166, -0.014753308586070194, -0.011663297888782972, 0.01641319737769928, 0.007647547128502898, 0.0072267604662816926, 0.012459998792436885, 0.007630619007861677, 0.013142180337365677, -0.006171944663808719, -0.005134109730700072, -0.001864636703919326, -0.0020706504098880864, -0.002567716683236245, -0.0007343282519272428, 0.0006178356250308086, -0.00013290128355578708, -0.004175516297564749, -5.018139077986288e-05, 0.0030586913644789653, -0.0005185766691561054, -0.012858960192838874, 0.010447471501299769, -0.0038217077653944, -0.0011308757018037498, -0.002320878516416382, -0.00225688596818007, 0.004201275994604797, 0.0005111616464607014, 0.002958955872236213, 0.001896252617260521, -0.0010705832721326733, 0.0048606351714632935, 0.009180617997678067, 0.016354746994674024, -0.0036211417422501824, 0.011583510611438587, -0.0015333890068337614, -0.0017985299828439413, 0.001946075853818611, 0.00751655781801033, 0.005111306562639266, -0.0053453623322104165, -0.0012279120398947345, -0.00844945985912671, -0.0008665020126432846, -0.0010797753219271792, 0.0013254240433532814, -0.000315361494764687, 0.0012368289364090982, -0.00035331360955430635, 0.0008650002666510472, 9.984638137765689e-05, 0.004861165263474423, -0.002893863970373523, 0.0028478723269943335, 0.0034882812217459616, 0.007850323166744503, 0.008233705095123861, 0.001178352403433749, -0.010479354753920419, 0.0037082494347032285, 0.0015088893258330786, -0.0030295192317464233, 0.0029352882552772987, -0.008258096660412608, -0.0006313892636377117, -0.005334678947964036, 0.001667626878690822, 0.0019824350146489117, -0.0022174860049828334, 5.8891512418299865e-05, 0.002792670522545128, -0.0006361200054565962, -0.00016127799100279256, 5.659167796674056e-05, 0.0004203029202250066, 0.0022666418194770706, -0.002545684154576727, 0.002543870140633336, 0.002054855990970825, 0.003283188642866978, 0.022321887109706073, -0.019921792282553048, -0.005703749237358537, 0.005780739484288295, 0.008912412985772602, 0.0005993430884298689, 0.0011256608300154987, -0.006574521978109511, -0.0052756082203017215, -0.0021005828575070408, -0.0022375896098680596, -0.0010219261901433714, 0.00051758498398119, 7.324318813478507e-05, -0.0012646022898612991, -0.001400034767733929, 0.0014421735467930992, 0.001738266808871249, -0.001722146010130183, -0.0007946864375139609, -0.008598596217327586, 0.005198821462879193, 0.007622260718732923, -0.00011332183097044256, -0.010385063479431326, -0.009443435293454167, 0.011476820394398344, -0.00061033751715441, 0.001910686226364277, 0.0003305569763737587, 0.0018278470086618378, 0.005061028160780256, 0.019561532729030766, -0.005509864285899308, -0.003562365148981075, -0.0025488909886430136, 0.018967606092374186, -0.003783286732564623, -0.005690736684646911, 0.0043829380818369125, -0.026863333380180775, 0.011720990483415045, -0.013532409016909752, 0.006196041354963635, 0.0030646108884011627, -0.002111553063446435, -0.0006307701975739858, -0.00010554585387709493, 0.00015360299232447148, -0.0018844727926409304, 3.227894452259351e-07, 0.0004095839093266869, 0.00032222669656431285, 0.0009388268494872446, -0.001321369661855832, -0.0003703197649988926, -0.00016134979595343403, 0.0015399437547907698, 0.004466069858814496, -0.010177926635781069, -0.0007490357520987313, -0.010989687797122632, 0.0027799658966051544, 0.00984901487136552, 0.012747046918710883, -0.005331376781610383, 0.0002285200457068472, -0.0013910561604839838, -0.003731716917608371, -0.010533409978489857, 0.013127826741041394, -0.01603834069297386, -0.0035003807213376563, 0.0011759014983046968, -0.005235648210759189, 0.010091248933933879, 0.005285890968147313, 0.008856584504605577, -0.002333680417077623, -0.01332996613852993, 0.007168884908987786, 0.003962450216523509, 0.0017165160863058379, -0.00027710213192080164, 0.0060356370506519045, -0.00664054947270017, 0.017289322416175562, 0.002296642543419725, 0.008607940522840113, -0.0011247589118422265, -0.0007022932608061144], ""intercept"": -0.00012420800000000328}, {""block_dimensions"": {""K"": 288, ""W"": 8}, ""coefficient"": [-0.003928608960909922, 0.0048650045961500495, -0.0035878062738277463, -0.001729774179989338, -0.003650374659766937, 0.004007854501566451, -0.013837868706542392, 0.01559043546843992, -0.01850745438918543, -0.014523768125341353, 0.01345322304327335, 0.01494331496244704, 0.012504333639850354, -0.006952887404249808, 0.0006858440359840922, 0.016244540028834253, -0.0037812023406102696, 0.006298991711495995, -0.002525316530812438, -0.014635755910270862, 0.007410508307383557, -0.011158313200249728, 0.005326681936048773, -0.018088839522411988, 0.0008834330672300933, 0.007560025738716884, 0.0031035767840037094, 0.0005625428713028567, -0.006773008537964551, 0.02064693986460592, -0.0008148414447645475, -0.0024389641069464444, 0.007899123658516, -0.003257238265910682, -0.013649781839728528, -0.017478611336803028, 0.0006912038356139495, -0.002809345292522867, 0.0015518403963309597, 0.0010137053546239482, -0.0014080738103955613, -0.0002113541162185599, 0.0003161793854161639, -0.0007358239673400663, 0.00042894051946125434, -0.00026079384437733996, -0.0014069599070317825, 0.0017122821551021023, -0.004871726599856528, 0.005590431550613363, -0.00799797503664499, 0.004664694026382737, 0.006844266276319342, -0.0003099408964645875, 0.0018180498517780554, 0.015417399513818835, -0.005700399025883277, -0.01191440219249606, 0.002743296490399973, -0.00028331680967166043, 0.01316839369076107, 0.00798233583684456, 0.0008978545901944213, 2.5671422354332516e-05, -0.003943253164194452, -0.00653344868020378, 0.003058755984996374, 0.009629776980715977, -0.022242370978812747, -0.006870528876517557, -0.0170561022542269, 0.019880797186146246, 0.002916099864510781, 0.0029220651754243527, 0.002240221277317851, -0.0004925710738123532, 0.001136429730598098, -0.012308728948583657, -0.009489506925890345, -0.0005089549768537902, -0.008704484198744589, 0.008111021114380354, 0.0026606131845443976, 0.013562411035082099, 0.0023516853572836194, 0.0015925479288241013, 5.869261050573554e-05, -0.0028502709614839244, -0.0015471468165625926, 0.0019932735280320736, 0.0007154918084342149, 0.0014028689925929822, -0.003398849354933365, 0.0006103916786774281, -0.0016013898450293485, -0.0011497102913052904, -0.003583623519677161, -0.0018688006897198193, 0.002353005656964288, 0.0022115140193207415, -0.0013343281080955773, -0.019782762062747695, 0.005480667524718734, 0.0056324227133121045, 0.0007427917112147232, 0.000610428706691431, -0.0025944835842917273, 0.003641709217871097, -0.004747187747634755, -0.002724810636689708, -0.008021199536253066, -0.005663582350911409, 4.560259975900463e-05, 0.003664174950607398, 0.011636458264172828, -0.007532704371450649, -0.001848602764968993, 0.005527097895998087, 0.0072943532757594205, -0.000332075891727774, -0.011176496479116078, -0.0004501275681295376, -0.0031352002353333165, -0.0013452621776973385, 0.01009466237070682, -0.010891570453672651, 0.0036117299335245547, -0.0007783762439386847, 0.028928206802209724, 0.003793882282917471, 0.005592142020948852, 0.0016385096015090897, -0.0012406665594707328, -0.0029484594576152205, -0.006490547420844473, -0.001978797654900067, -0.003931974427564224, 0.00040446061874443556, -0.001055598364547992, -0.0005342555271708969, -0.0005898731664326984, -0.012253326387318181, 0.012534672451465377, 0.00474228782285276, -0.02055468701800452, -2.9058083134629323e-05, -0.001301707582690044, 0.0011966384688954898, 0.0014952018729880857, 0.009808068514205643, -0.0044035291376310305, 0.0046150701896053815, -0.00183616808865832, -0.0005515043900052226, -0.001478767385094331, -0.0008998046796319945, 0.002161624656981958, 0.0073187330517927645, 0.009512566387281185, 0.013221189692440858, 0.0025011139491897204, 0.0074969838397001415, -0.010502311389563038, -0.0011713255914374838, 0.008946303087606114, -0.003123492196616164, -0.017467565809871653, 0.008861394533866323, -0.0004522253601570674, -0.0004255802265520511, 0.00238722497903008, -0.0015162523199226852, 0.0016314342326050374, 0.00014103349540776471, 0.0016398446102817634, -0.0008898170184352051, 0.005083816462716681, -0.003303304555770324, 0.006039518383742897, -0.0028829006794135713, 0.01224520384965074, 0.0023424150783406964, -0.00033869034218255806, -0.014279712831945433, 0.0039200623574513795, -0.0038232070778063815, -0.006427061189596392, 0.0025135147623889143, -0.0025121335078529604, -0.007850277823686582, -0.011294375523523269, -0.0019500514571558884, 0.0020949801630924508, 0.0016767228567138776, -0.0016020179102781314, 0.0021105987722873656, -0.0009773207048318488, -0.00017416134869103236, -0.00019742556683608798, 0.0003114322158786909, 4.241417002625136e-05, -0.0052997304477485786, 0.0003677674276371042, -0.0007777876645823158, 0.010387827543661049, 0.013013927113077087, -0.000965565567381367, -0.0033993325015160107, -0.010857439157276575, 0.005745276900096507, -0.005744920938964244, 0.001952262143728814, -0.006166392280197828, -0.0006928212242014936, 0.005428132434833104, 0.00017296508620173712, 0.001955693566605603, -0.0002603466810449263, 0.0008291171287916996, 0.0025827187813228774, -0.00031997826813953434, -0.002149626491786812, -0.0010156986382450339, -0.0003433084868836931, 5.064362572796702e-05, -0.00607445172730571, 0.000989766352537066, 0.009437845939452629, -0.005725934857722834, -0.008784311789850325, -0.0016733787952048426, 0.006489527280063838, -0.00218560408409694, 0.0014318827950375115, -0.0014744716842688475, 0.004860365731376912, 0.0016966508122710593, 0.005252670105129907, 0.001126705357439307, 0.001684171646865995, -0.005690560576076913, 0.014987395916018302, -0.0010150587114634369, -0.0021318034991500297, 0.006838823901456288, 0.0026499728943295093, -0.012463232674009807, -0.015231077426505093, 0.009557499362570769, -0.003299090394519815, -0.00132721879631072, 0.001541524471897993, -0.0007745181350153482, 0.0005040982049538807, 3.73927887191257e-05, 0.0004439587511652914, -0.0005473964499528548, -0.0008434419598641996, 0.0009029813192968646, -0.0010198634904499948, 0.0016393341644372005, -0.00015737324081765866, -0.0005265307044219392, 0.0012965359805585327, -0.007911264827886044, -0.003717035793535108, -0.0036412010459036005, 0.003475328712314018, 0.005686634500861484, -0.0009335651341314266, -0.0013196696168921015, 0.007217600249476328, 0.0010561637295997148, -0.002462258295512516, -0.010054343476154106, 0.008479765010621912, -0.005663876046390445, -0.0019166656787445399, 0.0015986738209335142, 0.0015782239903641396, 0.01111804233585208, -0.0002237255871838519, 8.873832121099198e-06, -0.003450481414644241, -0.0039141670815751985, 0.007024575358782948, 0.006284875988685082, -0.011956077519990227, -0.0007515931685997635, 0.004091660734595687, -0.00046098216455756893, 0.011954076049422875, 0.009345823299436262, -0.0008748327917531362, 0.00573785408483275, -0.002199072796675042], ""intercept"": 0.000191412}, {""block_dimensions"": {""K"": 288, ""W"": 8}, ""coefficient"": [-0.0044293965371658564, 0.00759419447469356, -0.007505338596697574, -0.0009021013300581973, -0.007861495652974785, -0.0029995411497427326, -0.02926123982047016, 0.011559736924713133, -0.013426674047365167, -0.008737255627149986, 0.015932202073403543, 0.028700929920399753, 0.0010523892400124122, -0.0068764299665667805, -0.0017769891415885405, -0.00826391565836681, -0.011192341504255823, 0.014435482468228606, 0.01716913851669365, 0.013874784158356551, -0.0007155335284829724, 0.0025917232211383383, -0.015182240508751658, -0.015795835093578667, 0.0010440233854522552, 0.007229159585302595, 0.006125755998280226, 0.0009299431692812326, -0.0139520432569907, 0.027092652791940782, -0.0027366530881229303, -0.007559119284994978, 0.001847440565329697, 0.0007029304120714057, -0.022232111847049645, -0.010011995779877292, -0.0021142706575707666, 0.0002585417482435751, 0.0017180158737315938, -0.0003037027831765212, -0.001537454700256093, -0.0004931182467546613, -0.00011662273281473303, 6.603284988374642e-05, 0.000475599261742321, -0.0008451246213098553, -0.0011727433473662733, 0.003219803677381753, 0.003966009382511932, 0.00577157543414462, -0.006318157990218812, 0.0004414081854341183, -0.005988590477441733, 0.002997099310433931, 0.005212129388534839, 0.01851844496399911, -0.008326612220629873, -0.00736058146626769, 0.00917955994030083, -0.0036144681491639967, 0.004063546660233328, 0.009659169750025438, 0.0009274226549344759, -0.0011853619590709826, 9.984381062640077e-05, -0.005246905920178144, 0.0013112707993449212, 0.011651444891433545, -0.023512255406045304, 0.0182953010789082, -0.011663545846694053, -0.008107225391943999, -0.0024117165566685896, -0.00039931659868854393, 0.003006981514530457, 0.0001045851694689474, 0.002773437221668936, 0.001416085978638788, -0.0063564456264795085, -0.003209026355333722, -0.004971712902053684, 0.002261141576573845, -0.002048086913644792, 0.013514226660337664, 0.0014754871737508396, -0.0001523417398116195, -0.0010588712090608874, 0.0010421850743574557, -0.0012578478472909964, 0.0015166504112472596, 0.0012166464713169887, -0.0008421285938454861, -0.0026305024599878467, 0.0004113984669244664, 0.0008142988991837651, 1.162154546365353e-05, -0.0030113787756653335, -0.003350727390554332, 0.007823061157544607, 0.001354072010531889, -0.008777990141621282, -0.012113340870527138, 0.009247755142626433, 0.002248213430627981, 0.004844221171911096, -0.00575298222698499, 0.00486530697947017, 0.0005181673860271662, 0.0006676061698879767, -0.0015645047004946072, -0.006803932336388767, -0.012670533241470138, 0.005442501211192139, 0.0016230605271761206, 0.007191525517347448, -0.009598163303289619, -0.00017290683718764496, 0.006374495185463853, 0.01063212919057729, -0.0030483461074249335, 0.0004102141355713699, -0.010468340504428532, 0.0012840723813431212, -0.010140534726424871, 0.0191787490712406, -0.018329155396098803, -0.0026575790139565965, -0.010707783211082423, 0.02293459489162419, 0.007308530488584253, 0.006736130198581694, 0.0003070074908026112, -0.0014118094633653875, -0.0017950228023326292, -0.005517253144986234, -0.001564825133692256, -0.002101819333865778, 0.0011975627018780608, 0.0011850766691171672, 0.001027097040159301, -0.0022081300647187334, 0.013708143419724341, -0.011679083198607691, 0.005543465759095717, -0.014850884188757307, 0.0017730036597642905, 0.0015186309405689617, 0.0017183598822743415, 0.0028350559634305566, 0.005099929377439992, -0.0059339493615415346, 0.004577701913160275, 0.002279419294695718, -0.0023490452978268232, -0.0018185094451871294, -0.0035043097485203773, -0.009608939160151226, 0.00832536611519631, 0.0039949646629992945, 0.012063748362496388, -0.0015914144487001872, 0.008619025963021762, -0.00820146966877812, 0.002668756958440851, 0.0049462617214528545, 0.0017515173598565087, -0.01589975399470087, 0.007286127931406608, -0.001005144364644417, 0.0005165828793868634, 0.002560855838469067, -0.00026788597482496824, 0.0005395442701480737, -0.00040268498173060485, 0.0002539936235653966, -0.0011547984245355413, 0.006326884418438827, -0.011166847237915124, 0.005052475419269428, -0.0016701129301724506, 0.007791416523778314, 0.0016621163582027777, -0.00461134375738435, -0.016324151305396772, 0.007466537802447058, -0.005409795081410803, -0.00307801724737044, -0.0033474248204489253, -0.011667904587084136, -0.004600101523556719, -0.006879290445558197, 0.004004279972362639, 0.0019004045546027, 0.00043232778691090074, -0.002273076063987436, 0.0023292182401055757, 0.000419149307074447, -0.000331716652955103, 0.0008886283416400871, -0.0003054420238512607, -0.0012660016596600927, -0.0033847849672652185, -0.004807923458076864, -0.002248491852817361, 0.005582198626257134, 0.02903999275374155, -0.004864126201335522, -0.0068708662893857495, -0.02564104418175496, 0.015191555411801293, 0.00031620554646416825, 0.0009037637440819579, -0.002038297703988919, -0.007392934523742886, -0.0036326203828023476, 0.0013882501031525227, 0.00021955956470746086, -0.0014732420929196152, 9.851597213379241e-05, -0.004694040849939789, -0.000544896963073253, 0.00042506601979781577, 0.0008849725517616215, 0.0015161991151343525, -0.0025073916267757275, -0.0017486373045997703, 0.007406274446122613, 0.004880825989697266, 0.00541355149776976, -0.007169416189854393, -0.004698110775112441, -0.0033551185374835865, -0.0012646807641290539, 0.003476626552469697, -0.0004885774571169143, 0.003058072206210502, 0.004866468144425977, 0.0031002406227464184, 0.002327320267989936, 0.005528157474399968, -0.013052928469567807, 0.019336303880783935, -0.004224450264401366, -0.005620498635952385, 0.0032930198928870936, 0.006040327222328877, -0.016579074820213324, -0.007718666561322858, 0.008044907244728755, 0.0011000688302779628, -0.0017965569609056046, 0.0007192403895111708, 0.0006397565180874139, 3.048976156534231e-05, 0.0003951992820289145, 0.00033720328278396807, -0.0008955863690126001, -0.0025749972364328953, 0.000438349623873181, -0.000714945632411919, 0.0016676438757539536, -0.0006902883895907038, -0.0004835791195953428, 0.0007294883357380015, -0.002295425885361253, -0.001297007909022674, -0.0004196140833130006, -0.00700545120081344, 0.0030932936087553985, 0.0062592023531069995, -0.008344346991418177, 0.008423975703190808, 0.001062011255859684, -0.001452006050125638, -0.01008905225594583, 0.009993624877834846, -0.003352283236560903, -0.004608941581246802, 0.001578025679455056, -0.007778483876048299, 0.010298558007228176, 0.008707008796056527, 0.010326927616370113, -0.0026837315614985104, -0.006869663997711597, 0.0004320256590651873, 0.00612596555641193, -0.010207880214081984, 0.0014014892335853504, -0.0029928816387429823, 0.005337058422255314, 0.009091689310317194, 0.00840663852219504, 0.0019622686573486686, 0.0016790618155282163, 3.334903822765778e-05], ""intercept"": 0.00016905200000000092}]",297,0.0004007676685694147,0.0,3a604de324fb150be04724a6acbd8db7ea51b24abc931fa4a127c8ad46fb7d7a,16072484f26d20a46af80860a08f87238490220f375b6595393db6517fd59b0d,False
VALIDATION_COMMON_SUPPORT,REGISTERED_JOINT_CANDIDATE,METRO_P60_JOINT_STABILITY_f826cae090392d2524634bb1,J_KW,FULL_BASIS,0.0,0.01,0.1011271625266514,0.10112716252665135,0.09951552465769066,0.31546081318872343,0.12288744847496454,0.0006217112128679148,0.31546081318872343,0.12288744847496454,0.7147830220770386,0.0006217229012234204,"{""block_dimensions"": {""K"": 288, ""W"": 8}, ""coefficient"": [-0.002183105466662082, 0.003985930937677422, -0.0034839075337808195, 0.0005792043429811688, 0.0034191790993046344, -0.002339423474008299, -0.002307023383023496, 0.00021111249376380714, -0.0037171743115445048, -0.0023120729145352137, 0.003945584151068062, 0.0024116152042550102, 0.007091346792249642, -0.002715738572210313, -0.00127678067920556, 0.0008802946655507306, -0.0007971882527604289, 0.00359187119208069, 0.0010060096996701235, -0.0026696000829686435, -0.0020028150260958844, -0.0009169974235862967, -7.903653183617621e-05, -0.0010367137268534267, 0.0022065441271502976, -0.0006765225542549964, 0.0014940439129941438, 0.0007569989354806281, -0.0031911873049542995, 0.0012018407668538131, 0.0003644157976330607, -0.002362949072581805, 0.001347303111308868, 0.0008142881126594401, -0.004857604501111711, -0.0006464302299784403, 0.0011391361858882419, 0.0013436965712814368, -0.0008482435164505662, -0.0011237017677545428, -0.0012962850684863085, 0.0010316795580509767, -0.0020225737716983785, -0.001276279666817251, 0.0014152007450451431, -0.0023925126501826216, -0.0008483097325812995, 0.004162489244683978, 0.002595699519528656, 0.0015945173557597096, -0.0028897303473606768, 0.0005659338472496674, -0.000556278867490111, 0.0009523524986500869, 0.000939393736731301, 0.0033371425658053145, -0.0006304221315753424, -0.0027459954025374485, 0.003163561879155045, -0.0032783060322271636, -0.001682840131600215, -0.0002994184144631347, -0.001085216679472, -0.0004699259674929582, -0.0010805751368184945, -0.0007917306173723692, 0.0019090401815744249, -0.00011090243244197827, -0.00372362814885131, -0.0032082338514940897, 0.0033238196291724615, -0.0005686715523955378, -0.0009973737270072692, 0.001521469520010473, 0.004687933224894423, 0.0001771532013783645, -0.0005967957590984284, 0.00010655230754252326, -4.999064331954541e-06, -0.00031222061910748434, -0.002043106506996107, 0.0007464495341973156, 0.0012233883952021745, 0.006152963199421975, -0.0012185203796831147, -0.0006086256516598787, 0.0017101827986354496, 0.0012468900759172229, -0.00023579587467242326, 0.0013591754866150493, -0.0001246026229159167, -0.001484922768226414, -0.002676306504297197, 0.002366263517616409, 0.0009721041167387599, -0.0015656385215925893, -0.002735813234321497, 0.0036528121952726796, 0.002938125477530234, 0.0029667576827740847, -0.0020141672609590997, -0.009035874416572243, 0.003303550314810913, 0.003658249560027066, 0.002609701704657198, -0.0013783119428737412, 0.0017608554318097353, -0.0009295768821246157, 0.0030368065653500744, 0.0042041282755501145, -0.00045132466174242384, -0.0013311813453981557, 0.001573919148320255, -0.0008363354178999614, -0.0016722688659526557, -0.0040561959957389005, -0.0007092899177989577, 0.0012000885674101733, 0.0015043413950779935, -0.0018163609959030702, -0.0010258658674721297, -0.0032666897379436573, 0.0006414852869433901, -0.0024846652511796, 0.0002513548072491115, -0.0068584397912178335, -0.004751724958088958, -0.005139113015092513, 0.003276095218337475, 0.010351187444702127, 0.0011849303593389124, 0.002689928909111954, -0.00012088542045093109, -0.002163435507690338, -0.004999583446622319, -0.002348839383373289, -0.0032819392217970935, 0.0018817019491825127, -0.0004523064049067824, -9.999948005843421e-05, 3.745790983756568e-06, 0.0028315130326669762, -0.004405512472507231, 0.0019681717872422804, -0.00110313800615679, 0.00010969753147776623, 0.0026270214065598273, 0.0031709984057214286, 0.002108231735684752, 0.0012141371132223168, -0.0034721661334858405, 0.0012097264894296747, 6.943855030636253e-05, -0.00308953916451092, -0.0013171821803359938, -0.0016825723069036549, -0.0012273844994965786, 0.0018140795668694298, 0.001413784659377322, 0.0006794655479994423, -0.000767137994962543, 0.004084517002473392, -0.0022785234672387305, 0.0025428795055157626, 0.0006817639475952227, -0.0036522877973338584, -0.005920093335515505, 0.0015721540680766997, -0.0004983193246154615, 0.00011706340638838113, 0.0017366934258705718, 0.0007929916814161184, 0.00039621337611371946, 2.282881498236271e-05, -0.0006842144781762803, -0.0005866026823112671, 0.001582196432383753, -0.003769527082859335, 0.0025105323529348023, 0.0016351537900002276, 0.0006649132882571719, 0.0033870219681739703, 0.00024258059359992813, -0.0017039572083877032, 0.0032518192018114607, -0.0024128603190837353, 0.0006485510634083147, 0.0029100153071423447, -0.0024632149162843167, -0.0016914845790535855, -0.005277899836768798, 0.0006023912744174178, 0.0014475418129807165, -0.0003426574164654898, -0.0022116725765931313, 0.002320213371455167, 0.0006902308028816987, -0.0005384703032048036, 0.0027165064572357875, 0.00012105801586589996, 0.0002930439560908307, 2.55421252741878e-05, -0.00471361420451168, -0.00016681948600176394, 0.0004852519235991825, 0.005111308692965039, -0.0024100838647880167, -0.0007904260376181458, -0.004866025083876176, 0.0040150621417515036, 0.001072142755304622, -0.0008081665183455007, -0.0008106850548897066, -4.5464468183672404e-05, -0.0017237090959285972, -0.0010502871732092456, 0.00022921259557050387, -0.0014589430666575257, 0.00015899424554778724, -0.006343488644881755, -0.00041362769245533706, -0.0002987814235626108, 0.0018062704914889563, 0.001594072669932166, -0.0023345119887796324, -0.0026259342085309368, 0.0010337672451591765, 0.006729379111220104, -0.001622388616487881, -0.0027475935060272782, -0.0032300749692910796, 0.0009962364334067859, -0.0014346327771386624, 0.00367138785691976, -3.496604699432308e-05, 0.000371733752675424, 0.002583166698535103, -0.0010952670583564779, 0.0007941591633679983, 0.0013854209053863718, -0.00294023395714356, 0.0006833703635663328, 7.350643969562598e-05, -0.002200681515446329, 0.0016161435121945149, 0.0011792197531356294, -0.0042540830901661, -0.0007556369609889673, 0.00530115827336703, 0.001267396316441093, 0.0007477350101515521, -0.0009736416722797225, 0.001596747465112793, -7.132038886426188e-05, 0.00014463173062225336, 0.00011559639149534792, -0.0011173014056715398, -0.0016481394154187012, 0.00036198514650801367, -0.0017691834035396753, 0.0009881897267097735, 0.0007627342168819633, 0.0006748278505777445, 0.001197736181711732, 0.0007851089836447903, -0.0016761429450465382, 0.0017096121839988707, -0.004986664624364748, 0.002543165352206334, -0.0036974127880910236, 0.0030084199725176368, 0.0038414957921656142, -2.566123703830034e-05, -0.001262351758278332, -0.008277701586899885, 0.005761926250655378, 0.0011966384302933106, -0.0006768217082124766, 2.7552925184199027e-05, -0.0006366182235800691, -0.00030796256735902934, -0.0007577926574670741, 0.004045241781487686, -0.0006743176058810106, 1.3093911389075279e-05, 0.0016629090904726443, -0.0025859368522035335, 0.0004194677945953557, 0.0011860493285399088, -0.001752369652401787, 0.00419528864284405, 0.00884364962956036, 0.006514175413469147, 0.005455991558677793, -0.0009746200226644619, 0.000216950208992451], ""intercept"": 0.00017409199999999988}",297,0.0003473192388568649,0.0,80acb6e02c969d97049ac9088acb156a869dc6af2f67e607803f03031ad78c72,f1a57be29f57b7585ff6745d84e8c0f7463eadf23120195d5aafa75f9be94383,False
OOF_COMMON_FOLDS_1_3,REGISTERED_JOINT_CANDIDATE,METRO_P60_JOINT_STABILITY_f826cae090392d2524634bb1,J_KW,FULL_BASIS,0.0,0.01,0.1011271625266514,0.1008256882949078,0.1008256882949078,0.31753061001249594,0.12316222933195267,0.0013520668737729835,0.31753061001249594,0.12316222933195267,0.7120228510180755,0.0013522402135754952,"[{""block_dimensions"": {""K"": 288, ""W"": 8}, ""coefficient"": [-0.0026140180452942155, 0.00047641444793876197, 0.0017612442670666148, -0.001988102693274814, 0.0019253106773901602, 0.0004284608498718934, -0.004212608047677327, 0.007084808639697105, -0.002185609420824033, -0.004427883822139634, -0.0014101736030151194, 0.002033372371622237, 0.004209063546745567, -0.004423975219594938, -0.0011934061922381015, 0.005906752191726728, 0.0006847096040540671, 0.003770411291074888, -7.910721783781315e-06, -0.001823898913946436, 0.0002417403050137248, 0.002377358189212097, -0.0035831417753880187, -0.0032210233692805167, 0.0030087573947403514, 0.0030585648711500286, 0.001058067086890641, 6.169120991818456e-05, -0.0003451749664897253, 0.00214167768612052, -9.525317288479313e-05, -0.0024203832836135657, 0.0013360905631383325, -0.005005162292625826, 0.0008754544281150341, -0.004310284295116602, 0.00033319479641145955, 0.0011131061295172747, -0.0008028030291093798, 0.00027715373699670567, 0.00042387182739255777, 0.00015545195169882554, -0.0012220101380313079, -0.001353742436358839, 0.0006158838798924926, -1.876257201091645e-05, -0.0008303832329802592, 0.0016599426552794264, 0.0002547035476754157, 0.003180214473131589, -0.003551895241616067, -0.000558207933119094, 0.0022021056612597707, 0.000879905591461609, 0.00013452842689974065, 0.0015314834728714242, -0.001382943390322889, -0.00107204500646926, 0.002968959867674151, 0.00463282485724328, -0.0013197629913997077, 0.0030612784124280194, 0.00014567854149648038, -0.0006343135552214819, -0.00030455872449006903, 0.0026093420539655596, 0.0002443643004247785, 0.0008760917258423035, -0.0014410541071467398, -0.0027327645451681996, 0.002312887067795251, -0.002275606094463505, 0.00282227053508929, -0.0022476742482548887, 6.846332782416969e-05, -0.00030130917349171675, 0.001039359636113925, -0.0036307191510392333, -0.0018473724759944495, -0.00348515704964573, 0.001853016822924494, -0.002438424025098631, 0.0023144598388374345, 0.0021731942586584617, 0.0010732908725596421, 0.0018435042812378435, 0.0007179754954338993, -0.0023013196014488625, -0.000208294675634554, 0.001811835502015798, 0.001545224366478932, 0.0007762182008026275, -0.0010379345023477516, -0.0007704676028139627, -0.00030679185448321915, -0.001515237591942131, -0.0009081446884788281, 0.0017568561963086855, 0.0012089070429069425, 0.002159741387780556, 0.004095951744981287, -0.00643031307223541, 0.0010152889401632784, 0.0018370279682477478, 0.0005456534943784286, 0.0018621243134379162, 0.0009399068949377875, -0.001850550860654743, -0.0012959995839315248, 0.001250690425029921, -0.0003846061281866894, -0.0031846497934077643, -0.004614230454980583, 0.0018452569920965572, -0.0028619945176110067, -0.0020991596440457956, 0.0029105116174183553, 0.005740472163957542, -0.0008897946999703009, 5.203113846987097e-05, -0.0011851072570306204, 4.0163965347945706e-05, 0.00034421944714043594, 0.0005043148567513192, -0.005249796657380787, -0.0051655167837128995, 0.004052111797006578, 0.002178799592490821, 0.003969018428024605, 0.0028809051738798944, 0.0032312559255329634, 0.0007373224131484874, -0.005021250559235415, -0.004742180131214779, -0.001603985299047421, -0.0022165777617984845, -0.0021345461679737206, -0.0005189319650780899, -0.00030291525428057897, -0.0006083555003761572, -0.0018693216677013098, 0.0001418194337600126, 0.002141504981735814, -0.0010504298845687187, -0.0022834233116978088, 0.00602804200648396, -0.0020397394964424484, -0.0007007870622157358, -0.0021370068364595326, -0.0013426099239966522, 0.0022931430181832783, -0.00014344612795570878, 0.002475767571197586, 0.0015591088811580847, -0.0007310682804927359, 0.0038175992358023833, 0.001087558102972181, 0.0037244774738281953, 0.0001668798555202519, 0.0024755609339861726, -0.0009941417496899735, 7.805449498167771e-05, 0.0014162334748799466, 0.0037045258386345014, 0.0021401428333758603, -0.002930494667786449, 0.00015926061365794143, -0.006167958036805753, -0.0003088504668978876, -0.0007823112743774012, 0.001240502288939922, -3.347779056208577e-05, 0.000615056208759368, -0.0005801473241211544, 0.00038385525617413323, 0.00046993733196790355, 0.003001165628448528, 0.0014786912750494353, 0.0024042403558319336, -0.00015866276686446216, 0.0036534557129556475, 0.003223543003333001, -7.041957323026213e-05, -0.0032576629438448067, 0.0009281701275470084, 0.0002724802879554164, -0.0001757169896523455, 0.0017748788829249074, -0.0019420566752605148, 1.0900801954394304e-05, -0.0005987937791520288, 0.0005086977295563212, 0.0019244519283336695, -0.002214174871269133, 3.056639270841559e-05, 0.002627957648109586, -0.0004498961360474262, -0.00038684642949841187, -3.1780277376657705e-05, 0.0007238450999383761, 0.0014099743183670747, -0.0017506847030186636, 0.0008657000589943631, 0.001981476629130362, 0.000577971780577038, 0.00336005751598729, -0.004388249158988495, -0.0021635055210471148, 0.0011116366153807395, 0.0023750001346771995, -0.0009673645345150247, -0.00014508131994194582, -0.0027920336514680602, -0.0003334465322957485, -0.0006955221830618279, -0.003144131843025826, -0.0012448415527374964, 4.162256988179143e-06, 0.00023323260044832644, -0.000988837240267278, -0.0007285039140468784, 0.0016042355411726528, 0.0013081384268353055, -0.0012283410906149175, -0.00032143303852449174, -0.0025372948509626092, 0.004155479140849247, 0.0025691558059713826, -0.0012706860317161016, -0.0020887152765165975, -0.004980661709708621, 0.0037540266031293665, -0.0015208902678175342, 0.002156362771626252, 0.0006080036619817481, 0.0016812150067288673, 0.002631993413065518, 0.002624930984250649, 0.0009174476613815002, 9.97560156099101e-05, -0.00036548327404301283, 0.0014830863696261268, -0.00012839683946914954, -0.002268181076809865, 0.0013192975844387633, -0.004661066933735514, 0.001305596178606985, -0.004264000640446835, 0.0045317057885752715, 0.0033026611644108926, -0.0011585181525478184, -0.0010079770852650235, -2.4323176767353536e-05, -3.049705622343989e-07, -0.0018126380312469491, 2.2961220480137344e-05, 0.0004004823787619801, 0.00021070788212914797, 0.0008793795787268017, -0.0013860445548766328, 0.00015837348633106544, 4.8512085657650006e-05, 0.0012989591517086343, 0.004206815926866643, -0.004038711805163435, -0.00036604876666192855, -0.003568976175948436, 0.0010723116782987525, 0.0030656587491530453, 0.003714759579725711, -0.0014744670874700177, 0.0004387821729140144, -0.0014535108796015718, -0.0005672755218538465, -0.007878848984262846, 0.007335701799622427, -0.004047031316768142, -0.0002832002156454379, 0.000786455321981294, -0.0013964904713780497, 0.0026673520819506763, 0.0018776686922279016, 0.0012811830703699787, -0.0017667135701938971, -0.0037080991504022825, 0.0030381002577205066, -0.0002311177275143729, 0.0005300857483429508, 0.0007560235919170186, 0.0029332727700763428, -0.00407868949337677, 0.014733448885238202, 0.0029105593525516576, 0.005699289264102275, 0.00077650225870261, -0.0013596713177371168], ""intercept"": -0.00012420800000000328}, {""block_dimensions"": {""K"": 288, ""W"": 8}, ""coefficient"": [-0.0024901663235933195, 0.0032673703835950658, -0.0017262271360434793, -0.000692009883005469, 0.0009401314915236825, 0.0007299337456366101, -0.002981678008006695, 0.0031375036050368716, -0.003957864443861403, -0.0030347668707475374, 0.001875811417726471, 0.002067404028044697, 0.00451500134986973, -0.0019555646190425255, -0.0004007620537218701, 0.004405228437728485, -0.0011122898812334797, 0.0007224026033147469, -0.00017382740576038882, -0.002715943855145447, -0.0006551412185417941, -0.0013528412702819809, 0.0006175402032466993, -0.003663857511567501, 0.0018527820480266622, 0.00013253236000223, 0.001451447759187954, 0.0010245209632884886, -0.0008649036299636223, 0.0017207643379594903, 0.0005231561759957992, -0.0018588894780520115, 0.0019053066675776779, -0.00030815044718176924, -0.002842863623380295, -0.003150762971779861, 0.0007295610559212044, -0.002746982643924191, 0.001471684485982778, 0.0009707104578138124, -0.0012821133157545272, -0.0002146405139767273, 0.000243959031200031, -0.0007163694609488476, 9.970661855573587e-05, 0.0001556183452757593, -0.00121955345250883, 0.0013949541957558398, -0.0005537576080833337, 0.0027053455849764298, -0.0022249869004702196, 0.0011642135794064003, 0.001991620777114846, 0.00049325478766644, 0.000886661956961442, 0.003130283585175526, -0.0013406431220119542, -0.0023981326476843544, 0.002720873995204043, 0.0005583493630496265, 0.0026461307455750782, 0.002855950437452811, 0.0002835615650994459, -0.0004209535825715551, -0.002289872541645274, 0.0010412519230224152, 0.0004299887984413252, -7.974584953810047e-05, -0.0044246641684685135, -0.002448924820216057, -0.0015886094907933948, 0.00221205276665285, -0.0009067757440301853, 0.0013765079005314922, 0.0003903798686115551, -0.00013418373006148402, -0.0001382040515746303, -0.00305536679229484, -0.0025284792198244947, -0.0005732067517884595, -0.0018601894779313349, 0.0007490248555388864, 0.0011025017623858113, 0.004984898348115605, 0.0019763729906259837, 0.0018456048291737473, 0.0001643227500363147, -0.002608828368143495, -0.0007687676579122616, 0.0015646602847050007, 0.0005135172584451493, 0.0011461803926193202, -0.0028425381001573533, 0.0010320131642891617, -0.0015205839841088546, -0.0011662792133275454, -0.002464899478382174, 0.001439203356977708, 0.0009790952455814947, 0.0011111843149166597, 0.000116359953700416, -0.009966839443958595, 0.0023099460764373085, 0.003026714345657612, -0.0004706146913771044, -0.000584405408395409, -0.00018249843658752705, 0.0013402725332740805, -0.0021872530947343494, 0.000899289459067679, -0.0010653932822903853, -0.0012549499399055653, -0.001779982344086536, 0.0009169408543118355, 0.0002764427093399064, -0.0013722212211296908, -0.0007769306374993024, 0.0027907327573614884, 0.0024047753893105383, 0.000177102436418533, -0.0011600312321933136, 0.0011499355609377435, -2.3180643461735045e-05, -0.001143260555654048, 0.0039781844032760645, -0.005700338748210436, 0.0013614374579720217, -0.0015657337982847048, 0.006604052141047356, 8.928145036433318e-05, 0.002322909876538756, 0.0003561058030548171, -0.001190708412145511, -0.002871267713144842, -0.005426647008219743, -0.0017921258637236433, -0.0038412368070051624, 0.0004865991940490312, -0.0016107062692574446, -0.0011307512750348685, 0.0002453974660251143, -0.003732016914764336, 0.004736286988776426, 0.001619148547697052, -0.004533190400671686, 0.00032632089679400847, -0.0019983362622634365, 0.0010054478919151522, 0.0010613035804294625, 0.004441930427630155, -0.0024112921450281195, 0.0036271508532483604, -0.0019450721588111228, -0.00048136717483520227, -0.0011358806730838802, -0.00023255715277395472, -0.0003021189742972084, 0.0036484753661188687, 0.0011749252652991447, 0.0021961445091927766, 0.0023434256855115977, 0.004027251307309854, -0.004095963907391974, 2.0987338282656875e-05, 0.0030689851923973925, -0.005089734593192603, -0.007880267310140127, 0.004202387987612433, -7.734925421147837e-05, -1.4545482383690596e-05, 0.002221285471150036, -0.0009261703538249459, 0.001154249787783737, -0.00015766623350235072, 0.0012247922060034271, -0.000575762403957657, 0.0037013193775373705, 0.0005042995902870673, 0.003745582525185481, -0.0011688508837736718, 0.0042190197451923055, 0.001772125284797018, 0.0003252294146606489, -0.0053242190633339655, 0.0012198852077022152, 3.102216789322938e-05, -0.0008119305886981926, 0.001292263368523126, -0.0005271434769527185, -0.0011282315086036145, -0.0035152285094803863, 0.0008401562390114207, 0.0021377082556647067, 0.0017743170497047718, -0.001691529507829498, 0.0018679821694780785, -0.0007767684231557669, -0.0004250274174437985, -0.00023554074461268457, 0.0006967237162622869, 0.00015687549815588924, -0.0037139131708908693, 0.00034163402318563234, -0.0003871425377194113, 0.0021200914773392182, 0.0018179996537954117, -0.0013249644094668444, -0.0009543169947268372, -0.002537120469664999, 0.0021063530499499383, -0.0005217386398489752, 0.00019271444077194826, -0.0015400758453036644, 0.0011059965480404962, 0.0008611773978131318, -0.0009126386791231835, 0.0014159968530062061, -0.0007353590520796607, 0.0005360146481530994, 0.0014925951898120703, 0.00025556363114067704, -0.0016599917216114542, -0.0011231894900436035, -0.0002607957784376098, 0.0006732112382192471, -0.0023761785435264297, 0.0016440035692493599, 0.002768878949553069, -0.004323295625840612, -0.002385616067962223, -0.0020587541430812234, 0.0035075536862316983, -0.0026402501846683234, 0.0016136139922428628, -0.0008521382711603024, 0.003788052748374234, 0.0019907828514715863, -8.00214584715957e-05, 0.0010325866150469815, 0.0011901386743306394, -0.0007605371763921184, 0.00108559470696441, 0.000523627488596401, -0.0018034343966686712, 0.0018282876776209238, 0.0002980263342844139, -0.00269322031693114, -0.0029235007130302697, 0.006110682997070766, 8.122924915475246e-05, -0.000667524278910308, 0.0011118069117634485, -0.0008487861594204706, 0.0005573664903977069, 0.00018060126383697987, 0.0004878672858152914, -0.0007096003399786301, -0.000800276559791135, 0.0008809195321178811, -0.0012126816800422193, 0.0016188872468679485, 0.00021977494541087348, -2.4604628182278893e-05, 0.0012902227858491977, -0.002944270961214097, -0.0010161370563091343, -0.000607768281964183, 0.0010118302254783363, 0.001456223737614609, -0.0008867096810341231, 0.00011339082959658371, 0.0021871603139972736, -0.0002939517110446802, -0.001251446930983955, -0.007270610567118168, 0.005561366584465029, -0.00036717135969743857, 5.5068964843796616e-05, 0.001113581420558077, 0.0004299810152290698, 0.002473574950426364, 0.000540101385337741, -0.00024324082033284805, -0.002629666514285039, -0.0014011361049055052, 0.0031120807438815117, 0.0007645638785310804, -0.003283990216757042, -0.0003102479631035426, 0.0027690372982973888, 0.00010112512267500162, 0.01076667661755044, 0.008101957294574963, -8.666832196393828e-05, 0.0041639159178941815, -0.0015508285119771427], ""intercept"": 0.000191412}, {""block_dimensions"": {""K"": 288, ""W"": 8}, ""coefficient"": [-0.002505892706428829, 0.004197410342776397, -0.002539717017176154, -0.0011285875645817513, -6.558972267985935e-06, -0.00012568070836864852, -0.007374393876411158, 0.0019921272850981038, -0.0023537055494882203, -0.0018077083318378177, 0.002996881772325132, 0.002843969369811938, -0.0018577278503531418, -0.0007931760227531351, -0.0014839972722547445, -0.0016266655164934168, -0.002595883544959782, 0.005519555265356737, 0.004736801078566603, 0.0029307132781219883, 0.00013440801909394635, -0.0009766309443123154, -0.0015312866120275916, -0.003302291295189567, 0.0022898152848491306, 0.000218789052024091, 0.001447285764051505, 0.0010222376131736924, -0.0020705911559597296, 0.0029445747813266502, -8.398502892351334e-05, -0.002719922158183657, 0.0009353168745686025, -0.00011243262224424849, -0.004302945680596419, -0.0018824224683477615, -0.0020033456946424604, 0.00029005601811146997, 0.0016561967569504715, -0.0003481136214354366, -0.0013853374210485707, -0.0005015744856096783, -0.00016442507268324297, 9.278411065891032e-05, 0.00010790391569197056, -1.6306217084025932e-05, -0.0009999663571666785, 0.002478555283158046, 0.002284777313306582, 0.002079836038871953, -0.002626533867260329, 0.000379618225045191, 0.00027675584999306335, 0.000739099733930323, 0.0011354427683522453, 0.0039858966393092245, -0.0028373424739388756, -0.0009732201216726905, 0.003701706769394077, 0.0002848711181146461, -7.029227277701103e-05, 0.0027590630250887865, 0.0005276921294769249, -0.001593887127235927, -0.0009965190488896135, 0.0016103948714150512, -4.1611113670445695e-05, 0.0003968856047435915, -0.004876313347484039, 0.0023437994636386437, -0.0008293765352425137, -0.0028118025432149695, -0.001283940752218569, 0.00023488117879343995, 0.0009507149185966428, -0.0005632242152139554, 0.0009319013960456344, -0.00032336762498476817, -0.001224499928270898, -0.001212572077893387, -0.0009816672178626757, 0.0009952348402817721, -0.0005899486849311749, 0.005024864803416946, 0.0013435539065666151, 5.908582653160294e-05, -0.0009647338323861775, 0.0010781042860086494, -0.0005041623162586154, 0.0009658665938732758, 0.0010303656060335685, -0.0009276225173364278, -0.002033096003547642, 0.0013063542234183795, 0.000408648491384691, -0.00048708944613183954, -0.0026820954841320905, 0.0005883887532673348, 0.0020100499425334357, 0.0012367695308984708, -0.0027264305572851874, -0.007067220599878318, 0.003817409874558603, 0.002191867077773281, 0.0018618787533035037, -0.0024890911842015014, 0.003335620785995849, -0.0005462825805412176, -0.00010756785612244783, 0.0025383394838230265, -0.0011354033899456048, -0.002310662618383657, 0.00031257881730935, 5.410718204398888e-05, -0.0005503864972489829, -0.00319095605032175, -0.0005063349758766815, 0.0025923615628249148, 0.003523174232204009, -0.0014946202189685042, -0.0008813752202334551, -0.0010237538923091153, 0.001075950442230131, -0.0009031390798646021, 0.006555383799001986, -0.00725937216127795, 1.3271120568253585e-05, -0.005433235546853349, 0.005318025457914915, 0.0009073173032116005, 0.0015119598920802645, 0.001310344858862487, -0.0013163216781736234, -0.0018961520280830505, -0.004921054187274877, -0.0013631627043762158, -0.002670072928099303, 0.000980674293115813, 0.0006295031086829918, 0.00026837513557165054, -0.0006568721328488735, 0.005218604283780259, -0.003831936437720121, 0.0020601873674482647, -0.0034542029328884943, 0.001532584475256886, 0.0002679246149427823, 0.001552500569318646, 0.002380812147873463, 0.001960615824231968, -0.003187699182334157, 0.003672749106797593, 0.0013102349443994876, -0.0021304835582862188, -0.0014036562320556747, -0.0019374383113244516, -0.0023205255529509254, 0.0034253827784679635, 0.0011912975787700415, 0.0018832989730379792, -0.00012828553997439702, 0.004907126906330996, -0.0027775731467205257, 0.0027615693576078905, 0.0003641312720331611, -0.0018326698059659874, -0.006883287476189586, 0.003191193531156106, -0.0006198769812687143, 0.0007251312396592852, 0.002385485532411813, 0.00018050343715317183, 0.00022126649508438998, -0.0005996061435237695, 0.0001423811189957036, -0.0007345137019995065, 0.004044306557935969, -0.0034996502554185834, 0.0029355097865393113, -0.0003694466227738253, 0.002903835574503093, 0.0015074024365603874, -0.0004142624161776054, -0.005363330757126277, 0.002219587992466748, -0.001148131592163148, -7.913602586486997e-05, 0.0002331425157967194, -0.0034813674030402877, -0.0008814541296661547, -0.0007696700510190552, 0.0016278108597158208, 0.0020314260615018373, 0.0005940380842092657, -0.002393425470791811, 0.0021851929112823034, 0.0004986904587618933, -0.0005980588134009884, 0.0009846038956597995, 7.093644496505028e-05, -0.0010588026176650653, -0.0011196526742551086, -0.003527924616513526, -0.0015212917485208652, 0.0007723476194563889, 0.004659153917280226, -0.001865378778354454, -0.0023496528387085096, -0.0052233986855867364, 0.003989791472643932, -0.0007599489818406951, 0.0005792665030844048, -0.00038421523448108427, 0.0007960908341182361, -0.0014726379784589891, -0.0016750482614167346, 0.00046430927733260023, -0.0010213511984829983, -0.0001268068305154252, -0.0025913056076594765, -0.0003627605181920451, -2.462303357987013e-06, 0.00067826082455664, 0.0011608149756038941, -0.0019040951477061194, -0.0010089101636855727, 0.0016089315796421484, 0.0030142551666783057, -0.0004451215753398475, -0.002383088858645096, -0.0029663189057595233, -0.0002697451504346011, -0.001851009322944665, 0.0033906568837427605, -0.00012281884721350458, 0.0023680912929421845, 0.0027262446320270154, -0.00020449875796023543, 0.001104755732538891, 0.0013120331821026997, -0.0019350157636152498, 0.002082200097626088, -0.00019976349417813533, -0.002480949677859876, 0.0011330556281109138, 0.0004504753816800317, -0.003658526988267154, -0.001704926105891656, 0.004933171243114042, 0.002430024250733778, -0.0003421128968585677, 0.0003928824742463433, 0.0007383197951391182, -2.4346685270932566e-05, 0.0004241948935728258, 0.00029331506095637644, -0.0009991574362426922, -0.0025362174268946354, 0.0005055255656831187, -0.0010158829619594304, 0.0018162231833562825, -0.0001646103084649416, -8.437540905721589e-05, 0.0007386530253202251, -0.0009927706317503825, 0.0008162447414990095, -0.0009860028130880387, -0.0027142512197583166, 0.0012391734788842034, 0.0013279487380559736, -0.0018836155984195706, 0.0021522199428993813, 0.00017340100515886336, -0.0005710973927422233, -0.00748217600251027, 0.006526952641075446, 0.0001686884007158376, -0.0008074140702110682, 0.001307365818423672, -0.0009732790230680536, 0.0018640115062483536, 0.0012704302159231276, 0.004162804135204677, -0.0023736419077629617, -0.002893534081822018, 0.0005637651841477566, 0.002696316399129676, -0.003028227656833898, 0.0009861749320868728, -0.0020603873844252654, 0.003949489981272717, 0.008691117783408633, 0.007381461963430453, 0.0019212705092757553, 0.0012417828190254467, 0.00019259514582978214], ""intercept"": 0.00016905200000000092}]",297,0.0003556316675407529,0.0,3a604de324fb150be04724a6acbd8db7ea51b24abc931fa4a127c8ad46fb7d7a,5d39701f55cfea9779057ddc19d1547d2c55a4d2ad238e9ea27ad5882552e97a,False
VALIDATION_COMMON_SUPPORT,REGISTERED_JOINT_CANDIDATE,METRO_P60_JOINT_STABILITY_5e68b6a303972c79acb16aa4,J_KW,FULL_BASIS,0.0,0.1,0.10109768937598052,0.1010976893759805,0.09946598591627312,0.315382285355841,0.12169174355718097,0.0011192008537738163,0.315382285355841,0.12169174355718097,0.7149250028399983,0.0011192125363109762,"{""block_dimensions"": {""K"": 288, ""W"": 8}, ""coefficient"": [0.00018429709425927087, 0.0009172284387351739, -0.0012013397413078034, 0.000272629724992408, 0.0011940844586848546, -0.0005278841548502839, -0.0005161210063701735, -0.00043515174846195885, -9.898721784266294e-05, -0.0004010108231636926, 0.0004519192851089727, -0.00021013655346337247, 0.0017045193366808837, -0.00013136064951046228, -0.0005443512753259349, 0.0006007125722287471, -0.00040321651437236856, 0.0004755740932223672, 0.00021493897849475389, -0.0006297631329817838, -0.0007095036744508651, -0.00015860919210983833, 0.00041233259704138265, 0.0005492297577809844, 0.0010205611521835987, -0.0003852233999443413, 0.00030650088597321555, 0.0004880403157214703, -0.0003903366189360785, -0.00047656375457728553, 0.00039320872659464386, -0.0009467936281365599, 0.000542549614454231, 0.00028740879360874015, -0.0010860757698390598, -0.0003975662337182987, 0.0009912574039249679, 0.001008015091642336, -0.0006019031481344278, -0.001088658589813399, -0.0011215693065893644, 0.0009041856908708555, -0.0016288326711586334, -0.001167214072588931, 0.0010115007255277692, -0.00010733932412488287, -0.00033680933225654886, 0.0015156426525852569, 0.00048680481806021746, 0.0003050293377511838, -0.0009158286866477642, 0.0004367288063895936, 9.31822377429547e-05, 0.00018476305330092992, 0.0003342513801003143, 0.0001155421226307426, 0.0001467837245256813, -0.0006883185418361914, 0.001137714640591871, -0.000456467477103291, -0.0006868085045236414, 0.0005109838256623447, -0.0007101923515044757, -0.00032755414911052306, -0.0010808746565615372, 0.00039985753274192993, 0.0006581054752396056, -0.000424110527805587, -0.00031408887464188286, -0.0007530503442644448, 0.0007918165441325951, -5.168108831190306e-05, -2.0303711482768438e-05, 0.0007015431634523659, 0.0009722803248187994, 0.00020255056865706256, 0.00030076104791590174, 0.00010902618264027299, 7.974280077817455e-05, -0.00034004756727493184, -1.5398592657462867e-05, -9.17067742898658e-05, 0.0002929168880584436, 0.0011050846620747903, -0.00031728117042608973, -0.00025409655117122155, 0.001121529533235479, 0.0007713064169010904, 9.861059369917041e-05, 0.0004659688621859484, -8.208911373736097e-06, -0.0010160948464511513, -0.0009919663898553437, 0.002113665507684161, 0.0006009921404927564, -0.0007045844786146133, -0.0008765437112150631, 0.0005835379525449842, 0.0005767728280650352, 0.001216542135802839, 0.0007569581845931296, -0.002616441181794901, 0.0009410168809328036, 0.0010434781066289299, 0.000871363822392691, -3.3684993660345925e-05, 0.001333768350242127, -0.0002613168069756611, 0.0007245880353863641, 0.0021660402654587337, 0.00040228881058679907, -0.00022480917688058854, -1.544099844189334e-05, -0.0004496056084586992, -0.0010127540903652277, -0.0012398009600636552, -0.00046556287687065485, 0.0007855055132033416, 0.0013213145353268923, -0.00035474550817733523, -0.0005090711174850588, -0.00042689074717692447, 0.0005409664306579267, -0.00010516666317982352, 0.0001884286468740185, -0.000764041970712437, -0.0008522123121874425, -0.0008462620671823851, 0.00043351555041956527, 0.0013909493937068534, 0.0004247235017750235, -0.00017805495947953573, 0.0001214130358106553, -0.0011366035747970788, -0.0030574766038821864, -0.0015462869362800362, -0.002605684111891314, 0.0023242137479036764, -0.0001774796018364702, -0.00012526768115698878, 0.0007780923194606982, 0.00015517616989470402, -0.000775050519465218, 0.00017841412808938567, -2.147573683365627e-05, 7.443707879017948e-05, 0.0005152816421384075, 0.001312160440585699, 0.000895249061345271, 0.0003044295632142071, -0.0006095666934249187, 0.0005276235595757976, -0.00043413260215257037, -0.0015726585342242735, -0.0008797101276605049, -0.00017640768240890985, -0.0004945199140313777, 0.00021830928272951116, 0.0006500664480277193, 0.00012618048258645348, -0.00016487082715762255, 0.001028982923054528, 0.00034497591491484687, 0.0009868936924000325, -0.0007607263669765241, -0.0010408401672267562, -0.0005682694714115405, 0.0008538471144541787, 0.00024265244974687014, 0.00023261953742235238, 0.0008986443381233016, 0.0005751971558094939, 7.501842980723164e-05, -0.0002564844632404066, -0.00023275157691434934, -0.0005362465512987936, 0.0008434135637552277, -0.002410206958240809, 0.0015790874494091191, 0.00038785528364445395, 0.00027336139899548624, 0.000764976851995265, -0.00018870195430838678, -0.00014758376362331452, 0.0004081542378821143, -0.00017330848757251066, 0.000371150864260751, 0.0004107725854300091, -0.00014089829084032644, 0.00011783738685209798, -0.0005604090812235338, 0.00019055249333495787, 0.0009893443625762777, -0.00022658732591530716, -0.001332452268301356, 0.001612088853911564, 0.000336560500553581, -0.0003121242140949757, 0.001791996718839385, 0.0003345692582664115, 0.0006810541106481191, -0.000493329548367542, -0.0012287930971888203, -0.00033590970005480515, 1.3399287616976854e-05, 0.0007228182517164921, -0.00038144578767440644, -0.00037165256238825227, -0.0002905838815385001, 0.00082881909707827, 0.0002201944538993347, -0.0002765253791961254, 3.2678451132853575e-05, 0.00039269046358694857, -0.00038743166132356247, -0.0004452856693287702, 0.00027664069471964404, -0.00029959512478124913, -0.0002134464066409778, -0.0011105781177809778, -0.00025078623228393554, -0.0004463934240492615, 0.000548693012856646, 0.0007414684872247445, -0.0009552110286530609, -0.00047059176206881904, -0.00022280554302952276, 0.001139136188904501, -0.0008987872005621765, -0.0002683340680144715, -0.0018875020270785604, 0.0004968905601819814, -0.001800302355179167, 0.001649820851061291, 0.00013886435814126978, 0.0005064848475004335, 0.001047196683297186, -0.0004417063134293344, 0.0004629426159042202, 0.0002888764473274601, -0.0003594823195896228, -0.0005306468190949166, 0.00036978592792968684, -0.0009148307041598609, 0.000584108744531445, 0.00032362620859344187, -0.0010258714093716623, -0.0004104141829446735, 0.0023740761228832653, 0.0012523732016624224, 0.0008627396787627845, -0.000977458275905002, 0.001230846192247536, 7.902772816851862e-07, 0.00014493220918541182, 0.00010471747796353444, -0.0013080353508902033, -0.001355177233183624, 0.00023923263975186458, -0.0012498722839074674, 0.0005230769007623504, 0.0007061792754714217, 0.00037742192628127116, 0.0005219781121957986, 5.383368265646674e-05, 0.0004895517707521179, 0.00039536167674838644, -0.0006597215478724917, 0.00029763337463022664, -0.0004453116497953124, 0.0005534942928193192, 0.0009058497184141934, -0.0005434272187599555, -0.0004225421536453552, -0.002468706721546485, 0.0007539759272545066, 0.000310796663681536, 0.00035160313093545706, -0.00013668371217386919, 0.00043913473337510363, -0.0005026420974645061, 0.00018245708324803408, 0.0011386224722097005, -0.0004942619359319012, -0.00016526953740778863, 0.0004147358964686757, -0.00040005063401166825, 5.730736403160698e-05, 0.0003142500969418286, -0.00031729925886987703, 0.0029095972621079372, 0.0074268032108623675, 0.006116261039342222, 0.0033902562450876307, 0.00041728385617898617, -0.000301533681094338], ""intercept"": 0.00017409199999999988}",297,0.0002812386557330213,0.0,80acb6e02c969d97049ac9088acb156a869dc6af2f67e607803f03031ad78c72,206302bdf9b9ff6a354f67cc9e3fe164c2c77b2d0b548c2441fde926b0b2c436,False
OOF_COMMON_FOLDS_1_3,REGISTERED_JOINT_CANDIDATE,METRO_P60_JOINT_STABILITY_5e68b6a303972c79acb16aa4,J_KW,FULL_BASIS,0.0,0.1,0.10109768937598052,0.10080644174714885,0.10080644174714885,0.31750030196387036,0.12194891863315242,0.0015426981053998645,0.31750030196387036,0.12194891863315242,0.7120778227821676,0.0015428714121137332,"[{""block_dimensions"": {""K"": 288, ""W"": 8}, ""coefficient"": [0.00017261095739662692, -0.00011456816026133498, -0.0002228906073770867, -0.00043788605235696985, 0.0005180089618607235, 0.00011911365081428206, -0.0006158958256644041, 0.0006411526486309202, -0.00025685007525560896, -0.00044375688612859765, -0.00035750200980912746, 0.00016372478242727582, 0.0011647791420132338, -0.00117726698172678, -0.00023900399693461052, 0.0012646519622986744, 6.90406095666963e-06, 0.0007203129083769191, -2.294652436138426e-05, -0.0006076935397947991, 0.00019353845573565537, 4.41233607864216e-05, 0.0002517222454200495, -0.00017522102328649484, 0.0010983738752414925, 0.000137598296381024, 0.0005021136977344849, 0.00019196539946538064, -0.0002566437088479688, -7.8380637833395e-05, 9.449758537365112e-05, -0.0009076985542372317, 0.0005139543854885383, -0.000662876027962903, 0.00014118210691273358, -0.0010078328380300821, 0.0003330120860458012, 0.0008810528335215983, -0.0005504754545870496, 0.00020348710777462188, 0.00034904906189955003, 5.741756042137085e-05, -0.0010771325328602374, -0.0010793818229575354, 0.0005455598251954037, 0.0002918754041664059, -0.00034553573461795897, 0.0008695992777445088, 0.00012745151499765647, 0.0007341137555591504, -0.0005891668431896407, 0.0001856554241496733, 0.0002897106171161418, 0.00037815488054945476, 6.827768957901119e-05, -9.92697354439539e-05, -0.0001589405122893009, -0.00030283102654463703, 0.0011976509395998764, 0.0005427982942908425, -0.00013800063625553585, 0.0007143566537358635, -9.974944474024585e-05, -0.0006077742162761689, -0.0007052074180017635, 0.0005405987067586888, 0.00022626140489351437, 3.6003096116115454e-05, -0.0003220828020361797, -0.0004737128192722296, 0.0006827036970015805, -0.00014765707087680653, 5.034226250360862e-05, -0.00025866139268013096, -0.00033186249671079824, 0.00012409972153655727, 0.0004078181873867033, -0.0007863998800028357, -0.00034616940717470873, -0.0007176053874209461, 0.000571538047354824, -0.00044313034865119724, 0.0001779900785235844, 0.0002569612039660905, 0.0007252975562212012, 0.001423719660063025, 0.0005759215830176335, -0.001536237226689817, 0.00025774527643068046, 0.00097260236044837, 0.0009338723978182244, 0.0006012107564389672, 2.6818869142891244e-06, 0.0001257768677270161, -9.094969984879129e-05, -0.0010033593165570318, -0.000924008058007215, 0.00029696528647507776, 0.00020365238951409998, 0.0010452463061249423, 0.0011231999826493615, -0.0013715929487578993, 0.00076543602396085, 0.0009786228466298836, 0.00142268176854456, 0.0004734421265242092, 0.0011778061819049058, -0.0005797396933842163, -0.0013428924454633763, 0.0011296436701834268, -0.0011201507830983309, -0.0012752572228021475, -0.00020529614501505074, 0.0002697143484237559, -0.0003962010311166685, -0.00017138454955688322, 0.0011498190293532226, 0.0018020537599846753, 0.0003276261849104929, 7.495135919045504e-06, -2.0123556689390546e-05, 5.5327998937662665e-05, 0.0004934742387797163, -0.0005558149766898514, -0.0011893369869825198, -0.001141863046168453, 0.0007574251096251433, 0.0003703297375263481, 0.00042879345275832656, 0.0003179868603848179, 0.00021781138332260566, -0.0003181718272356697, -0.0028755186586199833, -0.0031950226294294084, -0.0008238021274155812, -0.0015789365086196123, -0.0008276440066118535, 0.0007205318324927274, 2.3594666915500375e-05, -0.0005082299391527934, 0.0003281597053579779, -0.00020040196874376154, 0.0009270443809756836, -0.000483215012464734, 8.088466982010295e-05, 0.0013097559244739767, -0.00040684289657924876, -0.00029754820647800133, -0.0010619502585606688, -6.684445649415343e-05, 0.0008428622424673075, -0.0004889614544704464, 0.0012069383165872825, 0.0007208571830457846, -0.00029431805932629573, 0.0011509284591284111, -0.00046280657756328194, 0.0005440089505372666, 0.0005024067232581885, 0.0002854272677563744, -0.0004426468603250515, 0.0001989603409294702, 0.000486185318895904, 0.0011776146021705758, -0.0001224564863328918, -0.0001806806162937562, 0.00048329917823962187, -0.0016331213283695026, 5.8921081968410324e-05, -0.00014092427252384874, 0.000871721878618032, -6.142454749170956e-05, 0.0003907806693495305, -0.0006514212750737982, -6.711892891292095e-05, 0.0004573502936489078, 0.001145344116921668, 0.00048822700927066403, 0.0014336272324866363, -0.0008536572889146085, 0.0007038077880207864, 0.0007905231630547326, -0.00034100730900053116, -0.0006752993789021912, 4.764944296364673e-05, 5.3028499477145524e-05, 0.00034171508844018067, 0.00032911388664711843, -0.00010135779178679143, 9.026175058345777e-05, 0.00039036020353038414, -1.5625680981515464e-05, 0.0015204699375786347, -0.0015086410305410222, 5.83513956317587e-05, 0.001841420168420542, -0.000312156715674085, -0.000397984088050068, -5.733132417714219e-05, 0.000796269022090146, 0.0008232852538606819, -0.0004355302503967991, 0.000312929977944585, 0.0004342500440742404, 6.214354575047795e-05, 0.0005814122234183867, -0.00039956843281260525, -0.0006432058364848119, 0.0004153694725067752, 0.0004795691533020898, -0.0006474409723237262, -0.0002066427785163244, -0.0009019573679231007, 0.00014386253607864184, -0.000275239680954671, -0.0008748188159444383, -0.001011511787235364, -0.00019592912682665008, -4.994398457485845e-05, -0.000522477663750202, -0.0003754979867487516, 0.0010164835970246074, 0.00030066060786485585, -0.00014591406271052387, 0.00018654334301245162, -0.00048792597185144687, 0.0015053413088850626, 0.0003033020557288728, -0.0006929395750625318, 7.258624081238732e-05, -0.0015905160227478578, 0.000632156354203105, -0.0017814292277566236, 0.0011549254192484528, 0.0003485303848243301, 0.0007864780295690346, 0.0010665926952562771, 0.00010377826126551756, 0.0004755783924356892, 0.0001731537210687434, -0.00024181895628742024, -0.00014938411819590046, 0.00012070683873721025, -0.0008743531819979152, 0.0005333298292369642, -0.0006414341801272072, 0.00019049604017280406, -0.0009852322022935744, 0.0016998710136563067, 0.001551801663432095, -0.00024312925949883819, -0.0011075494332462568, 0.00012567283031699895, -0.0002769922907771591, -0.0011843681976813688, -0.00037525504840554976, 0.00024907649596501297, 0.00011594684274163104, 0.0007544596124402207, -0.0010088468937930093, 0.0002845577832686438, 0.0002909162315825415, 0.0005879497303442865, 0.0027333696720303596, -0.0007097125590851825, 0.00012851746112136755, -0.0004641587204241999, 0.0001067363565909534, 0.00017254888456294705, 0.0004007634723005892, -0.00020575452088957967, 0.0001858027385011006, -0.000426205717369097, 0.00048326918092945993, -0.0023826569533199715, 0.0011098572392672693, -0.0007939865911253845, 0.0005057521145546985, 0.00018105400166140308, -0.00020162420547257013, 0.00010542887203718401, 0.00046551466828377385, -0.00016921395972591195, -0.0004973248543821147, -0.0004434138455074949, 0.000741300075494648, -0.0003590409212488954, -5.661410059938111e-05, 0.0011999563821296275, -8.099896331883998e-05, 0.00038621165409636964, 0.009996277085731238, 0.004246010795629678, 0.0030305415739778426, 0.0013611889628151878, -0.000955137360493105], ""intercept"": -0.00012420800000000328}, {""block_dimensions"": {""K"": 288, ""W"": 8}, ""coefficient"": [0.0003038467821734586, 0.00023851043313145184, -0.00048022439717064627, -8.661029624085221e-05, 0.0006351927108997807, 0.0002074876783292174, -0.0005164469997673364, 0.0001375475926373043, -0.00027330718266298617, -0.0002516863046272608, 4.85591605479692e-05, 7.350770834233589e-05, 0.0012555943834634627, -0.0004991633315558766, -0.0002233049577391593, 0.0012046534451879015, -0.00031600313880413727, 3.0419276061924024e-05, -5.172067100998514e-05, 0.00021466724424677516, -0.0003579702091103208, 0.00039797244730218543, 0.00010309909115916618, -0.0008404352160900736, 0.0008512170428328485, -0.00020238816465266142, 0.0004271169606019624, 0.0003835559849413661, -6.901713646319424e-05, -0.0002078424904486402, 0.0002556594476670373, -0.0004536832030568819, 0.0005530497788110888, 0.0001541963195928853, -0.0005828174737058562, -0.0008626066949442891, 0.0006412595956535509, -0.0023484336072107067, 0.0011697091817815383, 0.0007725560611025108, -0.0010096503591103937, -0.0002663148843818924, 0.0001612428355674311, -0.0005973544507254326, 0.00015850990872040175, 0.0003069945381446339, -0.0006595237538925261, 0.0006123461926456909, 4.835398846006191e-05, 0.0007128497123620938, -0.0005389176688202749, 0.0004344647044132244, 0.0003084272980307579, 0.00019233623904105294, 0.0002616355089164558, 0.00018504587770588505, 7.246342347939703e-05, -0.0004984467093216541, 0.001056017695312601, 7.770383324212489e-05, 0.0002991769370375397, 0.0009261636527702697, -0.000337592779459676, -0.00048345548227266704, -0.000935276594483188, 0.00042894362915367094, 0.0002939460150373884, -0.00032053012757249713, -0.0004958944025786591, -0.00045508309885729855, -0.00010556875953702778, 0.00043735309578809086, -0.0005092966052328316, 0.00033046044917866483, -0.00023247800170753393, 0.00014038753981812286, 0.000262392936736238, -0.0007066285912277694, -0.00040271870395812534, -0.00028931066720474434, 7.220654297864709e-05, -4.637524457668229e-05, -3.383827576733351e-05, 0.0008214054862439931, 0.0012720008344136533, 0.0014340676302139607, 0.000472990037512949, -0.0016523428108782972, -7.855861020174526e-06, 0.0006851480155876578, 0.000317594025233882, 0.0007608449641979146, -0.0009616502616295014, 0.0010869148151378307, -0.0008544400856796362, -0.0009706023580378472, -0.0011488511880105125, 0.0005646576478454281, 7.240218848085957e-05, 0.0006978979630564367, 0.0007353201017856407, -0.0023327834113308315, 0.0005826291149766011, 0.0005939894977123624, -3.4709704127413096e-05, -9.986222907449413e-05, 0.001121471009582751, 3.2164448868046945e-05, -0.0008310075673350941, 0.001126525074299702, 0.0005453506570898134, -0.0005479552437284337, -0.0008936157714784463, 1.28279860792228e-05, -0.0009406471742216755, -0.0002718954890490866, -4.03322439125214e-05, 0.0011516810472873473, 0.0013252827874870388, 8.144029004603659e-07, -0.00012060832533995461, 0.0003756391254276598, 0.00023146419131656997, -0.0007905510925759004, 0.0006439563290082634, -0.0011328351258994298, 0.000583667436125133, -0.00044675950168491916, 0.0008330639534203027, -0.0003336898734990917, 0.00039210443908469135, 7.936346055970251e-05, -0.000517714602655225, -0.0017699716044853138, -0.0031153153666074215, -0.001044244896610743, -0.0026239804834471904, 0.0015876448032504866, -0.0007023441339497066, -0.0007880615726745133, 0.0004741679183691449, -0.0004580264920171361, 0.0007871494518071453, -1.4613925183345908e-07, -0.00034843402096789637, 0.00029100089410225737, -0.0015163396151608886, 0.000460580568043736, 0.00028351119494032415, 0.0009366924703681943, -0.0004668192168192959, 0.0015920885824275658, -0.0009434644013791631, -0.00011226004131943596, -0.0006550922850845581, 0.0002974223609123869, -0.0006697782053130146, 0.0007628954089462081, 0.00032656232866187226, 0.00014090711359460156, 0.0005839618505241827, 0.0009852386897090447, -0.00018768526364876327, 0.0005755496488880802, 2.1556078493814474e-05, -0.0016140669851856236, -0.0010850462013449536, 0.0012206659252460392, 0.0005088060587575037, 0.0005055972099817393, 0.001521188792087694, -0.0006119702047630648, 0.0006231957841509842, -0.0004887270339939655, 0.0005657687700671562, -7.761466333390485e-05, 0.0014862061122089874, -0.0001717481361409447, 0.002108370060859132, -0.0012249277569634212, 0.0010001498692369009, 0.0004007752516358298, -3.1199516280168686e-05, -0.0010121523589720902, 0.0002386677861264977, 0.00012839368926442093, 0.00040352762775421427, 0.00022825232897258566, -3.284342967347735e-05, 0.00042021491835884885, -0.00025805077211544706, 0.00024508374720287883, 0.0016595048576122395, 0.001344334138116855, -0.001154091666225472, 0.0012277111766919072, -0.0005677323823134093, -0.0002584107751240078, -0.00027181519126203704, 0.0008919490902293489, 0.00038254953289719104, -0.0009039763240668408, -4.762182036346673e-05, -0.0003623546438709662, 0.0001858977408677944, 0.00042107547615344754, -5.967285593578167e-05, -5.873971581535321e-05, -6.64205348003246e-05, 0.0007317263676472472, -0.0003298638686848867, -1.6965381403375077e-05, -0.00018714691338486545, 0.0006471916371778472, -0.00012127592104494959, -7.626148844221161e-05, 0.00032878255237492847, -0.0009595853684860354, 4.87977539048991e-05, -5.598051283254819e-06, 0.0002764904995870777, -0.0007300682063135316, -0.0007830065643931891, -4.223345511780898e-05, 0.0006816587596788793, -0.0004242530297270193, 0.0011435080996539792, 0.00028785470596284936, -0.0009165548834686393, 1.0212230542877191e-05, -0.0012970003656378832, 0.0006464800330099283, -0.0021700521376586306, 0.0009132637395232325, -0.00018964120719053287, 0.0013803548477585598, 0.0008713143570055376, -0.00022026048048443068, 0.00036518436498310614, 0.00037933551518843056, -4.90670162197589e-05, -0.0002660199254800638, 0.0002803890654856389, -0.000441703553374455, 0.0005678633247952905, 0.00022230450218890864, -0.0005703172960718449, -0.0008182580079051505, 0.0023529277079966738, 0.0007872834010149672, 8.623822936687301e-05, 0.00016633474413707363, -0.00063342270904238, 0.0005059263039069438, 0.00010636479543832695, 0.00041097356606697343, -0.0009596897853976123, -0.0005048935462375073, 0.000670441412665385, -0.0008466670880830561, 0.0011056628444306772, 0.00039609868239758755, 4.493001909575896e-05, 0.0006607037472191047, -0.00061154266235737, 0.00025721147947913714, -2.6515717312920887e-05, 1.1488714380592106e-05, -3.580202709252563e-05, -0.00028102462858219183, -1.9082623698648433e-06, 0.0004363402644474214, -0.0002043367299733143, -3.790980604990223e-05, -0.0022227359475911835, 0.0008915790556971934, -1.1943132112779091e-05, 0.0005569036110318471, 0.00020070021250229777, 0.0002743641804217839, 4.597201136678386e-05, 0.0004908800097780839, 2.115263904941099e-05, -0.001020028827671512, -0.00022177224658832072, 0.0005513237857147596, 0.00011485585282862402, -0.0005588474658181231, 0.00021963848439079592, 0.0008906242434726654, 0.002006199150809494, 0.008515054936887456, 0.00662307273823169, 0.0019009192141389566, 0.001547011539789092, -0.0003636031708109387], ""intercept"": 0.000191412}, {""block_dimensions"": {""K"": 288, ""W"": 8}, ""coefficient"": [0.00012874650957433998, 0.0005544489565110607, -0.0005783496344647506, -0.0002296275591065473, 0.0005225102143660965, 5.583584208789289e-05, -0.0011346946328982521, -0.0002879214917399779, -5.06445325822629e-05, -0.00030398939570594577, 0.00026026674228733435, -0.0002037954881430601, -0.0004688740122242801, -9.646790245111949e-05, -0.00043581378787308525, -0.00031163636665860344, -0.0007470921745045754, 0.0013834999695160615, 0.0012889982417008485, 0.00034626156289534595, -7.554166326661672e-05, -0.0002815816710735547, 0.0003030108672257988, 0.00014428631303646888, 0.0010626189279906557, -0.00010673027762048751, 0.00032954987963370864, 0.00034520963232758403, -0.00017931893429984222, -6.607198799349452e-05, 0.00022418345906912926, -0.0005435798952161796, 0.0005470963681299847, 0.00015807644566909212, -0.0007964536492509908, -0.0007451027667054703, -0.0016751263362752575, 0.0002741858216880283, 0.0013331104425770733, -0.00033612934768040265, -0.0010890905570315088, -0.0004728615757058218, -0.00015703894894570963, 0.0001525339130347509, 0.00030189972103530964, 0.0004702562912895208, -0.0005142232216747058, 0.00107295804776916, 0.0005324491507345178, 0.0002816998938771505, -0.0006801107081349827, 0.0003563321945682245, 0.0002085067472459764, 0.00017500994569827146, 0.00023996363319970374, 0.0003646496067475314, -0.00030416198048414863, -0.00022631017509601396, 0.0012766181405591145, 0.00012745842840962494, -0.00010186451931707002, 0.0007276125745795772, -9.231330698465487e-05, -0.0012853925687366756, -0.0008343029582734266, 0.0006276635966272859, 0.0001928838144255277, -0.00021279765905124023, -0.0005640353796893079, 0.0005570274679343497, -8.950229453958604e-05, -0.00043211502156595747, -0.00047212332082341294, 0.0002091367319693791, -2.6959901020651364e-06, 5.279669944072912e-05, 0.00037228119976776057, -0.0003165739507974831, -0.00018114835957316595, -0.00047576422889294935, 0.00010944111183676839, 6.16831083317445e-05, -0.00014995722882644723, 0.0007680613188430166, 0.0009621164235210696, 0.00021190708139866217, -0.00027042416138380846, 0.0008061962773245983, 0.00012338568752090674, 0.00027410328696283727, 0.0007592085501327479, -0.0006322231732666841, -0.000700330927429562, 0.0012819718736643523, 0.0002964893386575722, -0.0002792438284787308, -0.0010952952133390962, 0.0003297990312369601, 0.0002987064837117811, 0.0007508442407921104, 0.00045379624643046535, -0.0019756547198739914, 0.0009448437625927463, 0.0008773293817530279, 0.0003584390071525369, -0.0003682152463054888, 0.0018628012197709793, -0.00036609064503714204, -0.00016489255378154496, 0.0016812199822280303, 0.0006154431913666968, -0.00045667626512435394, -0.00047575428497939083, -0.00011108968873929949, -0.001117568906652378, -0.0005455114584973172, -0.0003396393332940968, 0.000919114952814649, 0.0015428438929786924, -0.00030735972136152476, -0.0006645430914783331, 5.624419296317305e-05, 0.0004441557864762967, 1.6015125623052093e-05, 0.000917166944712387, -0.0012117715759620785, 0.00034601830485627436, -0.0010287277921690154, 0.0006464013935759174, -0.00025635799670844703, 0.0002358438036972401, 0.00028599249366136227, -0.0008322472130165114, -0.0011919084714898595, -0.0030054403583438315, -0.0008284738676119751, -0.0022231818096505513, 0.001761023352136638, 0.0004539115817092162, -8.241524745580467e-05, 0.0003237387289321708, 0.0007354207193236077, -0.0005730041997106994, -0.00013766555030486052, -0.0002449077936632203, 0.00027043027796153573, -0.0007679990229947926, 0.0006330171773921902, 0.0010948598877124412, 0.00029848054256868833, -0.0004992520820046173, 0.0017153379792549898, 0.00012814861134102386, -0.0010674015618676732, -0.0007725357626303431, -0.00015695813435200113, -0.0007857576461893694, 0.0006501611221679602, 0.0004692422047051127, 0.0001936628767657993, 9.362733372134346e-05, 0.001270791598472086, 0.00012685800619792066, 0.0012851370492781757, -0.0006517097540200094, -0.000659285011094279, -0.0008238787747290392, 0.0010302684108008011, 0.00014179546633350743, 0.0009749189918143108, 0.001391210098294668, 0.00018566165381731113, -6.382264327176931e-05, -0.0006315467533532609, 0.00011031377004158178, -0.00015516851374415642, 0.0018191334931369817, -0.0018539280050400397, 0.0017299577395351214, -0.0010042539089987594, 0.0007860711075560366, 0.00036400468590335627, -0.00015147971112247397, -0.0008949030640370472, 0.0003171377724960055, -0.0001059793165883131, 0.0003799781864877968, 0.00012115334038607157, -0.00032620339055985383, -3.6651039984447074e-05, 0.00039679896394277257, 0.00023424040548212943, 0.0015663337233062498, 0.00044807416298907815, -0.0016417812292137963, 0.0015271059662170705, 0.00032923035298202205, -0.0003940816773747195, 0.0007473054495957408, 0.00030723563062009065, -7.861627968283098e-06, -0.0003278205689466728, -0.000958663926663357, -0.0008788884655820607, 7.237458310184297e-05, 0.0007458485018241818, -0.00013651782352249836, -0.0007024472172427851, -0.00030238018327135246, 0.0010320115987689235, -0.0003346876892541062, 6.775752126937324e-05, -3.494818716856307e-05, 0.0007087494918424285, -0.000394089153405245, -0.0006924368879410982, 0.0004133570867714982, -0.0004248925414184678, -0.000245886804795741, -0.00020443930038047494, -0.00025444267172784296, -0.00030795755556998024, 0.0002677456455794705, 0.0002933759500431661, -0.0006886691884252545, -0.0002111393063909727, 5.735034663760892e-05, 0.00039582382418018624, -0.0005846214537657206, -0.00019874218862596683, -0.0013776653107392873, -6.945480697986363e-05, -0.001836923312963936, 0.0015421216010723102, 6.833613514439591e-05, 0.0009918355108177268, 0.0011046379084427005, -0.00016171586588080802, 0.00033324303493550327, 0.000301745854211232, -0.00016097552960353187, -0.00015533753209251368, 0.00023325861467227938, -0.0005174814209034647, 0.0005846161195793627, 0.00022172468087200894, -0.0007356390740385324, -0.0007115662056461366, 0.0020296915698343695, 0.0013687239315416076, 0.0005739637313265893, -0.0002291894641027535, 0.0005900273826982384, 3.2858793677754442e-06, 0.0003330743058294014, 0.00017526776456445312, -0.0012047391404551493, -0.001965945828045671, 0.00041589181359721027, -0.0007138595641046243, 0.00121849752294621, -4.04650739841481e-05, 0.00014170591639900112, 0.0002891545057313155, -0.00045123429023183266, 0.0009478947818682008, -0.0004277156692701298, -0.0006074757058355927, 6.908889822059842e-05, -6.627716740434531e-05, -0.00027675529073866795, 0.000537706291637517, -8.741255570315281e-05, 1.3454657534088442e-05, -0.002175897916958899, 0.0010786329358702471, 0.00015721957161788825, 0.0005474862725413889, 0.0004535942651700669, 0.0004921783473638255, -0.0003517869523341723, 0.00040440865226150824, 0.0013051363638482034, -0.001000761960656937, -0.0005699908214084323, 0.00026255811612090513, 0.0004468227778930645, -0.0007689216007266894, 0.00018197672533754134, -0.0005098006872395854, 0.0027640586101166597, 0.007780557541967605, 0.006298118490139888, 0.0022521032649655127, 0.0008583898230876679, 0.0002976481431399799], ""intercept"": 0.00016905200000000092}]",297,0.00029313128828343035,0.0,3a604de324fb150be04724a6acbd8db7ea51b24abc931fa4a127c8ad46fb7d7a,ef77c27bfa5dc587652258d2777901eb619ac16793df790b215ea93e336b49af,False
VALIDATION_COMMON_SUPPORT,REGISTERED_JOINT_CANDIDATE,METRO_P60_JOINT_STABILITY_02af99d57acefd9e1997c6f8,J_KW,FULL_BASIS,0.0,1.0,0.101071321105131,0.10107132110513099,0.09942267836847293,0.3153136190659594,0.11866813113317383,0.001554114131485873,0.31531361906595934,0.11866813113317384,0.7150491246586522,0.0015541258089365462,"{""block_dimensions"": {""K"": 288, ""W"": 8}, ""coefficient"": [0.0003032275001892392, 0.00020188214517768082, -0.00025142778493875026, 3.925072258166012e-06, 0.00027403379111167977, -0.00012613128178420952, -0.00015373125113001337, -0.0001134631735756971, 8.626136253180238e-05, -4.6767777759221916e-05, 2.291125460232999e-05, -0.00012746566116830918, 0.00019976313208289127, -3.217926998471311e-05, -9.986453790438109e-05, 0.0002988523518795157, -0.0001071465820569288, -5.8352046440289575e-05, -4.165929459685194e-05, -0.00010655482614348413, -0.00018244452260620167, -3.401938477745781e-05, 0.00032299182638997746, 0.00028295500020218277, 0.00019700257431875534, -6.124349290088894e-05, 4.196482573638781e-05, 0.00012089736964869303, 8.036469805802704e-06, -0.00015440162378129504, 5.6954820874887104e-05, -0.00019509604473574632, 9.89461412066978e-05, 0.00011008997708975262, -0.0001608454249961294, -4.4549080447964584e-05, 0.00029538475335599086, 0.0005447738105893399, 2.2213644248003933e-05, -0.0005384879725495599, -0.0003472937588821152, 0.0005976792138804042, -0.0005336170248224657, -0.0006917376982955063, 0.0002191351839329395, 0.00016817742862402404, 4.2145807914171535e-05, 0.00033380959719114096, 0.00010853085465146075, 4.442448461275154e-05, -0.00017233578558566252, 0.00010133460841060755, 3.7911057417199837e-05, 3.3256754232874e-05, 7.58006654464195e-05, -1.9540618754706027e-05, 2.541204867894677e-05, -0.00011386500621374406, 0.00025317651797391504, -4.035097533188281e-05, -8.342207483350793e-06, 2.0193339319347622e-05, -0.0003392622955765087, 3.6610043203213424e-05, -0.0004190380575684969, 0.00032793161587309027, 0.00024244793967870325, 3.184735647044008e-05, -5.348568752584819e-05, -1.2663584809945637e-05, 0.00038532980941316866, 0.0002003718674668365, -2.2160839312545694e-05, 9.118743014654811e-05, 5.683205970516806e-05, 5.768918725059214e-05, 5.691520316750677e-05, 2.1121095938610933e-06, 4.1446024040859414e-05, -0.0002173677945948233, 2.222258744784156e-05, -0.00017191756540001107, 4.706818648766518e-05, 0.0001115021402780366, 0.00022679545611745225, 0.00022570945582640667, 0.00023764297932469294, 0.00022925373035556477, 6.134784787055653e-05, -1.7879331267889098e-07, 6.302680370974371e-05, -0.0002914048977316854, 0.000419034071076294, 0.0007130360509045159, -3.6890623961938156e-05, -5.327356585137153e-05, -0.0004134746782458581, 3.548658126700817e-05, 0.0001816630756171385, 0.00026046821773640863, 0.0006767979477460727, -0.000507131873936058, 0.00013391385460911385, 5.8687656299566785e-05, 0.0006283677611907762, 1.531724247890716e-05, 0.0008273027070942892, -1.6106134394715345e-05, 0.0001464933465565168, 0.00018051140858233177, 0.00039795806367395637, -0.0001780827738433817, -0.00034283950254003075, -0.00013059254597216352, -9.014988384668824e-05, -0.00035851721206198547, -4.736976863298789e-05, 0.0004291893640555291, 0.0005789866059519625, -1.8403196530607624e-05, -0.0002542900624653664, -9.623276522783312e-05, 0.00011583608109971286, 7.055684294532123e-05, 0.00010241861319883959, 7.096753038658095e-06, -0.0001383990807054112, -4.002581277370521e-05, 6.131733131127953e-05, 0.00011768059460666276, 0.00011594273002681754, 1.639023031894753e-05, 0.0003512691790687182, -0.0004379247546357676, -0.0015613025336053982, -7.861689403703168e-05, -0.0007887111383929117, 0.0007113902275935917, 7.811369108833707e-05, 4.4106265358173444e-05, 0.0005338376283331369, -0.0001126173171198954, -0.0002756012664683318, -0.00019787663820270072, -1.8875635052852313e-05, 5.4763488273149313e-05, -4.553675479916869e-05, 0.00021863514451845554, 5.99312530771447e-05, 3.992967655505666e-06, 1.9886343267386882e-06, 0.00018849824625810302, -0.00018926751525755883, -0.00023036509722216704, -0.00035958480163002715, 8.992991583191566e-05, -0.00021877345191791253, -3.1809746734123984e-05, 0.0001334617146394766, 7.373976567598538e-05, -5.292442935375147e-05, 0.00021750943264420384, 0.00041220828579227966, 0.0003663161190774493, -0.00019201020921957114, 3.0495409947004134e-05, 0.0002756812035120937, 0.0004703393099538094, 0.00035373300601277406, 5.105186881818078e-05, 0.00011106991922943633, -4.557114556097875e-05, 4.8733464582070035e-05, -7.723578173409802e-05, 9.950195502980737e-05, -0.00036958687336660184, 0.0002256127256585726, -0.0007337480368929986, 0.0004832791077214809, -2.770925351411882e-05, 0.00010695260885191313, 0.00016869330407564894, -2.1736570838169336e-05, 5.734163851024847e-05, 6.263553047387606e-05, -1.5271328322976745e-06, 0.00016085568449974067, 4.1328400839369124e-05, 2.4223673275953467e-05, 0.00014311851342927535, -2.5918999237397367e-06, 2.8652043029811677e-05, 0.00030567173927798186, -3.4231858546346705e-05, -0.00010905934065578406, 0.0004668010903053333, 4.833190196399022e-06, -0.00018188311170675074, 0.000674518280498493, 0.0002733619489697744, 0.00043662331878544707, -0.00022756086474371424, -0.00028014016929088037, -0.00029871331715043047, -5.425355619714445e-05, 8.511626059746002e-05, -4.88781509497043e-05, -6.820554534332224e-06, -1.7704247982379101e-06, 0.0002444018354127017, -3.257233061301822e-05, -9.738745891652374e-05, -4.2545964076813736e-05, 0.0002057947887609733, -0.00010167220868978828, -1.0930238017389195e-05, 0.0002449219330928714, -0.00017949973914481554, -4.4755433982052925e-05, 0.00010722949025600384, -2.6932085297444657e-05, -8.119706485288778e-05, 0.0003170386188639737, -2.0376975370809547e-05, 3.527969340575932e-05, -5.043003173245492e-05, -4.762183611983193e-05, -2.1405437640170383e-05, -0.0001508934046538696, 1.146195713353005e-05, -0.0006929932920918943, 0.00012211070948590393, -0.000872944561228316, 0.0003359521915580923, -4.741405439117063e-05, 9.924327204037928e-05, 0.00020908390334645001, -7.301031725565478e-05, 0.00011294118451491843, 4.1975241897963395e-05, 7.6490003467602e-06, -0.0001629068318571012, 6.501794219767928e-05, -0.0001940500548063958, 0.00011431681215305547, 0.00011208905779812375, -0.00016128865258472112, -5.126885291185276e-05, 0.0008067745145525979, 0.00022391461559181428, 0.0003256289306363087, -0.00036333935834497285, 0.00024323976748883363, -4.1662816312263054e-05, 5.260413850719545e-05, 2.2670180063210034e-05, -0.0008189488696875037, -0.0005254024974839349, 0.00013645329618264032, -0.0003705845870397042, 5.348498112895818e-05, 0.00015771230291112528, 4.618406735596851e-05, -2.731162543789075e-05, 3.2626087138111555e-05, 0.00022655134679914072, 9.83301546922387e-05, -2.6316178240785294e-05, 7.392391499431628e-05, 2.3177724867290866e-06, 0.00011378102305446517, 0.00020115088750671768, -0.00039050969805663375, -0.00020345182336572762, -0.00044802518458255525, -0.00016858270067458182, 0.00011208113172652616, 9.79214294836266e-05, -0.0001286497596872322, 0.00014295610047538546, -4.9215376048169765e-05, 0.00010751024993487402, 0.00021797611091418294, -0.00013348384843046374, 3.074465253981036e-05, 0.00012871205993666553, 7.665623101851194e-05, 7.382016142002434e-05, 4.3348454216236826e-05, 0.0005019893981824214, 0.0019101906800492751, 0.0038647544143082125, 0.003584954539193391, 0.0020598387620146094, 0.0007972692505778272, 9.67029384978638e-05], ""intercept"": 0.00017409199999999988}",297,0.00014881682796328722,0.0,80acb6e02c969d97049ac9088acb156a869dc6af2f67e607803f03031ad78c72,79b49940ecb9eb90f7ca1c12ec9bc7ade09d0dd60659d08fc30fa21ed4954efc,False
OOF_COMMON_FOLDS_1_3,REGISTERED_JOINT_CANDIDATE,METRO_P60_JOINT_STABILITY_02af99d57acefd9e1997c6f8,J_KW,FULL_BASIS,0.0,1.0,0.101071321105131,0.10079558469228875,0.10079558469228875,0.31748320379555317,0.11893337581801743,0.00165023394848951,0.31748320379555317,0.11893337581801743,0.7121088325749876,0.0016504072365378653,"[{""block_dimensions"": {""K"": 288, ""W"": 8}, ""coefficient"": [0.00019649279276795728, -5.572499638378486e-05, -0.00021689089799900308, -0.00023636535320866017, 8.875282830908231e-05, 1.0778412421887288e-05, -0.000157532865762519, 4.0085420730912024e-05, -9.675135726690964e-06, -2.3817256087726843e-06, -9.252851984761295e-05, -4.8822913770170676e-05, 0.00015852882498193312, -0.00017417009030845575, -6.567358611784239e-05, 0.0004208594838715436, -1.1502913974741672e-05, 8.391585427998315e-05, -3.938062107145363e-05, -6.869010583709605e-05, 3.131014597975664e-05, -4.087817737392553e-05, 0.00028342497294316966, 0.00020793440446494673, 0.00018893681145012797, -6.0325506406916864e-05, 1.4799270466663827e-05, 7.528178295217433e-05, -1.045310294982963e-06, -9.047879917906084e-05, -2.692272122634639e-05, -0.00019427049070572795, 6.275224467904414e-05, -0.00012950736015577522, 4.0582789587142494e-05, -0.00012963800061761784, 8.149353206743538e-06, 0.0005147617090839559, -3.7948067267159355e-05, 0.0001254711063726538, 0.0003306288857178313, -9.797369351434085e-05, -0.0003756324319923368, -0.00030865913587929574, 8.145945852695948e-05, 0.00025035410391957005, 3.478984214397365e-05, 0.0002682028418459569, 4.434473582108315e-05, 8.482994784733354e-05, -0.00013639601852061695, 3.849036100420177e-05, 4.462381621916976e-05, 1.656007813908445e-05, 3.918317738750609e-05, -3.265108347852004e-05, -3.437331726928114e-05, -5.745251857548966e-05, 0.00025504148977581134, 5.120204356132682e-05, 5.7019022876717425e-05, -7.274438278398648e-05, -0.0002016268366407178, -0.00014841127459669308, -0.00021601063994254458, 0.00029366323275766167, 8.30662917796248e-05, 9.793922026824886e-05, -0.00014268751067822633, 0.0001103577343613818, 0.00018857208255893947, 0.00019710324037352578, -8.159065340492535e-05, -4.181697527056031e-05, -8.451435985924083e-05, 1.7473410881896242e-05, 2.8568199354358218e-05, -0.000147563677259638, -3.8655040259117764e-05, -0.00016752272420960765, 5.7848862653373735e-05, -6.947493671208631e-05, -7.536808446408978e-05, -5.571480237063415e-05, 9.902155882574196e-05, 0.0007288129494344111, 0.00022623167190748486, -0.00030551023727511475, 9.349807806422089e-05, 0.00022117824157029007, 0.0002807526280391423, 0.00010671147700558622, 0.0006775653977785371, 0.00012739458517706226, -0.0002362073425011653, -0.00016857184174077694, -0.0004369664992981274, -4.0675821550205496e-05, 9.746979468665436e-05, 0.0002233111982309787, 0.00013286183479828913, -0.0002159339438464616, 0.0006367579452378551, 0.00010521625292744105, 0.0007762769692867461, 7.641115498038815e-05, 0.0007323600916244543, -6.0836291160608215e-05, -0.00023875435397007058, 8.652095786791422e-05, -0.00010559448210757387, -0.0004343378019908468, 0.0003826177965171803, -3.1490084881918e-05, -4.6595868065886056e-05, -0.00016983543701279102, 0.00019452190740107408, 0.00044054731125559883, 0.00046379233115995886, -1.2126598840201736e-05, 7.199171507780157e-05, -4.587359835025768e-05, 0.00010463486687621416, -0.0002748744654154148, -8.918410823495707e-05, -0.00015228504017065133, 0.00015096433311952108, 6.44046071141997e-05, -1.2375517622870431e-05, 1.4987965028672438e-05, 3.4707633053598374e-06, 7.185657800617707e-06, -0.0014132110725052366, -0.00063877513835252, 9.847665800786305e-05, -0.0007535940582577538, 0.0003018287816318112, 0.00018825411083177022, 0.00014736530320991128, -0.00017280035155324666, 0.0005560831712982532, -0.00022807094340237654, 0.00010577400593178763, -0.00015326765855399224, 2.1958976326371273e-05, -4.151756881121138e-05, 8.756822835334529e-06, -0.00015021045714346304, -0.00011759868344474516, 8.583216602355786e-05, 0.00024843162562069167, -0.0002227545020984855, 0.0002281080868511421, 8.282025079001138e-05, -2.4178837423386597e-05, 0.00014205719679118416, -0.00023515900723202818, 4.428825048883917e-06, 0.00011131162659014126, 8.287443080679863e-05, -7.691385039911461e-05, -8.458657828813525e-05, 0.00023530133328641544, 0.0002640463916143921, -9.551757850920186e-05, 0.00027173601374909915, 0.0003049666967823574, -0.00012074472083307848, 1.2165816823506797e-05, 8.232160246645404e-05, 0.00023880877847438868, -0.00023219486755844597, 0.00028469569109528236, -0.00039040300221169886, -9.174616221684004e-05, 0.00035551214263384055, 0.00020980499317635584, 5.8016449182566815e-05, 0.0003050055613288575, -0.00033136772262702804, 0.00012361373076674945, 0.00016632729429922724, -5.639703048275999e-05, -4.0908035528950714e-05, -1.6016197246583335e-05, -1.5544659186938967e-05, 0.00014103183982260836, 2.2176259903809174e-05, 3.14013424972702e-05, 8.104869395525668e-06, 0.00015907026390921832, -5.0524864988501086e-05, 0.0005891331120241039, -0.0003439945675962166, 4.362952492964117e-05, 0.0005107962025344738, -0.00013231606978709987, -0.0003167573499388075, 0.00019033123940031686, 0.0003597729755878852, 0.00045420108409473936, -0.00012563974601836935, -2.420976779022169e-05, -4.929967812056263e-05, -1.8332174975603203e-05, 0.0001241061399729376, -8.641268847192427e-06, -9.58208183978549e-05, 9.611731359374911e-05, 0.00015028010004251754, -0.00033652219757432063, -0.00011477847048800841, -0.0003577736880516851, 0.0001158013106162858, -0.0001127051159850889, -0.000114951466585675, -0.00038541604599531967, 9.143517226684769e-05, -3.877348793625078e-07, -0.00020909867890121146, -0.0001226753377834264, 0.000521338962031035, -0.000240779813522748, 0.0003370845132520958, 0.0002553519178035835, -2.2868805592017047e-05, 0.00044103473836428517, -2.849938523404843e-06, -2.5838263886483963e-06, 9.174994434231986e-05, -0.0004939230449229266, 0.00017781537325301864, -0.0008779371517476005, 0.00032465481357421295, -1.573508296976626e-05, 9.896391792340384e-05, 0.00019754654040122545, -6.302251535955091e-05, 1.620565016603672e-05, 6.907268743817413e-05, -2.1333991550574278e-06, -9.99771650360076e-05, -1.102033491268313e-05, -0.00019159332215068899, 7.86960241507333e-05, -0.00013059023948139, 4.704327489508584e-05, -0.00013123321965611743, 0.0005619239190653167, 0.00015925245177087735, 5.169430875786237e-05, -0.0003374068550405909, 7.326654179660354e-05, -0.0005135377941900098, -0.00020328516988100864, -0.0004959266006781259, 9.30426419629309e-05, 9.58687900776508e-05, 0.0002994818266830106, -0.0002627401239478909, 0.00023609366371477218, 0.00022712548268053837, 6.119546039733594e-05, 0.0007482954854149803, -5.1052186897859356e-05, 5.5445065544457694e-05, -8.635084549381173e-06, 4.7779769436407395e-05, 3.142105023114413e-05, 7.601599450113964e-05, -2.1258969077817572e-07, 5.433660906431364e-05, -0.00017695645308777856, 0.0001626004306737487, -0.0002915893144382869, 3.238495477392193e-05, -0.00012098273874430573, 0.00010037973263746625, 3.711242014825646e-06, -2.764178428906644e-05, -7.583225127743678e-05, 6.469626369573371e-05, -4.785570394228258e-05, -9.365927510078501e-06, -4.727579396530361e-05, 0.00012747487494365483, -7.025532791903735e-05, -1.3993194965721444e-05, 0.00038965974249792034, 0.000546468242910585, 0.0016393740895497045, 0.004443453104781175, 0.003174713277424061, 0.0018260723612706332, 0.0008677779144205727, 3.4297287400521297e-05], ""intercept"": -0.00012420800000000328}, {""block_dimensions"": {""K"": 288, ""W"": 8}, ""coefficient"": [0.0002751009429782161, 1.678853456511923e-05, -0.0001610636284711287, -0.00012403001504888438, 0.0001913553423134151, 6.8155908078897325e-06, -0.00014313303797744607, -3.1968637293542655e-05, 5.428247167114175e-05, -1.1167122318375937e-06, -2.5046362485156027e-05, -8.11898354265285e-05, 0.00015157846822201626, -8.945053569118586e-05, -7.141259699844149e-05, 0.00036280345092653486, -6.691275388156766e-05, -4.6760680411274516e-05, -6.660330041644586e-05, 0.00026202028778150096, -9.59593377839467e-05, 0.00029463797869172363, -8.604800931997446e-06, -0.0001239905879598528, 0.00014627498299052356, -6.851451952238736e-05, 2.683815200601884e-05, 0.00011620732522692247, 4.744810233689915e-05, -9.773680203240878e-05, 9.399222381343357e-06, -2.8273162934017666e-05, 7.669552808138e-05, 7.854918294080791e-05, -0.00011044468505160651, -0.00016458971302167765, 9.269974123892721e-05, -0.0009658443509076614, 0.0005873387097729137, 0.0002929584041960449, -0.00029944700471453626, -0.00032254481200189077, 0.000163152022920533, -0.00013859480281631575, -7.929677929925778e-05, 0.00010779943833901752, -0.00017780361369963699, 9.872478631294996e-05, 5.157431983345522e-05, 4.06407052008934e-05, -0.00012371535250242042, 7.479315218177728e-05, 6.771515527757765e-05, 1.151333443429902e-05, 7.89455641311435e-05, -1.0428105238037626e-06, -2.6358746768413366e-05, -8.714327327385292e-05, 0.00022108027218930808, 1.453758678507982e-05, 4.979720183637881e-05, 4.342071014036986e-05, -0.0003275275730945804, -8.933790865722928e-05, -0.00028899097381332505, 0.000296305462250659, 0.0001590280716666122, 9.083851395663403e-06, -7.869749351281478e-05, 0.00011413421838283193, 3.692406789884485e-05, 0.0003010307206189484, -0.00011827126309601816, 5.611856248595622e-05, -8.616076029206139e-05, 5.413600043434295e-05, 7.626961625294745e-05, -0.00012147069656843022, -3.062723256593645e-05, -0.00013757420590616889, 5.8865490020792125e-05, -1.1686139970622918e-05, -0.00016569379178298105, 5.523847226374e-05, 0.00024907685931300583, 0.000766322291762652, 0.00032244795218869845, -0.0004070099542886616, 3.2066233128147545e-05, 0.0001334467170376609, 0.0002293617645663779, 0.00012207911782405274, 0.000529493945185951, 0.0003216426687514388, -0.0004134099767985422, -0.00045023739396127103, -0.0004488693359404267, 2.9777702100731167e-05, 0.00010610975184582485, 0.00017406648829472205, 0.0006478157547195502, -0.00037798982495245836, -1.1026507013300975e-05, -3.7613451664179074e-05, 0.0005170590799210859, 1.480544875354552e-05, 0.0008078833737937079, -8.99317781210879e-07, -0.00011961337728400927, 5.3029827233938254e-05, 0.00040964139251579865, -0.00013145982911852544, -0.00041150774706855776, -7.217423107878945e-05, -8.076946282648021e-05, -0.00019079147777118294, 1.46384748737249e-05, 0.00040554821580434465, 0.0006192860879754679, -4.914029396923211e-07, 4.402884554386525e-05, 2.588423481281757e-06, 5.5527921940337406e-05, -0.00030501225158987227, 6.60327237694906e-05, -7.55357184546133e-05, 0.00017042739669631004, -4.737761620628359e-05, 0.00010500415008339947, -8.342955486606338e-06, 6.771079651383632e-05, 5.293848461633012e-05, 0.00018449111240673074, -0.0006010353333777711, -0.0015336503932512897, 3.8098268260405575e-05, -0.00042766059394441466, 0.0004928150997747728, 8.376543150295715e-06, -0.00022559426946399053, 0.0005082116542978805, -0.00032789558186962494, 4.365093223339728e-05, -0.00015733808273509994, -4.438767966075861e-05, 0.00015408017809845245, -0.0004986297569915586, 2.48039594719549e-05, 1.0349855919793893e-05, 8.389808062135824e-05, 2.738174263409594e-05, 0.00039889038905063567, -0.0003308920178120283, 6.889466588248131e-05, -0.0002098966791819934, 0.00022379935173094407, -0.00026311624133593017, 4.196596974089176e-05, 6.984255453468002e-05, 5.369873304828914e-05, 1.646408671573097e-05, 0.0001571439622537403, 0.0003661857907339815, 0.0002900573564545193, -0.00010485700555187979, -0.00016658840182665413, 0.00023680794862677762, 0.00042626796968221373, 0.00043351915556376613, 0.000246291138195299, 0.0003844916702631496, -0.00044710465112709195, 0.00032853992844457223, -0.0004466138850459547, 0.00014869378648959115, 0.00023618220580180402, 0.00022920995999092597, -0.0002191672961537753, 0.0005671467426390418, -0.0005002292691199042, 0.00020860939410449406, 0.00012035999758211731, 9.783903394515803e-06, -7.74269383180532e-05, 6.088407117415967e-05, 2.7921000879267944e-05, 0.00019493484294017685, 2.66775829463222e-05, 3.0113184788800035e-06, 0.00019253205745233126, 4.175540163059998e-05, 3.448038825456393e-05, 0.0006523346355130361, 0.0004402420494223129, -0.00019696097245831343, 0.0003136488141705866, -0.00026029101205650256, -0.0002027122453610094, 0.00016826910391138343, 0.00046086322804608695, 0.0003385556335526373, -0.00027478212166029875, -0.00010001560216018658, -0.00022990675208529705, -2.7106634748334715e-05, 8.180073819823406e-05, -6.282341632703887e-06, 0.0001465301681396869, 2.3427991686679296e-05, 0.00028429131830039883, -0.0002527515520531903, -5.851453850657782e-05, -6.483354512163814e-05, 0.0002794639965128864, -0.00022432797815528116, 0.0001556149032753888, -0.00018725455889438548, -0.0002771556964407045, 4.2079261434447504e-05, -0.00013173949310076418, 0.00012442618693166653, 2.916430201263298e-05, -0.00040212559906183316, 0.00019618135113678566, 0.0003142357702155074, -2.0590563223456705e-05, 0.00044150169942471694, 1.0123000210045943e-06, -2.3948407916908332e-05, 8.684079042192784e-05, -0.0005444790221244372, 0.00013211158942337886, -0.0009158184743697736, 0.0003003525485634975, -9.36682251897922e-05, 0.00014717474285260497, 0.00015981799425599853, -7.185614755649225e-05, 0.00010978405317594438, 2.463584038889776e-05, 4.617940112926645e-05, -0.0001062158463023084, 2.3805600843058155e-05, -3.2998411781296254e-05, 9.070469883065539e-05, 8.487384550897594e-05, -0.00011329866054996558, -0.00016173408614124075, 0.0007680548681970137, 7.075419240550015e-05, 0.00016887952863773662, -6.170189880415983e-05, -0.00023818040036613844, 0.00022272549561730827, -0.00022253817445335835, 0.00018966182104943985, -0.000617543738786878, -3.902938618892596e-05, 0.00024214295589506098, -0.0002033446215788819, 0.0004080050808907376, 0.00022572740990561073, 2.5634282839830277e-05, 3.553568970018771e-05, -6.188892428689995e-05, 0.0001092123704538218, 3.4995270681385386e-05, 2.079795439544097e-05, 2.148190030284322e-06, -1.4005314393779794e-05, 1.839399575691873e-05, 9.15781907077666e-05, -0.00016303490276801128, -4.5161863622027634e-05, -0.0003052951445161356, 3.4159038125608883e-06, 4.042217339918514e-05, 8.295433170960475e-05, -0.00010074433608193183, 8.101908276155201e-05, -2.7144648225723092e-05, 0.00010497174853588441, 5.022728368159118e-05, -0.0001994324527741718, 5.858265746190853e-06, 8.04820396148898e-05, 5.8380396661848726e-05, -3.2613506850123735e-05, 0.00020463601462332928, 0.0008049272073472933, 0.0020002032880152244, 0.0043664177254353585, 0.0038644939139862397, 0.001918605813949123, 0.0009183222835728478, 0.00015425462305502792], ""intercept"": 0.000191412}, {""block_dimensions"": {""K"": 288, ""W"": 8}, ""coefficient"": [0.00020641389724424783, 7.621458299750216e-05, -0.00018479766254389304, -0.00013306475716580384, 0.00017341698484209857, -5.828927036613451e-05, -0.0002355812472594974, -0.0001485261555191036, 6.201676336017147e-05, -7.629266083478108e-05, -1.8706184935506016e-05, -0.00016695221720789528, -0.00011561602295782394, -4.912723884722103e-05, -7.29607142353655e-05, -9.016657038841852e-05, -0.0001330222269020222, 0.00015712249210960254, 0.00037460030985069447, -5.0877885713599375e-05, -7.280402197010316e-05, -5.834082487259089e-05, 0.0002714438504087047, 0.0002312600933848535, 0.00018947899044629326, -2.3789474935178728e-05, 5.226302180519293e-05, 8.892063628883814e-05, 3.158903878774992e-05, -9.200334860382951e-05, 1.926750925804715e-05, -4.995638016231752e-05, 9.094697333702892e-05, 7.561943739377269e-05, -0.00011952076096193006, -0.00016395248329775363, -0.0006365328130996183, -2.9224673827652286e-05, 0.0006904061806999469, -0.0001772188397159001, -0.00026654845178171406, -0.0003581316625404894, 5.296387955973672e-05, 0.0002521552021908798, 5.583429500342817e-05, 0.00018996970028361553, -5.5956510610979575e-05, 0.00022264101387177746, 0.0001117544516517587, 2.0100660583385363e-05, -0.00013554748267261183, 6.861748531485816e-05, 5.2495416552933136e-05, 3.509583863890493e-05, 5.446870260357542e-05, 1.4906787140723798e-05, -3.233196897273409e-05, -5.4833264191226935e-05, 0.0002523497956122047, 2.990995920406516e-05, 4.5899911619481884e-05, -4.446609040758353e-06, -0.00020458722420156936, -0.00024328486937317306, -0.000301350733966306, 0.00032326636130241014, 0.00013367711961246307, 4.165060150020761e-05, -0.00010832476423092282, 0.0003091287780308407, 6.0510126038277324e-05, 0.0001270643657842551, -0.0001109752343716786, 1.5491926818902216e-06, -7.094372519929088e-05, 2.774170462685598e-05, 3.874502554303814e-05, -7.698209582452615e-05, -2.7124259218397836e-06, -0.00017156147485544366, 1.9697385191166095e-05, -0.00012042439670637687, -2.221322783075953e-05, 4.154288224753583e-05, 0.0002908586559707489, 0.0003830503528566556, 0.00018257975998621907, 0.00032476253185325537, 0.00012553941022918334, 1.637375663771409e-05, 0.0003494593912230446, -0.0002024943751848638, 0.00038207605759413613, 0.0003917078608483789, -1.1436233814492165e-05, 1.3418470583525603e-05, -0.0003979185846992463, 2.214575495966849e-05, 0.00014752714359702105, 0.0001884205171568589, 0.0005985114703093581, -0.00038647870041613524, 8.669165926367055e-05, 7.062114896723678e-05, 0.0004789426333438041, -5.86162183964576e-05, 0.0008333895330988248, -4.323206915504523e-05, -1.8001292068552414e-05, 0.00012162421890488279, 0.0004169912573921129, -0.00018417424940897847, -0.0003642934980442104, -9.257820629932591e-05, -0.000145463704685717, -0.0002158533435771777, -4.4448674078363445e-05, 0.00036422290886654386, 0.0005996323047407657, -1.1402557536657342e-05, -0.00024355808315697225, -2.6763511230906144e-05, 9.346311128016082e-05, 7.941579284265404e-05, 7.585886216087205e-05, -5.950968792378043e-05, 0.00010264538605261081, -0.00012319885824592922, 7.05266159315037e-05, 2.238066538016814e-06, 7.720219046259904e-05, 5.451089588547954e-05, 1.6986529027471166e-05, -0.0005151388996496746, -0.0014248392468259234, 4.811460316146041e-05, -0.0005482532753783199, 0.0005911911461471946, 0.00020722398946193836, -2.6762363461187693e-05, 0.00045677799536869633, -1.6250954239279487e-05, -0.00028644343686321183, -0.00026228117382673014, 1.472905546857277e-06, 8.50993013579866e-06, -0.00033476854882299133, 9.5756375493951e-05, 0.00016370006905784044, -5.198197185744488e-05, 1.9700355127684662e-05, 0.0004363491534070677, -0.00015747475357789348, -9.234377712288649e-05, -0.00025509539807817497, 7.300468451009014e-05, -0.0002204829832427784, 3.623309443543319e-05, 0.00010197265526214818, 7.311923566810037e-05, -5.676915877748587e-05, 0.00025600187958614215, 0.00034248352453265985, 0.00039434136661592646, -0.00016708570499300254, -1.891390788491792e-05, 0.00023855032604705117, 0.0004061078279171816, 0.00035306507012603726, 0.00035773989290059253, 0.0002652538103807564, -0.00016027613920128745, 5.865172250586025e-05, -0.00044361837188342163, 6.476725891643212e-05, 0.00012497273233610205, 0.0002694012507907711, -0.0005570642558739712, 0.000540681364985583, -0.0004981055861361808, 0.00014411835549091794, 0.00011896195689996916, -1.3058148611966785e-05, -4.097175077424435e-05, 4.664954308025683e-05, -1.3649121574049922e-05, 0.0001434684206214956, 1.675093551577243e-05, -8.267039710695077e-06, 2.333952938373827e-05, 0.00015134674832485676, 1.508899484351582e-05, 0.0005600819881009863, 0.0001641600396738349, -0.00031152565826332796, 0.0004513388178676501, 5.15180523826232e-06, -0.00024630483089870155, 0.0004463611494494957, 0.0002374977531029935, 0.00027014850579326106, -0.00017965808787197748, -0.0002463671421227202, -0.00037422129517912284, -4.106704671318637e-07, 0.00012443906617303318, 2.5404087040252335e-05, -9.258478144113292e-05, 3.964356619563148e-05, 0.00027403732028210144, -0.0001582018979420275, -9.304965147995485e-05, -9.602166118768843e-05, 0.00025134515047236887, -0.0001564001176127737, -8.888120762190807e-05, 0.0002747536388187493, -0.000254245129900053, -3.8062312908657524e-05, 0.00019921981585645343, -5.6738433358450346e-05, -9.673964325039782e-05, 0.00023848967250576731, -0.00014368658775242731, 7.35510876653991e-05, -3.1309705056811526e-05, -1.7893795600946732e-06, -7.065936577415654e-05, -6.4285591461563e-05, 2.179400374308588e-05, -0.0005316137886731192, 6.208755811994583e-05, -0.0008701437811299726, 0.00032205426402557257, -6.059866740726186e-05, 0.00011025467157603497, 0.0002026539991083818, -3.420275558990055e-05, 8.307620299787821e-05, 5.0059221733056e-05, 2.8915093261090592e-05, -0.00010402013073214653, 2.946427027801213e-05, -5.330793597120346e-05, 0.0001045668082768402, 8.06597197895144e-05, -0.00011940948110696898, -0.0001626787198914088, 0.0006784053720287474, 0.0002147984959563909, 0.0002738628084827138, -0.00016744345231045683, -2.949639568707417e-06, -4.0510029286807995e-05, 9.517574748119196e-05, -3.096324958761816e-05, -0.0007242217043481665, -0.000686332913001704, 0.00016536135587817162, -0.00013672458461228037, 0.00023596419940554253, 2.327132121239283e-05, -3.823383758008176e-06, -4.159748868680249e-05, -5.3095366163181e-05, 0.00018493455638912384, -4.3334896414206795e-05, -5.529823532874822e-05, 2.65669913469028e-05, 1.974861390994077e-06, -1.922098251513533e-05, 9.841576017066283e-05, -0.00020139300224018443, -8.16688359809251e-05, -0.0003548306948668409, -6.63859775530341e-05, 7.33120864641551e-05, 0.00015943857689212695, 9.766816922055074e-06, 0.00017609905699698643, -0.00011448776465212724, 0.0001342524549312728, 0.000271083889873916, -0.00016879153896858494, -1.5420971296030047e-05, 0.00010274765540233112, 0.00010654095483186697, -7.837036235271722e-05, -8.500591101261229e-07, 0.0004870545222833342, 0.0019859203457365023, 0.004164173469760297, 0.0036988297302809788, 0.001898608993253102, 0.0009049873151538711, 0.00036452105628968274], ""intercept"": 0.00016905200000000092}]",297,0.0001625253294634501,0.0,3a604de324fb150be04724a6acbd8db7ea51b24abc931fa4a127c8ad46fb7d7a,194d63131df508ed606295dd79002182914c1eee9d86fbf4f0754a74175d8b59,False
VALIDATION_COMMON_SUPPORT,REGISTERED_JOINT_CANDIDATE,METRO_P60_JOINT_STABILITY_55e87b24c901abc785b7ccd3,J_KW,FULL_BASIS,0.0,1e-05,0.10120102862390253,0.10120102862390251,0.09961354004611088,0.3156161276711171,0.12491202228153411,-0.000362602053741945,0.3156161276711171,0.12491202228153411,0.7145021045722441,-0.0003625903538742037,"{""block_dimensions"": {""K"": 288, ""W"": 8}, ""coefficient"": [-0.004030266400753057, 0.0003618656264315527, -0.006465941904851923, 0.0058869120712005205, 0.010579376254627203, -0.01806986890694319, -0.026085325160655332, 0.005845195480253344, -0.01419760685190685, -0.026062408840970542, 0.03214547812461076, 0.020125136847060018, 0.03163330122473613, -0.03128644079308011, 0.01233217508801209, 0.09930047282708959, 0.015380061498520128, 0.03790849680795743, 0.023369198114359474, -0.026484818805417656, -0.0008794016089476229, -0.008378309424316407, -0.09560478462943425, -0.05471327799871997, -0.11445969376429779, 0.15126155540270952, 0.04391364516238998, -0.06660775201421965, -0.143007364449138, 0.19517683267870214, 0.048247897795647546, -0.10062906118062592, -0.03975393152525272, -0.01847544195980655, -0.19767822445299996, 0.07708803967796393, 0.0012416939081149251, 0.0014388670081699286, -0.0010486404976786212, -0.0009528980388910813, -0.0011868913677252377, 0.0010460258391672712, -0.0021582114973196184, -0.0012778327749656605, 0.0021445579006338887, -0.004093852395031995, -0.0010326557720154914, 0.005208367783027516, 0.005991957957763658, 0.0028731008089469545, 0.10496999120218438, 0.0002464623181764199, -0.014812733930446551, -0.02154182598890084, 0.13713410608020607, 0.037514675549116236, 0.0010383535453673256, -0.015394751040440026, -0.022271859728581946, -0.03296567638597449, 0.035910921389253864, 7.291417921588268e-05, -0.0041757468189350215, -0.00013685408924188393, -0.0027929635058815128, -0.10849601004290893, 0.006499872315822727, 0.06977128381482964, -0.033850165231790096, -0.09338151697591321, 0.08724264859801903, 0.026752853742872895, -0.0014567204136404514, 0.0025560075751398987, 0.009598992674548468, 0.0003709708389175968, 0.0012504442093230162, -0.010043471048605958, -0.007307479802864529, -0.0025140399455627527, -0.011063326389797647, 0.00587531178017714, 0.012470607932207022, 0.02108287478850016, -0.001364088350414314, -0.0010666944749687353, 0.0019475656827397817, 0.001262744174433202, -0.0006586193524576122, 0.0022812894654737235, -0.00037273157016067443, -0.0017598875548878491, -0.003197098167013146, 0.0016394163439462461, 0.0016378871650554981, -0.0015883546656114637, -0.0026056112837341337, 0.004573505098573983, 0.016372791859483152, 0.0048673781118227, -0.004297414454872692, -0.021056336247036567, 0.012582678411216243, 0.012772573659397697, 0.004815785598713539, -0.006406712263946234, -0.0016716032149643454, -0.0020606006568708256, 0.006304990189447125, -0.0016910162962377386, -0.015515950301473786, -0.035136672126965106, 0.013147749721079365, -0.008666801641600594, 0.013352859842609465, -0.013731459388565086, 0.02265963154082757, 0.013776537120965432, 0.01684986343909878, -0.011123912024060429, -0.005579456570948946, -0.03526113775316893, 0.0009440085028674447, -0.023368045942752765, 0.0026238463262388584, -0.03591346681123041, -0.015615614363071056, -0.02014170644482537, 0.020512071782657258, 0.036290514027924395, 0.0026070301179065124, 0.02223477225183572, 0.0001124866238533937, -0.00043348068114636585, -0.00835160057868987, -0.0026529088011429665, -0.003957446845647118, 0.0026488568282052828, -0.0001331399552934766, 0.0005838623715351155, -0.0033322023490922866, 0.008707825984427474, -0.018971236307060317, 0.0037046215621708714, -0.006010497119362659, -0.0018743363221973314, 0.0035598454026564983, 0.003134557927040564, 0.0029557621279158778, 0.0010269485927548166, -0.0067327865768067536, 0.003541795007368257, 0.0011378654154400195, -0.003607984689089343, -0.0016812842726767951, -0.0051495629108858285, -0.004957468387514814, 0.015747930288018536, 0.03514363182165459, 0.018227049167591748, -0.0037415196646148033, 0.007341623497692914, -0.008687000510299378, 0.003862556155822911, 0.009787000641809518, -0.0002371698070825848, -0.017854745001530878, 0.00627345718570483, -0.0008730495918740799, 0.0002001090463984856, 0.0011710090885317396, -5.3305511929633394e-05, 0.0004391039232970317, 0.0009845910882511377, -0.0005266246278647019, 9.287613459502711e-05, 0.007087735675272633, -0.00023474048776858205, 0.0030380489711424514, 0.004814305243237439, 0.00582805066579979, 0.007839778934537566, 0.004981452455546717, 0.005319897958789563, 0.01760057111083905, -0.017668797837659275, -0.00011059372539514233, 0.009854792817430635, -0.016030405427861223, -0.013675456995641745, -0.025351734282534233, -0.006322527625944747, 0.0012452135724029688, -0.0006456058567759936, -0.0025715045159549707, 0.002340746131547419, 0.0011859358707730053, -0.0005427217143660289, 0.0030830373709094107, -0.0003068183198335988, -0.0013256224727730558, -0.00022093617229000805, -0.00668054197320596, -0.0010882101006308622, -0.0014158480151456715, 0.05623742559899831, -0.02302851869271176, -0.014297854150383203, -0.04732577052554297, 0.07407509127802198, 0.02277996237962819, -0.0035640066965576776, -0.021687536004932458, -0.06305205599661769, 7.167692936595168e-05, 0.013761316003805283, -0.0001852680749601131, -0.0025570478931413714, 0.0021359446991413233, -0.011562343429037125, -0.0010002768895507478, 0.0002633718343167941, 0.00282129251175267, 0.001519031814896446, -0.003269360079778519, -0.008547627385136657, 0.01066783401383777, 0.011170716668257502, 0.005269971525100602, -0.014726595445397507, 0.0008030043523976357, -0.0021978422988704885, -0.000998568084691278, 0.0034790888250363187, -0.0009804547659049557, -0.0006799134090990309, 0.12321979646896304, -0.10117018645879233, -0.034540567989572446, 0.006334453782811884, -0.09009832104427905, -0.03995145557602874, -0.2116925465369595, -0.03424246328534471, 0.13296362679492166, 0.22885944917343906, -0.03986240284578721, 0.06472653299347968, 0.008958503282662313, -0.0014217232842567505, -0.0010631580850137751, -0.0004955633464587514, 0.0016187153272169826, -0.00010834326793790811, 0.00027054415820870395, 0.00015644141034295832, -0.001228127359232642, -0.0015622178118555252, 0.0004976413415586459, -0.0016704729884754917, 0.0012989161265401566, 0.00041804530889781854, 4.4175254272248185e-05, 0.0014070592139020831, 0.004754332144552062, -0.00928009238845001, 0.0026810447468024494, -0.01813288408001617, 0.008370990519351012, -0.012322515169876525, 0.010390361475909595, 0.014506888248964886, 0.002022934635231275, -0.0007507281959889954, -0.012857910917805549, 0.008807481742865499, -0.007313850856974152, -0.0036058818789175716, -0.00013683948602704506, -0.006435369732894475, 0.0040853489274134255, -0.003778575177998282, 0.010414909912621888, -6.758188385566211e-05, 0.002865671939884299, 0.015365415548004205, -0.010324570909143663, 0.0005756306350018093, 0.0016670390773378609, -0.002698720938784318, 0.005830794730872858, 0.010315835978495592, 0.007406917212258035, 0.007867588242017286, -0.0023174646506408255, 0.0008069552600954298], ""intercept"": 0.00017409199999999988}",297,0.0004609369750671128,0.0,80acb6e02c969d97049ac9088acb156a869dc6af2f67e607803f03031ad78c72,4145c88d556ee67b68e1a8a65da4b4c74da0d9aaf3840cecfee9053e96481ec0,False
OOF_COMMON_FOLDS_1_3,REGISTERED_JOINT_CANDIDATE,METRO_P60_JOINT_STABILITY_55e87b24c901abc785b7ccd3,J_KW,FULL_BASIS,0.0,1e-05,0.10120102862390253,0.10087970543249052,0.10087970543249052,0.3176156567811016,0.12494562840209983,0.0008170434713777874,0.3176156567811016,0.12494562840209983,0.711868567902926,0.0008172169040467914,"[{""block_dimensions"": {""K"": 288, ""W"": 8}, ""coefficient"": [-0.006936043393573851, -0.008222534559627034, 0.010227506567968399, -0.0009492680196392798, 0.0013780206853936869, 0.012046759714851932, -0.047472462150017235, 0.05645930344664812, -0.006037106638200876, -0.027609785410029838, -0.03678199702288253, 0.058052367563262555, 0.007842734931372703, -0.043223861893134784, -0.06123616798978233, 0.06661281989450703, -0.0015351290602547074, -0.0031054228826002473, 0.013307740959428396, -0.018261514993310104, 0.04446827475259673, 0.0667865450536878, -0.06577780542381396, -0.010830534338853144, 0.1396117461257153, 0.13420500585400227, 0.025477631452658144, -0.08599179297978658, -0.011804371892543675, 0.2520619850337365, -0.012746878295480525, -0.12131533610936698, 0.007003802005147758, -0.16404376652162286, -0.12275328369088205, 0.040281071576722054, 0.00021791915095514315, 0.0012963911563201554, -0.0010662229339926774, 0.0004077815383061584, 0.0004634461660752807, 0.000230763705172816, -0.001267287900660204, -0.0015013569762169418, 0.0007693254728943996, 0.00040171724352920364, -0.0008816916227065234, 0.0012026139420021318, -0.009381094415751157, 0.005969732417820881, 0.08569169085743694, -0.11261441951300313, 0.0014920971550801826, -0.06435590525466231, 0.09168044298693344, 0.014570895641012804, -0.002681161824219642, -0.024206580939254096, -0.02514164771919308, 0.044157881325632496, -0.001592833419444824, 0.03120677555780895, -0.004362384095468773, 0.0003115108578021121, 0.003432789799667545, -0.03799570889927541, 0.024867634192681752, 0.04419511613229742, -0.0628991676442845, -0.017042735373707596, -0.01839042145410029, 0.03978764606138883, 0.019653784809568118, -0.004776804768919943, 0.001329104647039553, -0.016531498892461166, -0.0020696768201604234, -0.02741448476952588, -0.009585720225795794, -0.014311719476705863, 0.01229213376676197, 0.014711868116960496, 0.01416560415428274, 0.010903907746060865, 0.0017697217291089515, 0.0014554829219288771, 0.0008136098855054155, -0.0026391083231943188, -0.0018923879788510986, 0.0026304995460710175, 0.002831036182554411, 0.000596136127077311, -0.0018375679732562957, -0.0011897150694521175, -0.0009468423199017066, -0.0016636731500041652, -0.009796958694031448, -0.0009842400188530332, 0.0008346733949660399, 0.0060971814471601805, 0.009347349564390255, -0.022540694992987192, -0.0003767555930367567, 0.002137147724754521, -0.006756103249880183, 0.014791399610819872, 0.0022368829282709765, -0.002365550327341526, -0.00248847787186569, -0.006880657894478492, 0.018425712621051814, -0.00045229585387443304, -0.027300306507104057, 0.0037825119511086793, -0.028827088604689702, -0.03495362131436716, 0.008055885363524399, 0.01578204959513465, 0.0010452752918520285, 0.04640883647868207, -0.012229086225152003, -0.011074527589389623, 0.0008549151668624598, -0.0012138427365688716, -0.023441478912683465, -0.015472232223060607, 0.030096049440458236, 0.014504816379253948, 0.007870897436707741, 0.018211334668175712, 0.009071115613018176, 0.028670070760281073, -0.007163415512465645, -0.0058149734246570675, -0.001807035078464885, -0.0007843771398311035, -0.0027059590955417047, 0.0004917181024327316, 0.0016382786612948728, 0.00028202043056469014, -0.004954273631158213, 0.00018911342017123957, 0.005099929160641685, -0.0008510269131251021, -0.021540877535729988, 0.012531750892726847, -0.005205607066833293, -0.0015909534859769546, -0.0020663729748750604, -0.002584196554327336, 0.006008808588309765, 0.0005730022293441023, 0.002991677414923997, 0.0019418478250750135, -0.001286077407882324, 0.005658370527335846, 0.015142561927066155, 0.028010072877893828, -0.0056073167070866525, 0.027768786756763416, -0.0035496829243404906, -0.0017150254105140319, 0.002770195386633795, 0.00832189985987224, 0.004051248006681843, -0.005712649550206029, 5.635673974472419e-05, -0.009134894041904887, -0.0015652639195552526, -0.0011162944528103108, 0.0015065065318923473, -0.00040374314774798016, 0.0019463272390101885, -0.0002867620032366081, 0.0012349645162051414, -0.00037509323831905336, 0.0052903788894468826, -0.014308140020233355, 0.0032054046031329366, 0.009735958001295519, 0.007809499189956183, 0.015216259021340977, -0.004285270261762612, -0.010636589574848207, 0.004838733177831107, 0.000450413324713703, -0.006085864326326654, -0.0007789037267124146, -0.014144237152553184, -0.002870536304030132, -0.006511661693149723, 0.0040744777398624395, 0.002014706710642454, -0.0021001457169478677, 0.00021444765099680197, 0.0027660272280854176, -0.0009415843899636677, -1.7871457708429753e-05, 0.0002331356242731616, 0.00017447149669916104, 0.0027112235966028466, -0.0026809071817097047, 0.0033976798775032973, 0.0013766914464671614, -0.0005686136293055721, 0.04882165055307111, -0.04581347991971761, -0.05626818244161213, 0.022123309510093097, 0.025377638274389956, 0.02312805967598292, 0.013107451075856497, -0.029057576656468385, -0.020607538652284655, -0.013064588004347694, 0.04464089675931839, -0.0010309190566141029, 0.0008414495715073709, -0.00020850598200408205, -0.0016686781214283292, -0.0016954579886694274, 0.0012149454028041922, 0.0019141357330184133, -0.0016462742044061657, -0.001176929547132504, -0.01361171520189367, 0.004588571203288685, 0.009824427291250689, -6.686324865920451e-05, -0.01839179785920579, -0.008401233723288905, 0.016101310899975445, -5.340670920735781e-06, 0.0012494050211109893, 6.080716591034022e-06, 0.0015147919773161537, -0.0984001501859572, 0.016498508676718326, -0.026370560796031187, -0.031195099231313247, -0.06281676775187474, -0.054154206818120054, 0.0032012910833888525, 0.030560064932708634, 0.039549970362373045, -0.14990032024519773, 0.26853089601044067, -0.03297369076984977, 0.005754463145102384, 0.003401065494046312, -0.0023192058243040824, -0.0006561265986170645, -8.357943116161134e-05, 0.00014014525091767107, -0.0018899425484055561, -0.00026808898687523755, 0.0003945480938338208, 0.0005035983872362384, 0.0011551380891297821, -0.001348664706000849, -0.0005242361779889523, -0.0003204926969620789, 0.001613412223207508, 0.0045824226871318515, -0.013200963777560713, -0.0011964799042679761, -0.013676420069678903, 0.0025942650736340066, 0.0100012160794515, 0.01717117263935741, -0.005601082131447943, 0.0021638366639253714, -0.0003291470302946374, -0.004390014336996938, -0.008720744966366453, 0.011457595898196653, -0.029103598423905305, -0.004817996155224685, 0.0013988527730579253, -0.0078077591815488645, 0.014700688168848267, 0.007410055700416042, 0.010329983963240506, -0.002575884515130057, -0.01829237207132321, 0.008725294206771135, 0.014965965119905634, 0.0023442759340016064, -0.00038208974718593184, 0.006572947763100188, -0.006600056975931574, 0.017997146495932953, 0.0025861574820645293, 0.00950392063604587, -0.0017513048188055962, -0.0004822634412749894], ""intercept"": -0.00012420800000000328}, {""block_dimensions"": {""K"": 288, ""W"": 8}, ""coefficient"": [-0.0016778689631336263, 0.003553599193988664, -0.0032802362028807024, -0.00400932610275511, -0.015558849624282025, 0.008928171672400412, -0.02782758986580138, 0.025899625051930608, -0.037649510080453794, -0.026756443714566362, 0.03212105895589361, 0.03995040822810123, 0.010594488829707387, -0.019145950042699734, 0.012609655790916835, 0.07923593371512386, -0.00628491296164633, 0.022175357120153522, 0.0015977138406766238, -0.04748100910933263, 0.040858602000172106, -0.07619749407480336, 0.021330935154024178, -0.05267497376352186, -0.031096813350716256, 0.09182604654492653, 0.09220487394408719, -0.05265884652978574, -0.07716154267545235, 0.21066388136412179, -0.01298625611036362, 0.027501103253415506, 0.04105879358095788, -0.1444272987720407, -0.06660181611278704, -0.12322780951115161, 0.0007605789808125745, -0.0027864065482492545, 0.0016211682863029927, 0.001041326599244651, -0.0015224750846709312, -0.00025109822613641217, 0.0004171968089973853, -0.0007705037951100641, 0.0005806344306604121, -0.0004714959345049569, -0.0014249644616831751, 0.0017658102724506732, -0.006916879573502326, 0.007035603491824813, 0.009641876458734893, 0.08433834449284056, 0.012900255396193272, -0.1062896782080136, 0.06904181772448845, 0.031137991973289345, -0.008718273173251728, -0.023702656171263593, -0.001979416704256921, -0.008291705930680798, 0.043772417144183264, 0.030071289298365816, 0.0007783257145931165, 0.00015327492295695905, -0.006374422973424913, -0.09020386574154131, 0.008169663091931508, 0.07101816104416465, -0.0716754291679042, 0.002766601481048823, -0.08842469514788108, 0.09752946335399597, 0.01456343316809779, 0.0029089368976211866, 0.0035800372652509864, -0.009987975681877218, 0.003311505901024422, -0.035365333517086615, -0.012543132301411727, 0.001050601924317917, -0.009675231304196029, 0.02908911117870014, 0.0033718204742364966, 0.015158035421064794, 0.002680572076884455, 0.001305149026343007, 9.849306099480723e-05, -0.0028922034555860423, -0.0018353693213710315, 0.0021074392741328453, 0.0006327617411641349, 0.0015883934107012623, -0.0033737678439400755, 0.00039342498454767474, -0.0015670548296513912, -0.0014480563617528845, 0.005758552594840328, -0.016397118566270335, 0.0015891385625866619, 0.008382823972469632, -0.00010378751714019929, -0.026324136150755958, 0.004821789638438039, 0.008149316570234535, 0.0025315218444339426, 0.002288439967965797, -0.004474230550534819, 0.005160576964815897, -0.011697938726132154, -0.0028785918153271567, -0.02538776894419556, -0.026388634504839293, 0.005648907820817324, 0.006088068052119911, 0.03537127255986642, -0.02395305818622868, 0.007426947241638361, 0.01804198522184519, 0.021551089067983795, -0.006545634167888561, -0.025497463838944252, -0.004893264418121234, -0.013563090670455623, 0.0023131069531792292, 0.015830688581126583, -0.010803766472324283, 0.005866934878754675, 0.003231406662409316, 0.0487227512716668, 0.006678201512272623, 0.011066049475872499, 0.003717480665423237, -0.001158461919982233, -0.0023055347960070543, -0.007505086034992676, -0.0019996896448945065, -0.004186100068959797, 0.0015837480378896815, -0.0006043102068176801, -0.0001704313253676332, -0.0018469291460031668, -0.014388014854071426, 0.01749834057615212, 0.0063973769976055, -0.03303278829620335, 0.0003134886859642722, -0.00042559369728250283, 0.0014284696865323686, 0.0014734689378154311, 0.013054485725265902, -0.0056234664759359215, 0.003709122966479803, -0.000994528217290208, -0.0005877006100640008, -0.0014219877946623988, -0.0008421160098451423, 0.010291249523663894, -0.0005232949536306592, 0.0410119291607948, 0.02830065094298068, 0.0028288665188215163, 0.00816634787247126, -0.013377350160968037, -0.0020085315092445467, 0.011786958694776148, -0.0011712594191403572, -0.02185753973810057, 0.010541896415745013, -0.000723750267412327, -0.0005302980878043088, 0.002317793975266681, -0.0016781169208441714, 0.0017851951062994934, 0.00037037931208171474, 0.0017977587483422553, -0.0009982194866548682, 0.004649323900472295, -0.010481065632971263, 0.009281191936451858, -0.00742883612406762, 0.0186727429882225, 0.0002124585777593274, -5.625885423010461e-05, -0.02211583180747219, 0.00476168397659341, -0.008570892866466302, -0.014080085410435251, 0.0038489051927728217, -0.003136691733585574, -0.013498974383186101, -0.01438821093882419, -0.0064120027457699215, 0.001997760887521069, 0.001543184424799411, -0.0014038849031903654, 0.0022784208473200043, -0.0010240286211029392, 5.10669940846602e-05, -0.00022573487312749866, 3.523471992836529e-05, -0.00036814642387332204, -0.006446054019688167, 0.0012264474830764927, -0.0011876980106479832, 0.01097591249339906, 0.024983138156443797, 0.003974730623757658, -0.026258257491325643, -0.013466463571740292, 0.023847222236650905, -0.03464481655963336, 0.021793560908793717, -0.02675913035334999, -0.017437047044489413, 0.0318300892324955, 0.020797701123825993, 0.002087845226964996, -0.0002585707725804125, 0.0007348562730789761, 0.002205620322351732, -0.0007931508318554155, -0.0023141957102930794, -0.0005463398259367025, -0.0005025525385640525, -0.00045350959041385506, -0.00723791940665575, 0.0008077390815424464, 0.012448547462763885, -0.0041338424817087965, -0.014104836422793367, -0.0002015313574101987, 0.006925801524878246, -0.0023014723529147644, 0.0011828381738104975, -0.0017426715663321675, 0.00488789477474544, 0.029189408776716257, -0.014206902873805313, -0.0012745312849330118, -0.013678097810127214, -0.0238937614888665, -0.048243915831774654, -0.1014658835309301, 0.04466569052057335, -0.00013602089637231043, 0.21914582507504726, -0.08127535214846698, -0.023377675630966127, 0.01073755260379201, -0.004463373874512287, -0.0010757408979245008, 0.0015602984390693194, -0.0007036236325164534, 0.0005222248889838253, -0.00018962914444563023, 0.00040723673017399023, -0.0005469189759783989, -0.000810491282173869, 0.000913070207659829, -0.0007933275221322554, 0.0018140814527955584, -0.0005912198240179603, -0.0011897181022852293, 0.0012103733237801236, -0.011074799820918467, -0.0047687049224026555, -0.005840770918109105, 0.004333106149563642, 0.007733591481709177, 0.00032143645419695823, -0.0015816915049563542, 0.009455424245123637, 0.002901702375009286, -0.0032143411183490375, -0.011143084692463681, 0.00888277374972607, -0.01698033254409116, -0.0025841128844053926, 0.0016890530202655451, 0.002821155771578858, 0.0186437867376773, -0.0010310228304819791, -0.005532785580565503, -0.003625224816576605, -0.0029585695890268307, 0.008425189763925674, 0.02241331788214185, -0.020931427078949592, -0.0008308573700817557, 0.004478890622901898, -0.00027046311810024446, 0.012525280722422327, 0.009957056281746417, -0.0005817400704530767, 0.005888076226320337, -0.0022475393207989137], ""intercept"": 0.000191412}, {""block_dimensions"": {""K"": 288, ""W"": 8}, ""coefficient"": [-0.0047478663163015395, 0.005124381498948694, -0.00873987101528504, 0.001223842965206242, -0.025972601850451235, -0.012378569097211824, -0.05687296779865631, 0.021081464554456943, -0.03295136287739113, -0.014189872129096557, 0.02986033988375902, 0.07984149192985965, 0.022816618043697005, -0.022330538145669532, 0.003065700467712431, -0.017979973244124297, -0.028972930668117625, 0.010067512926965876, 0.08802880692685011, 0.029887386952344698, 0.015664520968464515, 0.02053754869357974, -0.09601181436702838, -0.04852973784133069, -0.1022657943055369, 0.17704323423192342, 0.059847423015063184, -0.11080374000352089, -0.07009615781165517, 0.30511698350260696, 0.01860384785107048, -0.024391230142814378, -0.029061849864681476, -0.10286691797091893, -0.20688386128639435, -0.13083381358922103, -0.002111692987897526, 0.00035490302679058017, 0.0017363211800322492, -0.0002080692606040834, -0.001672830539114033, -0.0005051405836332919, -5.3619704036510984e-05, 3.837418004145121e-05, 0.0008645642835345727, -0.0009464170408197007, -0.0011805130789280948, 0.0029243190057453385, 0.0060656545578306785, 0.006511064746155334, 0.06402871958334648, 0.03607637993970484, -0.02417164677340188, -0.09400682612017902, 0.15673336033784488, 0.04000253108664289, -0.00921129694321701, -0.018787978245106488, 0.011679641361087996, -0.01349859808464844, 0.025271256776678203, 0.03149148762110244, -0.0005346778484184326, -0.0010603346767296116, -0.0007317733963111346, -0.08999620651078542, -0.0038915322032450866, 0.06282841821354831, -0.06660236338102825, 0.10044859578709357, -0.06777279191155448, 0.0056497437796465665, -0.0006632849316302786, -0.0006211304588894605, 0.0053514203497819195, 0.0005788935730029952, 0.004142015604592236, -0.0020886784093410455, -0.009073715651084497, -0.00466372249716739, -0.006844073428579642, 0.0046812393225310065, -0.0004984230406375521, 0.015071403591854443, 0.0015968317154863364, -0.0003250182537871419, -0.0009304986918795515, 0.001029499931088834, -0.0017712397383123474, 0.001819559453518099, 0.00117777772871641, -0.0008456435606947172, -0.002708635289666278, 1.4276098654014154e-05, 0.0008965732921583877, -7.194880328331565e-05, 0.007309589221457576, -0.01684396033406742, 0.010424293459418156, 0.007298733005732138, -0.009869362241840618, -0.018388723577424156, 0.011117822079891955, 0.00503575961049181, 0.005529096249649506, -0.0052176857020407846, 0.0033753895853077744, 0.0016206055887853792, -0.004743566117861088, -0.0008311717744389172, -0.022431808987098185, -0.03781961911674365, 0.012330692660971011, 0.005197498693818202, 0.021874927803524447, -0.02188461023581818, 0.00868668655354956, 0.02200297572554961, 0.024703146279704127, -0.005592346985385783, 0.003081182326964058, -0.02505304850579494, 0.0035127685309793585, -0.019393712651532377, 0.029225428382232865, -0.023344305426518278, -0.0055123525508427446, -0.008672197160036924, 0.037709625369353045, 0.010958440917566052, 0.012246207812239345, 0.0034767808556211413, -0.0012525743419274224, -0.0005615863634509095, -0.006837353016034715, -0.001611461714450903, -0.0021806219849268625, 0.0024716993667124472, 0.0018632105746250263, 0.0014585389195889591, -0.0034060772499140235, 0.019334340989557178, -0.014000675076992488, 0.005860527615233421, -0.024836965595938565, 0.0016811007299497866, 0.0016319661380963804, 0.001385914746839867, 0.002814402204545657, 0.007433141734330026, -0.008083589774604927, 0.005045801715631553, 0.00250033281319658, -0.002363818298396993, -0.0018547539682977345, -0.004840337818849528, -0.016874372937974374, 0.003722893636195678, 0.020710710947602524, 0.03288999085500431, -0.00147859398512795, 0.008615724316774107, -0.00993483931082559, 0.0012675572946932528, 0.007005561329442206, 0.0043548989472928295, -0.020112153630999392, 0.00934806761482528, -0.0010322885496016302, 0.0005189202647104222, 0.0023804222940093755, -0.0004496729918768271, 0.0007726429870433328, -0.0002687070518091757, 0.00035975070648484745, -0.001285564833797363, 0.008797094911362253, -0.024837070046085524, 0.008763542256910827, -0.0057131215966962755, 0.011557679222622779, -0.0019272113734495097, -0.026693795497077188, -0.024557741263020166, 0.010110878269844154, -0.009920864669772834, -0.008364918524790065, -0.009284029061943979, -0.014335248333358634, -0.008573111896541304, -0.01235322667548539, 0.006305261578309456, 0.001717603306655205, 0.00021154075981425223, -0.002020702345183592, 0.002264775485313628, 0.0002786647710728214, 9.024104416208299e-06, 0.0007569514324923892, -0.00052725226015663, -0.001441143194887314, -0.004534818673363179, -0.005819572194317186, -0.0049154012625001854, 0.007083948163752426, 0.05501855046133651, -0.014284458911627633, -0.0452346299448261, -0.03881379976442534, 0.06288040356897695, 0.00033537585217888557, 0.007740657418406564, -0.009499152539337504, -0.051023471161846176, -0.003469536419168819, 0.03741224136866479, -6.07188182093271e-05, -0.0012489592431233019, 0.00042712985178266133, -0.004850083662687951, -0.00065760480160759, 0.00032839507969902797, 0.0005325417474068577, 0.0016301801014199184, -0.002618101822809704, -0.0005493147255214012, 0.011890485623383601, 0.004770674741068942, 0.01048358686553129, -0.01177789831815465, -0.004119107688936743, -0.006572187263212845, -0.00130417977886045, 0.002748242133010271, -0.001188959640695, 0.0028279751202506453, 0.10263808992396277, -0.1009275836463212, -0.0030341766732101317, 0.024114456094512432, -0.08858166835344694, -0.1268084834627659, -0.14051964488428087, 0.09331166914926406, 0.06779481608579473, 0.23597497553176913, -0.005486823588431022, 0.016024582380357304, 0.009648173431384452, 0.0005285146161510439, -0.001492961619881438, 0.000574052361208278, 0.00047299911819491413, 2.1917139054302917e-05, 0.0004486186478529051, 0.0003697619082238111, -0.00091618011579875, -0.0025289189439594963, 0.00048663934490426983, -0.0004602930603597481, 0.0018424129528647382, -0.001453023025687076, -0.0008479198701862051, 0.0007771638145232118, -0.004012377165541175, -0.0031545571483366165, -0.0011327589239173306, -0.009106902885465992, 0.0029991197250529332, 0.010172031449451458, -0.01230146046449023, 0.01468315196106586, 0.0026106154314103278, -0.001802244845565636, -0.010016905061655389, 0.009495876218733752, -0.005378252070859135, -0.0065990092268498005, 0.0015673945646118817, -0.015111544061377238, 0.01705959808493882, 0.017970949595197336, 0.014932817741899512, -0.0025019435155174624, -0.006569537487077322, -0.00262044753321051, 0.007336349874277806, -0.018208648190334884, 0.0014892114805013003, -0.0030489815542796136, 0.0058413208035581156, 0.009745848004780256, 0.009130388431058303, 0.002360399372312469, 0.001708492615655424, -4.005797295532105e-07], ""intercept"": 0.00016905200000000092}]",297,0.00046579034526432564,0.0,3a604de324fb150be04724a6acbd8db7ea51b24abc931fa4a127c8ad46fb7d7a,1327957e1c96177e17bb14e3cba45dee08a8d90cc6005a6cb402b6fc1fbef90c,False
VALIDATION_COMMON_SUPPORT,REGISTERED_JOINT_CANDIDATE,METRO_P60_JOINT_STABILITY_9e805da2ecf44c70ab8b15a3,J_K,CHANNEL_COMPRESSED,0.0,0.0,0.101124931222967,0.101124931222967,0.09946755378213896,0.31538477100541645,0.12070843509198584,0.0011034556611375645,0.31538477100541645,0.12070843509198584,0.7149205092500224,0.0011034673438586884,"{""block_dimensions"": {""K"": 32}, ""coefficient"": [0.0006603252158609447, -0.0025563041858343983, -0.0024679657000232728, -0.007592012934470432, 0.001032718079539801, 0.007136935001093563, 0.001133813136968385, 0.0018900799128824068, 0.001993825371803364, 0.001105353999404558, 0.002356103981333923, 0.0077207688428716, 0.005310688986312228, -0.00703044027308735, 0.0008956868576598612, -0.0012001786727691586, 0.0018233962998163839, -0.0038254765119629824, 0.005310893997565994, 0.00017608638184457912, 0.00413163341512739, 0.0004822218267711286, -0.0015015991403826005, -0.0029816994139987532, 0.005338474179364856, -0.0010117114200872091, 0.002035721047770579, -0.0007954965847632195, -0.004962710498259022, -0.0003683291351579034, 0.005185957576450341, 0.0033880241733946436], ""intercept"": 0.00017409199999999988}",33,0.00023987259815577808,0.0,80acb6e02c969d97049ac9088acb156a869dc6af2f67e607803f03031ad78c72,3ebbccc8b6e5a4251c28860914f76c0e8e8c335b3829e1ef9a8afba1be5dc21f,False
OOF_COMMON_FOLDS_1_3,REGISTERED_JOINT_CANDIDATE,METRO_P60_JOINT_STABILITY_9e805da2ecf44c70ab8b15a3,J_K,CHANNEL_COMPRESSED,0.0,0.0,0.101124931222967,0.10084676444844527,0.10084676444844527,0.31756379587170397,0.12113041359030981,0.001143313950540903,0.31756379587170397,0.12113041359030981,0.7119626535554064,0.0011434873265776524,"[{""block_dimensions"": {""K"": 32}, ""coefficient"": [0.003691130051851501, -0.00766415604393053, -0.0035958121132734964, -0.00768459078629715, 0.0014645093748281925, 0.0031631891559088356, -0.0007615613321709342, 0.003610286610776513, 0.0014564499527514956, -0.004200936704089125, -0.000301064488806422, 0.0068129506930932685, 0.0034763720868829008, -0.01235558286811008, 0.0004114969428428292, 0.005790397147903175, 0.003754586517611835, -0.0008449400517019413, 0.0017715805096244382, 0.0034386769406077188, 0.0055396762918292555, 0.0021100525270871403, -0.004171261954605996, -0.0014067399977926928, 0.006387589744093514, 0.0018225068601435686, 0.005404637230450423, 0.006716947180301525, -0.008595309353408744, 0.0005682615132912424, 0.005006291598048222, 0.0019936214969534616], ""intercept"": -0.00012420800000000328}, {""block_dimensions"": {""K"": 32}, ""coefficient"": [0.003207390372377998, -0.0028741177891364027, -0.0033626359562034663, -0.011527463705694513, 0.0009897810586680274, 0.006272910500452415, 2.683070458398955e-06, 0.0015581694194371492, 0.002483338996461166, -0.004075767414421423, 0.0022624261865244874, 0.006354436037009807, 0.00334798136139821, -0.014133737667682299, -0.0009690812304204974, 0.003964930204002245, 0.004184598474583105, -0.0026489388469285126, 0.00619364352755911, -0.0019462850432589453, 0.0071991386598293855, 0.002271203891851494, -0.0019877619806389, -0.0012505408023573586, 0.0069701281554826544, 0.0003365835741409796, 0.0037401448056686324, 0.006516541875668507, -0.00742362560352228, -0.0003773198419924305, 0.005996350690753524, 0.0023121883049809187], ""intercept"": 0.000191412}, {""block_dimensions"": {""K"": 32}, ""coefficient"": [0.0019526305845178177, -0.0012991144247643395, -0.0038820668884150984, -0.021814576062647063, 0.001155476947690882, 0.0034458230760526436, 0.0005629515954749479, 0.002875162165318327, 0.0012852588665803908, -0.00010099552814406687, 0.00208828875276116, 0.00722952856635906, 0.005453822247510764, -0.012223282544421649, 0.00040515789862538717, 0.001451502015615375, 0.0048290680536271415, -0.006534406343628796, 0.006476705452441677, -8.104398864622934e-05, 0.0057875579430884195, 0.0024818224109129238, -0.004237602829640908, -0.00403476979978642, 0.006375883093124002, -0.0003898957661796411, 0.003917545444369578, 0.01856295381578394, -0.0056231720223604955, -0.000680591539659687, 0.004169349685065649, 0.0035716635560181158], ""intercept"": 0.00016905200000000092}]",33,0.0002651121201952978,0.0,3a604de324fb150be04724a6acbd8db7ea51b24abc931fa4a127c8ad46fb7d7a,f7e511f10104ffcb72f21bdb483a646126d5edc6a669f8110736a90f5722fa58,False
VALIDATION_COMMON_SUPPORT,REGISTERED_JOINT_CANDIDATE,METRO_P60_JOINT_STABILITY_0c70ea5c47a75b7fb0258bce,J_K,CHANNEL_COMPRESSED,0.0,0.0001,0.10112462256637293,0.10112462256637295,0.09946751018357157,0.31538470188576295,0.12070641443345113,0.0011038934969607173,0.31538470188576295,0.12070641443345112,0.7149206342059191,0.0011039051796769561,"{""block_dimensions"": {""K"": 32}, ""coefficient"": [0.0006597367755850144, -0.0025536389557273592, -0.002464632449976051, -0.0073771331596177055, 0.001033340858637987, 0.007140701666963061, 0.0011352469929144888, 0.0018883256276458786, 0.0019931479040578375, 0.001095956829140442, 0.002354372725628739, 0.00771306439065862, 0.005301855604098133, -0.007025698416690973, 0.0008960951509423971, -0.0011966579282933496, 0.0018209282145207702, -0.0038101482175257047, 0.005306373768724203, 0.00017287454821285572, 0.0041305826392989044, 0.00048088337269937276, -0.0015007740144972396, -0.002977561998404315, 0.005338126848756863, -0.001015937532170566, 0.002032476132104625, -0.0010081653286034208, -0.004956187864577632, -0.0003672724148427949, 0.0051852340617389815, 0.003385884591501241], ""intercept"": 0.00017409199999999988}",33,0.00023978442497991155,0.0,80acb6e02c969d97049ac9088acb156a869dc6af2f67e607803f03031ad78c72,23fedf6d21eea0b9eac507b306abb11cff6265b06671e29ecb8fae5822b81c8d,False
OOF_COMMON_FOLDS_1_3,REGISTERED_JOINT_CANDIDATE,METRO_P60_JOINT_STABILITY_0c70ea5c47a75b7fb0258bce,J_K,CHANNEL_COMPRESSED,0.0,0.0001,0.10112462256637293,0.10084669011033502,0.10084669011033502,0.3175636788273102,0.12112645083902739,0.0011440502470285718,0.3175636788273102,0.12112645083902739,0.7119628658790456,0.0011442236229375347,"[{""block_dimensions"": {""K"": 32}, ""coefficient"": [0.003684552245584163, -0.0076583437193075, -0.0035937383721006866, -0.007171725039647976, 0.0014649151870778352, 0.003184876076867112, -0.0007646082743107448, 0.0036098840079571383, 0.0014548766325472742, -0.004208102691567666, -0.00030279221082588954, 0.006805670715469778, 0.0034722189475763273, -0.012344383940486531, 0.00041221964808650587, 0.005780950689918658, 0.0037539190029042676, -0.0008310525301294735, 0.0017711436107550834, 0.003432238660134375, 0.0055403500384436175, 0.0021070676154960654, -0.004172716166229, -0.0014025463004188304, 0.006389223555839562, 0.0018050346525088482, 0.005401120121689854, 0.006191667428229882, -0.008574951943417201, 0.0005689202483498613, 0.005007037293589788, 0.001992075416580549], ""intercept"": -0.00012420800000000328}, {""block_dimensions"": {""K"": 32}, ""coefficient"": [0.0031968982504285734, -0.002868167568891832, -0.0033580163595827365, -0.010839499282216284, 0.000990437096774948, 0.0062909120708471164, 1.9515135750705092e-06, 0.0015561831070545842, 0.00248107372278872, -0.0040858380354793986, 0.0022553507070473718, 0.006345519574952814, 0.003344409648186486, -0.014112110769539006, -0.0009671874237944882, 0.00395897496636557, 0.004182275675580917, -0.0026278775835642766, 0.006190239002285503, -0.001956930754697962, 0.007197420259904925, 0.0022669968701332713, -0.0019967463374362076, -0.001244350983871599, 0.006972239133322081, 0.0003200650963040013, 0.00373792818594604, 0.005823539181345607, -0.0074043136242675205, -0.00037507681515884967, 0.005996326993839523, 0.002309552136553279], ""intercept"": 0.000191412}, {""block_dimensions"": {""K"": 32}, ""coefficient"": [0.0019403139869621454, -0.0012933209711153103, -0.0038733593702587853, -0.02042628170638599, 0.001155889521240162, 0.0035480161747042877, 0.00055431749011892, 0.0028748581811573414, 0.0012824298973232934, -0.00012976416819608354, 0.0020721435561604786, 0.007219359449577409, 0.005446962056720041, -0.012204106447704413, 0.000405800908897078, 0.0014493869826772844, 0.004825296613505383, -0.00649341807646619, 0.006471085807859973, -9.238105306482485e-05, 0.00578900285371576, 0.002476933326629743, -0.004241901339404695, -0.004024690020905182, 0.006381650981804002, -0.0004197350972319211, 0.003919525946598834, 0.017104089978272244, -0.005612405756996681, -0.0006756787922073881, 0.004171355560902257, 0.003568950868396717], ""intercept"": 0.00016905200000000092}]",33,0.0002649217172265464,0.0,3a604de324fb150be04724a6acbd8db7ea51b24abc931fa4a127c8ad46fb7d7a,73e35a9bc0c172f2dd2ead246fed676c827a22b0bccfb783c33d2e00498f776e,False
VALIDATION_COMMON_SUPPORT,REGISTERED_JOINT_CANDIDATE,METRO_P60_JOINT_STABILITY_c61a56f0eebb02c31d4385b2,J_K,CHANNEL_COMPRESSED,0.0,0.001,0.10112270024251269,0.10112270024251269,0.09946709824739583,0.315384048815719,0.12068837701928493,0.001108030339647681,0.315384048815719,0.12068837701928496,0.7149218148377005,0.001108042022315292,"{""block_dimensions"": {""K"": 32}, ""coefficient"": [0.0006656528978307296, -0.002536756883448777, -0.00243421842663104, -0.006233429137119977, 0.001038222086672024, 0.007130488271441198, 0.0011482838612530957, 0.0018741165650314618, 0.0019881374153408755, 0.0010267689670643123, 0.0023456412188579893, 0.007651154374250958, 0.005216108489800484, -0.006986253118074381, 0.0009005289898328062, -0.001163530187966598, 0.0017977078181889894, -0.0036871715463126947, 0.005267389871376683, 0.0001502670154633421, 0.0041168407566951155, 0.000470728712655117, -0.0014887188468277203, -0.002946465733687179, 0.005331330934860779, -0.0010429870861293517, 0.00200293081767554, -0.0021062895502960404, -0.004900930638209864, -0.0003592482372176318, 0.005177688912708277, 0.0033683432267349617], ""intercept"": 0.00017409199999999988}",33,0.00023901717289486927,0.0,80acb6e02c969d97049ac9088acb156a869dc6af2f67e607803f03031ad78c72,33b0faeef0098b793b22e30ef96d8eb41730dc0d52a74d25722b79252c41a105,False
OOF_COMMON_FOLDS_1_3,REGISTERED_JOINT_CANDIDATE,METRO_P60_JOINT_STABILITY_c61a56f0eebb02c31d4385b2,J_K,CHANNEL_COMPRESSED,0.0,0.001,0.10112270024251269,0.10084600311442767,0.10084600311442767,0.31756259715909185,0.12109720894397312,0.0011508547336087638,0.31756259715909185,0.12109720894397312,0.7119648280687028,0.0011510281083365603,"[{""block_dimensions"": {""K"": 32}, ""coefficient"": [0.0036401530517590364, -0.0076041387477178484, -0.0035749190289221947, -0.004591141715356202, 0.0014683243087186245, 0.003259954893081028, -0.0007663425870172082, 0.003595691459424633, 0.001442839614627268, -0.0042094398830138345, -0.00029764010095984227, 0.006758111968524923, 0.0034325550760592764, -0.012259048136850227, 0.000423698034761391, 0.00569644488620712, 0.0037354036361661154, -0.0007560702804119035, 0.0017757722202011534, 0.0033806282597765532, 0.0055295753856924295, 0.0020855630885291947, -0.004168698023081004, -0.0013783184352698877, 0.006391548023790557, 0.0016735585731206858, 0.005355178678573783, 0.0035723472926303414, -0.008401407981918928, 0.0005752364880271716, 0.005004851697979272, 0.001978123025884523], ""intercept"": -0.00012420800000000328}, {""block_dimensions"": {""K"": 32}, ""coefficient"": [0.00313301619710688, -0.002834127888691967, -0.0033316629437772087, -0.007452419992400173, 0.0009953664509908162, 0.006335022092968151, 9.899946309037188e-06, 0.0015336031270678657, 0.002463933475844002, -0.004096152490476712, 0.002227947995921014, 0.006290801524458133, 0.003301698367220136, -0.013946142156421164, -0.0009491787200803757, 0.003911442577846379, 0.004156205238344805, -0.002502810419771148, 0.006165088131939109, -0.0020256337666448606, 0.007165815555007514, 0.002239409036817763, -0.0020445766164068437, -0.0012118399570941166, 0.0069757543581619, 0.0002024455656679911, 0.0037044438408906557, 0.002453278826466298, -0.007248617262194686, -0.00036113427815363526, 0.005989342711795622, 0.0022889671692882005], ""intercept"": 0.000191412}, {""block_dimensions"": {""K"": 32}, ""coefficient"": [0.0018816987531290544, -0.0012649758360820324, -0.0038149099662886884, -0.0133335461469605, 0.001159265400671242, 0.004038536144253241, 0.0005171843672977231, 0.0028619867143141963, 0.0012658176254569176, -0.00028787674767392907, 0.001993991503422096, 0.0071509885594891135, 0.005360347713898514, -0.01206979761047924, 0.00041295349276365294, 0.0014353245151925767, 0.004793165829667649, -0.006226415098944053, 0.006432188896754276, -0.00015903080514489862, 0.0057795042570866215, 0.0024463886557688137, -0.004244214561461048, -0.003962562842693358, 0.0064046297219814766, -0.0005773389304497303, 0.003908442804454156, 0.009679128585364924, -0.00553662080404072, -0.0006464998480888705, 0.004177815874647059, 0.0035469090380945653], ""intercept"": 0.00016905200000000092}]",33,0.0002635372641239585,0.0,3a604de324fb150be04724a6acbd8db7ea51b24abc931fa4a127c8ad46fb7d7a,44268b0783e4a8b082989a7da1c221bf31ddbec70a08861c1c1a04607e78cca1,False
VALIDATION_COMMON_SUPPORT,REGISTERED_JOINT_CANDIDATE,METRO_P60_JOINT_STABILITY_9564ac9f6282bcb9f4a567a8,J_K,CHANNEL_COMPRESSED,0.0,0.01,0.10111440169542503,0.10111440169542502,0.09946323624289871,0.3153779260552309,0.12052426400867489,0.0011468142726963615,0.31537792605523096,0.12052426400867489,0.7149328835554225,0.0011468259549103355,"{""block_dimensions"": {""K"": 32}, ""coefficient"": [0.0008055051678225904, -0.0024540038512484317, -0.0021595444556814264, -0.004399590766304742, 0.0010732563502731246, 0.006560645887282438, 0.0012721446457709205, 0.001764794004902906, 0.0019529884034535198, 0.0006256887769701211, 0.0023344045059069444, 0.0071666089702885245, 0.00445421185477241, -0.006643449387658887, 0.0009514834980118179, -0.0008680307055112972, 0.0015792604822529234, -0.002817921096862853, 0.0049308082580569665, 5.473105600043525e-06, 0.003940009857934411, 0.00039809750762354555, -0.0013454998396022172, -0.0027353847292213886, 0.0052244148054524054, -0.0011505723480868574, 0.0017303766801223582, -0.003239356685334422, -0.004445805154003198, -0.00030118644101047917, 0.00509142003190261, 0.003225001931131134], ""intercept"": 0.00017409199999999988}",33,0.0002323282149673067,0.0,80acb6e02c969d97049ac9088acb156a869dc6af2f67e607803f03031ad78c72,ee62b6403d601a797c63cd98d5165452db540c0102d07ba342e1f263764a984e,False
OOF_COMMON_FOLDS_1_3,REGISTERED_JOINT_CANDIDATE,METRO_P60_JOINT_STABILITY_9564ac9f6282bcb9f4a567a8,J_K,CHANNEL_COMPRESSED,0.0,0.01,0.10111440169542503,0.10083916966311347,0.10083916966311347,0.3175518377574179,0.12087093642068886,0.001218538001101832,0.3175518377574179,0.12087093642068886,0.7119843456922414,0.0012187113640815816,"[{""block_dimensions"": {""K"": 32}, ""coefficient"": [0.0033862503620124213, -0.007083544116768455, -0.0033799414744601994, -0.0012803245807975904, 0.001496225181407219, 0.0028198026313108536, -0.0005296978129877297, 0.0033659722456935446, 0.0013588029616263546, -0.003653152074241791, -6.678739968665067e-05, 0.006476119722631383, 0.0030668217137332842, -0.0115962912772397, 0.0005759069273045187, 0.004976770988987033, 0.003440042734568121, -0.0005537422369286886, 0.0018761313220243343, 0.0029690227106921193, 0.005246908395051349, 0.0019448053708498723, -0.003929914051359825, -0.001296409086637637, 0.006283279457413664, 0.0008926913281143018, 0.004802488572703625, 0.0005765915326699272, -0.007109184025826166, 0.0006307498233917141, 0.0048919808176765495, 0.001853795652075872], ""intercept"": -0.00012420800000000328}, {""block_dimensions"": {""K"": 32}, ""coefficient"": [0.002850788939442666, -0.0027175287035920985, -0.0032063911335211003, -0.0031906687737605285, 0.001031268800587802, 0.0056641286372117895, 0.00021790121538581864, 0.0013010244137831232, 0.002343196792256728, -0.003507734985674631, 0.002298877728179196, 0.00601165342186839, 0.002853597917339245, -0.012711078289391352, -0.0007742073705421551, 0.0035485821590136133, 0.003869043331571594, -0.001986464883552984, 0.00597572196164518, -0.0023661699506710683, 0.006715540621821706, 0.002088033543317768, -0.0021119640864934613, -0.00113259977575694, 0.006852413823547416, -0.00042469993820435736, 0.003278324694563056, -0.0011080668022467165, -0.0061704946047142885, -0.0002970647449505064, 0.005855143235867434, 0.002132571588865828], ""intercept"": 0.000191412}, {""block_dimensions"": {""K"": 32}, ""coefficient"": [0.001839723389625735, -0.0012506128040132476, -0.0034839131129519433, -0.0042505022004053, 0.0011857726373242377, 0.004119665126537721, 0.0005978213436014056, 0.0026448044866347335, 0.0012046617456700373, -0.0006387729494766832, 0.0019629155007882563, 0.006759605136195158, 0.004436452853325599, -0.01122007287000249, 0.000494886675761452, 0.0013557263273974614, 0.004514745548056353, -0.004950451090730808, 0.006187798472779266, -0.0004038142994372711, 0.005455562892125276, 0.002302107044691102, -0.003907945015498058, -0.0036932705864722646, 0.006311047373364694, -0.000865319404428814, 0.0035122949724026107, 0.0006656049933445544, -0.005060270365018179, -0.0005358245302296598, 0.0041115516390122595, 0.0033692510892920926], ""intercept"": 0.00016905200000000092}]",33,0.0002533412842345134,0.0,3a604de324fb150be04724a6acbd8db7ea51b24abc931fa4a127c8ad46fb7d7a,49c8d418003649badf582c5c462bc3bfe12a557790c6b098c89653d7cf94657e,False
VALIDATION_COMMON_SUPPORT,REGISTERED_JOINT_CANDIDATE,METRO_P60_JOINT_STABILITY_770e443ed4258b3c10b94907,J_K,CHANNEL_COMPRESSED,0.0,0.1,0.10108664740072004,0.10108664740072007,0.0994475416798647,0.3153530429215242,0.11963423739267781,0.0013044259177348305,0.3153530429215242,0.11963423739267783,0.7149778650379979,0.0013044375981056122,"{""block_dimensions"": {""K"": 32}, ""coefficient"": [0.0009892702442711129, -0.001964732284897322, -0.0008098199677043752, -0.002102136437948476, 0.0011776413085554725, 0.003535525879759255, 0.0018665656420379585, 0.001283270942258022, 0.0017450197140725695, -7.641082001817844e-05, 0.0021209201133283256, 0.004791774938633519, 0.0022214919198695216, -0.004461017474541549, 0.001281189279407555, 6.074082400349193e-05, 0.0005750957332389072, -0.0003686923390813616, 0.0031944357207954865, -0.0007090116798689818, 0.002802581652265338, 6.282005100626457e-05, -0.0007771020992643655, -0.0018150842193610758, 0.004412536503965795, -0.0010857992341508846, 0.0005515298289251857, -0.0018077265676042825, -0.002503965418120489, 2.3908465281566194e-05, 0.0043884553017726705, 0.002379292328145812], ""intercept"": 0.00017409199999999988}",33,0.00019860191526450776,0.0,80acb6e02c969d97049ac9088acb156a869dc6af2f67e607803f03031ad78c72,88966e5df5f7e3b1a495bb4259f18725402f5ce5f00d5b582c26e06c5d59df3d,False
OOF_COMMON_FOLDS_1_3,REGISTERED_JOINT_CANDIDATE,METRO_P60_JOINT_STABILITY_770e443ed4258b3c10b94907,J_K,CHANNEL_COMPRESSED,0.0,0.1,0.10108664740072004,0.10081208924822457,0.10081208924822457,0.31750919553333345,0.11973084571453994,0.0014867613161552162,0.31750919553333345,0.11973084571453994,0.7120616924557979,0.0014869346325783184,"[{""block_dimensions"": {""K"": 32}, ""coefficient"": [0.0022395326694927397, -0.004403567752705529, -0.0018758409200567787, 5.0384896153496466e-05, 0.0015820131550111896, 0.001054492323041228, 0.0007130237030893517, 0.002172557622678933, 0.001105931356186112, -0.0014621395895145334, 0.0007565189861145497, 0.0046761044646298905, 0.0017738979297164698, -0.007526006572771181, 0.0012801557463218815, 0.002421084229273641, 0.0017926213775535434, 0.0001269888923929255, 0.0017679602182992128, 0.0010018993030875792, 0.0032831274089741456, 0.0012733723182816682, -0.002213821292634746, -0.0010416493726893912, 0.005352721223580289, -0.0004541018821091616, 0.0022551631953141773, 0.00031601986727709537, -0.0034499388968003268, 0.0007882957311492161, 0.0040572089864332524, 0.001272588850574565], ""intercept"": -0.00012420800000000328}, {""block_dimensions"": {""K"": 32}, ""coefficient"": [0.0018134509347612921, -0.002428440632491967, -0.0019391664744440684, -0.0008679106407075213, 0.0011865122896664094, 0.002630575107364392, 0.0012201891317576486, 0.0004899676901487045, 0.0018490173066799652, -0.0013671283038250227, 0.0023575114680991906, 0.00437112290268533, 0.0014851399454543744, -0.007067730849472406, 0.0002073577534254899, 0.0021236678092102046, 0.002270401151622383, -0.0003934555780400632, 0.004579076993372922, -0.0029592284365410958, 0.004161012500330021, 0.001393103170266537, -0.0013694886148388145, -0.0008644518177350921, 0.0057769914223257494, -0.0011693065649463976, 0.0013860212510034054, -0.0005919708804062543, -0.003070410819616764, -5.5076565900494893e-05, 0.004836169674509266, 0.0013500390900741774], ""intercept"": 0.000191412}, {""block_dimensions"": {""K"": 32}, ""coefficient"": [0.0013817683271579687, -0.0013384167379658263, -0.0017313868957070384, -0.0010300973775048267, 0.001265507932184561, 0.0019130524203913811, 0.0012925734601768452, 0.0015876911115882012, 0.00098436020596018, -0.0006952823422740567, 0.0020070911896179215, 0.004750242362916665, 0.0018324532302606059, -0.006839374017971916, 0.0009542130738049708, 0.0009953513673057013, 0.002929015801155747, -0.0014901595777222607, 0.004650513613986998, -0.0012024014379413731, 0.0034716338977090555, 0.00156381462516996, -0.0021606386746474892, -0.002537302245876347, 0.0053455920760096115, -0.0010590408683580355, 0.0015391427982004613, -0.00039146849745760133, -0.0029631682609731163, -9.72451004660482e-05, 0.0034630547114360196, 0.002407416668540957], ""intercept"": 0.00016905200000000092}]",33,0.00020563985257986906,0.0,3a604de324fb150be04724a6acbd8db7ea51b24abc931fa4a127c8ad46fb7d7a,9102c362744752511af75b3c690e9b44a4ac71f9860d4cd0d2c5d0de30b2d7c6,False
VALIDATION_COMMON_SUPPORT,REGISTERED_JOINT_CANDIDATE,METRO_P60_JOINT_STABILITY_0435f87988da08bc3bc39009,J_K,CHANNEL_COMPRESSED,0.0,1.0,0.10107684259965685,0.10107684259965682,0.09944331377583134,0.31534633940452095,0.11778490104230789,0.0013468843734639746,0.31534633940452095,0.11778490104230793,0.7149899824439554,0.0013468960533380425,"{""block_dimensions"": {""K"": 32}, ""coefficient"": [0.0006706208001626199, -0.0007467022709518489, 0.0007075069523504097, 0.00010902108568739816, 0.0008690886495498928, 0.001014810533613072, 0.0016075412501220692, 0.0005879606858498, 0.0011394842369631753, 0.0001825235395444037, 0.0012215885787844616, 0.0019353623772875466, 0.0008699540481242741, -0.0010613911997548436, 0.0012815303821328864, 0.0003164984108217989, -6.072861087873549e-05, 0.00047308665816324385, 0.0009073240817698377, -0.0006262929317157032, 0.0008409846433346434, 1.8722721837399262e-05, -6.658543595341481e-06, -0.0005061440687740358, 0.0020761996349119077, -0.00014859687544659304, 0.00012009629437991943, 0.00014772740654532548, -0.00042165528611129573, 0.0003756519536140658, 0.002159401506607234, 0.000853934919162803], ""intercept"": 0.00017409199999999988}",33,0.0001329886962296448,0.0,80acb6e02c969d97049ac9088acb156a869dc6af2f67e607803f03031ad78c72,233b64596f7014cb8f4ddb6520cc4af999e6c2588609c0ace2c98395d817f164,False
OOF_COMMON_FOLDS_1_3,REGISTERED_JOINT_CANDIDATE,METRO_P60_JOINT_STABILITY_0435f87988da08bc3bc39009,J_K,CHANNEL_COMPRESSED,0.0,1.0,0.10107684259965685,0.10080746229695704,0.10080746229695704,0.31750190912332643,0.11773215719947194,0.0015325898683639094,0.31750190912332643,0.11773215719947194,0.7120749078997688,0.0015327631768322636,"[{""block_dimensions"": {""K"": 32}, ""coefficient"": [0.0008951758943898493, -0.0011353133242788288, 0.0003922956953211179, 0.0005406821117974615, 0.001020035636317874, 0.0005361479345516996, 0.0011863931006745015, 0.0007105524353984392, 0.000920890272563652, 5.092440511907675e-05, 0.0008328860498807525, 0.0018937781139871004, 0.0008143064751512229, -0.0016867182271628695, 0.0012392798604000093, 0.0006747520919487571, 0.00021004127041285287, 0.0004887230295036384, 0.0007004150608827166, -0.00025296098768880085, 0.0007027194647203051, 0.000450780306351065, -0.00022001455851789365, -0.00041630583647957095, 0.0025100803834930637, -0.00011710044548324556, 0.00043575026023248947, 0.0005536059532472025, -0.0006284060528378321, 0.0006268679555091963, 0.0019412412603848634, 0.0006075432988947269], ""intercept"": -0.00012420800000000328}, {""block_dimensions"": {""K"": 32}, ""coefficient"": [0.0008014068289245839, -0.0010593574571761389, 0.00037817931980691156, 0.0003497480343339466, 0.0008961282648083411, 0.0008051642560545012, 0.00138164976809667, 0.000163531498219248, 0.0011405492503561217, 7.217492978790433e-05, 0.0014098629232431933, 0.0019030732093029544, 0.0007315588933814501, -0.0014128314532515362, 0.0010176545298025924, 0.0007862921767669808, 0.00036397343197759494, 0.0004040691626406813, 0.0015282066840240755, -0.0012627779480361568, 0.0010098150891292798, 0.0004914997724659129, -3.5179473537048986e-05, -0.000344840629172349, 0.0026476872144576757, -0.00015389131346417448, 0.0003186782187392404, 0.0003665106388227094, -0.00047657331863791926, 0.0002690431036623214, 0.0021909325153527805, 0.00046953731826690324], ""intercept"": 0.000191412}, {""block_dimensions"": {""K"": 32}, ""coefficient"": [0.0006482417495098543, -0.0007030879852243679, 0.0005313397652027998, 0.00031081047760521174, 0.0008744127443612999, 0.0006607550752381083, 0.001374095597493651, 0.0005327492365999779, 0.0007248398526487147, 6.912220696199324e-05, 0.00119342016731038, 0.0019396099918901504, 0.0006732591974087232, -0.001430618884271925, 0.0010031507494218416, 0.000520593517726714, 0.0006491860900295588, 0.00019638467314840173, 0.0015351660895357, -0.0007851223661872053, 0.0008866782085221946, 0.0005157383615529589, -0.00022938618389123648, -0.0006837130603483133, 0.0025401302290808257, -0.000214123533739705, 0.0003238701404117089, 0.0003743922491058155, -0.0005477199481192772, 0.0003482396307415546, 0.0016336280062488734, 0.000887062894295726], ""intercept"": 0.00016905200000000092}]",33,0.00013219279230760974,0.0,3a604de324fb150be04724a6acbd8db7ea51b24abc931fa4a127c8ad46fb7d7a,fbb586948a4f6a928c736e4998ba68d863d3376305643eada5c7b7b7c3a606d6,False
VALIDATION_COMMON_SUPPORT,REGISTERED_JOINT_CANDIDATE,METRO_P60_JOINT_STABILITY_c780843cf9ea9ec81e5116f1,J_K,CHANNEL_COMPRESSED,0.0,1e-05,0.10112489890365277,0.10112489890365275,0.09946754945617638,0.31538476414718636,0.1207082327602,0.0011034991043402664,0.31538476414718636,0.12070823276019997,0.7149205216484695,0.0011035107870607241,"{""block_dimensions"": {""K"": 32}, ""coefficient"": [0.0006602466623452741, -0.002556025535203386, -0.002467633426353891, -0.007569177703697949, 0.0010327815443062188, 0.007137387503804251, 0.0011339562347848677, 0.0018899019223458857, 0.001993755786712839, 0.0011043891374200936, 0.002355919108056163, 0.007719986138902036, 0.005309818062286401, -0.0070299606714618705, 0.0008957263695924392, -0.0011998295758552254, 0.001823151457756102, -0.003823919968553756, 0.00531043938685767, 0.00017575448394489598, 0.004131535760422468, 0.0004820848091882929, -0.0015015248826463204, -0.0029812754500530576, 0.0053384457556448555, -0.0010121524716307651, 0.0020353973750130865, -0.0008181550935406673, -0.00496205287320773, -0.0003682209675354357, 0.005185887000341076, 0.00338780739950183], ""intercept"": 0.00017409199999999988}",33,0.00023986373809933796,0.0,80acb6e02c969d97049ac9088acb156a869dc6af2f67e607803f03031ad78c72,b187872e93c35829c839254b6274ec203fa8587c0d738cded07e978a3887b41a,False
OOF_COMMON_FOLDS_1_3,REGISTERED_JOINT_CANDIDATE,METRO_P60_JOINT_STABILITY_c780843cf9ea9ec81e5116f1,J_K,CHANNEL_COMPRESSED,0.0,1e-05,0.10112489890365277,0.10084675699381901,0.10084675699381901,0.3175637841344932,0.12113000449379116,0.001143387786358252,0.3175637841344932,0.12113000449379116,0.7119626748472225,0.001143561162382234,"[{""block_dimensions"": {""K"": 32}, ""coefficient"": [0.0036904461701716346, -0.007663578586233303, -0.003595604926866054, -0.007629674577079942, 0.0014645503529267924, 0.0031655735745822577, -0.0007619121414991377, 0.0036102655123121372, 0.0014562889694587947, -0.004201767385490612, -0.0003012747268070841, 0.0068121905500941006, 0.0034759614087815924, -0.012354435536775147, 0.0004115601622876502, 0.0057894528652495435, 0.003754542357839342, -0.0008434619780191654, 0.001771521109319458, 0.003438022143823703, 0.005539773782580183, 0.0021097446405269993, -0.004171437673028547, -0.0014062966502915457, 0.00638777525497266, 0.0018207167169131796, 0.005404311654097507, 0.006660658219442838, -0.008593260396564406, 0.000568326559273945, 0.005006382107929116, 0.0019934671258321885], ""intercept"": -0.00012420800000000328}, {""block_dimensions"": {""K"": 32}, ""coefficient"": [0.0032062858386043913, -0.002873487339485817, -0.0033621459391347665, -0.011453551119559088, 0.0009898484082254732, 0.0062749272065912975, 2.5831461112724875e-06, 0.0015579798625518276, 0.0024831067305217413, -0.0040769228651467435, 0.0022616520133538895, 0.006353497739098004, 0.0033476444619050176, -0.014131523927733222, -0.0009688937790086671, 0.0039643241355951445, 0.004184375928555331, -0.0026467156054356725, 0.006193293103933778, -0.0019473984366989816, 0.007198996619585521, 0.002270764628295009, -0.001988719845199019, -0.0012498795015958065, 0.0069703675452205335, 0.00033487797596902356, 0.003739948375814989, 0.006442010703641939, -0.007421665064580395, -0.0003770842623364795, 0.005996360750408857, 0.0023119191440146175], ""intercept"": 0.000191412}, {""block_dimensions"": {""K"": 32}, ""coefficient"": [0.0019513067737699913, -0.0012984933567126448, -0.0038811615102813963, -0.021666283522677916, 0.0011555187627213738, 0.0034567951910310615, 0.000562016992100738, 0.0028751497974028573, 0.0012849605001331484, -0.00010404810495150428, 0.0020865564065889303, 0.007228471367143642, 0.005453182289096272, -0.012221298391258427, 0.00040521976147167604, 0.0014512818270940352, 0.004828687953699812, -0.0065301314786225355, 0.006476123130198336, -8.223953475154985e-05, 0.005787742130703831, 0.0024813099914277434, -0.004238097008715965, -0.0040337119907790115, 0.006376510643123944, -0.0003930739162109497, 0.003917794569355457, 0.01840707295694129, -0.005622058750603149, -0.0006800740149943069, 0.004169570594582828, 0.0035713882865911085], ""intercept"": 0.00016905200000000092}]",33,0.00026509241336583524,0.0,3a604de324fb150be04724a6acbd8db7ea51b24abc931fa4a127c8ad46fb7d7a,09b8b2787dceacbd7143f4032504dde311fb36f5c7a48fb44c9241ea653b29e5,False
VALIDATION_COMMON_SUPPORT,REGISTERED_JOINT_CANDIDATE,METRO_P60_JOINT_STABILITY_a8d917384d9acbda02276a0f,J_K,FULL_BASIS,0.0,0.0,0.1011919912091103,0.1011919912091103,0.09957832138341191,0.31556032922947064,0.12421608947408563,-8.920887084373774e-06,0.31556032922947064,0.1242160894740856,0.7146030432004233,-8.909191353323465e-06,"{""block_dimensions"": {""K"": 288}, ""coefficient"": [-0.004320864507120349, 0.004492954231880892, -0.008517659980540736, 0.002848655533125431, 0.005578783292491308, -0.005312472319307829, -0.022829843193216806, 0.004502355594060884, -0.0003659904477766484, -0.03177817286507592, 0.027113566660814693, 0.007735929823884088, 0.034369093437807786, -0.027336596841073802, 0.010817557551906316, 0.1182735892283096, 0.0021258125086251146, 0.04087683979946034, 0.036704630628682434, -0.02404557756368649, -0.003979709778356974, -0.019517892266542342, -0.11969764285433351, -0.05762532771515382, -0.45768501971978726, 0.4496651412896916, 0.30601102974689204, -0.1565899067863888, -0.22186026838513911, 0.4853004150240246, 0.47470466145620516, -0.09707464810630287, -0.2004050381880885, -0.43869205786770626, -0.33534545907440183, 0.04396782290754315, 0.0011426946412152375, 0.001622826827320895, -0.0008246661528932732, -0.001389011271833986, -0.0010666099047890087, 0.0012894860798133322, -0.002347021601932785, -0.0015908116985132042, 0.0018751003878232232, -0.0034928994784569137, -0.001097836774862872, 0.0051672464920754025, 0.013176286458354707, 0.004429599410668174, 0.15404101539222634, -0.015682510548633163, -0.006303745385897058, -0.07504153175207903, 0.33543893305483635, 0.026994262617188163, -0.00403191696199434, -0.02575387782570409, -0.08997270728644594, -0.03968886353792087, 0.04588442358129194, 0.004862540498572665, -0.004201602152129118, 0.0005480027158179307, -0.00514809755126408, -0.11556885876560181, 0.009560598092614883, 0.06748293254711789, -0.047331730902800156, -0.10156877007949473, 0.09724257329766554, 0.0327459479174287, 0.0029477763908085223, -0.0009889396325474796, 0.008334684461962104, 0.004947627054016295, 0.007696025956126633, -0.017312179504100928, -0.0037811378277070344, -0.0009774523184207494, -0.01912414880209112, 0.0034168284784177514, 0.016546934190387937, 0.016027086783018573, -0.0016081164516784634, -0.0011862357379784521, 0.0015251553304561128, 0.0014251565629572836, -0.0007852972389246039, 0.0027870206556820515, -2.3153926253081068e-05, -0.00179143529598871, -0.002231028223426315, 0.002046211147660381, 0.0005465693633055087, -0.0033111496177428276, -0.00665417520004319, -0.011348828756505069, 0.022008747364794204, 0.017532651813863886, -0.009425324513374465, -0.012187468712492199, 0.006611381947812346, -0.002321938057893819, 0.007128391607435229, -0.007422646467715542, 0.011960153151888723, -0.0002357478135064174, 0.00893798698403344, -0.002779062363411013, -0.009160586935193437, -0.0425503691200403, -0.0053385869517333885, 0.004346204275122158, 0.013415775288439067, -0.025747596187547815, 0.027456787525481644, 0.02296481985167255, 0.029820979889575577, -0.02036824624466551, -0.035058097580593646, -0.045480548053941444, 0.007109137155704648, 0.007988212485587941, -0.005349876801583611, -0.01442046099022375, 0.0018260953146002157, -0.010104511561012157, 0.01797486980433621, 0.011306899026909263, -0.0013509855522693044, 0.012639421793100401, 0.0013661974683813324, -0.004898818539449113, -0.013498363805956988, -0.0015816864786575091, -0.004285523178134137, -0.0016069087095108281, -0.0010092361753903344, -1.924561539914615e-05, -0.005708738999384654, 0.009040266529320148, -0.01454379672855356, 0.0019931212684881484, -0.008720157461790083, -0.002284065318729132, 0.0030986138839808487, 0.0034865871228353562, 0.002748002478671772, 4.313971820931446e-05, -0.0054347865711747365, 0.0027157401470094206, 0.000606082284971588, -0.0033379718622392335, -0.0016273696226230937, -0.0051253849003805195, 0.013607749663437129, 0.021580135685553975, 0.04674022245466127, -0.005514978711393333, -0.014038486140921763, 0.014173513465966322, -0.003362943008083895, 0.0031454571697393675, 0.0023803837365230394, -0.013261753542997962, -0.007300228031361452, 0.011992940845033122, -0.0008767121742724782, 0.00017756449805753538, 0.0004748354221212938, -6.692105976416443e-05, 5.830879042806392e-05, 0.0010747750682272837, 0.00022112043441875043, 0.00033774403814693804, 0.0074381764877312455, 0.0008847074626528518, 0.002489343091592871, 0.0025667083605662396, -0.017572116214145048, 0.03832996535208611, 0.00824161083110323, -0.014276588136998593, 0.021627616838208328, -0.029387710443933034, 0.03375918697516296, 0.009457332812458027, -0.03371280585423445, 0.002934630763139701, -0.056275675449217015, 0.0016655449900908493, 0.0015833600466384286, -0.0011262870102212918, -0.002384205798456532, 0.0023841456840273468, 0.0008740564950461977, -0.0012794585837888905, 0.003618947675234332, -0.0004195794219694708, -0.002874620456237265, -0.0015868546561202885, -0.0027573684572513744, -0.0015455891032484057, -0.006083543938344109, 0.04269182205440379, -0.014112152983951978, 0.006522510276775801, -0.035418147631964984, 0.04524177274703029, 0.025920527039908683, -0.001050139932415681, -0.024201423674895053, -0.03613316662037542, -0.001973284219834074, -0.0052641672414565676, 0.0019462255558770638, -0.002786212002068786, 0.0012220643793903118, -0.003949463140489575, -0.0005374514136281407, -0.0008653262983036078, 0.003431679667214708, -0.0008517435425843546, -0.001771968186186359, 0.004008693339382538, 0.00378764768243323, 0.010976602787973749, 0.002104644318783865, -0.010829588840137874, 0.0028985554604889553, -0.00581331367974115, -0.003031390834798499, 0.005855892153488851, -0.0020102996311155323, -0.0006114142930050418, 0.522420675682777, -0.44289726148912295, -0.11257156238267958, -0.21846119312587037, -0.06819698455839243, -0.35415681061426285, -0.6649618800546214, -0.03443069221060126, 0.3315284150839826, 0.7263215789533917, 0.12055013839326004, 0.1083547868146135, 0.0031587267657557923, 0.0007241546623431653, -0.0008196093132826714, 0.0012461722441194337, 0.0013698370677740733, 6.172868242102534e-05, 0.00023487628517047924, -5.699501991596065e-05, -0.0010633963258314214, -0.0016613432077316355, 0.0007685528635574546, -0.0016017684860642326, 0.0011339429652424695, -0.0001133323550201893, -8.24922792766779e-05, 0.0007974033249327075, 0.017532927143906533, -0.007255354508785636, -0.0034341716633393107, -0.017752641740900885, 0.005317353870307218, -0.015133413107262713, 0.010641667496685473, 0.012374389005017696, -0.01085481995993559, -0.0035680563859362547, -0.014650984840199109, 0.021125590404505592, 0.0027819851648438125, -0.006944113789100353, 0.0007079623922988331, -0.008745223986866382, -0.008576860601817405, -0.014800666650970639, 0.017125974376091913, -0.0015221640265246656, -0.008152433995704674, 0.014822445348076491, 0.009275854457744337, 0.006147756778670981], ""intercept"": 0.00017409199999999988}",289,0.0004244283801152733,0.0,80acb6e02c969d97049ac9088acb156a869dc6af2f67e607803f03031ad78c72,a67b5d891127e4e264b7ed3ff9d99e2eb366d7a728b4d729d66c7a86bcabfcd7,False
OOF_COMMON_FOLDS_1_3,REGISTERED_JOINT_CANDIDATE,METRO_P60_JOINT_STABILITY_a8d917384d9acbda02276a0f,J_K,FULL_BASIS,0.0,0.0,0.1011919912091103,0.10086394871217756,0.10086394871217756,0.3175908511153581,0.12406952024605288,0.0009731090181593904,0.3175908511153581,0.12406952024605288,0.7119135720627763,0.0009732824237393967,"[{""block_dimensions"": {""K"": 288}, ""coefficient"": [0.0047688895219689525, 7.08018046708471e-05, 0.008214678674771153, -0.01920772165737084, -0.0016407581983922618, 0.009666053686883478, -0.03424373147754936, 0.04216598776547962, 0.007919467296724356, -0.014823568697911642, -0.03564163434261284, 0.035835677814197844, 0.0022095279903547194, -0.03589928812228956, -0.07098456624254439, 0.07089143373871314, -0.00956802344414529, -0.009355502359171772, 0.028746060844014737, -0.009810861871368398, 0.03987928077373789, 0.07131617438282724, -0.07352833480088096, -0.01405151126824347, 0.38510792286722095, 0.28204393468495553, 0.3222676357262625, -0.5688186926282439, -0.005548731966861632, 0.5501536404736067, 0.00947141225616284, -0.2250377960577544, -0.0010480826691501098, -0.14293291511400663, -0.6138205344539992, 0.11887188244830788, -8.649496179903002e-05, 0.0015216361070781942, -0.0009543677056758841, 0.00045200767045772545, 0.0010296825380041175, -3.4365792706621937e-06, -0.0016165796578423996, -0.001592873551189945, -0.0010855259126232462, 0.0014989451347879644, -0.0007484241504163931, 0.0017431535820375576, -0.0010233408239701824, 0.007168492968678414, 0.12089227067935066, -0.22084589857733536, 0.0010340626318004638, -0.0777761374641614, 0.18657609941425843, 0.00949007280381031, -0.004570865672305416, -0.029986012689429426, 0.05014443495102148, 0.04700664389043265, -0.00028616119324576574, 0.029102269854904265, -0.004950063968200184, 0.0003239448575893334, 0.002735527692446892, -0.03933173006378016, 0.03636407473275542, 0.04010897490527209, -0.06188734118101717, -0.008789599371402142, -0.016310457102115594, 0.025295359418997077, 0.021525787676462117, -0.007647790911458082, -2.2176302735494295e-05, -0.01328214143063654, 0.0005423237429396398, -0.03836569895440944, -0.003729238244754974, -0.015094704418870182, 0.00975033744305097, 0.022786450118033583, 0.013303023165660082, 0.003079449952857578, 0.0009940138917272255, 0.0017538344990197133, 0.0007178036407161803, -0.00246241062738104, -0.0026930660493970364, 0.003099071251553214, 0.003221328909303145, 0.0006096048977786569, -0.0017996933098349474, -0.0010485415622330798, -0.0013581360081950317, -0.0024135961004198383, 0.001025497406796658, -0.007083202366616285, -0.009332616729097975, 0.01314195352029965, 0.0028248944065412036, -0.012707046818191485, 0.000978390247664176, 0.0003380343013814414, -0.003658912989123941, 0.011333550874280921, -0.00040891201769731534, -0.0023337634354675704, -0.005976830226111289, -0.009612636615287056, 0.015561032568786255, -0.014959268423468706, -0.021098394428386742, 0.012870668495386218, -0.03153442022296023, -0.04379227163499582, 0.012491899036532752, 0.02033865174936766, 0.011932522460533038, 0.048174303330873594, 0.008431051100397758, -0.01920776339396593, 0.008033185688039686, -0.022133120640254973, -0.008579819768260088, -0.003030053750753479, 0.016074710916975515, 0.010116635697195366, -0.003583446276059066, 0.013253004057811277, -0.006235821421204886, 0.05158384585210841, -0.010621586916005671, -0.0047613194634524405, -0.0009835912061642558, -0.003594809535622414, -0.0008098460051078815, -0.002869436065529558, -0.0002742696745842449, -0.00034002816739376506, 0.004802521253505172, -0.012099445324278374, 0.007096191190602431, -0.0023127742172375535, -0.02469600973493763, 0.011032804190757544, -0.0033655056963143616, -0.0017456141019439747, -0.0017655525007192092, -0.0016595270247978721, 0.005632426706927642, 0.0007605921437697391, 0.002833138261339716, 0.0021085075620756394, -0.0009975669143689487, 0.0049003468055378975, 0.019465858535661813, 0.030347267017726262, 0.009303588307117255, 0.018601822414992752, -0.0027691440236996203, -0.0070745218101930536, 0.003875753533462096, 0.00720822738136784, 0.002301948358987974, -0.004407822704858745, 0.004541078146042137, -0.010008068566309855, -0.0018141223027281564, -0.001305491754751278, 0.0010017023154610804, -0.0007630471645889635, 0.0017943347151957213, -0.00013200599798284204, 0.0012794744941219214, 0.00016676811297602757, 0.007517324689365792, -0.010735408921795147, 0.0016828284999950403, 0.010927417233276735, 0.04600914966710041, -0.007134532772362777, 0.004800498256579401, -0.03808498320346857, -0.009492948314371752, -0.011396076279925485, 0.028194966813887664, 0.033581260849608364, -0.017159714467811095, -0.027008753924524977, 0.006096553930964642, -0.020771043539664334, 0.0034168568182140163, -0.00270949135928677, 0.0003405382576594059, 0.0035000689885183677, -0.001532686902415477, -0.002782332931204752, 0.0018553834216267157, 0.00017116242637238725, -0.0029038907695627734, 0.005884724014906834, 0.0006982741913387035, 0.0016236712426193037, -0.004019173912586962, 0.04287029307797964, -0.0424295230127488, -0.08333382769098177, 0.031442495531627396, 0.028448055687392643, 0.03036410401653348, 0.008592991524911105, -0.03525017154568073, -0.025326239788659523, -0.009025478946876457, 0.07179673939933083, -0.0048539019600303285, -0.0013368589414392566, 0.00013163497268455415, -0.005865660509975305, -0.0018013300191448256, 0.003818006141856949, 0.0008406220622111819, -0.00012024503897440881, 0.001547766559484379, -0.0025290216848130303, 0.009222537077267959, 0.005079932915181432, 0.0024417092796765517, -0.015188746465234212, -0.012143481828624066, 0.014317823167327614, -0.005789623503281313, 0.007516647328145891, -0.0008820652260223366, 0.0015371514012993935, -0.4066078782318005, -0.13529828091426957, -0.3291340898758231, 0.38916783888660467, -0.07336920799304124, -0.3566668778461602, 0.01049955057856947, 0.1288227604991841, 0.05812541771732126, -0.19448831980345332, 0.8398004569171621, -0.11779716515170553, -0.0049357571818603755, 0.007764438469755139, -0.002330988304745137, 0.0016878234648384724, 3.576884202004406e-05, -0.0003881826281781912, -0.0017654602828306727, -0.0007604395323060602, 0.00044515485572123537, 0.0005790691123321268, 0.0015258013397039688, -0.0015840263300592808, -0.00012753224530841618, -0.0004456943529162988, 0.00255240333865978, 0.004344068785229366, -0.002615692325735137, 0.0026032701646458707, -0.01626504957270839, 0.005016017918413686, 0.00872565874022723, 0.012517771639999257, -0.006713451268421481, -0.004696438363819339, -0.010535872121777683, -0.0018199555151003596, -0.011782916967942364, 0.01942900716501652, -0.021048122679451716, -0.004196911751030189, 0.0014395727751877964, -0.006773968285233781, -0.003036769050048748, 0.006972174701373705, 0.007193449467934455, -0.0028741889134741936, -0.022301060628809384, 0.008485820142510985, 0.008958343584294953, 0.02431266208842805], ""intercept"": -0.00012420800000000328}, {""block_dimensions"": {""K"": 288}, ""coefficient"": [0.008265791397092905, 0.012877829273914175, -0.005857642315228824, -0.020973986262296813, -0.02338227636120368, 0.01727807029541284, -0.022414333161151833, 0.01867786471295919, -0.023626883380059863, -0.02094883301858534, 0.029941434326781854, 0.025983276302980193, 0.007178566281870657, -0.01651251248208374, 0.023692041364552392, 0.08214472000265105, -0.020225796081390825, 0.01875062038647576, 0.021312741610941564, -0.056152590116190386, 0.03871158793106531, -0.09106296857116494, 0.011845050148280347, -0.04586563804041641, -0.14464058769826674, 0.25384320082920525, 0.7193973778415665, -0.7251041300054594, -0.17374333867045302, 0.4822873075325066, 0.22204785724983875, -0.041086032605853424, 0.10634616733109632, -0.6851616296924788, -0.01053243547495646, -0.16141023573112318, 0.0005205561233548355, -0.0030843213911873326, 0.0017249634266170545, 0.0010102431483180422, -0.001487364814656051, -0.0005349521474007676, 0.000695994855771321, -0.000689742992209503, -0.0011011217283376175, 0.00025401909401432456, -0.001405572934864752, 0.002688245409872549, 0.0028780475374877252, 0.008447296477802449, 0.03136114468914391, 0.05657869785152283, 0.012531903200976852, -0.12259145537191567, 0.11341079487471092, 0.01605278129675474, -0.013935173501308941, -0.03032674140293083, 0.008922373440457562, -0.004304624845098413, 0.04768782772401413, 0.03072576755390739, 0.0010146335908490021, 0.0002477869594614791, -0.008729713095667, -0.09074931785075832, 0.011116734366849396, 0.06833049434758222, -0.07416412430875581, 0.006714559853809616, -0.08948879963870371, 0.09458133125323596, 0.016702908941018772, 0.0003761814481220619, 0.0034411831122446897, -0.005454527126213144, 0.0073594701322196665, -0.03938963087434686, -0.010988359773199688, 0.004061993937956239, -0.013488587116319442, 0.03127142512486913, 0.00017134615194115013, 0.011413521618215643, 0.0020186476761370146, 0.0016030775571384067, 0.00015496366270814356, -0.0031114628661274538, -0.0024423402523677026, 0.0026365957272549852, 0.0011284235741916746, 0.0016105812338345704, -0.0021680370638492187, 0.0005882153241759679, -0.002538332715987544, -0.0029790551980859114, 0.014540009730454473, -0.025337602627701558, -0.005792673110599306, 0.01857844413956427, -0.003832313429490185, -0.011098384361243685, -0.002904042913102666, -0.006885508018833102, 0.004244305752282378, -0.002609406576209987, 0.008266718758975694, 0.006142041644712765, -0.011024703596795691, -0.004618266758480275, -0.01928051788267425, -0.03029327291806486, -0.0080573404832294, 0.013834861708052329, 0.035725802282494, -0.03230419358721884, 0.011536532052650464, 0.023656036908649807, 0.034928641459872116, -0.01949977265758922, -0.01097742364433775, -0.011821396565199906, -0.011080240281539673, -0.012739353752886484, 0.004358000307852952, 0.029074404487286373, -0.0029101959390125725, 0.014119309165548894, 0.034288864411106, 0.005386525468468786, 0.0005932376024332719, 0.0022661521352825846, -1.8285811065031185e-05, -0.005919939711878529, -0.010261818279903136, -0.0015534482557398395, -0.0035960332705557907, -0.002468072412454712, -0.0018109848498749628, -0.001086404818631593, 0.004102959521278959, -0.02136042107789127, 0.020363005941044253, 0.003918797870667612, -0.03372437371586309, -0.0023635066284874813, -0.0031434888958803953, 0.00090683782224203, 0.0014650805784087264, 0.011996397192155873, -0.001381049306633549, 0.003052955405396675, -0.0026048920402804753, -8.824986354403051e-05, -0.0012279002754209632, 0.0019511772804950071, 0.023009021372838803, -0.00440580140610858, 0.05066457679079916, 0.009568365726202621, -0.009290871607162859, 0.01576011117237566, -0.006560310805893523, -0.0012314745306405816, 0.004984260421890904, -0.018455602984734566, -0.01139029478015903, 0.017476980155965972, -0.0005119583867454335, -0.00042596286452368674, 0.001462579587378685, -0.0017653631218142753, 0.0015402403484892264, 0.0007424808012742298, 0.0021343786169972473, -0.00027698913750921484, 0.0020482941469885745, -0.011466338217507435, 0.008347207718573118, -0.006805485527546922, -0.005711173756774227, 0.05453456197086145, 0.004402445284552027, -0.05850848170967979, 0.009397775578173735, -0.004557665736484508, 0.03850510392353304, -0.005700194505997888, -0.050843968109510605, -0.004989780445815687, -0.05249917674668581, 0.0055284807323822275, 0.0034913180689390626, 0.0019204816643633262, -0.0014674152412891273, 0.0028626417574485097, -0.00207100557835177, -0.002970302016903592, 0.0009851296396046572, 0.00019118556629566178, -0.0024077631134172576, -0.0016127196566848238, 0.0002416598226254221, -0.0010400594300588716, 0.007317047217156696, 0.022321740211613046, 0.007950568428645699, -0.035233326477811355, -0.008511435517390312, 0.015839701160560195, -0.02821329791274129, 0.022610188377891197, -0.027636048110086023, -0.014180569564079173, 0.028093388986400795, 0.032320458152001984, -0.0014229723168523664, -0.0027583396956206347, 0.00023497934233261287, 0.001548972585421614, -0.0010000013325729812, -0.0019444298651808815, -0.0026746334611963915, 0.0010930870251006407, 0.005016075760684019, 0.012632137940934474, 0.010331708478478464, 0.008002051825993648, -0.004844112199339006, -0.009396535450800644, -0.0015470519450410361, 0.0037914564683707705, -0.005751088764824113, 0.005762446135431726, -0.0029345813206965695, 0.004930294103248583, 0.1437803148324344, -0.19400945967280636, 0.6700308779897857, -0.6561279418892924, 0.04364211855606726, -0.32385540793816814, -0.37192524524998893, 0.13059392370426995, -0.05657093355524821, 0.8473790673370086, -0.13196955378398123, -0.0038577356658050254, 0.0025004506421060883, 0.0005736535306141564, -0.0011588296231571198, 0.002900399840540758, -0.0006439608712792465, 0.000749380988520953, -0.0003376451463466909, 0.0003856938771957801, -0.0008405109562841934, -0.0008050059397289759, 0.00107103095567249, -0.0008883360431336809, 0.0018678603692515656, -0.000589611680746848, -0.0007931086254940015, 0.0008353764364043525, -0.0056036198770831646, -0.0008099436770652604, -0.0039953641389369274, 0.006730640306001482, 0.005480137067390272, -0.0023613748211449882, -0.00039388775647711483, -0.00014657876506990857, -0.005603085064138426, -0.0074227394848468175, -0.015344974729693265, 0.021996024537504127, -0.009034256174784044, -0.002387316725935816, 0.0020005631331321597, 0.003470331799927666, 0.006367155817919757, -0.0012416274828168045, -0.008569474661224702, -0.004323800663702119, -0.0041859382437563035, 0.008435860012488259, 0.01677655311430004, -0.006965329037016692], ""intercept"": 0.000191412}, {""block_dimensions"": {""K"": 288}, ""coefficient"": [0.0007414943123209772, 0.012546364466398232, -0.010423343594375243, -0.010136153449417129, -0.02522416942854592, -0.006966912344588722, -0.05329197904740545, 0.019387208887460535, -0.027824145612877944, -0.016280011985184556, 0.024225630121551406, 0.07365686550135073, 0.022573100264456237, -0.016903966146156267, 0.008220052637862187, -0.02516592031845292, -0.02461004307685153, 0.007964771603383382, 0.09359452947497468, 0.026570297196270996, 0.02934155177386773, 0.014108628835882417, -0.11366556679700687, -0.049541117429010614, -0.42184029981060334, 0.4482361223150992, 0.34626151297751095, -1.1970734125281042, -0.0687273269908342, 0.7800780634835207, 0.4985666604936541, -0.23988584518952422, -0.0470853074221298, -0.6828969027266165, -0.36418055715501596, -0.11463599008022166, -0.002390702665911621, 8.01910794748184e-05, 0.0019629777779209827, -0.000507382768347581, -0.0015191525475409672, -0.0007531722104803511, 0.00022496434142267295, 0.00027133861686314616, 0.0003434778578230044, -8.03227687370219e-05, -0.0011431691350387173, 0.0026799952568700904, 0.01664860276171234, 0.007064091536601325, 0.08810509013387138, 0.05836477647712389, -0.011661470059941177, -0.2039100225578643, 0.17524384908518964, 0.029276342106673237, -0.012359706461230942, -0.029492361072944555, -0.02531240358115293, -0.024349683506352318, 0.0293665715289096, 0.033919536731561395, 0.0005394695477397292, -0.0007738671252037567, -0.002460605119008247, -0.08903851288618468, 0.0010636135916475436, 0.06101070798237035, -0.0742739432085506, 0.09949604555934059, -0.06842008391951088, 0.0063931136731977985, 0.004632738001553682, -0.006155729030664696, 0.004894472773892842, 0.009777575187014918, 0.015265020683365606, -0.014042831901287385, -0.0034686090729937687, -0.0030909615644509696, -0.020481941505910643, 0.0016290192180807629, 0.0065716362063780705, 0.00749322861518074, 0.0011470015636601283, -6.302488283233332e-05, -0.001068313116924184, 0.0011489300449732092, -0.002052708028657452, 0.0019014958207927391, 0.0015151425821180165, -0.0008002430495008453, -0.0025468975631395404, 0.00018237368542467584, 0.0004551449316015483, -0.0007944086227482893, 0.010209680501399095, -0.036359601403294056, 0.012193256303664425, 0.02316341242094127, -0.011812686177195395, -0.011779049111390022, 0.00600446176929861, -0.006404976446707491, 0.006175205536755675, -0.009384316476619074, 0.014186131790710948, 0.0034653984088128115, -0.005822714744995315, -0.001910711453773762, -0.016493091700794323, -0.044017964879629445, -0.0038139824695833167, 0.013123165853412399, 0.02080103932467331, -0.03060637638284223, 0.013424484358482707, 0.02916200605181898, 0.03922436003050163, -0.011765839493497854, -0.020844671938777953, -0.03515995441773027, 0.008750720069813173, 0.006580373156434605, 0.008566533580388615, 0.010781972978670448, -0.011931300713670288, 0.008110042193063048, 0.027788206141953604, 0.00823081286916675, 0.007082140498241678, -0.0010356735898183085, 5.237210462016859e-05, -0.0035531763344575007, -0.010245613469851492, -0.0008494946297561921, -0.0018682499744786974, -0.0007093180473610234, 0.0008344094157702229, 0.0008751094940552034, -0.0011029613028024623, 0.020298296578180917, -0.016005327335151278, 0.00393286704646585, -0.026968241433618572, -0.00018334921439479036, -0.0009552353005870487, 0.0019379363122632427, 0.0027818048320684577, 0.005580353915153723, -0.003452077193891203, 0.0032338255138237852, -0.0005012355831699647, -0.0019446535649144843, -0.0019138377997124961, -0.004483246367801019, 0.01649712860923088, 0.00935137903993521, 0.02950581114938511, -0.00996290260331993, -0.015121727850406422, 0.021059370913982783, -0.005486302178728192, 0.0038179790573583386, -0.0021571613687458133, -0.014225692823768043, -0.00535656446257958, 0.014437985898721877, -0.0008506921980005441, 0.0006828809780232924, 0.0011104439026491351, -0.0005095020849222851, 0.0002495418195244434, 0.0003336423968596409, 0.0007257284673328789, -5.7349246421268735e-05, 0.00722487775510083, -0.024540493724410903, 0.007528508839675464, -0.0058655217574755895, -0.014821324353634358, 0.03769941674332951, -0.02468037151130348, -0.05358860879716912, 0.022880780825958267, -0.03310715694455031, 0.034509797906019185, 0.0073207671365155035, -0.061819244469384735, -0.02633346064546275, 0.007481654023790692, 0.0024507428849377, 0.003375832625048584, 0.00014744126068053545, -0.002492424398914491, 0.003130825074488992, -0.0007483864800640047, -0.003008244175007552, 0.002759673375209369, -0.0002618315491603291, -0.007311721972181729, -0.006358475468870867, 0.0031010454246735834, -0.005050796476883847, 0.002438954462483552, 0.03945266688362043, -0.0028228859582900834, -0.020335721439844787, -0.02573928964484013, 0.028574718908232315, 0.008873711327338815, 0.005563484929001459, -0.00702200092873729, -0.020897891132938332, -0.009215808423424272, 0.01660774467322285, 0.003232279757027577, -0.0021128302215770154, 0.0003522450482129895, 0.00293655578969354, -0.0005516785246736307, -0.0022131107939614256, 0.0025869295515901216, -0.001519539613304756, -0.001842924162878535, 0.011036802595130795, 0.008448173962324189, 0.005288692780530427, 0.008581814620780474, -0.0077150061820517365, -0.0038219424735672566, -0.008639822452043033, -0.005326438101554968, 0.007399614310486318, -0.002789050664256378, 0.002411830206225006, 0.46656942056663503, -0.38155559846888826, 1.1130568118363589, -0.19057880104937, -0.1255755738859237, -0.6327260297960177, -0.7048461712987318, 0.32352770100536626, 0.10397490101905019, 0.9037435245799321, 0.17262622069480932, -0.0009465658053970719, 0.0036075101934854364, 0.0030967414312694876, -0.0015279752761266903, 0.002170531398952314, 0.0005350229931192276, 0.00016854655855170458, 0.0006331619904001209, 0.00019261175425255167, -0.001306258306141473, -0.0025360510852707905, 0.0006688779860208254, -0.0005600159271569343, 0.001908163505133183, -0.0005849807753353564, -0.0009908201331617205, 0.000398932251438447, 0.0027426296433618103, -0.0011849170676855587, -0.002849458672562183, -0.007984748090117087, 0.0012543332054397007, 0.00778974468051028, -0.01269827735786604, 0.011703847576986991, -0.004865808023666652, -0.003503420772465099, -0.011987456916414884, 0.01728229678286214, 0.008695896848468474, -0.007031902961891367, 0.00223380896197072, -0.015275874682040468, -0.0039011419625097376, 0.014257871679136088, 0.01521064814933476, -0.004059595469970611, -0.007174021720611168, -0.012602877020220919, 0.008717726170489937, 0.0029385275154754464], ""intercept"": 0.00016905200000000092}]",289,0.00042439560554760944,0.0,3a604de324fb150be04724a6acbd8db7ea51b24abc931fa4a127c8ad46fb7d7a,a51dab579c924873f6314a02f0f33968ba0f10e577c4cb048fbcea15607e4136,False
VALIDATION_COMMON_SUPPORT,REGISTERED_JOINT_CANDIDATE,METRO_P60_JOINT_STABILITY_0686373e73b8f13d61a9ca04,J_K,FULL_BASIS,0.0,0.0001,0.10115634491346578,0.1011563449134658,0.09953491002686823,0.3154915371715511,0.12330686348172605,0.00042703488329220995,0.31549153717155115,0.12330686348172605,0.7147274625406571,0.000427046573924339,"{""block_dimensions"": {""K"": 288}, ""coefficient"": [-0.001572235874318816, 0.005607881845061021, -0.008935280378398802, -0.0003886901347064401, 0.007746233284443583, -0.007007682591042798, -0.016737040987444884, 0.004484047294197711, 0.0008568414811546118, -0.03063706985350856, 0.026563584394606064, 0.0071087833996594805, 0.027955775553012648, -0.023988184559328513, 0.014296749901965295, 0.06670937081163922, -0.0035839609772731866, 0.0354303680463772, 0.012181149037854316, -0.023548039794034862, -0.000178812189878188, -0.015408637953627066, -0.06611085971960375, -0.029055355362797824, -0.025594508439234283, 0.015358743539996167, 0.021403961858463334, -0.013881858633191756, -0.09984728096541967, 0.07573398897984354, 0.0023590868837364783, -0.044067924762203455, 0.016305733789277035, 0.04004707827952316, -0.07229075972411589, 0.03570721152968694, 0.001125713501489706, 0.0016567764502947253, -0.0008130311694818733, -0.001442211952948319, -0.0010695099204375178, 0.0012099908659989936, -0.0023307209843227593, -0.001519749686695224, 0.0017461354203085347, -0.004018112875864556, -0.0011421236102351945, 0.005892973655629228, 0.013778340686201833, 0.004217084067691664, 0.04926192588626452, -0.02343315940995481, -0.004988304530927831, -0.0014148926674148548, 0.03464152093739281, 0.02398087251057782, -0.004694262179436659, -0.022332047716850382, 0.006009745304988948, -0.029342800281648106, 0.0362450171514067, 0.0009646647330939611, -0.002528085926953351, 0.0004522660154703475, -0.003996302170742549, -0.0656762428086215, 0.01591673290870081, 0.054463308557542146, -0.03932333159357903, -0.07848384168899702, 0.058586496851472554, 0.01071147048620249, 0.00046633489149236517, -9.72399086884507e-05, 0.007836996205542327, 0.006454533844490648, 0.006122355763087196, -0.011709438727050015, -0.004479079976357104, -0.0019027287253493114, -0.018515013876496785, 0.0020428187247105954, 0.011767351555241841, 0.01702206995114693, -0.0016688265362984002, -0.0011171921789709506, 0.0015227560985783286, 0.0014150459989781142, -0.0006479438250264873, 0.002677250581611237, 7.774605337426719e-05, -0.0017873478173382191, -0.0019009034058996882, 0.0019850410988090277, 0.000608321479890968, -0.003189217835715545, -0.007933919779660202, 0.0011334167272514905, 0.017955193813545867, 0.005070903881239984, -0.011341665775307727, -0.010077798060525289, 0.006435850635966526, -0.003976599945681256, 0.010438982827734108, -0.009618659822375569, 0.012902863504661181, 9.625796434181098e-05, 0.01413999461849525, -0.003750934340604392, -0.0010608733012778288, -0.033224788904417955, -0.005128936595365261, 0.006728193089727764, 0.011354663009459157, -0.023537947285345046, 0.018777550396783783, 0.013977929780014522, 0.023059907893052282, -0.023414201353182416, -0.027253874129417766, -0.039059336839214504, -0.003776285758122493, 0.003987912958309141, -0.004632873796680889, -0.013377779814409865, -0.0005212707155207828, -0.010544035388734486, 0.016528932426700425, 0.011817201438483603, -0.002954496913395082, 0.014563434779473756, 0.001147294592630293, -0.005897822485814349, -0.011877700131703181, -0.0015065424554562123, -0.003220915365189796, -0.0016259669280654413, -0.0011305630033551207, -0.0001364002232738685, -0.004445126910905396, 0.006743782607455996, -0.013692533403360907, 0.0033597233326762258, -0.00952334833366411, -0.002340665163992467, 0.0032393380252420953, 0.003512607916515971, 0.0027733313352273966, 0.0007712351378754713, -0.005422920580125653, 0.0024256273699739283, 0.00041952526465429676, -0.0032975364409294832, -0.0016724106088214321, -0.004436899051085499, 0.006654751941323914, 0.024943592693273946, 0.016054981491891395, -0.005528077187893708, -0.013632366916571438, 0.014014475498245088, -0.0028733774203578196, 0.004724238041114591, 0.0015474860656518648, -0.012743014860882034, -0.008111429315732065, 0.011116529971512547, -0.0009349440935074969, 0.0002466396046330902, 0.0006589221135425296, -0.0001096991337524978, 3.98998394061935e-05, 0.0009633497203780393, 0.00021780251275381048, 0.00014816562611394827, 0.007917690657061044, -9.457596469296721e-05, 0.00226950433085865, 0.003934481449272007, -0.019091637101312404, 0.03534526240414918, 0.006344912719049209, -0.014181611295656227, 0.021121270536117624, -0.025939651921195843, 0.0342768220470418, 0.0077332761661297045, -0.030566858068033245, 0.0020981193904905295, -0.050562964417072205, 0.0016404641364157256, 0.0015782836817099849, -0.0010954001754613974, -0.002327880480250543, 0.0025197695055269973, 0.0007862252835888151, -0.0013192573746057383, 0.003506608513827296, -0.0003585005318287754, -0.002320418299639362, -0.0028138441839455487, -0.003041088455373711, 0.0011550310571957919, -0.003893756468460215, 0.04173088031237398, -0.011276078761604691, 0.008336193897455768, -0.03233856184550756, 0.03224945135633596, 0.018263239253611, 0.0017725555129794427, -0.01722479090825049, -0.024179931873074028, -0.004575656209633572, -0.007288865854003983, 0.0019765456772094865, -0.0030854413367552226, 0.001231111828402995, -0.004178265447546714, -0.0006303364384401312, -0.0006722003704243811, 0.003267014817754483, -0.0005230847030543885, -0.0018888278066716202, 0.003924717179952826, 0.0030029783237533266, 0.01081201028762661, 0.0012862041976696983, -0.010662123582257437, 0.0016198646263037766, -0.0035001302309076924, -0.002468822829393388, 0.00601736313529705, -0.0010036162028122361, 0.00016643520040288313, 0.011370054060527357, -0.016512528433920034, -0.0051520974998269, 0.015264791016593934, -0.0812219205503456, 0.03763571295560352, -0.03731882203304987, -0.03915864184380639, 0.03521952485595249, 0.09001067126930751, -0.035229702009805186, 0.03636276778313066, 0.0026934731953715337, 0.0004499637165909213, -0.0011647892481456983, 0.0009897791774135494, 0.0014815033948545927, 0.00014790756743176978, 0.00013524788665926542, -6.25709403453234e-05, -0.0010708118107841372, -0.0016481637732496297, 0.0006568705837206903, -0.0015800406049314144, 0.0009914040716010328, -0.00012798772645349947, 0.0001548198762955253, 0.0005205241635454011, 0.016233503117379193, -0.006914410198375377, -0.0028278639024569958, -0.016319198012091665, 0.005919258518906731, -0.015372783022948934, 0.009324413711588866, 0.012278896516728626, -0.010124327459007761, -0.003277880175396231, -0.014216455213204787, 0.01982282863974495, 0.0038760617442556095, -0.0065820062225434425, 0.0006747092373685421, -0.0085762208526563, -0.008424851629994085, -0.013431301643447581, 0.016609153959640254, -0.0015145894476492323, -0.007579690966096512, 0.01257844596705124, 0.008891875875792465, 0.005724315827677419], ""intercept"": 0.00017409199999999988}",289,0.0003787523953450282,0.0,80acb6e02c969d97049ac9088acb156a869dc6af2f67e607803f03031ad78c72,9ed47531e59a3bebeaa1984c31c75473b2e24a52fc0a691dadfefbd184d0076f,False
OOF_COMMON_FOLDS_1_3,REGISTERED_JOINT_CANDIDATE,METRO_P60_JOINT_STABILITY_0686373e73b8f13d61a9ca04,J_K,FULL_BASIS,0.0,0.0001,0.10115634491346578,0.10084946980132045,0.10084946980132045,0.3175680553854881,0.12330166404418291,0.0011165182489408787,0.3175680553854881,0.12330166404418291,0.7119549265582377,0.0011166916296286855,"[{""block_dimensions"": {""K"": 288}, ""coefficient"": [0.0059764796427593655, -5.344440296882932e-05, 0.008358869526968396, -0.020263696485219862, -0.00027545753137000437, 0.011943270556465832, -0.027662398510558912, 0.038175063085751894, 0.008351529370054931, -0.01779382804545751, -0.028406567007325332, 0.026296350930336013, 0.008775792493736896, -0.030672321634053073, -0.03416507360217122, 0.04853217471756708, -0.011557609337489021, 0.000344474025133015, 0.010041236064291224, -0.018370093026773362, 0.028843883588244374, 0.053579934140221365, -0.05313268792080772, -0.00498045014288614, 0.035776176496131046, 0.06382072024767084, -0.010769475225461057, -0.022800366162951616, -0.020011500616676014, 0.09852261413498424, -0.013156901807721699, -0.04111267998109646, 0.013069947828655339, -0.09665740561838444, 0.026748530066982523, -0.007631020115216473, -4.149174125036005e-05, 0.0014443042503105065, -0.0008744608575597169, 0.0004361843947941126, 0.000998780412796231, 9.37780677276822e-05, -0.0016055652104672276, -0.0015876966127426023, -0.0011435100686901577, 0.0009956936368341904, -0.0008013460248638141, 0.0022146608278432495, 0.00025810921897357535, 0.006744488788415313, 0.007381331144322761, -0.05869535264694934, 0.002249215015680277, -0.024285181194897577, 0.013638922181385462, 0.007017247883454363, -0.004547603118893307, -0.02546813744046646, -0.005392323016192051, 0.04445847892444267, 0.0019874197901424036, 0.020212939312573536, -0.004212190041120782, 0.00015672706919894449, 0.0027219266492729283, -0.02142596462803066, 0.017894965047464413, 0.038151378706524776, -0.039043121377250495, -0.014423742090813716, -0.01753773784464095, 0.01824872952421649, 0.01777916262832782, -0.006910172850568292, 0.00024792399809318914, -0.007664672265752532, 0.0010995964063993354, -0.03154589032435268, -0.0036758258887187633, -0.015089494177977837, 0.00608750119827218, 0.016216559442193773, 0.012858886010993142, 0.003291084168637426, 0.0009084145811263783, 0.001816471534875692, 0.0007232203791510551, -0.002435577556144294, -0.0023196864649693777, 0.0029319070535132837, 0.003057784778568916, 0.0006611748985788643, -0.001454441913128194, -0.001153530231038261, -0.0009996802910196675, -0.0028467745990130625, 0.002283627053452563, -0.00028098655627960224, -0.008395774861490854, 0.003766901665050181, 0.002356621021197634, -0.010546270335298192, 0.0006522671808636196, 0.0007819174987332471, -0.002076674546040072, 0.009452206141826479, -0.0019928699402858943, -0.0020975932749563923, -0.001602839800464379, -0.008050382668362917, 0.015168621055762223, -0.015008680573778195, -0.014884872974082556, 0.013874754094660956, -0.02443010847946121, -0.03486909948211761, 0.010353395492198263, 0.019126068691250872, 0.01152420584322865, 0.020009053950791396, 0.004001686698738315, -0.013637897014290745, -0.0016532740184284, -0.0131324365852311, -0.005772742082664464, -0.004364215544470818, 0.013033867491491118, 0.007849979640495018, -0.003238434407624555, 0.013712002178241952, -0.006388069184606884, 0.04756218766143163, -0.009886447891352998, -0.00388122087472962, -0.0009475529195468183, -0.004126107652640056, -0.0006371541498489169, -0.0029558473041138744, -0.0005053709287128274, -0.0004517003621175781, 0.004652844093427088, -0.010614779722471443, 0.0050445869573062544, -0.0014280252663823468, -0.023576421031949867, 0.010607127608058523, -0.003144023757461915, -0.0018707950127367402, -0.001898021728673689, -0.001234659382875595, 0.005087109516234916, 0.0007221309263122699, 0.0029087765938106682, 0.001933036027488948, -0.0009541288795038348, 0.004013847925015431, 0.01760834634835538, 0.03495773911452831, -0.009775139492145118, 0.015699367599141457, -0.0021773210670433794, -0.0065047658737452385, 0.003035971074539323, 0.008413111647583424, 0.002466614550864425, -0.0033744710474205466, 0.002005110662221828, -0.00987966604357488, -0.0015422851840404986, -0.0012959798331880887, 0.0010496401696815135, -0.0008373953553753895, 0.0015525869057679059, -0.0003063572715730925, 0.0011921456881352401, 0.00020162432076265853, 0.006342353562728173, -0.00911796788254528, 0.00176316569685315, 0.00946442021630307, 0.04381279685580248, -0.011341824724099616, 0.007739610166656715, -0.03714112137464334, -0.007692276616793939, -0.00924779111757914, 0.02794379288473988, 0.0319587617716101, -0.012735994478948492, -0.02379830591849148, 0.0030712209467247376, -0.021012503241089883, 0.003387593540609367, -0.002610766208873279, 0.00043287222893127384, 0.003522172810584674, -0.0014103834682061918, -0.002848049259149908, 0.0016604133791457973, 0.00023298262251791947, -0.0029133101510482842, 0.005104459534944554, -0.0003888997538914647, 0.003299196725170538, 0.0016057962097377502, 0.04187921747211798, -0.035464778970310584, -0.04024063191459773, 0.019729800019623427, 0.015556229878000753, 0.008359449343357415, 0.00496754474853289, -0.014094663097757568, -0.013200309936939048, -0.005303398275539122, 0.03128714559241064, -0.004647311819289597, -0.0012363186487155307, 0.00020723514724225865, -0.005815733736094517, -0.0019377675199250958, 0.003842639662711327, 0.0008407416284541378, -7.947600003641965e-05, 0.0013675844373066649, -0.0018478075263926527, 0.009393213761663391, 0.003466064177613412, 0.002311086613464104, -0.015166787149328476, -0.013662407204820053, 0.015872960612839958, -0.005562727813714066, 0.007285478384563345, -0.00011422297977171007, 0.0020247941485631066, 0.0029840986519142766, 0.046999492096384515, -0.018041923342812113, -0.013818213455252111, -0.017065944653307602, 0.05543570295031391, -0.02051964356587186, -0.0283027114309245, 0.010124961689802089, -0.08084609371794467, 0.08576497591711815, -0.017279877408181876, -0.004650794498130796, 0.007243293554359214, -0.002335756384348626, 0.0015038897392757465, -2.310725134528105e-05, -0.0002638270676915526, -0.0017571568020270697, -0.000633480781682125, 0.0004231821962177513, 0.0005196061582739492, 0.0013347183898997897, -0.0014532898883031253, -0.0001062804933404251, -0.0005671096557913381, 0.0022844560919511835, 0.004147431346482196, -0.003271609439386681, 0.0028924470648246793, -0.016038501792519862, 0.0058538089051815775, 0.009044821525701113, 0.012644662141536799, -0.007411233617871723, -0.005190624079917491, -0.009551834423456928, -0.0025072579709345903, -0.012001484644596229, 0.019445648145354728, -0.020163098176869104, -0.004076474156314173, 0.0013676624806754916, -0.0069568364935440235, -0.002132215195265551, 0.006870399228937498, 0.0073036700886318015, -0.002778505292476913, -0.02054850192592386, 0.008269764304474845, 0.008372730999496066, 0.021758867918571078], ""intercept"": -0.00012420800000000328}, {""block_dimensions"": {""K"": 288}, ""coefficient"": [0.007508671417839635, 0.011227707384111486, -0.005554739716925449, -0.01912072022568023, -0.01872715724375162, 0.01807320987251962, -0.01810319036120383, 0.01645338424596853, -0.019530693871577836, -0.019448312495105237, 0.027210561700867462, 0.018761759356809328, 0.01024010424595559, -0.01326631679356198, 0.014008437268959601, 0.05078386868891252, -0.021050427185760504, 0.01684202769894562, 0.008722632557771497, -0.033884160207151404, 0.029903581785566374, -0.05548620138293413, 0.006435240228359094, -0.03890651861617323, -0.007796061496047464, 0.02525564100558674, 0.014534300668383161, -0.008760209153143919, -0.04598846198285604, 0.0863510764211371, -0.004954899982806065, 0.01257121716346747, 0.017660956122486016, -0.004976036144484284, -0.03365011960018865, -0.06639047026169845, 0.0005536228018480779, -0.003135968053525249, 0.0017151587232819264, 0.0009908850344409249, -0.0014749743746766612, -0.00040545251561703317, 0.0006446556430236552, -0.0007362538415304906, -0.0009887904044425988, -0.00022134496347318955, -0.0014575060897535211, 0.0031078644026212828, 0.0004943208857390087, 0.007984268647962296, -0.008720925596752454, 0.008566653425298163, 0.009911784327157959, -0.02841292434142214, 0.02283625774712422, 0.014155694810710436, -0.01328662929054604, -0.027975237090757624, 0.010617741501516035, 0.004105640509792353, 0.03857928805736025, 0.022969119768581354, 0.0014437253109665714, 0.00021192890164899918, -0.007921042991634961, -0.05299072035008171, 0.011675632445766335, 0.052428125507827765, -0.058997965780695244, -0.004609679037181458, -0.06819512612133793, 0.0635710507196159, 0.012487188320266653, 0.0013015169197983926, 0.00267953577599894, -0.0015925504971201795, 0.006053858411463567, -0.03208831148382456, -0.011147137255108741, 0.0026229960962653952, -0.014521542395713256, 0.024927778028172226, -0.0002936930035933276, 0.012985784568675968, 0.0019370506961150671, 0.0016540197570761952, 6.391575833107338e-05, -0.0031259560392224105, -0.002283292563072858, 0.0026698679514507366, 0.0011947859473420495, 0.0015291151125675004, -0.001946897295214333, 0.0005345821127657402, -0.0023317490217367796, -0.002912140819717183, 0.005308565619822487, -0.0052480672627144755, -0.006844464464861054, 0.006490916236919864, -0.006377312659524604, -0.011431511552444663, 0.0010645085658006815, -0.0067544658482109115, 0.005023771652218774, -0.002238812706525393, 0.007228145351578998, 0.005620531789604538, -0.00663917027880122, -0.006061266045794134, -0.012824495890032653, -0.0221588813916231, -0.009727097557457659, 0.01642100335682396, 0.02921207458394887, -0.02690736366182781, 0.007044356657747623, 0.01577096065127039, 0.027299689346826812, -0.01845392616481714, -0.0103940443679866, -0.004971606959549235, -0.015145954017146187, -0.01271404227208327, 0.0036763262991612246, 0.026957524492244048, -0.0019481701714452674, 0.01125991239169138, 0.03142163963709719, 0.00748788000424528, -0.001561832793423455, 0.0003338307890023753, 0.00010192959788095773, -0.006292487692035333, -0.009418598026737966, -0.0014647317735980321, -0.002751537013495792, -0.0030191172741301084, -0.0018274550524343854, -0.0010893043611644472, 0.004786385965770532, -0.020338315946431342, 0.016946594399617307, 0.004538379755673841, -0.03262352881781117, -0.0030384252063216685, -0.0032073089826149446, 0.0006684210500269113, 0.0014893125494745787, 0.011644907371936932, -0.0015624880071310253, 0.003105797406878469, -0.0029489338780468066, -1.3480292212931745e-05, -0.0013071493531785752, 0.002074343635082076, 0.00986147940697294, 0.011790932333246467, 0.025311360876674533, 0.010919037372764074, -0.009273276172041687, 0.015475582199457398, -0.004660953743185312, -0.0010916909991562764, 0.004269410639197144, -0.018777890697166583, -0.011805415865812819, 0.01745870046781984, -0.00045248567238225456, -0.0004188621033433183, 0.001697267209029173, -0.0018415781385731197, 0.0015885595522544102, 0.0004508292663299742, 0.002101678064901551, -0.00034858811624644936, 0.0025520887989495524, -0.0101970988309384, 0.0076409331822179585, -0.005857113901669105, -0.008811584463893078, 0.051000421093763564, 0.0036547557277566167, -0.052288869514270093, 0.010849571337830996, -0.005171884107569895, 0.039691484564524336, -0.0068332120356424855, -0.047798101963139585, -0.004992240586778197, -0.04576109438618999, 0.0036127674037175084, 0.0034987411880577535, 0.002029909547808593, -0.0014526022289193244, 0.0028496103270647024, -0.002078141563145312, -0.0030333448607970984, 0.0008951352052984113, 0.0002822494747153233, -0.0016661592600081298, -0.0007066270898865273, -0.0027781703846587237, 0.0006890605390757037, 0.010927256900348641, 0.02265208459361638, 0.007392620673335592, -0.017779166816497657, -0.011353289406266943, 0.00817620692701426, -0.018332775192334783, 0.008572605121496804, -0.014075119603325099, -0.006737743177003636, 0.019186915575903622, 0.016086157117253752, -0.00125378518716199, -0.002374231139605493, 0.0005575691516526551, 0.0016786449334383943, -0.0010979695681105637, -0.002021073535765377, -0.0029229133954043842, 0.0012284801770808536, 0.004703111139221968, 0.01207276756696583, 0.009945099091136623, 0.007643033076006876, -0.005976204205692584, -0.01029996268545623, -0.0014250559841318539, 0.005288629871216226, -0.005075716726097411, 0.005237005604509659, -0.0023865243670140117, 0.005300102586299798, 0.005361223566852919, 0.007125595691333623, 0.0003230506039049294, -0.0001979422285808465, -0.026798167123209937, 0.044278646679019956, -0.02065642896873726, 0.02181815390688559, 0.008665277471593428, 0.06329092611566216, -0.03064431921163713, -0.05740640139334087, 0.0017079974445255435, 0.000151467044637438, -0.00124760619492034, 0.002696353352036153, -0.0006278829712803811, 0.0006391687336388775, -0.00015798945701985597, 0.00037808263804833836, -0.0007820641861573194, -0.0008223014503329753, 0.000971995049342061, -0.0008371526318762546, 0.0017994141254946698, -0.0006830695637670133, -0.0007043234234495497, 0.0005358713705116615, -0.0057605692084804145, -0.000964207448944737, -0.0035498408669854212, 0.007516059319223965, 0.004813954217950833, -0.0027086604169431535, -0.0017335259645158184, 0.0012637951431087196, -0.004945290310135774, -0.006942162110973606, -0.014586404980585863, 0.0203431178511406, -0.007189171925569308, -0.002252469256781289, 0.0019525604742482681, 0.0028727637826584784, 0.005856121508740983, -0.0009358374178897893, -0.0070154429616772285, -0.004261528489281631, -0.00395748901781492, 0.008108250859488228, 0.01383268960814401, -0.006508420321852448], ""intercept"": 0.000191412}, {""block_dimensions"": {""K"": 288}, ""coefficient"": [0.0019016540871520172, 0.012007205879984354, -0.010025087400923689, -0.011299353025053596, -0.018425056632658487, -0.0024891270692288616, -0.04421869792139986, 0.015916486715156684, -0.021615198121388284, -0.016591659540774687, 0.024288289513259783, 0.05968630683738419, 0.018003573607093565, -0.014964083236867012, 0.007822487432927325, -0.028994539062785596, -0.022636364213825727, 0.008833270850688659, 0.05665485307251827, 0.026937260247880655, 0.012220780907354296, 0.007513425932961938, -0.0712764111838242, -0.029199852949096012, -0.02509414869295744, 0.033881697925166133, 0.016835176045062007, -0.01638902692619784, -0.06133141855273787, 0.10378349434356059, 0.0024253703746542673, -0.006879203609034985, 0.0026899302791519616, 0.009267890296360121, -0.07110084243798666, -0.04720494282525214, -0.002433059365084985, 8.171653278675243e-05, 0.0019737720338078727, -0.0005701748899872114, -0.0015207956478135588, -0.0006376822848847471, 0.0001957250811529779, 0.00017398633771164218, 0.00029925964167271097, -0.0007418785876141857, -0.0012108966509373177, 0.003498033202934281, 0.014593977043651946, 0.006633916185585215, 0.016991603458587936, -0.0053806998810822715, -0.00995195091669757, -0.020731957177237373, 0.039443175390342866, 0.026188588899519295, -0.012373064430755394, -0.025928529527159645, 0.03156881471979088, -0.013104044861356448, 0.02515199346249269, 0.025427328061922907, 0.0014534872477625807, -0.0008388512533521096, -0.002362772278856679, -0.050892213710977574, 0.004954621845470514, 0.05079070383972556, -0.05955411758566318, 0.06482067941018801, -0.05597314211903342, -0.005134770689162871, 0.0021827739244498607, -0.00458670321386473, 0.003938942709990215, 0.010175365742827598, 0.012872968259135328, -0.009694701715227554, -0.004617019227511247, -0.003818794243262055, -0.0196249501450397, 0.000485214144331738, 0.0039612661124186314, 0.009970722918425169, 0.0011147669144780316, -3.505882553061925e-05, -0.0012236823588027779, 0.0011604149406336183, -0.0017983507985646617, 0.0019409617929750747, 0.0015460376686394592, -0.0008523621942622249, -0.0023414637993080926, 0.000193425307776354, 0.0006415647039298422, -0.0007003669746631222, 0.002315373428547074, -0.013914149783299877, 0.00887890244009551, 0.005415692380616675, -0.013740647340226122, -0.009293546370401928, 0.008501311176016072, -0.007081920145108936, 0.009114044282258099, -0.00869555791681835, 0.012957313603693538, 0.0030813827445064393, 0.0008677430771692937, -0.004222154559112396, -0.009122100108776779, -0.03491205984604948, -0.004819383189885146, 0.01565812590712818, 0.018073667350013575, -0.02661248571923152, 0.008635358255366399, 0.020165296703588655, 0.03181904322079469, -0.01834835752791188, -0.018546685697529576, -0.025755476835933433, -0.0033361907421070877, 0.004821507445866398, 0.007958045467616099, 0.010290674302556, -0.01071307749399442, 0.004747562186485274, 0.025422336955935577, 0.010933481203315406, 0.003965964539665652, -0.0030399594816745527, -1.0315613001262757e-05, -0.004188694614098041, -0.009018748606161602, -0.0007610738085842973, -0.0009708423717820511, -0.001079018403927487, 0.0007478767416331382, 0.0008121601305356388, -0.00011862666490196056, 0.01709065340986555, -0.01505518507141205, 0.005388117238559849, -0.02590787027474905, -0.0005765484262046223, -0.0007896034046470139, 0.0018536836515815065, 0.0028366096796279858, 0.005549596925153423, -0.003512478692356013, 0.0028006697632509303, -0.0005955414096323027, -0.0018787523971866393, -0.0019689471630454218, -0.003961692031932935, 0.005178825828593375, 0.023103419833435255, 0.005404168544283544, -0.007530374731658155, -0.015011051763637352, 0.02047634785259345, -0.004203962306176243, 0.0036945284382394173, -0.003039842291205549, -0.014277726992700612, -0.005871912894197834, 0.014500017846035206, -0.0009096266162156855, 0.0006692270507267636, 0.001405256797540574, -0.0005800297456542482, 0.00026424384798673833, 3.8843746127353736e-05, 0.0006261944395665301, -0.0001540963249108974, 0.007100851835445645, -0.021224565212393638, 0.006803825217447098, -0.0050272160396202, -0.01661296413505328, 0.03471966085116832, -0.015100199410691741, -0.04752227509893205, 0.023534927745073295, -0.03177241896431004, 0.03512610381343977, 0.005469603565171522, -0.05441165026736973, -0.024196706023312205, 0.006597469535723255, 0.0012041704864635887, 0.003353878987758995, 0.00019370848987888587, -0.002483414296527137, 0.003184408136843119, -0.0006917639724717158, -0.003114492591224409, 0.002642484155367115, -0.0002023563134547529, -0.006418850590513124, -0.009019963191374533, 0.0035640751669111207, -0.0016446037083534268, 0.003485976603346336, 0.03847285680956384, 0.0006957256651639187, -0.011126883129947087, -0.02503381827582032, 0.01987958998291873, 0.007422191960209342, 0.002184459360481394, -0.003799357474471653, -0.012868451567427856, -0.007690920158823517, 0.007914406076865744, 0.0031165956126007364, -0.0024839833874721173, 0.0004965712862349691, 0.002553142726386715, -0.0008714654125530923, -0.0017058596412928462, 0.002424321069658245, -0.0013013843364057304, -0.0019055390294587173, 0.010387744365182142, 0.006574597900262251, 0.005303943541859556, 0.007006275441376429, -0.009102679926588027, -0.0040791500698923785, -0.006130005114905815, -0.004569885949254393, 0.0072129130200041126, -0.0015095205272418958, 0.003172579402071285, 0.01583705289421146, 0.0017501323523416827, 0.00014791222291230853, 0.009265238126928869, -0.04845336784350991, 0.03936790147066235, -0.03582064228057274, 0.02130796145782103, 0.00913311644138333, 0.08033379010789837, -0.03450586657900432, -0.0397523833851517, 0.002819602142362929, 0.0025767469486885092, -0.0016269212372006497, 0.0019556433201533907, 0.0006632878210616074, 0.0002348099643503008, 0.0005003709270511761, 0.00017924943585874092, -0.001251570440256042, -0.002521437716579523, 0.0005387426854243206, -0.0005075820680531974, 0.0017825099613108092, -0.0004033212896574828, -0.001128484735448196, -8.560102376251322e-05, 0.0022523571651682137, -0.0010225920086367618, -0.0028002286986010864, -0.006824899601135788, 0.0017116564699027647, 0.006894197804871953, -0.013270890623752208, 0.011754277430659993, -0.004267691351510733, -0.003072259238301786, -0.011369664082118916, 0.01597823397719645, 0.0074040087995368075, -0.0066172949283465525, 0.0021422150774304868, -0.013908188643468234, -0.0035997597461524685, 0.011843872187223376, 0.014419686430714665, -0.0040093677206667015, -0.006905832655789647, -0.009682030293429223, 0.008324067807499232, 0.0027361540382752985], ""intercept"": 0.00016905200000000092}]",289,0.000383112722534941,0.0,3a604de324fb150be04724a6acbd8db7ea51b24abc931fa4a127c8ad46fb7d7a,9c3a35dc66d7bf3b24c3662515b9d4585f8c85a0e238dee9f0213e2841aab866,False
VALIDATION_COMMON_SUPPORT,REGISTERED_JOINT_CANDIDATE,METRO_P60_JOINT_STABILITY_5cd18042bebfd0d4f6044c74,J_K,FULL_BASIS,0.0,0.001,0.10112239583673308,0.10112239583673306,0.09949124308684777,0.315422324965827,0.12235229241801208,0.000865557334380318,0.315422324965827,0.12235229241801203,0.7148526143972204,0.0008655690198836608,"{""block_dimensions"": {""K"": 288}, ""coefficient"": [-0.0011416331347300945, 0.007876788959021101, -0.0081478590524426, -0.0030138578231886154, 0.003957479131042339, -0.007755795644900097, -0.008441351318623289, 0.0030466510704948114, -0.00012027993342768668, -0.014627526877880619, 0.016917700204533582, 0.004649354626553323, 0.019627276241172397, -0.013323908221679878, -0.0017360069863368492, 0.015383551355842462, -0.0012753398879722343, 0.011557186114202055, 0.0010399643629100987, -0.008763360258983437, -0.007440257892822859, -0.005616005198609015, -0.010412819434919044, -0.005370940745944843, -0.001368745903710536, -0.0048408169748152315, 0.009670872149736432, -0.0012555817352404494, -0.027492454918577824, 0.02259784909089021, 0.0039897410268559, -0.009839558495212269, 0.007255712126654003, 0.00842320277417906, -0.015202280338625399, 0.0005240613084240509, 0.0011094140928927742, 0.0016490932692888795, -0.0007336407166490073, -0.001515690832073252, -0.0011188744760000468, 0.001222699422410857, -0.0022811280876540623, -0.0014961311890077133, 0.0014455163771470274, -0.0036991801247540914, -0.0011144143110503532, 0.005847892305248988, 0.011746366676995114, 0.0036591232237865286, 0.0047528961125115786, 0.0016142387628681177, -0.0039084045040813, 0.004317991724670674, 0.004037165376512073, 0.011953792728024572, -0.004587552310403837, -0.014080213201734615, 0.0027454401718461302, -0.015137759547859708, 0.010240186297024466, -0.0024158893250505525, -0.001789267335977263, 0.00038187569370376804, -0.001694142987217185, -0.010681116234131292, 0.00977903831211435, 0.011253547365020346, -0.020372819192895218, -0.022179059592808286, 0.01738315832785948, -0.00029873527152998915, -0.002182626939503552, 0.0005998766440997072, 0.007004324391104154, 0.0034206480273229166, 0.001692400832006966, -0.0031604027115298304, -0.0030719337356410964, -0.00201079525130863, -0.010151385800452587, 0.0010283957883498607, 0.00548161514786466, 0.014209052351304886, -0.001619080923049029, -0.001005058590549999, 0.0015590913327487915, 0.0014180616827963763, -0.00061850110158553, 0.0023329105599105403, 0.00022612856113592725, -0.0017700168123212987, -0.0017062693944572597, 0.0022607385273659846, 0.0003218256741954239, -0.003419507502429335, -0.007717136366633021, 0.0050880408748322815, 0.012080035097950787, 0.004612057843162301, -0.010196400181701966, -0.009211085151995469, 0.003488012110137349, -0.004590270506996254, 0.009201759019535252, -0.006186593136211218, 0.012144338690786662, 0.0003754387641920066, 0.012200443356898774, -0.0013997864372498887, 0.003806980594485221, -0.014164373596047266, -0.007345549897385804, 0.003465410585109572, 0.0029695548877126886, -0.015967359370591655, 0.005740089115938667, 0.006786509595766018, 0.014188194588467042, -0.011494378861605243, -0.015681427453877482, -0.021408467478599598, -0.0016287316482949457, 0.0025150175233009647, -0.0038269468496719737, -0.01203950621712309, -0.0001531106686072395, -0.008834800346614408, 0.01081333969502484, 0.009377313967949923, -0.0002820579697848073, 0.010120447185697405, 0.0009601822401696323, -0.00647424496012611, -0.010286167837031564, -0.0014148100854927807, -0.003224082928518718, -0.0019655738160626658, -0.0007769624005606369, -0.00012270506866107373, -0.003017757039151173, 0.0059169333362688184, -0.011201072186455078, 0.003288668918805152, -0.0072754335315248966, -0.0012524257663445377, 0.0033832174484875748, 0.003672776360828769, 0.0025495480082568115, 0.001313341625892107, -0.004594109717502368, 0.001999245699535782, 0.0005808729398584447, -0.0031109125549640994, -0.001585947056215696, -0.0032652921100967554, 0.0019276026305083778, 0.011458513513730001, 0.003822215640024711, -0.0030392280384491516, -0.011562384777161438, 0.013109144172471733, -0.0027860091824166064, 0.004605382504798335, -1.1683921578658092e-05, -0.012886643306999315, -0.005965594010103398, 0.0091135013052385, -0.0008687093481656794, 0.0001969850300823854, 0.0008132703976195586, 9.108442303365528e-05, 0.00012662229084376477, 0.0007794549214591534, 0.00021143472599165477, -4.173973666704992e-05, 0.004959433574766898, -0.0025585192306269776, 0.002594716048603055, 0.004351166063158838, -0.015093532498524128, 0.02639253128443501, 0.0025551298611940693, -0.008642728924843013, 0.013710469281937837, -0.01648153496633137, 0.02453892882004068, 0.005976267801902319, -0.020016292202689526, 0.0015168552657842391, -0.03540966475936016, 0.002577603409745208, 0.0016809009560201866, -0.0008179133139750776, -0.0022516713759554914, 0.002549242805609759, 0.0005968315130907747, -0.0012867730206777, 0.0033731607076410396, -0.0002459788666069231, -0.001743695754696848, -0.0017099685425105572, -0.003601275186519138, 0.0012162863066748728, -0.0010545033338651654, 0.022456677606785738, -0.006094628112139215, 0.0030285700220438506, -0.01726681030863678, 0.013027995952211434, 0.006315064251657421, 0.0006080789790895442, -0.0058850753061049236, -0.0070391138736256974, -0.003912956282683975, -0.003358534225609698, 0.002031778507453948, -0.002850191959889534, 0.000863977591749482, -0.003997855654152216, -0.0005758204551533564, -0.0008972463345218293, 0.0032190872852128605, -0.00040067630283249984, -0.001793681185950969, 0.0020206614816114603, 0.0015886028387141124, 0.010155891066714367, -0.0004548583059326257, -0.00720907523555042, -0.0012278784553407533, -0.0018074112175244996, -0.0024047944060455254, 0.00586272816070163, -0.000827774335826562, 0.0003524876275102342, 0.002471124368513097, -0.007464449453931033, -0.00024237334658959412, 0.008647286988252834, -0.024567363864036303, 0.01724728380355508, 3.521136680411455e-05, -0.00941123896236478, 0.008789718123574167, 0.013691792793030861, -0.00971460078121997, -3.284423502030688e-05, 0.002683067837161496, 0.0011138920129103442, -0.0009481602028200335, 0.0007866693155702358, 0.0013873222125839906, 0.00015053544386054503, 0.00018494738206765776, -3.723125588849729e-05, -0.0011687090751069822, -0.0015820615251237195, 0.000693071848200943, -0.0016480225580231692, 0.0008837112512564212, -4.972940886748449e-06, 0.00032762694435905224, 0.0006044718179418545, 0.011982295533164296, -0.005358120269924654, -0.0011491583774780462, -0.013089111991145996, 0.005474691251811066, -0.012509804509310805, 0.007277750438033628, 0.009762930408549676, -0.009065543616644897, -0.0036792051286162557, -0.013552003675133765, 0.01849001630185522, 0.005184161238767004, -0.005189486275870838, 0.0006578459834371391, -0.006699925883193212, -0.006681038392159902, -0.008304631821616544, 0.013011724018660813, -0.0016081000748747246, -0.005559307787421481, 0.006692454616634119, 0.005828066412505632, 0.004957389549869274], ""intercept"": 0.00017409199999999988}",289,0.0003327237945535271,0.0,80acb6e02c969d97049ac9088acb156a869dc6af2f67e607803f03031ad78c72,bfa7ccaec35b77fc3d7fca510ab47ae5d4a94ee9afb114ac9285809d59907c89,False
OOF_COMMON_FOLDS_1_3,REGISTERED_JOINT_CANDIDATE,METRO_P60_JOINT_STABILITY_5cd18042bebfd0d4f6044c74,J_K,FULL_BASIS,0.0,0.001,0.10112239583673308,0.10082055427446095,0.10082055427446095,0.3175225256174134,0.1223443742563999,0.001402917792765801,0.3175225256174134,0.1223443742563999,0.7120375147470925,0.0014030911237419286,"[{""block_dimensions"": {""K"": 288}, ""coefficient"": [0.005782302596274455, 0.0026453618936861153, 0.005244521032277842, -0.018887141046325863, -0.0007133694909823796, 0.004565541871853516, -0.015293542454720975, 0.024521353833106586, 0.003773318612227906, -0.012138082871300505, -0.008922499981262327, 0.007993314725743762, 0.008143114615851736, -0.014538772884367663, -0.00984170245959309, 0.023339547953631665, 0.0005756039454345433, 0.005128263960866709, -0.0004986251465801462, -0.008395826617898276, 0.003984762147007535, 0.01835598529909023, -0.018228615400347613, -0.0048195824386202, 0.011665951792856588, 0.022767946837805676, -0.006956058559534398, -0.0038316951247016843, -0.00023210168453338857, 0.02630738989164184, -0.005279164899623976, -0.01044565377930384, 0.002419690404145168, -0.026218707317441838, 0.01167418600544024, -0.01517138923858579, 3.097109506093293e-06, 0.0013819334230473202, -0.000787990177049215, 0.000353037942136199, 0.0009627443020421002, 5.837793244546701e-05, -0.0015715079484088, -0.0015434646776910368, -0.0007426466516932897, 0.0008616994374241177, -0.0008416848917176714, 0.0020127358415940578, 0.0013158592384140346, 0.006154834286622929, -0.012021576951218643, -0.011316718822669852, 0.003590732286363053, -0.005964834950559947, -0.00013063259537571286, 0.003451411308275901, -0.004226402933775854, -0.010951900330734267, 0.0055152250813204125, 0.022884037014129596, -0.0016969338247577064, 0.0070362362684954, -0.0027056707213840205, -0.0001870879084042838, 0.002053804972750212, 0.003429553891309293, 0.0032479320132744634, 0.010361513942790826, -0.009167684406346186, -0.0067890404463823864, 8.29719582145106e-05, -0.003150026058417045, 0.009912158703766718, -0.005888784346202674, 0.00014313912651854594, 0.0012590377900712547, 0.0011430651622001415, -0.01667714267517105, -0.002427523835170437, -0.011839968722402559, 0.002889843180252106, 0.002039702946717011, 0.009233642000173242, 0.0019477180017162046, 0.0007273206337044324, 0.0019500820441215574, 0.0006623530110312357, -0.002419495739089694, -0.00164254494365186, 0.002744278868480558, 0.0024477934676878895, 0.0007401093237297052, -0.001108205739676301, -0.0012230735879884692, -0.0007898274347866438, -0.002692025820529153, 0.001916343079892493, 0.0016715677547450899, -0.003218942717840641, 0.0034166870588174412, 0.0009237907235463275, -0.007094610738904057, 0.001706475921002803, 0.0019851725959364594, 0.0007486644108658822, 0.005002979569128896, -0.003058433826015682, -0.0018833947921013706, 0.0006828714844012554, -0.0043197178307359295, 0.006070705239617754, -0.014271758691873877, -0.007586445362576462, 0.00641481990284937, -0.012193214904399702, -0.017441109942406816, 0.007549759111133645, 0.01650530418181464, 0.008614386104473723, 0.00022092112344288307, 0.0017702468511259786, -0.003962733212285155, -0.0024612803388583114, -0.005181096039975691, -0.0027008634259993117, -0.0015846900498367072, 0.007214801702697318, 0.004699227829605767, -0.0020602724586871912, 0.00896894982506796, -0.004001278187737652, 0.025086555614389165, -0.009226430637785272, -0.0035885102992539507, -0.0009465015442594449, -0.005095860027475429, -0.00047988718562078623, -0.00367085548063967, -0.0007661864940591824, -0.0005963629889810445, 0.004649678892495557, -0.009766743726744373, 0.003974282005341353, -0.0014489254580305384, -0.014604078908861246, 0.008188506340619173, -0.0023243275423335103, -0.0015872572450163457, -0.0020222676090702624, -0.0013142902106767272, 0.004022191021436549, 0.0007234549424382579, 0.0028197109396827357, 0.001796444091494011, -0.0008223099371765689, 0.003645331733136257, 0.009622315450359735, 0.020072069602250747, -0.004627501195683397, 0.009209207976565917, -0.0012167466151333595, -0.006021741190238412, 0.00264722635819542, 0.007330389604305506, 0.002953799187838229, -0.002687554558736633, 0.0016993397988816908, -0.009672429448614243, -0.0011136330404913797, -0.001244172735215861, 0.001007431295444393, -0.0007995103134580057, 0.001209984504139134, -0.0005071518598098044, 0.0010709675823914507, 0.0003633768470586098, 0.0065260525983156245, -0.003310420450637504, 0.0020104958384799393, 0.004717658645862802, 0.032003929179761414, -0.009075706902148315, 0.003739730069522603, -0.01890390415092553, -0.005263645947606262, -0.006205497009095893, 0.019625002322801257, 0.023050095027971642, -0.007534969467152688, -0.015527389906618349, 0.0010123240534489083, -0.01504195076507192, 0.0033185588922732003, -0.0027273146545402907, 0.00025330976570099085, 0.0034830127816102567, -0.0011907821480052567, -0.0027362098209202513, 0.0015076611144944942, 0.000395637477447866, -0.0024192949122048093, 0.004615748782819669, -0.0011996920399284883, 0.0033690896621832484, 0.0027176740281835447, 0.02132805559204297, -0.01771097153269131, -0.007694817142200724, 0.0073396740009270345, 0.007030628587953755, -0.0003437971605549771, -0.0003102434196004286, -0.004534436483263473, -0.0050076207502256385, -0.0005607770131169202, 0.0012391569513368434, -0.004418806450775487, -0.0012917906177038728, 0.0005480031105773469, -0.005060297633027466, -0.001712668905741385, 0.0038458976329746875, 0.0006303099567536437, -0.00019079776447804473, 0.0015277708983300233, -6.002531060459754e-05, 0.00940932436235155, 0.0029437876373942626, 0.0021480177343001254, -0.009706475781660695, -0.012563038795017118, 0.01123142920502134, -0.005762795909459732, 0.007311960217845387, -3.125670970917412e-05, 0.0021222085419733416, 0.007857615950152582, 0.019464181308962308, -0.007651259609888588, -0.002883383936507093, 0.00037163380708420303, 0.020453042997322233, -0.0061887442684015435, -0.009335572290945265, 0.0018108955257062642, -0.023329116090410548, 0.01707389507715294, -0.015442660137008537, -0.003471651843267125, 0.00643753803410007, -0.0022670433402522568, 0.0013411304388402153, -5.6178382761537746e-05, -0.0003745582764839685, -0.0017430004887000158, -0.00034921428111023126, 0.00040703208790981033, 0.00040237179664376734, 0.0012625075642300186, -0.0014406465152474385, 0.0002479936188709881, -0.0005418159411744045, 0.0017825589104411347, 0.004117466693679936, -0.0028383885923620256, 0.0018016632997156915, -0.01340725339979993, 0.005516824385977562, 0.008538118130540178, 0.00919559248356369, -0.006434038793771595, -0.00376641994741049, -0.00893982844436079, -0.0015588568066897178, -0.013298608793230037, 0.019093131786194775, -0.013389250335341305, -0.0030082609916707074, 0.0012459548107371281, -0.005867157525596886, -0.001270396092220879, 0.0052467935379327865, 0.006236156926594612, -0.002637002925873645, -0.014004279087412506, 0.007066427961299583, 0.003840742448020186, 0.014263263280624223], ""intercept"": -0.00012420800000000328}, {""block_dimensions"": {""K"": 288}, ""coefficient"": [0.004273305012997406, 0.009857452377059577, -0.0050740630199722185, -0.013965596327863442, -0.01012239944442737, 0.00787557939425615, -0.01172673772955248, 0.012296117202903632, -0.008908199210941955, -0.009151447870435675, 0.01329933622630701, 0.008196122767246305, 0.009842778946505851, -0.0059270643652487385, -0.0012211223711809276, 0.01646204237329231, -0.0058296769945096055, 0.003873871169945952, 0.001789127974065887, -0.012143979267109183, 0.003649055204573413, -0.012552993461614155, -0.0001886336522913777, -0.015412241017790219, 0.002520628103877363, 0.00393846422513759, 0.001955028262942038, 0.0009728756610605128, -0.008104407061007223, 0.023762693661203028, 0.0010321339929961566, -0.005282846050088673, 0.0064100965298575, 0.0017812084494419709, -0.007338861419518049, -0.020957864325505792, 0.0005196403131792395, -0.0031229307094609122, 0.0016757203042285364, 0.000931939688341399, -0.0013964952055040961, -0.00039650555324664865, 0.0005675448106388015, -0.00073790107518778, -0.0009137133791172561, 3.059327760885151e-05, -0.0014325659821537472, 0.0028069802881851027, 0.00011994255788683011, 0.005995045423726555, -0.004194685618196154, 0.002976325765657707, 0.005624921744574366, -0.003553497053630539, 0.0036633167207441577, 0.006617031377579497, -0.009342995721940717, -0.015431759570004318, 0.004286548743705316, 0.0030622294464882635, 0.014978012350131499, 0.007950911949120659, 0.0005400984949034056, 2.988950266288437e-05, -0.005155870317259106, -0.004984758842901149, 0.004477353179044311, 0.010214395615239593, -0.023758603475258953, -0.006011791622183089, -0.017905367037255027, 0.017240212198250105, 0.0035678035901761307, 0.0018783524032370317, 0.001699106368106172, 0.0018992470855224892, 0.0021918737614475825, -0.014355552119110887, -0.008450141856399241, 0.0006964735322072665, -0.00893957189854826, 0.009759501706621194, 0.0004985477873304744, 0.011140408110943183, 0.0018037635648576946, 0.001808530699635636, 3.6820327126812004e-05, -0.003111730211253094, -0.002075013143914236, 0.002569626482880289, 0.0011526978353137939, 0.0013347316106942272, -0.0017419221917806438, 0.0008217162038512085, -0.002450388253449256, -0.002910833389857002, -0.00024318415682187186, 0.00042991819657137376, -0.0019217506562059826, 0.0027828289705208223, -0.0055823926316283965, -0.00959583817359833, 0.0012399753001981213, -0.006449863852936039, 0.0034214877050079803, -0.001917518568581072, 0.007130445408127614, 0.004446826546727766, -0.002875233468904238, -0.004676789141303015, -0.00391376457613622, -0.007671707940826426, -0.00984331504897046, 0.0065171222966275266, 0.011349500139754472, -0.013084751275598619, 0.0010191457590201037, 0.009148292930202154, 0.015998858183832895, -0.007611498280770557, -0.0032642080694747578, -0.0007859308839130531, -0.00558911108378024, -0.009087341173288232, 0.0013451943737392007, 0.010751863136807562, -0.0020297602196813038, 0.008193585964506415, 0.020130644450184972, 0.0045695378522608845, -0.002824915914474956, 0.00010130968859822007, 3.611891624923922e-05, -0.006571288036890248, -0.008744132196930546, -0.0013881203623906145, -0.0029032591621973238, -0.003440848424538028, -0.001831269850116509, -0.0012801390726230766, 0.005440982899848146, -0.01816719309840268, 0.013086125812848471, 0.003093568701811218, -0.0208397502189341, -0.002772458907052787, -0.0036374966617442523, 0.0005383180829968899, 0.0014605893310849615, 0.008348282212641958, -0.0009261447323644436, 0.003907612894931802, -0.0033391314717844157, 7.472941215173568e-06, -0.0012736041459087898, 0.0016248004035864581, 0.004115260379335754, 0.011124562158988133, 0.00713775641227214, 0.0062777518299341, -0.008094861729770362, 0.014270575012184723, -0.00318409171658223, -0.0005005453719561895, 0.003061604259182393, -0.018828332927126965, -0.00922588354363667, 0.015017426486269764, -0.000310336790051592, -0.00032437152359779143, 0.0017019206242513095, -0.0017067032232444955, 0.0015757381737494228, 0.00024669308450121053, 0.0021520046100853858, -0.0003439987302590235, 0.0042273716669667255, -0.006069082816450708, 0.0055863864994343424, -0.002301712607579456, -0.0068183278024965405, 0.0360447489714444, 0.0010104701191398081, -0.025013886747842894, 0.007529556104971878, -0.0029543910027202973, 0.028229769525865887, -0.004264922694329555, -0.032047730362751777, -0.0031136276223528254, -0.031369300887566766, 0.0037633308589122448, 0.003520613890510157, 0.0021262282037093606, -0.0016003732230631224, 0.002705147637629573, -0.001984648517984715, -0.003000405668637446, 0.0008270153001665428, 0.000483660009690797, -0.0012380695849894558, -0.0005638400929843869, -0.0028389899353764743, 0.0008949085779775662, 0.008723658629594372, 0.012618436611470088, 0.0028540705146011115, -0.0036006539836093946, -0.008645592960585393, 0.0025655509263172766, -0.003764759389332318, 0.0006583150865350697, -0.004681108304141138, -0.0013721977743644566, 0.005878469725308982, 0.0031343410683650013, -0.0011413770557915236, -0.002377320281242112, 0.0007551788356592718, 0.0019093341655934874, -0.0008007196488385212, -0.0019127212810018312, -0.0031025648513261003, 0.0013298203067293333, 0.004766687090099671, 0.008690570373236544, 0.009303186001165083, 0.005485478606047492, -0.006207013322306531, -0.007262673064580566, -0.002045069091166686, 0.004711150582323642, -0.005048776429113996, 0.005036646769655106, -0.0021280974185318713, 0.005105714615755736, 0.003802111644561569, 0.0019169801672085883, 0.0018361951648811466, 0.000238250449032803, -0.005815005903321535, 0.017646037830482856, -0.0003548057293009197, -0.004045270261152275, 0.005097568987327693, 0.00898769489093002, -0.0065221996266506075, -0.019403589351694058, 0.0018034965529182038, 0.0006361243886273268, -0.0014605079365601445, 0.0025283612991199404, -0.0006677054447768438, 0.0006530731545503381, -0.00010088503798038587, 0.00041556356372325, -0.0007715895005085702, -0.000805710231953277, 0.000980368603350568, -0.0009904516892170938, 0.0017255607401806027, -0.00041662852749795503, -0.0004813935937296021, 0.0007418390196717114, -0.004336723081141706, -0.0011628053445298992, -0.0022927687601888235, 0.006136522308849763, 0.003502856393075914, -0.0030584553427925195, -0.0013496045746546963, 0.0016569216087907123, -0.0050949694459554015, -0.006204809594252595, -0.013548140704214411, 0.01866105543637585, -0.0020737114036512307, -0.0017908808549058253, 0.001909261569922829, 0.0011305058557741876, 0.0030289575278371534, -0.00016055590136248982, -0.002768040392563398, -0.004121473698789508, -0.0036062214050046446, 0.007126808358032892, 0.0054705039422537245, -0.0035717455013854196], ""intercept"": 0.000191412}, {""block_dimensions"": {""K"": 288}, ""coefficient"": [0.0014961118916255005, 0.012301726481567472, -0.00836432759974102, -0.011341342293071807, -0.008160242137342608, -0.0008551424314273105, -0.026170352023933842, 0.010661920588083861, -0.008964750967890121, -0.009336106978414948, 0.014845438151961389, 0.025634342766787024, -0.002636012340592224, -0.005206079423390834, -0.003260560493587101, -0.009767035816125865, -0.008381783175407609, 0.01146920189991689, 0.018899672129044545, 0.010194962439502, 0.0015734499212438843, -0.000690747623521375, -0.01760900008529478, -0.01174461533220114, 0.0011336277521269019, 0.004160968508448913, 0.005874719891782291, 0.0006839690181974562, -0.01554216026992398, 0.02894571029527223, 0.0007953508944715627, -0.01140574682690089, 0.0013837725905815328, 0.0039977217533852544, -0.01626676256567864, -0.012168684078904783, -0.0024025750243077855, 4.6267584536851e-05, 0.0019666140397756517, -0.0006461483480395203, -0.001420704574760622, -0.0006279266383101879, 0.0001445321171575165, 0.0001863083283323964, 8.305548171574958e-05, -0.0005598719073727718, -0.0011862073007411931, 0.003489850726540119, 0.010629141937319448, 0.005069685224704099, -0.0020033613633839045, 0.00021368969504743755, -0.0031208033710145335, 0.0006154497572758505, 0.006046067792106683, 0.012634191067196213, -0.00935365800518975, -0.013520637340218317, 0.01060967176845834, -0.0052148560441660245, 0.007176003442102855, 0.009865584280608991, 0.0013625644763269325, -0.0009412273642304921, -0.0011756357001570124, -0.0028985788329388773, 0.002519843338488395, 0.012209600059973695, -0.026357106579129586, 0.01623786471851696, -0.01341579071871454, -0.007026144597828162, -0.0012330429329490973, -0.0027314373793800952, 0.0023973571527448607, 0.004076248130125452, 0.006662553110258965, -0.003169724170235696, -0.004114865254126195, -0.0029331754629979417, -0.009625300335654889, 1.1640789143854184e-05, 0.0019376882877123705, 0.009815718697921198, 0.001124224834894885, 5.1043205779409394e-05, -0.0012738614105582396, 0.0011442413508346992, -0.0014494238645547184, 0.0016929175310722486, 0.0015267986176767437, -0.0009217374732916805, -0.0020963296759792327, 0.000612369587179342, 0.00043231743981895864, -0.0008887962718306738, -0.00278503033092041, -0.003629474494832275, 0.00598398553941369, 0.002169512735930956, -0.010973830031492195, -0.007183043032558578, 0.006301677116656745, -0.006479456408744898, 0.00771308920252919, -0.007176954018539043, 0.011857750460037033, 0.001979281842113325, 0.0027190962259221354, -0.0035703789551130255, -0.0022506655371653745, -0.015831345133013864, -0.0067139041399140575, 0.005571512977242312, 0.006641398964144822, -0.015232851018781456, 0.0033800523267856646, 0.010748841312794378, 0.02041055420170336, -0.008991264069362268, -0.011034311785387479, -0.012470110918207489, -0.0005314294796253999, 0.0037896625670835416, 0.004240326156797197, 0.00046076755694579705, -0.007435987222261486, 0.002307415986572683, 0.016943769560615572, 0.007119780440502829, 0.00315235247913445, -0.0037555338845878684, -0.00014071549282516777, -0.004830516840093953, -0.008257235887367358, -0.0007190536899367244, -0.001454423285800007, -0.0016854684654181839, 0.0005982420863586654, 0.0005414265978304064, 0.0006709668822939704, 0.013264356946708225, -0.01367140350439329, 0.0044467572520426185, -0.016508106894918464, -4.7858396280251115e-05, -0.0007087676238605015, 0.00199920711946112, 0.0027721304519576976, 0.003566325346361023, -0.0024284112389130344, 0.003116244239239939, -0.0003150062789527716, -0.0018075933462136898, -0.0018616727447282719, -0.0034441902573293407, 0.0022326230962738417, 0.01443267702310711, 0.0018285467530752928, -0.004543126161564536, -0.013401023260536663, 0.019349894642218434, -0.0036874384899214584, 0.00426174569685795, -0.0031497032883107314, -0.014604867768496444, -0.003985228224141189, 0.012057615605238778, -0.0008414619603178086, 0.0006424603186769581, 0.0014987902167418975, -0.00042545173761452976, 0.00018662163769551278, -6.064985429030158e-05, 0.000568436921749452, -9.607079018147401e-05, 0.006088033962670825, -0.011461020529971593, 0.00461743952314788, -0.0021451063273467746, -0.011492035306005937, 0.02569343414050185, -0.0036102743112864273, -0.02441643464979626, 0.01587636740876341, -0.0207564898823807, 0.024319105687638124, 0.005180455275821553, -0.03776367290211095, -0.015431558070010353, 0.004504497948463453, 0.001710243611404541, 0.003427093818708993, 0.0004188076990569304, -0.00265004085837429, 0.003146739704358448, -0.000531900508601454, -0.0031229804344397676, 0.002587919952329305, -4.175398086033015e-05, -0.005779793467802117, -0.007004309611661865, 0.002947107641858171, -0.0006342435077212887, 0.0024217175256293433, 0.020899316567485452, 0.0017596042132817745, -0.0029624695265121964, -0.015144557495185961, 0.008810290584474367, 0.002544024248727128, 0.001017615104594354, -0.0017113347532043955, -0.0032694544425427292, -0.0034210995191195615, 0.0002460840757711151, 0.0030975363685846456, -0.002450038871844652, 0.00046116481838141344, 0.0019381074970794122, -0.0008775367189261334, -0.0016834301569371404, 0.0026052508793400547, -0.0012287857353676936, -0.0019011412129687412, 0.006390384201833724, 0.0041825531510139005, 0.005201636977720459, 0.0039708857593839545, -0.006181602536638387, -0.00449338181466368, -0.004026360334291453, -0.00452974364155467, 0.00715186748080755, -0.0012009534893388089, 0.0029913050010142704, 0.005989664631759431, 0.001025787338023021, 0.002311858461567516, 0.004888060461649752, -0.01355283778728084, 0.02074653509842587, -0.003000447849562358, -0.008219800953380941, 0.002016248892509235, 0.01127145366890465, -0.011044054161882973, -0.0113852830069207, 0.002376996775130338, 0.0029319856370771304, -0.001829243874247325, 0.001942811285108146, 0.0005805694754878281, 0.0002494679676990752, 0.00048699402560903776, 0.00016500685091823755, -0.001174493008844674, -0.0024971129383585446, 0.0005653975814516307, -0.0006672141044661067, 0.0017507699137599816, -0.00030471712520928, -0.0009698108915651315, 7.170087854206029e-05, 0.0020412789848692015, 2.581864424979462e-05, -0.0019689053657226743, -0.005626859914552816, 0.001820860312840422, 0.004565225768430668, -0.008891273704361269, 0.0069257412774452656, -0.004405090207604642, -0.003054527639814348, -0.01162262893912184, 0.015902333272359553, 0.0029866710162447544, -0.005086946688490501, 0.002136564232982553, -0.008654867349905516, -0.003059797345824042, 0.004748829719760806, 0.010572508659269092, -0.0040709261171940955, -0.005608567507760949, -0.0011195688469044266, 0.007534228277956236, 0.0017583129759752914], ""intercept"": 0.00016905200000000092}]",289,0.0003341125939918216,0.0,3a604de324fb150be04724a6acbd8db7ea51b24abc931fa4a127c8ad46fb7d7a,8552d30ab185b44d7a1159a83f669958bf78ef1ce1bd2e5cc71b29c2570880f5,False
VALIDATION_COMMON_SUPPORT,REGISTERED_JOINT_CANDIDATE,METRO_P60_JOINT_STABILITY_534930256b29ce8fadbdebaf,J_K,FULL_BASIS,0.0,0.01,0.10108955038147002,0.10108955038147004,0.09945854764374391,0.3153704926649668,0.12111380291940843,0.001193899229704587,0.31537049266496686,0.12111380291940843,0.7149463213389866,0.0011939109113675572,"{""block_dimensions"": {""K"": 288}, ""coefficient"": [-0.0003037159133147437, 0.0052283919358830705, -0.004257087786735912, -0.0026653962051219364, 0.0010208217955748355, -0.0020189896773785024, -0.0013714856716571186, -0.00017005411431024833, 0.00044351441504213114, -0.002707966002224642, 0.005037294342880588, 0.0006766347522296217, 0.004726778524431628, -0.0036228786601787658, -0.002636998997166562, 0.0047104704610531345, 0.00013002352142705377, 0.00033622364129358136, -0.0013901357700457449, -0.0028880273207293108, -0.006154766531144731, 0.00012655024098781305, 0.003493317252889446, 0.002434361141574238, 0.002417453380167665, -0.0016467053426673657, 0.0016492635068885858, 0.0004508880149098553, -0.0042917500558374705, 0.0020791325179653, 0.0011057337942687847, -0.0026267408626969835, 0.0019996515976857636, 0.001789897395188254, -0.0026285969369329535, -0.001795923485251836, 0.0010315041046235662, 0.0015844510935571438, -0.0005769084009223807, -0.0015728801138571355, -0.001149767463013651, 0.0012411676159971461, -0.0021295785236986136, -0.0015308577221313025, 0.0008817366987295077, -0.0021919736330132007, -0.00090676886006876, 0.00462951992954071, 0.004130066935955549, 0.0009758977633783104, -0.001064106533429047, 0.0014298229669269232, -0.0008702538668176554, 0.000861878729056292, 0.0007628861438064027, 0.0011500611624251527, -0.0011715354796928274, -0.0044569757940857305, 0.0026271217291003145, -0.003711053077683065, 0.00042898694782537744, -0.001914601780773934, -0.0016030868943799823, -7.238464089084826e-05, -0.0013295728148389149, 0.0016044997382594231, 0.001995283350332994, -0.0011712300177673068, -0.006786208764342542, -0.0043378292483124865, 0.005363567733498087, 0.0004752594311171445, -0.0008178563817432537, 0.0010969773464203827, 0.004215755154280386, 0.0005063519871523685, -0.0005704197022126349, 7.477289377157005e-05, 0.00010798005527477862, -0.0009371741814101504, -0.0025001037865525115, 0.000427690158692489, 0.0018728516819784807, 0.005676685796774298, -0.001303971314870737, -0.0007251855611137056, 0.0016700008306496572, 0.0013315860945336652, -0.00041008015457788506, 0.0016548840147432443, 0.00015114031496054353, -0.0017855185331931418, -0.0007325935047796259, 0.003438111087024523, -0.0006235704846643613, -0.0035737118587625158, -0.00450452218032193, 0.0027707078824935243, 0.005335233608527071, 0.00290901449602969, -0.0033964095650474363, -0.0075622506955996425, 0.0016513410480215203, -0.0018936754712776394, 0.004560550624731964, -0.001953920271599936, 0.007399223469471128, 3.7550511089539205e-05, 0.0051749692066998115, 0.0025494049905029764, 0.003785384181280693, -0.00439883402590542, -0.00721455779606067, 0.000611638995693881, -0.0009936750663870574, -0.009102256822004735, 0.001494284772551424, 0.005787278528149694, 0.007563960736243517, -0.004226748848579649, -0.004733136967993023, -0.00453178617786911, 0.00021531325202522961, 0.0027985734495894516, -0.0006348355685401195, -0.00354346546386483, 0.001241484820933311, -0.003655821732013798, 0.0020025814244080367, 0.0036800445390561165, 0.001101876660647074, 0.001536922143289891, 0.0015218960418285005, -0.005260079531958445, -0.00865804875752158, -0.000859679028069779, -0.003283400025304924, -0.0014001318855766198, -0.0003734928999112563, -0.0002530757522566017, 0.0006944943411173305, 0.0021230131034378485, -0.004965494286743848, 0.0017190302980068161, -0.0015004532697161146, -0.0002290945145651139, 0.00239815837242015, 0.0030111297703708053, 0.0020504913012152817, 0.00048388699330548614, -0.0027928245473455536, 0.0011640006347556503, 9.190773385909602e-05, -0.0027892676660010982, -0.0012599754115917793, -0.0017558297124437715, -0.0014412281703777496, 0.0017096690442050613, 0.0007954968133090974, 0.0010624366578361976, -0.006402913329127468, 0.007756967697260957, -2.351789096495003e-05, 0.00347508908843685, -0.0025636472622926182, -0.010741997795093461, -0.0017087246853804863, 0.004980297865765246, -0.0006073610200052563, 0.00030746028215827864, 0.0008429673204915402, 0.0005301779634018773, -3.763441750408317e-05, 0.0005587280591379731, 0.00015112275989747435, -0.000422902077009922, 0.0018549458520012137, -0.003368573447777736, 0.0024413396356292466, 0.0023771501216691745, -0.004175681330438562, 0.008090773796112513, 0.0006068253381218257, -0.0014401871076959443, 0.002773863980851368, -0.004506734748959007, 0.007085783462563869, 0.0014803865946047213, -0.004799488004204802, 0.001392105292087701, -0.008408704956611628, 0.0005960040539875681, 0.0018084717037860343, -0.000559109026940761, -0.0020387386805765205, 0.002468063021772135, 0.0003999797794393758, -0.0012738434241302801, 0.003015464619881754, 5.539815568950613e-05, 0.00034678423504960455, -0.0015159244580377797, -0.0032186734057819905, 0.00030876260172851047, -0.00045023583047139147, 0.004197713990336433, -0.001516199538310875, -0.00013526481313667888, -0.0025117099278161104, 0.0031370926656826914, 0.001144622883369883, -0.00084904770349521, -0.0004834338976351785, 0.0002632347236025234, -0.0015337788105783642, -0.0008645196433163428, 0.001977009715373271, -0.001636907166154796, 0.0001290244344546324, -0.0017114764942164481, -0.000513790169744985, -0.0015095601030166537, 0.0026519888831363467, -0.0005671173475695502, -0.0013565352698654872, 0.0003936906240965812, -0.0009785517568140947, 0.005602158651152664, -0.001697994050363379, -0.002825590801349939, -0.002718370035782636, -1.0859465919325548e-05, -0.0024176158018363904, 0.004857937664584574, -0.000359145471328622, 0.0003729661357603967, 0.002750280196324664, -0.00193544022064177, 0.0005313371010660112, 0.0015138630440919248, -0.0039032673750063803, 0.0013506046038942179, 0.0008559551410466973, -0.0026923377478761954, 0.0022033831856739707, 0.002335564671369643, -0.0021351290997542348, -0.0019162905320954473, 0.0020262875267720547, 0.001993789517491127, -5.693998468168554e-05, 0.0003410419019759226, 0.0011913982758853707, 6.91277326746843e-05, 0.0003462782030201926, -7.584715600566446e-05, -0.001341896534141402, -0.0014835660421591733, 0.000722889970959258, -0.0016901521408420933, 0.0008134006912200682, 0.00024874196252048635, 0.00018589105435877336, 0.0006348465525110783, 0.003131088246015797, -0.0010319973741999809, 0.0006009974883742202, -0.004291222679460807, 0.001495354288541782, -0.00419396414732835, 0.0029232638873907795, 0.004032981205522334, -0.00508612594698721, -0.0024854410230958925, -0.009149456759600532, 0.009735660262043441, 0.002537867634069426, -0.0013606585880485192, 0.0003582560322401163, -0.0013519857413154541, -0.0028765219954499043, -0.0019052503683515427, 0.004569850711975432, -0.0014269363544133604, -0.001535947193808938, 0.00197255380324709, 0.0010161860809230904, 0.0021263242658803635], ""intercept"": 0.00017409199999999988}",289,0.00027386882220132664,0.0,80acb6e02c969d97049ac9088acb156a869dc6af2f67e607803f03031ad78c72,fdc7d127ea5b54dfcd0a103e8e779eaec83ab84615dcd2611e9bb7b46c56df38,False
OOF_COMMON_FOLDS_1_3,REGISTERED_JOINT_CANDIDATE,METRO_P60_JOINT_STABILITY_534930256b29ce8fadbdebaf,J_K,FULL_BASIS,0.0,0.01,0.10108955038147002,0.1007934947426656,0.1007934947426656,0.31747991234512085,0.12113605972914886,0.0016709342670966354,0.31747991234512085,0.12113605972914886,0.7121148018646017,0.0016711075515518647,"[{""block_dimensions"": {""K"": 288}, ""coefficient"": [0.002419297355746385, 0.002055349497220733, 0.0009971169682251003, -0.008329827843452113, -0.00013454307398378916, 0.0005932810605213863, -0.003975984912977292, 0.005078358493166136, 0.0009585110294699753, -0.003449042109771961, -0.00031556720817513056, 0.000449630053893749, 0.002162901727483543, -0.003239976199007744, -0.0029587536101383484, 0.009273304123293288, 0.001747288392981249, 0.0019821272553902937, -0.0015671699478096942, -0.0022395388506268733, -0.0007838595521537884, 0.0001000652573219125, -0.0010871009480542516, -0.0005849712839673438, 0.0037555434789218614, 0.00360521134729265, -0.0008029164868819011, 0.0006315837226696698, 0.00035382576306399957, 0.0026639165600192425, -0.0006446088316099582, -0.0031439387323315454, 0.0011324763406655714, -0.0037288412215982273, 0.0021774091514438266, -0.004612126185275307, 0.0001310083339444674, 0.001285457933936172, -0.0006801070381785007, 0.0002045843487579187, 0.0008814619262416551, -7.0094225573708e-05, -0.001518228587511094, -0.001437307881207184, -0.0003870814443437103, 0.0004436698627362062, -0.0007668958682100311, 0.002117800609909398, 0.0009208013518457372, 0.0030828038613450693, -0.003204006671039425, -0.0007291400457265642, 0.0019706171231941164, -0.0004763290200493214, 0.0007367447973670396, 0.001231802005230466, -0.0012541705180657112, -0.0011166432045784788, 0.003035025940524455, 0.004842846228511373, -0.0005343696379057224, 0.0019246857447160054, -0.0005273206153765659, -0.0007645400600349512, -0.0004743619792561466, 0.003877385127989265, 0.0004170372010479204, 0.0011666834687143737, -0.002521765680534979, -0.0021435966382425072, 0.002569299479948638, -0.002080263956380704, 0.0014126859226851925, -0.002683590613246499, -0.0005739440688219609, 0.0013888682179511848, 0.00033155529479007975, -0.005179753662117171, -0.0015105934418761038, -0.00490402957798731, 0.0020754983381985797, -0.0014401914585156711, 0.0026437822828435623, 0.0007657825194777049, 0.0005436945252078133, 0.0020203860883901705, 0.000550440936275061, -0.0023430696334281187, -0.0009491057545534227, 0.0025047042905734984, 0.001744246847224253, 0.0005788059968631906, -1.2852175558768448e-07, -0.0007140640275740772, -0.0008614067385941665, -0.002383875708403089, -0.0009308519511203348, 0.0007461980863827687, 0.0021585200014050433, 0.001967762215446591, 0.001469214993318378, -0.0038049055605729495, 0.0015136080362325173, 0.0022420528714187375, 0.0025240967616273016, 0.0005404998825689061, -0.0013599626105299369, -0.001440647598543534, -0.0011342104278757351, 0.0002014414832707842, -0.0010049767964404664, -0.010458608156934477, -0.0006832334072876839, 0.002775363873218714, -0.004066682336715391, -0.005410592306358907, 0.004229429835606656, 0.009300917593801103, 0.0052249024016434165, -0.0022160645726982922, 0.0032755551920463674, -0.0010158605308340438, -0.0001443901194256667, -0.0026987976839740035, -0.00031780558518039627, 0.00026461848749460154, 0.0019513978601270927, 0.002299482681002271, -0.0008778984515586321, 0.0010063765041416176, -0.0013526835191507171, 0.004618236445961608, -0.0075813954270092365, -0.0034159967744026684, -0.0005328983238988462, -0.004933487621664559, 0.0002778151497019742, -0.002495592507344834, -0.0007782932784375499, -0.000744979173972921, 0.005038185268550265, -0.00574456151847966, 0.0020941153329573077, -0.0013302985500039273, -0.0028049228324612883, 0.00406496040080097, -0.0009483193036833288, -0.0012044754895926084, -0.0018613596885707795, -0.0008862669814845346, 0.0023977310616818356, 0.0003684781464345463, 0.002417011221853527, 0.001213664860109009, -0.0004964534682886462, 0.002920465112615424, 0.0003733489178815128, 0.003179416414577676, -0.000279550967893063, 0.003916854045379579, -0.0012049701132215115, -0.0036951547152633867, 0.0013724435543342071, 0.004028978634406433, 0.0016334326441328339, -0.000226981761592915, 0.0026952109223598664, -0.00744828082394299, -0.000528905440238493, -0.0009018416651690264, 0.0010029749713978764, -0.0005139500523827692, 0.0006720702935750281, -0.0009137233257036838, 0.0008769430779637863, 0.0005857034970799583, 0.004470923177513531, -0.0002559822791349299, 0.0015755580581420995, 0.0015139819111482887, 0.009949332225231748, -0.001979940580305524, 0.0005032835705114237, -0.0026378557138258063, -0.0021535241747828093, -0.0021183354448165085, 0.005764258110463225, 0.004887456051128014, -0.0014067829173323948, -0.003142508743148027, 0.00106312107004067, -0.004728158736157814, 0.003222546871064044, -0.002721437041999817, 0.00014090922046924634, 0.0032754826845551657, -0.0008945753238015379, -0.0026530342168673833, 0.0012586108238060167, 0.0005985830903626709, -0.0005183409589400545, 0.001906684372910341, -0.00222136770551165, 0.0027917676741931454, 0.0003163421762928737, 0.003576907870206436, -0.0040602160005585326, -0.0019002449086155126, 0.0014727010133609494, 0.0017287241644308804, -0.0009046188208913467, -0.00042139489141231984, -0.0020023594312226084, -0.0007111320838381734, -0.0003755343164487618, -0.001985701362119834, -0.004111142692462633, -0.001518839126849545, 0.0007474956786461025, -0.0039023691003009786, -0.001197887371693079, 0.0037016172348300915, 0.00011627734974833541, 0.0002504660941304677, 0.0016947171775136655, 0.0011423638582181153, 0.007363543131958144, 0.00019792208041429808, 0.0007550672763199613, -0.0032096996862073105, -0.005577756363747727, 0.0034102864261854097, -0.005470105146220587, 0.006167645050101083, 0.0004295558849844778, 0.0018828854086004228, 0.0033313529323655442, 0.0031510206375172257, -0.0008792420133910113, 0.0006795040873045167, 0.0004225001944834261, 0.0018816125114555088, -0.0006174836673985103, -0.003128887534258512, 0.0011055001724445245, -0.0035397718951519714, 0.00265204857177729, -0.004577858806870738, -0.001345010209897348, 0.004102299691193152, -0.0016432725994074329, 0.0008456948878233631, 6.138499942260728e-05, -0.0006506796695761427, -0.00168736124473195, -0.0001585328384358921, 0.00028541831879525496, 0.00033192965763656853, 0.0012127730939175956, -0.0014987329236121857, 0.000859713188712119, -0.0002973860864240328, 0.0008632993441044995, 0.004030809173576892, -0.001643449725639928, 8.792878856524328e-05, -0.0044494779900784666, 0.0024430152320894048, 0.0022027608574922554, 0.002575372946355519, -0.0017429003866507096, -0.000310168208749551, -0.0053587492635753286, 0.0013184435215330074, -0.009394890123636812, 0.009661519900923963, -0.0037569515034332123, -0.00017295622464182954, 0.0008394524264690673, -0.0019642522847364966, -0.0006827094048144249, 0.0015805779392624013, 0.0011316756541451822, -0.0019785913875906233, -0.0032067712876190798, 0.0034212108628741042, 0.00023060076106508587, 0.003338578652768881], ""intercept"": -0.00012420800000000328}, {""block_dimensions"": {""K"": 288}, ""coefficient"": [0.0014737638404278034, 0.004525961534200207, -0.002630256433062514, -0.005149397465506242, -0.0019270930043471528, 0.0018023383864647488, -0.003174006210269818, 0.002663004232742892, -0.0007477479079567995, -0.0008767308470055831, 0.0026256517549171784, 0.00040199302686574255, 0.001900609097731361, -0.0020616951530978357, -0.0020508363365243664, 0.006406267154795166, -0.00016826258573712641, -0.0006743504191970859, -0.001351798494960249, 1.1645142965692635e-05, -0.0036371448861844883, 0.0014156728120691166, -0.00029135786736003976, -0.0038120492980812807, 0.0027875181169572166, 5.6351978973864366e-05, 0.0002685655441112393, 0.001300350650541779, -0.0009960898565549818, 0.002463891312632372, 0.0005734193832154769, -0.002509466899333852, 0.0020690904372862324, 0.001195191697119396, -0.0012926820650389693, -0.004013363295035774, 0.0005379836150682962, -0.0030098863500462193, 0.0016168726047234695, 0.0008277563223797739, -0.0012440129165044445, -0.00046804408561151845, 0.0004898848102226847, -0.000700722304741639, -0.0010482075013388832, 0.0005777405411741682, -0.0012510640197544891, 0.002198571953590485, 0.0005385410220184807, 0.0022676464317280837, -0.0014807879973703971, 0.001244662413115072, 0.0014615086999182592, -0.000451637161881268, 0.0012358806666330207, 0.0009966357063153468, -0.0024565769030504164, -0.003382412268994486, 0.002730925172064067, 0.000315217277399581, 0.002867103076161727, 0.0016609105448168113, -0.0008175897575111088, -0.0005123706298050222, -0.0019495093618618208, 0.0023393265102862357, 0.0006520931750937414, -0.00026242332635591117, -0.006138433935123321, -0.0016707030520184847, -0.0019364856760307589, 0.0029012320391952873, -0.0009585713257047416, 0.0013051489993982622, 9.703428819577538e-05, 0.0009100350574620038, -0.0001516893273525422, -0.003411666002277957, -0.0025252708634129033, -0.0007233828060682968, -0.0015324789576868095, 0.0015138924284750898, 0.0007163856638672018, 0.004567070549101178, 0.00165630305333458, 0.0020137186870070843, 0.00018574579893366574, -0.0029532977500835336, -0.0014518152359890232, 0.002164056694698326, 0.0009156062612473154, 0.0008515062909163064, -0.000553721517298071, 0.0015481571196427012, -0.00275543606009503, -0.0030519411478395152, -0.002019619715784724, 0.0007189761404246946, 0.0018712185971869269, 0.001454722646875934, -0.0015499611084415284, -0.005874888314562748, 0.0007765943276378047, -0.0034471527288523077, 0.0007204015638372464, -0.0016210343240719836, 0.005532105928841596, 0.001664069136822469, -0.0011057455056285484, -0.0007731551878292634, 0.001541244035671182, -0.00250370845035455, -0.008241612247439096, 0.001638346160950718, -2.472997346063526e-05, -0.004986938389007362, 0.0004099177011672912, 0.006704573441830639, 0.008062186508943737, -0.002688055285281899, 0.001972215082562225, -0.00015010965772055697, -0.0004802812986155865, -0.0035208210396734563, 3.428051904045465e-05, 0.0001827325182718214, -1.4715924088204553e-05, 0.003992374518055611, 0.003999845054815218, 0.0007284025939020923, -0.001670236951875557, 0.0008510866000212758, 0.00042630002584483095, -0.0056506031322496415, -0.0074287382808509855, -0.0009664988969600871, -0.0028201590885833677, -0.002445905184827527, -0.0017214748463119862, -0.0014803954621355861, 0.006066380669176788, -0.00887231495962506, 0.0044420177017083584, 0.0010804021032463343, -0.004499377499589753, -0.0013827815304709948, -0.0032534565585439186, 0.00030667942770026894, 0.0011953466222474982, 0.00307955982861684, -4.407188173857283e-05, 0.0034917509409258594, -0.002855851281698376, 3.7776864353589627e-06, -0.0009493636824964301, 0.001094834306580504, -0.0006150149903163703, 0.0028167044171326446, 0.0008225492667991775, 0.00239454499635557, -0.004858820013089268, 0.008347490902146865, 0.0009582782182437467, 0.0006966484018693065, 0.00082332355070313, -0.015383476716289151, -0.002812813007650936, 0.007724651768121728, -3.586752202651238e-05, 7.104872918455104e-05, 0.0015770004595428758, -0.001199247640375489, 0.0012261481308926795, -0.00019617279788884396, 0.002029162931717669, -3.618552210317447e-05, 0.003907821792855421, -0.0022128025562782854, 0.0031718065616157002, 0.0001734538166267567, -0.0014456439424574191, 0.010228499094079578, 0.0005288456675100076, -0.004726492598118823, 0.0012892540001933404, -0.0008351542980729895, 0.00785634292227196, -0.0012611657697923122, -0.007223418187915001, 0.00037939733007746407, -0.007337242464626341, 0.000916366136620221, 0.0034614234226522387, 0.002211114231086306, -0.0017478907217312134, 0.0024646571917650265, -0.0016729087435572959, -0.0029359261762661156, 0.0006306369523065352, 0.000830872447274597, 4.689605278084481e-05, -0.00132738093489691, -0.0023729056739634196, 0.0005966096531930763, 0.001537688824066076, 0.0023951715939627047, -0.0003665280992644334, -0.0002203604928517351, -0.0016120614677573332, 0.0007302019034005823, 0.00015741918527717596, -0.0001026412377469138, -0.0010693187434834795, -3.152551463381508e-05, 0.0016388687337348443, 0.000472575031005661, -0.0013024005994857685, -0.0027448131638958526, 0.0007753838766288016, 0.000381869146026608, -0.0003125583643272934, -0.001484597095415821, -0.0028955384631554996, 0.0015930890964824462, 0.004515514727302662, 0.0029728576759226653, 0.007393635174150999, 0.0006147997749834802, -0.0031512779789557846, -0.0033859781179289786, -0.0015256516504756198, 0.0022730930051524816, -0.00467611782017635, 0.004211526478874365, -0.001338759571315839, 0.0038492792416756406, 0.002861829574411607, -0.00010752988053158132, 0.0013336284624020035, 4.8722040122686686e-05, -0.0007244633894617804, 0.0016760428995521634, 0.0005678735567227478, -0.0023853689861338106, 0.001963330603417876, 0.0019020179240768038, -0.0012707462190431728, -0.0039003679325271138, 0.0013246520717830502, 0.0014927449646313362, -0.0011814515336744428, 0.0020828816281110913, -0.0007722288240477271, 0.0007896205356052064, -0.00011074644144940226, 0.0003745867312890765, -0.0008008265865790291, -0.0006946572824323195, 0.0009104119454373713, -0.0011224896351739611, 0.0016648225937935224, -2.8825838937726454e-05, -0.0005766195450997877, 0.0009639683777598832, -0.0018606337829890829, -0.00035501811964768366, -0.00012398749028667103, 0.0022684424292889215, 0.0002724162951037166, -0.001746698398132921, -2.4984061943798757e-05, 0.0012297811534214824, -0.003036688439331471, -0.003065028064672293, -0.009158875990355456, 0.0099274130422901, 0.0002730080510968319, -2.067257883004224e-05, 0.0013370289977811184, -5.533609646635303e-05, 0.00027281201921396374, 0.00031884369429994064, -0.0006282434848914345, -0.003120527843392917, -0.0009392568348838575, 0.0035521331860753837, 0.0010459789960980063, -0.0013118890877545557], ""intercept"": 0.000191412}, {""block_dimensions"": {""K"": 288}, ""coefficient"": [0.00044148113700914125, 0.005857758665678976, -0.0033019348560617036, -0.005434394135911919, -0.0009625546817137269, 0.00013047730280646338, -0.0069684132420545575, 0.001922025955325651, -0.0003339313471325225, -0.0016712332439654818, 0.0034004797448636947, 0.0024636635005529446, -0.005150986337608197, -0.0008176285274426218, -0.002595226790566388, -0.000963441848026358, -0.0025356319247359727, 0.00285855340522419, 0.007503121339601876, 0.0006412286858089569, -0.001498378981165875, -0.0006434830583184881, 0.0008500606495450226, -0.00014114463644957135, 0.0030217028610319122, 0.00024007566753119576, 0.0010615061743568504, 0.0009041757356667129, -0.0021863066299668923, 0.002973951648135057, 0.0001001358863108175, -0.0033347339506765933, 0.0011456183453584182, 0.0009115013754667452, -0.00288231069839692, -0.0027663130024052815, -0.0022578260306126067, 8.157141001940484e-05, 0.0019212982111548528, -0.0007075823611080126, -0.00122730646556406, -0.000677836709124787, 8.345743791852692e-05, 0.00024732360817372875, -0.00027602218754694803, 0.0002136159450874192, -0.001030634420536412, 0.0027595227532931674, 0.004147739580861688, 0.001250254629114091, -0.0018347076898936373, 0.0005310285496935374, 0.00035784897253331654, 0.00041867659124215884, 0.001124624689435027, 0.0025217991898048666, -0.002485788960567064, -0.0025410223990320778, 0.003763617965127222, -0.0005775296928150473, 0.0010286450730478602, 0.0014933733109677605, 0.00010385279721272215, -0.0013043491969133348, -0.0010366442784888548, 0.003458461663840983, 5.5042481338647474e-05, 0.0002699747345956028, -0.007227697505163597, 0.003026973182521847, -0.0012686309978897014, -0.0018628085273224683, -0.0014915681540489003, -0.0003504915002084779, 0.0005139333706589203, 0.0007843111523817481, 0.0012667867785584052, -0.0008478359907295026, -0.0011029635955502669, -0.0015538712535324976, -0.0014634542430132735, 0.0004834777489806181, 0.0007801875342538468, 0.004343392953032377, 0.0012045724593685535, 0.00020680456372337047, -0.0010999329554173597, 0.0011299085671213449, -0.000847742653045197, 0.0012033659708031944, 0.0013235892682298247, -0.0011566318375964286, -0.0009750593255694045, 0.0017127217265182314, -0.00035345241166994784, -0.0014706731872016765, -0.0029888752516172667, -0.00010483334109517865, 0.0026361528624216416, 0.0013585020227415998, -0.0031461412992342375, -0.005398354804389593, 0.0026742753452372943, -0.002504412872533689, 0.003246374233142603, -0.0030052437473738302, 0.007525089252649637, 0.0002873109030234107, 0.0013506862586235855, 0.0006728782318698296, 0.001843372358767607, -0.005015593067187821, -0.007555256238110659, 0.0012538163349192714, -0.0009972015756454415, -0.006836912043186997, 0.0015879240730536908, 0.006589163883669683, 0.010057204644220528, -0.0036830363655669255, -0.0035219564662529955, -0.0025589084899394605, 0.0008017025136318329, 0.003210923807615474, 0.0006348245796527628, -0.0018561934227386057, -0.0014770746256937768, 0.0011724251153168253, 0.003505411040848682, 0.0012619857245355327, 0.0015546756506903759, -0.0016185904250715145, 0.0002125318561887765, -0.004241541895372671, -0.007287130918810541, -0.00035144157638175686, -0.002069744134922219, -0.001117706258194485, 0.0005265945405318818, 3.334232999363342e-05, 0.003193003604027565, 0.004455916011185845, -0.006988337592265092, 0.0017980506039847269, -0.00374377264623215, 0.000299911872261871, -0.0010044949169028632, 0.001516922091558593, 0.0024186264074243387, 0.00053275773258767, -0.0007432205709168699, 0.0030774405319097405, -0.0002767004953405186, -0.001551198961507581, -0.0014839299727619848, -0.0021412086239271017, -0.0006575810580692328, 0.0028810898078671116, 0.0009352924312474277, 0.0003780362362217227, -0.007810054783612158, 0.012066112111602832, -0.00035064088201768983, 0.004178736154147717, -0.0035334261356942663, -0.012241212355380685, -0.00014383563527225118, 0.005921358277548156, -0.00048768332609252986, 0.0008732658068527085, 0.0015162115944443893, -7.484378216319531e-05, -9.169412756033229e-05, -0.0004205688366438858, 0.0005782276779500278, 0.00015302116621201335, 0.004019977624124746, -0.004208724741623724, 0.0026331458985795913, -0.00019499760355293886, -0.002789134434983062, 0.007871398503889813, -0.0003678292533643069, -0.004549074134631218, 0.0034231845660188044, -0.005339392812971046, 0.006544822388039951, 0.0012703692576992588, -0.009101047789978027, -0.0033700352294207913, 0.0019169989254767604, 0.0005346842433421607, 0.0034320556761216927, 0.0006200290441716632, -0.002700268357149444, 0.002954010865191746, -0.00035013733651530205, -0.003049369256041945, 0.002390857436377421, 0.0002810302805058826, -0.003090491366637564, -0.003653280771957345, 0.0004140869513287745, -0.0005705902900981012, -0.00016231443793615153, 0.003829697282383618, -0.0004429942818746956, -0.0009929030499952743, -0.00266240410368729, 0.0025872651924174323, -3.145626562555703e-05, 0.0005570483641968898, 7.368724428207397e-06, 0.0006663995158770107, -0.0007508247614425352, -0.0007590856743837881, 0.002882472951395364, -0.0017823417695673797, 0.00032790064978291124, 0.001974272603118102, -0.0007836178998667188, -0.0019938696016300007, 0.0025019851238316537, -0.0013946013507617019, -0.0014303272170869004, 0.0018710247908807916, 0.0001806813544277568, 0.0025472702514509, 0.00032088491765466906, -0.003311551118055701, -0.0023946947744066544, -0.0010836993328892056, -0.004283046416729549, 0.006045866317095149, -0.0006472829211582026, 0.0022253702652605413, 0.0034655662387381354, -8.216903053148837e-05, 0.0010173473165636586, 0.0009314133189879283, -0.0019387211686621522, 0.0020097325778725846, -0.0001354093550066851, -0.003017857084816142, 0.001257874206908752, 0.001622965776982613, -0.0023684252630991384, -0.002755141083758955, 0.0012459301180955107, 0.0028951432556227545, -0.0008413453375246242, 0.0016173135411471046, 0.000415119135900759, 0.00018171468828429867, 0.0005728923778321925, 5.4532207069242916e-05, -0.0011191268242322838, -0.002373510985651832, 0.0006363168442750769, -0.0008863178976791292, 0.0018208071094028945, -0.0004265133190286786, -0.0006083108651472826, 0.0003221963573602747, 0.00021329538212472226, 0.0013705977663399636, -0.0017580973249628198, -0.0020488327266906803, 0.0009255724260673154, 0.0008039366596115932, -0.0020247739225175768, 0.0019777989855257094, -0.0025883446719604194, -0.0012898784646649716, -0.00822388738747434, 0.008926787110438423, 0.0013145715934452641, -0.0013119228688560623, 0.0015691712026930003, -0.0015899361910909173, -0.0021683571280402044, 0.0007597852486249077, 0.003971001279632607, -0.003279766708066049, -0.001737765500217897, 0.0010004911085978818, 0.0040224196239620645, -0.0003825909891631772], ""intercept"": 0.00016905200000000092}]",289,0.0002754440337829091,0.0,3a604de324fb150be04724a6acbd8db7ea51b24abc931fa4a127c8ad46fb7d7a,ae97a2be49bd28e76cf6487a4d57630bbfbde4302929e8b087a9b567819cfc3f,False
VALIDATION_COMMON_SUPPORT,REGISTERED_JOINT_CANDIDATE,METRO_P60_JOINT_STABILITY_308767dbca00fec211564fa6,J_K,FULL_BASIS,0.0,0.1,0.10107145646477496,0.10107145646477494,0.09942792733903918,0.315321942368493,0.11950579801784146,0.0015014016804343333,0.3153219423684929,0.11950579801784146,0.7150340808197411,0.0015014133585014022,"{""block_dimensions"": {""K"": 288}, ""coefficient"": [0.0007174643641250644, 0.0014937422380894743, -0.0011857511631438384, -0.000958695451978144, 0.0006800048701568829, -0.00044621746809207324, -0.00034348313238266647, -0.0004979930611236985, 0.00042348781507744245, -0.00028191112306816935, 0.0007435556145126713, -0.00035733450250354843, 0.0005406248925429869, -0.0003093224345561912, -0.000802526065050158, 0.002261401868894643, -8.75788189762628e-05, -0.0007961487173460502, -0.0012207403573810452, -0.0010289129219571921, -0.0023075285361323964, 0.000340372634396829, 0.0025558051061419294, 0.002066765289597819, 0.0013412206127667997, -0.0003282725785069366, 0.0002250643735427078, 0.00047295318610888424, -0.00036439380408784575, -0.0007011517476587618, 7.562155526500195e-05, -0.0012346399819552992, 0.0005462677362419505, 0.0006707616815589399, -0.0007093384695159132, -0.0004573356325965441, 0.0006465399086589686, 0.0013141857161033175, -3.259671907991652e-05, -0.0014221464170888255, -0.0008839799952502325, 0.001422342056111789, -0.0015145412128050656, -0.0016682849583499536, 0.0004794464781159112, -1.333925336685887e-05, -0.00041198001560558485, 0.0017102648657209322, 0.0008635512145644398, -1.7993197846246437e-05, -0.0007800292566656097, 0.0003185867009219541, 9.792760778017693e-05, 0.00019540914934606648, 0.00035524187744690887, -0.00010813577231291865, 0.00010638021747733023, -0.0008335248094389706, 0.0014365732170117343, -0.0004548250741330998, -0.0001499480821195865, -0.0011049153157175503, -0.0009515487980804139, -8.298619148841836e-05, -0.0009853568474349115, 0.0016124939617350065, 0.0007695172107756667, -0.0007827807228274324, -0.0018109259491535536, -0.0008869487345561142, 0.0022535289979312544, 0.0006530736746685063, -2.0927088793937357e-05, 0.0006380596011351335, 0.0008928599465340185, 0.00023316860647780075, 0.00015541670435659515, 0.00016285051665398002, 7.370514767648848e-05, -0.0004983803227614852, -0.00022739676758133206, -0.0001662620113783048, 0.00041351159773230943, 0.0008752576853261158, -9.206800466392293e-05, 6.326488711546051e-05, 0.0009824473181602475, 0.0006664960375991777, -3.880984539293788e-05, 0.0005140589405297531, 9.203933120075687e-05, -0.0012913372522417156, 0.000912400738417947, 0.0028802237402197695, -0.000932167406930191, -0.001742013928883324, -0.0016937782576642712, 0.00023413280958882888, 0.0018473472802812913, 0.001035521896655882, 0.00204463246637138, -0.0028066908718307605, 0.0002714705418161486, -0.0007299642704065222, 0.001552096139296348, -0.0001500360775187118, 0.004726964741954588, -0.00016293895786692714, 0.0014268502322530084, 0.0010884105018784318, 0.0029293268988351867, -0.0020583313353187364, -0.003929120662150963, -0.00015486963242709469, -0.0006920916569101765, -0.0032408058438438163, 0.0005202401978737114, 0.0033818669141327156, 0.00416197484557678, -0.0007846276869659703, -0.0012603664268186782, -0.0008435987188540671, 0.00035537711662333424, 0.001232699138081896, 0.0003060231545946527, -8.498620456120318e-05, 0.0003606549570220848, -0.0008332952457304259, -9.704044774038678e-05, 0.000600535214847186, 0.0005328207361891843, -0.00021343251517632635, 0.0017568869470597564, -0.002793736915942373, -0.005666072339725631, -7.736925188206085e-05, -0.002459258384205171, 0.00041583542591575197, 0.00024353436877628355, -3.810758646961101e-06, 0.001883384234347777, -0.00012981480781374741, -0.0017428235510255036, 0.0002053957509141648, -6.61991400466833e-05, 6.946582317788318e-05, 0.000590087937352892, 0.00108078576823298, 0.0010483340536815665, 0.00016221316915143272, -0.0005356323790327056, 0.0006922593892928278, -0.00033142043917613363, -0.0014422785991176535, -0.0009123427308948706, -0.00028132267698426994, -0.0008059305758079956, -0.00012713400153912502, 0.0004373084296266471, 0.0009392967287871854, -0.0016518152701654354, 0.0015734385914152687, 0.0010318292712821883, 0.0013175949832598469, -0.0015165101559023524, -0.0026428334834211666, 0.0005253954947877623, 0.0017541333090594416, 0.00013655737096672794, 0.00035576652838741545, 0.0003217015113864677, 0.0005808936433782657, -0.0002223528114532577, 0.00020043476946981592, 0.00019269332301989267, -0.0006293776477259593, 0.0010682781177437397, -0.002057621277881227, 0.0014333766616855014, 0.00035224014001190374, 6.0640381090101176e-05, 0.0013877130427612297, -3.283225420232321e-05, 0.00021263352834255208, -4.6139688284479494e-05, -0.0007325458780317349, 0.0011952584017691067, -0.00027301043067393945, -0.0004711324028307891, 0.0007817389454631296, -0.0009272766777587808, -0.00028848452770321954, 0.0013126298525209402, -0.0003880264341911564, -0.0011503851696117312, 0.0017775728189776828, 0.0001264368751269408, -0.0011046342109058214, 0.0021588935467657683, 0.0003417987243895525, 0.001146101248023103, -0.0009643038533983561, -0.0014726812450482274, -0.00027518958197003543, -0.0002505426269679702, 0.0007246713427038628, -0.0001876680773658323, -8.23216998147686e-05, 0.00011535118683814358, 0.0006178121507986454, 0.00013770639420306703, -0.00026438775813823073, 3.961907994871384e-05, 0.0002717626847526593, -0.000334127488431786, -0.00016391552722733334, 0.0013463289595343566, -0.0008834917568280295, -0.00015547158125310025, 0.0007962815320291893, -0.00041381576559872227, -0.0012063808968707796, 0.0016895227786538221, -0.000906560899786942, -0.00018387414557373294, 3.982798604386804e-05, -0.0005592996771795606, 0.00012258632089068045, -0.00019264388967776326, -0.00032394101855142364, -0.0014895434522338013, 8.679261609496334e-05, -0.002132340524917702, 0.0022933983357023642, -5.631661078781992e-05, 0.00028109701347525483, 0.0013864383117685756, -0.0003957993894481165, 0.0004565517544878581, 0.00022337508327088763, -0.0003466008180790454, -0.0007920524578658161, 0.000120979357538443, -0.0012513999289222584, 0.000625530807250104, 0.0007015906061762483, -0.0007061458514854034, -0.0005131475683859551, 0.0014478338806598937, 0.0006467347061675975, 0.0004085399126966371, -6.852867248946654e-05, 0.0007491164785701601, 0.00010474401298691998, 0.0003652306227451739, -0.0001703798033457952, -0.0014079081398034382, -0.0011767199364417524, 0.0005434999717071871, -0.001226047326766106, 0.00040505349107051433, 0.0006312670507127811, 9.165657483377005e-05, 0.0001588493190739268, 0.000342384694192479, 0.0007623723429783389, 0.0004112935130909835, -0.00046909505209289753, 0.00025019767812696394, -0.00039171853959833297, 0.0006339717877069008, 0.0010458838797124603, -0.001912314614899283, -0.0006085684614479423, -0.0026022696675764394, 0.0007706068806316396, 0.0005800393482590183, 0.00015235821319464017, -0.00022113054748469364, 0.00034875937677716966, -0.0008116785165270968, 0.00014620545661123615, 0.001122231521423686, -0.0006607369973795597, -0.00021966184887125715, 0.0005623301270184807, 0.00010754434285865812, 0.00032097861560871643], ""intercept"": 0.00017409199999999988}",289,0.0001888101687701751,0.0,80acb6e02c969d97049ac9088acb156a869dc6af2f67e607803f03031ad78c72,20eec539502b09c59d06b5ff20864537cb01435e75dbe44a390b9b806f49f84c,False
OOF_COMMON_FOLDS_1_3,REGISTERED_JOINT_CANDIDATE,METRO_P60_JOINT_STABILITY_308767dbca00fec211564fa6,J_K,FULL_BASIS,0.0,0.1,0.10107145646477496,0.10078551951887998,0.10078551951887998,0.31746735189445857,0.11949129890884384,0.0017499264454235997,0.31746735189445857,0.11949129890884384,0.712137580605289,0.0017500997161679077,"[{""block_dimensions"": {""K"": 288}, ""coefficient"": [0.0009285155453280329, 0.0008158042113158835, -0.00025804051259479535, -0.0021939555682597787, -5.816956858788498e-05, 0.000208250075936391, -0.0007043577957434421, 0.0003085933718044024, 0.0001301671422885118, -0.0002269445876115724, -3.9109050657916434e-05, -0.0001858731318587436, 0.0003634169478128643, -0.0009887294659408864, -0.0006892639937231494, 0.0028884612723280283, 0.00028848882144660035, 7.746470126558186e-05, -0.001087484936797371, -0.00105064494702618, 0.00013403332419755176, -0.0010358952139147264, 0.001748295044032043, 0.0012804845247913945, 0.0013940018412132045, 0.00017409513215012603, -3.264177427374961e-05, 0.00046101603029153265, 3.904847076302834e-05, -0.0002486353311651862, -0.0001980330683816852, -0.0012276623102133743, 0.0004881781047083988, -0.0005615875104599597, 0.0005218358483712035, -0.0008806770355097477, -2.603797181333492e-05, 0.0010817925753718312, -0.0002209362549606651, 0.00014669011684576954, 0.0007772207670652784, -0.0003430258731873437, -0.0011588034121727902, -0.0008722171013700247, -0.00036110291170975476, 0.0006596970786276298, -0.00031588770958144026, 0.001167318668989958, 0.0004405635850409635, 0.0006669264913597604, -0.0007362066799806777, 9.86130906247466e-05, 0.00045783070586941825, 0.00010497134222844068, 0.00034991894617730936, 0.00011425253294997564, 3.999079465846676e-05, -0.0001467657849147123, 0.0014750382574653547, 0.0006524605706855011, 2.6171696095759888e-05, -0.0004515950843209573, -0.0003274053953253325, -0.0007039990630693552, -0.0006892752245875139, 0.0015613978376157313, 0.0002288600470028799, -0.00012277815583257626, -0.0013600407105992685, 8.390097245430745e-06, 0.0007084526658292301, 0.0007549595286332543, -0.0004305058290187601, -0.00034002865902300476, -0.00027424300525198924, 0.00023463875368033885, 4.778957797625465e-05, -0.00113288837713974, -0.0004134714676665025, -0.0010921676088320124, 0.0003552867530620448, -0.000419055366710219, 0.0003221851349953824, -2.745764548553627e-05, 0.00028960237079867656, 0.001848738419961978, 0.0004904191053243457, -0.0015793761962877996, -0.00015156116880179801, 0.0013425621114654797, 0.001100142719613815, 0.0003669838544518489, 0.0012760257418902945, 5.1946323924366836e-05, -0.001010041804898044, -0.001222668209262511, -0.001433329034913315, -0.00044475384027759137, 0.0014715648579686784, 0.0008148012689724504, 0.0004926751995018894, -0.001254653781450434, 0.0009538305215419839, 0.0005384586547746929, 0.0034941660229145547, 2.191416225072381e-05, 0.0017997581565943098, -0.00048340126078906694, -0.0010622246922708401, 0.0004503213018565828, -0.0012219628343696637, -0.004370829786470319, 0.0020728029823689916, 0.0002480326424920321, -0.0011964503549021688, -0.001593803195673841, 0.001503001885300923, 0.0035658152735742136, 0.0034195484036274783, -0.0005185947154680977, 0.0013902508388886254, -0.0006484721266842878, 0.00022725499634730336, -0.0011708863468086472, -7.228556243451362e-05, 8.535554714273261e-05, 0.0005615719709575048, 0.0006909673113930514, -0.00034826408896013113, -0.00041878147255861205, -0.000429224256055226, 0.0008991029300108662, -0.004655760532297964, -0.0024732606850534785, 0.00013960054277294327, -0.003568516402140039, 0.0012038839718105175, -0.0005698887772939775, 0.00016606470947323984, -0.000372051239385795, 0.003145699896948554, -0.001999045480363565, 0.0006117494391467237, -0.0004231832004374361, -6.505476398870973e-05, 0.0008548465956720197, -5.018125158544762e-05, -0.0005255500731619386, -0.0009940287162479087, -0.0001775648579895112, 0.0010005618464454897, -9.87365951704181e-05, 0.001360460519664473, 0.0002212006352377583, -0.0001435989823535149, 0.0009438759948522016, -0.0006857035254604245, -0.00017889787366230035, 0.00023537752339206197, 0.0012912832097471364, -0.0006636265533636066, -0.001336453024232811, 0.0006845311965356945, 0.0010990386445730214, -1.4795068404088439e-05, 0.000982768628086999, 0.0015665262215730274, -0.001930928061616935, -7.648807742649634e-05, -0.0003285993641396375, 0.0006748514388117427, -0.00011550958971204366, 0.0003929185695792018, -0.0011011294530556062, 0.00032402600572042, 0.0005333714236273733, 0.0014537840140142048, -0.0002399799194961369, 0.0007226067975535505, 0.00017186508750305788, 0.0016564882795605269, 0.0003442208963233393, -7.303840823557179e-05, 0.00015380740105673947, -0.0008533761263066463, -0.0005191167440206137, 0.0009382668459835471, 3.0839023278364954e-05, -0.00030338754325551334, -0.000202175249203251, 0.0007068805713110952, -0.0012339822175325465, 0.002455883168828301, -0.0018429938362939761, 0.00010129622712451792, 0.0023016974017294246, -0.0005746019283813645, -0.002088940476126356, 0.001002277195257348, 0.0006479663147450455, 0.0011659607794901707, -0.00018834003677524767, -0.0006469974402536297, 0.000625194781097193, -0.00012075217159567285, 0.0006753483274146768, -0.00034036094025250205, -0.000333056436152627, 0.0005395474373369337, 0.00028738574645968896, -0.0007217672279989281, -0.00020284734839667038, -0.0008419555721561976, -4.3933223555242665e-05, -0.00019693815176214432, -0.0004281756227336155, -0.0028230858088961735, -0.0010371109342660271, 0.00032572766342380655, -0.0018248981637505348, -0.0008291560558675722, 0.00248445303618249, -0.0009748019823141984, 0.0011358545965691942, 0.0014765209739483335, 0.0002526265458940493, 0.003075842597220428, -0.00029972954605158653, 0.00028525658906639615, -0.0004349922940330136, -0.0012780746907652438, 0.0005447628485957236, -0.0034384166009291065, 0.0028933301731773223, 0.0003524258415345976, 0.0006988951956533772, 0.0013742004792171535, 0.00012665867481670475, -1.6293498459917623e-05, 0.0004432639437315885, 2.8796967673219356e-05, -0.000359690430903129, -0.0001148736924395162, -0.001235195576611032, 0.000542574540392867, -0.0005867517950072339, 0.0005590465650846516, -0.0009121552100377025, 0.00023020552893245595, 0.0007658204933952699, -0.0005825102694878571, 0.00019134071982206615, 0.00018622850033904052, -0.0009661985297527097, -0.001051374839445189, -0.00042299972890938215, 2.845008376649728e-05, 0.0003227279673138318, 0.0009752532771528758, -0.00110549736118246, 0.000867750691452079, 0.0003747060068981606, 0.0003109370651684472, 0.002625589098640829, -0.0003648573287512951, 2.421343867249024e-05, -0.00045508745400576117, 0.0003807078857371081, 9.167637421628548e-05, 0.0004065778747502991, -0.00019677477596208426, 8.766648396332544e-05, -0.0014273555507277322, 0.0011643360817216164, -0.002572779975785992, 0.0011450524006038183, -0.0006739367543900087, 0.0004936652819298988, 0.000117603828504851, -0.00023674538266092035, -0.0004117865616468605, 0.0004248202478197747, -8.315469980727095e-05, -0.000516947669669742, -0.0003987284358573247, 0.0007997624497255399, -0.00020283557488015504, 0.000233043810207069], ""intercept"": -0.00012420800000000328}, {""block_dimensions"": {""K"": 288}, ""coefficient"": [0.0010389983325537078, 0.0011896628944626727, -0.000613098187329544, -0.0013955845175274554, -1.7883920995439904e-05, 0.0004114503654928993, -0.0005553969026840659, 1.493429279009056e-05, 0.00012978554569810367, 0.00019796436923291845, 0.0003775721797883431, -0.00031483991706209746, 9.624186292700802e-05, -0.0005286955114425737, -0.0006718075264566738, 0.0023705738923645065, -8.917380927237476e-06, -0.00048673919330375975, -0.001257280146288527, 0.0017810011838180748, -0.0016732606129896824, 0.0022890180757211445, 0.0001046279378262807, -0.0011546871521382997, 0.0012942844172383723, -0.0003051477445013125, 3.24926643019958e-05, 0.0006137874625941135, -6.633594200368546e-06, -0.0003846654307431944, -4.503178795298274e-05, -0.00041589531948321766, 0.0006081995434605392, 0.000611800821740061, -0.0005179304391483303, -0.0012099153955838575, 0.0002485544402041765, -0.0023864618484817418, 0.001401825749913514, 0.0006298692023160484, -0.0006838079199775198, -0.0007795668945739832, 0.00048458120025005177, -0.00027253508330567596, -0.000792432578570422, 0.000697888382721168, -0.0007072116857520612, 0.0009839525953692248, 0.0004143750640940961, 0.0004152587980992851, -0.000661075892197385, 0.00027975835034440574, 0.0003660373641132229, 1.369710227058427e-05, 0.0004713561621316449, 3.314283695637965e-05, -0.0001047751778044736, -0.0005981225345333758, 0.001408521775406894, 2.874440297783825e-05, 0.00013120308780764582, -0.0003442009400420802, -0.0009260554390876706, -0.0005569486807056963, -0.0005099309209360108, 0.0013871562240489522, 0.00044672613226226065, -0.0006514716737633017, -0.0016361328263636145, 0.00011052049376137915, -0.0003718723340014986, 0.001574831039709723, -0.000590453859379867, 0.0004868504361974025, -0.0002373460816746303, 0.0002373755301819783, 0.00020423093641562848, -0.0007355838768388954, -0.00046677831590862803, -0.00021358279489993686, -9.676245347583247e-06, 6.13581410020455e-05, -0.0001259079782782173, 0.0007441411206359191, 0.0010105166269879864, 0.002009155222939223, 0.0006543535765884718, -0.002054140461565019, -0.0005755440749845505, 0.0009887193668966046, 0.000614652829347744, 0.0003880692853142472, 0.0012323532784374767, 0.0014426954904347888, -0.0020979010683591427, -0.002110480151966723, -0.0014685574904036432, -0.00021055998584847068, 0.0013169477494093301, 0.0007203480674147164, 0.002022428169062106, -0.001983811410713369, -0.0003990425825474636, -0.001171992377591176, 0.0006041047477340099, -0.0003570187749867899, 0.004500647556054645, -0.00010656220689245026, -0.0005628256346675614, 9.150163642403881e-05, 0.002342940694922884, -0.0011735308429086531, -0.004255971270852773, 1.484489038092542e-05, -0.0007447500583548677, -0.0018530673510324047, 0.0003647715635685468, 0.003624639881992996, 0.004390982620004446, -0.0005778703661291507, 0.0010466464823567318, -0.00037903636330128393, 0.00012968842853859424, -0.0012379205376414815, -1.5135219535232124e-05, 0.00016896859266001544, 0.0004456075971708142, 0.0009536495814187537, 0.00015081971026649612, -0.00010262295933685257, -0.0005127929607162014, 0.0005151061692285115, 0.0008846119400167442, -0.003414285327855345, -0.004857479198751648, -0.00021392413485688563, -0.0017097656066005242, -0.00038856883874027363, -0.0002650972890948652, -0.0007310213163910879, 0.0032979984895902606, -0.002651196147810906, 0.0005157371301694594, 0.00017403263266412334, -0.0003849651221229112, -6.639379137790498e-05, -0.0015914666470420152, -0.00014116781881638718, 0.0006933926172027351, 0.0005999312925148695, 8.651914756577121e-05, 0.0018343035145235323, -0.001169137818319219, 0.00017461360446973794, -0.0005864317938695587, 0.00039639679530726376, -0.0007754800713227553, 1.5238610076269536e-05, 0.00023276004023961949, 0.0009041667948274117, -0.0015773040752817102, 0.0017103675440240118, 0.0015536148904742105, 0.0007474445564455998, -0.0002230134421988203, -0.004131312766375884, 0.0006062961039007953, 0.0020540838566870277, 0.0003671851704052434, 0.0005377378585589469, 0.0010878478393400557, -0.000587478482850442, 0.0007454879203383425, -0.0007508899318406111, 0.0011951248427633282, 0.0002818674889581129, 0.001465259899431426, -0.0012561902649410113, 0.0014063593290129406, -5.8673963481272e-05, 0.00047638177749355663, 0.0016793592961079345, 6.195047490594641e-05, -0.0002628653649202918, -0.00024559349886793075, -0.0002006027525033562, 0.0012738390147346216, -0.0005904044216236937, -0.000618410929458802, 0.0007162061243270255, -0.0008369230570891696, -0.00022494806631303418, 0.002543852104554891, 0.0017379155847015615, -0.0012252178162353207, 0.00173299422978888, -0.0012334887319941257, -0.0021652011808298045, 0.000490316616131933, 0.0009862622506183732, 0.0009669444194115228, -0.001115589957160255, -0.0008416912331624759, -8.854574516845369e-05, -4.601972274562904e-05, 0.0006001908238124791, 6.127932108713195e-05, 0.00031065066595367484, 0.00018747067559548718, 0.0003310617753865204, -0.00015453605899185858, -0.00020092698448045593, -0.00022279517869862856, 0.00023693086060227154, 0.00011250087193776873, 0.00040237621041741187, -0.0014868457533261635, -0.002115203077709413, 0.00033525301253826544, -0.0010625765680859086, -0.00023338088637973634, -0.0002457338029227492, -0.0022364114695333404, 0.0014850960767118899, 0.002812143874836971, 0.00044752678517761396, 0.0034237524044759943, -0.0002916492344106925, -3.775650716597833e-05, -0.0005365424132145029, -0.0008962704301138265, 0.00033273646948170404, -0.0030363376421774003, 0.0021707315563688225, -0.00045931178452588686, 0.0012931913250723531, 0.0013222356697833529, -0.0003154096243111953, 0.0005928714352897392, 2.2762962713696292e-05, 2.567080595952648e-06, -0.0004822150355666458, 3.366341145769132e-05, -0.00045134803964457686, 0.0006541654643338194, 0.000659322698775495, -0.0005402079454485573, -0.001206038153534211, 0.0010444370851351095, 0.00019310476149070858, -0.00026006783119722764, 0.000969389483404207, -0.0005609208698251399, 0.0006981884054577809, -0.0003312970890808439, 0.00017592310801934434, -0.0008500182447649204, -0.0003352238309793339, 0.0006124640767088805, -0.0007704435319137135, 0.0011157596019143836, 0.0005038434663173979, -0.00048590440119027165, 0.0005207275116583326, -0.00040885072168092687, 0.0003657636443373755, 0.00012804479333125435, 0.00026377559898886263, -0.00016374964674821933, -0.00029979640852222117, 5.06429685417077e-05, 0.00041157613524585334, -0.0009110171396015507, -0.00034093944100096904, -0.0025632256355714307, 0.00114181264926562, 0.0001869796978417004, 0.0004425141152366179, 0.00014950254528959845, 0.0002111658291089256, -0.00023904583737048156, 0.00041285711758264266, 5.391133483603645e-05, -0.0011236487396153742, -0.00012555809164372582, 0.0006036476247192539, 0.0002606340425714293, -0.00026900367549606156], ""intercept"": 0.000191412}, {""block_dimensions"": {""K"": 288}, ""coefficient"": [0.0005271527434887797, 0.0014931204989664629, -0.000725437294715039, -0.0014598953224994502, 0.00019834871573067828, 6.029626816781005e-05, -0.0011302420078390457, -0.0003171446242800862, 0.00022944221619915385, -0.00012542191346630018, 0.00042837558179495405, -0.0003415975825502357, -0.0019153460497716296, -8.657059862910139e-05, -0.0006791316884235323, -0.0001002114450213594, -0.0011401348523098456, 0.00022175984080782438, 0.0027473450442506804, -0.0005886645689355417, -0.0013571030692403156, 0.0001357762905724571, 0.002135486069963283, 0.0018382269237869338, 0.0014326617793627068, -0.0001478922273016655, 0.00016924354617513742, 0.0003976183920818676, -5.945366468639375e-05, -0.0004916143078325372, -9.362601140620892e-05, -0.0004792677081305695, 0.0005255843675896776, 0.0005444867777224662, -0.0007187344468162848, -0.001178021645707702, -0.0017164486184862635, -0.00012169470598660662, 0.0016556512275383295, -0.0006345429820085001, -0.0006314925389388132, -0.0009124441262221531, 0.00015363170654663264, 0.0006048631596231414, -0.00018320268865491848, 0.0006292585578826619, -0.0005701137469873672, 0.0012218988427941926, 0.0010147514120976307, 4.357094711029615e-05, -0.0007698848933851607, 0.00015338094077428185, 0.0003164590789202943, 0.00016476823712856082, 0.0003054954876871088, 0.0003177459263937495, -0.00014024561136609116, -0.00035851982022449587, 0.0015708535304440117, 7.389767637304827e-05, 0.0002746701195089368, -0.0006844427710237494, -0.0004024436300109397, -0.0010179301508452497, -0.0005637808281367725, 0.0017444312670040639, 0.0002600848401271222, -0.0005180509968818485, -0.0019265730028846263, 0.0016710949093197806, -0.00014732025433507543, 0.00021204008417801556, -0.0005253997514279189, 0.00017891787228350032, -0.00010459486393713099, 0.0002760930169446329, 0.0003215148707074811, -0.0002916051142079877, -0.0002623492659075524, -0.0004904763939229342, -2.2036490263306735e-05, -5.1551876599535495e-05, 0.00010063814325289744, 0.0005953337601850176, 0.000836711032841355, 0.0006031279086498467, -0.00021978171448962602, 0.0007984889484747323, -0.0001856665878396771, 0.0004170770692497704, 0.0009260933002674312, -0.0009069255497083126, 0.0006148474209096662, 0.0015064339035221002, -0.0006373839706016346, -0.0007669872304357206, -0.0014084753519178258, -0.0003317414151346613, 0.0012650594814715829, 0.0006648411771408098, 0.0020195091289550633, -0.002104964148157726, 0.00027627998974429053, -0.0006610820224020944, 0.001094392897191365, -0.00046326106283529526, 0.004833176931284106, -0.0002612553249460017, 0.0003398432763004807, 0.000591047096565944, 0.0026941431760752602, -0.002043747101766873, -0.004133278004247288, 1.2731482454948456e-07, -0.0010905884519591812, -0.0022340706035864567, 0.0004517457347859051, 0.003365966530048778, 0.004874577707414272, -0.0007161726166943389, -0.001025929735063476, -0.0006581930325131357, 0.000369737655112027, 0.0011668584832213824, 1.3580375560786163e-05, 2.092905206495794e-05, 0.00015060432089121858, 0.0003580579612882757, 6.927185805777633e-05, -9.832166017315008e-05, 0.0005706210456836381, -0.0004830660057062003, 0.0005611502331515836, -0.0026421075853139847, -0.004905081495851973, 0.00012551498976535368, -0.001717242280964136, 0.0003928455253833837, 0.0006697316824681131, -4.8054652718058894e-05, 0.0025497452167000914, 0.00033022756527551037, -0.0021655770404736922, 8.328664650251908e-05, -0.0003370116716239195, -5.472203579935938e-06, -0.0008426531317398569, 0.00039026430582414474, 0.0013590113698898798, -5.134403297984064e-05, 4.613533116284253e-05, 0.0016929639984965088, -0.0003460695900686487, -0.0006637194030378273, -0.0009445496443939845, -0.0004470402539369042, -0.0006097269291441984, -1.3055460254549346e-05, 0.0004015503148133, 0.0007062443371464684, -0.002112927075136387, 0.0027844950219303236, 0.0009185914564146674, 0.0016314494515147183, -0.0013861171827847605, -0.0030805201546688986, 0.0009522331083977453, 0.0016487551368643803, 0.0001539886602037806, 0.000997149602079755, 0.001016207233133405, 0.00011032980780618431, -0.0001579653601181807, -0.0007601409789567129, 0.00039190604422723464, 0.0002615847138402051, 0.001372083552911659, -0.0022927553832238928, 0.0013548720336267778, -0.0004785722669727263, 0.00020712227782496628, 0.0013847813619265572, -0.00011946835517905976, -0.00016745557945878385, -3.0307749396817804e-05, -0.0007830698289323873, 0.0010102546992115742, -0.00019624355688480126, -0.0011136036784405727, -0.00023638809732938668, 0.0007547788059231916, -0.00039030520030686834, 0.0024735342527897734, 0.0005038846760506942, -0.0017474469815168417, 0.002116525950095608, -0.000288541694460681, -0.0021803212339597676, 0.0017679430721911729, 0.00048663706266978337, 7.306836838294295e-05, -0.0010666880486718232, -0.0007403886123015127, -0.000555800742205347, -0.00021019257811099362, 0.0007272342031322959, 5.7265190413593857e-05, -0.0002204930129949217, 9.423153068503139e-05, 0.0006841991949932013, -0.00016629156557637764, -5.908874753167478e-06, 5.6619618861998e-06, 0.0004706462734313453, -0.00018001638489942377, -0.00020440735590457064, 0.0018692883860641908, -0.001344447356728057, 0.0001233328052306351, 0.001714900397777236, -0.0006440342857783411, -0.0014164640487892627, 0.001787782156955038, -0.0015037145765050542, -8.379967057738849e-05, 0.00029336218590909343, -0.0002545836320929763, -0.0004444145072291975, 0.00023349931150097554, -0.0006496150939334862, -0.0009298806745885015, -0.00032564399135655183, -0.0029422568269740507, 0.0027887551495542197, -0.00022349254379407246, 0.0008138939117820414, 0.0014884817929786262, -0.00019839666314729217, 0.00038915939104893166, 0.00016807389730252913, -6.15042224973939e-05, -0.0005952153714489683, -4.580157364604333e-05, -0.0004953739582070317, 0.0005869996502538862, 0.0005896829758460499, -0.0006958447254130836, -0.0011757779965181853, 0.0008288417119969594, 0.0007584668419777265, 0.00022230375498994199, 0.0007137037027967319, 0.0001218786134797308, 0.0001917217048642403, 0.00046288075870565455, -0.0001496176582688332, -0.0011390385731861782, -0.00176178847260761, 0.0005063289115720166, -0.0006359663813389366, 0.0011249805537458543, -0.00019590988948565679, -2.0063802491833955e-05, 5.028921919004428e-05, -0.00026012831948013987, 0.0011156870276597844, -0.0004794529747412715, -0.0004425505163996485, 0.00013185705245721195, -4.340495677924567e-05, -0.00023901312040009202, 0.0005768392415942985, -0.0009251357367694457, -5.316368876273365e-05, -0.0022306501114930156, 0.0010157656381666622, 0.0003984748085069377, 0.0003843317670784761, 0.0003053100659952613, 0.0004943418962289481, -0.0009326361418703752, 0.0004847165832128267, 0.001300902276729005, -0.0012539033822385906, -0.00030863123843942166, 0.00045266031826858143, 0.0006971917031306943, -0.00043387347145475673], ""intercept"": 0.00016905200000000092}]",289,0.00019156554765590995,0.0,3a604de324fb150be04724a6acbd8db7ea51b24abc931fa4a127c8ad46fb7d7a,743d6aee49cf6c228a9230d1cc728bf56b499aa82e12af92bb2546ff16d8a90f,False
VALIDATION_COMMON_SUPPORT,REGISTERED_JOINT_CANDIDATE,METRO_P60_JOINT_STABILITY_f31560c6859347eaa9085fae,J_K,FULL_BASIS,0.0,1.0,0.1010979053381812,0.1010979053381812,0.09944805465141135,0.31535385624946993,0.11693663846916764,0.0012992744338007345,0.31535385624946993,0.11693663846916764,0.7149763948332757,0.0012992861142316903,"{""block_dimensions"": {""K"": 288}, ""coefficient"": [0.0002979537917781491, 0.00027083903315224244, -0.00019313210380380696, -0.0002923951958212449, 0.00020332258827899643, -0.00013913535754739412, -0.00015371176741167442, -7.61600889150265e-05, 8.376230712964289e-05, -6.065970984680397e-06, 1.2080435023223934e-05, -0.00011498893505393553, 4.80352676165391e-05, -2.200716103776806e-05, -0.00014323673572886144, 0.000578058739014438, -3.084928918288616e-05, -0.00020857620545208512, -0.000266790233375384, -0.000155623904298511, -0.00044394951393627696, 3.7438176056210974e-05, 0.0006440520192175971, 0.0005049671769334939, 0.0002708510023766027, -9.906190531519364e-05, -5.213781488187515e-05, 0.00014237638268608385, 9.08138077244948e-05, -0.00019884161849762147, 1.0892662975888184e-05, -0.0002097138749673349, 9.535336018511163e-05, 0.00020067394280206657, -0.00015732985562786513, 1.0820414958194479e-05, -1.8595194988907027e-05, 0.0007087753025792788, 0.0003998053524508838, -0.0006531559335714668, -0.0001730664604406991, 0.0009000229846755515, -0.0003303347278655038, -0.0010108932027328161, -9.45147277690716e-06, 0.00020267825386109659, -1.0339810552565377e-05, 0.000342757953822195, 0.00017042789118553936, -1.7126128461254145e-05, -0.0002059116529396484, 7.515686292562338e-05, 6.160616331879293e-05, -2.6382421108973215e-05, 0.00010552217914117537, -1.2800129993126685e-05, 1.1526959786203406e-05, -0.00010711154639939554, 0.0003448855459688452, -2.8649530308305173e-05, 0.00019527923266112653, -0.0004212579713709825, -0.0003927253967636992, 9.072838215133026e-05, -0.00029117264073624604, 0.0005754733495443033, 0.00021170854451275234, 0.00010695522571177087, -0.00040918624907276786, 0.00011316980633257119, 0.000632681141935709, 0.0003967899741479567, -7.832220846059204e-05, 9.67414457177433e-05, 4.733921275725827e-05, 7.048154755505364e-05, 5.653498358093277e-05, -2.0627029697348226e-05, 5.562527896244692e-05, -0.0001885760023831933, 1.335636505583019e-05, -0.00018415232809410785, 5.11091884710682e-05, -4.536843068805475e-05, 0.0002458516504837011, 0.000531615836682378, 4.7835570867327854e-05, 0.00020085561164469399, -3.327127746528311e-05, 4.656879878673542e-05, 3.396298889728e-05, -0.0003506348292935248, 0.001107569443536468, 0.0007431908601363579, -0.0005111877188204045, -0.0001103356882313292, -0.0005350515089560773, -1.4076669333381413e-05, 0.000500754325598439, 0.00018262041696780136, 0.0012911493378084977, -0.0005644462865677339, -0.00016698816231315944, -0.00019397892636926223, 0.0010220120191522853, 5.417807360991867e-05, 0.001553923627486965, 8.040439575375182e-06, 0.0002665546243304882, 4.979429020049381e-07, 0.0009264209797476508, -0.00035256332643582533, -0.0009328043183166768, -0.00010755585065840634, 5.2023965993466715e-05, -0.0007191472052089522, 0.00011980340914736505, 0.0008415869627706623, 0.0010930088208108717, -8.500241372028261e-05, -0.00034315156355789066, -0.0001263294432294729, 4.8736818984823646e-05, 0.0002938890634116413, 0.0001571744686640365, 2.0847566394945863e-05, 7.84083107210828e-06, 8.858327401739667e-06, -4.120785579502327e-06, 0.00013476975835392338, 6.764888750164107e-05, 2.6230945924597184e-05, 0.0009494611389055071, -0.0007908390194662808, -0.0023983456151913055, 0.0004498243618797839, -0.0005812271721074743, 0.0002228818045026799, 0.00013110514667153398, 0.00014360158113711107, 0.0007326635197470096, -0.00012098661846236275, -0.0006378864130256308, -0.00016525019248280162, -3.271174608801093e-05, 8.609368419467163e-05, -2.772627444700779e-05, 0.0001709499335399541, 0.00013332844001957231, -2.160358464098035e-05, -1.7071722108411792e-05, 0.0002309383468461737, -0.0001777726273461429, -0.0002042598046294883, -0.00036345421878200665, 9.549048734186784e-05, -0.0002611147500688758, -6.474292272380491e-05, 6.416805791346622e-05, 0.00026448215207381515, -0.00010194763739792062, 0.00011346655463699517, 0.0006436657481891949, 0.00040704780329774024, -0.0003995388538875561, -0.0001261511955288411, 0.0005712593317906803, 0.0006095629255869188, 0.00032601398929036057, -2.6063488301027967e-05, 4.260075773369034e-05, 2.5878765039715415e-06, 1.2592671641457126e-05, -2.0863645569906485e-05, 0.00020131660848727163, -0.0003761409482143328, 0.00023939493866424765, -0.0006083581239737728, 0.0004159453791744017, -0.00014581762812683515, 0.0001606542725745842, 0.00014924463002755528, 3.961468421564418e-05, 4.8711517130775466e-05, 1.394083452834617e-05, -9.950660484727843e-05, 0.00024650985896151304, -4.438266357706904e-05, -5.700260321081645e-05, 0.00024493611697045943, -1.1463613501362866e-05, -5.678980702288076e-05, 0.0003660242669932532, -7.643625717109323e-05, 6.733993260566374e-05, 0.000529729763771424, -6.164498201390141e-05, -0.0005383466917122169, 0.0009065037417097471, 0.00031201869957434193, 0.00054396255929636, -0.00022822219410477933, -0.0005680283673917416, -0.00028195829671730677, -0.00011339326808146157, 0.00012738331049000985, -3.00433688646694e-05, 7.565226624757154e-05, 3.468003547304893e-05, 0.00022342857525937308, -8.86788692367941e-05, -8.149295802555092e-05, -8.492907562307353e-05, 0.0001834193157364512, -8.035967848169647e-05, 7.67954026464332e-05, 0.0005115700257371352, -0.000468917343380054, 2.5822145909575794e-05, 0.0003739942701958113, -0.0001078076622858646, -7.251523963940953e-05, 0.00058070730143532, -0.0003449194584549948, 0.00029961160596823965, 4.492667365096364e-05, -0.00010052408007811709, -0.000254672666966302, 0.00013812013595687094, 8.182928735782099e-05, -0.0007641533096876688, 1.930705144681174e-06, -0.0011780676413304693, 0.0006160226712988667, -0.00015504248880903718, 2.6435088275353576e-05, 0.00029006580568296066, -0.00011393686191261039, 0.00013605691125290987, -4.592900763180353e-05, 7.907323102278685e-05, -0.00021417696618821914, 2.895557041105672e-05, -0.0002190667041799183, 0.00012059133144555053, 0.00019530291510548562, -0.00016670030698932083, -9.243054282447255e-06, 0.0009968461083117947, -0.000123763964196324, 0.00034819239809115676, -0.00022229889068386323, -9.171822828266582e-05, -3.5006380564368094e-05, 0.00010090329432171543, -3.91781615557567e-05, -0.000769352844465033, -0.0004605138372904723, 0.0002838898122349865, -0.00036079049081083007, 7.293892069915626e-05, 0.00012856062490136495, 1.0738887229208031e-05, -0.00011900540275547188, 5.671950021330996e-05, 0.0002619191640892035, 0.00012128092564001389, -2.2758677048081794e-06, 8.92026429923292e-05, 2.312551182423052e-05, 0.00013336826032881973, 0.0002223392917816862, -0.0006255825967926913, -0.0002286314958324622, -0.0004004147378787614, -0.00028091453842424004, 0.00016272339375597607, 5.213242570383111e-05, -0.00019824600723909107, 0.00014580509365422884, -6.250221278710259e-05, 0.0001288173359125225, 0.0002111692099961516, -0.00017007393743487085, 4.2663879941658405e-05, 0.00016848467369270413, 0.00014604055620230666, 9.489981472267557e-05], ""intercept"": 0.00017409199999999988}",289,8.357357710208596e-05,0.0,80acb6e02c969d97049ac9088acb156a869dc6af2f67e607803f03031ad78c72,8d294a209ded50519a96500d06e68be230c760b50b66bf49d99833213aa88452,False
OOF_COMMON_FOLDS_1_3,REGISTERED_JOINT_CANDIDATE,METRO_P60_JOINT_STABILITY_f31560c6859347eaa9085fae,J_K,FULL_BASIS,0.0,1.0,0.1010979053381812,0.1008275125956537,0.1008275125956537,0.31753348263711295,0.11710617172781491,0.001333997726910674,0.31753348263711295,0.11710617172781491,0.7120176404716705,0.0013341710698495657,"[{""block_dimensions"": {""K"": 288}, ""coefficient"": [0.0001597437887819773, 6.319331480102409e-05, -0.00018094089766965713, -0.0005934012924904714, -8.16949542010868e-06, 5.1202897747529164e-08, -0.0001741566036341262, 5.2750328369215806e-05, -1.4161568993394736e-05, 3.7551275722372526e-05, -8.004774413638702e-05, -6.019189655020012e-05, 8.631620244835707e-05, -0.00014321924565776657, -0.00014100353277238353, 0.0007332568708222701, 4.723501453272315e-05, 4.245613347423079e-06, -0.00021050703464883482, -0.00010871928469763694, 3.800711167889937e-05, -0.00021928137082199978, 0.0005302474066028087, 0.00047704652366263426, 0.0002387283856244275, -0.00011183555767838713, -0.0001171860232194158, 0.00013286382728151848, 9.001093283996769e-05, -0.00012512683677216028, -9.24227696757559e-05, -0.00021011443985608928, 3.329384726989451e-05, -0.00015592219397766985, 0.00010107363375806548, -5.574297894721358e-05, -0.0003066298790887501, 0.0006488897540848577, 0.0002541788418152028, 0.00010821402119494018, 0.0005710616262576178, -0.000365499400207465, -0.00021866524073469958, -9.054700209159278e-05, -0.00029347866912824886, 0.0003324015355628488, 2.549081425845562e-05, 0.0003098724069515274, 0.00011499983783683176, 7.38864408798225e-05, -0.00019342669553716566, -2.829927847643207e-06, 0.0001031420020575834, -6.0354718399502916e-05, 0.00010635576011613633, 2.9397109904749872e-05, 8.432218841884977e-06, -9.356805937030835e-06, 0.0003291026008906619, 8.375066859500938e-05, 0.00014296289268558038, -0.0004678062706349407, -0.00022871852411934906, -0.00015864768025732257, -0.0001388551534187535, 0.0005277295415723688, 2.4587209623875685e-05, 0.00013876096437899952, -0.000457798205870956, 0.0002632642224467123, 0.00025672340301972164, 0.00037660672682358215, -0.00019136815355746858, -4.367990024238338e-05, -5.277089757726958e-05, 2.4624421049713276e-06, -1.0872477288227099e-05, -0.0002184096837241896, -5.610329818901024e-05, -0.00017331909311813255, 1.8126413907827096e-05, -0.00010120850776993344, -4.1847170866804376e-05, -0.00022749387689084054, -0.00014143412646253227, 0.001035035953864428, 9.458651843889809e-05, -0.0002666392703230771, -2.665591010404243e-05, 0.0003481936459026388, 0.0002976319938690018, 5.6554567561408584e-05, 0.0012574191420354388, -7.14905885318002e-05, -0.0006393510570765014, -4.950187308634285e-05, -0.000541933128733513, -0.00016811586061653278, 0.0004194032327706915, 0.00011806538687920512, 8.428595176304566e-05, -0.00024518625219327575, 0.001014879671003997, -0.00021557550740256172, 0.0014004920899458341, 6.300372096704994e-05, 0.0013358555223042833, -1.4841185298152348e-05, -0.00017424499987414672, -1.0463902972622252e-05, 2.0883484395094158e-05, -0.0009279383717026639, 0.0009034658955863112, -5.7535241467616664e-05, -9.342905399003513e-05, -0.0004511354786543102, 0.00027938970810456034, 0.0007261025147288537, 0.001088625831288761, -0.00010090903375565939, 0.00029954665042574824, -0.00014965180729804904, 3.919250935077089e-06, -0.0003504225579549085, 5.525337053497462e-05, 3.360921290403866e-05, 0.00016122949408486705, 7.986755458876812e-05, 5.189407270200223e-06, -6.0469227997720895e-05, 2.4997992789163384e-05, 0.00013142966855778744, -0.002032387409625938, -0.0003189265422380528, 0.00045647746642825426, -0.0012906697549914918, 0.0010404006035654486, -0.0002613178602471736, 0.00017917213653109457, -7.704310339135548e-05, 0.0009572759805636067, -0.0006350065698071919, 5.0162313540687986e-05, -0.00012774141428715093, -9.54573078890869e-06, -8.663789127340613e-05, -6.936199307424891e-06, -0.000168543206994856, -0.00014154372497317494, 5.144608716500013e-05, 0.00027371356096577484, -0.00014935592906985194, 0.00029611600400831605, -4.955563077374556e-05, 6.803588970872265e-06, 0.00014544750909041486, -0.0002653313058617791, -0.00010919404532574351, 8.293315573547376e-06, 0.00027822767683599283, -0.00018814456772351092, -0.00017872177277019417, 0.0003562685657222457, 0.0002360407329289621, -0.00016146744426320537, 0.0005734129893402922, 0.0006123313184202992, -0.00015575786505127163, -0.0001421455059792109, -3.483331847207437e-05, 0.00018256738748491917, -0.00017213385751724023, 0.00026315707717327637, -0.0004729669775247487, -3.652908590457153e-05, 0.0004034096276127723, 0.00011832775889285839, 0.00012033356200754047, 0.0001359060200457737, -0.00018678661320632132, 0.0001735380249531323, 0.0001758890651122884, 4.078861317325845e-05, 5.225475681464764e-05, -0.00010206875671321962, -9.007530699469234e-05, 0.00019475472909093292, -4.354039449402952e-05, 1.5542268223815027e-05, -3.345068070800868e-05, 0.0002131273019390283, -0.0001682189928368034, 0.0007683604972118311, -0.0002817357319632713, 5.1852795338371596e-05, 0.0006165542344495336, -0.00018715053909709126, -0.0008205788214967416, 0.0005457328417950044, 0.00032300765912875363, 0.0006303058164247107, -0.00037086415523689706, -0.00010651697247055402, -3.586305504060456e-05, -7.611081511605983e-05, 0.00015234094374849943, -1.1502985166586045e-05, 4.108985025957815e-06, 9.958502190342134e-05, 0.00010369203428922597, -0.00037618258902966204, -0.00010283500532675106, -0.00037855590426094215, 6.460498706670204e-05, -9.341656071582291e-05, 2.395270821329811e-06, -0.0007525413943851825, 0.000141948742426336, 0.0001149049749486313, -0.0004353361059969612, -0.00025970816021092215, 0.0009214275532027947, -0.0006423451872983852, 0.0007481585722256475, 0.0005046211880650774, 9.090387927430668e-05, 0.0007378086356524138, -9.840139556788014e-05, 0.00028603803339580344, 0.00010786807664806104, -0.0005776738927325349, 0.00011501482415173672, -0.001371879649909995, 0.0006989814019061052, -6.746510455860066e-05, 4.376956018144226e-05, 0.0002547499127769003, -0.00011577839945515473, -0.00010590753070896881, 0.00012813287065300226, 7.630909638375214e-05, -0.00014225705785180428, -6.685048373738469e-05, -0.000217712763457578, 5.9870606261421e-05, -0.0001636041273410624, 0.0001012322947828136, -7.314317831697622e-05, 0.0007000110674651021, -0.00017544359556819291, 5.617225554379206e-05, -0.0001057815941446804, 5.596842907168678e-05, -0.0009587445730046311, -0.00018405422981191552, -0.00047512300463493494, 5.8939347835920026e-05, 0.0002378334054585667, 0.000360824327442587, -0.0002562875359274122, 0.00046815753934288326, 0.0002746087798190106, -1.0934110712158404e-05, 0.0007169735315606548, -1.9773506872835417e-05, 3.341939905255741e-05, 1.3473730310366556e-05, 7.690723786403626e-05, 4.058175566781164e-05, 9.646203933832151e-05, 9.330883577845957e-06, 4.5616481627715e-05, -0.0003413427033260603, 0.000274226923247528, -0.00021788729987071468, -2.798867064083608e-05, -8.233466463677262e-05, 8.47229733805809e-05, -3.662306440745322e-05, -1.4864608764131351e-05, -0.00013464325309204352, 6.767834319947078e-05, -1.6824597274664016e-05, -2.5633219096224074e-05, -4.509241836843612e-05, 0.00012528104720754593, -3.067766313912709e-05, 2.8949051760756177e-05], ""intercept"": -0.00012420800000000328}, {""block_dimensions"": {""K"": 288}, ""coefficient"": [0.00026867975557900206, 0.00015866867978604998, -0.0001242337250489144, -0.00043394229456407554, 9.751622534176336e-05, 1.2304090005061068e-06, -0.0001413400423052861, 3.183812806582444e-06, 5.2417507951433705e-05, 5.80728398185338e-05, 4.2730333519489026e-07, -8.812458230875239e-05, 1.6367121283509228e-05, -8.518770976370004e-05, -0.00014033731408414073, 0.0006106343645115247, 9.570646288066848e-06, -0.00010988004987954338, -0.0002650837116100578, 0.0005369148322599142, -0.000325698457902986, 0.0005935339507138669, 4.337601545037768e-06, -0.0001401526653577722, 0.00022499821119711586, -0.00014566731922265006, -0.00010540514946504818, 0.00016851390911576462, 0.00012579443921151612, -0.00012853883815163765, -4.5743564788637434e-05, 4.7311220617947395e-05, 7.0088394218966e-05, 0.00016322090729503543, -0.00014503375679938063, -0.00017119351778776222, -0.00023735279821572995, -0.0007820507125494652, 0.0007480263509530892, 0.00022504901889336702, 1.5927104975230245e-05, -0.0006534679876185764, 0.0003895702248980507, 0.00012293504260441656, -0.00044014879408978906, 0.00018516216914207052, -0.00022324170670575959, 0.00013112685391324387, 0.00011962851507990001, -1.6645796439490043e-05, -0.00018480244441649798, 3.441477942676383e-05, 0.00010426300790099286, -7.030902057178686e-05, 0.0001354287765945366, 1.9965916563849343e-05, -4.843204155780546e-05, -7.358309574851403e-05, 0.00031487580253633415, 2.0369795374360142e-05, 0.00012696582225053615, -0.00036560104128701153, -0.00044856273487803224, -8.004247037541816e-05, -0.00012513085530175993, 0.0005415957283060282, 0.00014370815112783303, 6.15190932220142e-05, -0.0003990526764640004, 0.00030353182358513087, 0.00010063381620884462, 0.0005304700480326569, -0.0001890402612813093, 9.18734714149424e-05, -8.833049398931395e-05, 5.2472896723051596e-05, 8.396875275379549e-05, -0.00015922917259203606, -3.109443290932016e-05, -7.934753989842494e-05, 4.997540997456663e-05, -2.5500396009118746e-05, -0.0001908344187242579, -8.953109607419533e-05, 7.343462839370165e-05, 0.001140139210482771, 0.00027623351887577305, -0.000513565265106769, -0.00014702408352282483, 0.00025426427928771516, 0.0002503601179911198, 2.9666133912363844e-05, 0.0012833380413887195, 0.00021766209590641966, -0.0008027896214627633, -0.0005938030335475526, -0.0005293773473090592, -9.147028822903302e-05, 0.00045338633835610394, 9.968209604023085e-05, 0.0013680664569903189, -0.0003897208511222612, -0.00041030606102044525, -0.00022573292265833892, 0.0009561374023633061, 4.350814561153964e-05, 0.0016148950585550268, -3.531305602425493e-06, -7.728425158613668e-05, -0.00011177930536422436, 0.0008720919652365124, -0.0001364784106702734, -0.0009589158618659639, -8.184114413693237e-05, 0.00011190184848091957, -0.000516642913641252, 0.0001166688325174218, 0.0008064378297651748, 0.001243646077483159, -8.64987936182559e-05, 0.0002691231488611458, -8.713446582582408e-05, -1.4240162404098976e-05, -0.0003631929254826921, 8.40486105410659e-05, 2.1498546586143062e-05, 0.00019044219504499462, 0.00015200550984187684, 3.705474640375462e-05, 3.265165099386881e-05, 3.619194642477742e-05, 6.161146624021219e-05, 0.0007395279994122171, -0.0009690701309723898, -0.00225982192524281, 0.00038720213341992616, 3.629723245001915e-05, -0.0001130680666255852, 0.00011446469781923876, -0.00013282299514458728, 0.0009048336409555117, -0.000828408568637904, 8.948318156808172e-06, -7.669458937734458e-05, -7.061349772046692e-05, 0.0001430192193846067, -0.0004940431744273704, -0.00012181824675603016, 0.00018207645075636844, 3.703430380322897e-05, 2.2902210551491866e-05, 0.00046012900036765, -0.000352369111410446, 0.00015518846178625472, -0.00017224244510814142, 0.00021467590025274982, -0.0002772481612123107, -5.429297065628868e-05, -3.530813829563392e-07, 0.00024514121736778863, -0.00010039444766102031, 8.573088851178107e-05, 0.0007365845977342259, 0.00031928016277634234, -0.00023536515211479753, -0.0003914065101477749, 0.0006250567284279147, 0.000577743010157087, 0.0003261029636262009, 0.0001399292034832303, 0.00030468129898129036, -0.0003435891531200745, 0.00035138924239088034, -0.0004753099981602447, 0.00025163136510655143, 0.00034819208372696556, 9.19779892532915e-05, -0.00019305356568844636, 0.000364286555067354, -0.00030742521817687533, 0.00022157389783285982, 0.00017914827355125794, 7.402197049250773e-05, -1.8521825138834143e-05, 6.412731169683918e-06, -3.523099132296185e-05, 0.0002688083748931165, -6.287434502270564e-05, -6.40894535933396e-05, 0.0002525953614594536, 1.0531380723978089e-05, -4.0266406262436145e-05, 0.0008040259094148934, 0.0005241986414195028, -6.887349332307362e-05, 0.00046906814734343455, -0.00043808104001065066, -0.0007631979706833826, 0.00047859148460232946, 0.0005090566333219473, 0.000506727195652244, -0.0006025932866172323, -0.00015272200070612924, -0.00016941379303887335, -9.534483429080533e-05, 0.00012318191213878365, -6.9975036415042416e-06, 0.0002344917676288334, 3.674403749138567e-05, 0.0002147612025277883, -0.00023123284142209899, -0.00012149724518821593, -0.00010818727620867197, 0.00020201133030012128, -0.00019447954308698826, 0.00025782693893009546, -0.0005568143084795557, -0.0002714492732882569, 0.0001533189154663506, -0.0003746251081648481, -2.622832052022332e-05, 0.000289955792302533, -0.0008353332368130689, 0.0005956789535889204, 0.0006483394508482781, 0.00010710624021595507, 0.0007899896008449198, -9.024597539748361e-05, 0.00027084225405367115, 9.373673006611779e-05, -0.0006553055723203628, 1.9541973296354134e-05, -0.0013585296842463024, 0.000650102005166543, -0.0002141152767604668, 0.00011546469217680741, 0.00024539878318789423, -0.0001479738852351422, 0.00016290587714510517, -9.829620604722474e-05, 0.00011225518936682784, -0.00014538527097661063, -2.218926418482608e-05, 2.593810655540477e-05, 9.401157899687179e-05, 0.000160725674972438, -0.00015363980960447855, -0.00018019303607820448, 0.0009552938632072864, -0.00027414464540680285, 0.0002163642610719594, 5.968460408810477e-05, -0.0002111132576708916, 0.0002050287780983138, -0.0005927132139241473, 0.00014542848802586897, -0.00049085224762906, 4.176495716237201e-05, 0.00024785143670685465, -0.00018027272300207218, 0.0004648273888987439, 0.00027317888342122865, -0.00016015372324745166, 4.0809445890302825e-05, -3.822931260591303e-05, 0.00011534532731284733, 6.516989398791672e-05, 4.835438328880462e-05, 9.803377887444214e-06, 2.127537794194785e-06, 3.445313773311801e-05, 9.450410434160823e-05, -0.0003150399290031779, -8.130767230069987e-05, -0.00025521456742626843, -8.089812388280944e-05, 8.448556574643592e-05, 4.2924192983416076e-05, -0.00015897691452068492, 8.316500155526466e-05, -5.490753447180912e-05, 9.354212764265229e-05, 7.22699262268362e-05, -0.00022822575254605057, 2.8831264865584694e-05, 7.783060685839084e-05, 9.471180200168535e-05, 3.123713460592724e-05], ""intercept"": 0.000191412}, {""block_dimensions"": {""K"": 288}, ""coefficient"": [0.00015851825376389755, 0.00020807960482145495, -0.0001546237570251316, -0.00043089517680632196, 0.00012188029731936523, -9.952228349225453e-05, -0.0002378001297171824, -0.00011881772183824019, 5.520847987869314e-05, -4.802091078084589e-05, -1.6506634943901524e-05, -0.00016077914907980476, -0.00036347271886323624, -2.4200338850059877e-05, -0.00011997975204411138, -1.8133688039459073e-05, -0.00017452589693657585, 8.238618913864335e-06, 0.0006611392467074584, -0.00016882121270763863, -0.0002774071609571194, 8.591134646526021e-06, 0.000585610338268164, 0.0005075406423646896, 0.00025987422847481887, -8.913599050871869e-05, -5.683997619684925e-05, 0.00012145369213841263, 0.00011172290161402331, -0.00016366008920922132, -3.676972210921585e-05, 1.3033738170369169e-05, 7.517106627591882e-05, 0.00015767889678610175, -0.00015468373233356846, -0.00019913051330236326, -0.00046689386922942175, -0.0003608597146761501, 0.0008716699417518058, -0.00028404412452461827, 9.372931997419437e-05, -0.0006718873557834754, 0.0002670136926526288, 0.0005506460732784187, -0.00019638500723875813, 0.00023408793259116327, -9.596442255683787e-05, 0.000231390418118858, 0.00019022405903147344, -1.771243609116387e-05, -0.00019590478249549754, 2.404013241093454e-05, 9.180916813067272e-05, -2.9629113943115296e-05, 9.526105834575133e-05, 4.384864666910297e-05, -1.4493702751441881e-05, -4.1646566098116064e-05, 0.0003361095056712837, 4.231135286523865e-05, 0.00022726584502228987, -0.0004343468464962077, -0.0002907203985666946, -0.0001714056152027722, -0.00013510477173834517, 0.0005785121723052096, 0.00010701090158077963, 0.00010800124704062412, -0.0004535884432986601, 0.0005389038960976271, 0.00017895834674587117, 0.00032388137099231747, -0.00016427076844778506, 2.2369290200028046e-05, -7.782562821792822e-05, 4.9776087433614526e-05, 5.188484347015625e-05, -9.917296976458024e-05, -4.04896742338256e-06, -0.00011844820877070095, 1.6389491581926548e-05, -0.0001446761814592025, -1.256699102035241e-05, -0.00010882439459169554, 0.0001409227518836897, 0.000677438897478964, 0.0001300576008883996, 0.00033570775174897733, 2.3365054972489577e-06, 8.97220291569938e-05, 0.00034011195995070783, -0.0002794882600098676, 0.0009538467617122466, 0.0002784511878562725, -0.00037222648453135186, 1.096293555474418e-05, -0.0004711667772292024, -9.02767408468333e-05, 0.00044670188166066145, 0.00010094774653781106, 0.0013186467564372875, -0.00044735465750639743, -0.0002163113559563515, -0.00011174297390568283, 0.0009238594301187897, -9.937704177500561e-06, 0.0015797442058841083, -7.800833250377691e-06, 7.407358415639831e-05, -6.603747536695076e-05, 0.0009233359862402865, -0.0003376343474935082, -0.000940991140198973, -8.616684812955583e-05, -1.4185057762326584e-05, -0.000564983458330212, 9.707586531361132e-05, 0.000781657927170978, 0.00121508917734328, -8.054887967819857e-05, -0.00028624650993095004, -0.00010910312432089318, 2.611166601379571e-05, 0.00029208342217975486, 8.20908270090566e-05, 2.880940413529778e-05, 0.00011057586779313938, 5.649848641019186e-05, 1.8076561993504433e-06, 3.5253939414386595e-05, 7.575888575091172e-05, 4.0613619782786595e-05, 0.0005782883682369382, -0.0008722925312553598, -0.0021203164111091902, 0.00041387702201229026, -0.000248189708768396, 0.00015376933211898476, 0.00024387916764844486, 5.3278378217508406e-05, 0.0007967905722624368, -5.493207787239369e-05, -0.0006846294681680854, -0.00018204428763084372, -2.2152884276416194e-05, 3.860155920519273e-06, -0.0003241632924500951, 9.887634405266904e-06, 0.00028960869609251784, -7.827096372411041e-05, 2.000177953994177e-05, 0.00045734699465331953, -0.00022117990996594535, 8.107422971292863e-06, -0.00028689395014227755, 2.620315156870309e-05, -0.00020988212787796765, -5.0243004852346e-05, 3.487540443401306e-05, 0.00024118603730817896, -0.0001980904401580943, 0.00024371849337169636, 0.0005840228675383813, 0.0004361376844462433, -0.00035551399319826485, -0.00023217661603998303, 0.0005781759931599608, 0.000523442187792331, 0.00031724586883083076, 0.00023927003192164152, 0.00022307535096976008, -0.00011158165084378512, 3.1731491591867045e-05, -0.0004401227876516612, 8.443565978205932e-05, 0.00021168193663134816, 5.478006387341461e-05, -0.0004953032857819245, 0.0004162065067882879, -0.00041103031713183647, 0.00014569625152620813, 0.00015813003644601768, 4.4796822548629784e-05, 1.1845241966705965e-05, -6.779357006844125e-06, -0.00010291830564821196, 0.0001940683532285684, -5.207921853154255e-05, -6.115977708021683e-05, -2.492821718261507e-05, 0.00020657243173083687, -6.871594190809551e-05, 0.0007028902700135858, 0.00017997495520671457, -0.0001599119932228513, 0.0006095120460681957, -0.00016468995614497356, -0.0007437813160145141, 0.000782349295077364, 0.0003157717426061033, 0.0003962025706698688, -0.00021886580743833305, -0.0004889725454806526, -0.0003062828189945369, -6.531562725381185e-05, 0.00015147533084545163, 2.9579963331556224e-05, 1.0381988245313725e-05, 6.651198112813861e-05, 0.00021273405243000778, -0.00014586904793612452, -0.00012096399120827561, -0.00010744200225639348, 0.00019036439562364904, -0.000136986225609847, 2.098515747458461e-05, 0.000629435086440373, -0.000608926367111535, 0.00012566277832816813, 0.00048450244609978015, -0.0001781157657592858, -9.447635254893988e-05, 0.0005485510729996801, -0.0004944817806722451, 0.0003497732914295519, 7.501552944999326e-05, -6.340099884937841e-05, -0.00029639184008710477, 0.00021051342135313972, 3.8218632720657164e-05, -0.0006192157561727469, -3.931681641582467e-05, -0.0013237551394484595, 0.0006377366728974941, -0.00017712465193946462, 6.354300630010255e-05, 0.00028002148245188674, -9.985360516250411e-05, 0.00011718925212737657, -5.094784009095535e-05, 9.666149428712977e-05, -0.0001803644821887875, -1.8790040925620187e-05, -4.82464322661817e-06, 9.787294850963475e-05, 0.00015390428611404414, -0.00016079598428955783, -0.00020690929577653146, 0.0008366910250757983, -0.00010825764225755357, 0.00032203009179359535, -3.289439179101355e-05, -0.0003553686528312761, -3.77388257836095e-06, 0.00012253242789674032, -0.00011520356205073575, -0.000626094170022321, -0.0006125713848091905, 0.0002397966831703157, -0.00011646802722542985, 0.00024859929325182263, -1.1062847425819347e-05, -5.0064496520016495e-05, -0.00010407772501810676, -3.453846180165381e-05, 0.0002003454156538956, -3.382184875326868e-05, -3.6282130777859214e-05, 4.750714287473636e-05, 1.7147341068004267e-05, -8.059504819882213e-06, 0.00010475745127269384, -0.0003646449915003931, -7.86092452867802e-05, -0.0002873522622568412, -0.00015694648678464808, 0.00012684342473210167, 0.00012537907725370713, -7.177521748375753e-05, 0.00019478005088963796, -0.00015736740165057874, 0.00017020663165452413, 0.0002769767126618783, -0.00022515473855514183, 3.061017491459029e-05, 0.00015097697683149765, 0.00012317439630138462, -1.3598341893146456e-05], ""intercept"": 0.00016905200000000092}]",289,9.017054437420472e-05,0.0,3a604de324fb150be04724a6acbd8db7ea51b24abc931fa4a127c8ad46fb7d7a,bccd24ea1789847a4fc12c22f0cd584e35f74314efa87db3112d1c785bd243c3,False
VALIDATION_COMMON_SUPPORT,REGISTERED_JOINT_CANDIDATE,METRO_P60_JOINT_STABILITY_f97fd9be5c5b2fafe0eac986,J_K,FULL_BASIS,0.0,1e-05,0.10117272354499468,0.10117272354499468,0.09956248634790126,0.3155352378862007,0.12383494920500013,0.00015010144381288892,0.3155352378862007,0.12383494920500013,0.7146484272848583,0.00015011313768409362,"{""block_dimensions"": {""K"": 288}, ""coefficient"": [-0.003283790613690923, 0.004517694835633932, -0.008643205303599114, 0.0019251993116977371, 0.007026402380614627, -0.003853122066692549, -0.020153128370572388, 0.003866443773296559, 0.00046724427963671316, -0.03492540062861748, 0.027754537506079223, 0.007570034580976619, 0.02992389309254785, -0.028694395745545716, 0.019424627729573884, 0.1109960059923232, -0.0012369979348089205, 0.04152218599543191, 0.03357424741190988, -0.024889078304521396, -0.0035826058078336966, -0.02000783271013675, -0.11139813293633288, -0.050652546784547635, -0.1337842612161304, 0.14278729427386042, 0.05783663056140182, -0.08575449935466496, -0.18113404243216158, 0.2023424801118185, 0.10053700665184954, -0.07456443731905418, -0.024653856750182935, -0.061869450807757694, -0.1780768007151206, 0.05315363183852279, 0.0011513512182759567, 0.0016566070331639389, -0.0008421042969134723, -0.0014074408984302484, -0.0010524652068421168, 0.0012215670690885819, -0.0023416838066269365, -0.001536596167924812, 0.0018387385146725447, -0.0038234595528905536, -0.0011261865946527875, 0.00556030265280874, 0.01316634509532954, 0.004332539927700152, 0.11983220152778638, -0.05174559074024791, -0.006285501634755854, -0.05430668141794301, 0.1693328501705055, 0.026997275479188662, -0.004221227721123428, -0.025455474520078736, -0.01383305889552359, -0.03488874156615037, 0.046407227507718, 0.0029741983917044475, -0.0033925576016455125, 0.0004874405763198977, -0.0050558260306073095, -0.10908219666105133, 0.007420910023214744, 0.06943931845623227, -0.0436208021134453, -0.10218575570938451, 0.09427802179581014, 0.0280160833693249, 0.0024337693852491357, -0.0003574649938120453, 0.008170710999783502, 0.005636623195697321, 0.006782658127948266, -0.016509740367309154, -0.004200546805967825, -0.0013993601835212445, -0.01930268091097196, 0.002978477114822013, 0.01577720949814377, 0.016729699133201985, -0.0016625624371598847, -0.001163773065809897, 0.001530612329720124, 0.0014091520467446113, -0.0007366316150988838, 0.0028338392922476114, -1.3537016315493168e-08, -0.001801267101763936, -0.002057975634575981, 0.002087892370826524, 0.0005189054222620666, -0.0032132591808568855, -0.008785622614070713, -0.0036486774266997813, 0.020601027630376273, 0.01061866783632669, -0.010081884667362437, -0.012402389546990546, 0.007859851795162357, -0.0020105473141012295, 0.009194270196100716, -0.009275646157160242, 0.011313665274836128, -0.00013791827589550677, 0.012436450466385992, -0.0032379011336704433, -0.008113246674503133, -0.040858489150852786, -0.005379320888367646, 0.0069708152607617655, 0.013522480400737514, -0.02547735714208492, 0.026495824164305348, 0.020620627563907038, 0.027924743954713272, -0.025919229454577367, -0.034091462684654364, -0.043611620265557385, 0.0009965418160569894, 0.007413105889002733, -0.0046866128442693365, -0.013341978954884925, 0.0006166912661229453, -0.010253707526616663, 0.017296327469111774, 0.011884490925546875, -0.0029617363702677075, 0.013835449408846191, 0.001318104334145187, -0.0051307082019985345, -0.013223451562572739, -0.001551440280906771, -0.0038513845338356274, -0.001720411051473019, -0.00108437271233494, -8.528767854779243e-05, -0.005015786909541805, 0.00789104129861377, -0.01441068050622577, 0.0027632855483646166, -0.009119619688335327, -0.002367791700725192, 0.003133698099136217, 0.003443884907569856, 0.002787748352715632, 0.00022508804605267916, -0.005570872331847704, 0.0026274125585391615, 0.0004964030356526407, -0.0033437458411867634, -0.001647725826205714, -0.005071575631054584, 0.008781553303463746, 0.024923560551374402, 0.032564714437012525, -0.003804447155228898, -0.014305114260726544, 0.013809982835123778, -0.0026582762575887812, 0.004224822746497685, 0.0016772395546191662, -0.012967979342114513, -0.00788199153548471, 0.012233316020534183, -0.000920957970610753, 0.00019992885512119522, 0.0006304031385822209, -9.74509114961457e-05, 7.1752351070673e-05, 0.0010352127918821722, 0.0001780095940577636, 0.00020346624846822608, 0.008276261125254826, 0.0006716977976482462, 0.0024092522972864764, 0.002769523890511002, -0.01896890564755103, 0.03666393583452739, 0.008800225289078374, -0.013463812194469566, 0.022176663048637385, -0.02942262548545531, 0.03521803598956065, 0.008777171247026755, -0.0339066619117132, 0.0029710609167002623, -0.053718995572055686, 0.0009587903117300952, 0.0015786733419272574, -0.0011973127032288008, -0.0023477923012026514, 0.0024380569277723378, 0.0008777745764241379, -0.0013112769874308293, 0.0036084967378470995, -0.00040004167251167315, -0.0025559142198225727, -0.0027816076762960384, -0.002724254603244186, -3.355072289801353e-05, -0.005584486109146301, 0.043232372310943915, -0.012892915753424685, 0.0064234837235558236, -0.03473313595370519, 0.043479167289974044, 0.024980628717666268, -9.070742010555284e-05, -0.023389936142976672, -0.03439286936998421, -0.0027551632401077576, -0.005216873055520846, 0.0019647348927216016, -0.003029541032672453, 0.0013167076608274488, -0.003947677817590622, -0.0005942588576695199, -0.0007177918620644858, 0.003277143429993201, -0.0006563896581544089, -0.0018298759703167875, 0.004157441118537297, 0.0033383885424296098, 0.010929361174551502, 0.001584816671234956, -0.011085865722516344, 0.002655840010715899, -0.0046342535361453205, -0.002650715110152745, 0.005886465271869143, -0.0015069391084694007, -0.00022867126874201742, 0.12777122136207203, -0.1274497645753955, -0.04128417300368907, 0.018635173483929467, -0.09371422738088918, -0.05602364024055577, -0.20326409881729468, -0.055552329091285435, 0.12367882756205949, 0.3047302143906641, -0.016191655204236783, 0.08534836980075254, 0.0028272270357907643, 0.000500363021152604, -0.0010123398487230473, 0.001147832412627306, 0.0014318944309795805, 8.388090408328785e-05, 0.0001769632389452136, -5.32013829124206e-05, -0.0010630891384152642, -0.0016569204591073217, 0.0007371789747609307, -0.0015825440914415793, 0.001108122108566349, -0.00016183647513189696, -4.754937573787659e-05, 0.000603801234399373, 0.017326347621097245, -0.0072601343310078744, -0.0034292106503050106, -0.017240849254546244, 0.005136070947840978, -0.0152542157891099, 0.010229373315339439, 0.012800721494039106, -0.010676972119480925, -0.0033594053988442907, -0.014392186836526502, 0.02048016575800938, 0.0032290604448395395, -0.006823750584483773, 0.0006926478875963932, -0.00873510731349955, -0.008702509847012681, -0.014667570448301605, 0.017083624723875666, -0.0015061728117312099, -0.008032068490868391, 0.014266214971718266, 0.009443710738932786, 0.005958855081310914], ""intercept"": 0.00017409199999999988}",289,0.00040532738799980533,0.0,80acb6e02c969d97049ac9088acb156a869dc6af2f67e607803f03031ad78c72,ea26140190ecdedec2078b53e69a767bd02f7ba8a678f1c25202156346d8c587,False
OOF_COMMON_FOLDS_1_3,REGISTERED_JOINT_CANDIDATE,METRO_P60_JOINT_STABILITY_f97fd9be5c5b2fafe0eac986,J_K,FULL_BASIS,0.0,1e-05,0.10117272354499468,0.10085706415912372,0.10085706415912372,0.3175800122160142,0.12373877526588341,0.0010412984329204455,0.3175800122160142,0.12373877526588341,0.7119332356425045,0.0010414718266644751,"[{""block_dimensions"": {""K"": 288}, ""coefficient"": [0.004656406137196544, -0.00035148966810681924, 0.008623128531961337, -0.019083693670457095, -0.0005854859521511039, 0.013788846693230843, -0.03195592706688402, 0.04049465437724294, 0.008946694487702017, -0.017771929696868274, -0.034589485593936646, 0.03292884810134162, 0.006114682677712583, -0.0362846094511104, -0.060322870945784014, 0.06907788695998775, -0.012792713418693463, -0.005332773307408735, 0.023381848012299578, -0.013917026634973038, 0.03816774760007344, 0.06737454099647994, -0.07383161145245662, -0.009847796163094235, 0.12737215708620928, 0.13209588818608403, 0.025982429219544825, -0.09993327555067398, -0.038446156187702744, 0.24307820636788, 0.0024359231920160936, -0.10033604082270661, 0.02020640907658631, -0.1516014121876937, -0.13166221707912965, 0.034776650997384105, -4.848921755133979e-05, 0.0014717656058138575, -0.0009346911547177441, 0.00045944974030245276, 0.0010036218150747524, 6.807847731867198e-05, -0.0016266240556979678, -0.0016017777733462193, -0.0011679015099396073, 0.0011796500464263434, -0.0007811746772140399, 0.0021095003547637555, -0.0017393324853913763, 0.006980815726470085, 0.07888488985443538, -0.14668428231478597, 0.0012907796559518759, -0.07777157166417399, 0.12176083313102702, 0.00976325495154597, -0.004586885348343625, -0.02990557646134932, -0.006514899684752919, 0.049322436979323446, 0.0018162400513556396, 0.0277048471656318, -0.004625214634532868, 0.0002774183589462638, 0.0027354729521002993, -0.039171090822015794, 0.027332859951811807, 0.04583466270706089, -0.05625342672839467, -0.01226656445185335, -0.021523922012988462, 0.030986358236635248, 0.02099217350364159, -0.007132021101460678, -6.224859349102825e-05, -0.01263519844278497, 0.00015497655614992825, -0.03773014939292298, -0.003853478315144771, -0.015308036119820413, 0.009325503738435268, 0.022278155203620396, 0.013094740682324066, 0.0033498134314692172, 0.0009558385326832485, 0.0017606863339228072, 0.0007046586337768832, -0.002455535619123754, -0.0026410027838200266, 0.0031241829464361513, 0.003230918903694022, 0.0006030716157387482, -0.0016325017767752853, -0.0010350225267752896, -0.0011331433414550685, -0.0026764774654844383, -0.0010752280930867812, -0.0021291785463314044, -0.00788746421342177, 0.0071166647793016475, 0.003550736029977268, -0.013402653782776431, 0.0001761450889276075, 0.0014507496521150506, -0.0036297115088429447, 0.011404487349019703, -0.0009968258350000043, -0.0022645710450702214, -0.004008431071350954, -0.008990525874857954, 0.016271092532812198, -0.015311426920939756, -0.020022308815888255, 0.015317852096844739, -0.03001221027413176, -0.04205937945326558, 0.012442578157982245, 0.0198073754324697, 0.011430796741180306, 0.03831069495147223, 0.00795261781093482, -0.017612005066130334, 0.002914996227034605, -0.020470399014119428, -0.00784409524717699, -0.00437820166358848, 0.015572929440351307, 0.009286926933251187, -0.0035607261324216467, 0.013663484292988836, -0.006662242085696863, 0.05201630020721586, -0.010481381558129423, -0.004338941964581909, -0.000951752117531798, -0.00359670243562005, -0.0006742631312664831, -0.0029680185369684343, -0.00031898821210752407, -0.0003490780427792116, 0.004642558389986366, -0.011327600395546217, 0.006098258613212055, -0.0017971657645614082, -0.025420288917136238, 0.011103334790120264, -0.003402488880959648, -0.0018774748191310627, -0.0017966811681207492, -0.0014312011525545263, 0.00545519540699602, 0.0007312979302388003, 0.0028841029821423847, 0.002014659101482298, -0.0010043676665485305, 0.004627088785332578, 0.017182973664392764, 0.03333653539254338, -0.002280661262845242, 0.019927322904527235, -0.0028385749009747236, -0.006693994604871259, 0.004054345973617164, 0.0076699483308356655, 0.001843280729987611, -0.003547546598881432, 0.0033141792565930515, -0.009958021607443279, -0.0017587330736003374, -0.0013138535300953101, 0.0010767139187692466, -0.0008143988810610799, 0.0017704295144674981, -0.000244156275920205, 0.0012544712677381492, 0.00012398340813048645, 0.006431480221609436, -0.010559931375578481, 0.001672107827077584, 0.010792650209837683, 0.045467583932212556, -0.009250417922900947, 0.007415250250390984, -0.03894930858777784, -0.008652662041435236, -0.011511887507292675, 0.029080597850418343, 0.0327229928553137, -0.014925506522427797, -0.027058623734737327, 0.0051288961512646935, -0.021146499436403825, 0.0034279293283758054, -0.0026329123711027304, 0.0004242620523940425, 0.003487449824579542, -0.001492228554860221, -0.0028500560010231647, 0.001785003986802149, 0.00017694062818412, -0.002849979044261548, 0.005589985181583134, -0.00010574830614119786, 0.0027253794872589845, -0.0025800141689318002, 0.04404628061456548, -0.04090675691723912, -0.07590517422245821, 0.029525052427011634, 0.025099275299859787, 0.026681143198664152, 0.008729807836630877, -0.031809680357364346, -0.022222456539226873, -0.008945755224793387, 0.06483447500463319, -0.004791987423622024, -0.001279497736388119, 0.0001586519280819725, -0.005949138318830995, -0.0018921305507226247, 0.003855719306295336, 0.0008344799784191053, -8.43851326651579e-06, 0.0013729691216522973, -0.002281547529508163, 0.009213678928316933, 0.0044012006863235285, 0.0021128698570108233, -0.015491337600627554, -0.012836208726026034, 0.015508836080972472, -0.005508669026632842, 0.007290364678410051, -0.00044015507577356317, 0.001813616648592593, -0.08992728254153189, 0.014733335312876144, -0.02493672172395579, -0.038254526493022786, -0.036081812441580645, -0.04219159851666271, -0.018814720365498534, -0.003489297639765569, 0.026117381949941308, -0.13921423631745278, 0.31728840892019816, -0.03197656592425773, -0.005068904500096593, 0.007566045249316045, -0.0023660190157206, 0.001589946118151351, 1.3700420495385256e-05, -0.00031512877465131686, -0.0017868361015166644, -0.0007355280499533245, 0.00043624713219427133, 0.000568395040150491, 0.0014637595403405553, -0.0015170111033733721, -6.598450800733064e-05, -0.0005464400624686257, 0.002360727672219663, 0.004218854719517763, -0.0030674131626804717, 0.002769486427514747, -0.01631153626910841, 0.005478189857851698, 0.008402516986706684, 0.012967002917993407, -0.007163694388359506, -0.004542795922824988, -0.009854415506815128, -0.002210237223521637, -0.011582242201045955, 0.019028353253580196, -0.021394413037288118, -0.0041389379067879924, 0.0014074206349179801, -0.007098404924057681, -0.0024166860370299944, 0.0070740997264372935, 0.007161050832540161, -0.002830423514410969, -0.02140450692661685, 0.008350667776667242, 0.009544063432546837, 0.022954967453818975], ""intercept"": -0.00012420800000000328}, {""block_dimensions"": {""K"": 288}, ""coefficient"": [0.007877805612928323, 0.01155768543183575, -0.005387349925535557, -0.01993009449526671, -0.021660032245673266, 0.020607397212129657, -0.02012064897354674, 0.016944024517605027, -0.0223857831619595, -0.021940190225121975, 0.030377004939880534, 0.021979882934264755, 0.007379676398943003, -0.016771279729219248, 0.022524181774750792, 0.07930286658148092, -0.023002814354735113, 0.020805746899432456, 0.01869099809076224, -0.04990567683427285, 0.03797940591927162, -0.08696981295650313, 0.009996892842267164, -0.04598758455873348, -0.04697991443024073, 0.09136477578794293, 0.09826094953277797, -0.07464027670545796, -0.1162322349922086, 0.21373102112255346, 0.02834068449077737, 0.005329042463726462, 0.04892644695310016, -0.1807102888599155, -0.0465928268654511, -0.10443808328054315, 0.0005653654672469141, -0.0031211474167787984, 0.0017277332762239514, 0.001006074064643919, -0.0015002629504145572, -0.00044731055708210866, 0.0006767652396304974, -0.000730147727089675, -0.0010923140781693682, -6.418936029027657e-05, -0.001440731898140682, 0.0030158549994217716, 0.0017197802288920032, 0.008346952105656811, 0.0048069056681667045, 0.03238757174084387, 0.011266187882266116, -0.13279134252093416, 0.11610668720976505, 0.016673730152787267, -0.013943213033625385, -0.03112695912994074, 0.016316154779674238, 0.0006875573329306409, 0.04789283239656226, 0.029791592171130733, 0.001124428233403448, 0.00024342416794415232, -0.008443988336347562, -0.08750042398093472, 0.00856120234525521, 0.07017256748444374, -0.07181637806723641, 0.004017777445908769, -0.09045090588921954, 0.0942905868756576, 0.01599743849052818, 0.0008735228271602144, 0.0030902903418631614, -0.004906664313720417, 0.0066962606943856435, -0.038709662300596456, -0.011170754663703899, 0.0034926721216334113, -0.013762955351859481, 0.03097381721506299, -8.716747969110705e-05, 0.012131142924112092, 0.0019927948771752933, 0.001612625757761438, 0.00010474192201330272, -0.0031211365818967544, -0.002388128906181026, 0.0026897336307601743, 0.001172033646994088, 0.0015834343699496025, -0.002017721773870004, 0.0005399868283589732, -0.002404694003854227, -0.0030360901701170727, 0.010756593669830374, -0.015195358139650129, -0.00744286247907625, 0.012502179314053136, -0.005362795168787297, -0.013230184239432133, -0.0004203734789797408, -0.006063921122393567, 0.005046672148075033, -0.0012711309892163777, 0.006934848513810003, 0.006012125024530723, -0.008852558947342461, -0.005092502284508576, -0.018740515511711443, -0.029059551827840112, -0.009050784372178346, 0.018597400116463502, 0.03497767535934945, -0.031482234857705266, 0.011119674171836453, 0.021461335038781205, 0.032748029622414764, -0.023499051788417574, -0.010792475268667863, -0.00952041278125535, -0.014521456477457471, -0.013361621212736525, 0.004155168048186305, 0.029932801819864924, -0.002166445741489701, 0.01277728299941662, 0.033788939679303326, 0.006462661467568346, -0.00044682830851815387, 0.0012678270549494942, 6.997489117256912e-05, -0.005961114695267616, -0.010120919389618586, -0.001514707099077104, -0.00310745309183051, -0.0027186218960873294, -0.001819387326168551, -0.001064649169140458, 0.004478940502366478, -0.020623988178103878, 0.018677769181219217, 0.004360031897255515, -0.03422412423147266, -0.002643981750181282, -0.0030847719740481143, 0.0007968141772582828, 0.0014829200063902076, 0.01205082189597189, -0.001622795162722939, 0.002945937842521222, -0.0026950037539290343, -4.76939851563091e-05, -0.0012618888514363672, 0.0020513239270280935, 0.015294035882180425, 0.0028852441953639675, 0.04058309016788128, 0.011444756126384247, -0.009379029279386454, 0.015628199960204828, -0.005247109736439002, -0.0014447255684762305, 0.004815407361347307, -0.018675415502143914, -0.012059397614982481, 0.017770437192704137, -0.0005167959686687133, -0.0004307298010426604, 0.0015936205743448226, -0.0018121055617816902, 0.001576298089541942, 0.0006070136854001029, 0.002116001476609797, -0.00032996721976269564, 0.0017036319994091342, -0.011113608205358835, 0.008277691912606567, -0.006724023347586441, -0.008168448882309125, 0.053799789816823776, 0.006573678389702732, -0.05965025831354282, 0.010725504781152568, -0.005576234207564827, 0.04037744482738601, -0.006571919716657955, -0.050622207824156995, -0.005046071850423093, -0.04918563922118058, 0.00386351472253283, 0.0035049851148144357, 0.0019713371268573693, -0.0014280042694083657, 0.0028602081258724725, -0.0020604054594099163, -0.003020006731750096, 0.0009331484927285997, 0.0002020505764418696, -0.0020006657521982984, -0.0011220003973699542, -0.0013936517329566596, -9.897381278360418e-05, 0.008360145120350233, 0.022561792848780973, 0.008544195592313099, -0.03341271346084161, -0.008547510162294335, 0.01538095247741172, -0.026484802569471756, 0.020888906799239073, -0.02603155579591055, -0.01361810737133311, 0.026588183586714276, 0.030684416245214393, -0.0013314061161409723, -0.0025737021681433827, 0.00039918042149881253, 0.0015112878946418522, -0.0010957149973837756, -0.001976090135819043, -0.0027780268459008397, 0.0011511150827253913, 0.004783698685781745, 0.012646591826825057, 0.010195682808761295, 0.00796027231654322, -0.005511996521631724, -0.010218766780620734, -0.0014606854032668266, 0.004834557294863167, -0.005335463399682422, 0.00541954872210872, -0.002586662945058886, 0.0051996976329331595, 0.037434125302399604, -0.03151001795716722, -0.007942398306840117, -0.009721521198103104, -0.008182752525234083, -0.04563534271231739, -0.11815765840047693, 0.07339739239277222, -0.00838869712829885, 0.302570258601986, -0.062608927512778, -0.062062405425293544, 0.002022801760430611, 0.00023284263794550998, -0.0011404344207666317, 0.0028259355030161477, -0.0006498993837499629, 0.0006804807485259685, -0.0002532872624814212, 0.00038736813925921486, -0.0008032600872786141, -0.000818326065088172, 0.0010220030649824134, -0.0008251943445473858, 0.0018873224532365601, -0.0007373984783169225, -0.0008703574273642728, 0.000606607012379838, -0.005911565476345219, -0.0008825495470743237, -0.004023690908053454, 0.007273231874018346, 0.004950658083324943, -0.0021371881856129685, -0.0009777899385427745, 0.0005831426393708306, -0.005126255513560594, -0.007439945319160034, -0.01500839201618978, 0.02130737559224447, -0.008894397287343222, -0.002322666629286918, 0.0019754033255224754, 0.003223561788991807, 0.006632461963139866, -0.0011632232201620228, -0.008407698133311043, -0.0042960659381481745, -0.003594446195898806, 0.008303792085841427, 0.01669013490720597, -0.007694390712254335], ""intercept"": 0.000191412}, {""block_dimensions"": {""K"": 288}, ""coefficient"": [0.0010407718248514987, 0.01169600642860949, -0.010187583180300953, -0.010104602994433972, -0.0224879351566967, -0.0032410410000967053, -0.04960582931234028, 0.017074321657287676, -0.025576171581367258, -0.018088993417225464, 0.02531365284746913, 0.06943109986044471, 0.022222036453716697, -0.019113168508750004, 0.01006722161159611, -0.03102001499034816, -0.024999305428088932, 0.00576191698625674, 0.08949889459192482, 0.02962150581704701, 0.027470300894830133, 0.011105180299138408, -0.10853334085691024, -0.04443250239626039, -0.13489111687459918, 0.15582149796318065, 0.07482680011479755, -0.12754975517014103, -0.11150778725950355, 0.3066606650574049, 0.1012359367745055, -0.06946615214918031, -0.0036342440120898387, -0.1690455026947984, -0.17932655836594139, -0.08086543453923183, -0.0024181367901573467, 0.00010820055196591781, 0.0019784647321651866, -0.0005339418504351922, -0.0015450549214500457, -0.0006700019784391326, 0.000217356768900647, 0.0001924901084155127, 0.0003110787197257758, -0.0004349060862918616, -0.0011822282709310597, 0.0031210260469135566, 0.016062095788772737, 0.006889508710285334, 0.059116710999220834, 0.002634797167393045, -0.012831647043342992, -0.12936053112368592, 0.188383410697999, 0.030140100760083072, -0.012455773256303879, -0.030056439978043328, 0.02993384714389438, -0.018478875077116312, 0.03155161982228084, 0.031885499490022305, 0.0007027444077515614, -0.0007799537263836695, -0.0026966972287087478, -0.08686547557593194, -0.0015607323641087859, 0.06435093820087051, -0.0705145214912718, 0.0987975087679363, -0.07275539148808703, 0.0049510434727100695, 0.0041669748517156845, -0.005348558335688714, 0.004497965078996826, 0.010456322952148434, 0.014256991306757736, -0.01358622625997956, -0.003933083896160376, -0.003618155647894506, -0.02084638117788677, 0.001262039738128163, 0.006287763923848579, 0.008590939680401215, 0.0011321855851524198, -4.91660899780214e-05, -0.0011565334895943047, 0.0011655705320494224, -0.0019756505331434944, 0.001997464261373727, 0.0015311226727215247, -0.0008440132369637483, -0.0024513987567063083, 0.00017006892281820187, 0.0005237382808379072, -0.0007791022737348843, 0.006585074219957258, -0.024962627449961774, 0.010461127664695867, 0.013425406974010585, -0.01305657975471631, -0.011947650736510529, 0.008218711137827558, -0.006025789220529143, 0.008160227554445123, -0.007489869720328242, 0.012511603807996033, 0.0033158518379971477, -0.0017270268490163488, -0.002687459370571344, -0.01554252322520663, -0.0422893248454138, -0.0045266125687664594, 0.017522005327335183, 0.02111123066154313, -0.03005835867533022, 0.012942023616407602, 0.026892769338606553, 0.037003380847097485, -0.01977989791488551, -0.021432916414397346, -0.03187606725996215, 0.0019525347960108195, 0.007080071008206134, 0.008750912497558298, 0.012080479681741703, -0.0115455220178391, 0.006851393135201905, 0.027001435145654746, 0.009781036845254951, 0.0051526213038435515, -0.0016667088262919722, 6.493099725571371e-05, -0.0036686249290978547, -0.009924834828325476, -0.0008057151153701841, -0.001360062030770544, -0.0008939182939471093, 0.0008663419486016218, 0.0008821539382106929, -0.0004915976091647053, 0.01891296176362019, -0.015405788656749223, 0.004719586060583043, -0.02724364973042111, -0.00034115327010267776, -0.0009072466272879923, 0.0018366086228909116, 0.002827998413335197, 0.005695134686666162, -0.003660691818279003, 0.0030371069007034254, -0.0005856905910116562, -0.0018881154532302835, -0.001960262078024331, -0.0043362131546380795, 0.009233340905182923, 0.017380966653957743, 0.01790863308068403, -0.006817833714993681, -0.015331760056934221, 0.020452262580956372, -0.004331617653848738, 0.0031530515325132063, -0.0030124051665644364, -0.014233485802634544, -0.0058123533632166, 0.015151481235352293, -0.0009029070810298468, 0.000675068636331784, 0.0013062646267929495, -0.0005592282551573969, 0.00028785463067329417, 0.00014962474309494433, 0.0006844948912416592, -0.00015513929873008488, 0.006953588755727412, -0.02376756691965456, 0.007525588881289794, -0.005722023741713631, -0.017069938282123224, 0.036314463522910706, -0.020656273030176073, -0.05263259422998314, 0.024279976004514574, -0.03429144728130347, 0.03626743447964575, 0.005615214079089229, -0.05813679624015468, -0.026596308146441466, 0.007529122026271139, 0.001817693912411367, 0.003364761154834078, 0.00010953096535029172, -0.0024537890011998814, 0.003125327256588679, -0.0007119553194389477, -0.0030771187660735486, 0.002709975553084524, -0.0002675488077517071, -0.006833452027007794, -0.008300391667426216, 0.003394478007660633, -0.003336189685086732, 0.0026155140079965225, 0.04021105560702543, -0.0017298662793632032, -0.02010603876772479, -0.02520479084024666, 0.027559818689537965, 0.008872838078428162, 0.005750488100853152, -0.007236972045729329, -0.019875994142014075, -0.00906164577854112, 0.016346764770081117, 0.003156402590506653, -0.0023442595642609422, 0.00046305342064734215, 0.002896533746584651, -0.0007481351787151577, -0.0019496988942574527, 0.0024011002061683664, -0.0013746946324386063, -0.0018353711653962639, 0.011066288970411717, 0.0073807223592560825, 0.00524528959925034, 0.00786483017685389, -0.00885368082856078, -0.0038707135265249166, -0.007552443868804057, -0.004862466463466737, 0.0071868144941911825, -0.0020270063840942773, 0.002865960096709694, 0.12499374066585922, -0.09107682006644584, -0.008599575228413724, 0.02961801593596836, -0.06426658438982123, -0.13110596532091107, -0.2046203245954198, 0.13322278518186317, 0.04010033156879291, 0.3413640585780667, 0.00637499291650492, -0.04339439847736125, 0.003197656282356851, 0.0027186072418176692, -0.001429438684095055, 0.002086393188275619, 0.0006037490623925441, 0.0001830812841999563, 0.0005547199025597837, 0.0001947978419622851, -0.001287508215087963, -0.002522134790722556, 0.0006244416365293775, -0.0005006375576958698, 0.001903761253051542, -0.0005874709780167079, -0.001138212760862037, 4.852835190424696e-05, 0.0025439336536279794, -0.0012603898547477474, -0.0033389940461869163, -0.007411624039969692, 0.0013236101749743536, 0.007721165979456539, -0.013261078368934556, 0.01237913674661106, -0.004564649808172906, -0.003308330959711848, -0.011463420126618669, 0.01653411432606909, 0.008698375106308803, -0.00691592836108658, 0.00217148295378447, -0.015274514505812433, -0.0036288137157002216, 0.013964515993952516, 0.015166939598041754, -0.004013661195391514, -0.00669139445160772, -0.012248325134054721, 0.008519381245194193, 0.0023519346969077767], ""intercept"": 0.00016905200000000092}]",289,0.00040686646066559587,0.0,3a604de324fb150be04724a6acbd8db7ea51b24abc931fa4a127c8ad46fb7d7a,9bfed15ca897c69b9301e313815ed5fd4c318c70bee0c0447f5472ad45980d15,False
