stage,target_head,model,status,training_wall_time_seconds,prediction_wall_time_seconds,peak_ram_bytes,resource_note,path
E4R_A,DEB_C4__H5__W1,,PASS,0.6529583930969238,,,peak RAM and fit/predict split were not persisted by the frozen runner,results/DEVELOPMENT/A/DEB_C4__H5__W1/delay_10_steps/primary/RESULT.json
E4R_A,DEB_C4__H5__W1,,PASS,0.6526303291320801,,,peak RAM and fit/predict split were not persisted by the frozen runner,results/DEVELOPMENT/A/DEB_C4__H5__W1/record_time/primary/RESULT.json
E4R_A,METRO_OIL20__H120__W12,,PASS,270.10233521461487,,,peak RAM and fit/predict split were not persisted by the frozen runner,results/DEVELOPMENT/A/METRO_OIL20__H120__W12/record_time/primary/RESULT.json
E4R_A,METRO_P60__H6__W1,,PASS,67.71610426902771,,,peak RAM and fit/predict split were not persisted by the frozen runner,results/DEVELOPMENT/A/METRO_P60__H6__W1/record_time/full_sensor_secondary/RESULT.json
E4R_A,METRO_P60__H6__W1,,PASS,58.33989381790161,,,peak RAM and fit/predict split were not persisted by the frozen runner,results/DEVELOPMENT/A/METRO_P60__H6__W1/record_time/proxy_excluded/RESULT.json
E4R_A,PMSM_PM5__H600__W60,,PASS,249.62231731414795,,,peak RAM and fit/predict split were not persisted by the frozen runner,results/DEVELOPMENT/A/PMSM_PM5__H600__W60/record_time/full_sensor_secondary/RESULT.json
E4R_A,PMSM_PM5__H600__W60,,PASS,218.3432912826538,,,peak RAM and fit/predict split were not persisted by the frozen runner,results/DEVELOPMENT/A/PMSM_PM5__H600__W60/record_time/proxy_excluded/RESULT.json
E4R_A,SRU_H2S__H5__W1,,PASS,1.1969516277313232,,,peak RAM and fit/predict split were not persisted by the frozen runner,results/DEVELOPMENT/A/SRU_H2S__H5__W1/record_time/primary/RESULT.json
E4R_A,SRU_SO2__H5__W1,,PASS,1.2265856266021729,,,peak RAM and fit/predict split were not persisted by the frozen runner,results/DEVELOPMENT/A/SRU_SO2__H5__W1/record_time/primary/RESULT.json
E4R_A,TEP_G12__H4__W2,,PASS,196.5295181274414,,,peak RAM and fit/predict split were not persisted by the frozen runner,results/DEVELOPMENT/A/TEP_G12__H4__W2/analyzer_maturity_5_steps/proxy_excluded/RESULT.json
E4R_A,TEP_G12__H4__W2,,PASS,269.40079259872437,,,peak RAM and fit/predict split were not persisted by the frozen runner,results/DEVELOPMENT/A/TEP_G12__H4__W2/record_time/proxy_excluded/RESULT.json
E2R_C,DEB_C4__H5__W1,,PASS,0.20491838455200195,,,peak RAM and fit/predict split were not persisted by the frozen runner,results/DEVELOPMENT/C/DEB_C4__H5__W1/primary/RESULT.json
E2R_C,METRO_OIL20__H120__W12,,PASS,132.26248979568481,,,peak RAM and fit/predict split were not persisted by the frozen runner,results/DEVELOPMENT/C/METRO_OIL20__H120__W12/primary/RESULT.json
E2R_C,METRO_P60__H6__W1,,PASS,208.57106518745422,,,peak RAM and fit/predict split were not persisted by the frozen runner,results/DEVELOPMENT/C/METRO_P60__H6__W1/full_sensor_secondary/RESULT.json
E2R_C,METRO_P60__H6__W1,,PASS,205.2404146194458,,,peak RAM and fit/predict split were not persisted by the frozen runner,results/DEVELOPMENT/C/METRO_P60__H6__W1/proxy_excluded/RESULT.json
E2R_C,PMSM_PM5__H600__W60,,PASS,15.309693574905396,,,peak RAM and fit/predict split were not persisted by the frozen runner,results/DEVELOPMENT/C/PMSM_PM5__H600__W60/full_sensor_secondary/RESULT.json
E2R_C,PMSM_PM5__H600__W60,,PASS,6.005952596664429,,,peak RAM and fit/predict split were not persisted by the frozen runner,results/DEVELOPMENT/C/PMSM_PM5__H600__W60/proxy_excluded/RESULT.json
E2R_C,SRU_H2S__H5__W1,,PASS,0.07155871391296387,,,peak RAM and fit/predict split were not persisted by the frozen runner,results/DEVELOPMENT/C/SRU_H2S__H5__W1/primary/RESULT.json
E2R_C,SRU_SO2__H5__W1,,PASS,0.19486260414123535,,,peak RAM and fit/predict split were not persisted by the frozen runner,results/DEVELOPMENT/C/SRU_SO2__H5__W1/primary/RESULT.json
E2R_C,TEP_G12__H4__W2,,PASS,23.548228979110718,,,peak RAM and fit/predict split were not persisted by the frozen runner,results/DEVELOPMENT/C/TEP_G12__H4__W2/proxy_excluded/RESULT.json
M5_JOINT_STABILITY_PREDICTIVE_STABILITY,DEB_C4__H5__W1,,JOINT_STABILITY_REGISTERED_STABILITY_CONTROLS_INSUFFICIENT,0.6825046539306641,,,peak RAM and fit/predict split were not persisted by the frozen runner,results/DEVELOPMENT/JOINT/DEB_C4__H5__W1/delay_10_steps/primary/RESULT.json
M5_JOINT_STABILITY_PREDICTIVE_STABILITY,DEB_C4__H5__W1,,JOINT_STABILITY_REGISTERED_STABILITY_CONTROLS_INSUFFICIENT,0.5910835266113281,,,peak RAM and fit/predict split were not persisted by the frozen runner,results/DEVELOPMENT/JOINT/DEB_C4__H5__W1/record_time/primary/RESULT.json
M5_JOINT_STABILITY_PREDICTIVE_STABILITY,METRO_OIL20__H120__W12,,PASS,259.69476985931396,,,peak RAM and fit/predict split were not persisted by the frozen runner,results/DEVELOPMENT/JOINT/METRO_OIL20__H120__W12/record_time/primary/RESULT.json
M5_JOINT_STABILITY_PREDICTIVE_STABILITY,METRO_P60__H6__W1,,PASS,420.51604986190796,,,peak RAM and fit/predict split were not persisted by the frozen runner,results/DEVELOPMENT/JOINT/METRO_P60__H6__W1/record_time/full_sensor_secondary/RESULT.json
M5_JOINT_STABILITY_PREDICTIVE_STABILITY,METRO_P60__H6__W1,,PASS,410.38735938072205,,,peak RAM and fit/predict split were not persisted by the frozen runner,results/DEVELOPMENT/JOINT/METRO_P60__H6__W1/record_time/proxy_excluded/RESULT.json
M5_JOINT_STABILITY_PREDICTIVE_STABILITY,PMSM_PM5__H600__W60,,JOINT_STABILITY_REGISTERED_STABILITY_CONTROLS_INSUFFICIENT,87.12160634994507,,,peak RAM and fit/predict split were not persisted by the frozen runner,results/DEVELOPMENT/JOINT/PMSM_PM5__H600__W60/record_time/full_sensor_secondary/RESULT.json
M5_JOINT_STABILITY_PREDICTIVE_STABILITY,PMSM_PM5__H600__W60,,JOINT_STABILITY_REGISTERED_STABILITY_CONTROLS_INSUFFICIENT,0.0034856796264648438,,,peak RAM and fit/predict split were not persisted by the frozen runner,results/DEVELOPMENT/JOINT/PMSM_PM5__H600__W60/record_time/proxy_excluded/RESULT.json
M5_JOINT_STABILITY_PREDICTIVE_STABILITY,SRU_H2S__H5__W1,,JOINT_STABILITY_REGISTERED_STABILITY_CONTROLS_INSUFFICIENT,0.0034046173095703125,,,peak RAM and fit/predict split were not persisted by the frozen runner,results/DEVELOPMENT/JOINT/SRU_H2S__H5__W1/record_time/primary/RESULT.json
M5_JOINT_STABILITY_PREDICTIVE_STABILITY,SRU_SO2__H5__W1,,JOINT_STABILITY_REGISTERED_STABILITY_CONTROLS_INSUFFICIENT,0.7249879837036133,,,peak RAM and fit/predict split were not persisted by the frozen runner,results/DEVELOPMENT/JOINT/SRU_SO2__H5__W1/record_time/primary/RESULT.json
M5_JOINT_STABILITY_PREDICTIVE_STABILITY,TEP_G12__H4__W2,,JOINT_STABILITY_REGISTERED_STABILITY_CONTROLS_INSUFFICIENT,0.004428863525390625,,,peak RAM and fit/predict split were not persisted by the frozen runner,results/DEVELOPMENT/JOINT/TEP_G12__H4__W2/analyzer_maturity_5_steps/proxy_excluded/RESULT.json
M5_JOINT_STABILITY_PREDICTIVE_STABILITY,TEP_G12__H4__W2,,JOINT_STABILITY_REGISTERED_STABILITY_CONTROLS_INSUFFICIENT,0.0030944347381591797,,,peak RAM and fit/predict split were not persisted by the frozen runner,results/DEVELOPMENT/JOINT/TEP_G12__H4__W2/record_time/proxy_excluded/RESULT.json
E2R_K,DEB_C4__H5__W1,,PASS,10.764194011688232,,,peak RAM and fit/predict split were not persisted by the frozen runner,results/DEVELOPMENT/K/DEB_C4__H5__W1/primary/u1/RESULT.json
E2R_K,DEB_C4__H5__W1,,PASS,15.24522089958191,,,peak RAM and fit/predict split were not persisted by the frozen runner,results/DEVELOPMENT/K/DEB_C4__H5__W1/primary/u2/RESULT.json
E2R_K,DEB_C4__H5__W1,,PASS,16.476428747177124,,,peak RAM and fit/predict split were not persisted by the frozen runner,results/DEVELOPMENT/K/DEB_C4__H5__W1/primary/u3/RESULT.json
E2R_K,DEB_C4__H5__W1,,PASS,0.39563846588134766,,,peak RAM and fit/predict split were not persisted by the frozen runner,results/DEVELOPMENT/K/DEB_C4__H5__W1/primary/u4/RESULT.json
E2R_K,DEB_C4__H5__W1,,PASS,5.550166368484497,,,peak RAM and fit/predict split were not persisted by the frozen runner,results/DEVELOPMENT/K/DEB_C4__H5__W1/primary/u5/RESULT.json
E2R_K,DEB_C4__H5__W1,,PASS,0.2880055904388428,,,peak RAM and fit/predict split were not persisted by the frozen runner,results/DEVELOPMENT/K/DEB_C4__H5__W1/primary/u6/RESULT.json
E2R_K,DEB_C4__H5__W1,,PASS,18.067522048950195,,,peak RAM and fit/predict split were not persisted by the frozen runner,results/DEVELOPMENT/K/DEB_C4__H5__W1/primary/u7/RESULT.json
E2R_K,METRO_OIL20__H120__W12,,PASS,958.8852574825287,,,peak RAM and fit/predict split were not persisted by the frozen runner,results/DEVELOPMENT/K/METRO_OIL20__H120__W12/primary/COMP/RESULT.json
E2R_K,METRO_OIL20__H120__W12,,PASS,58.17115664482117,,,peak RAM and fit/predict split were not persisted by the frozen runner,results/DEVELOPMENT/K/METRO_OIL20__H120__W12/primary/Caudal_impulses/RESULT.json
E2R_K,METRO_OIL20__H120__W12,,PASS,800.0512261390686,,,peak RAM and fit/predict split were not persisted by the frozen runner,results/DEVELOPMENT/K/METRO_OIL20__H120__W12/primary/DV_eletric/RESULT.json
E2R_K,METRO_OIL20__H120__W12,,PASS,62.0511212348938,,,peak RAM and fit/predict split were not persisted by the frozen runner,results/DEVELOPMENT/K/METRO_OIL20__H120__W12/primary/DV_pressure/RESULT.json
E2R_K,METRO_OIL20__H120__W12,,PASS,2032.2231667041779,,,peak RAM and fit/predict split were not persisted by the frozen runner,results/DEVELOPMENT/K/METRO_OIL20__H120__W12/primary/H1/RESULT.json
E2R_K,METRO_OIL20__H120__W12,,PASS,60.17570447921753,,,peak RAM and fit/predict split were not persisted by the frozen runner,results/DEVELOPMENT/K/METRO_OIL20__H120__W12/primary/LPS/RESULT.json
E2R_K,METRO_OIL20__H120__W12,,PASS,989.9294059276581,,,peak RAM and fit/predict split were not persisted by the frozen runner,results/DEVELOPMENT/K/METRO_OIL20__H120__W12/primary/MPG/RESULT.json
E2R_K,METRO_OIL20__H120__W12,,PASS,2495.763493537903,,,peak RAM and fit/predict split were not persisted by the frozen runner,results/DEVELOPMENT/K/METRO_OIL20__H120__W12/primary/Motor_current/RESULT.json
E2R_K,METRO_OIL20__H120__W12,,PASS,58.87111496925354,,,peak RAM and fit/predict split were not persisted by the frozen runner,results/DEVELOPMENT/K/METRO_OIL20__H120__W12/primary/Oil_level/RESULT.json
E2R_K,METRO_OIL20__H120__W12,,PASS,60.33449029922485,,,peak RAM and fit/predict split were not persisted by the frozen runner,results/DEVELOPMENT/K/METRO_OIL20__H120__W12/primary/Pressure_switch/RESULT.json
E2R_K,METRO_OIL20__H120__W12,,PASS,1279.5290551185608,,,peak RAM and fit/predict split were not persisted by the frozen runner,results/DEVELOPMENT/K/METRO_OIL20__H120__W12/primary/Reservoirs/RESULT.json
E2R_K,METRO_OIL20__H120__W12,,PASS,3142.4248859882355,,,peak RAM and fit/predict split were not persisted by the frozen runner,results/DEVELOPMENT/K/METRO_OIL20__H120__W12/primary/TP2/RESULT.json
E2R_K,METRO_OIL20__H120__W12,,PASS,1262.3404800891876,,,peak RAM and fit/predict split were not persisted by the frozen runner,results/DEVELOPMENT/K/METRO_OIL20__H120__W12/primary/TP3/RESULT.json
E2R_K,METRO_OIL20__H120__W12,,PASS,1033.2892231941223,,,peak RAM and fit/predict split were not persisted by the frozen runner,results/DEVELOPMENT/K/METRO_OIL20__H120__W12/primary/Towers/RESULT.json
E2R_K,METRO_P60__H6__W1,,PASS,241.49490761756897,,,peak RAM and fit/predict split were not persisted by the frozen runner,results/DEVELOPMENT/K/METRO_P60__H6__W1/full_sensor_secondary/COMP/RESULT.json
E2R_K,METRO_P60__H6__W1,,PASS,56.04439949989319,,,peak RAM and fit/predict split were not persisted by the frozen runner,results/DEVELOPMENT/K/METRO_P60__H6__W1/full_sensor_secondary/Caudal_impulses/RESULT.json
E2R_K,METRO_P60__H6__W1,,PASS,240.43872237205505,,,peak RAM and fit/predict split were not persisted by the frozen runner,results/DEVELOPMENT/K/METRO_P60__H6__W1/full_sensor_secondary/DV_eletric/RESULT.json
E2R_K,METRO_P60__H6__W1,,PASS,57.73980188369751,,,peak RAM and fit/predict split were not persisted by the frozen runner,results/DEVELOPMENT/K/METRO_P60__H6__W1/full_sensor_secondary/DV_pressure/RESULT.json
E2R_K,METRO_P60__H6__W1,,PASS,1426.9366738796234,,,peak RAM and fit/predict split were not persisted by the frozen runner,results/DEVELOPMENT/K/METRO_P60__H6__W1/full_sensor_secondary/H1/RESULT.json
E2R_K,METRO_P60__H6__W1,,PASS,55.919949769973755,,,peak RAM and fit/predict split were not persisted by the frozen runner,results/DEVELOPMENT/K/METRO_P60__H6__W1/full_sensor_secondary/LPS/RESULT.json
E2R_K,METRO_P60__H6__W1,,PASS,244.27893900871277,,,peak RAM and fit/predict split were not persisted by the frozen runner,results/DEVELOPMENT/K/METRO_P60__H6__W1/full_sensor_secondary/MPG/RESULT.json
E2R_K,METRO_P60__H6__W1,,PASS,2898.4911630153656,,,peak RAM and fit/predict split were not persisted by the frozen runner,results/DEVELOPMENT/K/METRO_P60__H6__W1/full_sensor_secondary/Motor_current/RESULT.json
E2R_K,METRO_P60__H6__W1,,PASS,52.014638900756836,,,peak RAM and fit/predict split were not persisted by the frozen runner,results/DEVELOPMENT/K/METRO_P60__H6__W1/full_sensor_secondary/Oil_level/RESULT.json
E2R_K,METRO_P60__H6__W1,,PASS,579.0670108795166,,,peak RAM and fit/predict split were not persisted by the frozen runner,results/DEVELOPMENT/K/METRO_P60__H6__W1/full_sensor_secondary/Oil_temperature/RESULT.json
E2R_K,METRO_P60__H6__W1,,PASS,56.239768981933594,,,peak RAM and fit/predict split were not persisted by the frozen runner,results/DEVELOPMENT/K/METRO_P60__H6__W1/full_sensor_secondary/Pressure_switch/RESULT.json
E2R_K,METRO_P60__H6__W1,,PASS,690.7413504123688,,,peak RAM and fit/predict split were not persisted by the frozen runner,results/DEVELOPMENT/K/METRO_P60__H6__W1/full_sensor_secondary/TP2/RESULT.json
E2R_K,METRO_P60__H6__W1,,PASS,922.8833999633789,,,peak RAM and fit/predict split were not persisted by the frozen runner,results/DEVELOPMENT/K/METRO_P60__H6__W1/full_sensor_secondary/TP3/RESULT.json
E2R_K,METRO_P60__H6__W1,,PASS,424.78073143959045,,,peak RAM and fit/predict split were not persisted by the frozen runner,results/DEVELOPMENT/K/METRO_P60__H6__W1/full_sensor_secondary/Towers/RESULT.json
E2R_K,METRO_P60__H6__W1,,PASS,243.25129866600037,,,peak RAM and fit/predict split were not persisted by the frozen runner,results/DEVELOPMENT/K/METRO_P60__H6__W1/proxy_excluded/COMP/RESULT.json
E2R_K,METRO_P60__H6__W1,,PASS,56.31950092315674,,,peak RAM and fit/predict split were not persisted by the frozen runner,results/DEVELOPMENT/K/METRO_P60__H6__W1/proxy_excluded/Caudal_impulses/RESULT.json
E2R_K,METRO_P60__H6__W1,,PASS,246.6047248840332,,,peak RAM and fit/predict split were not persisted by the frozen runner,results/DEVELOPMENT/K/METRO_P60__H6__W1/proxy_excluded/DV_eletric/RESULT.json
E2R_K,METRO_P60__H6__W1,,PASS,58.16348123550415,,,peak RAM and fit/predict split were not persisted by the frozen runner,results/DEVELOPMENT/K/METRO_P60__H6__W1/proxy_excluded/DV_pressure/RESULT.json
E2R_K,METRO_P60__H6__W1,,PASS,1426.57750082016,,,peak RAM and fit/predict split were not persisted by the frozen runner,results/DEVELOPMENT/K/METRO_P60__H6__W1/proxy_excluded/H1/RESULT.json
E2R_K,METRO_P60__H6__W1,,PASS,56.11247801780701,,,peak RAM and fit/predict split were not persisted by the frozen runner,results/DEVELOPMENT/K/METRO_P60__H6__W1/proxy_excluded/LPS/RESULT.json
E2R_K,METRO_P60__H6__W1,,PASS,244.79551100730896,,,peak RAM and fit/predict split were not persisted by the frozen runner,results/DEVELOPMENT/K/METRO_P60__H6__W1/proxy_excluded/MPG/RESULT.json
E2R_K,METRO_P60__H6__W1,,PASS,2762.4306824207306,,,peak RAM and fit/predict split were not persisted by the frozen runner,results/DEVELOPMENT/K/METRO_P60__H6__W1/proxy_excluded/Motor_current/RESULT.json
E2R_K,METRO_P60__H6__W1,,PASS,52.27492141723633,,,peak RAM and fit/predict split were not persisted by the frozen runner,results/DEVELOPMENT/K/METRO_P60__H6__W1/proxy_excluded/Oil_level/RESULT.json
E2R_K,METRO_P60__H6__W1,,PASS,571.9809055328369,,,peak RAM and fit/predict split were not persisted by the frozen runner,results/DEVELOPMENT/K/METRO_P60__H6__W1/proxy_excluded/Oil_temperature/RESULT.json
E2R_K,METRO_P60__H6__W1,,PASS,56.97367835044861,,,peak RAM and fit/predict split were not persisted by the frozen runner,results/DEVELOPMENT/K/METRO_P60__H6__W1/proxy_excluded/Pressure_switch/RESULT.json
E2R_K,METRO_P60__H6__W1,,PASS,687.9038262367249,,,peak RAM and fit/predict split were not persisted by the frozen runner,results/DEVELOPMENT/K/METRO_P60__H6__W1/proxy_excluded/TP2/RESULT.json
E2R_K,METRO_P60__H6__W1,,PASS,416.0252752304077,,,peak RAM and fit/predict split were not persisted by the frozen runner,results/DEVELOPMENT/K/METRO_P60__H6__W1/proxy_excluded/Towers/RESULT.json
E2R_K,PMSM_PM5__H600__W60,,PASS,73.76346707344055,,,peak RAM and fit/predict split were not persisted by the frozen runner,results/DEVELOPMENT/K/PMSM_PM5__H600__W60/full_sensor_secondary/ambient/RESULT.json
E2R_K,PMSM_PM5__H600__W60,,PASS,3226.315304517746,,,peak RAM and fit/predict split were not persisted by the frozen runner,results/DEVELOPMENT/K/PMSM_PM5__H600__W60/full_sensor_secondary/coolant/RESULT.json
E2R_K,PMSM_PM5__H600__W60,,PASS,64.62444949150085,,,peak RAM and fit/predict split were not persisted by the frozen runner,results/DEVELOPMENT/K/PMSM_PM5__H600__W60/full_sensor_secondary/i_d/RESULT.json
E2R_K,PMSM_PM5__H600__W60,,PASS,64.57624840736389,,,peak RAM and fit/predict split were not persisted by the frozen runner,results/DEVELOPMENT/K/PMSM_PM5__H600__W60/full_sensor_secondary/i_q/RESULT.json
E2R_K,PMSM_PM5__H600__W60,,PASS,65.55972123146057,,,peak RAM and fit/predict split were not persisted by the frozen runner,results/DEVELOPMENT/K/PMSM_PM5__H600__W60/full_sensor_secondary/motor_speed/RESULT.json
E2R_K,PMSM_PM5__H600__W60,,PASS,1450.3053512573242,,,peak RAM and fit/predict split were not persisted by the frozen runner,results/DEVELOPMENT/K/PMSM_PM5__H600__W60/full_sensor_secondary/stator_tooth/RESULT.json
E2R_K,PMSM_PM5__H600__W60,,PASS,1374.9883687496185,,,peak RAM and fit/predict split were not persisted by the frozen runner,results/DEVELOPMENT/K/PMSM_PM5__H600__W60/full_sensor_secondary/stator_winding/RESULT.json
E2R_K,PMSM_PM5__H600__W60,,PASS,77.81446981430054,,,peak RAM and fit/predict split were not persisted by the frozen runner,results/DEVELOPMENT/K/PMSM_PM5__H600__W60/full_sensor_secondary/stator_yoke/RESULT.json
E2R_K,PMSM_PM5__H600__W60,,PASS,64.80675840377808,,,peak RAM and fit/predict split were not persisted by the frozen runner,results/DEVELOPMENT/K/PMSM_PM5__H600__W60/full_sensor_secondary/torque/RESULT.json
E2R_K,PMSM_PM5__H600__W60,,PASS,66.04979348182678,,,peak RAM and fit/predict split were not persisted by the frozen runner,results/DEVELOPMENT/K/PMSM_PM5__H600__W60/full_sensor_secondary/u_d/RESULT.json
E2R_K,PMSM_PM5__H600__W60,,PASS,64.70486211776733,,,peak RAM and fit/predict split were not persisted by the frozen runner,results/DEVELOPMENT/K/PMSM_PM5__H600__W60/full_sensor_secondary/u_q/RESULT.json
E2R_K,PMSM_PM5__H600__W60,,PASS,73.941654920578,,,peak RAM and fit/predict split were not persisted by the frozen runner,results/DEVELOPMENT/K/PMSM_PM5__H600__W60/proxy_excluded/ambient/RESULT.json
E2R_K,PMSM_PM5__H600__W60,,PASS,3191.305488586426,,,peak RAM and fit/predict split were not persisted by the frozen runner,results/DEVELOPMENT/K/PMSM_PM5__H600__W60/proxy_excluded/coolant/RESULT.json
E2R_K,PMSM_PM5__H600__W60,,PASS,64.38823819160461,,,peak RAM and fit/predict split were not persisted by the frozen runner,results/DEVELOPMENT/K/PMSM_PM5__H600__W60/proxy_excluded/i_d/RESULT.json
E2R_K,PMSM_PM5__H600__W60,,PASS,66.28737735748291,,,peak RAM and fit/predict split were not persisted by the frozen runner,results/DEVELOPMENT/K/PMSM_PM5__H600__W60/proxy_excluded/i_q/RESULT.json
E2R_K,PMSM_PM5__H600__W60,,PASS,65.20687961578369,,,peak RAM and fit/predict split were not persisted by the frozen runner,results/DEVELOPMENT/K/PMSM_PM5__H600__W60/proxy_excluded/motor_speed/RESULT.json
E2R_K,PMSM_PM5__H600__W60,,PASS,66.20354104042053,,,peak RAM and fit/predict split were not persisted by the frozen runner,results/DEVELOPMENT/K/PMSM_PM5__H600__W60/proxy_excluded/torque/RESULT.json
E2R_K,PMSM_PM5__H600__W60,,PASS,65.18226647377014,,,peak RAM and fit/predict split were not persisted by the frozen runner,results/DEVELOPMENT/K/PMSM_PM5__H600__W60/proxy_excluded/u_d/RESULT.json
E2R_K,PMSM_PM5__H600__W60,,PASS,66.0204849243164,,,peak RAM and fit/predict split were not persisted by the frozen runner,results/DEVELOPMENT/K/PMSM_PM5__H600__W60/proxy_excluded/u_q/RESULT.json
E2R_K,SRU_H2S__H5__W1,,PASS,31.99606680870056,,,peak RAM and fit/predict split were not persisted by the frozen runner,results/DEVELOPMENT/K/SRU_H2S__H5__W1/primary/u1/RESULT.json
E2R_K,SRU_H2S__H5__W1,,PASS,0.711937665939331,,,peak RAM and fit/predict split were not persisted by the frozen runner,results/DEVELOPMENT/K/SRU_H2S__H5__W1/primary/u2/RESULT.json
E2R_K,SRU_H2S__H5__W1,,PASS,41.34897565841675,,,peak RAM and fit/predict split were not persisted by the frozen runner,results/DEVELOPMENT/K/SRU_H2S__H5__W1/primary/u3/RESULT.json
E2R_K,SRU_H2S__H5__W1,,PASS,0.7407810688018799,,,peak RAM and fit/predict split were not persisted by the frozen runner,results/DEVELOPMENT/K/SRU_H2S__H5__W1/primary/u4/RESULT.json
E2R_K,SRU_H2S__H5__W1,,PASS,0.7468791007995605,,,peak RAM and fit/predict split were not persisted by the frozen runner,results/DEVELOPMENT/K/SRU_H2S__H5__W1/primary/u5/RESULT.json
E2R_K,SRU_SO2__H5__W1,,PASS,40.88983607292175,,,peak RAM and fit/predict split were not persisted by the frozen runner,results/DEVELOPMENT/K/SRU_SO2__H5__W1/primary/u1/RESULT.json
E2R_K,SRU_SO2__H5__W1,,PASS,36.07959461212158,,,peak RAM and fit/predict split were not persisted by the frozen runner,results/DEVELOPMENT/K/SRU_SO2__H5__W1/primary/u2/RESULT.json
E2R_K,SRU_SO2__H5__W1,,PASS,36.16584229469299,,,peak RAM and fit/predict split were not persisted by the frozen runner,results/DEVELOPMENT/K/SRU_SO2__H5__W1/primary/u3/RESULT.json
E2R_K,SRU_SO2__H5__W1,,PASS,0.7644519805908203,,,peak RAM and fit/predict split were not persisted by the frozen runner,results/DEVELOPMENT/K/SRU_SO2__H5__W1/primary/u4/RESULT.json
E2R_K,SRU_SO2__H5__W1,,PASS,0.7451145648956299,,,peak RAM and fit/predict split were not persisted by the frozen runner,results/DEVELOPMENT/K/SRU_SO2__H5__W1/primary/u5/RESULT.json
E2R_K,TEP_G12__H4__W2,,PASS,222.17802596092224,,,peak RAM and fit/predict split were not persisted by the frozen runner,results/DEVELOPMENT/K/TEP_G12__H4__W2/proxy_excluded/xmeas_1/RESULT.json
E2R_K,TEP_G12__H4__W2,,PASS,225.616206407547,,,peak RAM and fit/predict split were not persisted by the frozen runner,results/DEVELOPMENT/K/TEP_G12__H4__W2/proxy_excluded/xmeas_10/RESULT.json
E2R_K,TEP_G12__H4__W2,,PASS,223.16214871406555,,,peak RAM and fit/predict split were not persisted by the frozen runner,results/DEVELOPMENT/K/TEP_G12__H4__W2/proxy_excluded/xmeas_11/RESULT.json
E2R_K,TEP_G12__H4__W2,,PASS,225.3808789253235,,,peak RAM and fit/predict split were not persisted by the frozen runner,results/DEVELOPMENT/K/TEP_G12__H4__W2/proxy_excluded/xmeas_12/RESULT.json
E2R_K,TEP_G12__H4__W2,,PASS,226.91056513786316,,,peak RAM and fit/predict split were not persisted by the frozen runner,results/DEVELOPMENT/K/TEP_G12__H4__W2/proxy_excluded/xmeas_13/RESULT.json
E2R_K,TEP_G12__H4__W2,,PASS,220.59122705459595,,,peak RAM and fit/predict split were not persisted by the frozen runner,results/DEVELOPMENT/K/TEP_G12__H4__W2/proxy_excluded/xmeas_14/RESULT.json
E2R_K,TEP_G12__H4__W2,,PASS,223.9629030227661,,,peak RAM and fit/predict split were not persisted by the frozen runner,results/DEVELOPMENT/K/TEP_G12__H4__W2/proxy_excluded/xmeas_15/RESULT.json
E2R_K,TEP_G12__H4__W2,,PASS,225.99827456474304,,,peak RAM and fit/predict split were not persisted by the frozen runner,results/DEVELOPMENT/K/TEP_G12__H4__W2/proxy_excluded/xmeas_16/RESULT.json
E2R_K,TEP_G12__H4__W2,,PASS,223.15411281585693,,,peak RAM and fit/predict split were not persisted by the frozen runner,results/DEVELOPMENT/K/TEP_G12__H4__W2/proxy_excluded/xmeas_17/RESULT.json
E2R_K,TEP_G12__H4__W2,,PASS,225.15620398521423,,,peak RAM and fit/predict split were not persisted by the frozen runner,results/DEVELOPMENT/K/TEP_G12__H4__W2/proxy_excluded/xmeas_18/RESULT.json
E2R_K,TEP_G12__H4__W2,,PASS,224.7697560787201,,,peak RAM and fit/predict split were not persisted by the frozen runner,results/DEVELOPMENT/K/TEP_G12__H4__W2/proxy_excluded/xmeas_19/RESULT.json
E2R_K,TEP_G12__H4__W2,,PASS,225.59022998809814,,,peak RAM and fit/predict split were not persisted by the frozen runner,results/DEVELOPMENT/K/TEP_G12__H4__W2/proxy_excluded/xmeas_2/RESULT.json
E2R_K,TEP_G12__H4__W2,,PASS,222.70375633239746,,,peak RAM and fit/predict split were not persisted by the frozen runner,results/DEVELOPMENT/K/TEP_G12__H4__W2/proxy_excluded/xmeas_20/RESULT.json
E2R_K,TEP_G12__H4__W2,,PASS,225.0444254875183,,,peak RAM and fit/predict split were not persisted by the frozen runner,results/DEVELOPMENT/K/TEP_G12__H4__W2/proxy_excluded/xmeas_21/RESULT.json
E2R_K,TEP_G12__H4__W2,,PASS,224.10646510124207,,,peak RAM and fit/predict split were not persisted by the frozen runner,results/DEVELOPMENT/K/TEP_G12__H4__W2/proxy_excluded/xmeas_22/RESULT.json
E2R_K,TEP_G12__H4__W2,,PASS,222.5641942024231,,,peak RAM and fit/predict split were not persisted by the frozen runner,results/DEVELOPMENT/K/TEP_G12__H4__W2/proxy_excluded/xmeas_23/RESULT.json
E2R_K,TEP_G12__H4__W2,,PASS,226.24146962165833,,,peak RAM and fit/predict split were not persisted by the frozen runner,results/DEVELOPMENT/K/TEP_G12__H4__W2/proxy_excluded/xmeas_24/RESULT.json
E2R_K,TEP_G12__H4__W2,,PASS,224.444251537323,,,peak RAM and fit/predict split were not persisted by the frozen runner,results/DEVELOPMENT/K/TEP_G12__H4__W2/proxy_excluded/xmeas_25/RESULT.json
E2R_K,TEP_G12__H4__W2,,PASS,223.886127948761,,,peak RAM and fit/predict split were not persisted by the frozen runner,results/DEVELOPMENT/K/TEP_G12__H4__W2/proxy_excluded/xmeas_26/RESULT.json
E2R_K,TEP_G12__H4__W2,,PASS,225.5432596206665,,,peak RAM and fit/predict split were not persisted by the frozen runner,results/DEVELOPMENT/K/TEP_G12__H4__W2/proxy_excluded/xmeas_27/RESULT.json
E2R_K,TEP_G12__H4__W2,,PASS,223.91730737686157,,,peak RAM and fit/predict split were not persisted by the frozen runner,results/DEVELOPMENT/K/TEP_G12__H4__W2/proxy_excluded/xmeas_28/RESULT.json
E2R_K,TEP_G12__H4__W2,,PASS,225.8792691230774,,,peak RAM and fit/predict split were not persisted by the frozen runner,results/DEVELOPMENT/K/TEP_G12__H4__W2/proxy_excluded/xmeas_29/RESULT.json
E2R_K,TEP_G12__H4__W2,,PASS,224.92016911506653,,,peak RAM and fit/predict split were not persisted by the frozen runner,results/DEVELOPMENT/K/TEP_G12__H4__W2/proxy_excluded/xmeas_3/RESULT.json
E2R_K,TEP_G12__H4__W2,,PASS,226.68400764465332,,,peak RAM and fit/predict split were not persisted by the frozen runner,results/DEVELOPMENT/K/TEP_G12__H4__W2/proxy_excluded/xmeas_30/RESULT.json
E2R_K,TEP_G12__H4__W2,,PASS,226.78252458572388,,,peak RAM and fit/predict split were not persisted by the frozen runner,results/DEVELOPMENT/K/TEP_G12__H4__W2/proxy_excluded/xmeas_31/RESULT.json
E2R_K,TEP_G12__H4__W2,,PASS,224.55738735198975,,,peak RAM and fit/predict split were not persisted by the frozen runner,results/DEVELOPMENT/K/TEP_G12__H4__W2/proxy_excluded/xmeas_32/RESULT.json
E2R_K,TEP_G12__H4__W2,,PASS,225.44697952270508,,,peak RAM and fit/predict split were not persisted by the frozen runner,results/DEVELOPMENT/K/TEP_G12__H4__W2/proxy_excluded/xmeas_33/RESULT.json
E2R_K,TEP_G12__H4__W2,,PASS,222.70061230659485,,,peak RAM and fit/predict split were not persisted by the frozen runner,results/DEVELOPMENT/K/TEP_G12__H4__W2/proxy_excluded/xmeas_34/RESULT.json
E2R_K,TEP_G12__H4__W2,,PASS,225.61324763298035,,,peak RAM and fit/predict split were not persisted by the frozen runner,results/DEVELOPMENT/K/TEP_G12__H4__W2/proxy_excluded/xmeas_35/RESULT.json
E2R_K,TEP_G12__H4__W2,,PASS,221.33092141151428,,,peak RAM and fit/predict split were not persisted by the frozen runner,results/DEVELOPMENT/K/TEP_G12__H4__W2/proxy_excluded/xmeas_36/RESULT.json
E2R_K,TEP_G12__H4__W2,,PASS,224.3932774066925,,,peak RAM and fit/predict split were not persisted by the frozen runner,results/DEVELOPMENT/K/TEP_G12__H4__W2/proxy_excluded/xmeas_4/RESULT.json
E2R_K,TEP_G12__H4__W2,,PASS,221.5179295539856,,,peak RAM and fit/predict split were not persisted by the frozen runner,results/DEVELOPMENT/K/TEP_G12__H4__W2/proxy_excluded/xmeas_5/RESULT.json
E2R_K,TEP_G12__H4__W2,,PASS,223.6081018447876,,,peak RAM and fit/predict split were not persisted by the frozen runner,results/DEVELOPMENT/K/TEP_G12__H4__W2/proxy_excluded/xmeas_6/RESULT.json
E2R_K,TEP_G12__H4__W2,,PASS,221.08906984329224,,,peak RAM and fit/predict split were not persisted by the frozen runner,results/DEVELOPMENT/K/TEP_G12__H4__W2/proxy_excluded/xmeas_7/RESULT.json
E2R_K,TEP_G12__H4__W2,,PASS,224.66185069084167,,,peak RAM and fit/predict split were not persisted by the frozen runner,results/DEVELOPMENT/K/TEP_G12__H4__W2/proxy_excluded/xmeas_8/RESULT.json
E2R_K,TEP_G12__H4__W2,,PASS,224.44847226142883,,,peak RAM and fit/predict split were not persisted by the frozen runner,results/DEVELOPMENT/K/TEP_G12__H4__W2/proxy_excluded/xmeas_9/RESULT.json
E2R_K,TEP_G12__H4__W2,,PASS,244.29012751579285,,,peak RAM and fit/predict split were not persisted by the frozen runner,results/DEVELOPMENT/K/TEP_G12__H4__W2/proxy_excluded/xmv_1/RESULT.json
E2R_K,TEP_G12__H4__W2,,PASS,240.10469603538513,,,peak RAM and fit/predict split were not persisted by the frozen runner,results/DEVELOPMENT/K/TEP_G12__H4__W2/proxy_excluded/xmv_10/RESULT.json
E2R_K,TEP_G12__H4__W2,,PASS,241.3558633327484,,,peak RAM and fit/predict split were not persisted by the frozen runner,results/DEVELOPMENT/K/TEP_G12__H4__W2/proxy_excluded/xmv_11/RESULT.json
E2R_K,TEP_G12__H4__W2,,PASS,242.99892163276672,,,peak RAM and fit/predict split were not persisted by the frozen runner,results/DEVELOPMENT/K/TEP_G12__H4__W2/proxy_excluded/xmv_2/RESULT.json
E2R_K,TEP_G12__H4__W2,,PASS,243.59613609313965,,,peak RAM and fit/predict split were not persisted by the frozen runner,results/DEVELOPMENT/K/TEP_G12__H4__W2/proxy_excluded/xmv_3/RESULT.json
E2R_K,TEP_G12__H4__W2,,PASS,243.16650652885437,,,peak RAM and fit/predict split were not persisted by the frozen runner,results/DEVELOPMENT/K/TEP_G12__H4__W2/proxy_excluded/xmv_4/RESULT.json
E2R_K,TEP_G12__H4__W2,,PASS,244.73001384735107,,,peak RAM and fit/predict split were not persisted by the frozen runner,results/DEVELOPMENT/K/TEP_G12__H4__W2/proxy_excluded/xmv_5/RESULT.json
E2R_K,TEP_G12__H4__W2,,PASS,241.7325348854065,,,peak RAM and fit/predict split were not persisted by the frozen runner,results/DEVELOPMENT/K/TEP_G12__H4__W2/proxy_excluded/xmv_6/RESULT.json
E2R_K,TEP_G12__H4__W2,,PASS,243.44051909446716,,,peak RAM and fit/predict split were not persisted by the frozen runner,results/DEVELOPMENT/K/TEP_G12__H4__W2/proxy_excluded/xmv_7/RESULT.json
E2R_K,TEP_G12__H4__W2,,PASS,241.4425208568573,,,peak RAM and fit/predict split were not persisted by the frozen runner,results/DEVELOPMENT/K/TEP_G12__H4__W2/proxy_excluded/xmv_8/RESULT.json
E2R_K,TEP_G12__H4__W2,,PASS,245.81203699111938,,,peak RAM and fit/predict split were not persisted by the frozen runner,results/DEVELOPMENT/K/TEP_G12__H4__W2/proxy_excluded/xmv_9/RESULT.json
E3R_W,DEB_C4__H5__W1,,PASS,1.6892635822296143,,,peak RAM and fit/predict split were not persisted by the frozen runner,results/DEVELOPMENT/W/DEB_C4__H5__W1/primary/RESULT.json
E3R_W,METRO_OIL20__H120__W12,,PASS,269.41083812713623,,,peak RAM and fit/predict split were not persisted by the frozen runner,results/DEVELOPMENT/W/METRO_OIL20__H120__W12/primary/RESULT.json
E3R_W,METRO_P60__H6__W1,,PASS,346.04019021987915,,,peak RAM and fit/predict split were not persisted by the frozen runner,results/DEVELOPMENT/W/METRO_P60__H6__W1/full_sensor_secondary/RESULT.json
E3R_W,METRO_P60__H6__W1,,PASS,321.08113503456116,,,peak RAM and fit/predict split were not persisted by the frozen runner,results/DEVELOPMENT/W/METRO_P60__H6__W1/proxy_excluded/RESULT.json
E3R_W,PMSM_PM5__H600__W60,,PASS,149.80953192710876,,,peak RAM and fit/predict split were not persisted by the frozen runner,results/DEVELOPMENT/W/PMSM_PM5__H600__W60/full_sensor_secondary/RESULT.json
E3R_W,PMSM_PM5__H600__W60,,PASS,5.761645555496216,,,peak RAM and fit/predict split were not persisted by the frozen runner,results/DEVELOPMENT/W/PMSM_PM5__H600__W60/proxy_excluded/RESULT.json
E3R_W,SRU_H2S__H5__W1,,PASS,0.06630849838256836,,,peak RAM and fit/predict split were not persisted by the frozen runner,results/DEVELOPMENT/W/SRU_H2S__H5__W1/primary/RESULT.json
E3R_W,SRU_SO2__H5__W1,,PASS,2.7707557678222656,,,peak RAM and fit/predict split were not persisted by the frozen runner,results/DEVELOPMENT/W/SRU_SO2__H5__W1/primary/RESULT.json
E3R_W,TEP_G12__H4__W2,,PASS,22.22821354866028,,,peak RAM and fit/predict split were not persisted by the frozen runner,results/DEVELOPMENT/W/TEP_G12__H4__W2/proxy_excluded/RESULT.json
T1_PUBLIC_ALL_TEST_OOD_ACCESS,DEB_C4__H5__W1,PRISM_V2_1_1_K_C,PASS,,0.08007693290710449,,materialization audit records combined fit and prediction time,final/test_predictions/DEB_C4__H5__W1/input_only/record_time/primary/PRISM_V2_1_1_K_C.parquet
T1_PUBLIC_ALL_TEST_OOD_ACCESS,DEB_C4__H5__W1,PRISM_V2_1_1_K_C_W,PASS,,0.08488655090332031,,materialization audit records combined fit and prediction time,final/test_predictions/DEB_C4__H5__W1/input_only/record_time/primary/PRISM_V2_1_1_K_C_W.parquet
T1_PUBLIC_ALL_TEST_OOD_ACCESS,METRO_OIL20__H120__W12,PRISM_V2_1_1_K_C,PASS,,50.790021896362305,,materialization audit records combined fit and prediction time,final/test_predictions/METRO_OIL20__H120__W12/input_only/record_time/primary/PRISM_V2_1_1_K_C.parquet
T1_PUBLIC_ALL_TEST_OOD_ACCESS,METRO_OIL20__H120__W12,PRISM_V2_1_1_K_C_W,PASS,,52.54818034172058,,materialization audit records combined fit and prediction time,final/test_predictions/METRO_OIL20__H120__W12/input_only/record_time/primary/PRISM_V2_1_1_K_C_W.parquet
T1_PUBLIC_ALL_TEST_OOD_ACCESS,METRO_P60__H6__W1,PRISM_V2_1_1_K_C,PASS,,136.15910267829895,,materialization audit records combined fit and prediction time,final/test_predictions/METRO_P60__H6__W1/input_only/record_time/full_sensor_secondary/PRISM_V2_1_1_K_C.parquet
T1_PUBLIC_ALL_TEST_OOD_ACCESS,METRO_P60__H6__W1,PRISM_V2_1_1_K_C_W,PASS,,137.77765440940857,,materialization audit records combined fit and prediction time,final/test_predictions/METRO_P60__H6__W1/input_only/record_time/full_sensor_secondary/PRISM_V2_1_1_K_C_W.parquet
T1_PUBLIC_ALL_TEST_OOD_ACCESS,METRO_P60__H6__W1,PRISM_V2_1_1_K_C,PASS,,138.25452256202698,,materialization audit records combined fit and prediction time,final/test_predictions/METRO_P60__H6__W1/input_only/record_time/proxy_excluded/PRISM_V2_1_1_K_C.parquet
T1_PUBLIC_ALL_TEST_OOD_ACCESS,METRO_P60__H6__W1,PRISM_V2_1_1_K_C_W,PASS,,139.89501571655273,,materialization audit records combined fit and prediction time,final/test_predictions/METRO_P60__H6__W1/input_only/record_time/proxy_excluded/PRISM_V2_1_1_K_C_W.parquet
T1_PUBLIC_ALL_TEST_OOD_ACCESS,PMSM_PM5__H600__W60,PRISM_V2_1_1_K_C,PASS,,7.756845951080322,,materialization audit records combined fit and prediction time,final/test_predictions/PMSM_PM5__H600__W60/input_only/record_time/full_sensor_secondary/PRISM_V2_1_1_K_C.parquet
T1_PUBLIC_ALL_TEST_OOD_ACCESS,PMSM_PM5__H600__W60,PRISM_V2_1_1_K_C_W,PASS,,8.553765535354614,,materialization audit records combined fit and prediction time,final/test_predictions/PMSM_PM5__H600__W60/input_only/record_time/full_sensor_secondary/PRISM_V2_1_1_K_C_W.parquet
T1_PUBLIC_ALL_TEST_OOD_ACCESS,PMSM_PM5__H600__W60,PRISM_V2_1_1_K_C,PASS,,3.329742670059204,,materialization audit records combined fit and prediction time,final/test_predictions/PMSM_PM5__H600__W60/input_only/record_time/proxy_excluded/PRISM_V2_1_1_K_C.parquet
T1_PUBLIC_ALL_TEST_OOD_ACCESS,PMSM_PM5__H600__W60,PRISM_V2_1_1_K_C_W,PASS,,4.16974139213562,,materialization audit records combined fit and prediction time,final/test_predictions/PMSM_PM5__H600__W60/input_only/record_time/proxy_excluded/PRISM_V2_1_1_K_C_W.parquet
T1_PUBLIC_ALL_TEST_OOD_ACCESS,SRU_H2S__H5__W1,PRISM_V2_1_1_K_C,PASS,,0.04084610939025879,,materialization audit records combined fit and prediction time,final/test_predictions/SRU_H2S__H5__W1/input_only/record_time/primary/PRISM_V2_1_1_K_C.parquet
T1_PUBLIC_ALL_TEST_OOD_ACCESS,SRU_H2S__H5__W1,PRISM_V2_1_1_K_C_W,PASS,,0.051415205001831055,,materialization audit records combined fit and prediction time,final/test_predictions/SRU_H2S__H5__W1/input_only/record_time/primary/PRISM_V2_1_1_K_C_W.parquet
T1_PUBLIC_ALL_TEST_OOD_ACCESS,SRU_SO2__H5__W1,PRISM_V2_1_1_K_C,PASS,,0.08465123176574707,,materialization audit records combined fit and prediction time,final/test_predictions/SRU_SO2__H5__W1/input_only/record_time/primary/PRISM_V2_1_1_K_C.parquet
T1_PUBLIC_ALL_TEST_OOD_ACCESS,SRU_SO2__H5__W1,PRISM_V2_1_1_K_C_W,PASS,,0.09493803977966309,,materialization audit records combined fit and prediction time,final/test_predictions/SRU_SO2__H5__W1/input_only/record_time/primary/PRISM_V2_1_1_K_C_W.parquet
T1_PUBLIC_ALL_TEST_OOD_ACCESS,TEP_G12__H4__W2,PRISM_V2_1_1_K_C,PASS,,39.24276518821716,,materialization audit records combined fit and prediction time,final/test_predictions/TEP_G12__H4__W2/input_only/record_time/proxy_excluded/PRISM_V2_1_1_K_C.parquet
T1_PUBLIC_ALL_TEST_OOD_ACCESS,TEP_G12__H4__W2,PRISM_V2_1_1_K_C_W,PASS,,57.57271647453308,,materialization audit records combined fit and prediction time,final/test_predictions/TEP_G12__H4__W2/input_only/record_time/proxy_excluded/PRISM_V2_1_1_K_C_W.parquet
T1_PUBLIC_ALL_TEST_OOD_ACCESS,DEB_C4__H5__W1,PRISM_V2_1_1_K_C_DYNAMIC,PASS,,0.1717376708984375,,materialization audit records combined fit and prediction time,final/test_predictions/DEB_C4__H5__W1/dynamic/delay_10_steps/primary/PRISM_V2_1_1_K_C_DYNAMIC.parquet
T1_PUBLIC_ALL_TEST_OOD_ACCESS,DEB_C4__H5__W1,PRISM_V2_1_1_K_C_W_DYNAMIC,PASS,,0.17662358283996582,,materialization audit records combined fit and prediction time,final/test_predictions/DEB_C4__H5__W1/dynamic/delay_10_steps/primary/PRISM_V2_1_1_K_C_W_DYNAMIC.parquet
T1_PUBLIC_ALL_TEST_OOD_ACCESS,DEB_C4__H5__W1,PRISM_V2_1_1_K_C_A_ABLATION,PASS,,0.18137836456298828,,materialization audit records combined fit and prediction time,final/test_predictions/DEB_C4__H5__W1/dynamic/delay_10_steps/primary/PRISM_V2_1_1_K_C_A_ABLATION.parquet
T1_PUBLIC_ALL_TEST_OOD_ACCESS,DEB_C4__H5__W1,PRISM_V2_1_1_PHYSICS_FIRST,PASS,,0.1861724853515625,,materialization audit records combined fit and prediction time,final/test_predictions/DEB_C4__H5__W1/dynamic/delay_10_steps/primary/PRISM_V2_1_1_PHYSICS_FIRST.parquet
T1_PUBLIC_ALL_TEST_OOD_ACCESS,DEB_C4__H5__W1,PRISM_V2_1_1_K_C_DYNAMIC,PASS,,0.05981850624084473,,materialization audit records combined fit and prediction time,final/test_predictions/DEB_C4__H5__W1/dynamic/record_time/primary/PRISM_V2_1_1_K_C_DYNAMIC.parquet
T1_PUBLIC_ALL_TEST_OOD_ACCESS,DEB_C4__H5__W1,PRISM_V2_1_1_K_C_W_DYNAMIC,PASS,,0.06457662582397461,,materialization audit records combined fit and prediction time,final/test_predictions/DEB_C4__H5__W1/dynamic/record_time/primary/PRISM_V2_1_1_K_C_W_DYNAMIC.parquet
T1_PUBLIC_ALL_TEST_OOD_ACCESS,DEB_C4__H5__W1,PRISM_V2_1_1_K_C_A_ABLATION,PASS,,0.11787724494934082,,materialization audit records combined fit and prediction time,final/test_predictions/DEB_C4__H5__W1/dynamic/record_time/primary/PRISM_V2_1_1_K_C_A_ABLATION.parquet
T1_PUBLIC_ALL_TEST_OOD_ACCESS,DEB_C4__H5__W1,PRISM_V2_1_1_PHYSICS_FIRST,PASS,,0.12267589569091797,,materialization audit records combined fit and prediction time,final/test_predictions/DEB_C4__H5__W1/dynamic/record_time/primary/PRISM_V2_1_1_PHYSICS_FIRST.parquet
T1_PUBLIC_ALL_TEST_OOD_ACCESS,METRO_OIL20__H120__W12,PRISM_V2_1_1_K_C_DYNAMIC,PASS,,55.125000953674316,,materialization audit records combined fit and prediction time,final/test_predictions/METRO_OIL20__H120__W12/dynamic/record_time/primary/PRISM_V2_1_1_K_C_DYNAMIC.parquet
T1_PUBLIC_ALL_TEST_OOD_ACCESS,METRO_OIL20__H120__W12,PRISM_V2_1_1_K_C_W_DYNAMIC,PASS,,56.87823462486267,,materialization audit records combined fit and prediction time,final/test_predictions/METRO_OIL20__H120__W12/dynamic/record_time/primary/PRISM_V2_1_1_K_C_W_DYNAMIC.parquet
T1_PUBLIC_ALL_TEST_OOD_ACCESS,METRO_OIL20__H120__W12,PRISM_V2_1_1_K_C_A_ABLATION,PASS,,117.61967086791992,,materialization audit records combined fit and prediction time,final/test_predictions/METRO_OIL20__H120__W12/dynamic/record_time/primary/PRISM_V2_1_1_K_C_A_ABLATION.parquet
T1_PUBLIC_ALL_TEST_OOD_ACCESS,METRO_OIL20__H120__W12,PRISM_V2_1_1_PHYSICS_FIRST,PASS,,119.31926012039185,,materialization audit records combined fit and prediction time,final/test_predictions/METRO_OIL20__H120__W12/dynamic/record_time/primary/PRISM_V2_1_1_PHYSICS_FIRST.parquet
T1_PUBLIC_ALL_TEST_OOD_ACCESS,METRO_OIL20__H120__W12,PRISM_V2_1_1_JOINT_KWA,PASS,,245.71523475646973,,materialization audit records combined fit and prediction time,final/test_predictions/METRO_OIL20__H120__W12/dynamic/record_time/primary/PRISM_V2_1_1_JOINT_KWA.parquet
T1_PUBLIC_ALL_TEST_OOD_ACCESS,METRO_P60__H6__W1,PRISM_V2_1_1_K_C_DYNAMIC,PASS,,141.27203726768494,,materialization audit records combined fit and prediction time,final/test_predictions/METRO_P60__H6__W1/dynamic/record_time/full_sensor_secondary/PRISM_V2_1_1_K_C_DYNAMIC.parquet
T1_PUBLIC_ALL_TEST_OOD_ACCESS,METRO_P60__H6__W1,PRISM_V2_1_1_K_C_W_DYNAMIC,PASS,,142.9172122478485,,materialization audit records combined fit and prediction time,final/test_predictions/METRO_P60__H6__W1/dynamic/record_time/full_sensor_secondary/PRISM_V2_1_1_K_C_W_DYNAMIC.parquet
T1_PUBLIC_ALL_TEST_OOD_ACCESS,METRO_P60__H6__W1,PRISM_V2_1_1_K_C_A_ABLATION,PASS,,144.55544710159302,,materialization audit records combined fit and prediction time,final/test_predictions/METRO_P60__H6__W1/dynamic/record_time/full_sensor_secondary/PRISM_V2_1_1_K_C_A_ABLATION.parquet
T1_PUBLIC_ALL_TEST_OOD_ACCESS,METRO_P60__H6__W1,PRISM_V2_1_1_PHYSICS_FIRST,PASS,,146.19632959365845,,materialization audit records combined fit and prediction time,final/test_predictions/METRO_P60__H6__W1/dynamic/record_time/full_sensor_secondary/PRISM_V2_1_1_PHYSICS_FIRST.parquet
T1_PUBLIC_ALL_TEST_OOD_ACCESS,METRO_P60__H6__W1,PRISM_V2_1_1_JOINT_KWA,PASS,,447.1937711238861,,materialization audit records combined fit and prediction time,final/test_predictions/METRO_P60__H6__W1/dynamic/record_time/full_sensor_secondary/PRISM_V2_1_1_JOINT_KWA.parquet
T1_PUBLIC_ALL_TEST_OOD_ACCESS,METRO_P60__H6__W1,PRISM_V2_1_1_K_C_DYNAMIC,PASS,,140.99967241287231,,materialization audit records combined fit and prediction time,final/test_predictions/METRO_P60__H6__W1/dynamic/record_time/proxy_excluded/PRISM_V2_1_1_K_C_DYNAMIC.parquet
T1_PUBLIC_ALL_TEST_OOD_ACCESS,METRO_P60__H6__W1,PRISM_V2_1_1_K_C_W_DYNAMIC,PASS,,142.59894227981567,,materialization audit records combined fit and prediction time,final/test_predictions/METRO_P60__H6__W1/dynamic/record_time/proxy_excluded/PRISM_V2_1_1_K_C_W_DYNAMIC.parquet
T1_PUBLIC_ALL_TEST_OOD_ACCESS,METRO_P60__H6__W1,PRISM_V2_1_1_K_C_A_ABLATION,PASS,,144.1982033252716,,materialization audit records combined fit and prediction time,final/test_predictions/METRO_P60__H6__W1/dynamic/record_time/proxy_excluded/PRISM_V2_1_1_K_C_A_ABLATION.parquet
T1_PUBLIC_ALL_TEST_OOD_ACCESS,METRO_P60__H6__W1,PRISM_V2_1_1_PHYSICS_FIRST,PASS,,145.80311179161072,,materialization audit records combined fit and prediction time,final/test_predictions/METRO_P60__H6__W1/dynamic/record_time/proxy_excluded/PRISM_V2_1_1_PHYSICS_FIRST.parquet
T1_PUBLIC_ALL_TEST_OOD_ACCESS,METRO_P60__H6__W1,PRISM_V2_1_1_JOINT_KWA,PASS,,465.3934988975525,,materialization audit records combined fit and prediction time,final/test_predictions/METRO_P60__H6__W1/dynamic/record_time/proxy_excluded/PRISM_V2_1_1_JOINT_KWA.parquet
T1_PUBLIC_ALL_TEST_OOD_ACCESS,PMSM_PM5__H600__W60,PRISM_V2_1_1_K_C_DYNAMIC,PASS,,8.70749306678772,,materialization audit records combined fit and prediction time,final/test_predictions/PMSM_PM5__H600__W60/dynamic/record_time/full_sensor_secondary/PRISM_V2_1_1_K_C_DYNAMIC.parquet
T1_PUBLIC_ALL_TEST_OOD_ACCESS,PMSM_PM5__H600__W60,PRISM_V2_1_1_K_C_W_DYNAMIC,PASS,,9.619779586791992,,materialization audit records combined fit and prediction time,final/test_predictions/PMSM_PM5__H600__W60/dynamic/record_time/full_sensor_secondary/PRISM_V2_1_1_K_C_W_DYNAMIC.parquet
T1_PUBLIC_ALL_TEST_OOD_ACCESS,PMSM_PM5__H600__W60,PRISM_V2_1_1_K_C_A_ABLATION,PASS,,10.4963538646698,,materialization audit records combined fit and prediction time,final/test_predictions/PMSM_PM5__H600__W60/dynamic/record_time/full_sensor_secondary/PRISM_V2_1_1_K_C_A_ABLATION.parquet
T1_PUBLIC_ALL_TEST_OOD_ACCESS,PMSM_PM5__H600__W60,PRISM_V2_1_1_PHYSICS_FIRST,PASS,,11.318039655685425,,materialization audit records combined fit and prediction time,final/test_predictions/PMSM_PM5__H600__W60/dynamic/record_time/full_sensor_secondary/PRISM_V2_1_1_PHYSICS_FIRST.parquet
T1_PUBLIC_ALL_TEST_OOD_ACCESS,PMSM_PM5__H600__W60,PRISM_V2_1_1_K_C_DYNAMIC,PASS,,4.084683656692505,,materialization audit records combined fit and prediction time,final/test_predictions/PMSM_PM5__H600__W60/dynamic/record_time/proxy_excluded/PRISM_V2_1_1_K_C_DYNAMIC.parquet
T1_PUBLIC_ALL_TEST_OOD_ACCESS,PMSM_PM5__H600__W60,PRISM_V2_1_1_K_C_W_DYNAMIC,PASS,,5.077322244644165,,materialization audit records combined fit and prediction time,final/test_predictions/PMSM_PM5__H600__W60/dynamic/record_time/proxy_excluded/PRISM_V2_1_1_K_C_W_DYNAMIC.parquet
T1_PUBLIC_ALL_TEST_OOD_ACCESS,PMSM_PM5__H600__W60,PRISM_V2_1_1_K_C_A_ABLATION,PASS,,13.702441692352295,,materialization audit records combined fit and prediction time,final/test_predictions/PMSM_PM5__H600__W60/dynamic/record_time/proxy_excluded/PRISM_V2_1_1_K_C_A_ABLATION.parquet
T1_PUBLIC_ALL_TEST_OOD_ACCESS,PMSM_PM5__H600__W60,PRISM_V2_1_1_PHYSICS_FIRST,PASS,,14.757080316543579,,materialization audit records combined fit and prediction time,final/test_predictions/PMSM_PM5__H600__W60/dynamic/record_time/proxy_excluded/PRISM_V2_1_1_PHYSICS_FIRST.parquet
T1_PUBLIC_ALL_TEST_OOD_ACCESS,SRU_H2S__H5__W1,PRISM_V2_1_1_K_C_DYNAMIC,PASS,,0.05354762077331543,,materialization audit records combined fit and prediction time,final/test_predictions/SRU_H2S__H5__W1/dynamic/record_time/primary/PRISM_V2_1_1_K_C_DYNAMIC.parquet
T1_PUBLIC_ALL_TEST_OOD_ACCESS,SRU_H2S__H5__W1,PRISM_V2_1_1_K_C_W_DYNAMIC,PASS,,0.06392335891723633,,materialization audit records combined fit and prediction time,final/test_predictions/SRU_H2S__H5__W1/dynamic/record_time/primary/PRISM_V2_1_1_K_C_W_DYNAMIC.parquet
T1_PUBLIC_ALL_TEST_OOD_ACCESS,SRU_H2S__H5__W1,PRISM_V2_1_1_K_C_A_ABLATION,PASS,,0.10895204544067383,,materialization audit records combined fit and prediction time,final/test_predictions/SRU_H2S__H5__W1/dynamic/record_time/primary/PRISM_V2_1_1_K_C_A_ABLATION.parquet
T1_PUBLIC_ALL_TEST_OOD_ACCESS,SRU_H2S__H5__W1,PRISM_V2_1_1_PHYSICS_FIRST,PASS,,0.11916613578796387,,materialization audit records combined fit and prediction time,final/test_predictions/SRU_H2S__H5__W1/dynamic/record_time/primary/PRISM_V2_1_1_PHYSICS_FIRST.parquet
T1_PUBLIC_ALL_TEST_OOD_ACCESS,SRU_SO2__H5__W1,PRISM_V2_1_1_K_C_DYNAMIC,PASS,,0.0803217887878418,,materialization audit records combined fit and prediction time,final/test_predictions/SRU_SO2__H5__W1/dynamic/record_time/primary/PRISM_V2_1_1_K_C_DYNAMIC.parquet
T1_PUBLIC_ALL_TEST_OOD_ACCESS,SRU_SO2__H5__W1,PRISM_V2_1_1_K_C_W_DYNAMIC,PASS,,0.09039044380187988,,materialization audit records combined fit and prediction time,final/test_predictions/SRU_SO2__H5__W1/dynamic/record_time/primary/PRISM_V2_1_1_K_C_W_DYNAMIC.parquet
T1_PUBLIC_ALL_TEST_OOD_ACCESS,SRU_SO2__H5__W1,PRISM_V2_1_1_K_C_A_ABLATION,PASS,,0.10046887397766113,,materialization audit records combined fit and prediction time,final/test_predictions/SRU_SO2__H5__W1/dynamic/record_time/primary/PRISM_V2_1_1_K_C_A_ABLATION.parquet
T1_PUBLIC_ALL_TEST_OOD_ACCESS,SRU_SO2__H5__W1,PRISM_V2_1_1_PHYSICS_FIRST,PASS,,0.11073541641235352,,materialization audit records combined fit and prediction time,final/test_predictions/SRU_SO2__H5__W1/dynamic/record_time/primary/PRISM_V2_1_1_PHYSICS_FIRST.parquet
T1_PUBLIC_ALL_TEST_OOD_ACCESS,TEP_G12__H4__W2,PRISM_V2_1_1_K_C_DYNAMIC,PASS,,44.773298501968384,,materialization audit records combined fit and prediction time,final/test_predictions/TEP_G12__H4__W2/dynamic/analyzer_maturity_5_steps/proxy_excluded/PRISM_V2_1_1_K_C_DYNAMIC.parquet
T1_PUBLIC_ALL_TEST_OOD_ACCESS,TEP_G12__H4__W2,PRISM_V2_1_1_K_C_W_DYNAMIC,PASS,,65.4076771736145,,materialization audit records combined fit and prediction time,final/test_predictions/TEP_G12__H4__W2/dynamic/analyzer_maturity_5_steps/proxy_excluded/PRISM_V2_1_1_K_C_W_DYNAMIC.parquet
T1_PUBLIC_ALL_TEST_OOD_ACCESS,TEP_G12__H4__W2,PRISM_V2_1_1_K_C_A_ABLATION,PASS,,85.35471153259277,,materialization audit records combined fit and prediction time,final/test_predictions/TEP_G12__H4__W2/dynamic/analyzer_maturity_5_steps/proxy_excluded/PRISM_V2_1_1_K_C_A_ABLATION.parquet
T1_PUBLIC_ALL_TEST_OOD_ACCESS,TEP_G12__H4__W2,PRISM_V2_1_1_PHYSICS_FIRST,PASS,,105.59536290168762,,materialization audit records combined fit and prediction time,final/test_predictions/TEP_G12__H4__W2/dynamic/analyzer_maturity_5_steps/proxy_excluded/PRISM_V2_1_1_PHYSICS_FIRST.parquet
T1_PUBLIC_ALL_TEST_OOD_ACCESS,TEP_G12__H4__W2,PRISM_V2_1_1_K_C_DYNAMIC,PASS,,45.203040599823,,materialization audit records combined fit and prediction time,final/test_predictions/TEP_G12__H4__W2/dynamic/record_time/proxy_excluded/PRISM_V2_1_1_K_C_DYNAMIC.parquet
T1_PUBLIC_ALL_TEST_OOD_ACCESS,TEP_G12__H4__W2,PRISM_V2_1_1_K_C_W_DYNAMIC,PASS,,65.40301394462585,,materialization audit records combined fit and prediction time,final/test_predictions/TEP_G12__H4__W2/dynamic/record_time/proxy_excluded/PRISM_V2_1_1_K_C_W_DYNAMIC.parquet
T1_PUBLIC_ALL_TEST_OOD_ACCESS,TEP_G12__H4__W2,PRISM_V2_1_1_K_C_A_ABLATION,PASS,,1675.7347538471222,,materialization audit records combined fit and prediction time,final/test_predictions/TEP_G12__H4__W2/dynamic/record_time/proxy_excluded/PRISM_V2_1_1_K_C_A_ABLATION.parquet
T1_PUBLIC_ALL_TEST_OOD_ACCESS,TEP_G12__H4__W2,PRISM_V2_1_1_PHYSICS_FIRST,PASS,,1694.009081363678,,materialization audit records combined fit and prediction time,final/test_predictions/TEP_G12__H4__W2/dynamic/record_time/proxy_excluded/PRISM_V2_1_1_PHYSICS_FIRST.parquet
T1_PUBLIC_ALL_TEST_OOD_ACCESS,DEB_C4__H5__W1,MEAN,PASS,,,,materialization audit records combined fit and prediction time,final/baseline_test_predictions/DEB_C4__H5__W1/input_only/record_time/primary/MEAN.parquet
T1_PUBLIC_ALL_TEST_OOD_ACCESS,DEB_C4__H5__W1,PERSISTENCE,PASS,,,,materialization audit records combined fit and prediction time,final/baseline_test_predictions/DEB_C4__H5__W1/input_only/record_time/primary/PERSISTENCE.parquet
T1_PUBLIC_ALL_TEST_OOD_ACCESS,DEB_C4__H5__W1,SEASONAL_PERSISTENCE,NOT_RUN_PROTOCOL_INCOMPATIBLE,,,,materialization audit records combined fit and prediction time,
T1_PUBLIC_ALL_TEST_OOD_ACCESS,DEB_C4__H5__W1,RIDGE,PASS,,,,materialization audit records combined fit and prediction time,final/baseline_test_predictions/DEB_C4__H5__W1/input_only/record_time/primary/RIDGE.parquet
T1_PUBLIC_ALL_TEST_OOD_ACCESS,DEB_C4__H5__W1,PLS,PASS,,,,materialization audit records combined fit and prediction time,final/baseline_test_predictions/DEB_C4__H5__W1/input_only/record_time/primary/PLS.parquet
T1_PUBLIC_ALL_TEST_OOD_ACCESS,DEB_C4__H5__W1,RBF_SVR,PASS,,,,materialization audit records combined fit and prediction time,final/baseline_test_predictions/DEB_C4__H5__W1/input_only/record_time/primary/RBF_SVR.parquet
T1_PUBLIC_ALL_TEST_OOD_ACCESS,DEB_C4__H5__W1,XGBOOST,PASS,,,,materialization audit records combined fit and prediction time,final/baseline_test_predictions/DEB_C4__H5__W1/input_only/record_time/primary/XGBOOST.parquet
T1_PUBLIC_ALL_TEST_OOD_ACCESS,DEB_C4__H5__W1,DPLS,PASS,,,,materialization audit records combined fit and prediction time,final/baseline_test_predictions/DEB_C4__H5__W1/input_only/record_time/primary/DPLS.parquet
T1_PUBLIC_ALL_TEST_OOD_ACCESS,DEB_C4__H5__W1,PARALLEL_HAMMERSTEIN,PASS,,,,materialization audit records combined fit and prediction time,final/baseline_test_predictions/DEB_C4__H5__W1/input_only/record_time/primary/PARALLEL_HAMMERSTEIN.parquet
T1_PUBLIC_ALL_TEST_OOD_ACCESS,DEB_C4__H5__W1,HAMMERSTEIN_WIENER,PASS,,,,materialization audit records combined fit and prediction time,final/baseline_test_predictions/DEB_C4__H5__W1/input_only/record_time/primary/HAMMERSTEIN_WIENER.parquet
T1_PUBLIC_ALL_TEST_OOD_ACCESS,METRO_OIL20__H120__W12,MEAN,PASS,,,,materialization audit records combined fit and prediction time,final/baseline_test_predictions/METRO_OIL20__H120__W12/input_only/record_time/primary/MEAN.parquet
T1_PUBLIC_ALL_TEST_OOD_ACCESS,METRO_OIL20__H120__W12,PERSISTENCE,PASS,,,,materialization audit records combined fit and prediction time,final/baseline_test_predictions/METRO_OIL20__H120__W12/input_only/record_time/primary/PERSISTENCE.parquet
T1_PUBLIC_ALL_TEST_OOD_ACCESS,METRO_OIL20__H120__W12,SEASONAL_PERSISTENCE,NOT_RUN_PROTOCOL_INCOMPATIBLE,,,,materialization audit records combined fit and prediction time,
T1_PUBLIC_ALL_TEST_OOD_ACCESS,METRO_OIL20__H120__W12,RIDGE,PASS,,,,materialization audit records combined fit and prediction time,final/baseline_test_predictions/METRO_OIL20__H120__W12/input_only/record_time/primary/RIDGE.parquet
T1_PUBLIC_ALL_TEST_OOD_ACCESS,METRO_OIL20__H120__W12,PLS,PASS,,,,materialization audit records combined fit and prediction time,final/baseline_test_predictions/METRO_OIL20__H120__W12/input_only/record_time/primary/PLS.parquet
T1_PUBLIC_ALL_TEST_OOD_ACCESS,METRO_OIL20__H120__W12,RBF_SVR,PASS,,,,materialization audit records combined fit and prediction time,final/baseline_test_predictions/METRO_OIL20__H120__W12/input_only/record_time/primary/RBF_SVR.parquet
T1_PUBLIC_ALL_TEST_OOD_ACCESS,METRO_OIL20__H120__W12,XGBOOST,PASS,,,,materialization audit records combined fit and prediction time,final/baseline_test_predictions/METRO_OIL20__H120__W12/input_only/record_time/primary/XGBOOST.parquet
T1_PUBLIC_ALL_TEST_OOD_ACCESS,METRO_OIL20__H120__W12,DPLS,PASS,,,,materialization audit records combined fit and prediction time,final/baseline_test_predictions/METRO_OIL20__H120__W12/input_only/record_time/primary/DPLS.parquet
T1_PUBLIC_ALL_TEST_OOD_ACCESS,METRO_OIL20__H120__W12,PARALLEL_HAMMERSTEIN,PASS,,,,materialization audit records combined fit and prediction time,final/baseline_test_predictions/METRO_OIL20__H120__W12/input_only/record_time/primary/PARALLEL_HAMMERSTEIN.parquet
T1_PUBLIC_ALL_TEST_OOD_ACCESS,METRO_OIL20__H120__W12,HAMMERSTEIN_WIENER,PASS,,,,materialization audit records combined fit and prediction time,final/baseline_test_predictions/METRO_OIL20__H120__W12/input_only/record_time/primary/HAMMERSTEIN_WIENER.parquet
T1_PUBLIC_ALL_TEST_OOD_ACCESS,METRO_P60__H6__W1,MEAN,PASS,,,,materialization audit records combined fit and prediction time,final/baseline_test_predictions/METRO_P60__H6__W1/input_only/record_time/full_sensor_secondary/MEAN.parquet
T1_PUBLIC_ALL_TEST_OOD_ACCESS,METRO_P60__H6__W1,PERSISTENCE,PASS,,,,materialization audit records combined fit and prediction time,final/baseline_test_predictions/METRO_P60__H6__W1/input_only/record_time/full_sensor_secondary/PERSISTENCE.parquet
T1_PUBLIC_ALL_TEST_OOD_ACCESS,METRO_P60__H6__W1,SEASONAL_PERSISTENCE,NOT_RUN_PROTOCOL_INCOMPATIBLE,,,,materialization audit records combined fit and prediction time,
T1_PUBLIC_ALL_TEST_OOD_ACCESS,METRO_P60__H6__W1,RIDGE,PASS,,,,materialization audit records combined fit and prediction time,final/baseline_test_predictions/METRO_P60__H6__W1/input_only/record_time/full_sensor_secondary/RIDGE.parquet
T1_PUBLIC_ALL_TEST_OOD_ACCESS,METRO_P60__H6__W1,PLS,PASS,,,,materialization audit records combined fit and prediction time,final/baseline_test_predictions/METRO_P60__H6__W1/input_only/record_time/full_sensor_secondary/PLS.parquet
T1_PUBLIC_ALL_TEST_OOD_ACCESS,METRO_P60__H6__W1,RBF_SVR,PASS,,,,materialization audit records combined fit and prediction time,final/baseline_test_predictions/METRO_P60__H6__W1/input_only/record_time/full_sensor_secondary/RBF_SVR.parquet
T1_PUBLIC_ALL_TEST_OOD_ACCESS,METRO_P60__H6__W1,XGBOOST,PASS,,,,materialization audit records combined fit and prediction time,final/baseline_test_predictions/METRO_P60__H6__W1/input_only/record_time/full_sensor_secondary/XGBOOST.parquet
T1_PUBLIC_ALL_TEST_OOD_ACCESS,METRO_P60__H6__W1,DPLS,PASS,,,,materialization audit records combined fit and prediction time,final/baseline_test_predictions/METRO_P60__H6__W1/input_only/record_time/full_sensor_secondary/DPLS.parquet
T1_PUBLIC_ALL_TEST_OOD_ACCESS,METRO_P60__H6__W1,PARALLEL_HAMMERSTEIN,PASS,,,,materialization audit records combined fit and prediction time,final/baseline_test_predictions/METRO_P60__H6__W1/input_only/record_time/full_sensor_secondary/PARALLEL_HAMMERSTEIN.parquet
T1_PUBLIC_ALL_TEST_OOD_ACCESS,METRO_P60__H6__W1,HAMMERSTEIN_WIENER,PASS,,,,materialization audit records combined fit and prediction time,final/baseline_test_predictions/METRO_P60__H6__W1/input_only/record_time/full_sensor_secondary/HAMMERSTEIN_WIENER.parquet
T1_PUBLIC_ALL_TEST_OOD_ACCESS,METRO_P60__H6__W1,MEAN,PASS,,,,materialization audit records combined fit and prediction time,final/baseline_test_predictions/METRO_P60__H6__W1/input_only/record_time/proxy_excluded/MEAN.parquet
T1_PUBLIC_ALL_TEST_OOD_ACCESS,METRO_P60__H6__W1,PERSISTENCE,PASS,,,,materialization audit records combined fit and prediction time,final/baseline_test_predictions/METRO_P60__H6__W1/input_only/record_time/proxy_excluded/PERSISTENCE.parquet
T1_PUBLIC_ALL_TEST_OOD_ACCESS,METRO_P60__H6__W1,SEASONAL_PERSISTENCE,NOT_RUN_PROTOCOL_INCOMPATIBLE,,,,materialization audit records combined fit and prediction time,
T1_PUBLIC_ALL_TEST_OOD_ACCESS,METRO_P60__H6__W1,RIDGE,PASS,,,,materialization audit records combined fit and prediction time,final/baseline_test_predictions/METRO_P60__H6__W1/input_only/record_time/proxy_excluded/RIDGE.parquet
T1_PUBLIC_ALL_TEST_OOD_ACCESS,METRO_P60__H6__W1,PLS,PASS,,,,materialization audit records combined fit and prediction time,final/baseline_test_predictions/METRO_P60__H6__W1/input_only/record_time/proxy_excluded/PLS.parquet
T1_PUBLIC_ALL_TEST_OOD_ACCESS,METRO_P60__H6__W1,RBF_SVR,PASS,,,,materialization audit records combined fit and prediction time,final/baseline_test_predictions/METRO_P60__H6__W1/input_only/record_time/proxy_excluded/RBF_SVR.parquet
T1_PUBLIC_ALL_TEST_OOD_ACCESS,METRO_P60__H6__W1,XGBOOST,PASS,,,,materialization audit records combined fit and prediction time,final/baseline_test_predictions/METRO_P60__H6__W1/input_only/record_time/proxy_excluded/XGBOOST.parquet
T1_PUBLIC_ALL_TEST_OOD_ACCESS,METRO_P60__H6__W1,DPLS,PASS,,,,materialization audit records combined fit and prediction time,final/baseline_test_predictions/METRO_P60__H6__W1/input_only/record_time/proxy_excluded/DPLS.parquet
T1_PUBLIC_ALL_TEST_OOD_ACCESS,METRO_P60__H6__W1,PARALLEL_HAMMERSTEIN,PASS,,,,materialization audit records combined fit and prediction time,final/baseline_test_predictions/METRO_P60__H6__W1/input_only/record_time/proxy_excluded/PARALLEL_HAMMERSTEIN.parquet
T1_PUBLIC_ALL_TEST_OOD_ACCESS,METRO_P60__H6__W1,HAMMERSTEIN_WIENER,PASS,,,,materialization audit records combined fit and prediction time,final/baseline_test_predictions/METRO_P60__H6__W1/input_only/record_time/proxy_excluded/HAMMERSTEIN_WIENER.parquet
T1_PUBLIC_ALL_TEST_OOD_ACCESS,PMSM_PM5__H600__W60,MEAN,PASS,,,,materialization audit records combined fit and prediction time,final/baseline_test_predictions/PMSM_PM5__H600__W60/input_only/record_time/full_sensor_secondary/MEAN.parquet
T1_PUBLIC_ALL_TEST_OOD_ACCESS,PMSM_PM5__H600__W60,PERSISTENCE,PASS,,,,materialization audit records combined fit and prediction time,final/baseline_test_predictions/PMSM_PM5__H600__W60/input_only/record_time/full_sensor_secondary/PERSISTENCE.parquet
T1_PUBLIC_ALL_TEST_OOD_ACCESS,PMSM_PM5__H600__W60,SEASONAL_PERSISTENCE,NOT_RUN_PROTOCOL_INCOMPATIBLE,,,,materialization audit records combined fit and prediction time,
T1_PUBLIC_ALL_TEST_OOD_ACCESS,PMSM_PM5__H600__W60,RIDGE,PASS,,,,materialization audit records combined fit and prediction time,final/baseline_test_predictions/PMSM_PM5__H600__W60/input_only/record_time/full_sensor_secondary/RIDGE.parquet
T1_PUBLIC_ALL_TEST_OOD_ACCESS,PMSM_PM5__H600__W60,PLS,PASS,,,,materialization audit records combined fit and prediction time,final/baseline_test_predictions/PMSM_PM5__H600__W60/input_only/record_time/full_sensor_secondary/PLS.parquet
T1_PUBLIC_ALL_TEST_OOD_ACCESS,PMSM_PM5__H600__W60,RBF_SVR,PASS,,,,materialization audit records combined fit and prediction time,final/baseline_test_predictions/PMSM_PM5__H600__W60/input_only/record_time/full_sensor_secondary/RBF_SVR.parquet
T1_PUBLIC_ALL_TEST_OOD_ACCESS,PMSM_PM5__H600__W60,XGBOOST,PASS,,,,materialization audit records combined fit and prediction time,final/baseline_test_predictions/PMSM_PM5__H600__W60/input_only/record_time/full_sensor_secondary/XGBOOST.parquet
T1_PUBLIC_ALL_TEST_OOD_ACCESS,PMSM_PM5__H600__W60,DPLS,PASS,,,,materialization audit records combined fit and prediction time,final/baseline_test_predictions/PMSM_PM5__H600__W60/input_only/record_time/full_sensor_secondary/DPLS.parquet
T1_PUBLIC_ALL_TEST_OOD_ACCESS,PMSM_PM5__H600__W60,PARALLEL_HAMMERSTEIN,PASS,,,,materialization audit records combined fit and prediction time,final/baseline_test_predictions/PMSM_PM5__H600__W60/input_only/record_time/full_sensor_secondary/PARALLEL_HAMMERSTEIN.parquet
T1_PUBLIC_ALL_TEST_OOD_ACCESS,PMSM_PM5__H600__W60,HAMMERSTEIN_WIENER,PASS,,,,materialization audit records combined fit and prediction time,final/baseline_test_predictions/PMSM_PM5__H600__W60/input_only/record_time/full_sensor_secondary/HAMMERSTEIN_WIENER.parquet
T1_PUBLIC_ALL_TEST_OOD_ACCESS,PMSM_PM5__H600__W60,MEAN,PASS,,,,materialization audit records combined fit and prediction time,final/baseline_test_predictions/PMSM_PM5__H600__W60/input_only/record_time/proxy_excluded/MEAN.parquet
T1_PUBLIC_ALL_TEST_OOD_ACCESS,PMSM_PM5__H600__W60,PERSISTENCE,PASS,,,,materialization audit records combined fit and prediction time,final/baseline_test_predictions/PMSM_PM5__H600__W60/input_only/record_time/proxy_excluded/PERSISTENCE.parquet
T1_PUBLIC_ALL_TEST_OOD_ACCESS,PMSM_PM5__H600__W60,SEASONAL_PERSISTENCE,NOT_RUN_PROTOCOL_INCOMPATIBLE,,,,materialization audit records combined fit and prediction time,
T1_PUBLIC_ALL_TEST_OOD_ACCESS,PMSM_PM5__H600__W60,RIDGE,PASS,,,,materialization audit records combined fit and prediction time,final/baseline_test_predictions/PMSM_PM5__H600__W60/input_only/record_time/proxy_excluded/RIDGE.parquet
T1_PUBLIC_ALL_TEST_OOD_ACCESS,PMSM_PM5__H600__W60,PLS,PASS,,,,materialization audit records combined fit and prediction time,final/baseline_test_predictions/PMSM_PM5__H600__W60/input_only/record_time/proxy_excluded/PLS.parquet
T1_PUBLIC_ALL_TEST_OOD_ACCESS,PMSM_PM5__H600__W60,RBF_SVR,PASS,,,,materialization audit records combined fit and prediction time,final/baseline_test_predictions/PMSM_PM5__H600__W60/input_only/record_time/proxy_excluded/RBF_SVR.parquet
T1_PUBLIC_ALL_TEST_OOD_ACCESS,PMSM_PM5__H600__W60,XGBOOST,PASS,,,,materialization audit records combined fit and prediction time,final/baseline_test_predictions/PMSM_PM5__H600__W60/input_only/record_time/proxy_excluded/XGBOOST.parquet
T1_PUBLIC_ALL_TEST_OOD_ACCESS,PMSM_PM5__H600__W60,DPLS,PASS,,,,materialization audit records combined fit and prediction time,final/baseline_test_predictions/PMSM_PM5__H600__W60/input_only/record_time/proxy_excluded/DPLS.parquet
T1_PUBLIC_ALL_TEST_OOD_ACCESS,PMSM_PM5__H600__W60,PARALLEL_HAMMERSTEIN,PASS,,,,materialization audit records combined fit and prediction time,final/baseline_test_predictions/PMSM_PM5__H600__W60/input_only/record_time/proxy_excluded/PARALLEL_HAMMERSTEIN.parquet
T1_PUBLIC_ALL_TEST_OOD_ACCESS,PMSM_PM5__H600__W60,HAMMERSTEIN_WIENER,PASS,,,,materialization audit records combined fit and prediction time,final/baseline_test_predictions/PMSM_PM5__H600__W60/input_only/record_time/proxy_excluded/HAMMERSTEIN_WIENER.parquet
T1_PUBLIC_ALL_TEST_OOD_ACCESS,SRU_H2S__H5__W1,MEAN,PASS,,,,materialization audit records combined fit and prediction time,final/baseline_test_predictions/SRU_H2S__H5__W1/input_only/record_time/primary/MEAN.parquet
T1_PUBLIC_ALL_TEST_OOD_ACCESS,SRU_H2S__H5__W1,PERSISTENCE,PASS,,,,materialization audit records combined fit and prediction time,final/baseline_test_predictions/SRU_H2S__H5__W1/input_only/record_time/primary/PERSISTENCE.parquet
T1_PUBLIC_ALL_TEST_OOD_ACCESS,SRU_H2S__H5__W1,SEASONAL_PERSISTENCE,NOT_RUN_PROTOCOL_INCOMPATIBLE,,,,materialization audit records combined fit and prediction time,
T1_PUBLIC_ALL_TEST_OOD_ACCESS,SRU_H2S__H5__W1,RIDGE,PASS,,,,materialization audit records combined fit and prediction time,final/baseline_test_predictions/SRU_H2S__H5__W1/input_only/record_time/primary/RIDGE.parquet
T1_PUBLIC_ALL_TEST_OOD_ACCESS,SRU_H2S__H5__W1,PLS,PASS,,,,materialization audit records combined fit and prediction time,final/baseline_test_predictions/SRU_H2S__H5__W1/input_only/record_time/primary/PLS.parquet
T1_PUBLIC_ALL_TEST_OOD_ACCESS,SRU_H2S__H5__W1,RBF_SVR,PASS,,,,materialization audit records combined fit and prediction time,final/baseline_test_predictions/SRU_H2S__H5__W1/input_only/record_time/primary/RBF_SVR.parquet
T1_PUBLIC_ALL_TEST_OOD_ACCESS,SRU_H2S__H5__W1,XGBOOST,PASS,,,,materialization audit records combined fit and prediction time,final/baseline_test_predictions/SRU_H2S__H5__W1/input_only/record_time/primary/XGBOOST.parquet
T1_PUBLIC_ALL_TEST_OOD_ACCESS,SRU_H2S__H5__W1,DPLS,PASS,,,,materialization audit records combined fit and prediction time,final/baseline_test_predictions/SRU_H2S__H5__W1/input_only/record_time/primary/DPLS.parquet
T1_PUBLIC_ALL_TEST_OOD_ACCESS,SRU_H2S__H5__W1,PARALLEL_HAMMERSTEIN,PASS,,,,materialization audit records combined fit and prediction time,final/baseline_test_predictions/SRU_H2S__H5__W1/input_only/record_time/primary/PARALLEL_HAMMERSTEIN.parquet
T1_PUBLIC_ALL_TEST_OOD_ACCESS,SRU_H2S__H5__W1,HAMMERSTEIN_WIENER,PASS,,,,materialization audit records combined fit and prediction time,final/baseline_test_predictions/SRU_H2S__H5__W1/input_only/record_time/primary/HAMMERSTEIN_WIENER.parquet
T1_PUBLIC_ALL_TEST_OOD_ACCESS,SRU_SO2__H5__W1,MEAN,PASS,,,,materialization audit records combined fit and prediction time,final/baseline_test_predictions/SRU_SO2__H5__W1/input_only/record_time/primary/MEAN.parquet
T1_PUBLIC_ALL_TEST_OOD_ACCESS,SRU_SO2__H5__W1,PERSISTENCE,PASS,,,,materialization audit records combined fit and prediction time,final/baseline_test_predictions/SRU_SO2__H5__W1/input_only/record_time/primary/PERSISTENCE.parquet
T1_PUBLIC_ALL_TEST_OOD_ACCESS,SRU_SO2__H5__W1,SEASONAL_PERSISTENCE,NOT_RUN_PROTOCOL_INCOMPATIBLE,,,,materialization audit records combined fit and prediction time,
T1_PUBLIC_ALL_TEST_OOD_ACCESS,SRU_SO2__H5__W1,RIDGE,PASS,,,,materialization audit records combined fit and prediction time,final/baseline_test_predictions/SRU_SO2__H5__W1/input_only/record_time/primary/RIDGE.parquet
T1_PUBLIC_ALL_TEST_OOD_ACCESS,SRU_SO2__H5__W1,PLS,PASS,,,,materialization audit records combined fit and prediction time,final/baseline_test_predictions/SRU_SO2__H5__W1/input_only/record_time/primary/PLS.parquet
T1_PUBLIC_ALL_TEST_OOD_ACCESS,SRU_SO2__H5__W1,RBF_SVR,PASS,,,,materialization audit records combined fit and prediction time,final/baseline_test_predictions/SRU_SO2__H5__W1/input_only/record_time/primary/RBF_SVR.parquet
T1_PUBLIC_ALL_TEST_OOD_ACCESS,SRU_SO2__H5__W1,XGBOOST,PASS,,,,materialization audit records combined fit and prediction time,final/baseline_test_predictions/SRU_SO2__H5__W1/input_only/record_time/primary/XGBOOST.parquet
T1_PUBLIC_ALL_TEST_OOD_ACCESS,SRU_SO2__H5__W1,DPLS,PASS,,,,materialization audit records combined fit and prediction time,final/baseline_test_predictions/SRU_SO2__H5__W1/input_only/record_time/primary/DPLS.parquet
T1_PUBLIC_ALL_TEST_OOD_ACCESS,SRU_SO2__H5__W1,PARALLEL_HAMMERSTEIN,PASS,,,,materialization audit records combined fit and prediction time,final/baseline_test_predictions/SRU_SO2__H5__W1/input_only/record_time/primary/PARALLEL_HAMMERSTEIN.parquet
T1_PUBLIC_ALL_TEST_OOD_ACCESS,SRU_SO2__H5__W1,HAMMERSTEIN_WIENER,PASS,,,,materialization audit records combined fit and prediction time,final/baseline_test_predictions/SRU_SO2__H5__W1/input_only/record_time/primary/HAMMERSTEIN_WIENER.parquet
T1_PUBLIC_ALL_TEST_OOD_ACCESS,TEP_G12__H4__W2,MEAN,PASS,,,,materialization audit records combined fit and prediction time,final/baseline_test_predictions/TEP_G12__H4__W2/input_only/record_time/proxy_excluded/MEAN.parquet
T1_PUBLIC_ALL_TEST_OOD_ACCESS,TEP_G12__H4__W2,PERSISTENCE,PASS,,,,materialization audit records combined fit and prediction time,final/baseline_test_predictions/TEP_G12__H4__W2/input_only/record_time/proxy_excluded/PERSISTENCE.parquet
T1_PUBLIC_ALL_TEST_OOD_ACCESS,TEP_G12__H4__W2,SEASONAL_PERSISTENCE,NOT_RUN_PROTOCOL_INCOMPATIBLE,,,,materialization audit records combined fit and prediction time,
T1_PUBLIC_ALL_TEST_OOD_ACCESS,TEP_G12__H4__W2,RIDGE,PASS,,,,materialization audit records combined fit and prediction time,final/baseline_test_predictions/TEP_G12__H4__W2/input_only/record_time/proxy_excluded/RIDGE.parquet
T1_PUBLIC_ALL_TEST_OOD_ACCESS,TEP_G12__H4__W2,PLS,PASS,,,,materialization audit records combined fit and prediction time,final/baseline_test_predictions/TEP_G12__H4__W2/input_only/record_time/proxy_excluded/PLS.parquet
T1_PUBLIC_ALL_TEST_OOD_ACCESS,TEP_G12__H4__W2,RBF_SVR,PASS,,,,materialization audit records combined fit and prediction time,final/baseline_test_predictions/TEP_G12__H4__W2/input_only/record_time/proxy_excluded/RBF_SVR.parquet
T1_PUBLIC_ALL_TEST_OOD_ACCESS,TEP_G12__H4__W2,XGBOOST,PASS,,,,materialization audit records combined fit and prediction time,final/baseline_test_predictions/TEP_G12__H4__W2/input_only/record_time/proxy_excluded/XGBOOST.parquet
T1_PUBLIC_ALL_TEST_OOD_ACCESS,TEP_G12__H4__W2,DPLS,PASS,,,,materialization audit records combined fit and prediction time,final/baseline_test_predictions/TEP_G12__H4__W2/input_only/record_time/proxy_excluded/DPLS.parquet
T1_PUBLIC_ALL_TEST_OOD_ACCESS,TEP_G12__H4__W2,PARALLEL_HAMMERSTEIN,PASS,,,,materialization audit records combined fit and prediction time,final/baseline_test_predictions/TEP_G12__H4__W2/input_only/record_time/proxy_excluded/PARALLEL_HAMMERSTEIN.parquet
T1_PUBLIC_ALL_TEST_OOD_ACCESS,TEP_G12__H4__W2,HAMMERSTEIN_WIENER,PASS,,,,materialization audit records combined fit and prediction time,final/baseline_test_predictions/TEP_G12__H4__W2/input_only/record_time/proxy_excluded/HAMMERSTEIN_WIENER.parquet
T1_PUBLIC_ALL_TEST_OOD_ACCESS,DEB_C4__H5__W1,MEAN,PASS,,,,materialization audit records combined fit and prediction time,final/baseline_test_predictions/DEB_C4__H5__W1/dynamic/delay_10_steps/primary/MEAN.parquet
T1_PUBLIC_ALL_TEST_OOD_ACCESS,DEB_C4__H5__W1,PERSISTENCE,PASS,,,,materialization audit records combined fit and prediction time,final/baseline_test_predictions/DEB_C4__H5__W1/dynamic/delay_10_steps/primary/PERSISTENCE.parquet
T1_PUBLIC_ALL_TEST_OOD_ACCESS,DEB_C4__H5__W1,SEASONAL_PERSISTENCE,NOT_RUN_PROTOCOL_INCOMPATIBLE,,,,materialization audit records combined fit and prediction time,
T1_PUBLIC_ALL_TEST_OOD_ACCESS,DEB_C4__H5__W1,AR,PASS,,,,materialization audit records combined fit and prediction time,final/baseline_test_predictions/DEB_C4__H5__W1/dynamic/delay_10_steps/primary/AR.parquet
T1_PUBLIC_ALL_TEST_OOD_ACCESS,DEB_C4__H5__W1,ARX,PASS,,,,materialization audit records combined fit and prediction time,final/baseline_test_predictions/DEB_C4__H5__W1/dynamic/delay_10_steps/primary/ARX.parquet
T1_PUBLIC_ALL_TEST_OOD_ACCESS,DEB_C4__H5__W1,LINEAR_NARX,PASS,,,,materialization audit records combined fit and prediction time,final/baseline_test_predictions/DEB_C4__H5__W1/dynamic/delay_10_steps/primary/LINEAR_NARX.parquet
T1_PUBLIC_ALL_TEST_OOD_ACCESS,DEB_C4__H5__W1,N4SID,NOT_RUN_PROTOCOL_INCOMPATIBLE,,,,materialization audit records combined fit and prediction time,
T1_PUBLIC_ALL_TEST_OOD_ACCESS,DEB_C4__H5__W1,MEAN,PASS,,,,materialization audit records combined fit and prediction time,final/baseline_test_predictions/DEB_C4__H5__W1/dynamic/record_time/primary/MEAN.parquet
T1_PUBLIC_ALL_TEST_OOD_ACCESS,DEB_C4__H5__W1,PERSISTENCE,PASS,,,,materialization audit records combined fit and prediction time,final/baseline_test_predictions/DEB_C4__H5__W1/dynamic/record_time/primary/PERSISTENCE.parquet
T1_PUBLIC_ALL_TEST_OOD_ACCESS,DEB_C4__H5__W1,SEASONAL_PERSISTENCE,NOT_RUN_PROTOCOL_INCOMPATIBLE,,,,materialization audit records combined fit and prediction time,
T1_PUBLIC_ALL_TEST_OOD_ACCESS,DEB_C4__H5__W1,AR,PASS,,,,materialization audit records combined fit and prediction time,final/baseline_test_predictions/DEB_C4__H5__W1/dynamic/record_time/primary/AR.parquet
T1_PUBLIC_ALL_TEST_OOD_ACCESS,DEB_C4__H5__W1,ARX,PASS,,,,materialization audit records combined fit and prediction time,final/baseline_test_predictions/DEB_C4__H5__W1/dynamic/record_time/primary/ARX.parquet
T1_PUBLIC_ALL_TEST_OOD_ACCESS,DEB_C4__H5__W1,LINEAR_NARX,PASS,,,,materialization audit records combined fit and prediction time,final/baseline_test_predictions/DEB_C4__H5__W1/dynamic/record_time/primary/LINEAR_NARX.parquet
T1_PUBLIC_ALL_TEST_OOD_ACCESS,DEB_C4__H5__W1,N4SID,NOT_RUN_PROTOCOL_INCOMPATIBLE,,,,materialization audit records combined fit and prediction time,
T1_PUBLIC_ALL_TEST_OOD_ACCESS,METRO_OIL20__H120__W12,MEAN,PASS,,,,materialization audit records combined fit and prediction time,final/baseline_test_predictions/METRO_OIL20__H120__W12/dynamic/record_time/primary/MEAN.parquet
T1_PUBLIC_ALL_TEST_OOD_ACCESS,METRO_OIL20__H120__W12,PERSISTENCE,PASS,,,,materialization audit records combined fit and prediction time,final/baseline_test_predictions/METRO_OIL20__H120__W12/dynamic/record_time/primary/PERSISTENCE.parquet
T1_PUBLIC_ALL_TEST_OOD_ACCESS,METRO_OIL20__H120__W12,SEASONAL_PERSISTENCE,NOT_RUN_PROTOCOL_INCOMPATIBLE,,,,materialization audit records combined fit and prediction time,
T1_PUBLIC_ALL_TEST_OOD_ACCESS,METRO_OIL20__H120__W12,AR,PASS,,,,materialization audit records combined fit and prediction time,final/baseline_test_predictions/METRO_OIL20__H120__W12/dynamic/record_time/primary/AR.parquet
T1_PUBLIC_ALL_TEST_OOD_ACCESS,METRO_OIL20__H120__W12,ARX,PASS,,,,materialization audit records combined fit and prediction time,final/baseline_test_predictions/METRO_OIL20__H120__W12/dynamic/record_time/primary/ARX.parquet
T1_PUBLIC_ALL_TEST_OOD_ACCESS,METRO_OIL20__H120__W12,LINEAR_NARX,PASS,,,,materialization audit records combined fit and prediction time,final/baseline_test_predictions/METRO_OIL20__H120__W12/dynamic/record_time/primary/LINEAR_NARX.parquet
T1_PUBLIC_ALL_TEST_OOD_ACCESS,METRO_OIL20__H120__W12,N4SID,NOT_RUN_PROTOCOL_INCOMPATIBLE,,,,materialization audit records combined fit and prediction time,
T1_PUBLIC_ALL_TEST_OOD_ACCESS,METRO_P60__H6__W1,MEAN,PASS,,,,materialization audit records combined fit and prediction time,final/baseline_test_predictions/METRO_P60__H6__W1/dynamic/record_time/full_sensor_secondary/MEAN.parquet
T1_PUBLIC_ALL_TEST_OOD_ACCESS,METRO_P60__H6__W1,PERSISTENCE,PASS,,,,materialization audit records combined fit and prediction time,final/baseline_test_predictions/METRO_P60__H6__W1/dynamic/record_time/full_sensor_secondary/PERSISTENCE.parquet
T1_PUBLIC_ALL_TEST_OOD_ACCESS,METRO_P60__H6__W1,SEASONAL_PERSISTENCE,NOT_RUN_PROTOCOL_INCOMPATIBLE,,,,materialization audit records combined fit and prediction time,
T1_PUBLIC_ALL_TEST_OOD_ACCESS,METRO_P60__H6__W1,AR,PASS,,,,materialization audit records combined fit and prediction time,final/baseline_test_predictions/METRO_P60__H6__W1/dynamic/record_time/full_sensor_secondary/AR.parquet
T1_PUBLIC_ALL_TEST_OOD_ACCESS,METRO_P60__H6__W1,ARX,PASS,,,,materialization audit records combined fit and prediction time,final/baseline_test_predictions/METRO_P60__H6__W1/dynamic/record_time/full_sensor_secondary/ARX.parquet
T1_PUBLIC_ALL_TEST_OOD_ACCESS,METRO_P60__H6__W1,LINEAR_NARX,PASS,,,,materialization audit records combined fit and prediction time,final/baseline_test_predictions/METRO_P60__H6__W1/dynamic/record_time/full_sensor_secondary/LINEAR_NARX.parquet
T1_PUBLIC_ALL_TEST_OOD_ACCESS,METRO_P60__H6__W1,N4SID,NOT_RUN_PROTOCOL_INCOMPATIBLE,,,,materialization audit records combined fit and prediction time,
T1_PUBLIC_ALL_TEST_OOD_ACCESS,METRO_P60__H6__W1,MEAN,PASS,,,,materialization audit records combined fit and prediction time,final/baseline_test_predictions/METRO_P60__H6__W1/dynamic/record_time/proxy_excluded/MEAN.parquet
T1_PUBLIC_ALL_TEST_OOD_ACCESS,METRO_P60__H6__W1,PERSISTENCE,PASS,,,,materialization audit records combined fit and prediction time,final/baseline_test_predictions/METRO_P60__H6__W1/dynamic/record_time/proxy_excluded/PERSISTENCE.parquet
T1_PUBLIC_ALL_TEST_OOD_ACCESS,METRO_P60__H6__W1,SEASONAL_PERSISTENCE,NOT_RUN_PROTOCOL_INCOMPATIBLE,,,,materialization audit records combined fit and prediction time,
T1_PUBLIC_ALL_TEST_OOD_ACCESS,METRO_P60__H6__W1,AR,PASS,,,,materialization audit records combined fit and prediction time,final/baseline_test_predictions/METRO_P60__H6__W1/dynamic/record_time/proxy_excluded/AR.parquet
T1_PUBLIC_ALL_TEST_OOD_ACCESS,METRO_P60__H6__W1,ARX,PASS,,,,materialization audit records combined fit and prediction time,final/baseline_test_predictions/METRO_P60__H6__W1/dynamic/record_time/proxy_excluded/ARX.parquet
T1_PUBLIC_ALL_TEST_OOD_ACCESS,METRO_P60__H6__W1,LINEAR_NARX,PASS,,,,materialization audit records combined fit and prediction time,final/baseline_test_predictions/METRO_P60__H6__W1/dynamic/record_time/proxy_excluded/LINEAR_NARX.parquet
T1_PUBLIC_ALL_TEST_OOD_ACCESS,METRO_P60__H6__W1,N4SID,NOT_RUN_PROTOCOL_INCOMPATIBLE,,,,materialization audit records combined fit and prediction time,
T1_PUBLIC_ALL_TEST_OOD_ACCESS,PMSM_PM5__H600__W60,MEAN,PASS,,,,materialization audit records combined fit and prediction time,final/baseline_test_predictions/PMSM_PM5__H600__W60/dynamic/record_time/full_sensor_secondary/MEAN.parquet
T1_PUBLIC_ALL_TEST_OOD_ACCESS,PMSM_PM5__H600__W60,PERSISTENCE,PASS,,,,materialization audit records combined fit and prediction time,final/baseline_test_predictions/PMSM_PM5__H600__W60/dynamic/record_time/full_sensor_secondary/PERSISTENCE.parquet
T1_PUBLIC_ALL_TEST_OOD_ACCESS,PMSM_PM5__H600__W60,SEASONAL_PERSISTENCE,NOT_RUN_PROTOCOL_INCOMPATIBLE,,,,materialization audit records combined fit and prediction time,
T1_PUBLIC_ALL_TEST_OOD_ACCESS,PMSM_PM5__H600__W60,AR,PASS,,,,materialization audit records combined fit and prediction time,final/baseline_test_predictions/PMSM_PM5__H600__W60/dynamic/record_time/full_sensor_secondary/AR.parquet
T1_PUBLIC_ALL_TEST_OOD_ACCESS,PMSM_PM5__H600__W60,ARX,PASS,,,,materialization audit records combined fit and prediction time,final/baseline_test_predictions/PMSM_PM5__H600__W60/dynamic/record_time/full_sensor_secondary/ARX.parquet
T1_PUBLIC_ALL_TEST_OOD_ACCESS,PMSM_PM5__H600__W60,LINEAR_NARX,PASS,,,,materialization audit records combined fit and prediction time,final/baseline_test_predictions/PMSM_PM5__H600__W60/dynamic/record_time/full_sensor_secondary/LINEAR_NARX.parquet
T1_PUBLIC_ALL_TEST_OOD_ACCESS,PMSM_PM5__H600__W60,N4SID,NOT_RUN_PROTOCOL_INCOMPATIBLE,,,,materialization audit records combined fit and prediction time,
T1_PUBLIC_ALL_TEST_OOD_ACCESS,PMSM_PM5__H600__W60,MEAN,PASS,,,,materialization audit records combined fit and prediction time,final/baseline_test_predictions/PMSM_PM5__H600__W60/dynamic/record_time/proxy_excluded/MEAN.parquet
T1_PUBLIC_ALL_TEST_OOD_ACCESS,PMSM_PM5__H600__W60,PERSISTENCE,PASS,,,,materialization audit records combined fit and prediction time,final/baseline_test_predictions/PMSM_PM5__H600__W60/dynamic/record_time/proxy_excluded/PERSISTENCE.parquet
T1_PUBLIC_ALL_TEST_OOD_ACCESS,PMSM_PM5__H600__W60,SEASONAL_PERSISTENCE,NOT_RUN_PROTOCOL_INCOMPATIBLE,,,,materialization audit records combined fit and prediction time,
T1_PUBLIC_ALL_TEST_OOD_ACCESS,PMSM_PM5__H600__W60,AR,PASS,,,,materialization audit records combined fit and prediction time,final/baseline_test_predictions/PMSM_PM5__H600__W60/dynamic/record_time/proxy_excluded/AR.parquet
T1_PUBLIC_ALL_TEST_OOD_ACCESS,PMSM_PM5__H600__W60,ARX,PASS,,,,materialization audit records combined fit and prediction time,final/baseline_test_predictions/PMSM_PM5__H600__W60/dynamic/record_time/proxy_excluded/ARX.parquet
T1_PUBLIC_ALL_TEST_OOD_ACCESS,PMSM_PM5__H600__W60,LINEAR_NARX,PASS,,,,materialization audit records combined fit and prediction time,final/baseline_test_predictions/PMSM_PM5__H600__W60/dynamic/record_time/proxy_excluded/LINEAR_NARX.parquet
T1_PUBLIC_ALL_TEST_OOD_ACCESS,PMSM_PM5__H600__W60,N4SID,NOT_RUN_PROTOCOL_INCOMPATIBLE,,,,materialization audit records combined fit and prediction time,
T1_PUBLIC_ALL_TEST_OOD_ACCESS,SRU_H2S__H5__W1,MEAN,PASS,,,,materialization audit records combined fit and prediction time,final/baseline_test_predictions/SRU_H2S__H5__W1/dynamic/record_time/primary/MEAN.parquet
T1_PUBLIC_ALL_TEST_OOD_ACCESS,SRU_H2S__H5__W1,PERSISTENCE,PASS,,,,materialization audit records combined fit and prediction time,final/baseline_test_predictions/SRU_H2S__H5__W1/dynamic/record_time/primary/PERSISTENCE.parquet
T1_PUBLIC_ALL_TEST_OOD_ACCESS,SRU_H2S__H5__W1,SEASONAL_PERSISTENCE,NOT_RUN_PROTOCOL_INCOMPATIBLE,,,,materialization audit records combined fit and prediction time,
T1_PUBLIC_ALL_TEST_OOD_ACCESS,SRU_H2S__H5__W1,AR,PASS,,,,materialization audit records combined fit and prediction time,final/baseline_test_predictions/SRU_H2S__H5__W1/dynamic/record_time/primary/AR.parquet
T1_PUBLIC_ALL_TEST_OOD_ACCESS,SRU_H2S__H5__W1,ARX,PASS,,,,materialization audit records combined fit and prediction time,final/baseline_test_predictions/SRU_H2S__H5__W1/dynamic/record_time/primary/ARX.parquet
T1_PUBLIC_ALL_TEST_OOD_ACCESS,SRU_H2S__H5__W1,LINEAR_NARX,PASS,,,,materialization audit records combined fit and prediction time,final/baseline_test_predictions/SRU_H2S__H5__W1/dynamic/record_time/primary/LINEAR_NARX.parquet
T1_PUBLIC_ALL_TEST_OOD_ACCESS,SRU_H2S__H5__W1,N4SID,NOT_RUN_PROTOCOL_INCOMPATIBLE,,,,materialization audit records combined fit and prediction time,
T1_PUBLIC_ALL_TEST_OOD_ACCESS,SRU_SO2__H5__W1,MEAN,PASS,,,,materialization audit records combined fit and prediction time,final/baseline_test_predictions/SRU_SO2__H5__W1/dynamic/record_time/primary/MEAN.parquet
T1_PUBLIC_ALL_TEST_OOD_ACCESS,SRU_SO2__H5__W1,PERSISTENCE,PASS,,,,materialization audit records combined fit and prediction time,final/baseline_test_predictions/SRU_SO2__H5__W1/dynamic/record_time/primary/PERSISTENCE.parquet
T1_PUBLIC_ALL_TEST_OOD_ACCESS,SRU_SO2__H5__W1,SEASONAL_PERSISTENCE,NOT_RUN_PROTOCOL_INCOMPATIBLE,,,,materialization audit records combined fit and prediction time,
T1_PUBLIC_ALL_TEST_OOD_ACCESS,SRU_SO2__H5__W1,AR,PASS,,,,materialization audit records combined fit and prediction time,final/baseline_test_predictions/SRU_SO2__H5__W1/dynamic/record_time/primary/AR.parquet
T1_PUBLIC_ALL_TEST_OOD_ACCESS,SRU_SO2__H5__W1,ARX,PASS,,,,materialization audit records combined fit and prediction time,final/baseline_test_predictions/SRU_SO2__H5__W1/dynamic/record_time/primary/ARX.parquet
T1_PUBLIC_ALL_TEST_OOD_ACCESS,SRU_SO2__H5__W1,LINEAR_NARX,PASS,,,,materialization audit records combined fit and prediction time,final/baseline_test_predictions/SRU_SO2__H5__W1/dynamic/record_time/primary/LINEAR_NARX.parquet
T1_PUBLIC_ALL_TEST_OOD_ACCESS,SRU_SO2__H5__W1,N4SID,NOT_RUN_PROTOCOL_INCOMPATIBLE,,,,materialization audit records combined fit and prediction time,
T1_PUBLIC_ALL_TEST_OOD_ACCESS,TEP_G12__H4__W2,MEAN,PASS,,,,materialization audit records combined fit and prediction time,final/baseline_test_predictions/TEP_G12__H4__W2/dynamic/analyzer_maturity_5_steps/proxy_excluded/MEAN.parquet
T1_PUBLIC_ALL_TEST_OOD_ACCESS,TEP_G12__H4__W2,PERSISTENCE,PASS,,,,materialization audit records combined fit and prediction time,final/baseline_test_predictions/TEP_G12__H4__W2/dynamic/analyzer_maturity_5_steps/proxy_excluded/PERSISTENCE.parquet
T1_PUBLIC_ALL_TEST_OOD_ACCESS,TEP_G12__H4__W2,SEASONAL_PERSISTENCE,NOT_RUN_PROTOCOL_INCOMPATIBLE,,,,materialization audit records combined fit and prediction time,
T1_PUBLIC_ALL_TEST_OOD_ACCESS,TEP_G12__H4__W2,AR,PASS,,,,materialization audit records combined fit and prediction time,final/baseline_test_predictions/TEP_G12__H4__W2/dynamic/analyzer_maturity_5_steps/proxy_excluded/AR.parquet
T1_PUBLIC_ALL_TEST_OOD_ACCESS,TEP_G12__H4__W2,ARX,PASS,,,,materialization audit records combined fit and prediction time,final/baseline_test_predictions/TEP_G12__H4__W2/dynamic/analyzer_maturity_5_steps/proxy_excluded/ARX.parquet
T1_PUBLIC_ALL_TEST_OOD_ACCESS,TEP_G12__H4__W2,LINEAR_NARX,PASS,,,,materialization audit records combined fit and prediction time,final/baseline_test_predictions/TEP_G12__H4__W2/dynamic/analyzer_maturity_5_steps/proxy_excluded/LINEAR_NARX.parquet
T1_PUBLIC_ALL_TEST_OOD_ACCESS,TEP_G12__H4__W2,N4SID,NOT_RUN_PROTOCOL_INCOMPATIBLE,,,,materialization audit records combined fit and prediction time,
T1_PUBLIC_ALL_TEST_OOD_ACCESS,TEP_G12__H4__W2,MEAN,PASS,,,,materialization audit records combined fit and prediction time,final/baseline_test_predictions/TEP_G12__H4__W2/dynamic/record_time/proxy_excluded/MEAN.parquet
T1_PUBLIC_ALL_TEST_OOD_ACCESS,TEP_G12__H4__W2,PERSISTENCE,PASS,,,,materialization audit records combined fit and prediction time,final/baseline_test_predictions/TEP_G12__H4__W2/dynamic/record_time/proxy_excluded/PERSISTENCE.parquet
T1_PUBLIC_ALL_TEST_OOD_ACCESS,TEP_G12__H4__W2,SEASONAL_PERSISTENCE,NOT_RUN_PROTOCOL_INCOMPATIBLE,,,,materialization audit records combined fit and prediction time,
T1_PUBLIC_ALL_TEST_OOD_ACCESS,TEP_G12__H4__W2,AR,PASS,,,,materialization audit records combined fit and prediction time,final/baseline_test_predictions/TEP_G12__H4__W2/dynamic/record_time/proxy_excluded/AR.parquet
T1_PUBLIC_ALL_TEST_OOD_ACCESS,TEP_G12__H4__W2,ARX,PASS,,,,materialization audit records combined fit and prediction time,final/baseline_test_predictions/TEP_G12__H4__W2/dynamic/record_time/proxy_excluded/ARX.parquet
T1_PUBLIC_ALL_TEST_OOD_ACCESS,TEP_G12__H4__W2,LINEAR_NARX,PASS,,,,materialization audit records combined fit and prediction time,final/baseline_test_predictions/TEP_G12__H4__W2/dynamic/record_time/proxy_excluded/LINEAR_NARX.parquet
T1_PUBLIC_ALL_TEST_OOD_ACCESS,TEP_G12__H4__W2,N4SID,NOT_RUN_PROTOCOL_INCOMPATIBLE,,,,materialization audit records combined fit and prediction time,
T1_PUBLIC_ALL_TEST_OOD_ACCESS,METRO_OIL20__H120__W12,PRISM_V2_1_1_K_C,PASS,,34.520686626434326,,materialization audit records combined fit and prediction time,final/ood_predictions/METRO_OIL20__H120__W12/input_only/record_time/primary/PRISM_V2_1_1_K_C.parquet
T1_PUBLIC_ALL_TEST_OOD_ACCESS,METRO_OIL20__H120__W12,PRISM_V2_1_1_K_C_W,PASS,,34.9787015914917,,materialization audit records combined fit and prediction time,final/ood_predictions/METRO_OIL20__H120__W12/input_only/record_time/primary/PRISM_V2_1_1_K_C_W.parquet
T1_PUBLIC_ALL_TEST_OOD_ACCESS,METRO_P60__H6__W1,PRISM_V2_1_1_K_C,PASS,,122.9674015045166,,materialization audit records combined fit and prediction time,final/ood_predictions/METRO_P60__H6__W1/input_only/record_time/full_sensor_secondary/PRISM_V2_1_1_K_C.parquet
T1_PUBLIC_ALL_TEST_OOD_ACCESS,METRO_P60__H6__W1,PRISM_V2_1_1_K_C_W,PASS,,123.44654941558838,,materialization audit records combined fit and prediction time,final/ood_predictions/METRO_P60__H6__W1/input_only/record_time/full_sensor_secondary/PRISM_V2_1_1_K_C_W.parquet
T1_PUBLIC_ALL_TEST_OOD_ACCESS,METRO_P60__H6__W1,PRISM_V2_1_1_K_C,PASS,,111.77670407295227,,materialization audit records combined fit and prediction time,final/ood_predictions/METRO_P60__H6__W1/input_only/record_time/proxy_excluded/PRISM_V2_1_1_K_C.parquet
T1_PUBLIC_ALL_TEST_OOD_ACCESS,METRO_P60__H6__W1,PRISM_V2_1_1_K_C_W,PASS,,112.24335622787476,,materialization audit records combined fit and prediction time,final/ood_predictions/METRO_P60__H6__W1/input_only/record_time/proxy_excluded/PRISM_V2_1_1_K_C_W.parquet
T1_PUBLIC_ALL_TEST_OOD_ACCESS,TEP_G12__H4__W2,PRISM_V2_1_1_K_C,PASS,,17.741865396499634,,materialization audit records combined fit and prediction time,final/ood_predictions/TEP_G12__H4__W2/input_only/record_time/proxy_excluded/PRISM_V2_1_1_K_C.parquet
T1_PUBLIC_ALL_TEST_OOD_ACCESS,TEP_G12__H4__W2,PRISM_V2_1_1_K_C_W,PASS,,24.224459171295166,,materialization audit records combined fit and prediction time,final/ood_predictions/TEP_G12__H4__W2/input_only/record_time/proxy_excluded/PRISM_V2_1_1_K_C_W.parquet
T1_PUBLIC_ALL_TEST_OOD_ACCESS,METRO_OIL20__H120__W12,PRISM_V2_1_1_K_C_DYNAMIC,PASS,,34.05381107330322,,materialization audit records combined fit and prediction time,final/ood_predictions/METRO_OIL20__H120__W12/dynamic/record_time/primary/PRISM_V2_1_1_K_C_DYNAMIC.parquet
T1_PUBLIC_ALL_TEST_OOD_ACCESS,METRO_OIL20__H120__W12,PRISM_V2_1_1_K_C_W_DYNAMIC,PASS,,34.50446319580078,,materialization audit records combined fit and prediction time,final/ood_predictions/METRO_OIL20__H120__W12/dynamic/record_time/primary/PRISM_V2_1_1_K_C_W_DYNAMIC.parquet
T1_PUBLIC_ALL_TEST_OOD_ACCESS,METRO_OIL20__H120__W12,PRISM_V2_1_1_K_C_A_ABLATION,PASS,,80.84450840950012,,materialization audit records combined fit and prediction time,final/ood_predictions/METRO_OIL20__H120__W12/dynamic/record_time/primary/PRISM_V2_1_1_K_C_A_ABLATION.parquet
T1_PUBLIC_ALL_TEST_OOD_ACCESS,METRO_OIL20__H120__W12,PRISM_V2_1_1_PHYSICS_FIRST,PASS,,81.29952669143677,,materialization audit records combined fit and prediction time,final/ood_predictions/METRO_OIL20__H120__W12/dynamic/record_time/primary/PRISM_V2_1_1_PHYSICS_FIRST.parquet
T1_PUBLIC_ALL_TEST_OOD_ACCESS,METRO_OIL20__H120__W12,PRISM_V2_1_1_JOINT_KWA,PASS,,167.69719433784485,,materialization audit records combined fit and prediction time,final/ood_predictions/METRO_OIL20__H120__W12/dynamic/record_time/primary/PRISM_V2_1_1_JOINT_KWA.parquet
T1_PUBLIC_ALL_TEST_OOD_ACCESS,METRO_P60__H6__W1,PRISM_V2_1_1_K_C_DYNAMIC,PASS,,123.6055006980896,,materialization audit records combined fit and prediction time,final/ood_predictions/METRO_P60__H6__W1/dynamic/record_time/full_sensor_secondary/PRISM_V2_1_1_K_C_DYNAMIC.parquet
T1_PUBLIC_ALL_TEST_OOD_ACCESS,METRO_P60__H6__W1,PRISM_V2_1_1_K_C_W_DYNAMIC,PASS,,124.08704233169556,,materialization audit records combined fit and prediction time,final/ood_predictions/METRO_P60__H6__W1/dynamic/record_time/full_sensor_secondary/PRISM_V2_1_1_K_C_W_DYNAMIC.parquet
T1_PUBLIC_ALL_TEST_OOD_ACCESS,METRO_P60__H6__W1,PRISM_V2_1_1_K_C_A_ABLATION,PASS,,124.60135412216187,,materialization audit records combined fit and prediction time,final/ood_predictions/METRO_P60__H6__W1/dynamic/record_time/full_sensor_secondary/PRISM_V2_1_1_K_C_A_ABLATION.parquet
T1_PUBLIC_ALL_TEST_OOD_ACCESS,METRO_P60__H6__W1,PRISM_V2_1_1_PHYSICS_FIRST,PASS,,125.0771017074585,,materialization audit records combined fit and prediction time,final/ood_predictions/METRO_P60__H6__W1/dynamic/record_time/full_sensor_secondary/PRISM_V2_1_1_PHYSICS_FIRST.parquet
T1_PUBLIC_ALL_TEST_OOD_ACCESS,METRO_P60__H6__W1,PRISM_V2_1_1_JOINT_KWA,PASS,,397.5037100315094,,materialization audit records combined fit and prediction time,final/ood_predictions/METRO_P60__H6__W1/dynamic/record_time/full_sensor_secondary/PRISM_V2_1_1_JOINT_KWA.parquet
T1_PUBLIC_ALL_TEST_OOD_ACCESS,METRO_P60__H6__W1,PRISM_V2_1_1_K_C_DYNAMIC,PASS,,125.23031306266785,,materialization audit records combined fit and prediction time,final/ood_predictions/METRO_P60__H6__W1/dynamic/record_time/proxy_excluded/PRISM_V2_1_1_K_C_DYNAMIC.parquet
T1_PUBLIC_ALL_TEST_OOD_ACCESS,METRO_P60__H6__W1,PRISM_V2_1_1_K_C_W_DYNAMIC,PASS,,125.69247961044312,,materialization audit records combined fit and prediction time,final/ood_predictions/METRO_P60__H6__W1/dynamic/record_time/proxy_excluded/PRISM_V2_1_1_K_C_W_DYNAMIC.parquet
T1_PUBLIC_ALL_TEST_OOD_ACCESS,METRO_P60__H6__W1,PRISM_V2_1_1_K_C_A_ABLATION,PASS,,126.17895340919495,,materialization audit records combined fit and prediction time,final/ood_predictions/METRO_P60__H6__W1/dynamic/record_time/proxy_excluded/PRISM_V2_1_1_K_C_A_ABLATION.parquet
T1_PUBLIC_ALL_TEST_OOD_ACCESS,METRO_P60__H6__W1,PRISM_V2_1_1_PHYSICS_FIRST,PASS,,126.64228558540344,,materialization audit records combined fit and prediction time,final/ood_predictions/METRO_P60__H6__W1/dynamic/record_time/proxy_excluded/PRISM_V2_1_1_PHYSICS_FIRST.parquet
T1_PUBLIC_ALL_TEST_OOD_ACCESS,METRO_P60__H6__W1,PRISM_V2_1_1_JOINT_KWA,PASS,,378.84402346611023,,materialization audit records combined fit and prediction time,final/ood_predictions/METRO_P60__H6__W1/dynamic/record_time/proxy_excluded/PRISM_V2_1_1_JOINT_KWA.parquet
T1_PUBLIC_ALL_TEST_OOD_ACCESS,TEP_G12__H4__W2,PRISM_V2_1_1_K_C_DYNAMIC,PASS,,17.764777660369873,,materialization audit records combined fit and prediction time,final/ood_predictions/TEP_G12__H4__W2/dynamic/analyzer_maturity_5_steps/proxy_excluded/PRISM_V2_1_1_K_C_DYNAMIC.parquet
T1_PUBLIC_ALL_TEST_OOD_ACCESS,TEP_G12__H4__W2,PRISM_V2_1_1_K_C_W_DYNAMIC,PASS,,24.434869289398193,,materialization audit records combined fit and prediction time,final/ood_predictions/TEP_G12__H4__W2/dynamic/analyzer_maturity_5_steps/proxy_excluded/PRISM_V2_1_1_K_C_W_DYNAMIC.parquet
T1_PUBLIC_ALL_TEST_OOD_ACCESS,TEP_G12__H4__W2,PRISM_V2_1_1_K_C_A_ABLATION,PASS,,31.078876733779907,,materialization audit records combined fit and prediction time,final/ood_predictions/TEP_G12__H4__W2/dynamic/analyzer_maturity_5_steps/proxy_excluded/PRISM_V2_1_1_K_C_A_ABLATION.parquet
T1_PUBLIC_ALL_TEST_OOD_ACCESS,TEP_G12__H4__W2,PRISM_V2_1_1_PHYSICS_FIRST,PASS,,37.72774147987366,,materialization audit records combined fit and prediction time,final/ood_predictions/TEP_G12__H4__W2/dynamic/analyzer_maturity_5_steps/proxy_excluded/PRISM_V2_1_1_PHYSICS_FIRST.parquet
T1_PUBLIC_ALL_TEST_OOD_ACCESS,TEP_G12__H4__W2,PRISM_V2_1_1_K_C_DYNAMIC,PASS,,19.31590700149536,,materialization audit records combined fit and prediction time,final/ood_predictions/TEP_G12__H4__W2/dynamic/record_time/proxy_excluded/PRISM_V2_1_1_K_C_DYNAMIC.parquet
T1_PUBLIC_ALL_TEST_OOD_ACCESS,TEP_G12__H4__W2,PRISM_V2_1_1_K_C_W_DYNAMIC,PASS,,25.988744735717773,,materialization audit records combined fit and prediction time,final/ood_predictions/TEP_G12__H4__W2/dynamic/record_time/proxy_excluded/PRISM_V2_1_1_K_C_W_DYNAMIC.parquet
T1_PUBLIC_ALL_TEST_OOD_ACCESS,TEP_G12__H4__W2,PRISM_V2_1_1_K_C_A_ABLATION,PASS,,713.2502162456512,,materialization audit records combined fit and prediction time,final/ood_predictions/TEP_G12__H4__W2/dynamic/record_time/proxy_excluded/PRISM_V2_1_1_K_C_A_ABLATION.parquet
T1_PUBLIC_ALL_TEST_OOD_ACCESS,TEP_G12__H4__W2,PRISM_V2_1_1_PHYSICS_FIRST,PASS,,720.0634829998016,,materialization audit records combined fit and prediction time,final/ood_predictions/TEP_G12__H4__W2/dynamic/record_time/proxy_excluded/PRISM_V2_1_1_PHYSICS_FIRST.parquet
T1_PUBLIC_ALL_TEST_OOD_ACCESS,METRO_OIL20__H120__W12,MEAN,PASS,,,,materialization audit records combined fit and prediction time,final/baseline_ood_predictions/METRO_OIL20__H120__W12/input_only/record_time/primary/MEAN.parquet
T1_PUBLIC_ALL_TEST_OOD_ACCESS,METRO_OIL20__H120__W12,PERSISTENCE,PASS,,,,materialization audit records combined fit and prediction time,final/baseline_ood_predictions/METRO_OIL20__H120__W12/input_only/record_time/primary/PERSISTENCE.parquet
T1_PUBLIC_ALL_TEST_OOD_ACCESS,METRO_OIL20__H120__W12,SEASONAL_PERSISTENCE,NOT_RUN_PROTOCOL_INCOMPATIBLE,,,,materialization audit records combined fit and prediction time,
T1_PUBLIC_ALL_TEST_OOD_ACCESS,METRO_OIL20__H120__W12,RIDGE,PASS,,,,materialization audit records combined fit and prediction time,final/baseline_ood_predictions/METRO_OIL20__H120__W12/input_only/record_time/primary/RIDGE.parquet
T1_PUBLIC_ALL_TEST_OOD_ACCESS,METRO_OIL20__H120__W12,PLS,PASS,,,,materialization audit records combined fit and prediction time,final/baseline_ood_predictions/METRO_OIL20__H120__W12/input_only/record_time/primary/PLS.parquet
T1_PUBLIC_ALL_TEST_OOD_ACCESS,METRO_OIL20__H120__W12,RBF_SVR,PASS,,,,materialization audit records combined fit and prediction time,final/baseline_ood_predictions/METRO_OIL20__H120__W12/input_only/record_time/primary/RBF_SVR.parquet
T1_PUBLIC_ALL_TEST_OOD_ACCESS,METRO_OIL20__H120__W12,XGBOOST,PASS,,,,materialization audit records combined fit and prediction time,final/baseline_ood_predictions/METRO_OIL20__H120__W12/input_only/record_time/primary/XGBOOST.parquet
T1_PUBLIC_ALL_TEST_OOD_ACCESS,METRO_OIL20__H120__W12,DPLS,PASS,,,,materialization audit records combined fit and prediction time,final/baseline_ood_predictions/METRO_OIL20__H120__W12/input_only/record_time/primary/DPLS.parquet
T1_PUBLIC_ALL_TEST_OOD_ACCESS,METRO_OIL20__H120__W12,PARALLEL_HAMMERSTEIN,PASS,,,,materialization audit records combined fit and prediction time,final/baseline_ood_predictions/METRO_OIL20__H120__W12/input_only/record_time/primary/PARALLEL_HAMMERSTEIN.parquet
T1_PUBLIC_ALL_TEST_OOD_ACCESS,METRO_OIL20__H120__W12,HAMMERSTEIN_WIENER,PASS,,,,materialization audit records combined fit and prediction time,final/baseline_ood_predictions/METRO_OIL20__H120__W12/input_only/record_time/primary/HAMMERSTEIN_WIENER.parquet
T1_PUBLIC_ALL_TEST_OOD_ACCESS,METRO_P60__H6__W1,MEAN,PASS,,,,materialization audit records combined fit and prediction time,final/baseline_ood_predictions/METRO_P60__H6__W1/input_only/record_time/full_sensor_secondary/MEAN.parquet
T1_PUBLIC_ALL_TEST_OOD_ACCESS,METRO_P60__H6__W1,PERSISTENCE,PASS,,,,materialization audit records combined fit and prediction time,final/baseline_ood_predictions/METRO_P60__H6__W1/input_only/record_time/full_sensor_secondary/PERSISTENCE.parquet
T1_PUBLIC_ALL_TEST_OOD_ACCESS,METRO_P60__H6__W1,SEASONAL_PERSISTENCE,NOT_RUN_PROTOCOL_INCOMPATIBLE,,,,materialization audit records combined fit and prediction time,
T1_PUBLIC_ALL_TEST_OOD_ACCESS,METRO_P60__H6__W1,RIDGE,PASS,,,,materialization audit records combined fit and prediction time,final/baseline_ood_predictions/METRO_P60__H6__W1/input_only/record_time/full_sensor_secondary/RIDGE.parquet
T1_PUBLIC_ALL_TEST_OOD_ACCESS,METRO_P60__H6__W1,PLS,PASS,,,,materialization audit records combined fit and prediction time,final/baseline_ood_predictions/METRO_P60__H6__W1/input_only/record_time/full_sensor_secondary/PLS.parquet
T1_PUBLIC_ALL_TEST_OOD_ACCESS,METRO_P60__H6__W1,RBF_SVR,PASS,,,,materialization audit records combined fit and prediction time,final/baseline_ood_predictions/METRO_P60__H6__W1/input_only/record_time/full_sensor_secondary/RBF_SVR.parquet
T1_PUBLIC_ALL_TEST_OOD_ACCESS,METRO_P60__H6__W1,XGBOOST,PASS,,,,materialization audit records combined fit and prediction time,final/baseline_ood_predictions/METRO_P60__H6__W1/input_only/record_time/full_sensor_secondary/XGBOOST.parquet
T1_PUBLIC_ALL_TEST_OOD_ACCESS,METRO_P60__H6__W1,DPLS,PASS,,,,materialization audit records combined fit and prediction time,final/baseline_ood_predictions/METRO_P60__H6__W1/input_only/record_time/full_sensor_secondary/DPLS.parquet
T1_PUBLIC_ALL_TEST_OOD_ACCESS,METRO_P60__H6__W1,PARALLEL_HAMMERSTEIN,PASS,,,,materialization audit records combined fit and prediction time,final/baseline_ood_predictions/METRO_P60__H6__W1/input_only/record_time/full_sensor_secondary/PARALLEL_HAMMERSTEIN.parquet
T1_PUBLIC_ALL_TEST_OOD_ACCESS,METRO_P60__H6__W1,HAMMERSTEIN_WIENER,PASS,,,,materialization audit records combined fit and prediction time,final/baseline_ood_predictions/METRO_P60__H6__W1/input_only/record_time/full_sensor_secondary/HAMMERSTEIN_WIENER.parquet
T1_PUBLIC_ALL_TEST_OOD_ACCESS,METRO_P60__H6__W1,MEAN,PASS,,,,materialization audit records combined fit and prediction time,final/baseline_ood_predictions/METRO_P60__H6__W1/input_only/record_time/proxy_excluded/MEAN.parquet
T1_PUBLIC_ALL_TEST_OOD_ACCESS,METRO_P60__H6__W1,PERSISTENCE,PASS,,,,materialization audit records combined fit and prediction time,final/baseline_ood_predictions/METRO_P60__H6__W1/input_only/record_time/proxy_excluded/PERSISTENCE.parquet
T1_PUBLIC_ALL_TEST_OOD_ACCESS,METRO_P60__H6__W1,SEASONAL_PERSISTENCE,NOT_RUN_PROTOCOL_INCOMPATIBLE,,,,materialization audit records combined fit and prediction time,
T1_PUBLIC_ALL_TEST_OOD_ACCESS,METRO_P60__H6__W1,RIDGE,PASS,,,,materialization audit records combined fit and prediction time,final/baseline_ood_predictions/METRO_P60__H6__W1/input_only/record_time/proxy_excluded/RIDGE.parquet
T1_PUBLIC_ALL_TEST_OOD_ACCESS,METRO_P60__H6__W1,PLS,PASS,,,,materialization audit records combined fit and prediction time,final/baseline_ood_predictions/METRO_P60__H6__W1/input_only/record_time/proxy_excluded/PLS.parquet
T1_PUBLIC_ALL_TEST_OOD_ACCESS,METRO_P60__H6__W1,RBF_SVR,PASS,,,,materialization audit records combined fit and prediction time,final/baseline_ood_predictions/METRO_P60__H6__W1/input_only/record_time/proxy_excluded/RBF_SVR.parquet
T1_PUBLIC_ALL_TEST_OOD_ACCESS,METRO_P60__H6__W1,XGBOOST,PASS,,,,materialization audit records combined fit and prediction time,final/baseline_ood_predictions/METRO_P60__H6__W1/input_only/record_time/proxy_excluded/XGBOOST.parquet
T1_PUBLIC_ALL_TEST_OOD_ACCESS,METRO_P60__H6__W1,DPLS,PASS,,,,materialization audit records combined fit and prediction time,final/baseline_ood_predictions/METRO_P60__H6__W1/input_only/record_time/proxy_excluded/DPLS.parquet
T1_PUBLIC_ALL_TEST_OOD_ACCESS,METRO_P60__H6__W1,PARALLEL_HAMMERSTEIN,PASS,,,,materialization audit records combined fit and prediction time,final/baseline_ood_predictions/METRO_P60__H6__W1/input_only/record_time/proxy_excluded/PARALLEL_HAMMERSTEIN.parquet
T1_PUBLIC_ALL_TEST_OOD_ACCESS,METRO_P60__H6__W1,HAMMERSTEIN_WIENER,PASS,,,,materialization audit records combined fit and prediction time,final/baseline_ood_predictions/METRO_P60__H6__W1/input_only/record_time/proxy_excluded/HAMMERSTEIN_WIENER.parquet
T1_PUBLIC_ALL_TEST_OOD_ACCESS,TEP_G12__H4__W2,MEAN,PASS,,,,materialization audit records combined fit and prediction time,final/baseline_ood_predictions/TEP_G12__H4__W2/input_only/record_time/proxy_excluded/MEAN.parquet
T1_PUBLIC_ALL_TEST_OOD_ACCESS,TEP_G12__H4__W2,PERSISTENCE,PASS,,,,materialization audit records combined fit and prediction time,final/baseline_ood_predictions/TEP_G12__H4__W2/input_only/record_time/proxy_excluded/PERSISTENCE.parquet
T1_PUBLIC_ALL_TEST_OOD_ACCESS,TEP_G12__H4__W2,SEASONAL_PERSISTENCE,NOT_RUN_PROTOCOL_INCOMPATIBLE,,,,materialization audit records combined fit and prediction time,
T1_PUBLIC_ALL_TEST_OOD_ACCESS,TEP_G12__H4__W2,RIDGE,PASS,,,,materialization audit records combined fit and prediction time,final/baseline_ood_predictions/TEP_G12__H4__W2/input_only/record_time/proxy_excluded/RIDGE.parquet
T1_PUBLIC_ALL_TEST_OOD_ACCESS,TEP_G12__H4__W2,PLS,PASS,,,,materialization audit records combined fit and prediction time,final/baseline_ood_predictions/TEP_G12__H4__W2/input_only/record_time/proxy_excluded/PLS.parquet
T1_PUBLIC_ALL_TEST_OOD_ACCESS,TEP_G12__H4__W2,RBF_SVR,PASS,,,,materialization audit records combined fit and prediction time,final/baseline_ood_predictions/TEP_G12__H4__W2/input_only/record_time/proxy_excluded/RBF_SVR.parquet
T1_PUBLIC_ALL_TEST_OOD_ACCESS,TEP_G12__H4__W2,XGBOOST,PASS,,,,materialization audit records combined fit and prediction time,final/baseline_ood_predictions/TEP_G12__H4__W2/input_only/record_time/proxy_excluded/XGBOOST.parquet
T1_PUBLIC_ALL_TEST_OOD_ACCESS,TEP_G12__H4__W2,DPLS,PASS,,,,materialization audit records combined fit and prediction time,final/baseline_ood_predictions/TEP_G12__H4__W2/input_only/record_time/proxy_excluded/DPLS.parquet
T1_PUBLIC_ALL_TEST_OOD_ACCESS,TEP_G12__H4__W2,PARALLEL_HAMMERSTEIN,PASS,,,,materialization audit records combined fit and prediction time,final/baseline_ood_predictions/TEP_G12__H4__W2/input_only/record_time/proxy_excluded/PARALLEL_HAMMERSTEIN.parquet
T1_PUBLIC_ALL_TEST_OOD_ACCESS,TEP_G12__H4__W2,HAMMERSTEIN_WIENER,PASS,,,,materialization audit records combined fit and prediction time,final/baseline_ood_predictions/TEP_G12__H4__W2/input_only/record_time/proxy_excluded/HAMMERSTEIN_WIENER.parquet
T1_PUBLIC_ALL_TEST_OOD_ACCESS,METRO_OIL20__H120__W12,MEAN,PASS,,,,materialization audit records combined fit and prediction time,final/baseline_ood_predictions/METRO_OIL20__H120__W12/dynamic/record_time/primary/MEAN.parquet
T1_PUBLIC_ALL_TEST_OOD_ACCESS,METRO_OIL20__H120__W12,PERSISTENCE,PASS,,,,materialization audit records combined fit and prediction time,final/baseline_ood_predictions/METRO_OIL20__H120__W12/dynamic/record_time/primary/PERSISTENCE.parquet
T1_PUBLIC_ALL_TEST_OOD_ACCESS,METRO_OIL20__H120__W12,SEASONAL_PERSISTENCE,NOT_RUN_PROTOCOL_INCOMPATIBLE,,,,materialization audit records combined fit and prediction time,
T1_PUBLIC_ALL_TEST_OOD_ACCESS,METRO_OIL20__H120__W12,AR,PASS,,,,materialization audit records combined fit and prediction time,final/baseline_ood_predictions/METRO_OIL20__H120__W12/dynamic/record_time/primary/AR.parquet
T1_PUBLIC_ALL_TEST_OOD_ACCESS,METRO_OIL20__H120__W12,ARX,PASS,,,,materialization audit records combined fit and prediction time,final/baseline_ood_predictions/METRO_OIL20__H120__W12/dynamic/record_time/primary/ARX.parquet
T1_PUBLIC_ALL_TEST_OOD_ACCESS,METRO_OIL20__H120__W12,LINEAR_NARX,PASS,,,,materialization audit records combined fit and prediction time,final/baseline_ood_predictions/METRO_OIL20__H120__W12/dynamic/record_time/primary/LINEAR_NARX.parquet
T1_PUBLIC_ALL_TEST_OOD_ACCESS,METRO_OIL20__H120__W12,N4SID,NOT_RUN_PROTOCOL_INCOMPATIBLE,,,,materialization audit records combined fit and prediction time,
T1_PUBLIC_ALL_TEST_OOD_ACCESS,METRO_P60__H6__W1,MEAN,PASS,,,,materialization audit records combined fit and prediction time,final/baseline_ood_predictions/METRO_P60__H6__W1/dynamic/record_time/full_sensor_secondary/MEAN.parquet
T1_PUBLIC_ALL_TEST_OOD_ACCESS,METRO_P60__H6__W1,PERSISTENCE,PASS,,,,materialization audit records combined fit and prediction time,final/baseline_ood_predictions/METRO_P60__H6__W1/dynamic/record_time/full_sensor_secondary/PERSISTENCE.parquet
T1_PUBLIC_ALL_TEST_OOD_ACCESS,METRO_P60__H6__W1,SEASONAL_PERSISTENCE,NOT_RUN_PROTOCOL_INCOMPATIBLE,,,,materialization audit records combined fit and prediction time,
T1_PUBLIC_ALL_TEST_OOD_ACCESS,METRO_P60__H6__W1,AR,PASS,,,,materialization audit records combined fit and prediction time,final/baseline_ood_predictions/METRO_P60__H6__W1/dynamic/record_time/full_sensor_secondary/AR.parquet
T1_PUBLIC_ALL_TEST_OOD_ACCESS,METRO_P60__H6__W1,ARX,PASS,,,,materialization audit records combined fit and prediction time,final/baseline_ood_predictions/METRO_P60__H6__W1/dynamic/record_time/full_sensor_secondary/ARX.parquet
T1_PUBLIC_ALL_TEST_OOD_ACCESS,METRO_P60__H6__W1,LINEAR_NARX,PASS,,,,materialization audit records combined fit and prediction time,final/baseline_ood_predictions/METRO_P60__H6__W1/dynamic/record_time/full_sensor_secondary/LINEAR_NARX.parquet
T1_PUBLIC_ALL_TEST_OOD_ACCESS,METRO_P60__H6__W1,N4SID,NOT_RUN_PROTOCOL_INCOMPATIBLE,,,,materialization audit records combined fit and prediction time,
T1_PUBLIC_ALL_TEST_OOD_ACCESS,METRO_P60__H6__W1,MEAN,PASS,,,,materialization audit records combined fit and prediction time,final/baseline_ood_predictions/METRO_P60__H6__W1/dynamic/record_time/proxy_excluded/MEAN.parquet
T1_PUBLIC_ALL_TEST_OOD_ACCESS,METRO_P60__H6__W1,PERSISTENCE,PASS,,,,materialization audit records combined fit and prediction time,final/baseline_ood_predictions/METRO_P60__H6__W1/dynamic/record_time/proxy_excluded/PERSISTENCE.parquet
T1_PUBLIC_ALL_TEST_OOD_ACCESS,METRO_P60__H6__W1,SEASONAL_PERSISTENCE,NOT_RUN_PROTOCOL_INCOMPATIBLE,,,,materialization audit records combined fit and prediction time,
T1_PUBLIC_ALL_TEST_OOD_ACCESS,METRO_P60__H6__W1,AR,PASS,,,,materialization audit records combined fit and prediction time,final/baseline_ood_predictions/METRO_P60__H6__W1/dynamic/record_time/proxy_excluded/AR.parquet
T1_PUBLIC_ALL_TEST_OOD_ACCESS,METRO_P60__H6__W1,ARX,PASS,,,,materialization audit records combined fit and prediction time,final/baseline_ood_predictions/METRO_P60__H6__W1/dynamic/record_time/proxy_excluded/ARX.parquet
T1_PUBLIC_ALL_TEST_OOD_ACCESS,METRO_P60__H6__W1,LINEAR_NARX,PASS,,,,materialization audit records combined fit and prediction time,final/baseline_ood_predictions/METRO_P60__H6__W1/dynamic/record_time/proxy_excluded/LINEAR_NARX.parquet
T1_PUBLIC_ALL_TEST_OOD_ACCESS,METRO_P60__H6__W1,N4SID,NOT_RUN_PROTOCOL_INCOMPATIBLE,,,,materialization audit records combined fit and prediction time,
T1_PUBLIC_ALL_TEST_OOD_ACCESS,TEP_G12__H4__W2,MEAN,PASS,,,,materialization audit records combined fit and prediction time,final/baseline_ood_predictions/TEP_G12__H4__W2/dynamic/analyzer_maturity_5_steps/proxy_excluded/MEAN.parquet
T1_PUBLIC_ALL_TEST_OOD_ACCESS,TEP_G12__H4__W2,PERSISTENCE,PASS,,,,materialization audit records combined fit and prediction time,final/baseline_ood_predictions/TEP_G12__H4__W2/dynamic/analyzer_maturity_5_steps/proxy_excluded/PERSISTENCE.parquet
T1_PUBLIC_ALL_TEST_OOD_ACCESS,TEP_G12__H4__W2,SEASONAL_PERSISTENCE,NOT_RUN_PROTOCOL_INCOMPATIBLE,,,,materialization audit records combined fit and prediction time,
T1_PUBLIC_ALL_TEST_OOD_ACCESS,TEP_G12__H4__W2,AR,PASS,,,,materialization audit records combined fit and prediction time,final/baseline_ood_predictions/TEP_G12__H4__W2/dynamic/analyzer_maturity_5_steps/proxy_excluded/AR.parquet
T1_PUBLIC_ALL_TEST_OOD_ACCESS,TEP_G12__H4__W2,ARX,PASS,,,,materialization audit records combined fit and prediction time,final/baseline_ood_predictions/TEP_G12__H4__W2/dynamic/analyzer_maturity_5_steps/proxy_excluded/ARX.parquet
T1_PUBLIC_ALL_TEST_OOD_ACCESS,TEP_G12__H4__W2,LINEAR_NARX,PASS,,,,materialization audit records combined fit and prediction time,final/baseline_ood_predictions/TEP_G12__H4__W2/dynamic/analyzer_maturity_5_steps/proxy_excluded/LINEAR_NARX.parquet
T1_PUBLIC_ALL_TEST_OOD_ACCESS,TEP_G12__H4__W2,N4SID,NOT_RUN_PROTOCOL_INCOMPATIBLE,,,,materialization audit records combined fit and prediction time,
T1_PUBLIC_ALL_TEST_OOD_ACCESS,TEP_G12__H4__W2,MEAN,PASS,,,,materialization audit records combined fit and prediction time,final/baseline_ood_predictions/TEP_G12__H4__W2/dynamic/record_time/proxy_excluded/MEAN.parquet
T1_PUBLIC_ALL_TEST_OOD_ACCESS,TEP_G12__H4__W2,PERSISTENCE,PASS,,,,materialization audit records combined fit and prediction time,final/baseline_ood_predictions/TEP_G12__H4__W2/dynamic/record_time/proxy_excluded/PERSISTENCE.parquet
T1_PUBLIC_ALL_TEST_OOD_ACCESS,TEP_G12__H4__W2,SEASONAL_PERSISTENCE,NOT_RUN_PROTOCOL_INCOMPATIBLE,,,,materialization audit records combined fit and prediction time,
T1_PUBLIC_ALL_TEST_OOD_ACCESS,TEP_G12__H4__W2,AR,PASS,,,,materialization audit records combined fit and prediction time,final/baseline_ood_predictions/TEP_G12__H4__W2/dynamic/record_time/proxy_excluded/AR.parquet
T1_PUBLIC_ALL_TEST_OOD_ACCESS,TEP_G12__H4__W2,ARX,PASS,,,,materialization audit records combined fit and prediction time,final/baseline_ood_predictions/TEP_G12__H4__W2/dynamic/record_time/proxy_excluded/ARX.parquet
T1_PUBLIC_ALL_TEST_OOD_ACCESS,TEP_G12__H4__W2,LINEAR_NARX,PASS,,,,materialization audit records combined fit and prediction time,final/baseline_ood_predictions/TEP_G12__H4__W2/dynamic/record_time/proxy_excluded/LINEAR_NARX.parquet
T1_PUBLIC_ALL_TEST_OOD_ACCESS,TEP_G12__H4__W2,N4SID,NOT_RUN_PROTOCOL_INCOMPATIBLE,,,,materialization audit records combined fit and prediction time,
