evaluation_key,sampling_rate_hz,history_steps,trajectory_id,route,channel_ablation,diverged,t_diverge_steps,t_diverge_ms,velocity_error,attitude_error,body_rate_error,condition_id,history_mode
hz100_h20,100,20,ellipse.csv,PF_KCW,velocity_only,True,383.0,3830.0,1.9056279118127725e+64,0.07267003986301002,6.346407092676496e+64,hz100_fixed_step_h20,FIXED_STEP
hz100_h20,100,20,ellipse.csv,PF_KCW,attitude_only,True,711.0,7110.0,0.07518053893917101,1.2126768994197537,0.040868711486876104,hz100_fixed_step_h20,FIXED_STEP
hz100_h20,100,20,ellipse.csv,PF_KCW,body_rate_only,True,283.0,2830.0,inf,0.04349249388505446,inf,hz100_fixed_step_h20,FIXED_STEP
hz100_h20,100,20,ellipse.csv,PF_KCW,velocity_attitude,True,433.0,4330.0,1.2700916557490988e+99,0.6423125556823341,2.35217695754611e+99,hz100_fixed_step_h20,FIXED_STEP
hz100_h20,100,20,ellipse.csv,PF_KCW,attitude_body_rate,True,394.0,3940.0,1.2990895942647953e+141,0.9711048518576706,1.0817951383646493e+141,hz100_fixed_step_h20,FIXED_STEP
hz100_h20,100,20,ellipse.csv,PF_KCW,full_recursive,True,501.0,5010.0,6.308676305004254e+74,0.7085804978461847,5.059552973009347e+74,hz100_fixed_step_h20,FIXED_STEP
hz100_h20,100,20,ellipse.csv,J_KCW,velocity_only,False,,,1.968803904909286,0.007656153852598073,0.0314337586059932,hz100_fixed_step_h20,FIXED_STEP
hz100_h20,100,20,ellipse.csv,J_KCW,attitude_only,True,806.0,8060.0,0.07011793483368434,1.102501400928266,0.03899142405330268,hz100_fixed_step_h20,FIXED_STEP
hz100_h20,100,20,ellipse.csv,J_KCW,body_rate_only,True,288.0,2880.0,1.480453283152186e+128,0.04834668927899096,3.3733478836808537e+127,hz100_fixed_step_h20,FIXED_STEP
hz100_h20,100,20,ellipse.csv,J_KCW,velocity_attitude,True,948.0,9480.0,4.326778061164426,0.634149041489081,0.07090984923180745,hz100_fixed_step_h20,FIXED_STEP
hz100_h20,100,20,ellipse.csv,J_KCW,attitude_body_rate,True,485.0,4850.0,5.195466630800452e+57,1.1975334761063374,1.733942155730612e+58,hz100_fixed_step_h20,FIXED_STEP
hz100_h20,100,20,ellipse.csv,J_KCW,full_recursive,True,460.0,4600.0,3.2355090851023076e+33,1.0646163933745392,1.1341169489852075e+34,hz100_fixed_step_h20,FIXED_STEP
hz100_h20,100,20,lemniscate_1.csv,PF_KCW,velocity_only,True,478.0,4780.0,2.761213564921427e+39,0.05926316794407888,6.256971891191882e+39,hz100_fixed_step_h20,FIXED_STEP
hz100_h20,100,20,lemniscate_1.csv,PF_KCW,attitude_only,False,,,0.02595417419615512,0.30548484115681096,0.01887511461596343,hz100_fixed_step_h20,FIXED_STEP
hz100_h20,100,20,lemniscate_1.csv,PF_KCW,body_rate_only,True,518.0,5180.0,inf,0.02318271835988701,inf,hz100_fixed_step_h20,FIXED_STEP
hz100_h20,100,20,lemniscate_1.csv,PF_KCW,velocity_attitude,True,386.0,3860.0,inf,0.6567762623240966,inf,hz100_fixed_step_h20,FIXED_STEP
hz100_h20,100,20,lemniscate_1.csv,PF_KCW,attitude_body_rate,True,409.0,4090.0,0.05439515313328336,1.4055092464723256,1.9448372232115718,hz100_fixed_step_h20,FIXED_STEP
hz100_h20,100,20,lemniscate_1.csv,PF_KCW,full_recursive,True,401.0,4010.0,1.3862715346358787e+110,0.9750846632807263,2.1160536160944794e+110,hz100_fixed_step_h20,FIXED_STEP
hz100_h20,100,20,lemniscate_1.csv,J_KCW,velocity_only,False,,,0.8820927011996502,0.0006953271185073508,0.01209210143916039,hz100_fixed_step_h20,FIXED_STEP
hz100_h20,100,20,lemniscate_1.csv,J_KCW,attitude_only,False,,,0.01035617383210782,0.15117311587132448,0.01245371183305019,hz100_fixed_step_h20,FIXED_STEP
hz100_h20,100,20,lemniscate_1.csv,J_KCW,body_rate_only,True,472.0,4720.0,inf,0.029542531023106076,inf,hz100_fixed_step_h20,FIXED_STEP
hz100_h20,100,20,lemniscate_1.csv,J_KCW,velocity_attitude,False,,,1.183578419189292,0.17105901508382707,0.013315821412751316,hz100_fixed_step_h20,FIXED_STEP
hz100_h20,100,20,lemniscate_1.csv,J_KCW,attitude_body_rate,True,448.0,4480.0,3.4979134044620744e+52,1.0952392349797166,1.2229183137663195e+53,hz100_fixed_step_h20,FIXED_STEP
hz100_h20,100,20,lemniscate_1.csv,J_KCW,full_recursive,True,461.0,4610.0,2.0520020026802663e+40,0.8934191515525384,6.924284116015348e+40,hz100_fixed_step_h20,FIXED_STEP
hz100_h20,100,20,lemniscate_2.csv,PF_KCW,velocity_only,True,496.0,4960.0,inf,0.09153079191109159,inf,hz100_fixed_step_h20,FIXED_STEP
hz100_h20,100,20,lemniscate_2.csv,PF_KCW,attitude_only,False,,,0.022341418866135918,0.3312727974559536,0.017537929860174065,hz100_fixed_step_h20,FIXED_STEP
hz100_h20,100,20,lemniscate_2.csv,PF_KCW,body_rate_only,True,614.0,6140.0,inf,0.020343142314651334,inf,hz100_fixed_step_h20,FIXED_STEP
hz100_h20,100,20,lemniscate_2.csv,PF_KCW,velocity_attitude,True,456.0,4560.0,9.698721444706854e+96,0.4988842407426102,6.355463753191068e+97,hz100_fixed_step_h20,FIXED_STEP
hz100_h20,100,20,lemniscate_2.csv,PF_KCW,attitude_body_rate,True,440.0,4400.0,0.08009419079777004,1.6439470115328114,2.086324504004046,hz100_fixed_step_h20,FIXED_STEP
hz100_h20,100,20,lemniscate_2.csv,PF_KCW,full_recursive,True,357.0,3570.0,inf,0.1440182627884533,inf,hz100_fixed_step_h20,FIXED_STEP
hz100_h20,100,20,lemniscate_2.csv,J_KCW,velocity_only,False,,,0.438172568256279,0.0017497069486637463,0.015234464446451657,hz100_fixed_step_h20,FIXED_STEP
hz100_h20,100,20,lemniscate_2.csv,J_KCW,attitude_only,False,,,0.01267070576801454,0.1648256758849197,0.015973182277223382,hz100_fixed_step_h20,FIXED_STEP
hz100_h20,100,20,lemniscate_2.csv,J_KCW,body_rate_only,True,535.0,5350.0,3.326066453675187e+112,0.025276853508733075,1.0637834201310027e+113,hz100_fixed_step_h20,FIXED_STEP
hz100_h20,100,20,lemniscate_2.csv,J_KCW,velocity_attitude,False,,,1.6031051238942935,0.20131944221967035,0.021093762357763144,hz100_fixed_step_h20,FIXED_STEP
hz100_h20,100,20,lemniscate_2.csv,J_KCW,attitude_body_rate,True,406.0,4060.0,5.484931470601319e+122,1.439234714857042,1.7433490202750695e+123,hz100_fixed_step_h20,FIXED_STEP
hz100_h20,100,20,lemniscate_2.csv,J_KCW,full_recursive,True,391.0,3910.0,4.468781788195387,1.2452434096407077,1.5014919680169652,hz100_fixed_step_h20,FIXED_STEP
hz100_h20,100,20,lemniscate_3.csv,PF_KCW,velocity_only,True,397.0,3970.0,1.0039828860295932e+46,0.15730463527014726,1.8410033330863592e+46,hz100_fixed_step_h20,FIXED_STEP
hz100_h20,100,20,lemniscate_3.csv,PF_KCW,attitude_only,True,730.0,7300.0,0.09894458640378467,1.1159496428896063,0.0830169457708115,hz100_fixed_step_h20,FIXED_STEP
hz100_h20,100,20,lemniscate_3.csv,PF_KCW,body_rate_only,True,286.0,2860.0,2.194235472754059e+146,0.044869358289172975,2.0204222640184127e+146,hz100_fixed_step_h20,FIXED_STEP
hz100_h20,100,20,lemniscate_3.csv,PF_KCW,velocity_attitude,True,357.0,3570.0,inf,0.3009676376000943,inf,hz100_fixed_step_h20,FIXED_STEP
hz100_h20,100,20,lemniscate_3.csv,PF_KCW,attitude_body_rate,True,336.0,3360.0,2.2995682812383244e+89,0.3316624775228246,4.127863507011202e+89,hz100_fixed_step_h20,FIXED_STEP
hz100_h20,100,20,lemniscate_3.csv,PF_KCW,full_recursive,True,331.0,3310.0,1.9650827060149833e+95,0.401363535005931,1.5706701277547863e+95,hz100_fixed_step_h20,FIXED_STEP
hz100_h20,100,20,lemniscate_3.csv,J_KCW,velocity_only,False,,,1.0225056410219258,0.010657887826779164,0.06654736190188192,hz100_fixed_step_h20,FIXED_STEP
hz100_h20,100,20,lemniscate_3.csv,J_KCW,attitude_only,True,788.0,7880.0,0.053431212719993584,0.8921487753351058,0.07421220643522726,hz100_fixed_step_h20,FIXED_STEP
hz100_h20,100,20,lemniscate_3.csv,J_KCW,body_rate_only,True,411.0,4110.0,2.483331361521353e+111,0.053558943725664734,8.124084338949346e+111,hz100_fixed_step_h20,FIXED_STEP
hz100_h20,100,20,lemniscate_3.csv,J_KCW,velocity_attitude,True,586.0,5860.0,8.025079871143891,1.2966852109790694,0.15003389049741273,hz100_fixed_step_h20,FIXED_STEP
hz100_h20,100,20,lemniscate_3.csv,J_KCW,attitude_body_rate,True,335.0,3350.0,2.9895021720748644e+45,0.38834491953818834,1.0224085363454477e+46,hz100_fixed_step_h20,FIXED_STEP
hz100_h20,100,20,lemniscate_3.csv,J_KCW,full_recursive,True,310.0,3100.0,8.519717011496668e+141,0.34838231416625165,2.6521918740658953e+142,hz100_fixed_step_h20,FIXED_STEP
hz100_h20,100,20,linear_oscillation.csv,PF_KCW,velocity_only,True,390.0,3900.0,1.0267150105884171e+52,0.057153151804812924,2.1559298015777946e+52,hz100_fixed_step_h20,FIXED_STEP
hz100_h20,100,20,linear_oscillation.csv,PF_KCW,attitude_only,False,,,0.0463781933187439,0.657738245430959,0.03293165826495246,hz100_fixed_step_h20,FIXED_STEP
hz100_h20,100,20,linear_oscillation.csv,PF_KCW,body_rate_only,True,244.0,2440.0,inf,0.05005469221185583,inf,hz100_fixed_step_h20,FIXED_STEP
hz100_h20,100,20,linear_oscillation.csv,PF_KCW,velocity_attitude,True,377.0,3770.0,3.0953676765159876e+95,0.6471354518329612,3.822534841048989e+95,hz100_fixed_step_h20,FIXED_STEP
hz100_h20,100,20,linear_oscillation.csv,PF_KCW,attitude_body_rate,True,430.0,4300.0,2.102799415797604e+136,1.332312104351108,3.750425295657447e+136,hz100_fixed_step_h20,FIXED_STEP
hz100_h20,100,20,linear_oscillation.csv,PF_KCW,full_recursive,True,569.0,5690.0,1.2952317029787012e+53,0.8431312298950732,1.0763836808391035e+53,hz100_fixed_step_h20,FIXED_STEP
hz100_h20,100,20,linear_oscillation.csv,J_KCW,velocity_only,False,,,0.3169409363346965,0.002177961155608944,0.022271719497628288,hz100_fixed_step_h20,FIXED_STEP
hz100_h20,100,20,linear_oscillation.csv,J_KCW,attitude_only,False,,,0.029117302296307414,0.4271718323472199,0.025551301583378965,hz100_fixed_step_h20,FIXED_STEP
hz100_h20,100,20,linear_oscillation.csv,J_KCW,body_rate_only,True,236.0,2360.0,3.873589140289795e+54,0.06286951873952923,1.2495149440054913e+55,hz100_fixed_step_h20,FIXED_STEP
hz100_h20,100,20,linear_oscillation.csv,J_KCW,velocity_attitude,False,,,1.2432317897627094,0.22269777672428934,0.02554837566824722,hz100_fixed_step_h20,FIXED_STEP
hz100_h20,100,20,linear_oscillation.csv,J_KCW,attitude_body_rate,True,433.0,4330.0,inf,0.4982588914837469,inf,hz100_fixed_step_h20,FIXED_STEP
hz100_h20,100,20,linear_oscillation.csv,J_KCW,full_recursive,True,353.0,3530.0,7.884273987960949e+58,0.7621750395908944,2.731107996678496e+59,hz100_fixed_step_h20,FIXED_STEP
hz100_h20,100,20,melon_1.csv,PF_KCW,velocity_only,True,826.0,8260.0,4.1393429468284053e+68,0.034031068445724615,9.170109007485e+68,hz100_fixed_step_h20,FIXED_STEP
hz100_h20,100,20,melon_1.csv,PF_KCW,attitude_only,False,,,0.02466075216908111,0.38699428531082725,0.02039312550726578,hz100_fixed_step_h20,FIXED_STEP
hz100_h20,100,20,melon_1.csv,PF_KCW,body_rate_only,True,368.0,3680.0,inf,0.03619002346900075,inf,hz100_fixed_step_h20,FIXED_STEP
hz100_h20,100,20,melon_1.csv,PF_KCW,velocity_attitude,True,762.0,7620.0,inf,0.6664595336672434,inf,hz100_fixed_step_h20,FIXED_STEP
hz100_h20,100,20,melon_1.csv,PF_KCW,attitude_body_rate,True,485.0,4850.0,inf,0.9187230911118943,inf,hz100_fixed_step_h20,FIXED_STEP
hz100_h20,100,20,melon_1.csv,PF_KCW,full_recursive,True,477.0,4770.0,inf,0.5621604827220474,inf,hz100_fixed_step_h20,FIXED_STEP
hz100_h20,100,20,melon_1.csv,J_KCW,velocity_only,False,,,0.953833193472845,0.0033208971144021177,0.019168935671942375,hz100_fixed_step_h20,FIXED_STEP
hz100_h20,100,20,melon_1.csv,J_KCW,attitude_only,False,,,0.026515911961928533,0.37608820993010705,0.021663122843133837,hz100_fixed_step_h20,FIXED_STEP
hz100_h20,100,20,melon_1.csv,J_KCW,body_rate_only,True,439.0,4390.0,inf,0.037997414104235995,inf,hz100_fixed_step_h20,FIXED_STEP
hz100_h20,100,20,melon_1.csv,J_KCW,velocity_attitude,True,1021.0,10210.0,3.251554031842841,0.5773265417109991,0.035539819480117425,hz100_fixed_step_h20,FIXED_STEP
hz100_h20,100,20,melon_1.csv,J_KCW,attitude_body_rate,True,639.0,6390.0,2.534720914732192e+69,0.5537338332293518,8.542690050770277e+69,hz100_fixed_step_h20,FIXED_STEP
hz100_h20,100,20,melon_1.csv,J_KCW,full_recursive,True,614.0,6140.0,inf,0.6739052142184274,inf,hz100_fixed_step_h20,FIXED_STEP
hz100_h20,100,20,melon_2.csv,PF_KCW,velocity_only,True,516.0,5160.0,2.7630871755055195e+37,0.05615559157734385,5.790957389906901e+37,hz100_fixed_step_h20,FIXED_STEP
hz100_h20,100,20,melon_2.csv,PF_KCW,attitude_only,True,1109.0,11090.0,0.02309900424540119,0.5112796200814569,0.019942831491998055,hz100_fixed_step_h20,FIXED_STEP
hz100_h20,100,20,melon_2.csv,PF_KCW,body_rate_only,True,396.0,3960.0,4.446296438780954e+110,0.03981107175923009,3.573606396030199e+110,hz100_fixed_step_h20,FIXED_STEP
hz100_h20,100,20,melon_2.csv,PF_KCW,velocity_attitude,True,483.0,4830.0,inf,0.5102914783275837,inf,hz100_fixed_step_h20,FIXED_STEP
hz100_h20,100,20,melon_2.csv,PF_KCW,attitude_body_rate,True,409.0,4090.0,9.002742133471737e+52,1.0011581861864547,7.553488105429133e+52,hz100_fixed_step_h20,FIXED_STEP
hz100_h20,100,20,melon_2.csv,PF_KCW,full_recursive,True,430.0,4300.0,1.0017309734146853e+63,0.5956056213708167,8.249535128085563e+62,hz100_fixed_step_h20,FIXED_STEP
hz100_h20,100,20,melon_2.csv,J_KCW,velocity_only,False,,,1.7259913665354967,0.004198462093994451,0.02102188000226229,hz100_fixed_step_h20,FIXED_STEP
hz100_h20,100,20,melon_2.csv,J_KCW,attitude_only,True,1045.0,10450.0,0.0289251494187093,0.5684698684883109,0.02120689795570818,hz100_fixed_step_h20,FIXED_STEP
hz100_h20,100,20,melon_2.csv,J_KCW,body_rate_only,True,642.0,6420.0,3.164104168775426e+117,0.03043912244824333,1.132687500178959e+118,hz100_fixed_step_h20,FIXED_STEP
hz100_h20,100,20,melon_2.csv,J_KCW,velocity_attitude,True,997.0,9970.0,2.7977984917904335,0.5741853468214725,0.03137471648011733,hz100_fixed_step_h20,FIXED_STEP
hz100_h20,100,20,melon_2.csv,J_KCW,attitude_body_rate,True,484.0,4840.0,9.389476408489432e+92,1.0181879957310063,3.116745463714519e+93,hz100_fixed_step_h20,FIXED_STEP
hz100_h20,100,20,melon_2.csv,J_KCW,full_recursive,True,458.0,4580.0,5.353475445690887,1.483880503985721,2.317564761913944,hz100_fixed_step_h20,FIXED_STEP
hz100_h20,100,20,race_track_1.csv,PF_KCW,velocity_only,True,251.0,2510.0,inf,0.07601879543282064,inf,hz100_fixed_step_h20,FIXED_STEP
hz100_h20,100,20,race_track_1.csv,PF_KCW,attitude_only,True,504.0,5040.0,0.10674159300763364,1.3593977041059588,0.07911506592143394,hz100_fixed_step_h20,FIXED_STEP
hz100_h20,100,20,race_track_1.csv,PF_KCW,body_rate_only,True,548.0,5480.0,inf,0.12675551582225364,inf,hz100_fixed_step_h20,FIXED_STEP
hz100_h20,100,20,race_track_1.csv,PF_KCW,velocity_attitude,True,248.0,2480.0,inf,0.5759362767211151,inf,hz100_fixed_step_h20,FIXED_STEP
hz100_h20,100,20,race_track_1.csv,PF_KCW,attitude_body_rate,True,222.0,2220.0,9.81144334934984e+56,0.5440426069013741,7.585594407311197e+56,hz100_fixed_step_h20,FIXED_STEP
hz100_h20,100,20,race_track_1.csv,PF_KCW,full_recursive,True,222.0,2220.0,inf,0.6325970979322681,inf,hz100_fixed_step_h20,FIXED_STEP
hz100_h20,100,20,race_track_1.csv,J_KCW,velocity_only,False,,,1.2308542820313804,0.008738906709773751,0.06062411273647799,hz100_fixed_step_h20,FIXED_STEP
hz100_h20,100,20,race_track_1.csv,J_KCW,attitude_only,True,1037.0,10370.0,0.0694520548993317,0.7896700952297826,0.06937179969521791,hz100_fixed_step_h20,FIXED_STEP
hz100_h20,100,20,race_track_1.csv,J_KCW,body_rate_only,True,335.0,3350.0,inf,0.039669532645678636,inf,hz100_fixed_step_h20,FIXED_STEP
hz100_h20,100,20,race_track_1.csv,J_KCW,velocity_attitude,True,498.0,4980.0,9.169305162018285,1.477314934547166,0.1301255054295337,hz100_fixed_step_h20,FIXED_STEP
hz100_h20,100,20,race_track_1.csv,J_KCW,attitude_body_rate,True,224.0,2240.0,inf,0.8223975881065104,inf,hz100_fixed_step_h20,FIXED_STEP
hz100_h20,100,20,race_track_1.csv,J_KCW,full_recursive,True,222.0,2220.0,1.5082905185552184e+68,0.911142050095773,4.731426210191855e+68,hz100_fixed_step_h20,FIXED_STEP
hz100_h20,100,20,race_track_2.csv,PF_KCW,velocity_only,True,270.0,2700.0,9.020867040063844e+34,0.0545633322482557,1.5852927797111101e+35,hz100_fixed_step_h20,FIXED_STEP
hz100_h20,100,20,race_track_2.csv,PF_KCW,attitude_only,True,499.0,4990.0,0.12918591993830875,1.4176826539637315,0.10834196706017797,hz100_fixed_step_h20,FIXED_STEP
hz100_h20,100,20,race_track_2.csv,PF_KCW,body_rate_only,True,315.0,3150.0,4.8344986185221654e+117,0.20598919001530655,3.933800198822529e+117,hz100_fixed_step_h20,FIXED_STEP
hz100_h20,100,20,race_track_2.csv,PF_KCW,velocity_attitude,True,255.0,2550.0,9.633525560665292e+126,0.574128753229334,1.3855866947698657e+127,hz100_fixed_step_h20,FIXED_STEP
hz100_h20,100,20,race_track_2.csv,PF_KCW,attitude_body_rate,True,213.0,2130.0,3.253303456445247e+52,0.5196968139245156,2.6957405204851266e+52,hz100_fixed_step_h20,FIXED_STEP
hz100_h20,100,20,race_track_2.csv,PF_KCW,full_recursive,True,204.0,2040.0,inf,0.5918789944942604,inf,hz100_fixed_step_h20,FIXED_STEP
hz100_h20,100,20,race_track_2.csv,J_KCW,velocity_only,False,,,0.9389139587939629,0.014407575019136611,0.09060213919756176,hz100_fixed_step_h20,FIXED_STEP
hz100_h20,100,20,race_track_2.csv,J_KCW,attitude_only,True,572.0,5720.0,0.09299812872547253,1.4528275437128555,0.11509295469061613,hz100_fixed_step_h20,FIXED_STEP
hz100_h20,100,20,race_track_2.csv,J_KCW,body_rate_only,True,491.0,4910.0,1.1364727040697677e+75,0.0760436093342017,3.787707889024077e+75,hz100_fixed_step_h20,FIXED_STEP
hz100_h20,100,20,race_track_2.csv,J_KCW,velocity_attitude,True,403.0,4030.0,9.026210542093708,1.5329641977870816,0.1712581477051916,hz100_fixed_step_h20,FIXED_STEP
hz100_h20,100,20,race_track_2.csv,J_KCW,attitude_body_rate,True,222.0,2220.0,1.8650694875318731e+111,0.4755710719530876,6.269954610371824e+111,hz100_fixed_step_h20,FIXED_STEP
hz100_h20,100,20,race_track_2.csv,J_KCW,full_recursive,True,219.0,2190.0,inf,0.7534288150325522,inf,hz100_fixed_step_h20,FIXED_STEP
hz100_h20,100,20,random_points.csv,PF_KCW,velocity_only,True,174.0,1740.0,2.2400806326121385e+88,0.11008247663763611,3.8082630549788364e+88,hz100_fixed_step_h20,FIXED_STEP
hz100_h20,100,20,random_points.csv,PF_KCW,attitude_only,True,450.0,4500.0,0.022626871711940433,1.7958918600317375,0.014684198093912262,hz100_fixed_step_h20,FIXED_STEP
hz100_h20,100,20,random_points.csv,PF_KCW,body_rate_only,False,,,0.01857503746739352,0.00577433377921671,0.9295963828568826,hz100_fixed_step_h20,FIXED_STEP
hz100_h20,100,20,random_points.csv,PF_KCW,velocity_attitude,True,202.0,2020.0,inf,0.683478844436121,inf,hz100_fixed_step_h20,FIXED_STEP
hz100_h20,100,20,random_points.csv,PF_KCW,attitude_body_rate,True,1007.0,10070.0,0.025654782929557664,0.8160312539295288,1.5428307689052854,hz100_fixed_step_h20,FIXED_STEP
hz100_h20,100,20,random_points.csv,PF_KCW,full_recursive,True,191.0,1910.0,inf,1.3908192193030378,inf,hz100_fixed_step_h20,FIXED_STEP
hz100_h20,100,20,random_points.csv,J_KCW,velocity_only,False,,,2.9792636250654088,0.007071653059927123,0.01976928291182551,hz100_fixed_step_h20,FIXED_STEP
hz100_h20,100,20,random_points.csv,J_KCW,attitude_only,True,597.0,5970.0,0.02457499569174404,1.4966773418317416,0.015919485479635547,hz100_fixed_step_h20,FIXED_STEP
hz100_h20,100,20,random_points.csv,J_KCW,body_rate_only,False,,,0.015065960785247601,0.010253574230213275,1.7933825650217643,hz100_fixed_step_h20,FIXED_STEP
hz100_h20,100,20,random_points.csv,J_KCW,velocity_attitude,True,298.0,2980.0,7.146459342207827,1.7390397799892159,0.08197507663380649,hz100_fixed_step_h20,FIXED_STEP
hz100_h20,100,20,random_points.csv,J_KCW,attitude_body_rate,True,536.0,5360.0,1.3336081970575825e+122,0.6344044256349374,4.444704542963439e+122,hz100_fixed_step_h20,FIXED_STEP
hz100_h20,100,20,random_points.csv,J_KCW,full_recursive,True,339.0,3390.0,5.442333816296164,1.4883030165828863,1.62136446101018,hz100_fixed_step_h20,FIXED_STEP
hz100_h20,100,20,slanted_circle_1.csv,PF_KCW,velocity_only,True,142.0,1420.0,2.956213162073483e+123,0.14149133781206014,5.359985468148875e+123,hz100_fixed_step_h20,FIXED_STEP
hz100_h20,100,20,slanted_circle_1.csv,PF_KCW,attitude_only,True,567.0,5670.0,0.019310793402303024,1.5454459178157685,0.01305770835338997,hz100_fixed_step_h20,FIXED_STEP
hz100_h20,100,20,slanted_circle_1.csv,PF_KCW,body_rate_only,False,,,0.023274811930624747,0.007338911971232962,1.3268700096107333,hz100_fixed_step_h20,FIXED_STEP
hz100_h20,100,20,slanted_circle_1.csv,PF_KCW,velocity_attitude,True,148.0,1480.0,6.792531867760788e+95,0.45005324035594874,1.2746403217009222e+96,hz100_fixed_step_h20,FIXED_STEP
hz100_h20,100,20,slanted_circle_1.csv,PF_KCW,attitude_body_rate,True,580.0,5800.0,0.20598007947295702,1.3640887548803444,3.0907576861847805,hz100_fixed_step_h20,FIXED_STEP
hz100_h20,100,20,slanted_circle_1.csv,PF_KCW,full_recursive,True,162.0,1620.0,2.4455316822990585e+99,1.397523974144977,1.928848131436997e+99,hz100_fixed_step_h20,FIXED_STEP
hz100_h20,100,20,slanted_circle_1.csv,J_KCW,velocity_only,False,,,4.771664978221461,0.009997309042321897,0.02369675694436452,hz100_fixed_step_h20,FIXED_STEP
hz100_h20,100,20,slanted_circle_1.csv,J_KCW,attitude_only,False,,,0.018485697731892032,0.2817558013205392,0.011632151122365085,hz100_fixed_step_h20,FIXED_STEP
hz100_h20,100,20,slanted_circle_1.csv,J_KCW,body_rate_only,False,,,0.029422390882995503,0.016387963274849905,2.7007400669597934,hz100_fixed_step_h20,FIXED_STEP
hz100_h20,100,20,slanted_circle_1.csv,J_KCW,velocity_attitude,True,483.0,4830.0,10.695945868088316,1.4310318884451214,0.23373605598279648,hz100_fixed_step_h20,FIXED_STEP
hz100_h20,100,20,slanted_circle_1.csv,J_KCW,attitude_body_rate,True,313.0,3130.0,4.125512646455462e+106,0.7603199193261746,1.4822367728550797e+107,hz100_fixed_step_h20,FIXED_STEP
hz100_h20,100,20,slanted_circle_1.csv,J_KCW,full_recursive,True,488.0,4880.0,4.760447523084381,1.459522458191423,1.531644603585984,hz100_fixed_step_h20,FIXED_STEP
hz100_h20,100,20,slanted_circle_2.csv,PF_KCW,velocity_only,True,125.0,1250.0,inf,0.079864301936208,inf,hz100_fixed_step_h20,FIXED_STEP
hz100_h20,100,20,slanted_circle_2.csv,PF_KCW,attitude_only,True,450.0,4500.0,0.041916984376345924,1.6379620633609489,0.020979518898139114,hz100_fixed_step_h20,FIXED_STEP
hz100_h20,100,20,slanted_circle_2.csv,PF_KCW,body_rate_only,False,,,0.03223977201177914,0.014367669549261117,1.4091938648349254,hz100_fixed_step_h20,FIXED_STEP
hz100_h20,100,20,slanted_circle_2.csv,PF_KCW,velocity_attitude,True,131.0,1310.0,2.071645242682399e+39,0.41385596121441465,3.8765352993516357e+39,hz100_fixed_step_h20,FIXED_STEP
hz100_h20,100,20,slanted_circle_2.csv,PF_KCW,attitude_body_rate,True,327.0,3270.0,inf,1.380369704994471,inf,hz100_fixed_step_h20,FIXED_STEP
hz100_h20,100,20,slanted_circle_2.csv,PF_KCW,full_recursive,True,127.0,1270.0,8.820049041261088e+91,0.7746952054971858,7.059202388752753e+91,hz100_fixed_step_h20,FIXED_STEP
hz100_h20,100,20,slanted_circle_2.csv,J_KCW,velocity_only,False,,,1.7173172483150208,0.0066137492860296855,0.01687860906980996,hz100_fixed_step_h20,FIXED_STEP
hz100_h20,100,20,slanted_circle_2.csv,J_KCW,attitude_only,True,550.0,5500.0,0.034431940372828526,1.539239847979089,0.019316141880992687,hz100_fixed_step_h20,FIXED_STEP
hz100_h20,100,20,slanted_circle_2.csv,J_KCW,body_rate_only,False,,,0.050635445613992254,0.013082058737843315,1.8062932803104472,hz100_fixed_step_h20,FIXED_STEP
hz100_h20,100,20,slanted_circle_2.csv,J_KCW,velocity_attitude,True,426.0,4260.0,7.775087290995487,1.4936015313699722,0.07295173187943928,hz100_fixed_step_h20,FIXED_STEP
hz100_h20,100,20,slanted_circle_2.csv,J_KCW,attitude_body_rate,True,411.0,4110.0,3.330863412910561e+45,1.4107917516117967,1.15946258034143e+46,hz100_fixed_step_h20,FIXED_STEP
hz100_h20,100,20,slanted_circle_2.csv,J_KCW,full_recursive,True,374.0,3740.0,inf,1.2702069613515017,inf,hz100_fixed_step_h20,FIXED_STEP
hz100_h20,100,20,ellipse.csv,PF_KCW,velocity_only,True,383.0,3830.0,1.9056279118127725e+64,0.07267003986301002,6.346407092676496e+64,hz100_fixed_time_h20,FIXED_TIME
hz100_h20,100,20,ellipse.csv,PF_KCW,attitude_only,True,711.0,7110.0,0.07518053893917101,1.2126768994197537,0.040868711486876104,hz100_fixed_time_h20,FIXED_TIME
hz100_h20,100,20,ellipse.csv,PF_KCW,body_rate_only,True,283.0,2830.0,inf,0.04349249388505446,inf,hz100_fixed_time_h20,FIXED_TIME
hz100_h20,100,20,ellipse.csv,PF_KCW,velocity_attitude,True,433.0,4330.0,1.2700916557490988e+99,0.6423125556823341,2.35217695754611e+99,hz100_fixed_time_h20,FIXED_TIME
hz100_h20,100,20,ellipse.csv,PF_KCW,attitude_body_rate,True,394.0,3940.0,1.2990895942647953e+141,0.9711048518576706,1.0817951383646493e+141,hz100_fixed_time_h20,FIXED_TIME
hz100_h20,100,20,ellipse.csv,PF_KCW,full_recursive,True,501.0,5010.0,6.308676305004254e+74,0.7085804978461847,5.059552973009347e+74,hz100_fixed_time_h20,FIXED_TIME
hz100_h20,100,20,ellipse.csv,J_KCW,velocity_only,False,,,1.968803904909286,0.007656153852598073,0.0314337586059932,hz100_fixed_time_h20,FIXED_TIME
hz100_h20,100,20,ellipse.csv,J_KCW,attitude_only,True,806.0,8060.0,0.07011793483368434,1.102501400928266,0.03899142405330268,hz100_fixed_time_h20,FIXED_TIME
hz100_h20,100,20,ellipse.csv,J_KCW,body_rate_only,True,288.0,2880.0,1.480453283152186e+128,0.04834668927899096,3.3733478836808537e+127,hz100_fixed_time_h20,FIXED_TIME
hz100_h20,100,20,ellipse.csv,J_KCW,velocity_attitude,True,948.0,9480.0,4.326778061164426,0.634149041489081,0.07090984923180745,hz100_fixed_time_h20,FIXED_TIME
hz100_h20,100,20,ellipse.csv,J_KCW,attitude_body_rate,True,485.0,4850.0,5.195466630800452e+57,1.1975334761063374,1.733942155730612e+58,hz100_fixed_time_h20,FIXED_TIME
hz100_h20,100,20,ellipse.csv,J_KCW,full_recursive,True,460.0,4600.0,3.2355090851023076e+33,1.0646163933745392,1.1341169489852075e+34,hz100_fixed_time_h20,FIXED_TIME
hz100_h20,100,20,lemniscate_1.csv,PF_KCW,velocity_only,True,478.0,4780.0,2.761213564921427e+39,0.05926316794407888,6.256971891191882e+39,hz100_fixed_time_h20,FIXED_TIME
hz100_h20,100,20,lemniscate_1.csv,PF_KCW,attitude_only,False,,,0.02595417419615512,0.30548484115681096,0.01887511461596343,hz100_fixed_time_h20,FIXED_TIME
hz100_h20,100,20,lemniscate_1.csv,PF_KCW,body_rate_only,True,518.0,5180.0,inf,0.02318271835988701,inf,hz100_fixed_time_h20,FIXED_TIME
hz100_h20,100,20,lemniscate_1.csv,PF_KCW,velocity_attitude,True,386.0,3860.0,inf,0.6567762623240966,inf,hz100_fixed_time_h20,FIXED_TIME
hz100_h20,100,20,lemniscate_1.csv,PF_KCW,attitude_body_rate,True,409.0,4090.0,0.05439515313328336,1.4055092464723256,1.9448372232115718,hz100_fixed_time_h20,FIXED_TIME
hz100_h20,100,20,lemniscate_1.csv,PF_KCW,full_recursive,True,401.0,4010.0,1.3862715346358787e+110,0.9750846632807263,2.1160536160944794e+110,hz100_fixed_time_h20,FIXED_TIME
hz100_h20,100,20,lemniscate_1.csv,J_KCW,velocity_only,False,,,0.8820927011996502,0.0006953271185073508,0.01209210143916039,hz100_fixed_time_h20,FIXED_TIME
hz100_h20,100,20,lemniscate_1.csv,J_KCW,attitude_only,False,,,0.01035617383210782,0.15117311587132448,0.01245371183305019,hz100_fixed_time_h20,FIXED_TIME
hz100_h20,100,20,lemniscate_1.csv,J_KCW,body_rate_only,True,472.0,4720.0,inf,0.029542531023106076,inf,hz100_fixed_time_h20,FIXED_TIME
hz100_h20,100,20,lemniscate_1.csv,J_KCW,velocity_attitude,False,,,1.183578419189292,0.17105901508382707,0.013315821412751316,hz100_fixed_time_h20,FIXED_TIME
hz100_h20,100,20,lemniscate_1.csv,J_KCW,attitude_body_rate,True,448.0,4480.0,3.4979134044620744e+52,1.0952392349797166,1.2229183137663195e+53,hz100_fixed_time_h20,FIXED_TIME
hz100_h20,100,20,lemniscate_1.csv,J_KCW,full_recursive,True,461.0,4610.0,2.0520020026802663e+40,0.8934191515525384,6.924284116015348e+40,hz100_fixed_time_h20,FIXED_TIME
hz100_h20,100,20,lemniscate_2.csv,PF_KCW,velocity_only,True,496.0,4960.0,inf,0.09153079191109159,inf,hz100_fixed_time_h20,FIXED_TIME
hz100_h20,100,20,lemniscate_2.csv,PF_KCW,attitude_only,False,,,0.022341418866135918,0.3312727974559536,0.017537929860174065,hz100_fixed_time_h20,FIXED_TIME
hz100_h20,100,20,lemniscate_2.csv,PF_KCW,body_rate_only,True,614.0,6140.0,inf,0.020343142314651334,inf,hz100_fixed_time_h20,FIXED_TIME
hz100_h20,100,20,lemniscate_2.csv,PF_KCW,velocity_attitude,True,456.0,4560.0,9.698721444706854e+96,0.4988842407426102,6.355463753191068e+97,hz100_fixed_time_h20,FIXED_TIME
hz100_h20,100,20,lemniscate_2.csv,PF_KCW,attitude_body_rate,True,440.0,4400.0,0.08009419079777004,1.6439470115328114,2.086324504004046,hz100_fixed_time_h20,FIXED_TIME
hz100_h20,100,20,lemniscate_2.csv,PF_KCW,full_recursive,True,357.0,3570.0,inf,0.1440182627884533,inf,hz100_fixed_time_h20,FIXED_TIME
hz100_h20,100,20,lemniscate_2.csv,J_KCW,velocity_only,False,,,0.438172568256279,0.0017497069486637463,0.015234464446451657,hz100_fixed_time_h20,FIXED_TIME
hz100_h20,100,20,lemniscate_2.csv,J_KCW,attitude_only,False,,,0.01267070576801454,0.1648256758849197,0.015973182277223382,hz100_fixed_time_h20,FIXED_TIME
hz100_h20,100,20,lemniscate_2.csv,J_KCW,body_rate_only,True,535.0,5350.0,3.326066453675187e+112,0.025276853508733075,1.0637834201310027e+113,hz100_fixed_time_h20,FIXED_TIME
hz100_h20,100,20,lemniscate_2.csv,J_KCW,velocity_attitude,False,,,1.6031051238942935,0.20131944221967035,0.021093762357763144,hz100_fixed_time_h20,FIXED_TIME
hz100_h20,100,20,lemniscate_2.csv,J_KCW,attitude_body_rate,True,406.0,4060.0,5.484931470601319e+122,1.439234714857042,1.7433490202750695e+123,hz100_fixed_time_h20,FIXED_TIME
hz100_h20,100,20,lemniscate_2.csv,J_KCW,full_recursive,True,391.0,3910.0,4.468781788195387,1.2452434096407077,1.5014919680169652,hz100_fixed_time_h20,FIXED_TIME
hz100_h20,100,20,lemniscate_3.csv,PF_KCW,velocity_only,True,397.0,3970.0,1.0039828860295932e+46,0.15730463527014726,1.8410033330863592e+46,hz100_fixed_time_h20,FIXED_TIME
hz100_h20,100,20,lemniscate_3.csv,PF_KCW,attitude_only,True,730.0,7300.0,0.09894458640378467,1.1159496428896063,0.0830169457708115,hz100_fixed_time_h20,FIXED_TIME
hz100_h20,100,20,lemniscate_3.csv,PF_KCW,body_rate_only,True,286.0,2860.0,2.194235472754059e+146,0.044869358289172975,2.0204222640184127e+146,hz100_fixed_time_h20,FIXED_TIME
hz100_h20,100,20,lemniscate_3.csv,PF_KCW,velocity_attitude,True,357.0,3570.0,inf,0.3009676376000943,inf,hz100_fixed_time_h20,FIXED_TIME
hz100_h20,100,20,lemniscate_3.csv,PF_KCW,attitude_body_rate,True,336.0,3360.0,2.2995682812383244e+89,0.3316624775228246,4.127863507011202e+89,hz100_fixed_time_h20,FIXED_TIME
hz100_h20,100,20,lemniscate_3.csv,PF_KCW,full_recursive,True,331.0,3310.0,1.9650827060149833e+95,0.401363535005931,1.5706701277547863e+95,hz100_fixed_time_h20,FIXED_TIME
hz100_h20,100,20,lemniscate_3.csv,J_KCW,velocity_only,False,,,1.0225056410219258,0.010657887826779164,0.06654736190188192,hz100_fixed_time_h20,FIXED_TIME
hz100_h20,100,20,lemniscate_3.csv,J_KCW,attitude_only,True,788.0,7880.0,0.053431212719993584,0.8921487753351058,0.07421220643522726,hz100_fixed_time_h20,FIXED_TIME
hz100_h20,100,20,lemniscate_3.csv,J_KCW,body_rate_only,True,411.0,4110.0,2.483331361521353e+111,0.053558943725664734,8.124084338949346e+111,hz100_fixed_time_h20,FIXED_TIME
hz100_h20,100,20,lemniscate_3.csv,J_KCW,velocity_attitude,True,586.0,5860.0,8.025079871143891,1.2966852109790694,0.15003389049741273,hz100_fixed_time_h20,FIXED_TIME
hz100_h20,100,20,lemniscate_3.csv,J_KCW,attitude_body_rate,True,335.0,3350.0,2.9895021720748644e+45,0.38834491953818834,1.0224085363454477e+46,hz100_fixed_time_h20,FIXED_TIME
hz100_h20,100,20,lemniscate_3.csv,J_KCW,full_recursive,True,310.0,3100.0,8.519717011496668e+141,0.34838231416625165,2.6521918740658953e+142,hz100_fixed_time_h20,FIXED_TIME
hz100_h20,100,20,linear_oscillation.csv,PF_KCW,velocity_only,True,390.0,3900.0,1.0267150105884171e+52,0.057153151804812924,2.1559298015777946e+52,hz100_fixed_time_h20,FIXED_TIME
hz100_h20,100,20,linear_oscillation.csv,PF_KCW,attitude_only,False,,,0.0463781933187439,0.657738245430959,0.03293165826495246,hz100_fixed_time_h20,FIXED_TIME
hz100_h20,100,20,linear_oscillation.csv,PF_KCW,body_rate_only,True,244.0,2440.0,inf,0.05005469221185583,inf,hz100_fixed_time_h20,FIXED_TIME
hz100_h20,100,20,linear_oscillation.csv,PF_KCW,velocity_attitude,True,377.0,3770.0,3.0953676765159876e+95,0.6471354518329612,3.822534841048989e+95,hz100_fixed_time_h20,FIXED_TIME
hz100_h20,100,20,linear_oscillation.csv,PF_KCW,attitude_body_rate,True,430.0,4300.0,2.102799415797604e+136,1.332312104351108,3.750425295657447e+136,hz100_fixed_time_h20,FIXED_TIME
hz100_h20,100,20,linear_oscillation.csv,PF_KCW,full_recursive,True,569.0,5690.0,1.2952317029787012e+53,0.8431312298950732,1.0763836808391035e+53,hz100_fixed_time_h20,FIXED_TIME
hz100_h20,100,20,linear_oscillation.csv,J_KCW,velocity_only,False,,,0.3169409363346965,0.002177961155608944,0.022271719497628288,hz100_fixed_time_h20,FIXED_TIME
hz100_h20,100,20,linear_oscillation.csv,J_KCW,attitude_only,False,,,0.029117302296307414,0.4271718323472199,0.025551301583378965,hz100_fixed_time_h20,FIXED_TIME
hz100_h20,100,20,linear_oscillation.csv,J_KCW,body_rate_only,True,236.0,2360.0,3.873589140289795e+54,0.06286951873952923,1.2495149440054913e+55,hz100_fixed_time_h20,FIXED_TIME
hz100_h20,100,20,linear_oscillation.csv,J_KCW,velocity_attitude,False,,,1.2432317897627094,0.22269777672428934,0.02554837566824722,hz100_fixed_time_h20,FIXED_TIME
hz100_h20,100,20,linear_oscillation.csv,J_KCW,attitude_body_rate,True,433.0,4330.0,inf,0.4982588914837469,inf,hz100_fixed_time_h20,FIXED_TIME
hz100_h20,100,20,linear_oscillation.csv,J_KCW,full_recursive,True,353.0,3530.0,7.884273987960949e+58,0.7621750395908944,2.731107996678496e+59,hz100_fixed_time_h20,FIXED_TIME
hz100_h20,100,20,melon_1.csv,PF_KCW,velocity_only,True,826.0,8260.0,4.1393429468284053e+68,0.034031068445724615,9.170109007485e+68,hz100_fixed_time_h20,FIXED_TIME
hz100_h20,100,20,melon_1.csv,PF_KCW,attitude_only,False,,,0.02466075216908111,0.38699428531082725,0.02039312550726578,hz100_fixed_time_h20,FIXED_TIME
hz100_h20,100,20,melon_1.csv,PF_KCW,body_rate_only,True,368.0,3680.0,inf,0.03619002346900075,inf,hz100_fixed_time_h20,FIXED_TIME
hz100_h20,100,20,melon_1.csv,PF_KCW,velocity_attitude,True,762.0,7620.0,inf,0.6664595336672434,inf,hz100_fixed_time_h20,FIXED_TIME
hz100_h20,100,20,melon_1.csv,PF_KCW,attitude_body_rate,True,485.0,4850.0,inf,0.9187230911118943,inf,hz100_fixed_time_h20,FIXED_TIME
hz100_h20,100,20,melon_1.csv,PF_KCW,full_recursive,True,477.0,4770.0,inf,0.5621604827220474,inf,hz100_fixed_time_h20,FIXED_TIME
hz100_h20,100,20,melon_1.csv,J_KCW,velocity_only,False,,,0.953833193472845,0.0033208971144021177,0.019168935671942375,hz100_fixed_time_h20,FIXED_TIME
hz100_h20,100,20,melon_1.csv,J_KCW,attitude_only,False,,,0.026515911961928533,0.37608820993010705,0.021663122843133837,hz100_fixed_time_h20,FIXED_TIME
hz100_h20,100,20,melon_1.csv,J_KCW,body_rate_only,True,439.0,4390.0,inf,0.037997414104235995,inf,hz100_fixed_time_h20,FIXED_TIME
hz100_h20,100,20,melon_1.csv,J_KCW,velocity_attitude,True,1021.0,10210.0,3.251554031842841,0.5773265417109991,0.035539819480117425,hz100_fixed_time_h20,FIXED_TIME
hz100_h20,100,20,melon_1.csv,J_KCW,attitude_body_rate,True,639.0,6390.0,2.534720914732192e+69,0.5537338332293518,8.542690050770277e+69,hz100_fixed_time_h20,FIXED_TIME
hz100_h20,100,20,melon_1.csv,J_KCW,full_recursive,True,614.0,6140.0,inf,0.6739052142184274,inf,hz100_fixed_time_h20,FIXED_TIME
hz100_h20,100,20,melon_2.csv,PF_KCW,velocity_only,True,516.0,5160.0,2.7630871755055195e+37,0.05615559157734385,5.790957389906901e+37,hz100_fixed_time_h20,FIXED_TIME
hz100_h20,100,20,melon_2.csv,PF_KCW,attitude_only,True,1109.0,11090.0,0.02309900424540119,0.5112796200814569,0.019942831491998055,hz100_fixed_time_h20,FIXED_TIME
hz100_h20,100,20,melon_2.csv,PF_KCW,body_rate_only,True,396.0,3960.0,4.446296438780954e+110,0.03981107175923009,3.573606396030199e+110,hz100_fixed_time_h20,FIXED_TIME
hz100_h20,100,20,melon_2.csv,PF_KCW,velocity_attitude,True,483.0,4830.0,inf,0.5102914783275837,inf,hz100_fixed_time_h20,FIXED_TIME
hz100_h20,100,20,melon_2.csv,PF_KCW,attitude_body_rate,True,409.0,4090.0,9.002742133471737e+52,1.0011581861864547,7.553488105429133e+52,hz100_fixed_time_h20,FIXED_TIME
hz100_h20,100,20,melon_2.csv,PF_KCW,full_recursive,True,430.0,4300.0,1.0017309734146853e+63,0.5956056213708167,8.249535128085563e+62,hz100_fixed_time_h20,FIXED_TIME
hz100_h20,100,20,melon_2.csv,J_KCW,velocity_only,False,,,1.7259913665354967,0.004198462093994451,0.02102188000226229,hz100_fixed_time_h20,FIXED_TIME
hz100_h20,100,20,melon_2.csv,J_KCW,attitude_only,True,1045.0,10450.0,0.0289251494187093,0.5684698684883109,0.02120689795570818,hz100_fixed_time_h20,FIXED_TIME
hz100_h20,100,20,melon_2.csv,J_KCW,body_rate_only,True,642.0,6420.0,3.164104168775426e+117,0.03043912244824333,1.132687500178959e+118,hz100_fixed_time_h20,FIXED_TIME
hz100_h20,100,20,melon_2.csv,J_KCW,velocity_attitude,True,997.0,9970.0,2.7977984917904335,0.5741853468214725,0.03137471648011733,hz100_fixed_time_h20,FIXED_TIME
hz100_h20,100,20,melon_2.csv,J_KCW,attitude_body_rate,True,484.0,4840.0,9.389476408489432e+92,1.0181879957310063,3.116745463714519e+93,hz100_fixed_time_h20,FIXED_TIME
hz100_h20,100,20,melon_2.csv,J_KCW,full_recursive,True,458.0,4580.0,5.353475445690887,1.483880503985721,2.317564761913944,hz100_fixed_time_h20,FIXED_TIME
hz100_h20,100,20,race_track_1.csv,PF_KCW,velocity_only,True,251.0,2510.0,inf,0.07601879543282064,inf,hz100_fixed_time_h20,FIXED_TIME
hz100_h20,100,20,race_track_1.csv,PF_KCW,attitude_only,True,504.0,5040.0,0.10674159300763364,1.3593977041059588,0.07911506592143394,hz100_fixed_time_h20,FIXED_TIME
hz100_h20,100,20,race_track_1.csv,PF_KCW,body_rate_only,True,548.0,5480.0,inf,0.12675551582225364,inf,hz100_fixed_time_h20,FIXED_TIME
hz100_h20,100,20,race_track_1.csv,PF_KCW,velocity_attitude,True,248.0,2480.0,inf,0.5759362767211151,inf,hz100_fixed_time_h20,FIXED_TIME
hz100_h20,100,20,race_track_1.csv,PF_KCW,attitude_body_rate,True,222.0,2220.0,9.81144334934984e+56,0.5440426069013741,7.585594407311197e+56,hz100_fixed_time_h20,FIXED_TIME
hz100_h20,100,20,race_track_1.csv,PF_KCW,full_recursive,True,222.0,2220.0,inf,0.6325970979322681,inf,hz100_fixed_time_h20,FIXED_TIME
hz100_h20,100,20,race_track_1.csv,J_KCW,velocity_only,False,,,1.2308542820313804,0.008738906709773751,0.06062411273647799,hz100_fixed_time_h20,FIXED_TIME
hz100_h20,100,20,race_track_1.csv,J_KCW,attitude_only,True,1037.0,10370.0,0.0694520548993317,0.7896700952297826,0.06937179969521791,hz100_fixed_time_h20,FIXED_TIME
hz100_h20,100,20,race_track_1.csv,J_KCW,body_rate_only,True,335.0,3350.0,inf,0.039669532645678636,inf,hz100_fixed_time_h20,FIXED_TIME
hz100_h20,100,20,race_track_1.csv,J_KCW,velocity_attitude,True,498.0,4980.0,9.169305162018285,1.477314934547166,0.1301255054295337,hz100_fixed_time_h20,FIXED_TIME
hz100_h20,100,20,race_track_1.csv,J_KCW,attitude_body_rate,True,224.0,2240.0,inf,0.8223975881065104,inf,hz100_fixed_time_h20,FIXED_TIME
hz100_h20,100,20,race_track_1.csv,J_KCW,full_recursive,True,222.0,2220.0,1.5082905185552184e+68,0.911142050095773,4.731426210191855e+68,hz100_fixed_time_h20,FIXED_TIME
hz100_h20,100,20,race_track_2.csv,PF_KCW,velocity_only,True,270.0,2700.0,9.020867040063844e+34,0.0545633322482557,1.5852927797111101e+35,hz100_fixed_time_h20,FIXED_TIME
hz100_h20,100,20,race_track_2.csv,PF_KCW,attitude_only,True,499.0,4990.0,0.12918591993830875,1.4176826539637315,0.10834196706017797,hz100_fixed_time_h20,FIXED_TIME
hz100_h20,100,20,race_track_2.csv,PF_KCW,body_rate_only,True,315.0,3150.0,4.8344986185221654e+117,0.20598919001530655,3.933800198822529e+117,hz100_fixed_time_h20,FIXED_TIME
hz100_h20,100,20,race_track_2.csv,PF_KCW,velocity_attitude,True,255.0,2550.0,9.633525560665292e+126,0.574128753229334,1.3855866947698657e+127,hz100_fixed_time_h20,FIXED_TIME
hz100_h20,100,20,race_track_2.csv,PF_KCW,attitude_body_rate,True,213.0,2130.0,3.253303456445247e+52,0.5196968139245156,2.6957405204851266e+52,hz100_fixed_time_h20,FIXED_TIME
hz100_h20,100,20,race_track_2.csv,PF_KCW,full_recursive,True,204.0,2040.0,inf,0.5918789944942604,inf,hz100_fixed_time_h20,FIXED_TIME
hz100_h20,100,20,race_track_2.csv,J_KCW,velocity_only,False,,,0.9389139587939629,0.014407575019136611,0.09060213919756176,hz100_fixed_time_h20,FIXED_TIME
hz100_h20,100,20,race_track_2.csv,J_KCW,attitude_only,True,572.0,5720.0,0.09299812872547253,1.4528275437128555,0.11509295469061613,hz100_fixed_time_h20,FIXED_TIME
hz100_h20,100,20,race_track_2.csv,J_KCW,body_rate_only,True,491.0,4910.0,1.1364727040697677e+75,0.0760436093342017,3.787707889024077e+75,hz100_fixed_time_h20,FIXED_TIME
hz100_h20,100,20,race_track_2.csv,J_KCW,velocity_attitude,True,403.0,4030.0,9.026210542093708,1.5329641977870816,0.1712581477051916,hz100_fixed_time_h20,FIXED_TIME
hz100_h20,100,20,race_track_2.csv,J_KCW,attitude_body_rate,True,222.0,2220.0,1.8650694875318731e+111,0.4755710719530876,6.269954610371824e+111,hz100_fixed_time_h20,FIXED_TIME
hz100_h20,100,20,race_track_2.csv,J_KCW,full_recursive,True,219.0,2190.0,inf,0.7534288150325522,inf,hz100_fixed_time_h20,FIXED_TIME
hz100_h20,100,20,random_points.csv,PF_KCW,velocity_only,True,174.0,1740.0,2.2400806326121385e+88,0.11008247663763611,3.8082630549788364e+88,hz100_fixed_time_h20,FIXED_TIME
hz100_h20,100,20,random_points.csv,PF_KCW,attitude_only,True,450.0,4500.0,0.022626871711940433,1.7958918600317375,0.014684198093912262,hz100_fixed_time_h20,FIXED_TIME
hz100_h20,100,20,random_points.csv,PF_KCW,body_rate_only,False,,,0.01857503746739352,0.00577433377921671,0.9295963828568826,hz100_fixed_time_h20,FIXED_TIME
hz100_h20,100,20,random_points.csv,PF_KCW,velocity_attitude,True,202.0,2020.0,inf,0.683478844436121,inf,hz100_fixed_time_h20,FIXED_TIME
hz100_h20,100,20,random_points.csv,PF_KCW,attitude_body_rate,True,1007.0,10070.0,0.025654782929557664,0.8160312539295288,1.5428307689052854,hz100_fixed_time_h20,FIXED_TIME
hz100_h20,100,20,random_points.csv,PF_KCW,full_recursive,True,191.0,1910.0,inf,1.3908192193030378,inf,hz100_fixed_time_h20,FIXED_TIME
hz100_h20,100,20,random_points.csv,J_KCW,velocity_only,False,,,2.9792636250654088,0.007071653059927123,0.01976928291182551,hz100_fixed_time_h20,FIXED_TIME
hz100_h20,100,20,random_points.csv,J_KCW,attitude_only,True,597.0,5970.0,0.02457499569174404,1.4966773418317416,0.015919485479635547,hz100_fixed_time_h20,FIXED_TIME
hz100_h20,100,20,random_points.csv,J_KCW,body_rate_only,False,,,0.015065960785247601,0.010253574230213275,1.7933825650217643,hz100_fixed_time_h20,FIXED_TIME
hz100_h20,100,20,random_points.csv,J_KCW,velocity_attitude,True,298.0,2980.0,7.146459342207827,1.7390397799892159,0.08197507663380649,hz100_fixed_time_h20,FIXED_TIME
hz100_h20,100,20,random_points.csv,J_KCW,attitude_body_rate,True,536.0,5360.0,1.3336081970575825e+122,0.6344044256349374,4.444704542963439e+122,hz100_fixed_time_h20,FIXED_TIME
hz100_h20,100,20,random_points.csv,J_KCW,full_recursive,True,339.0,3390.0,5.442333816296164,1.4883030165828863,1.62136446101018,hz100_fixed_time_h20,FIXED_TIME
hz100_h20,100,20,slanted_circle_1.csv,PF_KCW,velocity_only,True,142.0,1420.0,2.956213162073483e+123,0.14149133781206014,5.359985468148875e+123,hz100_fixed_time_h20,FIXED_TIME
hz100_h20,100,20,slanted_circle_1.csv,PF_KCW,attitude_only,True,567.0,5670.0,0.019310793402303024,1.5454459178157685,0.01305770835338997,hz100_fixed_time_h20,FIXED_TIME
hz100_h20,100,20,slanted_circle_1.csv,PF_KCW,body_rate_only,False,,,0.023274811930624747,0.007338911971232962,1.3268700096107333,hz100_fixed_time_h20,FIXED_TIME
hz100_h20,100,20,slanted_circle_1.csv,PF_KCW,velocity_attitude,True,148.0,1480.0,6.792531867760788e+95,0.45005324035594874,1.2746403217009222e+96,hz100_fixed_time_h20,FIXED_TIME
hz100_h20,100,20,slanted_circle_1.csv,PF_KCW,attitude_body_rate,True,580.0,5800.0,0.20598007947295702,1.3640887548803444,3.0907576861847805,hz100_fixed_time_h20,FIXED_TIME
hz100_h20,100,20,slanted_circle_1.csv,PF_KCW,full_recursive,True,162.0,1620.0,2.4455316822990585e+99,1.397523974144977,1.928848131436997e+99,hz100_fixed_time_h20,FIXED_TIME
hz100_h20,100,20,slanted_circle_1.csv,J_KCW,velocity_only,False,,,4.771664978221461,0.009997309042321897,0.02369675694436452,hz100_fixed_time_h20,FIXED_TIME
hz100_h20,100,20,slanted_circle_1.csv,J_KCW,attitude_only,False,,,0.018485697731892032,0.2817558013205392,0.011632151122365085,hz100_fixed_time_h20,FIXED_TIME
hz100_h20,100,20,slanted_circle_1.csv,J_KCW,body_rate_only,False,,,0.029422390882995503,0.016387963274849905,2.7007400669597934,hz100_fixed_time_h20,FIXED_TIME
hz100_h20,100,20,slanted_circle_1.csv,J_KCW,velocity_attitude,True,483.0,4830.0,10.695945868088316,1.4310318884451214,0.23373605598279648,hz100_fixed_time_h20,FIXED_TIME
hz100_h20,100,20,slanted_circle_1.csv,J_KCW,attitude_body_rate,True,313.0,3130.0,4.125512646455462e+106,0.7603199193261746,1.4822367728550797e+107,hz100_fixed_time_h20,FIXED_TIME
hz100_h20,100,20,slanted_circle_1.csv,J_KCW,full_recursive,True,488.0,4880.0,4.760447523084381,1.459522458191423,1.531644603585984,hz100_fixed_time_h20,FIXED_TIME
hz100_h20,100,20,slanted_circle_2.csv,PF_KCW,velocity_only,True,125.0,1250.0,inf,0.079864301936208,inf,hz100_fixed_time_h20,FIXED_TIME
hz100_h20,100,20,slanted_circle_2.csv,PF_KCW,attitude_only,True,450.0,4500.0,0.041916984376345924,1.6379620633609489,0.020979518898139114,hz100_fixed_time_h20,FIXED_TIME
hz100_h20,100,20,slanted_circle_2.csv,PF_KCW,body_rate_only,False,,,0.03223977201177914,0.014367669549261117,1.4091938648349254,hz100_fixed_time_h20,FIXED_TIME
hz100_h20,100,20,slanted_circle_2.csv,PF_KCW,velocity_attitude,True,131.0,1310.0,2.071645242682399e+39,0.41385596121441465,3.8765352993516357e+39,hz100_fixed_time_h20,FIXED_TIME
hz100_h20,100,20,slanted_circle_2.csv,PF_KCW,attitude_body_rate,True,327.0,3270.0,inf,1.380369704994471,inf,hz100_fixed_time_h20,FIXED_TIME
hz100_h20,100,20,slanted_circle_2.csv,PF_KCW,full_recursive,True,127.0,1270.0,8.820049041261088e+91,0.7746952054971858,7.059202388752753e+91,hz100_fixed_time_h20,FIXED_TIME
hz100_h20,100,20,slanted_circle_2.csv,J_KCW,velocity_only,False,,,1.7173172483150208,0.0066137492860296855,0.01687860906980996,hz100_fixed_time_h20,FIXED_TIME
hz100_h20,100,20,slanted_circle_2.csv,J_KCW,attitude_only,True,550.0,5500.0,0.034431940372828526,1.539239847979089,0.019316141880992687,hz100_fixed_time_h20,FIXED_TIME
hz100_h20,100,20,slanted_circle_2.csv,J_KCW,body_rate_only,False,,,0.050635445613992254,0.013082058737843315,1.8062932803104472,hz100_fixed_time_h20,FIXED_TIME
hz100_h20,100,20,slanted_circle_2.csv,J_KCW,velocity_attitude,True,426.0,4260.0,7.775087290995487,1.4936015313699722,0.07295173187943928,hz100_fixed_time_h20,FIXED_TIME
hz100_h20,100,20,slanted_circle_2.csv,J_KCW,attitude_body_rate,True,411.0,4110.0,3.330863412910561e+45,1.4107917516117967,1.15946258034143e+46,hz100_fixed_time_h20,FIXED_TIME
hz100_h20,100,20,slanted_circle_2.csv,J_KCW,full_recursive,True,374.0,3740.0,inf,1.2702069613515017,inf,hz100_fixed_time_h20,FIXED_TIME
hz200_h20,200,20,ellipse.csv,PF_KCW,velocity_only,True,834.0,4170.0,101.16622645974775,0.847531841941485,6.992601734500016,hz200_fixed_step_h20,FIXED_STEP
hz200_h20,200,20,ellipse.csv,PF_KCW,attitude_only,True,1496.0,7480.0,0.03725056659910584,1.123223394401529,0.020284893133442842,hz200_fixed_step_h20,FIXED_STEP
hz200_h20,200,20,ellipse.csv,PF_KCW,body_rate_only,True,493.0,2465.0,inf,0.023266420739207826,inf,hz200_fixed_step_h20,FIXED_STEP
hz200_h20,200,20,ellipse.csv,PF_KCW,velocity_attitude,True,849.0,4245.0,106.57631439822848,1.5557912444205264,7.454510352659511,hz200_fixed_step_h20,FIXED_STEP
hz200_h20,200,20,ellipse.csv,PF_KCW,attitude_body_rate,True,794.0,3970.0,6.810050780694992e+118,0.908894282377616,1.45816486551396e+119,hz200_fixed_step_h20,FIXED_STEP
hz200_h20,200,20,ellipse.csv,PF_KCW,full_recursive,True,914.0,4570.0,inf,1.1109668385426956,inf,hz200_fixed_step_h20,FIXED_STEP
hz200_h20,200,20,ellipse.csv,J_KCW,velocity_only,False,,,2.023772693992559,0.003702718309508793,0.017541369843844374,hz200_fixed_step_h20,FIXED_STEP
hz200_h20,200,20,ellipse.csv,J_KCW,attitude_only,True,1586.0,7930.0,0.033674907454583486,1.1257737104301002,0.018869228082234204,hz200_fixed_step_h20,FIXED_STEP
hz200_h20,200,20,ellipse.csv,J_KCW,body_rate_only,True,533.0,2665.0,inf,0.01807459032831759,inf,hz200_fixed_step_h20,FIXED_STEP
hz200_h20,200,20,ellipse.csv,J_KCW,velocity_attitude,True,1923.0,9615.0,3.7195016338298803,0.5882970349011231,0.02792613632570005,hz200_fixed_step_h20,FIXED_STEP
hz200_h20,200,20,ellipse.csv,J_KCW,attitude_body_rate,True,1000.0,5000.0,3.707169761938613e+99,0.9640159289274195,1.5221305905674492e+100,hz200_fixed_step_h20,FIXED_STEP
hz200_h20,200,20,ellipse.csv,J_KCW,full_recursive,True,963.0,4815.0,inf,1.5694900105799308,inf,hz200_fixed_step_h20,FIXED_STEP
hz200_h20,200,20,lemniscate_1.csv,PF_KCW,velocity_only,True,1100.0,5500.0,74.35673442124698,0.23827984419971382,4.814102682982858,hz200_fixed_step_h20,FIXED_STEP
hz200_h20,200,20,lemniscate_1.csv,PF_KCW,attitude_only,False,,,0.014619884803583562,0.3342509237438694,0.01002976143720753,hz200_fixed_step_h20,FIXED_STEP
hz200_h20,200,20,lemniscate_1.csv,PF_KCW,body_rate_only,True,896.0,4480.0,2.1421174866376664e+139,0.02025067486405862,4.04917773001644e+139,hz200_fixed_step_h20,FIXED_STEP
hz200_h20,200,20,lemniscate_1.csv,PF_KCW,velocity_attitude,True,1039.0,5195.0,81.81764298542868,1.7362612518688756,4.405453039439231,hz200_fixed_step_h20,FIXED_STEP
hz200_h20,200,20,lemniscate_1.csv,PF_KCW,attitude_body_rate,True,762.0,3810.0,0.0357115383979614,1.604410882064053,2.7041254550227496,hz200_fixed_step_h20,FIXED_STEP
hz200_h20,200,20,lemniscate_1.csv,PF_KCW,full_recursive,True,775.0,3875.0,inf,0.4801513543773496,inf,hz200_fixed_step_h20,FIXED_STEP
hz200_h20,200,20,lemniscate_1.csv,J_KCW,velocity_only,False,,,0.9425417349928322,0.000395569181280969,0.006732760018664184,hz200_fixed_step_h20,FIXED_STEP
hz200_h20,200,20,lemniscate_1.csv,J_KCW,attitude_only,False,,,0.01105158751799392,0.295969342145664,0.007351317378780762,hz200_fixed_step_h20,FIXED_STEP
hz200_h20,200,20,lemniscate_1.csv,J_KCW,body_rate_only,True,851.0,4255.0,3.1357198409160175e+50,0.012873091948941722,1.281403081422217e+51,hz200_fixed_step_h20,FIXED_STEP
hz200_h20,200,20,lemniscate_1.csv,J_KCW,velocity_attitude,False,,,1.2878151151660735,0.2562682622098043,0.00818989108987958,hz200_fixed_step_h20,FIXED_STEP
hz200_h20,200,20,lemniscate_1.csv,J_KCW,attitude_body_rate,True,784.0,3920.0,inf,1.0595391895389707,inf,hz200_fixed_step_h20,FIXED_STEP
hz200_h20,200,20,lemniscate_1.csv,J_KCW,full_recursive,True,846.0,4230.0,inf,0.8218979739208603,inf,hz200_fixed_step_h20,FIXED_STEP
hz200_h20,200,20,lemniscate_2.csv,PF_KCW,velocity_only,True,841.0,4205.0,98.25557939042652,1.117820597507834,6.433608681009535,hz200_fixed_step_h20,FIXED_STEP
hz200_h20,200,20,lemniscate_2.csv,PF_KCW,attitude_only,False,,,0.00943829735234087,0.2901783449087001,0.008976048474171909,hz200_fixed_step_h20,FIXED_STEP
hz200_h20,200,20,lemniscate_2.csv,PF_KCW,body_rate_only,True,1169.0,5845.0,1.0646685068258993e+36,0.017145650654983295,1.1452019755592441e+36,hz200_fixed_step_h20,FIXED_STEP
hz200_h20,200,20,lemniscate_2.csv,PF_KCW,velocity_attitude,True,844.0,4220.0,2.816782431030115e+36,0.3686373628454969,3.446452163575902e+36,hz200_fixed_step_h20,FIXED_STEP
hz200_h20,200,20,lemniscate_2.csv,PF_KCW,attitude_body_rate,True,711.0,3555.0,0.03463648904424445,1.1823692720001864,2.583186528045294,hz200_fixed_step_h20,FIXED_STEP
hz200_h20,200,20,lemniscate_2.csv,PF_KCW,full_recursive,True,685.0,3425.0,8.756346786359936e+36,0.2182347111060419,1.7361743828189912e+37,hz200_fixed_step_h20,FIXED_STEP
hz200_h20,200,20,lemniscate_2.csv,J_KCW,velocity_only,False,,,0.3782847746543829,0.0008927470318951124,0.008287456853587272,hz200_fixed_step_h20,FIXED_STEP
hz200_h20,200,20,lemniscate_2.csv,J_KCW,attitude_only,False,,,0.005420227878502937,0.15434481729248825,0.008320606879871007,hz200_fixed_step_h20,FIXED_STEP
hz200_h20,200,20,lemniscate_2.csv,J_KCW,body_rate_only,True,1106.0,5530.0,4.515666307523047e+91,0.01459434925553391,2.4135840624173772e+92,hz200_fixed_step_h20,FIXED_STEP
hz200_h20,200,20,lemniscate_2.csv,J_KCW,velocity_attitude,False,,,1.8832934238476644,0.2369427404492057,0.011955750472347081,hz200_fixed_step_h20,FIXED_STEP
hz200_h20,200,20,lemniscate_2.csv,J_KCW,attitude_body_rate,True,799.0,3995.0,7.463922902340982e+148,1.0376104781187117,3.0870616905267083e+149,hz200_fixed_step_h20,FIXED_STEP
hz200_h20,200,20,lemniscate_2.csv,J_KCW,full_recursive,True,757.0,3785.0,6.195787580568732e+41,1.1407977343905844,1.8161085149549728e+42,hz200_fixed_step_h20,FIXED_STEP
hz200_h20,200,20,lemniscate_3.csv,PF_KCW,velocity_only,True,720.0,3600.0,106.2851703464106,0.9936469277464354,7.73052614565426,hz200_fixed_step_h20,FIXED_STEP
hz200_h20,200,20,lemniscate_3.csv,PF_KCW,attitude_only,True,1504.0,7520.0,0.047453928069351,0.9246404087635902,0.04094106347932208,hz200_fixed_step_h20,FIXED_STEP
hz200_h20,200,20,lemniscate_3.csv,PF_KCW,body_rate_only,True,577.0,2885.0,4.597784862449117e+86,0.02731086601426135,9.244881202600593e+86,hz200_fixed_step_h20,FIXED_STEP
hz200_h20,200,20,lemniscate_3.csv,PF_KCW,velocity_attitude,True,722.0,3610.0,124.04297483155014,1.4093914163220376,10.44937555652193,hz200_fixed_step_h20,FIXED_STEP
hz200_h20,200,20,lemniscate_3.csv,PF_KCW,attitude_body_rate,True,718.0,3590.0,1.7300434218375142e+64,0.3254370011277594,2.7310935568544515e+64,hz200_fixed_step_h20,FIXED_STEP
hz200_h20,200,20,lemniscate_3.csv,PF_KCW,full_recursive,True,633.0,3165.0,2.130319741101325e+118,0.3473417368744019,4.19240248257802e+118,hz200_fixed_step_h20,FIXED_STEP
hz200_h20,200,20,lemniscate_3.csv,J_KCW,velocity_only,False,,,0.9476728564965985,0.005153562798925328,0.03561739785644237,hz200_fixed_step_h20,FIXED_STEP
hz200_h20,200,20,lemniscate_3.csv,J_KCW,attitude_only,True,1552.0,7760.0,0.02557811421848787,0.929035660432599,0.03838801258805026,hz200_fixed_step_h20,FIXED_STEP
hz200_h20,200,20,lemniscate_3.csv,J_KCW,body_rate_only,True,872.0,4360.0,2.428630803855097e+64,0.034175792694479686,1.1279707460367255e+65,hz200_fixed_step_h20,FIXED_STEP
hz200_h20,200,20,lemniscate_3.csv,J_KCW,velocity_attitude,True,1543.0,7715.0,7.448525478051928,1.1793482678054479,0.0761356822881951,hz200_fixed_step_h20,FIXED_STEP
hz200_h20,200,20,lemniscate_3.csv,J_KCW,attitude_body_rate,True,726.0,3630.0,3.3240803206910936e+117,0.36387848308285226,2.112084681160624e+118,hz200_fixed_step_h20,FIXED_STEP
hz200_h20,200,20,lemniscate_3.csv,J_KCW,full_recursive,True,637.0,3185.0,1.1178673247248361e+62,0.3668538787904572,6.227490848506587e+62,hz200_fixed_step_h20,FIXED_STEP
hz200_h20,200,20,linear_oscillation.csv,PF_KCW,velocity_only,True,713.0,3565.0,108.64965205889615,1.152514962551608,7.280682433484555,hz200_fixed_step_h20,FIXED_STEP
hz200_h20,200,20,linear_oscillation.csv,PF_KCW,attitude_only,False,,,0.02041788652359209,0.580471384968188,0.015361308249579443,hz200_fixed_step_h20,FIXED_STEP
hz200_h20,200,20,linear_oscillation.csv,PF_KCW,body_rate_only,True,442.0,2210.0,4.612219027156014e+64,0.030794032685315987,9.350062983864715e+64,hz200_fixed_step_h20,FIXED_STEP
hz200_h20,200,20,linear_oscillation.csv,PF_KCW,velocity_attitude,True,1058.0,5290.0,88.16071051645116,1.5933821620427633,5.397628117757853,hz200_fixed_step_h20,FIXED_STEP
hz200_h20,200,20,linear_oscillation.csv,PF_KCW,attitude_body_rate,True,890.0,4450.0,4.7086957155684715e+122,0.7702713917908985,6.602765490602106e+122,hz200_fixed_step_h20,FIXED_STEP
hz200_h20,200,20,linear_oscillation.csv,PF_KCW,full_recursive,True,511.0,2555.0,inf,0.7957310008177375,inf,hz200_fixed_step_h20,FIXED_STEP
hz200_h20,200,20,linear_oscillation.csv,J_KCW,velocity_only,False,,,0.27297787773771404,0.0011127494993055547,0.01219678658349011,hz200_fixed_step_h20,FIXED_STEP
hz200_h20,200,20,linear_oscillation.csv,J_KCW,attitude_only,True,2172.0,10860.0,0.01743931713550827,0.5741267980252835,0.013443875261802315,hz200_fixed_step_h20,FIXED_STEP
hz200_h20,200,20,linear_oscillation.csv,J_KCW,body_rate_only,True,461.0,2305.0,inf,0.03129451186177044,inf,hz200_fixed_step_h20,FIXED_STEP
hz200_h20,200,20,linear_oscillation.csv,J_KCW,velocity_attitude,False,,,1.2567822347253568,0.19231062357500414,0.013227721856107823,hz200_fixed_step_h20,FIXED_STEP
hz200_h20,200,20,linear_oscillation.csv,J_KCW,attitude_body_rate,True,994.0,4970.0,2.1174735157826143e+91,0.5581284593645544,9.969877141787138e+91,hz200_fixed_step_h20,FIXED_STEP
hz200_h20,200,20,linear_oscillation.csv,J_KCW,full_recursive,True,542.0,2710.0,7.356702752500975e+39,0.7062278387800791,8.919106273363043e+39,hz200_fixed_step_h20,FIXED_STEP
hz200_h20,200,20,melon_1.csv,PF_KCW,velocity_only,True,908.0,4540.0,94.89026611612945,0.9196859887146445,6.268539134666517,hz200_fixed_step_h20,FIXED_STEP
hz200_h20,200,20,melon_1.csv,PF_KCW,attitude_only,False,,,0.011359757260262763,0.3875731798074723,0.010587893925948224,hz200_fixed_step_h20,FIXED_STEP
hz200_h20,200,20,melon_1.csv,PF_KCW,body_rate_only,True,656.0,3280.0,inf,0.022818553430984264,inf,hz200_fixed_step_h20,FIXED_STEP
hz200_h20,200,20,melon_1.csv,PF_KCW,velocity_attitude,True,997.0,4985.0,2.146118132900463e+44,0.35255918637320544,4.241949250599859e+44,hz200_fixed_step_h20,FIXED_STEP
hz200_h20,200,20,melon_1.csv,PF_KCW,attitude_body_rate,True,947.0,4735.0,1.7148293902448452e+140,0.8407942749591069,1.225756726566358e+140,hz200_fixed_step_h20,FIXED_STEP
hz200_h20,200,20,melon_1.csv,PF_KCW,full_recursive,True,1059.0,5295.0,1.7219542551936757e+81,1.0168351061032799,3.5534236387887736e+81,hz200_fixed_step_h20,FIXED_STEP
hz200_h20,200,20,melon_1.csv,J_KCW,velocity_only,False,,,0.8042872287923876,0.001678445181798668,0.010343450233267895,hz200_fixed_step_h20,FIXED_STEP
hz200_h20,200,20,melon_1.csv,J_KCW,attitude_only,False,,,0.013435941881340664,0.36678925205066554,0.010988248197905927,hz200_fixed_step_h20,FIXED_STEP
hz200_h20,200,20,melon_1.csv,J_KCW,body_rate_only,True,733.0,3665.0,inf,0.015208125657323115,inf,hz200_fixed_step_h20,FIXED_STEP
hz200_h20,200,20,melon_1.csv,J_KCW,velocity_attitude,True,2042.0,10210.0,3.1430433985525714,0.6109746220252508,0.021818761659300925,hz200_fixed_step_h20,FIXED_STEP
hz200_h20,200,20,melon_1.csv,J_KCW,attitude_body_rate,True,1142.0,5710.0,2.5984824024240994e+42,0.6717506306622578,1.1388813262774832e+43,hz200_fixed_step_h20,FIXED_STEP
hz200_h20,200,20,melon_1.csv,J_KCW,full_recursive,True,1045.0,5225.0,2.3950198375582576e+51,0.26455455162468183,2.73629541707056e+51,hz200_fixed_step_h20,FIXED_STEP
hz200_h20,200,20,melon_2.csv,PF_KCW,velocity_only,True,953.0,4765.0,92.87686241528023,0.7236369169436797,6.159169619321656,hz200_fixed_step_h20,FIXED_STEP
hz200_h20,200,20,melon_2.csv,PF_KCW,attitude_only,True,2223.0,11115.0,0.011869551301656204,0.5171910372056396,0.010527665284442806,hz200_fixed_step_h20,FIXED_STEP
hz200_h20,200,20,melon_2.csv,PF_KCW,body_rate_only,True,787.0,3935.0,9.268701108771492e+120,0.016891473438447376,1.744232382512617e+121,hz200_fixed_step_h20,FIXED_STEP
hz200_h20,200,20,melon_2.csv,PF_KCW,velocity_attitude,True,1008.0,5040.0,3.931109677722952e+35,0.3318519321124787,9.427437989780239e+35,hz200_fixed_step_h20,FIXED_STEP
hz200_h20,200,20,melon_2.csv,PF_KCW,attitude_body_rate,True,800.0,4000.0,inf,0.9842640109667659,inf,hz200_fixed_step_h20,FIXED_STEP
hz200_h20,200,20,melon_2.csv,PF_KCW,full_recursive,True,783.0,3915.0,inf,1.0837511294012958,inf,hz200_fixed_step_h20,FIXED_STEP
hz200_h20,200,20,melon_2.csv,J_KCW,velocity_only,False,,,1.6655803085128444,0.00211685587885295,0.011170326272644577,hz200_fixed_step_h20,FIXED_STEP
hz200_h20,200,20,melon_2.csv,J_KCW,attitude_only,True,2203.0,11015.0,0.015065091143731855,0.549548137562362,0.010858607874465515,hz200_fixed_step_h20,FIXED_STEP
hz200_h20,200,20,melon_2.csv,J_KCW,body_rate_only,True,1347.0,6735.0,3.406694291873913e+132,0.024348334895328075,1.672839134633786e+133,hz200_fixed_step_h20,FIXED_STEP
hz200_h20,200,20,melon_2.csv,J_KCW,velocity_attitude,True,2077.0,10385.0,2.124845718887918,0.5797418600970934,0.013996813157620646,hz200_fixed_step_h20,FIXED_STEP
hz200_h20,200,20,melon_2.csv,J_KCW,attitude_body_rate,True,968.0,4840.0,1.1683210662478706e+51,0.8708134130657221,4.534960531498651e+51,hz200_fixed_step_h20,FIXED_STEP
hz200_h20,200,20,melon_2.csv,J_KCW,full_recursive,True,841.0,4205.0,inf,0.9279468422886218,inf,hz200_fixed_step_h20,FIXED_STEP
hz200_h20,200,20,race_track_1.csv,PF_KCW,velocity_only,True,425.0,2125.0,117.40042663842182,1.0210611545844617,8.386242274620438,hz200_fixed_step_h20,FIXED_STEP
hz200_h20,200,20,race_track_1.csv,PF_KCW,attitude_only,True,1040.0,5200.0,0.055016156372964316,1.2627700271470341,0.04000417538071068,hz200_fixed_step_h20,FIXED_STEP
hz200_h20,200,20,race_track_1.csv,PF_KCW,body_rate_only,True,660.0,3300.0,inf,0.025577062765647904,inf,hz200_fixed_step_h20,FIXED_STEP
hz200_h20,200,20,race_track_1.csv,PF_KCW,velocity_attitude,True,451.0,2255.0,127.81795082100444,2.010195510774827,8.47861310767019,hz200_fixed_step_h20,FIXED_STEP
hz200_h20,200,20,race_track_1.csv,PF_KCW,attitude_body_rate,True,453.0,2265.0,1.9999545388608915e+109,0.7809495628007171,9.057745343432875e+108,hz200_fixed_step_h20,FIXED_STEP
hz200_h20,200,20,race_track_1.csv,PF_KCW,full_recursive,True,437.0,2185.0,inf,0.7812545042245608,inf,hz200_fixed_step_h20,FIXED_STEP
hz200_h20,200,20,race_track_1.csv,J_KCW,velocity_only,False,,,1.2199441515602099,0.00440971051555121,0.03139436483347603,hz200_fixed_step_h20,FIXED_STEP
hz200_h20,200,20,race_track_1.csv,J_KCW,attitude_only,True,1132.0,5660.0,0.03773569667060013,0.8558327416000752,0.0355552289831159,hz200_fixed_step_h20,FIXED_STEP
hz200_h20,200,20,race_track_1.csv,J_KCW,body_rate_only,True,1016.0,5080.0,1.7609693597406062e+63,0.05634174722209383,1.4316012212565424e+64,hz200_fixed_step_h20,FIXED_STEP
hz200_h20,200,20,race_track_1.csv,J_KCW,velocity_attitude,True,963.0,4815.0,9.819069798084149,1.521567864093015,0.07017692020996456,hz200_fixed_step_h20,FIXED_STEP
hz200_h20,200,20,race_track_1.csv,J_KCW,attitude_body_rate,True,458.0,2290.0,1.3950905600649843e+109,0.8345498088656027,1.0512689513513818e+110,hz200_fixed_step_h20,FIXED_STEP
hz200_h20,200,20,race_track_1.csv,J_KCW,full_recursive,True,457.0,2285.0,1.3639062194928143e+78,0.513786567999859,6.682479659490657e+78,hz200_fixed_step_h20,FIXED_STEP
hz200_h20,200,20,race_track_2.csv,PF_KCW,velocity_only,True,480.0,2400.0,141.82457134452991,1.155117562299081,13.233327918753266,hz200_fixed_step_h20,FIXED_STEP
hz200_h20,200,20,race_track_2.csv,PF_KCW,attitude_only,True,1012.0,5060.0,0.061858701074863603,1.2445875903546533,0.05319280274773263,hz200_fixed_step_h20,FIXED_STEP
hz200_h20,200,20,race_track_2.csv,PF_KCW,body_rate_only,True,964.0,4820.0,7.575208522957011e+146,0.04876367973023714,1.5797289058182451e+147,hz200_fixed_step_h20,FIXED_STEP
hz200_h20,200,20,race_track_2.csv,PF_KCW,velocity_attitude,True,494.0,2470.0,inf,0.8067988033146559,inf,hz200_fixed_step_h20,FIXED_STEP
hz200_h20,200,20,race_track_2.csv,PF_KCW,attitude_body_rate,True,451.0,2255.0,7.126914472743253e+55,0.6282981979032078,2.4340461341952034e+56,hz200_fixed_step_h20,FIXED_STEP
hz200_h20,200,20,race_track_2.csv,PF_KCW,full_recursive,True,435.0,2175.0,inf,1.074327129163814,inf,hz200_fixed_step_h20,FIXED_STEP
hz200_h20,200,20,race_track_2.csv,J_KCW,velocity_only,False,,,0.9917599103598097,0.0072910913142734506,0.04681802904680596,hz200_fixed_step_h20,FIXED_STEP
hz200_h20,200,20,race_track_2.csv,J_KCW,attitude_only,True,1167.0,5835.0,0.04394858393228592,1.3378096772385575,0.05393911386012719,hz200_fixed_step_h20,FIXED_STEP
hz200_h20,200,20,race_track_2.csv,J_KCW,body_rate_only,True,696.0,3480.0,inf,0.035171475206245625,inf,hz200_fixed_step_h20,FIXED_STEP
hz200_h20,200,20,race_track_2.csv,J_KCW,velocity_attitude,True,813.0,4065.0,8.511619148237664,1.53864110798043,0.082086049292956,hz200_fixed_step_h20,FIXED_STEP
hz200_h20,200,20,race_track_2.csv,J_KCW,attitude_body_rate,True,473.0,2365.0,9.039015717053658e+72,0.6027719202890645,1.916306436127222e+73,hz200_fixed_step_h20,FIXED_STEP
hz200_h20,200,20,race_track_2.csv,J_KCW,full_recursive,True,457.0,2285.0,6.894201549969083e+118,0.6779336416397159,8.266771243709645e+118,hz200_fixed_step_h20,FIXED_STEP
hz200_h20,200,20,random_points.csv,PF_KCW,velocity_only,True,376.0,1880.0,130.0841986983751,1.119564573257129,7.871089915699185,hz200_fixed_step_h20,FIXED_STEP
hz200_h20,200,20,random_points.csv,PF_KCW,attitude_only,True,1066.0,5330.0,0.011624336324723554,1.5185897845742855,0.007902310850993976,hz200_fixed_step_h20,FIXED_STEP
hz200_h20,200,20,random_points.csv,PF_KCW,body_rate_only,False,,,0.007647726156347169,0.0018166251925039608,0.5660840790036749,hz200_fixed_step_h20,FIXED_STEP
hz200_h20,200,20,random_points.csv,PF_KCW,velocity_attitude,True,426.0,2130.0,119.32458443672105,1.5391422459566302,6.362794028547643,hz200_fixed_step_h20,FIXED_STEP
hz200_h20,200,20,random_points.csv,PF_KCW,attitude_body_rate,True,2153.0,10765.0,0.01138715807328504,0.4881405160272872,0.8143934870498003,hz200_fixed_step_h20,FIXED_STEP
hz200_h20,200,20,random_points.csv,PF_KCW,full_recursive,True,519.0,2595.0,1.3237740481468358e+47,1.1264519548825054,3.3254690657583594e+47,hz200_fixed_step_h20,FIXED_STEP
hz200_h20,200,20,random_points.csv,J_KCW,velocity_only,False,,,3.0861788840365407,0.0032308810009439894,0.010005476596857507,hz200_fixed_step_h20,FIXED_STEP
hz200_h20,200,20,random_points.csv,J_KCW,attitude_only,True,1339.0,6695.0,0.009680504736668916,1.3105157178029658,0.007798479756173131,hz200_fixed_step_h20,FIXED_STEP
hz200_h20,200,20,random_points.csv,J_KCW,body_rate_only,False,,,0.007507352423965735,0.004741912491404704,2.085582061901447,hz200_fixed_step_h20,FIXED_STEP
hz200_h20,200,20,random_points.csv,J_KCW,velocity_attitude,True,657.0,3285.0,7.464314965407974,1.388145776665157,0.0348647493197568,hz200_fixed_step_h20,FIXED_STEP
hz200_h20,200,20,random_points.csv,J_KCW,attitude_body_rate,True,1144.0,5720.0,0.024484706721601336,1.2455038314125404,2.7370722851837783,hz200_fixed_step_h20,FIXED_STEP
hz200_h20,200,20,random_points.csv,J_KCW,full_recursive,True,652.0,3260.0,6.536245758930295e+91,1.723287359984326,2.7716410677346765e+92,hz200_fixed_step_h20,FIXED_STEP
hz200_h20,200,20,slanted_circle_1.csv,PF_KCW,velocity_only,True,294.0,1470.0,133.6916135463634,1.4177102189956714,7.827946627547129,hz200_fixed_step_h20,FIXED_STEP
hz200_h20,200,20,slanted_circle_1.csv,PF_KCW,attitude_only,True,1436.0,7180.0,0.007840073998831198,1.237202901977362,0.006635551969784273,hz200_fixed_step_h20,FIXED_STEP
hz200_h20,200,20,slanted_circle_1.csv,PF_KCW,body_rate_only,False,,,0.010488691869874256,0.003536382627227832,1.3271397448977773,hz200_fixed_step_h20,FIXED_STEP
hz200_h20,200,20,slanted_circle_1.csv,PF_KCW,velocity_attitude,True,306.0,1530.0,127.80341975809738,1.8610909821086332,6.045218424334059,hz200_fixed_step_h20,FIXED_STEP
hz200_h20,200,20,slanted_circle_1.csv,PF_KCW,attitude_body_rate,True,1072.0,5360.0,0.03480294742448664,1.0206829385515046,1.8608412047233946,hz200_fixed_step_h20,FIXED_STEP
hz200_h20,200,20,slanted_circle_1.csv,PF_KCW,full_recursive,True,438.0,2190.0,inf,1.3199870552894128,inf,hz200_fixed_step_h20,FIXED_STEP
hz200_h20,200,20,slanted_circle_1.csv,J_KCW,velocity_only,False,,,2.834633542212027,0.0030561152476284437,0.008800956049311448,hz200_fixed_step_h20,FIXED_STEP
hz200_h20,200,20,slanted_circle_1.csv,J_KCW,attitude_only,False,,,0.008175307556549017,0.3281436885584316,0.006454086807880466,hz200_fixed_step_h20,FIXED_STEP
hz200_h20,200,20,slanted_circle_1.csv,J_KCW,body_rate_only,False,,,0.009145526101731376,0.006313191074780548,2.0405760582529497,hz200_fixed_step_h20,FIXED_STEP
hz200_h20,200,20,slanted_circle_1.csv,J_KCW,velocity_attitude,True,1103.0,5515.0,9.913717266916672,1.3024163931571742,0.10042708491671416,hz200_fixed_step_h20,FIXED_STEP
hz200_h20,200,20,slanted_circle_1.csv,J_KCW,attitude_body_rate,True,797.0,3985.0,1.5983240092153343e+60,1.0941188633844445,7.211873373073029e+60,hz200_fixed_step_h20,FIXED_STEP
hz200_h20,200,20,slanted_circle_1.csv,J_KCW,full_recursive,True,997.0,4985.0,4.849198907865257,1.4066302083821465,1.7776105291441384,hz200_fixed_step_h20,FIXED_STEP
hz200_h20,200,20,slanted_circle_2.csv,PF_KCW,velocity_only,True,368.0,1840.0,129.21066582017724,1.2297775145557546,7.737042966466297,hz200_fixed_step_h20,FIXED_STEP
hz200_h20,200,20,slanted_circle_2.csv,PF_KCW,attitude_only,True,1184.0,5920.0,0.019122323167025397,1.348932052104962,0.01009852154443585,hz200_fixed_step_h20,FIXED_STEP
hz200_h20,200,20,slanted_circle_2.csv,PF_KCW,body_rate_only,False,,,0.017011673118827727,0.003009915884139725,0.9259692192510681,hz200_fixed_step_h20,FIXED_STEP
hz200_h20,200,20,slanted_circle_2.csv,PF_KCW,velocity_attitude,True,392.0,1960.0,127.14058434085499,1.72527100851687,7.133320450832522,hz200_fixed_step_h20,FIXED_STEP
hz200_h20,200,20,slanted_circle_2.csv,PF_KCW,attitude_body_rate,True,955.0,4775.0,1.9336218916931102e+63,1.2248689071350904,3.5206422266706956e+63,hz200_fixed_step_h20,FIXED_STEP
hz200_h20,200,20,slanted_circle_2.csv,PF_KCW,full_recursive,True,407.0,2035.0,3.0224153297923768e+106,1.5984842000238848,4.241369998042708e+106,hz200_fixed_step_h20,FIXED_STEP
hz200_h20,200,20,slanted_circle_2.csv,J_KCW,velocity_only,False,,,0.8955467965830815,0.0028089197568998228,0.009963542293313163,hz200_fixed_step_h20,FIXED_STEP
hz200_h20,200,20,slanted_circle_2.csv,J_KCW,attitude_only,True,1269.0,6345.0,0.01604121471284812,1.3705551434689756,0.009590221755863966,hz200_fixed_step_h20,FIXED_STEP
hz200_h20,200,20,slanted_circle_2.csv,J_KCW,body_rate_only,True,2391.0,11955.0,0.03302360166883225,0.008332516141051493,2.305410196344294,hz200_fixed_step_h20,FIXED_STEP
hz200_h20,200,20,slanted_circle_2.csv,J_KCW,velocity_attitude,True,1110.0,5550.0,6.16472668018223,1.0329620718559656,0.025505100831447088,hz200_fixed_step_h20,FIXED_STEP
hz200_h20,200,20,slanted_circle_2.csv,J_KCW,attitude_body_rate,True,889.0,4445.0,9.958950717153263e+148,0.9517826843187924,5.928909093967924e+149,hz200_fixed_step_h20,FIXED_STEP
hz200_h20,200,20,slanted_circle_2.csv,J_KCW,full_recursive,True,744.0,3720.0,3.7738432101176087e+111,0.5596114026295251,4.331438254516296e+111,hz200_fixed_step_h20,FIXED_STEP
hz200_h40,200,40,ellipse.csv,PF_KCW,velocity_only,True,869.0,4345.0,2.1686034690547605e+50,0.04773873638266736,4.8888679013317094e+50,hz200_fixed_time_h40,FIXED_TIME
hz200_h40,200,40,ellipse.csv,PF_KCW,attitude_only,True,1460.0,7300.0,0.03583247904073194,1.1711192179136154,0.02104981160286978,hz200_fixed_time_h40,FIXED_TIME
hz200_h40,200,40,ellipse.csv,PF_KCW,body_rate_only,True,520.0,2600.0,inf,0.023541275740193376,inf,hz200_fixed_time_h40,FIXED_TIME
hz200_h40,200,40,ellipse.csv,PF_KCW,velocity_attitude,True,952.0,4760.0,inf,0.5772707384493173,inf,hz200_fixed_time_h40,FIXED_TIME
hz200_h40,200,40,ellipse.csv,PF_KCW,attitude_body_rate,True,825.0,4125.0,1.6229086376184865e+42,0.8753382551086896,8.864827362332102e+41,hz200_fixed_time_h40,FIXED_TIME
hz200_h40,200,40,ellipse.csv,PF_KCW,full_recursive,True,926.0,4630.0,4.535344884004743e+37,1.3962469171772007,2.431958230110996e+37,hz200_fixed_time_h40,FIXED_TIME
hz200_h40,200,40,ellipse.csv,J_KCW,velocity_only,False,,,1.9885231887289039,0.0038114142771926442,0.01688696453416146,hz200_fixed_time_h40,FIXED_TIME
hz200_h40,200,40,ellipse.csv,J_KCW,attitude_only,True,1530.0,7650.0,0.03725775993957463,1.156049407580601,0.021429617396646013,hz200_fixed_time_h40,FIXED_TIME
hz200_h40,200,40,ellipse.csv,J_KCW,body_rate_only,True,511.0,2555.0,3.203721608386985e+63,0.01983561465732621,1.1261726918159608e+64,hz200_fixed_time_h40,FIXED_TIME
hz200_h40,200,40,ellipse.csv,J_KCW,velocity_attitude,True,1908.0,9540.0,4.008769176503307,0.608930109550013,0.0324532585044012,hz200_fixed_time_h40,FIXED_TIME
hz200_h40,200,40,ellipse.csv,J_KCW,attitude_body_rate,True,983.0,4915.0,1.6318501450602153e+34,1.2057671923681061,4.49615922107057e+34,hz200_fixed_time_h40,FIXED_TIME
hz200_h40,200,40,ellipse.csv,J_KCW,full_recursive,True,939.0,4695.0,inf,1.4556532180749977,inf,hz200_fixed_time_h40,FIXED_TIME
hz200_h40,200,40,lemniscate_1.csv,PF_KCW,velocity_only,True,1116.0,5580.0,inf,0.07825540893837918,inf,hz200_fixed_time_h40,FIXED_TIME
hz200_h40,200,40,lemniscate_1.csv,PF_KCW,attitude_only,False,,,0.012937707492751211,0.3054797043054576,0.010167179471492803,hz200_fixed_time_h40,FIXED_TIME
hz200_h40,200,40,lemniscate_1.csv,PF_KCW,body_rate_only,True,876.0,4380.0,4.3020646158050204e+127,0.017569401731599876,2.298996618974825e+127,hz200_fixed_time_h40,FIXED_TIME
hz200_h40,200,40,lemniscate_1.csv,PF_KCW,velocity_attitude,True,1037.0,5185.0,3.3446028851395206e+112,0.48404685721979684,6.687538831756827e+112,hz200_fixed_time_h40,FIXED_TIME
hz200_h40,200,40,lemniscate_1.csv,PF_KCW,attitude_body_rate,True,776.0,3880.0,0.03966484533341382,1.182585261721297,2.4486305810771176,hz200_fixed_time_h40,FIXED_TIME
hz200_h40,200,40,lemniscate_1.csv,PF_KCW,full_recursive,True,788.0,3940.0,2.2231464975158714e+38,0.6085554962111964,1.1365173905389666e+38,hz200_fixed_time_h40,FIXED_TIME
hz200_h40,200,40,lemniscate_1.csv,J_KCW,velocity_only,False,,,0.8375629742926886,0.00037592930537775124,0.006528877744274185,hz200_fixed_time_h40,FIXED_TIME
hz200_h40,200,40,lemniscate_1.csv,J_KCW,attitude_only,False,,,0.007057356158488227,0.22529508229743347,0.00721509327745479,hz200_fixed_time_h40,FIXED_TIME
hz200_h40,200,40,lemniscate_1.csv,J_KCW,body_rate_only,True,821.0,4105.0,1.8654867524807677e+68,0.014116963369751816,6.159140137530989e+68,hz200_fixed_time_h40,FIXED_TIME
hz200_h40,200,40,lemniscate_1.csv,J_KCW,velocity_attitude,False,,,1.1144710700933471,0.11603799698993442,0.006892895681222455,hz200_fixed_time_h40,FIXED_TIME
hz200_h40,200,40,lemniscate_1.csv,J_KCW,attitude_body_rate,True,850.0,4250.0,inf,0.9295482749871906,inf,hz200_fixed_time_h40,FIXED_TIME
hz200_h40,200,40,lemniscate_1.csv,J_KCW,full_recursive,True,811.0,4055.0,inf,0.9494945740098941,inf,hz200_fixed_time_h40,FIXED_TIME
hz200_h40,200,40,lemniscate_2.csv,PF_KCW,velocity_only,True,839.0,4195.0,1.5155540847321924e+113,0.08112245931889633,3.42608349653919e+113,hz200_fixed_time_h40,FIXED_TIME
hz200_h40,200,40,lemniscate_2.csv,PF_KCW,attitude_only,False,,,0.010392789641749261,0.31413828791703197,0.009374543558154667,hz200_fixed_time_h40,FIXED_TIME
hz200_h40,200,40,lemniscate_2.csv,PF_KCW,body_rate_only,True,1113.0,5565.0,inf,0.013722320861287484,inf,hz200_fixed_time_h40,FIXED_TIME
hz200_h40,200,40,lemniscate_2.csv,PF_KCW,velocity_attitude,True,835.0,4175.0,inf,0.43692646273157043,inf,hz200_fixed_time_h40,FIXED_TIME
hz200_h40,200,40,lemniscate_2.csv,PF_KCW,attitude_body_rate,True,703.0,3515.0,0.03803407531779981,1.2472821391700393,2.743594605012486,hz200_fixed_time_h40,FIXED_TIME
hz200_h40,200,40,lemniscate_2.csv,PF_KCW,full_recursive,True,662.0,3310.0,5.253139780461334e+69,0.23487659847750447,2.946368284230083e+69,hz200_fixed_time_h40,FIXED_TIME
hz200_h40,200,40,lemniscate_2.csv,J_KCW,velocity_only,False,,,0.41126553533249466,0.0008686656513931821,0.008299029800067506,hz200_fixed_time_h40,FIXED_TIME
hz200_h40,200,40,lemniscate_2.csv,J_KCW,attitude_only,False,,,0.007006509869873293,0.18468205534572185,0.008919258070096013,hz200_fixed_time_h40,FIXED_TIME
hz200_h40,200,40,lemniscate_2.csv,J_KCW,body_rate_only,True,992.0,4960.0,inf,0.01111997309162321,inf,hz200_fixed_time_h40,FIXED_TIME
hz200_h40,200,40,lemniscate_2.csv,J_KCW,velocity_attitude,False,,,1.5014005425270682,0.19280372198279247,0.010615367198850114,hz200_fixed_time_h40,FIXED_TIME
hz200_h40,200,40,lemniscate_2.csv,J_KCW,attitude_body_rate,True,731.0,3655.0,inf,1.0435489184764979,inf,hz200_fixed_time_h40,FIXED_TIME
hz200_h40,200,40,lemniscate_2.csv,J_KCW,full_recursive,True,695.0,3475.0,1.1782855497407931e+57,0.7823419514927238,3.904766936115325e+57,hz200_fixed_time_h40,FIXED_TIME
hz200_h40,200,40,lemniscate_3.csv,PF_KCW,velocity_only,True,717.0,3585.0,3.4463869575690423e+112,0.07724597482417901,1.656654940180573e+112,hz200_fixed_time_h40,FIXED_TIME
hz200_h40,200,40,lemniscate_3.csv,PF_KCW,attitude_only,True,1449.0,7245.0,0.0498384185984759,1.125090244071225,0.04261278544384842,hz200_fixed_time_h40,FIXED_TIME
hz200_h40,200,40,lemniscate_3.csv,PF_KCW,body_rate_only,True,520.0,2600.0,1.5814914483216805e+109,0.029938503092656946,8.928992347488705e+108,hz200_fixed_time_h40,FIXED_TIME
hz200_h40,200,40,lemniscate_3.csv,PF_KCW,velocity_attitude,True,699.0,3495.0,3.851353769885917e+38,0.34060346421992904,1.739869694322e+38,hz200_fixed_time_h40,FIXED_TIME
hz200_h40,200,40,lemniscate_3.csv,PF_KCW,attitude_body_rate,True,672.0,3360.0,4.817692391246671e+66,0.3537657681094226,2.629340909223884e+66,hz200_fixed_time_h40,FIXED_TIME
hz200_h40,200,40,lemniscate_3.csv,PF_KCW,full_recursive,True,618.0,3090.0,1.1853602630812046e+51,0.30946175132514725,6.619954013865946e+50,hz200_fixed_time_h40,FIXED_TIME
hz200_h40,200,40,lemniscate_3.csv,J_KCW,velocity_only,False,,,1.0232596029511793,0.005280576511346912,0.034718665704625826,hz200_fixed_time_h40,FIXED_TIME
hz200_h40,200,40,lemniscate_3.csv,J_KCW,attitude_only,True,1537.0,7685.0,0.026202504191679063,0.9091569305868975,0.038089594091970644,hz200_fixed_time_h40,FIXED_TIME
hz200_h40,200,40,lemniscate_3.csv,J_KCW,body_rate_only,True,564.0,2820.0,8.126711802269942e+53,0.024355406988658408,2.580003200630698e+54,hz200_fixed_time_h40,FIXED_TIME
hz200_h40,200,40,lemniscate_3.csv,J_KCW,velocity_attitude,True,1160.0,5800.0,7.8553472440077625,1.2623310807797468,0.0683078507149971,hz200_fixed_time_h40,FIXED_TIME
hz200_h40,200,40,lemniscate_3.csv,J_KCW,attitude_body_rate,True,675.0,3375.0,3.096508273435686e+34,0.3909282062499785,1.0335408411275667e+35,hz200_fixed_time_h40,FIXED_TIME
hz200_h40,200,40,lemniscate_3.csv,J_KCW,full_recursive,True,623.0,3115.0,9.467875452414004e+143,0.35733511353216435,2.7204828553492826e+144,hz200_fixed_time_h40,FIXED_TIME
hz200_h40,200,40,linear_oscillation.csv,PF_KCW,velocity_only,True,816.0,4080.0,8.108056483354255e+78,0.04580186958988636,1.7721537364623278e+79,hz200_fixed_time_h40,FIXED_TIME
hz200_h40,200,40,linear_oscillation.csv,PF_KCW,attitude_only,False,,,0.021044450666908167,0.6363670532629514,0.01648465158912877,hz200_fixed_time_h40,FIXED_TIME
hz200_h40,200,40,linear_oscillation.csv,PF_KCW,body_rate_only,True,461.0,2305.0,inf,0.0215430006236526,inf,hz200_fixed_time_h40,FIXED_TIME
hz200_h40,200,40,linear_oscillation.csv,PF_KCW,velocity_attitude,True,896.0,4480.0,2.4974664752318797e+50,0.6486867529761342,5.594185316449052e+50,hz200_fixed_time_h40,FIXED_TIME
hz200_h40,200,40,linear_oscillation.csv,PF_KCW,attitude_body_rate,True,891.0,4455.0,inf,1.340986156532076,inf,hz200_fixed_time_h40,FIXED_TIME
hz200_h40,200,40,linear_oscillation.csv,PF_KCW,full_recursive,True,525.0,2625.0,1.9544245256202003e+44,0.7281862409888937,1.033947504871997e+44,hz200_fixed_time_h40,FIXED_TIME
hz200_h40,200,40,linear_oscillation.csv,J_KCW,velocity_only,False,,,0.37157745648608664,0.001104488550081756,0.01208974436286079,hz200_fixed_time_h40,FIXED_TIME
hz200_h40,200,40,linear_oscillation.csv,J_KCW,attitude_only,True,2333.0,11665.0,0.016215625249483678,0.5155495351591343,0.014120847886877484,hz200_fixed_time_h40,FIXED_TIME
hz200_h40,200,40,linear_oscillation.csv,J_KCW,body_rate_only,True,442.0,2210.0,6.519661806981171e+148,0.02705320785355921,2.1973800537599963e+149,hz200_fixed_time_h40,FIXED_TIME
hz200_h40,200,40,linear_oscillation.csv,J_KCW,velocity_attitude,False,,,1.2181387992189912,0.20882211472457962,0.013484680929747667,hz200_fixed_time_h40,FIXED_TIME
hz200_h40,200,40,linear_oscillation.csv,J_KCW,attitude_body_rate,True,870.0,4350.0,9.90872364147823e+51,0.4629065566203777,2.064796736770607e+52,hz200_fixed_time_h40,FIXED_TIME
hz200_h40,200,40,linear_oscillation.csv,J_KCW,full_recursive,True,560.0,2800.0,inf,0.598270636700882,inf,hz200_fixed_time_h40,FIXED_TIME
hz200_h40,200,40,melon_1.csv,PF_KCW,velocity_only,True,1289.0,6445.0,1.4240872145093564e+80,0.039411694540917135,3.1613200833129523e+80,hz200_fixed_time_h40,FIXED_TIME
hz200_h40,200,40,melon_1.csv,PF_KCW,attitude_only,False,,,0.011795020976308647,0.37685051698302463,0.010679429764859943,hz200_fixed_time_h40,FIXED_TIME
hz200_h40,200,40,melon_1.csv,PF_KCW,body_rate_only,True,594.0,2970.0,inf,0.020594380021037605,inf,hz200_fixed_time_h40,FIXED_TIME
hz200_h40,200,40,melon_1.csv,PF_KCW,velocity_attitude,True,1278.0,6390.0,inf,0.4452469415586393,inf,hz200_fixed_time_h40,FIXED_TIME
hz200_h40,200,40,melon_1.csv,PF_KCW,attitude_body_rate,True,890.0,4450.0,1.4900879422374676e+40,0.8880209088709528,8.292462903028325e+39,hz200_fixed_time_h40,FIXED_TIME
hz200_h40,200,40,melon_1.csv,PF_KCW,full_recursive,True,1262.0,6310.0,6.30630509146786e+95,0.6486968674443834,3.347433501587585e+95,hz200_fixed_time_h40,FIXED_TIME
hz200_h40,200,40,melon_1.csv,J_KCW,velocity_only,False,,,0.958650230912689,0.001678541089102922,0.010401045575199577,hz200_fixed_time_h40,FIXED_TIME
hz200_h40,200,40,melon_1.csv,J_KCW,attitude_only,False,,,0.013652130035736084,0.3923418648284233,0.011525378706429187,hz200_fixed_time_h40,FIXED_TIME
hz200_h40,200,40,melon_1.csv,J_KCW,body_rate_only,True,604.0,3020.0,7.400309815532507e+66,0.0187118661833527,2.3759747447310227e+67,hz200_fixed_time_h40,FIXED_TIME
hz200_h40,200,40,melon_1.csv,J_KCW,velocity_attitude,True,2087.0,10435.0,2.855395827742571,0.4966406226612678,0.01684972143701612,hz200_fixed_time_h40,FIXED_TIME
hz200_h40,200,40,melon_1.csv,J_KCW,attitude_body_rate,True,1222.0,6110.0,0.04917263869145406,1.3009622546424255,2.131346684962444,hz200_fixed_time_h40,FIXED_TIME
hz200_h40,200,40,melon_1.csv,J_KCW,full_recursive,True,1123.0,5615.0,1.6834840882993533e+80,1.056390269694282,4.553038980040113e+80,hz200_fixed_time_h40,FIXED_TIME
hz200_h40,200,40,melon_2.csv,PF_KCW,velocity_only,True,1322.0,6610.0,4.761036914536011e+37,0.07659251827177672,1.0772961141574394e+38,hz200_fixed_time_h40,FIXED_TIME
hz200_h40,200,40,melon_2.csv,PF_KCW,attitude_only,True,2238.0,11190.0,0.01176320938807008,0.5014695742925276,0.01058767873627515,hz200_fixed_time_h40,FIXED_TIME
hz200_h40,200,40,melon_2.csv,PF_KCW,body_rate_only,True,703.0,3515.0,inf,0.01920235147613204,inf,hz200_fixed_time_h40,FIXED_TIME
hz200_h40,200,40,melon_2.csv,PF_KCW,velocity_attitude,True,1041.0,5205.0,1.1834297753115616e+34,0.3788037539107868,2.6294775700394566e+34,hz200_fixed_time_h40,FIXED_TIME
hz200_h40,200,40,melon_2.csv,PF_KCW,attitude_body_rate,True,782.0,3910.0,3.3336392399507917e+128,0.9869782040139372,1.5468178686358446e+129,hz200_fixed_time_h40,FIXED_TIME
hz200_h40,200,40,melon_2.csv,PF_KCW,full_recursive,True,860.0,4300.0,inf,0.9692179371291595,inf,hz200_fixed_time_h40,FIXED_TIME
hz200_h40,200,40,melon_2.csv,J_KCW,velocity_only,False,,,1.7701884954589409,0.0021196004714920317,0.011295591931767247,hz200_fixed_time_h40,FIXED_TIME
hz200_h40,200,40,melon_2.csv,J_KCW,attitude_only,True,2165.0,10825.0,0.015099557531075171,0.5789835211832285,0.011398061226568197,hz200_fixed_time_h40,FIXED_TIME
hz200_h40,200,40,melon_2.csv,J_KCW,body_rate_only,True,927.0,4635.0,8.612426610883448e+61,0.013923656633593321,2.924717248657182e+62,hz200_fixed_time_h40,FIXED_TIME
hz200_h40,200,40,melon_2.csv,J_KCW,velocity_attitude,True,1997.0,9985.0,2.810248723724741,0.549902086810616,0.015851066651220307,hz200_fixed_time_h40,FIXED_TIME
hz200_h40,200,40,melon_2.csv,J_KCW,attitude_body_rate,True,929.0,4645.0,inf,1.021385898942509,inf,hz200_fixed_time_h40,FIXED_TIME
hz200_h40,200,40,melon_2.csv,J_KCW,full_recursive,True,898.0,4490.0,5.184882296951377,1.4738247892610064,2.2417524467173413,hz200_fixed_time_h40,FIXED_TIME
hz200_h40,200,40,race_track_1.csv,PF_KCW,velocity_only,True,501.0,2505.0,2.3089586980064633e+97,0.08005281675626741,1.1976551347284613e+97,hz200_fixed_time_h40,FIXED_TIME
hz200_h40,200,40,race_track_1.csv,PF_KCW,attitude_only,True,1016.0,5080.0,0.05246918625723074,1.3543451916579654,0.039759528758315864,hz200_fixed_time_h40,FIXED_TIME
hz200_h40,200,40,race_track_1.csv,PF_KCW,body_rate_only,True,635.0,3175.0,2.135381844995274e+50,0.023386538111218647,1.1542796707132986e+50,hz200_fixed_time_h40,FIXED_TIME
hz200_h40,200,40,race_track_1.csv,PF_KCW,velocity_attitude,True,501.0,2505.0,5.8279227025516546e+44,0.5643949664099862,1.3502258979568623e+45,hz200_fixed_time_h40,FIXED_TIME
hz200_h40,200,40,race_track_1.csv,PF_KCW,attitude_body_rate,True,438.0,2190.0,inf,0.5200739687814633,inf,hz200_fixed_time_h40,FIXED_TIME
hz200_h40,200,40,race_track_1.csv,PF_KCW,full_recursive,True,435.0,2175.0,inf,0.5103421690096158,inf,hz200_fixed_time_h40,FIXED_TIME
hz200_h40,200,40,race_track_1.csv,J_KCW,velocity_only,False,,,1.2177928834171834,0.004344975059289615,0.03155138328702175,hz200_fixed_time_h40,FIXED_TIME
hz200_h40,200,40,race_track_1.csv,J_KCW,attitude_only,True,2058.0,10290.0,0.03487133602738561,0.7825610853782325,0.03599890246240818,hz200_fixed_time_h40,FIXED_TIME
hz200_h40,200,40,race_track_1.csv,J_KCW,body_rate_only,True,655.0,3275.0,3.328607559810277e+57,0.04073644473301572,1.2729556140673834e+58,hz200_fixed_time_h40,FIXED_TIME
hz200_h40,200,40,race_track_1.csv,J_KCW,velocity_attitude,True,955.0,4775.0,9.732904043352262,1.5396393983497603,0.06877677798750861,hz200_fixed_time_h40,FIXED_TIME
hz200_h40,200,40,race_track_1.csv,J_KCW,attitude_body_rate,True,434.0,2170.0,9.567575759414553e+43,0.5337001693699484,3.1421722339268777e+44,hz200_fixed_time_h40,FIXED_TIME
hz200_h40,200,40,race_track_1.csv,J_KCW,full_recursive,True,436.0,2180.0,4.575832897324259e+52,0.7446867471877954,1.1460439423199485e+53,hz200_fixed_time_h40,FIXED_TIME
hz200_h40,200,40,race_track_2.csv,PF_KCW,velocity_only,True,525.0,2625.0,1.486358971853845e+55,0.05153993436879225,3.343852060450807e+55,hz200_fixed_time_h40,FIXED_TIME
hz200_h40,200,40,race_track_2.csv,PF_KCW,attitude_only,True,997.0,4985.0,0.06400351355403584,1.4033344495409255,0.05469868249942796,hz200_fixed_time_h40,FIXED_TIME
hz200_h40,200,40,race_track_2.csv,PF_KCW,body_rate_only,True,921.0,4605.0,1.3780185633591937e+111,0.06248754192185473,8.292737142113757e+110,hz200_fixed_time_h40,FIXED_TIME
hz200_h40,200,40,race_track_2.csv,PF_KCW,velocity_attitude,True,519.0,2595.0,4.866574946591103e+63,0.5581771761273652,2.6047537617037443e+63,hz200_fixed_time_h40,FIXED_TIME
hz200_h40,200,40,race_track_2.csv,PF_KCW,attitude_body_rate,True,426.0,2130.0,1.1161133572343862e+132,0.5281146972163485,6.2866517111937854e+131,hz200_fixed_time_h40,FIXED_TIME
hz200_h40,200,40,race_track_2.csv,PF_KCW,full_recursive,True,417.0,2085.0,inf,0.45667109200036077,inf,hz200_fixed_time_h40,FIXED_TIME
hz200_h40,200,40,race_track_2.csv,J_KCW,velocity_only,False,,,0.939488192957632,0.007257083412449165,0.04757467918235431,hz200_fixed_time_h40,FIXED_TIME
hz200_h40,200,40,race_track_2.csv,J_KCW,attitude_only,True,1157.0,5785.0,0.04562604550605717,1.3964614074177657,0.05784333801585772,hz200_fixed_time_h40,FIXED_TIME
hz200_h40,200,40,race_track_2.csv,J_KCW,body_rate_only,True,932.0,4660.0,1.48168856458504e+95,0.0535535670940138,9.265192365393308e+95,hz200_fixed_time_h40,FIXED_TIME
hz200_h40,200,40,race_track_2.csv,J_KCW,velocity_attitude,True,790.0,3950.0,9.991170640632948,1.5095014514078624,0.09789923044711375,hz200_fixed_time_h40,FIXED_TIME
hz200_h40,200,40,race_track_2.csv,J_KCW,attitude_body_rate,True,435.0,2175.0,2.740488240237658e+53,0.4341605071131763,7.980914750711691e+53,hz200_fixed_time_h40,FIXED_TIME
hz200_h40,200,40,race_track_2.csv,J_KCW,full_recursive,True,439.0,2195.0,2.2694486753013446e+68,0.6308960002531004,6.281581005657805e+68,hz200_fixed_time_h40,FIXED_TIME
hz200_h40,200,40,random_points.csv,PF_KCW,velocity_only,True,378.0,1890.0,5.459225878009383e+83,0.17225813780177668,1.200959568209104e+84,hz200_fixed_time_h40,FIXED_TIME
hz200_h40,200,40,random_points.csv,PF_KCW,attitude_only,True,1085.0,5425.0,0.010771884998243216,1.4967113500503562,0.007877524161260138,hz200_fixed_time_h40,FIXED_TIME
hz200_h40,200,40,random_points.csv,PF_KCW,body_rate_only,False,,,0.00747712068486926,0.0020373513345329055,0.7298733567017233,hz200_fixed_time_h40,FIXED_TIME
hz200_h40,200,40,random_points.csv,PF_KCW,velocity_attitude,True,436.0,2180.0,2.484510732771531e+126,0.6876460288710291,5.677575600351951e+126,hz200_fixed_time_h40,FIXED_TIME
hz200_h40,200,40,random_points.csv,PF_KCW,attitude_body_rate,True,1992.0,9960.0,0.013256559548457059,0.6116413389312648,1.0369532416911011,hz200_fixed_time_h40,FIXED_TIME
hz200_h40,200,40,random_points.csv,PF_KCW,full_recursive,True,408.0,2040.0,inf,1.1391171751859621,inf,hz200_fixed_time_h40,FIXED_TIME
hz200_h40,200,40,random_points.csv,J_KCW,velocity_only,False,,,2.886960491425016,0.0030641442993884892,0.00988566334671408,hz200_fixed_time_h40,FIXED_TIME
hz200_h40,200,40,random_points.csv,J_KCW,attitude_only,True,1341.0,6705.0,0.009312867079099198,1.3156460154908969,0.00792627505952208,hz200_fixed_time_h40,FIXED_TIME
hz200_h40,200,40,random_points.csv,J_KCW,body_rate_only,False,,,0.006477156944574979,0.004024694904824553,1.6605152826110912,hz200_fixed_time_h40,FIXED_TIME
hz200_h40,200,40,random_points.csv,J_KCW,velocity_attitude,True,655.0,3275.0,8.05955136473761,1.5939258524640638,0.04223623647974044,hz200_fixed_time_h40,FIXED_TIME
hz200_h40,200,40,random_points.csv,J_KCW,attitude_body_rate,True,1121.0,5605.0,inf,1.0305320102618554,inf,hz200_fixed_time_h40,FIXED_TIME
hz200_h40,200,40,random_points.csv,J_KCW,full_recursive,True,831.0,4155.0,5.302002891321915,1.2512800251512834,1.3571451680206792,hz200_fixed_time_h40,FIXED_TIME
hz200_h40,200,40,slanted_circle_1.csv,PF_KCW,velocity_only,True,287.0,1435.0,2.5293097396680206e+48,0.1395873217584103,4.9232229174766457e+48,hz200_fixed_time_h40,FIXED_TIME
hz200_h40,200,40,slanted_circle_1.csv,PF_KCW,attitude_only,True,1498.0,7490.0,0.007398332154160376,1.204246935598515,0.006617038947380084,hz200_fixed_time_h40,FIXED_TIME
hz200_h40,200,40,slanted_circle_1.csv,PF_KCW,body_rate_only,False,,,0.010882724426191471,0.003918279887163635,1.4013309336884008,hz200_fixed_time_h40,FIXED_TIME
hz200_h40,200,40,slanted_circle_1.csv,PF_KCW,velocity_attitude,True,296.0,1480.0,inf,0.6296572402809946,inf,hz200_fixed_time_h40,FIXED_TIME
hz200_h40,200,40,slanted_circle_1.csv,PF_KCW,attitude_body_rate,True,1040.0,5200.0,0.06147859672432807,1.293858050323338,3.086675338478617,hz200_fixed_time_h40,FIXED_TIME
hz200_h40,200,40,slanted_circle_1.csv,PF_KCW,full_recursive,True,349.0,1745.0,2.4723050825660612e+113,1.2961955078185643,1.4841158940748178e+113,hz200_fixed_time_h40,FIXED_TIME
hz200_h40,200,40,slanted_circle_1.csv,J_KCW,velocity_only,False,,,3.2483290719646813,0.003398947308361213,0.008648381983800751,hz200_fixed_time_h40,FIXED_TIME
hz200_h40,200,40,slanted_circle_1.csv,J_KCW,attitude_only,False,,,0.007439915175956833,0.240228605823198,0.00632553060763292,hz200_fixed_time_h40,FIXED_TIME
hz200_h40,200,40,slanted_circle_1.csv,J_KCW,body_rate_only,False,,,0.009389251836787444,0.006178101401308236,2.034670748976292,hz200_fixed_time_h40,FIXED_TIME
hz200_h40,200,40,slanted_circle_1.csv,J_KCW,velocity_attitude,True,1052.0,5260.0,10.08986043291484,1.3226772923851144,0.05164391722008791,hz200_fixed_time_h40,FIXED_TIME
hz200_h40,200,40,slanted_circle_1.csv,J_KCW,attitude_body_rate,True,826.0,4130.0,7.477300063784229e+82,1.2892000154687806,2.3859869131462862e+83,hz200_fixed_time_h40,FIXED_TIME
hz200_h40,200,40,slanted_circle_1.csv,J_KCW,full_recursive,True,1102.0,5510.0,4.765860969301968,1.1840412701152543,1.4509064593500058,hz200_fixed_time_h40,FIXED_TIME
hz200_h40,200,40,slanted_circle_2.csv,PF_KCW,velocity_only,True,270.0,1350.0,6.067135882592171e+61,0.0827151261101181,1.3757772381278538e+62,hz200_fixed_time_h40,FIXED_TIME
hz200_h40,200,40,slanted_circle_2.csv,PF_KCW,attitude_only,True,1222.0,6110.0,0.01830470033521618,1.3251155109700343,0.010098695545104357,hz200_fixed_time_h40,FIXED_TIME
hz200_h40,200,40,slanted_circle_2.csv,PF_KCW,body_rate_only,False,,,0.016438708719588857,0.002931152297212116,0.8946324337693422,hz200_fixed_time_h40,FIXED_TIME
hz200_h40,200,40,slanted_circle_2.csv,PF_KCW,velocity_attitude,True,277.0,1385.0,inf,0.3953489887888515,inf,hz200_fixed_time_h40,FIXED_TIME
hz200_h40,200,40,slanted_circle_2.csv,PF_KCW,attitude_body_rate,True,931.0,4655.0,inf,1.2731184066795591,inf,hz200_fixed_time_h40,FIXED_TIME
hz200_h40,200,40,slanted_circle_2.csv,PF_KCW,full_recursive,True,274.0,1370.0,3.7958765719363237e+67,0.8151174272082488,2.0401934416616735e+67,hz200_fixed_time_h40,FIXED_TIME
hz200_h40,200,40,slanted_circle_2.csv,J_KCW,velocity_only,False,,,0.6695474983509092,0.0026099121910594454,0.009345500521508442,hz200_fixed_time_h40,FIXED_TIME
hz200_h40,200,40,slanted_circle_2.csv,J_KCW,attitude_only,True,1504.0,7520.0,0.015770092258891755,1.167450142864097,0.00960753077859977,hz200_fixed_time_h40,FIXED_TIME
hz200_h40,200,40,slanted_circle_2.csv,J_KCW,body_rate_only,False,,,0.02944981176336431,0.006902183390941847,1.9794093850488579,hz200_fixed_time_h40,FIXED_TIME
hz200_h40,200,40,slanted_circle_2.csv,J_KCW,velocity_attitude,True,883.0,4415.0,7.44578963786346,1.634846503048735,0.02624389051379537,hz200_fixed_time_h40,FIXED_TIME
hz200_h40,200,40,slanted_circle_2.csv,J_KCW,attitude_body_rate,True,1663.0,8315.0,3.8552720664070564e+34,0.9057816192786232,1.2368863157986784e+35,hz200_fixed_time_h40,FIXED_TIME
hz200_h40,200,40,slanted_circle_2.csv,J_KCW,full_recursive,True,816.0,4080.0,inf,0.5013784210432167,inf,hz200_fixed_time_h40,FIXED_TIME
hz400_h20,400,20,ellipse.csv,PF_KCW,velocity_only,True,2021.0,5052.5,9.938136205046632e+66,0.03045295268889616,1.2801585169698652e+67,hz400_fixed_step_h20,FIXED_STEP
hz400_h20,400,20,ellipse.csv,PF_KCW,attitude_only,True,3684.0,9210.0,0.01788477214564147,1.050314318208332,0.009687530612714114,hz400_fixed_step_h20,FIXED_STEP
hz400_h20,400,20,ellipse.csv,PF_KCW,body_rate_only,True,1180.0,2950.0,2.275885195565879e+65,0.1537237105079749,2.034439617658816e+65,hz400_fixed_step_h20,FIXED_STEP
hz400_h20,400,20,ellipse.csv,PF_KCW,velocity_attitude,True,1876.0,4690.0,1.2387699593925774e+125,0.3748266078474334,5.9612909765133815e+125,hz400_fixed_step_h20,FIXED_STEP
hz400_h20,400,20,ellipse.csv,PF_KCW,attitude_body_rate,True,1480.0,3700.0,2.3217237064282378e+75,1.4221325344757227,1.2063388268433758e+75,hz400_fixed_step_h20,FIXED_STEP
hz400_h20,400,20,ellipse.csv,PF_KCW,full_recursive,True,1652.0,4130.0,1.1511113471153557e+137,1.280274828571214,1.2263888172444991e+137,hz400_fixed_step_h20,FIXED_STEP
hz400_h20,400,20,ellipse.csv,J_KCW,velocity_only,False,,,1.958009933111858,0.0018350011571114928,0.009181257364553117,hz400_fixed_step_h20,FIXED_STEP
hz400_h20,400,20,ellipse.csv,J_KCW,attitude_only,True,3259.0,8147.5,0.016155939529692055,1.1089289053680615,0.009098552250300262,hz400_fixed_step_h20,FIXED_STEP
hz400_h20,400,20,ellipse.csv,J_KCW,body_rate_only,True,1413.0,3532.5,9.770227913856064e+127,0.14838513968828834,1.3215980750282384e+128,hz400_fixed_step_h20,FIXED_STEP
hz400_h20,400,20,ellipse.csv,J_KCW,velocity_attitude,True,3875.0,9687.5,3.391366049927873,0.5448790620727186,0.013602701374012085,hz400_fixed_step_h20,FIXED_STEP
hz400_h20,400,20,ellipse.csv,J_KCW,attitude_body_rate,True,1643.0,4107.5,inf,1.4901265122483955,inf,hz400_fixed_step_h20,FIXED_STEP
hz400_h20,400,20,ellipse.csv,J_KCW,full_recursive,True,1816.0,4540.0,5.525695701349382,1.5698469759128209,2.1876871441087804,hz400_fixed_step_h20,FIXED_STEP
hz400_h20,400,20,lemniscate_1.csv,PF_KCW,velocity_only,True,2836.0,7090.0,1.7543375969666612e+58,0.02540966769833942,2.87617029960355e+58,hz400_fixed_step_h20,FIXED_STEP
hz400_h20,400,20,lemniscate_1.csv,PF_KCW,attitude_only,False,,,0.006367603844927392,0.30565107824687326,0.004125117877461506,hz400_fixed_step_h20,FIXED_STEP
hz400_h20,400,20,lemniscate_1.csv,PF_KCW,body_rate_only,True,1747.0,4367.5,0.7896955835956277,0.13431422952915922,15.9220935987749,hz400_fixed_step_h20,FIXED_STEP
hz400_h20,400,20,lemniscate_1.csv,PF_KCW,velocity_attitude,True,3081.0,7702.5,inf,0.34752208818510877,inf,hz400_fixed_step_h20,FIXED_STEP
hz400_h20,400,20,lemniscate_1.csv,PF_KCW,attitude_body_rate,True,1405.0,3512.5,1.1409495902648839e+106,1.2044994187595144,1.463644653747756e+106,hz400_fixed_step_h20,FIXED_STEP
hz400_h20,400,20,lemniscate_1.csv,PF_KCW,full_recursive,True,1359.0,3397.5,6.811123326814275e+77,0.4837249230664983,5.59745477927284e+77,hz400_fixed_step_h20,FIXED_STEP
hz400_h20,400,20,lemniscate_1.csv,J_KCW,velocity_only,False,,,0.8785669199570934,0.00020433968373529388,0.003522692141924485,hz400_fixed_step_h20,FIXED_STEP
hz400_h20,400,20,lemniscate_1.csv,J_KCW,attitude_only,False,,,0.0053053597645089864,0.32625381404849685,0.0034998634513746076,hz400_fixed_step_h20,FIXED_STEP
hz400_h20,400,20,lemniscate_1.csv,J_KCW,body_rate_only,True,1658.0,4145.0,0.14251362886793204,0.13277232569075287,18.89589712760247,hz400_fixed_step_h20,FIXED_STEP
hz400_h20,400,20,lemniscate_1.csv,J_KCW,velocity_attitude,False,,,1.2695319917540302,0.18400700971339617,0.004440453692774505,hz400_fixed_step_h20,FIXED_STEP
hz400_h20,400,20,lemniscate_1.csv,J_KCW,attitude_body_rate,True,1519.0,3797.5,0.10524205978592592,1.5962883850254024,16.160143484436574,hz400_fixed_step_h20,FIXED_STEP
hz400_h20,400,20,lemniscate_1.csv,J_KCW,full_recursive,True,1587.0,3967.5,4.015542222407266e+41,0.8836119040263654,3.3998820768578632e+41,hz400_fixed_step_h20,FIXED_STEP
hz400_h20,400,20,lemniscate_2.csv,PF_KCW,velocity_only,True,1942.0,4855.0,inf,0.04493029202494496,inf,hz400_fixed_step_h20,FIXED_STEP
hz400_h20,400,20,lemniscate_2.csv,PF_KCW,attitude_only,False,,,0.004572435774016816,0.30370194513781873,0.004480682670529513,hz400_fixed_step_h20,FIXED_STEP
hz400_h20,400,20,lemniscate_2.csv,PF_KCW,body_rate_only,True,2375.0,5937.5,6.2805679679916075e+53,0.037174456821055496,6.185626105486339e+53,hz400_fixed_step_h20,FIXED_STEP
hz400_h20,400,20,lemniscate_2.csv,PF_KCW,velocity_attitude,True,2020.0,5050.0,inf,0.32438334180634143,inf,hz400_fixed_step_h20,FIXED_STEP
hz400_h20,400,20,lemniscate_2.csv,PF_KCW,attitude_body_rate,True,1350.0,3375.0,0.02001280459131685,1.2900303519882959,2.5162224005289975,hz400_fixed_step_h20,FIXED_STEP
hz400_h20,400,20,lemniscate_2.csv,PF_KCW,full_recursive,True,1323.0,3307.5,5.835539842231373e+67,0.32749185635082645,7.620432068036872e+67,hz400_fixed_step_h20,FIXED_STEP
hz400_h20,400,20,lemniscate_2.csv,J_KCW,velocity_only,False,,,0.33851551574859096,0.00043371780739268864,0.004346654366002163,hz400_fixed_step_h20,FIXED_STEP
hz400_h20,400,20,lemniscate_2.csv,J_KCW,attitude_only,False,,,0.0027786111672943514,0.19212806879018018,0.004306246415595941,hz400_fixed_step_h20,FIXED_STEP
hz400_h20,400,20,lemniscate_2.csv,J_KCW,body_rate_only,True,2636.0,6590.0,0.14972100226695945,0.07861501510308579,13.0223389693513,hz400_fixed_step_h20,FIXED_STEP
hz400_h20,400,20,lemniscate_2.csv,J_KCW,velocity_attitude,False,,,1.7432661835876921,0.21626549832604874,0.006248973507375266,hz400_fixed_step_h20,FIXED_STEP
hz400_h20,400,20,lemniscate_2.csv,J_KCW,attitude_body_rate,True,1592.0,3980.0,0.10965708845677223,1.591101800498364,12.549330693664867,hz400_fixed_step_h20,FIXED_STEP
hz400_h20,400,20,lemniscate_2.csv,J_KCW,full_recursive,True,1513.0,3782.5,inf,0.8749193738694524,inf,hz400_fixed_step_h20,FIXED_STEP
hz400_h20,400,20,lemniscate_3.csv,PF_KCW,velocity_only,True,1441.0,3602.5,inf,0.046512501801036395,inf,hz400_fixed_step_h20,FIXED_STEP
hz400_h20,400,20,lemniscate_3.csv,PF_KCW,attitude_only,True,3016.0,7540.0,0.024699302914645692,0.982904156161274,0.020622595402772392,hz400_fixed_step_h20,FIXED_STEP
hz400_h20,400,20,lemniscate_3.csv,PF_KCW,body_rate_only,True,1549.0,3872.5,6.893000141243589e+54,0.018245985481728837,4.0387800114012064e+54,hz400_fixed_step_h20,FIXED_STEP
hz400_h20,400,20,lemniscate_3.csv,PF_KCW,velocity_attitude,True,1466.0,3665.0,1.0317740657764768e+150,0.28783124609756244,1.128159269043518e+150,hz400_fixed_step_h20,FIXED_STEP
hz400_h20,400,20,lemniscate_3.csv,PF_KCW,attitude_body_rate,True,1557.0,3892.5,inf,1.2698119576957863,inf,hz400_fixed_step_h20,FIXED_STEP
hz400_h20,400,20,lemniscate_3.csv,PF_KCW,full_recursive,True,1329.0,3322.5,6.994542719831073e+53,0.8598213942446812,7.394775816842384e+53,hz400_fixed_step_h20,FIXED_STEP
hz400_h20,400,20,lemniscate_3.csv,J_KCW,velocity_only,False,,,0.9308386549515878,0.0025727794316691252,0.01915151964531832,hz400_fixed_step_h20,FIXED_STEP
hz400_h20,400,20,lemniscate_3.csv,J_KCW,attitude_only,True,3093.0,7732.5,0.013473946189081753,0.9726002794738453,0.020424445921667273,hz400_fixed_step_h20,FIXED_STEP
hz400_h20,400,20,lemniscate_3.csv,J_KCW,body_rate_only,True,1467.0,3667.5,9.109243844555056e+119,0.020305976102443755,8.041285278318947e+119,hz400_fixed_step_h20,FIXED_STEP
hz400_h20,400,20,lemniscate_3.csv,J_KCW,velocity_attitude,True,2397.0,5992.5,7.130464409183349,1.2768320550646495,0.045351748656293975,hz400_fixed_step_h20,FIXED_STEP
hz400_h20,400,20,lemniscate_3.csv,J_KCW,attitude_body_rate,True,1577.0,3942.5,7.208536440774818e+120,1.327770666931932,6.879750543146301e+120,hz400_fixed_step_h20,FIXED_STEP
hz400_h20,400,20,lemniscate_3.csv,J_KCW,full_recursive,True,1314.0,3285.0,inf,1.0552875072345818,inf,hz400_fixed_step_h20,FIXED_STEP
hz400_h20,400,20,linear_oscillation.csv,PF_KCW,velocity_only,True,1595.0,3987.5,1.764706327209344e+51,0.03571033303800714,5.118082590304314e+51,hz400_fixed_step_h20,FIXED_STEP
hz400_h20,400,20,linear_oscillation.csv,PF_KCW,attitude_only,False,,,0.008814906209413432,0.5185640102669832,0.007124948311110047,hz400_fixed_step_h20,FIXED_STEP
hz400_h20,400,20,linear_oscillation.csv,PF_KCW,body_rate_only,True,957.0,2392.5,inf,0.17808532167498292,inf,hz400_fixed_step_h20,FIXED_STEP
hz400_h20,400,20,linear_oscillation.csv,PF_KCW,velocity_attitude,True,1644.0,4110.0,1.2065851495158435e+34,0.40338612137410174,1.9525948957571953e+34,hz400_fixed_step_h20,FIXED_STEP
hz400_h20,400,20,linear_oscillation.csv,PF_KCW,attitude_body_rate,True,2153.0,5382.5,inf,1.2187623019523668,inf,hz400_fixed_step_h20,FIXED_STEP
hz400_h20,400,20,linear_oscillation.csv,PF_KCW,full_recursive,True,1016.0,2540.0,1.7100196990327395e+37,0.7203736814285734,3.1460406105549162e+37,hz400_fixed_step_h20,FIXED_STEP
hz400_h20,400,20,linear_oscillation.csv,J_KCW,velocity_only,False,,,0.27545465472204667,0.000586402369815804,0.0064654440599081365,hz400_fixed_step_h20,FIXED_STEP
hz400_h20,400,20,linear_oscillation.csv,J_KCW,attitude_only,True,4362.0,10905.0,0.008419883216258047,0.5591296497172845,0.006512398119556306,hz400_fixed_step_h20,FIXED_STEP
hz400_h20,400,20,linear_oscillation.csv,J_KCW,body_rate_only,True,1055.0,2637.5,0.2810219528100748,0.16618671979189809,22.718471873802606,hz400_fixed_step_h20,FIXED_STEP
hz400_h20,400,20,linear_oscillation.csv,J_KCW,velocity_attitude,False,,,1.3220340943980642,0.1885371174054096,0.007042404357618688,hz400_fixed_step_h20,FIXED_STEP
hz400_h20,400,20,linear_oscillation.csv,J_KCW,attitude_body_rate,True,2196.0,5490.0,0.15907028295133824,1.404389372318106,12.265783987033348,hz400_fixed_step_h20,FIXED_STEP
hz400_h20,400,20,linear_oscillation.csv,J_KCW,full_recursive,True,1081.0,2702.5,1.4537195156646617e+87,0.5553713235504475,1.3107620401102788e+87,hz400_fixed_step_h20,FIXED_STEP
hz400_h20,400,20,melon_1.csv,PF_KCW,velocity_only,True,1923.0,4807.5,inf,0.022574007504282748,inf,hz400_fixed_step_h20,FIXED_STEP
hz400_h20,400,20,melon_1.csv,PF_KCW,attitude_only,False,,,0.005319905493553018,0.368315158427291,0.005381193735093105,hz400_fixed_step_h20,FIXED_STEP
hz400_h20,400,20,melon_1.csv,PF_KCW,body_rate_only,True,3652.0,9130.0,inf,0.009920679839367832,inf,hz400_fixed_step_h20,FIXED_STEP
hz400_h20,400,20,melon_1.csv,PF_KCW,velocity_attitude,True,2320.0,5800.0,2.287713674569525e+84,0.24609053959043178,9.119234327262383e+83,hz400_fixed_step_h20,FIXED_STEP
hz400_h20,400,20,melon_1.csv,PF_KCW,attitude_body_rate,True,1857.0,4642.5,1.1632404593227946e+33,1.156893369437325,2.243303282190805e+33,hz400_fixed_step_h20,FIXED_STEP
hz400_h20,400,20,melon_1.csv,PF_KCW,full_recursive,True,1839.0,4597.5,1.2912204633029887e+50,1.3398627167669426,1.3623097258366376e+50,hz400_fixed_step_h20,FIXED_STEP
hz400_h20,400,20,melon_1.csv,J_KCW,velocity_only,False,,,0.6732157996428877,0.0008277166098340386,0.005478515963684188,hz400_fixed_step_h20,FIXED_STEP
hz400_h20,400,20,melon_1.csv,J_KCW,attitude_only,False,,,0.007179695099488683,0.3935729390241438,0.005583802331578765,hz400_fixed_step_h20,FIXED_STEP
hz400_h20,400,20,melon_1.csv,J_KCW,body_rate_only,True,4023.0,10057.5,0.053418954609015995,0.02964089830563482,5.923107894159076,hz400_fixed_step_h20,FIXED_STEP
hz400_h20,400,20,melon_1.csv,J_KCW,velocity_attitude,True,4203.0,10507.5,2.7562079941318722,0.5466018271096834,0.01205776581558611,hz400_fixed_step_h20,FIXED_STEP
hz400_h20,400,20,melon_1.csv,J_KCW,attitude_body_rate,True,2250.0,5625.0,0.1158638043248284,1.2902698339280172,9.318810727781095,hz400_fixed_step_h20,FIXED_STEP
hz400_h20,400,20,melon_1.csv,J_KCW,full_recursive,True,1936.0,4840.0,6.610065123374771e+57,1.221309526766925,5.6043934897988835e+57,hz400_fixed_step_h20,FIXED_STEP
hz400_h20,400,20,melon_2.csv,PF_KCW,velocity_only,True,2159.0,5397.5,inf,0.01695787974958801,inf,hz400_fixed_step_h20,FIXED_STEP
hz400_h20,400,20,melon_2.csv,PF_KCW,attitude_only,True,4468.0,11170.0,0.006070179042986136,0.501900659291256,0.005529951577529969,hz400_fixed_step_h20,FIXED_STEP
hz400_h20,400,20,melon_2.csv,PF_KCW,body_rate_only,True,2592.0,6480.0,6.839671066479094e+61,0.006905746034037181,7.049558764562048e+61,hz400_fixed_step_h20,FIXED_STEP
hz400_h20,400,20,melon_2.csv,PF_KCW,velocity_attitude,True,3391.0,8477.5,3.62425259006886e+93,0.36578247907483263,1.33506531430114e+93,hz400_fixed_step_h20,FIXED_STEP
hz400_h20,400,20,melon_2.csv,PF_KCW,attitude_body_rate,True,1557.0,3892.5,5.2566747904135005e+78,1.2178869180374192,6.96021758491535e+78,hz400_fixed_step_h20,FIXED_STEP
hz400_h20,400,20,melon_2.csv,PF_KCW,full_recursive,True,1412.0,3530.0,5.318173307967426e+84,1.6862413634176348,7.075623279569409e+84,hz400_fixed_step_h20,FIXED_STEP
hz400_h20,400,20,melon_2.csv,J_KCW,velocity_only,False,,,1.4979529110221397,0.0010553461079410471,0.005852329516473598,hz400_fixed_step_h20,FIXED_STEP
hz400_h20,400,20,melon_2.csv,J_KCW,attitude_only,True,4516.0,11290.0,0.007684626202439138,0.5231041383328441,0.005577334420218122,hz400_fixed_step_h20,FIXED_STEP
hz400_h20,400,20,melon_2.csv,J_KCW,body_rate_only,True,4065.0,10162.5,0.06031415803210468,0.03232803761535662,5.919529581037835,hz400_fixed_step_h20,FIXED_STEP
hz400_h20,400,20,melon_2.csv,J_KCW,velocity_attitude,True,4191.0,10477.5,1.8606388437617618,0.5644292612318653,0.007281723770517476,hz400_fixed_step_h20,FIXED_STEP
hz400_h20,400,20,melon_2.csv,J_KCW,attitude_body_rate,True,1883.0,4707.5,0.145877229487986,1.5933545078996179,11.215677179448898,hz400_fixed_step_h20,FIXED_STEP
hz400_h20,400,20,melon_2.csv,J_KCW,full_recursive,True,1544.0,3860.0,inf,1.0971335466515986,inf,hz400_fixed_step_h20,FIXED_STEP
hz400_h20,400,20,race_track_1.csv,PF_KCW,velocity_only,True,1160.0,2900.0,2.5400346254571226e+115,0.062065258821539404,4.4699539195917515e+115,hz400_fixed_step_h20,FIXED_STEP
hz400_h20,400,20,race_track_1.csv,PF_KCW,attitude_only,True,2148.0,5370.0,0.026417397828748322,1.1388819225351452,0.020452947647163124,hz400_fixed_step_h20,FIXED_STEP
hz400_h20,400,20,race_track_1.csv,PF_KCW,body_rate_only,True,2191.0,5477.5,2.052832766573395e+43,0.017961997740998957,1.9982251301900642e+43,hz400_fixed_step_h20,FIXED_STEP
hz400_h20,400,20,race_track_1.csv,PF_KCW,velocity_attitude,True,1154.0,2885.0,inf,0.6413597045436311,inf,hz400_fixed_step_h20,FIXED_STEP
hz400_h20,400,20,race_track_1.csv,PF_KCW,attitude_body_rate,True,930.0,2325.0,2.0443330528125834e+36,1.73897498569919,2.839475864945951e+36,hz400_fixed_step_h20,FIXED_STEP
hz400_h20,400,20,race_track_1.csv,PF_KCW,full_recursive,True,935.0,2337.5,7.289392553979735e+34,0.8415633224258493,8.66687579797358e+34,hz400_fixed_step_h20,FIXED_STEP
hz400_h20,400,20,race_track_1.csv,J_KCW,velocity_only,False,,,1.158888011393048,0.002188725476445508,0.017562699511112213,hz400_fixed_step_h20,FIXED_STEP
hz400_h20,400,20,race_track_1.csv,J_KCW,attitude_only,True,2233.0,5582.5,0.019434810639683435,0.9054434440917921,0.01927289093996187,hz400_fixed_step_h20,FIXED_STEP
hz400_h20,400,20,race_track_1.csv,J_KCW,body_rate_only,True,1262.0,3155.0,inf,0.10231508438200672,inf,hz400_fixed_step_h20,FIXED_STEP
hz400_h20,400,20,race_track_1.csv,J_KCW,velocity_attitude,True,1888.0,4720.0,7.527183892982069,1.644231811910984,0.03526668218554414,hz400_fixed_step_h20,FIXED_STEP
hz400_h20,400,20,race_track_1.csv,J_KCW,attitude_body_rate,True,952.0,2380.0,0.17714865773358124,1.6493027325438532,11.72884914546792,hz400_fixed_step_h20,FIXED_STEP
hz400_h20,400,20,race_track_1.csv,J_KCW,full_recursive,True,935.0,2337.5,1.1147569491460483e+137,1.3397478537312668,1.7113605420316929e+137,hz400_fixed_step_h20,FIXED_STEP
hz400_h20,400,20,race_track_2.csv,PF_KCW,velocity_only,True,1198.0,2995.0,1.6977920657361157e+49,0.02236148915506388,1.5536636275348784e+49,hz400_fixed_step_h20,FIXED_STEP
hz400_h20,400,20,race_track_2.csv,PF_KCW,attitude_only,True,2069.0,5172.5,0.029988027947558452,1.1612737644661615,0.02776836308645177,hz400_fixed_step_h20,FIXED_STEP
hz400_h20,400,20,race_track_2.csv,PF_KCW,body_rate_only,True,2038.0,5095.0,1.0265605692112196e+104,0.024231323786353204,1.5618140208671106e+104,hz400_fixed_step_h20,FIXED_STEP
hz400_h20,400,20,race_track_2.csv,PF_KCW,velocity_attitude,True,1218.0,3045.0,5.269156138450575e+86,0.5149027838408237,2.033166015995265e+86,hz400_fixed_step_h20,FIXED_STEP
hz400_h20,400,20,race_track_2.csv,PF_KCW,attitude_body_rate,True,965.0,2412.5,inf,1.5194916924638688,inf,hz400_fixed_step_h20,FIXED_STEP
hz400_h20,400,20,race_track_2.csv,PF_KCW,full_recursive,True,948.0,2370.0,1.5348304795564442e+143,0.9914255420835367,1.7068085826039475e+143,hz400_fixed_step_h20,FIXED_STEP
hz400_h20,400,20,race_track_2.csv,J_KCW,velocity_only,False,,,0.9938325295229928,0.0036472326204804464,0.026266909722209106,hz400_fixed_step_h20,FIXED_STEP
hz400_h20,400,20,race_track_2.csv,J_KCW,attitude_only,True,2391.0,5977.5,0.021881045556702696,1.3582364567608047,0.0278145875881336,hz400_fixed_step_h20,FIXED_STEP
hz400_h20,400,20,race_track_2.csv,J_KCW,body_rate_only,True,1952.0,4880.0,4.4373451561219916e+141,0.02193426677364968,4.943880321194078e+141,hz400_fixed_step_h20,FIXED_STEP
hz400_h20,400,20,race_track_2.csv,J_KCW,velocity_attitude,True,1651.0,4127.5,8.777169531816526,1.7170577499485709,0.05269034241822783,hz400_fixed_step_h20,FIXED_STEP
hz400_h20,400,20,race_track_2.csv,J_KCW,attitude_body_rate,True,1012.0,2530.0,1.2658158604243335e+67,1.5061988058782425,1.1083655326544465e+67,hz400_fixed_step_h20,FIXED_STEP
hz400_h20,400,20,race_track_2.csv,J_KCW,full_recursive,True,943.0,2357.5,3.5260247821334104e+108,1.6626210891530508,2.7608923020516747e+108,hz400_fixed_step_h20,FIXED_STEP
hz400_h20,400,20,random_points.csv,PF_KCW,velocity_only,True,901.0,2252.5,inf,0.061492017670196415,inf,hz400_fixed_step_h20,FIXED_STEP
hz400_h20,400,20,random_points.csv,PF_KCW,attitude_only,True,2503.0,6257.5,0.005723368476977854,1.2976301993507884,0.003993952024480486,hz400_fixed_step_h20,FIXED_STEP
hz400_h20,400,20,random_points.csv,PF_KCW,body_rate_only,False,,,0.003398315560321509,0.0012883702738277548,0.8454537372724006,hz400_fixed_step_h20,FIXED_STEP
hz400_h20,400,20,random_points.csv,PF_KCW,velocity_attitude,True,1052.0,2630.0,6.618784381454123e+128,0.5818999824872367,1.042570068933568e+129,hz400_fixed_step_h20,FIXED_STEP
hz400_h20,400,20,random_points.csv,PF_KCW,attitude_body_rate,True,4067.0,10167.5,0.01149895794952283,0.7441289619380804,1.1533887185389637,hz400_fixed_step_h20,FIXED_STEP
hz400_h20,400,20,random_points.csv,PF_KCW,full_recursive,True,1294.0,3235.0,2.6691981757978914e+90,1.0618355943190614,3.034542743199586e+90,hz400_fixed_step_h20,FIXED_STEP
hz400_h20,400,20,random_points.csv,J_KCW,velocity_only,False,,,3.0600188607581926,0.0014474858805583336,0.0050585489044984375,hz400_fixed_step_h20,FIXED_STEP
hz400_h20,400,20,random_points.csv,J_KCW,attitude_only,True,2775.0,6937.5,0.004555081830921371,1.2379428946615532,0.003867780471859764,hz400_fixed_step_h20,FIXED_STEP
hz400_h20,400,20,random_points.csv,J_KCW,body_rate_only,True,2884.0,7210.0,0.04038469059547135,0.016780377163880776,9.924058297939263,hz400_fixed_step_h20,FIXED_STEP
hz400_h20,400,20,random_points.csv,J_KCW,velocity_attitude,True,1514.0,3785.0,8.43737623119868,1.2753643995384034,0.016669713522686157,hz400_fixed_step_h20,FIXED_STEP
hz400_h20,400,20,random_points.csv,J_KCW,attitude_body_rate,True,2529.0,6322.5,0.012554192953450732,1.1383714659400768,1.966638482956225,hz400_fixed_step_h20,FIXED_STEP
hz400_h20,400,20,random_points.csv,J_KCW,full_recursive,True,1804.0,4510.0,4.452946044651676,1.061643126420565,2.0615341600890558,hz400_fixed_step_h20,FIXED_STEP
hz400_h20,400,20,slanted_circle_1.csv,PF_KCW,velocity_only,True,655.0,1637.5,inf,0.07687901975342563,inf,hz400_fixed_step_h20,FIXED_STEP
hz400_h20,400,20,slanted_circle_1.csv,PF_KCW,attitude_only,True,3663.0,9157.5,0.003515900976831287,1.010035834215925,0.0033571746910669967,hz400_fixed_step_h20,FIXED_STEP
hz400_h20,400,20,slanted_circle_1.csv,PF_KCW,body_rate_only,False,,,0.004107977173087605,0.0015812503653619408,1.2034920528344133,hz400_fixed_step_h20,FIXED_STEP
hz400_h20,400,20,slanted_circle_1.csv,PF_KCW,velocity_attitude,True,689.0,1722.5,inf,0.3852224569958473,inf,hz400_fixed_step_h20,FIXED_STEP
hz400_h20,400,20,slanted_circle_1.csv,PF_KCW,attitude_body_rate,True,1976.0,4940.0,2.731033304965619e+78,0.86101487292651,3.444939183174134e+78,hz400_fixed_step_h20,FIXED_STEP
hz400_h20,400,20,slanted_circle_1.csv,PF_KCW,full_recursive,True,1143.0,2857.5,2.487617434047255e+88,1.2842632780504406,2.6646685703114828e+88,hz400_fixed_step_h20,FIXED_STEP
hz400_h20,400,20,slanted_circle_1.csv,J_KCW,velocity_only,False,,,1.7224802875200476,0.0010206476395385135,0.003798618456546082,hz400_fixed_step_h20,FIXED_STEP
hz400_h20,400,20,slanted_circle_1.csv,J_KCW,attitude_only,False,,,0.0037890018828984537,0.3392831844090598,0.0033420241968896334,hz400_fixed_step_h20,FIXED_STEP
hz400_h20,400,20,slanted_circle_1.csv,J_KCW,body_rate_only,True,1950.0,4875.0,0.05449207151471383,0.022772526678516824,13.36957431556163,hz400_fixed_step_h20,FIXED_STEP
hz400_h20,400,20,slanted_circle_1.csv,J_KCW,velocity_attitude,True,2225.0,5562.5,9.384582484991206,1.1313846494346664,0.04748648226379173,hz400_fixed_step_h20,FIXED_STEP
hz400_h20,400,20,slanted_circle_1.csv,J_KCW,attitude_body_rate,True,1598.0,3995.0,0.04923585670197092,1.717316894984165,6.395961884671225,hz400_fixed_step_h20,FIXED_STEP
hz400_h20,400,20,slanted_circle_1.csv,J_KCW,full_recursive,True,1840.0,4600.0,inf,1.26406514721536,inf,hz400_fixed_step_h20,FIXED_STEP
hz400_h20,400,20,slanted_circle_2.csv,PF_KCW,velocity_only,True,1195.0,2987.5,1.2831207880971314e+40,0.04269842847885876,1.7914916636746966e+40,hz400_fixed_step_h20,FIXED_STEP
hz400_h20,400,20,slanted_circle_2.csv,PF_KCW,attitude_only,True,3217.0,8042.5,0.008667374608553725,1.151745802426471,0.004473983586724305,hz400_fixed_step_h20,FIXED_STEP
hz400_h20,400,20,slanted_circle_2.csv,PF_KCW,body_rate_only,False,,,0.008740441864600712,0.0015422485954624564,1.0455826359028397,hz400_fixed_step_h20,FIXED_STEP
hz400_h20,400,20,slanted_circle_2.csv,PF_KCW,velocity_attitude,True,1041.0,2602.5,9.980007270077742e+108,0.5170502201814018,1.2646216035169081e+109,hz400_fixed_step_h20,FIXED_STEP
hz400_h20,400,20,slanted_circle_2.csv,PF_KCW,attitude_body_rate,True,1932.0,4830.0,3.2363606286733834e+39,1.0271342783438255,3.040751506263892e+39,hz400_fixed_step_h20,FIXED_STEP
hz400_h20,400,20,slanted_circle_2.csv,PF_KCW,full_recursive,True,1402.0,3505.0,6.495564332117788e+80,0.9807045941830556,1.3698944347299844e+81,hz400_fixed_step_h20,FIXED_STEP
hz400_h20,400,20,slanted_circle_2.csv,J_KCW,velocity_only,False,,,1.060882358430549,0.0014251992536271545,0.005378953910936666,hz400_fixed_step_h20,FIXED_STEP
hz400_h20,400,20,slanted_circle_2.csv,J_KCW,attitude_only,True,2753.0,6882.5,0.0074911220238849715,1.2518541411216908,0.004650361663424224,hz400_fixed_step_h20,FIXED_STEP
hz400_h20,400,20,slanted_circle_2.csv,J_KCW,body_rate_only,False,,,0.015278890712487728,0.003595559902512914,2.449148650756429,hz400_fixed_step_h20,FIXED_STEP
hz400_h20,400,20,slanted_circle_2.csv,J_KCW,velocity_attitude,True,2859.0,7147.5,3.982518870698606,0.9010872182029955,0.007121664776349696,hz400_fixed_step_h20,FIXED_STEP
hz400_h20,400,20,slanted_circle_2.csv,J_KCW,attitude_body_rate,True,3140.0,7850.0,0.022702197175303966,1.2821366294808205,2.2301763693051573,hz400_fixed_step_h20,FIXED_STEP
hz400_h20,400,20,slanted_circle_2.csv,J_KCW,full_recursive,True,4147.0,10367.5,4.3553587142919135,0.9296800787046542,3.7796760516569643,hz400_fixed_step_h20,FIXED_STEP
hz400_h80,400,80,ellipse.csv,PF_KCW,velocity_only,True,1767.0,4417.5,4.1876459745123474e+111,0.06992167370509607,2.970481082180589e+112,hz400_fixed_time_h80,FIXED_TIME
hz400_h80,400,80,ellipse.csv,PF_KCW,attitude_only,True,2923.0,7307.5,0.01779773234938288,1.1637433201662541,0.010796351590342961,hz400_fixed_time_h80,FIXED_TIME
hz400_h80,400,80,ellipse.csv,PF_KCW,body_rate_only,True,1037.0,2592.5,6.839786860451292e+32,0.015244679926260387,4.151113224332589e+32,hz400_fixed_time_h80,FIXED_TIME
hz400_h80,400,80,ellipse.csv,PF_KCW,velocity_attitude,True,1676.0,4190.0,3.9526375129485755e+112,0.45981266386611364,2.797176936262419e+113,hz400_fixed_time_h80,FIXED_TIME
hz400_h80,400,80,ellipse.csv,PF_KCW,attitude_body_rate,True,1772.0,4430.0,inf,0.8465521197269958,inf,hz400_fixed_time_h80,FIXED_TIME
hz400_h80,400,80,ellipse.csv,PF_KCW,full_recursive,True,1646.0,4115.0,8.427123865477913e+52,1.3540340821514885,5.056258022501864e+52,hz400_fixed_time_h80,FIXED_TIME
hz400_h80,400,80,ellipse.csv,J_KCW,velocity_only,False,,,1.9796031514499624,0.0019035431610755949,0.008707688363921075,hz400_fixed_time_h80,FIXED_TIME
hz400_h80,400,80,ellipse.csv,J_KCW,attitude_only,True,2970.0,7425.0,0.01952566915578632,1.1958735904363145,0.01156353436357622,hz400_fixed_time_h80,FIXED_TIME
hz400_h80,400,80,ellipse.csv,J_KCW,body_rate_only,True,1012.0,2530.0,6.036571295741665e+51,0.013952385768654681,2.776153522797007e+52,hz400_fixed_time_h80,FIXED_TIME
hz400_h80,400,80,ellipse.csv,J_KCW,velocity_attitude,True,3833.0,9582.5,3.8028112485092356,0.613569188661328,0.015542089347927777,hz400_fixed_time_h80,FIXED_TIME
hz400_h80,400,80,ellipse.csv,J_KCW,attitude_body_rate,True,2226.0,5565.0,8.873734716956138e+64,1.1592946040011363,4.1738604338400048e+65,hz400_fixed_time_h80,FIXED_TIME
hz400_h80,400,80,ellipse.csv,J_KCW,full_recursive,True,2010.0,5025.0,4.513835221214799,1.593563019964741,1.47151301331653,hz400_fixed_time_h80,FIXED_TIME
hz400_h80,400,80,lemniscate_1.csv,PF_KCW,velocity_only,True,2523.0,6307.5,inf,0.0676193558270723,inf,hz400_fixed_time_h80,FIXED_TIME
hz400_h80,400,80,lemniscate_1.csv,PF_KCW,attitude_only,False,,,0.005821549312454833,0.29656527187532844,0.004922273613247707,hz400_fixed_time_h80,FIXED_TIME
hz400_h80,400,80,lemniscate_1.csv,PF_KCW,body_rate_only,True,1622.0,4055.0,5.199328200350412e+110,0.009475371531752243,4.145156313126168e+110,hz400_fixed_time_h80,FIXED_TIME
hz400_h80,400,80,lemniscate_1.csv,PF_KCW,velocity_attitude,True,2417.0,6042.5,9.488586589585054e+85,0.3237446637426911,1.4036746651756802e+86,hz400_fixed_time_h80,FIXED_TIME
hz400_h80,400,80,lemniscate_1.csv,PF_KCW,attitude_body_rate,True,1538.0,3845.0,inf,0.9271691358438695,inf,hz400_fixed_time_h80,FIXED_TIME
hz400_h80,400,80,lemniscate_1.csv,PF_KCW,full_recursive,True,1547.0,3867.5,2.5341144764656113e+51,0.6170221769165556,1.5588012678425953e+51,hz400_fixed_time_h80,FIXED_TIME
hz400_h80,400,80,lemniscate_1.csv,J_KCW,velocity_only,False,,,0.8410974466049904,0.00020241406269594876,0.0033457027279113366,hz400_fixed_time_h80,FIXED_TIME
hz400_h80,400,80,lemniscate_1.csv,J_KCW,attitude_only,False,,,0.003629746741209853,0.25951768227778865,0.0037334050605462837,hz400_fixed_time_h80,FIXED_TIME
hz400_h80,400,80,lemniscate_1.csv,J_KCW,body_rate_only,True,1578.0,3945.0,3.483847452447628e+33,0.008267813254577852,1.4422819850645812e+34,hz400_fixed_time_h80,FIXED_TIME
hz400_h80,400,80,lemniscate_1.csv,J_KCW,velocity_attitude,False,,,1.1068094457967028,0.08296541742574459,0.003460463081715571,hz400_fixed_time_h80,FIXED_TIME
hz400_h80,400,80,lemniscate_1.csv,J_KCW,attitude_body_rate,True,1922.0,4805.0,inf,0.7991406897822811,inf,hz400_fixed_time_h80,FIXED_TIME
hz400_h80,400,80,lemniscate_1.csv,J_KCW,full_recursive,True,1599.0,3997.5,6.469683815233961e+67,0.884436162183849,3.012871597167139e+68,hz400_fixed_time_h80,FIXED_TIME
hz400_h80,400,80,lemniscate_2.csv,PF_KCW,velocity_only,True,1544.0,3860.0,5.476596800908133e+150,0.07318860944771478,1.649747593129963e+150,hz400_fixed_time_h80,FIXED_TIME
hz400_h80,400,80,lemniscate_2.csv,PF_KCW,attitude_only,False,,,0.00509432561142894,0.3162198526538289,0.004805634477273002,hz400_fixed_time_h80,FIXED_TIME
hz400_h80,400,80,lemniscate_2.csv,PF_KCW,body_rate_only,True,2201.0,5502.5,1.0244766359250417e+44,0.006821023019199251,6.292373661593976e+43,hz400_fixed_time_h80,FIXED_TIME
hz400_h80,400,80,lemniscate_2.csv,PF_KCW,velocity_attitude,True,1531.0,3827.5,inf,0.4604315073385891,inf,hz400_fixed_time_h80,FIXED_TIME
hz400_h80,400,80,lemniscate_2.csv,PF_KCW,attitude_body_rate,True,1324.0,3310.0,0.016285614372161587,1.1351974434548096,2.8178170284241864,hz400_fixed_time_h80,FIXED_TIME
hz400_h80,400,80,lemniscate_2.csv,PF_KCW,full_recursive,True,1288.0,3220.0,4.441056167220624e+107,0.26444036164645335,2.7582367869959847e+107,hz400_fixed_time_h80,FIXED_TIME
hz400_h80,400,80,lemniscate_2.csv,J_KCW,velocity_only,False,,,0.3969588305998355,0.0004339890842856829,0.004260185372124493,hz400_fixed_time_h80,FIXED_TIME
hz400_h80,400,80,lemniscate_2.csv,J_KCW,attitude_only,False,,,0.0036872427725822376,0.21774590558250334,0.004639689160677688,hz400_fixed_time_h80,FIXED_TIME
hz400_h80,400,80,lemniscate_2.csv,J_KCW,body_rate_only,True,1970.0,4925.0,1.3488923012935983e+146,0.007184054239210351,6.147805395747569e+146,hz400_fixed_time_h80,FIXED_TIME
hz400_h80,400,80,lemniscate_2.csv,J_KCW,velocity_attitude,False,,,1.3931848087092997,0.18039506282835263,0.005191452515833185,hz400_fixed_time_h80,FIXED_TIME
hz400_h80,400,80,lemniscate_2.csv,J_KCW,attitude_body_rate,True,1490.0,3725.0,1.9107856426968478e+35,0.9770904508160237,8.679661034665624e+35,hz400_fixed_time_h80,FIXED_TIME
hz400_h80,400,80,lemniscate_2.csv,J_KCW,full_recursive,True,1401.0,3502.5,5.14356364208974e+96,0.6418442998601052,2.2453072060016633e+97,hz400_fixed_time_h80,FIXED_TIME
hz400_h80,400,80,lemniscate_3.csv,PF_KCW,velocity_only,True,1422.0,3555.0,2.904488983662837e+115,0.17075291284961686,1.08841691593811e+115,hz400_fixed_time_h80,FIXED_TIME
hz400_h80,400,80,lemniscate_3.csv,PF_KCW,attitude_only,True,2872.0,7180.0,0.025136314899553872,1.136581446231266,0.02170802467838287,hz400_fixed_time_h80,FIXED_TIME
hz400_h80,400,80,lemniscate_3.csv,PF_KCW,body_rate_only,True,1042.0,2605.0,8.908563500242581e+95,0.015650370625579144,5.332386322011732e+95,hz400_fixed_time_h80,FIXED_TIME
hz400_h80,400,80,lemniscate_3.csv,PF_KCW,velocity_attitude,True,1387.0,3467.5,inf,0.3125624037485811,inf,hz400_fixed_time_h80,FIXED_TIME
hz400_h80,400,80,lemniscate_3.csv,PF_KCW,attitude_body_rate,True,1345.0,3362.5,2.883240254410748e+37,0.3645420234922124,1.811810587831181e+37,hz400_fixed_time_h80,FIXED_TIME
hz400_h80,400,80,lemniscate_3.csv,PF_KCW,full_recursive,True,1223.0,3057.5,inf,0.3211126227493103,inf,hz400_fixed_time_h80,FIXED_TIME
hz400_h80,400,80,lemniscate_3.csv,J_KCW,velocity_only,False,,,1.0332395550449174,0.002644539218656907,0.017807326387239236,hz400_fixed_time_h80,FIXED_TIME
hz400_h80,400,80,lemniscate_3.csv,J_KCW,attitude_only,True,3035.0,7587.5,0.013430499149759407,0.9625591921240702,0.01951604474277895,hz400_fixed_time_h80,FIXED_TIME
hz400_h80,400,80,lemniscate_3.csv,J_KCW,body_rate_only,True,1110.0,2775.0,1.0009152700366657e+40,0.011620119161256161,4.307213273579105e+40,hz400_fixed_time_h80,FIXED_TIME
hz400_h80,400,80,lemniscate_3.csv,J_KCW,velocity_attitude,True,2353.0,5882.5,7.022565299113412,1.384551418945982,0.035263191568924074,hz400_fixed_time_h80,FIXED_TIME
hz400_h80,400,80,lemniscate_3.csv,J_KCW,attitude_body_rate,True,1361.0,3402.5,inf,0.4005475509217546,inf,hz400_fixed_time_h80,FIXED_TIME
hz400_h80,400,80,lemniscate_3.csv,J_KCW,full_recursive,True,1261.0,3152.5,3.290813191673574e+120,0.36831910622672975,1.5576045336682803e+121,hz400_fixed_time_h80,FIXED_TIME
hz400_h80,400,80,linear_oscillation.csv,PF_KCW,velocity_only,True,1659.0,4147.5,1.6067972916064064e+64,0.07449285424960697,7.704220033834417e+64,hz400_fixed_time_h80,FIXED_TIME
hz400_h80,400,80,linear_oscillation.csv,PF_KCW,attitude_only,False,,,0.010423014690800505,0.671542358833338,0.008388197349361526,hz400_fixed_time_h80,FIXED_TIME
hz400_h80,400,80,linear_oscillation.csv,PF_KCW,body_rate_only,True,912.0,2280.0,inf,0.013834108519549415,inf,hz400_fixed_time_h80,FIXED_TIME
hz400_h80,400,80,linear_oscillation.csv,PF_KCW,velocity_attitude,True,2215.0,5537.5,5.405734397025119e+102,0.6417735353136707,3.3774874571556133e+102,hz400_fixed_time_h80,FIXED_TIME
hz400_h80,400,80,linear_oscillation.csv,PF_KCW,attitude_body_rate,True,1886.0,4715.0,3.540842406260734e+87,0.7577989424095177,2.462828373180978e+87,hz400_fixed_time_h80,FIXED_TIME
hz400_h80,400,80,linear_oscillation.csv,PF_KCW,full_recursive,True,1048.0,2620.0,inf,0.7334744100402274,inf,hz400_fixed_time_h80,FIXED_TIME
hz400_h80,400,80,linear_oscillation.csv,J_KCW,velocity_only,False,,,0.394109982466409,0.0005715365548151824,0.006259807802775259,hz400_fixed_time_h80,FIXED_TIME
hz400_h80,400,80,linear_oscillation.csv,J_KCW,attitude_only,True,4367.0,10917.5,0.008814693074735511,0.5809581438314934,0.0074866972557962146,hz400_fixed_time_h80,FIXED_TIME
hz400_h80,400,80,linear_oscillation.csv,J_KCW,body_rate_only,True,872.0,2180.0,inf,0.015753877003159323,inf,hz400_fixed_time_h80,FIXED_TIME
hz400_h80,400,80,linear_oscillation.csv,J_KCW,velocity_attitude,False,,,1.249869651054452,0.19453930829430716,0.006887284545039635,hz400_fixed_time_h80,FIXED_TIME
hz400_h80,400,80,linear_oscillation.csv,J_KCW,attitude_body_rate,True,1749.0,4372.5,1.2094118245496598e+148,0.4235178683705382,5.28191761122689e+148,hz400_fixed_time_h80,FIXED_TIME
hz400_h80,400,80,linear_oscillation.csv,J_KCW,full_recursive,True,1115.0,2787.5,6.915047050800213e+101,0.5594909989324709,3.198449036900896e+102,hz400_fixed_time_h80,FIXED_TIME
hz400_h80,400,80,melon_1.csv,PF_KCW,velocity_only,True,2078.0,5195.0,2.267204739680828e+121,0.07001122842820928,2.1922644399071663e+121,hz400_fixed_time_h80,FIXED_TIME
hz400_h80,400,80,melon_1.csv,PF_KCW,attitude_only,False,,,0.006031158487892222,0.39202693520986476,0.005444773725873402,hz400_fixed_time_h80,FIXED_TIME
hz400_h80,400,80,melon_1.csv,PF_KCW,body_rate_only,True,1157.0,2892.5,1.7594189270624082e+138,0.011031652323133226,1.0399459322424957e+138,hz400_fixed_time_h80,FIXED_TIME
hz400_h80,400,80,melon_1.csv,PF_KCW,velocity_attitude,True,2022.0,5055.0,1.5606268235796438e+64,0.3696961057744407,1.0795304098024607e+65,hz400_fixed_time_h80,FIXED_TIME
hz400_h80,400,80,melon_1.csv,PF_KCW,attitude_body_rate,True,1722.0,4305.0,inf,0.8653709190581221,inf,hz400_fixed_time_h80,FIXED_TIME
hz400_h80,400,80,melon_1.csv,PF_KCW,full_recursive,True,1883.0,4707.5,6.7512951077900125e+37,1.1887922780450602,4.159590485715055e+37,hz400_fixed_time_h80,FIXED_TIME
hz400_h80,400,80,melon_1.csv,J_KCW,velocity_only,False,,,0.9499669394179087,0.0008497511994229734,0.005367316331329124,hz400_fixed_time_h80,FIXED_TIME
hz400_h80,400,80,melon_1.csv,J_KCW,attitude_only,False,,,0.007118578825610404,0.4156570069533033,0.005954613008481147,hz400_fixed_time_h80,FIXED_TIME
hz400_h80,400,80,melon_1.csv,J_KCW,body_rate_only,True,1177.0,2942.5,4.181315345465586e+79,0.010742027696482007,1.8565981333903923e+80,hz400_fixed_time_h80,FIXED_TIME
hz400_h80,400,80,melon_1.csv,J_KCW,velocity_attitude,True,4316.0,10790.0,2.4271862792687346,0.4167621833773973,0.007163531083951667,hz400_fixed_time_h80,FIXED_TIME
hz400_h80,400,80,melon_1.csv,J_KCW,attitude_body_rate,True,2440.0,6100.0,2.2269013128167216e+123,0.8864261726013157,1.0425260929781219e+124,hz400_fixed_time_h80,FIXED_TIME
hz400_h80,400,80,melon_1.csv,J_KCW,full_recursive,True,2251.0,5627.5,2.1785114390023905e+65,0.8968852725757012,9.224643686048005e+65,hz400_fixed_time_h80,FIXED_TIME
hz400_h80,400,80,melon_2.csv,PF_KCW,velocity_only,True,2311.0,5777.5,6.274517348634653e+93,0.07045825983620964,4.11475976055281e+94,hz400_fixed_time_h80,FIXED_TIME
hz400_h80,400,80,melon_2.csv,PF_KCW,attitude_only,True,4487.0,11217.5,0.006329501176107669,0.5159090078397561,0.005456792806012274,hz400_fixed_time_h80,FIXED_TIME
hz400_h80,400,80,melon_2.csv,PF_KCW,body_rate_only,True,1562.0,3905.0,1.8533702666860308e+54,0.00878006829851655,1.0884303497088497e+54,hz400_fixed_time_h80,FIXED_TIME
hz400_h80,400,80,melon_2.csv,PF_KCW,velocity_attitude,True,1989.0,4972.5,5.508791179419373e+33,0.38819344345647544,2.416928532428119e+34,hz400_fixed_time_h80,FIXED_TIME
hz400_h80,400,80,melon_2.csv,PF_KCW,attitude_body_rate,True,1576.0,3940.0,5.374810169847701e+40,0.9902972655579457,3.325697489234357e+40,hz400_fixed_time_h80,FIXED_TIME
hz400_h80,400,80,melon_2.csv,PF_KCW,full_recursive,True,1564.0,3910.0,inf,1.2036823344562773,inf,hz400_fixed_time_h80,FIXED_TIME
hz400_h80,400,80,melon_2.csv,J_KCW,velocity_only,False,,,1.7764859319578863,0.001076247883336892,0.005796431651415826,hz400_fixed_time_h80,FIXED_TIME
hz400_h80,400,80,melon_2.csv,J_KCW,attitude_only,True,4413.0,11032.5,0.007886626375422402,0.5843299431446471,0.0058789235485988125,hz400_fixed_time_h80,FIXED_TIME
hz400_h80,400,80,melon_2.csv,J_KCW,body_rate_only,True,2692.0,6730.0,1.3470219111509023e+79,0.008590217733862609,6.27630686148375e+79,hz400_fixed_time_h80,FIXED_TIME
hz400_h80,400,80,melon_2.csv,J_KCW,velocity_attitude,True,4023.0,10057.5,2.3803433800882656,0.526669312958685,0.006567794990058132,hz400_fixed_time_h80,FIXED_TIME
hz400_h80,400,80,melon_2.csv,J_KCW,attitude_body_rate,True,1938.0,4845.0,8.045512333922928e+95,1.0883756796523096,3.7570451087132015e+96,hz400_fixed_time_h80,FIXED_TIME
hz400_h80,400,80,melon_2.csv,J_KCW,full_recursive,True,1831.0,4577.5,5.210127307452729,1.4147842220078337,2.2601534196289426,hz400_fixed_time_h80,FIXED_TIME
hz400_h80,400,80,race_track_1.csv,PF_KCW,velocity_only,True,995.0,2487.5,inf,0.15906933167805537,inf,hz400_fixed_time_h80,FIXED_TIME
hz400_h80,400,80,race_track_1.csv,PF_KCW,attitude_only,True,2016.0,5040.0,0.025820723237788893,1.3176120279395374,0.020312972583137193,hz400_fixed_time_h80,FIXED_TIME
hz400_h80,400,80,race_track_1.csv,PF_KCW,body_rate_only,True,1225.0,3062.5,2.2668960304829113e+82,0.009599922569099053,1.4528797167203035e+82,hz400_fixed_time_h80,FIXED_TIME
hz400_h80,400,80,race_track_1.csv,PF_KCW,velocity_attitude,True,988.0,2470.0,4.5626998096403746e+112,0.697077305222068,7.27893767026381e+112,hz400_fixed_time_h80,FIXED_TIME
hz400_h80,400,80,race_track_1.csv,PF_KCW,attitude_body_rate,True,870.0,2175.0,inf,0.5244322382348512,inf,hz400_fixed_time_h80,FIXED_TIME
hz400_h80,400,80,race_track_1.csv,PF_KCW,full_recursive,True,862.0,2155.0,8.784045221075466e+40,0.5274745014081877,5.259325874009452e+40,hz400_fixed_time_h80,FIXED_TIME
hz400_h80,400,80,race_track_1.csv,J_KCW,velocity_only,False,,,1.1876556086531418,0.0021838422451529805,0.016070777200240083,hz400_fixed_time_h80,FIXED_TIME
hz400_h80,400,80,race_track_1.csv,J_KCW,attitude_only,True,2299.0,5747.5,0.018092710108637614,0.8090799195798339,0.018637520415902553,hz400_fixed_time_h80,FIXED_TIME
hz400_h80,400,80,race_track_1.csv,J_KCW,body_rate_only,True,2228.0,5570.0,6.671547100590133e+96,0.019563702912541787,3.1392920464522923e+97,hz400_fixed_time_h80,FIXED_TIME
hz400_h80,400,80,race_track_1.csv,J_KCW,velocity_attitude,True,1820.0,4550.0,9.58581420321352,1.7755426494847184,0.03359777041029432,hz400_fixed_time_h80,FIXED_TIME
hz400_h80,400,80,race_track_1.csv,J_KCW,attitude_body_rate,True,879.0,2197.5,1.172565055935574e+142,0.4836699526313735,5.486781235027943e+142,hz400_fixed_time_h80,FIXED_TIME
hz400_h80,400,80,race_track_1.csv,J_KCW,full_recursive,True,873.0,2182.5,6.235407488864559e+114,0.6957782193899859,2.9070936604618127e+115,hz400_fixed_time_h80,FIXED_TIME
hz400_h80,400,80,race_track_2.csv,PF_KCW,velocity_only,True,1021.0,2552.5,inf,0.08320411383390235,inf,hz400_fixed_time_h80,FIXED_TIME
hz400_h80,400,80,race_track_2.csv,PF_KCW,attitude_only,True,1976.0,4940.0,0.031974206883047834,1.3671183224188894,0.02771455676074832,hz400_fixed_time_h80,FIXED_TIME
hz400_h80,400,80,race_track_2.csv,PF_KCW,body_rate_only,True,1874.0,4685.0,1.235682304437949e+135,0.039447110989902376,7.928512295506623e+134,hz400_fixed_time_h80,FIXED_TIME
hz400_h80,400,80,race_track_2.csv,PF_KCW,velocity_attitude,True,1020.0,2550.0,1.031100298185727e+91,0.6686105719874124,6.2452412223977715e+91,hz400_fixed_time_h80,FIXED_TIME
hz400_h80,400,80,race_track_2.csv,PF_KCW,attitude_body_rate,True,858.0,2145.0,inf,0.5779024593721143,inf,hz400_fixed_time_h80,FIXED_TIME
hz400_h80,400,80,race_track_2.csv,PF_KCW,full_recursive,True,842.0,2105.0,5.0858296124744496e+126,0.45189640725451774,3.040416730260247e+126,hz400_fixed_time_h80,FIXED_TIME
hz400_h80,400,80,race_track_2.csv,J_KCW,velocity_only,False,,,0.940321355141488,0.0036501967027059348,0.0242407950152274,hz400_fixed_time_h80,FIXED_TIME
hz400_h80,400,80,race_track_2.csv,J_KCW,attitude_only,True,2316.0,5790.0,0.02196908868077842,1.366094030026209,0.029240498773112206,hz400_fixed_time_h80,FIXED_TIME
hz400_h80,400,80,race_track_2.csv,J_KCW,body_rate_only,True,1924.0,4810.0,1.815371625642908e+61,0.02782017763332228,8.908428993170188e+61,hz400_fixed_time_h80,FIXED_TIME
hz400_h80,400,80,race_track_2.csv,J_KCW,velocity_attitude,True,1548.0,3870.0,9.476797052288562,1.4630171222591464,0.04566044599630606,hz400_fixed_time_h80,FIXED_TIME
hz400_h80,400,80,race_track_2.csv,J_KCW,attitude_body_rate,True,878.0,2195.0,inf,0.4261406904526182,inf,hz400_fixed_time_h80,FIXED_TIME
hz400_h80,400,80,race_track_2.csv,J_KCW,full_recursive,True,880.0,2200.0,1.2735227717182452e+148,0.5618609421548211,1.7621756603722781e+148,hz400_fixed_time_h80,FIXED_TIME
hz400_h80,400,80,random_points.csv,PF_KCW,velocity_only,True,840.0,2100.0,3.4966719633962023e+46,0.10598486618097565,2.7266416434774894e+46,hz400_fixed_time_h80,FIXED_TIME
hz400_h80,400,80,random_points.csv,PF_KCW,attitude_only,True,2591.0,6477.5,0.005258835831743305,1.274203009760194,0.004116707932597222,hz400_fixed_time_h80,FIXED_TIME
hz400_h80,400,80,random_points.csv,PF_KCW,body_rate_only,False,,,0.0033158061625552233,0.0017320808148450384,1.1108060231332166,hz400_fixed_time_h80,FIXED_TIME
hz400_h80,400,80,random_points.csv,PF_KCW,velocity_attitude,True,976.0,2440.0,5.804124339454387e+97,1.0031962970157882,3.6025518882736695e+98,hz400_fixed_time_h80,FIXED_TIME
hz400_h80,400,80,random_points.csv,PF_KCW,attitude_body_rate,True,2813.0,7032.5,6.070043513130234e+83,0.8961571821223128,3.7098001984222387e+83,hz400_fixed_time_h80,FIXED_TIME
hz400_h80,400,80,random_points.csv,PF_KCW,full_recursive,True,936.0,2340.0,2.138311327448266e+122,1.164461297020655,1.290630526169507e+122,hz400_fixed_time_h80,FIXED_TIME
hz400_h80,400,80,random_points.csv,J_KCW,velocity_only,False,,,2.6300990444662817,0.0013286808415690066,0.004848371409729756,hz400_fixed_time_h80,FIXED_TIME
hz400_h80,400,80,random_points.csv,J_KCW,attitude_only,True,2984.0,7460.0,0.004345003591926086,1.1375675090588488,0.004043058506978547,hz400_fixed_time_h80,FIXED_TIME
hz400_h80,400,80,random_points.csv,J_KCW,body_rate_only,True,3687.0,9217.5,4.27824153720753e+96,0.00514522180830831,2.011924508965228e+97,hz400_fixed_time_h80,FIXED_TIME
hz400_h80,400,80,random_points.csv,J_KCW,velocity_attitude,True,1504.0,3760.0,7.411773476909531,1.44556388792809,0.020185892230537288,hz400_fixed_time_h80,FIXED_TIME
hz400_h80,400,80,random_points.csv,J_KCW,attitude_body_rate,True,2769.0,6922.5,3.7937626431276934e+51,0.8874174718709479,1.7514853879137526e+52,hz400_fixed_time_h80,FIXED_TIME
hz400_h80,400,80,random_points.csv,J_KCW,full_recursive,True,2122.0,5305.0,4.791102904922148,1.0770470485203723,1.260158391883122,hz400_fixed_time_h80,FIXED_TIME
hz400_h80,400,80,slanted_circle_1.csv,PF_KCW,velocity_only,True,585.0,1462.5,2.8137019423872986e+35,0.12121254057588225,1.73334710893535e+35,hz400_fixed_time_h80,FIXED_TIME
hz400_h80,400,80,slanted_circle_1.csv,PF_KCW,attitude_only,True,3862.0,9655.0,0.00313189237866075,0.9504815662156318,0.0033476354194467697,hz400_fixed_time_h80,FIXED_TIME
hz400_h80,400,80,slanted_circle_1.csv,PF_KCW,body_rate_only,False,,,0.005535099355669989,0.002134593531468866,1.5012524944137888,hz400_fixed_time_h80,FIXED_TIME
hz400_h80,400,80,slanted_circle_1.csv,PF_KCW,velocity_attitude,True,605.0,1512.5,1.497942843620162e+50,0.6435913359850103,8.851655567874817e+50,hz400_fixed_time_h80,FIXED_TIME
hz400_h80,400,80,slanted_circle_1.csv,PF_KCW,attitude_body_rate,True,1897.0,4742.5,0.026200916609605066,1.2961618346592245,2.713460581129851,hz400_fixed_time_h80,FIXED_TIME
hz400_h80,400,80,slanted_circle_1.csv,PF_KCW,full_recursive,True,765.0,1912.5,5.540304618558001e+85,1.4547841650951598,3.0127115520583064e+85,hz400_fixed_time_h80,FIXED_TIME
hz400_h80,400,80,slanted_circle_1.csv,J_KCW,velocity_only,False,,,2.02754709044126,0.0011677140802407303,0.003757680563127382,hz400_fixed_time_h80,FIXED_TIME
hz400_h80,400,80,slanted_circle_1.csv,J_KCW,attitude_only,False,,,0.003372136471678289,0.22302719282064346,0.00328283077178557,hz400_fixed_time_h80,FIXED_TIME
hz400_h80,400,80,slanted_circle_1.csv,J_KCW,body_rate_only,False,,,0.005694825055144115,0.003917491773417861,2.3683784710717197,hz400_fixed_time_h80,FIXED_TIME
hz400_h80,400,80,slanted_circle_1.csv,J_KCW,velocity_attitude,True,2140.0,5350.0,8.54457232124188,1.2273721941673041,0.014631472427745044,hz400_fixed_time_h80,FIXED_TIME
hz400_h80,400,80,slanted_circle_1.csv,J_KCW,attitude_body_rate,True,1585.0,3962.5,inf,1.1351367437411766,inf,hz400_fixed_time_h80,FIXED_TIME
hz400_h80,400,80,slanted_circle_1.csv,J_KCW,full_recursive,True,1874.0,4685.0,1.7548619884843794e+71,0.9678030165680129,8.326407511814568e+71,hz400_fixed_time_h80,FIXED_TIME
hz400_h80,400,80,slanted_circle_2.csv,PF_KCW,velocity_only,True,579.0,1447.5,5.802532904311787e+35,0.08835068155516425,3.7000700286221605e+36,hz400_fixed_time_h80,FIXED_TIME
hz400_h80,400,80,slanted_circle_2.csv,PF_KCW,attitude_only,True,3493.0,8732.5,0.007975378537592446,1.0828309883232425,0.00485726931825644,hz400_fixed_time_h80,FIXED_TIME
hz400_h80,400,80,slanted_circle_2.csv,PF_KCW,body_rate_only,False,,,0.009059829294856195,0.0015471556530677675,1.0125085005879813,hz400_fixed_time_h80,FIXED_TIME
hz400_h80,400,80,slanted_circle_2.csv,PF_KCW,velocity_attitude,True,591.0,1477.5,1.1373079932605006e+45,0.4180121460176679,6.48910585100567e+45,hz400_fixed_time_h80,FIXED_TIME
hz400_h80,400,80,slanted_circle_2.csv,PF_KCW,attitude_body_rate,True,1783.0,4457.5,1.1002466352788674e+106,1.1667946939049254,6.910262057518875e+105,hz400_fixed_time_h80,FIXED_TIME
hz400_h80,400,80,slanted_circle_2.csv,PF_KCW,full_recursive,True,584.0,1460.0,2.0878193691774885e+97,0.9025142367853172,1.2571604689325615e+97,hz400_fixed_time_h80,FIXED_TIME
hz400_h80,400,80,slanted_circle_2.csv,J_KCW,velocity_only,False,,,0.8265346561197382,0.0013334298734868888,0.005010946749362128,hz400_fixed_time_h80,FIXED_TIME
hz400_h80,400,80,slanted_circle_2.csv,J_KCW,attitude_only,True,4270.0,10675.0,0.00733143540139413,0.9452686735090097,0.004716067412674343,hz400_fixed_time_h80,FIXED_TIME
hz400_h80,400,80,slanted_circle_2.csv,J_KCW,body_rate_only,True,4778.0,11945.0,0.01806245865618467,0.004459089689970419,2.4612218407509214,hz400_fixed_time_h80,FIXED_TIME
hz400_h80,400,80,slanted_circle_2.csv,J_KCW,velocity_attitude,True,2110.0,5275.0,5.995799618516245,1.2293854990939213,0.009802347425222735,hz400_fixed_time_h80,FIXED_TIME
hz400_h80,400,80,slanted_circle_2.csv,J_KCW,attitude_body_rate,True,3129.0,7822.5,inf,0.6885078514922959,inf,hz400_fixed_time_h80,FIXED_TIME
hz400_h80,400,80,slanted_circle_2.csv,J_KCW,full_recursive,True,1712.0,4280.0,1.2817476516750273e+34,0.4672860297104,6.035548079215481e+34,hz400_fixed_time_h80,FIXED_TIME
