evaluation_key,sampling_rate_hz,dt_seconds,history_steps,history_duration_ms,trajectory_id,route,resync_interval_steps,resync_interval_ms,diverged,t_diverge_steps,t_diverge_ms,velocity_error,attitude_error,body_rate_error,within_reliable_envelope_fraction,trajectory_reliable,runtime_seconds,condition_id,history_mode
hz100_h20,100,0.01,20,200.0,ellipse.csv,PF_KCW,1,10.0,False,,,0.05348910962569422,0.00941290412332901,0.03496094170254236,1.0,True,1.0681369602680206,hz100_fixed_step_h20,FIXED_STEP
hz100_h20,100,0.01,20,200.0,ellipse.csv,PF_KCW,5,50.0,False,,,0.16208077579492736,0.027936893773771673,0.08892239037807868,1.0,True,1.063356913626194,hz100_fixed_step_h20,FIXED_STEP
hz100_h20,100,0.01,20,200.0,ellipse.csv,PF_KCW,10,100.0,False,,,0.30377755188221234,0.05094603823805086,0.15318882838280246,0.9933333333333333,True,1.0618523731827736,hz100_fixed_step_h20,FIXED_STEP
hz100_h20,100,0.01,20,200.0,ellipse.csv,PF_KCW,20,200.0,False,,,0.5972035948234473,0.09783647748152333,0.2935117326392296,0.9233333333333333,True,1.0617148131132126,hz100_fixed_step_h20,FIXED_STEP
hz100_h20,100,0.01,20,200.0,ellipse.csv,PF_KCW,50,500.0,True,944.0,9440.0,1.493430861621303,0.24987665962044095,0.6237035048861311,0.81,False,1.0617514923214912,hz100_fixed_step_h20,FIXED_STEP
hz100_h20,100,0.01,20,200.0,ellipse.csv,PF_KCW,100,1000.0,True,944.0,9440.0,2.565807574733389,0.4391194009154594,1.04251967068814,0.7308333333333333,False,1.0572812855243683,hz100_fixed_step_h20,FIXED_STEP
hz100_h20,100,0.01,20,200.0,ellipse.csv,PF_KCW,infinity,,True,501.0,5010.0,6.308676305004254e+74,0.7085804978461847,5.059552973009347e+74,0.16583333333333333,False,0.5986358225345612,hz100_fixed_step_h20,FIXED_STEP
hz100_h20,100,0.01,20,200.0,ellipse.csv,J_KCW,1,10.0,False,,,0.018005175978110327,0.009362992442628271,0.03104331184771881,1.0,True,1.0612481385469437,hz100_fixed_step_h20,FIXED_STEP
hz100_h20,100,0.01,20,200.0,ellipse.csv,J_KCW,5,50.0,False,,,0.05593066854049506,0.027442041610284143,0.07555129260576147,1.0,True,1.0577750951051712,hz100_fixed_step_h20,FIXED_STEP
hz100_h20,100,0.01,20,200.0,ellipse.csv,J_KCW,10,100.0,False,,,0.10877224931559205,0.04922041874808237,0.12374408248690046,0.9733333333333334,True,1.0572546571493149,hz100_fixed_step_h20,FIXED_STEP
hz100_h20,100,0.01,20,200.0,ellipse.csv,J_KCW,20,200.0,False,,,0.23887651329037135,0.09068255051088216,0.22544364831775898,0.8616666666666667,False,1.0585919469594955,hz100_fixed_step_h20,FIXED_STEP
hz100_h20,100,0.01,20,200.0,ellipse.csv,J_KCW,50,500.0,True,945.0,9450.0,0.77495739328761,0.20125156620142376,0.5020743365867965,0.6975,False,1.058842658996582,hz100_fixed_step_h20,FIXED_STEP
hz100_h20,100,0.01,20,200.0,ellipse.csv,J_KCW,100,1000.0,True,945.0,9450.0,1.843802121515861,0.41639822228692136,0.8903743331701497,0.5683333333333334,False,1.060051903128624,hz100_fixed_step_h20,FIXED_STEP
hz100_h20,100,0.01,20,200.0,ellipse.csv,J_KCW,infinity,,True,460.0,4600.0,3.2355090851023076e+33,1.0646163933745392,1.1341169489852075e+34,0.10583333333333333,False,0.8167372643947601,hz100_fixed_step_h20,FIXED_STEP
hz100_h20,100,0.01,20,200.0,lemniscate_1.csv,PF_KCW,1,10.0,False,,,0.006246107455766534,0.0007913734431368441,0.011434479930361148,1.0,True,1.089392401278019,hz100_fixed_step_h20,FIXED_STEP
hz100_h20,100,0.01,20,200.0,lemniscate_1.csv,PF_KCW,5,50.0,False,,,0.018517460637568112,0.002350849938446688,0.023821351377225554,1.0,True,1.0880955159664154,hz100_fixed_step_h20,FIXED_STEP
hz100_h20,100,0.01,20,200.0,lemniscate_1.csv,PF_KCW,10,100.0,False,,,0.03382917816054509,0.004357756663618722,0.03385661462567025,1.0,True,1.0900198742747307,hz100_fixed_step_h20,FIXED_STEP
hz100_h20,100,0.01,20,200.0,lemniscate_1.csv,PF_KCW,20,200.0,False,,,0.06616193996180397,0.008949722388298206,0.05275605785527024,1.0,True,1.0915579423308372,hz100_fixed_step_h20,FIXED_STEP
hz100_h20,100,0.01,20,200.0,lemniscate_1.csv,PF_KCW,50,500.0,False,,,0.17303128202277113,0.02684313473031309,0.10677986901204789,1.0,True,1.0877516493201256,hz100_fixed_step_h20,FIXED_STEP
hz100_h20,100,0.01,20,200.0,lemniscate_1.csv,PF_KCW,100,1000.0,False,,,0.4129693688368617,0.065036588462146,0.1952600087652834,1.0,True,1.0879753530025482,hz100_fixed_step_h20,FIXED_STEP
hz100_h20,100,0.01,20,200.0,lemniscate_1.csv,PF_KCW,infinity,,True,401.0,4010.0,1.3862715346358787e+110,0.9750846632807263,2.1160536160944794e+110,0.22166666666666668,False,0.593755766749382,hz100_fixed_step_h20,FIXED_STEP
hz100_h20,100,0.01,20,200.0,lemniscate_1.csv,J_KCW,1,10.0,False,,,0.0024755943501867834,0.0006407451871154054,0.011613567240569877,1.0,True,1.0607759580016136,hz100_fixed_step_h20,FIXED_STEP
hz100_h20,100,0.01,20,200.0,lemniscate_1.csv,J_KCW,5,50.0,False,,,0.00715355613716626,0.0018573188373444815,0.024587974396999265,1.0,True,1.0595894828438759,hz100_fixed_step_h20,FIXED_STEP
hz100_h20,100,0.01,20,200.0,lemniscate_1.csv,J_KCW,10,100.0,False,,,0.012722146521728156,0.003382474873365905,0.03525239583802765,1.0,True,1.0567586421966553,hz100_fixed_step_h20,FIXED_STEP
hz100_h20,100,0.01,20,200.0,lemniscate_1.csv,J_KCW,20,200.0,False,,,0.023468461675585573,0.006893845738697122,0.05591264687879074,1.0,True,1.0584878772497177,hz100_fixed_step_h20,FIXED_STEP
hz100_h20,100,0.01,20,200.0,lemniscate_1.csv,J_KCW,50,500.0,False,,,0.05819173608634979,0.020620385981821324,0.11144901751562221,1.0,True,1.0583295971155167,hz100_fixed_step_h20,FIXED_STEP
hz100_h20,100,0.01,20,200.0,lemniscate_1.csv,J_KCW,100,1000.0,False,,,0.15386030977079931,0.05252722611866921,0.18575545727090584,0.9816666666666667,True,1.059229627251625,hz100_fixed_step_h20,FIXED_STEP
hz100_h20,100,0.01,20,200.0,lemniscate_1.csv,J_KCW,infinity,,True,461.0,4610.0,2.0520020026802663e+40,0.8934191515525384,6.924284116015348e+40,0.10916666666666666,False,0.5685850232839584,hz100_fixed_step_h20,FIXED_STEP
hz100_h20,100,0.01,20,200.0,lemniscate_2.csv,PF_KCW,1,10.0,False,,,0.008990783752501157,0.0017326729651590226,0.014859748244715731,1.0,True,1.0621724650263786,hz100_fixed_step_h20,FIXED_STEP
hz100_h20,100,0.01,20,200.0,lemniscate_2.csv,PF_KCW,5,50.0,False,,,0.02666387707767246,0.005184414644308371,0.03346622837547353,1.0,True,1.0520778372883797,hz100_fixed_step_h20,FIXED_STEP
hz100_h20,100,0.01,20,200.0,lemniscate_2.csv,PF_KCW,10,100.0,False,,,0.04902463775842732,0.00956255288282564,0.04988433873359788,1.0,True,1.0509589463472366,hz100_fixed_step_h20,FIXED_STEP
hz100_h20,100,0.01,20,200.0,lemniscate_2.csv,PF_KCW,20,200.0,False,,,0.0914596583651279,0.01818443160571545,0.07977306125293358,1.0,True,1.05074193328619,hz100_fixed_step_h20,FIXED_STEP
hz100_h20,100,0.01,20,200.0,lemniscate_2.csv,PF_KCW,50,500.0,False,,,0.25225128621626786,0.047201706517420186,0.1651071366781511,1.0,True,1.0490256398916245,hz100_fixed_step_h20,FIXED_STEP
hz100_h20,100,0.01,20,200.0,lemniscate_2.csv,PF_KCW,100,1000.0,False,,,0.5446850319136809,0.07382028777967155,0.2427290518881902,1.0,True,1.0483897030353546,hz100_fixed_step_h20,FIXED_STEP
hz100_h20,100,0.01,20,200.0,lemniscate_2.csv,PF_KCW,infinity,,True,357.0,3570.0,inf,0.1440182627884533,inf,0.23083333333333333,False,0.34770064055919647,hz100_fixed_step_h20,FIXED_STEP
hz100_h20,100,0.01,20,200.0,lemniscate_2.csv,J_KCW,1,10.0,False,,,0.003733626067714718,0.0017708604715511226,0.014923476057237423,1.0,True,1.0571528896689415,hz100_fixed_step_h20,FIXED_STEP
hz100_h20,100,0.01,20,200.0,lemniscate_2.csv,J_KCW,5,50.0,False,,,0.010808282146339982,0.005272339548917995,0.033775559835090924,1.0,True,1.0692932903766632,hz100_fixed_step_h20,FIXED_STEP
hz100_h20,100,0.01,20,200.0,lemniscate_2.csv,J_KCW,10,100.0,False,,,0.01889484371324114,0.009673577071789365,0.05055272320183118,1.0,True,1.0651293471455574,hz100_fixed_step_h20,FIXED_STEP
hz100_h20,100,0.01,20,200.0,lemniscate_2.csv,J_KCW,20,200.0,False,,,0.03560106726523317,0.018373679018729855,0.08125765719119199,1.0,True,1.0651315972208977,hz100_fixed_step_h20,FIXED_STEP
hz100_h20,100,0.01,20,200.0,lemniscate_2.csv,J_KCW,50,500.0,False,,,0.10711133692875123,0.047573667707133775,0.16637023728796577,1.0,True,1.0679955258965492,hz100_fixed_step_h20,FIXED_STEP
hz100_h20,100,0.01,20,200.0,lemniscate_2.csv,J_KCW,100,1000.0,False,,,0.2649383328349399,0.08487867263881858,0.24643437640647467,0.845,False,1.0702804699540138,hz100_fixed_step_h20,FIXED_STEP
hz100_h20,100,0.01,20,200.0,lemniscate_2.csv,J_KCW,infinity,,True,391.0,3910.0,4.468781788195387,1.2452434096407077,1.5014919680169652,0.1475,False,1.0802009552717209,hz100_fixed_step_h20,FIXED_STEP
hz100_h20,100,0.01,20,200.0,lemniscate_3.csv,PF_KCW,1,10.0,False,,,0.05580013595846571,0.011069351133569282,0.06877977623449442,1.0,True,1.0872616469860077,hz100_fixed_step_h20,FIXED_STEP
hz100_h20,100,0.01,20,200.0,lemniscate_3.csv,PF_KCW,5,50.0,False,,,0.16477691559459515,0.03333291527048083,0.17951440003974,1.0,True,1.0837894156575203,hz100_fixed_step_h20,FIXED_STEP
hz100_h20,100,0.01,20,200.0,lemniscate_3.csv,PF_KCW,10,100.0,False,,,0.2919895676111903,0.06143810687978965,0.2897150557867649,0.995,True,1.0842412263154984,hz100_fixed_step_h20,FIXED_STEP
hz100_h20,100,0.01,20,200.0,lemniscate_3.csv,PF_KCW,20,200.0,False,,,0.5476746791847396,0.11968627938879002,0.48645259975134064,0.9616666666666667,True,1.087015561759472,hz100_fixed_step_h20,FIXED_STEP
hz100_h20,100,0.01,20,200.0,lemniscate_3.csv,PF_KCW,50,500.0,False,,,1.170650096709688,0.27650099042192733,0.9249479260501372,0.7666666666666667,False,1.084324836730957,hz100_fixed_step_h20,FIXED_STEP
hz100_h20,100,0.01,20,200.0,lemniscate_3.csv,PF_KCW,100,1000.0,True,391.0,3910.0,3.5180055645047226,0.5080541851447096,2.145171198271775,0.5033333333333333,False,1.082333192229271,hz100_fixed_step_h20,FIXED_STEP
hz100_h20,100,0.01,20,200.0,lemniscate_3.csv,PF_KCW,infinity,,True,331.0,3310.0,1.9650827060149833e+95,0.401363535005931,1.5706701277547863e+95,0.17833333333333334,False,0.34440093487501144,hz100_fixed_step_h20,FIXED_STEP
hz100_h20,100,0.01,20,200.0,lemniscate_3.csv,J_KCW,1,10.0,False,,,0.017890272806770375,0.01094295553524435,0.06562708839832355,1.0,True,1.061562441289425,hz100_fixed_step_h20,FIXED_STEP
hz100_h20,100,0.01,20,200.0,lemniscate_3.csv,J_KCW,5,50.0,False,,,0.05854450617126962,0.032777088872322724,0.16943696899449173,0.9983333333333333,True,1.057515449821949,hz100_fixed_step_h20,FIXED_STEP
hz100_h20,100,0.01,20,200.0,lemniscate_3.csv,J_KCW,10,100.0,False,,,0.1163688654691858,0.059892566869695366,0.269702559452692,0.9816666666666667,True,1.062890812754631,hz100_fixed_step_h20,FIXED_STEP
hz100_h20,100,0.01,20,200.0,lemniscate_3.csv,J_KCW,20,200.0,False,,,0.2583014586419823,0.11546510012206795,0.44411928368840337,0.8691666666666666,False,1.0615277588367462,hz100_fixed_step_h20,FIXED_STEP
hz100_h20,100,0.01,20,200.0,lemniscate_3.csv,J_KCW,50,500.0,False,,,0.8295738580877142,0.24917856793063967,0.7750400322560542,0.555,False,1.0589366108179092,hz100_fixed_step_h20,FIXED_STEP
hz100_h20,100,0.01,20,200.0,lemniscate_3.csv,J_KCW,100,1000.0,True,970.0,9700.0,2.485508533378265,0.47997292784129136,1.5386245358456672,0.32416666666666666,False,1.0558501332998276,hz100_fixed_step_h20,FIXED_STEP
hz100_h20,100,0.01,20,200.0,lemniscate_3.csv,J_KCW,infinity,,True,310.0,3100.0,8.519717011496668e+141,0.34838231416625165,2.6521918740658953e+142,0.1125,False,0.3109991252422333,hz100_fixed_step_h20,FIXED_STEP
hz100_h20,100,0.01,20,200.0,linear_oscillation.csv,PF_KCW,1,10.0,False,,,0.014459332299927357,0.0021800476145120177,0.02291780498671533,1.0,True,1.0542781352996826,hz100_fixed_step_h20,FIXED_STEP
hz100_h20,100,0.01,20,200.0,linear_oscillation.csv,PF_KCW,5,50.0,False,,,0.04260935106615173,0.006505627549259754,0.05354526938337218,1.0,True,1.0497481226921082,hz100_fixed_step_h20,FIXED_STEP
hz100_h20,100,0.01,20,200.0,linear_oscillation.csv,PF_KCW,10,100.0,False,,,0.07861655820959239,0.01224414268129418,0.09007525938148227,1.0,True,1.051916018128395,hz100_fixed_step_h20,FIXED_STEP
hz100_h20,100,0.01,20,200.0,linear_oscillation.csv,PF_KCW,20,200.0,False,,,0.14579476495337995,0.025048317791188355,0.16132855482320457,1.0,True,1.0515086725354195,hz100_fixed_step_h20,FIXED_STEP
hz100_h20,100,0.01,20,200.0,linear_oscillation.csv,PF_KCW,50,500.0,False,,,0.35252023701652735,0.07347326488887736,0.3340674174891617,0.9866666666666667,True,1.048649050295353,hz100_fixed_step_h20,FIXED_STEP
hz100_h20,100,0.01,20,200.0,linear_oscillation.csv,PF_KCW,100,1000.0,False,,,0.7281068885034496,0.17360225158912146,0.49055567293147323,0.9608333333333333,True,1.0487169101834297,hz100_fixed_step_h20,FIXED_STEP
hz100_h20,100,0.01,20,200.0,linear_oscillation.csv,PF_KCW,infinity,,True,569.0,5690.0,1.2952317029787012e+53,0.8431312298950732,1.0763836808391035e+53,0.145,False,0.6506812050938606,hz100_fixed_step_h20,FIXED_STEP
hz100_h20,100,0.01,20,200.0,linear_oscillation.csv,J_KCW,1,10.0,False,,,0.0038933541987165973,0.0021196046573215333,0.02222911044159988,1.0,True,1.064944639801979,hz100_fixed_step_h20,FIXED_STEP
hz100_h20,100,0.01,20,200.0,linear_oscillation.csv,J_KCW,5,50.0,False,,,0.011703554013940519,0.006345418154451686,0.050884014244179564,1.0,True,1.0563202649354935,hz100_fixed_step_h20,FIXED_STEP
hz100_h20,100,0.01,20,200.0,linear_oscillation.csv,J_KCW,10,100.0,False,,,0.023083887165731638,0.011945498684653489,0.08335461740270275,1.0,True,1.0639382898807526,hz100_fixed_step_h20,FIXED_STEP
hz100_h20,100,0.01,20,200.0,linear_oscillation.csv,J_KCW,20,200.0,False,,,0.05477532825327416,0.024452905975954748,0.14382525892098874,0.995,True,1.0640650540590286,hz100_fixed_step_h20,FIXED_STEP
hz100_h20,100,0.01,20,200.0,linear_oscillation.csv,J_KCW,50,500.0,False,,,0.21494519982286106,0.06737133665455203,0.28650164985598364,0.9275,True,1.0599301606416702,hz100_fixed_step_h20,FIXED_STEP
hz100_h20,100,0.01,20,200.0,linear_oscillation.csv,J_KCW,100,1000.0,False,,,0.4990514781224378,0.1350010493899913,0.38700050105837536,0.6883333333333334,False,1.0566863045096397,hz100_fixed_step_h20,FIXED_STEP
hz100_h20,100,0.01,20,200.0,linear_oscillation.csv,J_KCW,infinity,,True,353.0,3530.0,7.884273987960949e+58,0.7621750395908944,2.731107996678496e+59,0.1,False,0.3937964662909508,hz100_fixed_step_h20,FIXED_STEP
hz100_h20,100,0.01,20,200.0,melon_1.csv,PF_KCW,1,10.0,False,,,0.014952311338773078,0.0029092048215156913,0.01920365393874204,1.0,True,1.057012639939785,hz100_fixed_step_h20,FIXED_STEP
hz100_h20,100,0.01,20,200.0,melon_1.csv,PF_KCW,5,50.0,False,,,0.044768585391205915,0.008677191966421164,0.04467057028457166,1.0,True,1.0558592528104782,hz100_fixed_step_h20,FIXED_STEP
hz100_h20,100,0.01,20,200.0,melon_1.csv,PF_KCW,10,100.0,False,,,0.08214261863016846,0.015957798618586542,0.06748724192653678,1.0,True,1.0564143657684326,hz100_fixed_step_h20,FIXED_STEP
hz100_h20,100,0.01,20,200.0,melon_1.csv,PF_KCW,20,200.0,False,,,0.1586778609686291,0.030596173328078433,0.10493019672684616,1.0,True,1.061038039624691,hz100_fixed_step_h20,FIXED_STEP
hz100_h20,100,0.01,20,200.0,melon_1.csv,PF_KCW,50,500.0,False,,,0.4078155679951603,0.07202902501008424,0.22018904414621507,0.985,True,1.0542803406715393,hz100_fixed_step_h20,FIXED_STEP
hz100_h20,100,0.01,20,200.0,melon_1.csv,PF_KCW,100,1000.0,False,,,0.8118525815855636,0.15602818382691927,0.43970560898008304,0.92,True,1.055568017065525,hz100_fixed_step_h20,FIXED_STEP
hz100_h20,100,0.01,20,200.0,melon_1.csv,PF_KCW,infinity,,True,477.0,4770.0,inf,0.5621604827220474,inf,0.20833333333333334,False,0.5326316505670547,hz100_fixed_step_h20,FIXED_STEP
hz100_h20,100,0.01,20,200.0,melon_1.csv,J_KCW,1,10.0,False,,,0.0067564002091544985,0.0033050648218208786,0.019070481020855228,1.0,True,1.0676640421152115,hz100_fixed_step_h20,FIXED_STEP
hz100_h20,100,0.01,20,200.0,melon_1.csv,J_KCW,5,50.0,False,,,0.019753054822086204,0.009829623560925451,0.04414801141386782,1.0,True,1.0593164265155792,hz100_fixed_step_h20,FIXED_STEP
hz100_h20,100,0.01,20,200.0,melon_1.csv,J_KCW,10,100.0,False,,,0.03591416000158686,0.018122839400293148,0.0668695846728405,1.0,True,1.0581901967525482,hz100_fixed_step_h20,FIXED_STEP
hz100_h20,100,0.01,20,200.0,melon_1.csv,J_KCW,20,200.0,False,,,0.06838257278927914,0.03488367708694288,0.10532499356079698,0.9891666666666666,True,1.0584771558642387,hz100_fixed_step_h20,FIXED_STEP
hz100_h20,100,0.01,20,200.0,melon_1.csv,J_KCW,50,500.0,False,,,0.18296292908073078,0.08326636926693366,0.20217871359916337,0.9066666666666666,True,1.0608702525496483,hz100_fixed_step_h20,FIXED_STEP
hz100_h20,100,0.01,20,200.0,melon_1.csv,J_KCW,100,1000.0,False,,,0.48967652517990135,0.16576189667835273,0.3088001629812544,0.7008333333333333,False,1.0648344084620476,hz100_fixed_step_h20,FIXED_STEP
hz100_h20,100,0.01,20,200.0,melon_1.csv,J_KCW,infinity,,True,614.0,6140.0,inf,0.6739052142184274,inf,0.2575,False,0.6946442797780037,hz100_fixed_step_h20,FIXED_STEP
hz100_h20,100,0.01,20,200.0,melon_2.csv,PF_KCW,1,10.0,False,,,0.014478788359741932,0.0045681999666130615,0.019629144163133886,1.0,True,1.0619082227349281,hz100_fixed_step_h20,FIXED_STEP
hz100_h20,100,0.01,20,200.0,melon_2.csv,PF_KCW,5,50.0,False,,,0.043464892074857375,0.013581842726385733,0.047242616891137894,1.0,True,1.0590340942144394,hz100_fixed_step_h20,FIXED_STEP
hz100_h20,100,0.01,20,200.0,melon_2.csv,PF_KCW,10,100.0,False,,,0.08021427320351734,0.024651499462678333,0.07528570441461963,1.0,True,1.0594749823212624,hz100_fixed_step_h20,FIXED_STEP
hz100_h20,100,0.01,20,200.0,melon_2.csv,PF_KCW,20,200.0,False,,,0.15714087113486713,0.04650972007543713,0.13182665104799673,1.0,True,1.0670309513807297,hz100_fixed_step_h20,FIXED_STEP
hz100_h20,100,0.01,20,200.0,melon_2.csv,PF_KCW,50,500.0,False,,,0.41732892251710485,0.10687193531707725,0.27913626391051566,0.9641666666666666,True,1.057372197508812,hz100_fixed_step_h20,FIXED_STEP
hz100_h20,100,0.01,20,200.0,melon_2.csv,PF_KCW,100,1000.0,True,1187.0,11870.0,0.8843914043075646,0.23316738567897577,0.6000719787138538,0.8458333333333333,False,1.0552142634987831,hz100_fixed_step_h20,FIXED_STEP
hz100_h20,100,0.01,20,200.0,melon_2.csv,PF_KCW,infinity,,True,430.0,4300.0,1.0017309734146853e+63,0.5956056213708167,8.249535128085563e+62,0.16666666666666666,False,0.5147740244865417,hz100_fixed_step_h20,FIXED_STEP
hz100_h20,100,0.01,20,200.0,melon_2.csv,J_KCW,1,10.0,False,,,0.010045910294737066,0.004684829472804734,0.01895428502477006,1.0,True,1.0786435678601265,hz100_fixed_step_h20,FIXED_STEP
hz100_h20,100,0.01,20,200.0,melon_2.csv,J_KCW,5,50.0,False,,,0.029692907112737928,0.013902647945467942,0.04459123987332616,1.0,True,1.0698053538799286,hz100_fixed_step_h20,FIXED_STEP
hz100_h20,100,0.01,20,200.0,melon_2.csv,J_KCW,10,100.0,False,,,0.05398157963565699,0.025179831018295965,0.06891797014673676,1.0,True,1.0718440786004066,hz100_fixed_step_h20,FIXED_STEP
hz100_h20,100,0.01,20,200.0,melon_2.csv,J_KCW,20,200.0,False,,,0.10385215161145635,0.04756027804287374,0.1150093843079721,0.9883333333333333,True,1.0687188878655434,hz100_fixed_step_h20,FIXED_STEP
hz100_h20,100,0.01,20,200.0,melon_2.csv,J_KCW,50,500.0,False,,,0.3214178801878425,0.10997737798851367,0.23741919545972479,0.8216666666666667,False,1.0685159116983414,hz100_fixed_step_h20,FIXED_STEP
hz100_h20,100,0.01,20,200.0,melon_2.csv,J_KCW,100,1000.0,True,1180.0,11800.0,0.8277006382137903,0.20407467914453864,0.47834987125369716,0.6133333333333333,False,1.076238974928856,hz100_fixed_step_h20,FIXED_STEP
hz100_h20,100,0.01,20,200.0,melon_2.csv,J_KCW,infinity,,True,458.0,4580.0,5.353475445690887,1.483880503985721,2.317564761913944,0.07833333333333334,False,1.1556085869669914,hz100_fixed_step_h20,FIXED_STEP
hz100_h20,100,0.01,20,200.0,race_track_1.csv,PF_KCW,1,10.0,False,,,0.04477764304452272,0.009006482133713922,0.0591636397147053,1.0,True,1.0577395930886269,hz100_fixed_step_h20,FIXED_STEP
hz100_h20,100,0.01,20,200.0,race_track_1.csv,PF_KCW,5,50.0,False,,,0.1362200433738492,0.02718551856048288,0.16082681954840977,0.9975,True,1.05265224725008,hz100_fixed_step_h20,FIXED_STEP
hz100_h20,100,0.01,20,200.0,race_track_1.csv,PF_KCW,10,100.0,False,,,0.24900799114063601,0.050045537993449886,0.2788370337880547,0.9908333333333333,True,1.0573096945881844,hz100_fixed_step_h20,FIXED_STEP
hz100_h20,100,0.01,20,200.0,race_track_1.csv,PF_KCW,20,200.0,False,,,0.4997286523951294,0.09545518138767418,0.4382032924786776,0.9733333333333334,True,1.059327483177185,hz100_fixed_step_h20,FIXED_STEP
hz100_h20,100,0.01,20,200.0,race_track_1.csv,PF_KCW,50,500.0,False,,,1.2738714754812621,0.24890068884428654,1.0001030854774853,0.7983333333333333,False,1.056940719485283,hz100_fixed_step_h20,FIXED_STEP
hz100_h20,100,0.01,20,200.0,race_track_1.csv,PF_KCW,100,1000.0,True,272.0,2720.0,3.579728341801076,0.5997972163538886,2.261858339977028,0.4608333333333333,False,1.0568531677126884,hz100_fixed_step_h20,FIXED_STEP
hz100_h20,100,0.01,20,200.0,race_track_1.csv,PF_KCW,infinity,,True,222.0,2220.0,inf,0.6325970979322681,inf,0.1025,False,0.3689870238304138,hz100_fixed_step_h20,FIXED_STEP
hz100_h20,100,0.01,20,200.0,race_track_1.csv,J_KCW,1,10.0,False,,,0.01778096733796922,0.008469172297861767,0.05991055846593592,1.0,True,1.0655656903982162,hz100_fixed_step_h20,FIXED_STEP
hz100_h20,100,0.01,20,200.0,race_track_1.csv,J_KCW,5,50.0,False,,,0.05576273904076914,0.02565171467375556,0.16357478637837775,1.0,True,1.0608572661876678,hz100_fixed_step_h20,FIXED_STEP
hz100_h20,100,0.01,20,200.0,race_track_1.csv,J_KCW,10,100.0,False,,,0.1107584088658373,0.04741217052133813,0.2818264838103433,0.9791666666666666,True,1.0637285709381104,hz100_fixed_step_h20,FIXED_STEP
hz100_h20,100,0.01,20,200.0,race_track_1.csv,J_KCW,20,200.0,False,,,0.2498271074129326,0.09057847975137913,0.4492907563539535,0.8733333333333333,False,1.062761276960373,hz100_fixed_step_h20,FIXED_STEP
hz100_h20,100,0.01,20,200.0,race_track_1.csv,J_KCW,50,500.0,False,,,0.8579097549473346,0.24323613437753647,0.9354963563556739,0.5316666666666666,False,1.0607585906982422,hz100_fixed_step_h20,FIXED_STEP
hz100_h20,100,0.01,20,200.0,race_track_1.csv,J_KCW,100,1000.0,True,454.0,4540.0,1.9878116423061847,0.5436031854124243,1.593649614176034,0.2941666666666667,False,1.0564462319016457,hz100_fixed_step_h20,FIXED_STEP
hz100_h20,100,0.01,20,200.0,race_track_1.csv,J_KCW,infinity,,True,222.0,2220.0,1.5082905185552184e+68,0.911142050095773,4.731426210191855e+68,0.1,False,0.3740787208080292,hz100_fixed_step_h20,FIXED_STEP
hz100_h20,100,0.01,20,200.0,race_track_2.csv,PF_KCW,1,10.0,False,,,0.08294707696603149,0.014588895919697146,0.09094464539494915,1.0,True,1.0692174658179283,hz100_fixed_step_h20,FIXED_STEP
hz100_h20,100,0.01,20,200.0,race_track_2.csv,PF_KCW,5,50.0,False,,,0.2517560942865459,0.04356714055116428,0.24387816216500263,0.9991666666666666,True,1.0502693504095078,hz100_fixed_step_h20,FIXED_STEP
hz100_h20,100,0.01,20,200.0,race_track_2.csv,PF_KCW,10,100.0,False,,,0.46457106375993734,0.08049347911003056,0.4186635942661417,0.9808333333333333,True,1.0682000070810318,hz100_fixed_step_h20,FIXED_STEP
hz100_h20,100,0.01,20,200.0,race_track_2.csv,PF_KCW,20,200.0,False,,,0.948304148688162,0.1546528678825631,0.6458321002329643,0.89,False,1.0707718059420586,hz100_fixed_step_h20,FIXED_STEP
hz100_h20,100,0.01,20,200.0,race_track_2.csv,PF_KCW,50,500.0,False,,,1.8433289258480654,0.32256505494473353,1.214150046935794,0.6283333333333333,False,1.0510797575116158,hz100_fixed_step_h20,FIXED_STEP
hz100_h20,100,0.01,20,200.0,race_track_2.csv,PF_KCW,100,1000.0,True,264.0,2640.0,4.829616822809377,0.7638671531326305,2.635108855371583,0.315,False,1.0507802292704582,hz100_fixed_step_h20,FIXED_STEP
hz100_h20,100,0.01,20,200.0,race_track_2.csv,PF_KCW,infinity,,True,204.0,2040.0,inf,0.5918789944942604,inf,0.1025,False,0.2602139562368393,hz100_fixed_step_h20,FIXED_STEP
hz100_h20,100,0.01,20,200.0,race_track_2.csv,J_KCW,1,10.0,False,,,0.02518865782575495,0.014258025469853462,0.0905806881800296,1.0,True,1.1016029044985771,hz100_fixed_step_h20,FIXED_STEP
hz100_h20,100,0.01,20,200.0,race_track_2.csv,J_KCW,5,50.0,False,,,0.08123900726339518,0.04273885296621057,0.24701764622575847,0.9991666666666666,True,1.0948210060596466,hz100_fixed_step_h20,FIXED_STEP
hz100_h20,100,0.01,20,200.0,race_track_2.csv,J_KCW,10,100.0,False,,,0.1729331962113993,0.07916145858862123,0.422199588177644,0.95,True,1.0746702626347542,hz100_fixed_step_h20,FIXED_STEP
hz100_h20,100,0.01,20,200.0,race_track_2.csv,J_KCW,20,200.0,False,,,0.37713021332518554,0.15388170666396164,0.6699025375100504,0.7766666666666666,False,1.0941351652145386,hz100_fixed_step_h20,FIXED_STEP
hz100_h20,100,0.01,20,200.0,race_track_2.csv,J_KCW,50,500.0,True,1138.0,11380.0,1.1990362862083976,0.37047064116651973,1.1665746725413986,0.42,False,1.0993285179138184,hz100_fixed_step_h20,FIXED_STEP
hz100_h20,100,0.01,20,200.0,race_track_2.csv,J_KCW,100,1000.0,True,461.0,4610.0,4.717204859201835e+108,0.6769860756198812,1.4314448180627649e+109,0.2275,False,0.9887033551931381,hz100_fixed_step_h20,FIXED_STEP
hz100_h20,100,0.01,20,200.0,race_track_2.csv,J_KCW,infinity,,True,219.0,2190.0,inf,0.7534288150325522,inf,0.09083333333333334,False,0.3400898948311806,hz100_fixed_step_h20,FIXED_STEP
hz100_h20,100,0.01,20,200.0,random_points.csv,PF_KCW,1,10.0,False,,,0.014225310281060354,0.004020577476233847,0.01300235052087505,1.0,True,1.068147949874401,hz100_fixed_step_h20,FIXED_STEP
hz100_h20,100,0.01,20,200.0,random_points.csv,PF_KCW,5,50.0,False,,,0.04362605037493245,0.012015805501271876,0.0296994652898918,1.0,True,1.0515853092074394,hz100_fixed_step_h20,FIXED_STEP
hz100_h20,100,0.01,20,200.0,random_points.csv,PF_KCW,10,100.0,False,,,0.08211599194623702,0.021906793063623347,0.043316344076106246,1.0,True,1.052175149321556,hz100_fixed_step_h20,FIXED_STEP
hz100_h20,100,0.01,20,200.0,random_points.csv,PF_KCW,20,200.0,False,,,0.16840253111324424,0.04165884271051023,0.0735173440517367,1.0,True,1.0597422495484352,hz100_fixed_step_h20,FIXED_STEP
hz100_h20,100,0.01,20,200.0,random_points.csv,PF_KCW,50,500.0,False,,,0.5289107722005064,0.10121570675708941,0.16508690712654456,1.0,True,1.0920564159750938,hz100_fixed_step_h20,FIXED_STEP
hz100_h20,100,0.01,20,200.0,random_points.csv,PF_KCW,100,1000.0,False,,,1.778007053897829,0.21497959359323512,0.4350559294261046,0.7433333333333333,False,1.0532694458961487,hz100_fixed_step_h20,FIXED_STEP
hz100_h20,100,0.01,20,200.0,random_points.csv,PF_KCW,infinity,,True,191.0,1910.0,inf,1.3908192193030378,inf,0.075,False,0.5387766286730766,hz100_fixed_step_h20,FIXED_STEP
hz100_h20,100,0.01,20,200.0,random_points.csv,J_KCW,1,10.0,False,,,0.00474548897982803,0.0033731326036688966,0.013826007748511478,1.0,True,1.1087338849902153,hz100_fixed_step_h20,FIXED_STEP
hz100_h20,100,0.01,20,200.0,random_points.csv,J_KCW,5,50.0,False,,,0.014317107960421366,0.010039488134997852,0.031076380244765164,1.0,True,1.1194034293293953,hz100_fixed_step_h20,FIXED_STEP
hz100_h20,100,0.01,20,200.0,random_points.csv,J_KCW,10,100.0,False,,,0.02671087319875049,0.018297910553635083,0.04233387899727172,1.0,True,1.1199259832501411,hz100_fixed_step_h20,FIXED_STEP
hz100_h20,100,0.01,20,200.0,random_points.csv,J_KCW,20,200.0,False,,,0.0553228202877627,0.034751522883309426,0.06837034679907067,1.0,True,1.120235115289688,hz100_fixed_step_h20,FIXED_STEP
hz100_h20,100,0.01,20,200.0,random_points.csv,J_KCW,50,500.0,False,,,0.1742648531766379,0.08222278868134034,0.1460447463470231,0.9666666666666667,True,1.1183923184871674,hz100_fixed_step_h20,FIXED_STEP
hz100_h20,100,0.01,20,200.0,random_points.csv,J_KCW,100,1000.0,False,,,0.4924109364477778,0.16014565933194258,0.2802868637782684,0.7108333333333333,False,1.1258985847234726,hz100_fixed_step_h20,FIXED_STEP
hz100_h20,100,0.01,20,200.0,random_points.csv,J_KCW,infinity,,True,339.0,3390.0,5.442333816296164,1.4883030165828863,1.62136446101018,0.0625,False,1.1203917041420937,hz100_fixed_step_h20,FIXED_STEP
hz100_h20,100,0.01,20,200.0,slanted_circle_1.csv,PF_KCW,1,10.0,False,,,0.0109415912174169,0.0032488538461922997,0.01099978980267677,1.0,True,1.0566045641899109,hz100_fixed_step_h20,FIXED_STEP
hz100_h20,100,0.01,20,200.0,slanted_circle_1.csv,PF_KCW,5,50.0,False,,,0.03322842744962599,0.009660826826826148,0.02400061851337996,1.0,True,1.0552157759666443,hz100_fixed_step_h20,FIXED_STEP
hz100_h20,100,0.01,20,200.0,slanted_circle_1.csv,PF_KCW,10,100.0,False,,,0.06281639140274449,0.017603661272796927,0.03686880326197246,1.0,True,1.05547583848238,hz100_fixed_step_h20,FIXED_STEP
hz100_h20,100,0.01,20,200.0,slanted_circle_1.csv,PF_KCW,20,200.0,False,,,0.12917273841672677,0.03332003696272743,0.06023461470045888,1.0,True,1.0564871206879616,hz100_fixed_step_h20,FIXED_STEP
hz100_h20,100,0.01,20,200.0,slanted_circle_1.csv,PF_KCW,50,500.0,False,,,0.3918471319883896,0.07789608782377452,0.148119321547352,0.9975,True,1.0547261908650398,hz100_fixed_step_h20,FIXED_STEP
hz100_h20,100,0.01,20,200.0,slanted_circle_1.csv,PF_KCW,100,1000.0,True,389.0,3890.0,1.5345364115135556,0.16836807030305945,0.4728996999611359,0.8283333333333334,False,1.0524512380361557,hz100_fixed_step_h20,FIXED_STEP
hz100_h20,100,0.01,20,200.0,slanted_circle_1.csv,PF_KCW,infinity,,True,162.0,1620.0,2.4455316822990585e+99,1.397523974144977,1.928848131436997e+99,0.059166666666666666,False,0.3304910212755203,hz100_fixed_step_h20,FIXED_STEP
hz100_h20,100,0.01,20,200.0,slanted_circle_1.csv,J_KCW,1,10.0,False,,,0.0038656659602093976,0.002007959595217964,0.01115017464635266,1.0,True,1.059609480202198,hz100_fixed_step_h20,FIXED_STEP
hz100_h20,100,0.01,20,200.0,slanted_circle_1.csv,J_KCW,5,50.0,False,,,0.011150598934788418,0.005938701714537831,0.0240073572665669,1.0,True,1.0706338658928871,hz100_fixed_step_h20,FIXED_STEP
hz100_h20,100,0.01,20,200.0,slanted_circle_1.csv,J_KCW,10,100.0,False,,,0.020229310578851453,0.01075624377867838,0.034881600542008485,1.0,True,1.067560389637947,hz100_fixed_step_h20,FIXED_STEP
hz100_h20,100,0.01,20,200.0,slanted_circle_1.csv,J_KCW,20,200.0,False,,,0.03889990818054741,0.019980283047776295,0.053738886448438945,1.0,True,1.0684093609452248,hz100_fixed_step_h20,FIXED_STEP
hz100_h20,100,0.01,20,200.0,slanted_circle_1.csv,J_KCW,50,500.0,False,,,0.11075055817615478,0.04645187843506766,0.12115982791847496,0.9991666666666666,True,1.0659978464245796,hz100_fixed_step_h20,FIXED_STEP
hz100_h20,100,0.01,20,200.0,slanted_circle_1.csv,J_KCW,100,1000.0,False,,,0.3095271890453478,0.08765280233433344,0.24591523739068444,0.8408333333333333,False,1.0690755769610405,hz100_fixed_step_h20,FIXED_STEP
hz100_h20,100,0.01,20,200.0,slanted_circle_1.csv,J_KCW,infinity,,True,488.0,4880.0,4.760447523084381,1.459522458191423,1.531644603585984,0.08166666666666667,False,1.085488222539425,hz100_fixed_step_h20,FIXED_STEP
hz100_h20,100,0.01,20,200.0,slanted_circle_2.csv,PF_KCW,1,10.0,False,,,0.02368198117463069,0.005187498765642517,0.014368552782194618,1.0,True,1.0583481714129448,hz100_fixed_step_h20,FIXED_STEP
hz100_h20,100,0.01,20,200.0,slanted_circle_2.csv,PF_KCW,5,50.0,False,,,0.07290901945271872,0.015455357262280627,0.031235397056589443,1.0,True,1.055275022983551,hz100_fixed_step_h20,FIXED_STEP
hz100_h20,100,0.01,20,200.0,slanted_circle_2.csv,PF_KCW,10,100.0,False,,,0.13792584721661413,0.028074519953585078,0.04460335004135691,1.0,True,1.0507534444332123,hz100_fixed_step_h20,FIXED_STEP
hz100_h20,100,0.01,20,200.0,slanted_circle_2.csv,PF_KCW,20,200.0,False,,,0.2895325631506792,0.052641454547244365,0.07427765485189818,1.0,True,1.0550988838076591,hz100_fixed_step_h20,FIXED_STEP
hz100_h20,100,0.01,20,200.0,slanted_circle_2.csv,PF_KCW,50,500.0,False,,,0.9090353014495234,0.12021289886414578,0.24492421284376253,0.8966666666666666,False,1.0524675324559212,hz100_fixed_step_h20,FIXED_STEP
hz100_h20,100,0.01,20,200.0,slanted_circle_2.csv,PF_KCW,100,1000.0,True,880.0,8800.0,2.9277755076831506,0.22036945395432023,1.1111286745359514,0.6833333333333333,False,1.054655261337757,hz100_fixed_step_h20,FIXED_STEP
hz100_h20,100,0.01,20,200.0,slanted_circle_2.csv,PF_KCW,infinity,,True,127.0,1270.0,8.820049041261088e+91,0.7746952054971858,7.059202388752753e+91,0.04083333333333333,False,0.20165518671274185,hz100_fixed_step_h20,FIXED_STEP
hz100_h20,100,0.01,20,200.0,slanted_circle_2.csv,J_KCW,1,10.0,False,,,0.005756732732833456,0.005857237931776729,0.017203388463119508,1.0,True,1.0616876929998398,hz100_fixed_step_h20,FIXED_STEP
hz100_h20,100,0.01,20,200.0,slanted_circle_2.csv,J_KCW,5,50.0,False,,,0.017314054372217707,0.01738106985433137,0.040307915821993584,1.0,True,1.0554099678993225,hz100_fixed_step_h20,FIXED_STEP
hz100_h20,100,0.01,20,200.0,slanted_circle_2.csv,J_KCW,10,100.0,False,,,0.03201370668842767,0.03147578526594679,0.058794920040496614,1.0,True,1.054723672568798,hz100_fixed_step_h20,FIXED_STEP
hz100_h20,100,0.01,20,200.0,slanted_circle_2.csv,J_KCW,20,200.0,False,,,0.06817889653149876,0.058578095837587205,0.09328315154949025,0.9975,True,1.0553536340594292,hz100_fixed_step_h20,FIXED_STEP
hz100_h20,100,0.01,20,200.0,slanted_circle_2.csv,J_KCW,50,500.0,False,,,0.2523169053665715,0.1313106535262019,0.18858112029383833,0.8758333333333334,False,1.0564993098378181,hz100_fixed_step_h20,FIXED_STEP
hz100_h20,100,0.01,20,200.0,slanted_circle_2.csv,J_KCW,100,1000.0,False,,,0.7700121366282872,0.2329831629392902,0.34944558533618314,0.6716666666666666,False,1.0559509247541428,hz100_fixed_step_h20,FIXED_STEP
hz100_h20,100,0.01,20,200.0,slanted_circle_2.csv,J_KCW,infinity,,True,374.0,3740.0,inf,1.2702069613515017,inf,0.11416666666666667,False,0.7190978229045868,hz100_fixed_step_h20,FIXED_STEP
hz100_h20,100,0.01,20,200.0,ellipse.csv,PF_KCW,1,10.0,False,,,0.05348910962569422,0.00941290412332901,0.03496094170254236,1.0,True,1.0681369602680206,hz100_fixed_time_h20,FIXED_TIME
hz100_h20,100,0.01,20,200.0,ellipse.csv,PF_KCW,5,50.0,False,,,0.16208077579492736,0.027936893773771673,0.08892239037807868,1.0,True,1.063356913626194,hz100_fixed_time_h20,FIXED_TIME
hz100_h20,100,0.01,20,200.0,ellipse.csv,PF_KCW,10,100.0,False,,,0.30377755188221234,0.05094603823805086,0.15318882838280246,0.9933333333333333,True,1.0618523731827736,hz100_fixed_time_h20,FIXED_TIME
hz100_h20,100,0.01,20,200.0,ellipse.csv,PF_KCW,20,200.0,False,,,0.5972035948234473,0.09783647748152333,0.2935117326392296,0.9233333333333333,True,1.0617148131132126,hz100_fixed_time_h20,FIXED_TIME
hz100_h20,100,0.01,20,200.0,ellipse.csv,PF_KCW,50,500.0,True,944.0,9440.0,1.493430861621303,0.24987665962044095,0.6237035048861311,0.81,False,1.0617514923214912,hz100_fixed_time_h20,FIXED_TIME
hz100_h20,100,0.01,20,200.0,ellipse.csv,PF_KCW,100,1000.0,True,944.0,9440.0,2.565807574733389,0.4391194009154594,1.04251967068814,0.7308333333333333,False,1.0572812855243683,hz100_fixed_time_h20,FIXED_TIME
hz100_h20,100,0.01,20,200.0,ellipse.csv,PF_KCW,infinity,,True,501.0,5010.0,6.308676305004254e+74,0.7085804978461847,5.059552973009347e+74,0.16583333333333333,False,0.5986358225345612,hz100_fixed_time_h20,FIXED_TIME
hz100_h20,100,0.01,20,200.0,ellipse.csv,J_KCW,1,10.0,False,,,0.018005175978110327,0.009362992442628271,0.03104331184771881,1.0,True,1.0612481385469437,hz100_fixed_time_h20,FIXED_TIME
hz100_h20,100,0.01,20,200.0,ellipse.csv,J_KCW,5,50.0,False,,,0.05593066854049506,0.027442041610284143,0.07555129260576147,1.0,True,1.0577750951051712,hz100_fixed_time_h20,FIXED_TIME
hz100_h20,100,0.01,20,200.0,ellipse.csv,J_KCW,10,100.0,False,,,0.10877224931559205,0.04922041874808237,0.12374408248690046,0.9733333333333334,True,1.0572546571493149,hz100_fixed_time_h20,FIXED_TIME
hz100_h20,100,0.01,20,200.0,ellipse.csv,J_KCW,20,200.0,False,,,0.23887651329037135,0.09068255051088216,0.22544364831775898,0.8616666666666667,False,1.0585919469594955,hz100_fixed_time_h20,FIXED_TIME
hz100_h20,100,0.01,20,200.0,ellipse.csv,J_KCW,50,500.0,True,945.0,9450.0,0.77495739328761,0.20125156620142376,0.5020743365867965,0.6975,False,1.058842658996582,hz100_fixed_time_h20,FIXED_TIME
hz100_h20,100,0.01,20,200.0,ellipse.csv,J_KCW,100,1000.0,True,945.0,9450.0,1.843802121515861,0.41639822228692136,0.8903743331701497,0.5683333333333334,False,1.060051903128624,hz100_fixed_time_h20,FIXED_TIME
hz100_h20,100,0.01,20,200.0,ellipse.csv,J_KCW,infinity,,True,460.0,4600.0,3.2355090851023076e+33,1.0646163933745392,1.1341169489852075e+34,0.10583333333333333,False,0.8167372643947601,hz100_fixed_time_h20,FIXED_TIME
hz100_h20,100,0.01,20,200.0,lemniscate_1.csv,PF_KCW,1,10.0,False,,,0.006246107455766534,0.0007913734431368441,0.011434479930361148,1.0,True,1.089392401278019,hz100_fixed_time_h20,FIXED_TIME
hz100_h20,100,0.01,20,200.0,lemniscate_1.csv,PF_KCW,5,50.0,False,,,0.018517460637568112,0.002350849938446688,0.023821351377225554,1.0,True,1.0880955159664154,hz100_fixed_time_h20,FIXED_TIME
hz100_h20,100,0.01,20,200.0,lemniscate_1.csv,PF_KCW,10,100.0,False,,,0.03382917816054509,0.004357756663618722,0.03385661462567025,1.0,True,1.0900198742747307,hz100_fixed_time_h20,FIXED_TIME
hz100_h20,100,0.01,20,200.0,lemniscate_1.csv,PF_KCW,20,200.0,False,,,0.06616193996180397,0.008949722388298206,0.05275605785527024,1.0,True,1.0915579423308372,hz100_fixed_time_h20,FIXED_TIME
hz100_h20,100,0.01,20,200.0,lemniscate_1.csv,PF_KCW,50,500.0,False,,,0.17303128202277113,0.02684313473031309,0.10677986901204789,1.0,True,1.0877516493201256,hz100_fixed_time_h20,FIXED_TIME
hz100_h20,100,0.01,20,200.0,lemniscate_1.csv,PF_KCW,100,1000.0,False,,,0.4129693688368617,0.065036588462146,0.1952600087652834,1.0,True,1.0879753530025482,hz100_fixed_time_h20,FIXED_TIME
hz100_h20,100,0.01,20,200.0,lemniscate_1.csv,PF_KCW,infinity,,True,401.0,4010.0,1.3862715346358787e+110,0.9750846632807263,2.1160536160944794e+110,0.22166666666666668,False,0.593755766749382,hz100_fixed_time_h20,FIXED_TIME
hz100_h20,100,0.01,20,200.0,lemniscate_1.csv,J_KCW,1,10.0,False,,,0.0024755943501867834,0.0006407451871154054,0.011613567240569877,1.0,True,1.0607759580016136,hz100_fixed_time_h20,FIXED_TIME
hz100_h20,100,0.01,20,200.0,lemniscate_1.csv,J_KCW,5,50.0,False,,,0.00715355613716626,0.0018573188373444815,0.024587974396999265,1.0,True,1.0595894828438759,hz100_fixed_time_h20,FIXED_TIME
hz100_h20,100,0.01,20,200.0,lemniscate_1.csv,J_KCW,10,100.0,False,,,0.012722146521728156,0.003382474873365905,0.03525239583802765,1.0,True,1.0567586421966553,hz100_fixed_time_h20,FIXED_TIME
hz100_h20,100,0.01,20,200.0,lemniscate_1.csv,J_KCW,20,200.0,False,,,0.023468461675585573,0.006893845738697122,0.05591264687879074,1.0,True,1.0584878772497177,hz100_fixed_time_h20,FIXED_TIME
hz100_h20,100,0.01,20,200.0,lemniscate_1.csv,J_KCW,50,500.0,False,,,0.05819173608634979,0.020620385981821324,0.11144901751562221,1.0,True,1.0583295971155167,hz100_fixed_time_h20,FIXED_TIME
hz100_h20,100,0.01,20,200.0,lemniscate_1.csv,J_KCW,100,1000.0,False,,,0.15386030977079931,0.05252722611866921,0.18575545727090584,0.9816666666666667,True,1.059229627251625,hz100_fixed_time_h20,FIXED_TIME
hz100_h20,100,0.01,20,200.0,lemniscate_1.csv,J_KCW,infinity,,True,461.0,4610.0,2.0520020026802663e+40,0.8934191515525384,6.924284116015348e+40,0.10916666666666666,False,0.5685850232839584,hz100_fixed_time_h20,FIXED_TIME
hz100_h20,100,0.01,20,200.0,lemniscate_2.csv,PF_KCW,1,10.0,False,,,0.008990783752501157,0.0017326729651590226,0.014859748244715731,1.0,True,1.0621724650263786,hz100_fixed_time_h20,FIXED_TIME
hz100_h20,100,0.01,20,200.0,lemniscate_2.csv,PF_KCW,5,50.0,False,,,0.02666387707767246,0.005184414644308371,0.03346622837547353,1.0,True,1.0520778372883797,hz100_fixed_time_h20,FIXED_TIME
hz100_h20,100,0.01,20,200.0,lemniscate_2.csv,PF_KCW,10,100.0,False,,,0.04902463775842732,0.00956255288282564,0.04988433873359788,1.0,True,1.0509589463472366,hz100_fixed_time_h20,FIXED_TIME
hz100_h20,100,0.01,20,200.0,lemniscate_2.csv,PF_KCW,20,200.0,False,,,0.0914596583651279,0.01818443160571545,0.07977306125293358,1.0,True,1.05074193328619,hz100_fixed_time_h20,FIXED_TIME
hz100_h20,100,0.01,20,200.0,lemniscate_2.csv,PF_KCW,50,500.0,False,,,0.25225128621626786,0.047201706517420186,0.1651071366781511,1.0,True,1.0490256398916245,hz100_fixed_time_h20,FIXED_TIME
hz100_h20,100,0.01,20,200.0,lemniscate_2.csv,PF_KCW,100,1000.0,False,,,0.5446850319136809,0.07382028777967155,0.2427290518881902,1.0,True,1.0483897030353546,hz100_fixed_time_h20,FIXED_TIME
hz100_h20,100,0.01,20,200.0,lemniscate_2.csv,PF_KCW,infinity,,True,357.0,3570.0,inf,0.1440182627884533,inf,0.23083333333333333,False,0.34770064055919647,hz100_fixed_time_h20,FIXED_TIME
hz100_h20,100,0.01,20,200.0,lemniscate_2.csv,J_KCW,1,10.0,False,,,0.003733626067714718,0.0017708604715511226,0.014923476057237423,1.0,True,1.0571528896689415,hz100_fixed_time_h20,FIXED_TIME
hz100_h20,100,0.01,20,200.0,lemniscate_2.csv,J_KCW,5,50.0,False,,,0.010808282146339982,0.005272339548917995,0.033775559835090924,1.0,True,1.0692932903766632,hz100_fixed_time_h20,FIXED_TIME
hz100_h20,100,0.01,20,200.0,lemniscate_2.csv,J_KCW,10,100.0,False,,,0.01889484371324114,0.009673577071789365,0.05055272320183118,1.0,True,1.0651293471455574,hz100_fixed_time_h20,FIXED_TIME
hz100_h20,100,0.01,20,200.0,lemniscate_2.csv,J_KCW,20,200.0,False,,,0.03560106726523317,0.018373679018729855,0.08125765719119199,1.0,True,1.0651315972208977,hz100_fixed_time_h20,FIXED_TIME
hz100_h20,100,0.01,20,200.0,lemniscate_2.csv,J_KCW,50,500.0,False,,,0.10711133692875123,0.047573667707133775,0.16637023728796577,1.0,True,1.0679955258965492,hz100_fixed_time_h20,FIXED_TIME
hz100_h20,100,0.01,20,200.0,lemniscate_2.csv,J_KCW,100,1000.0,False,,,0.2649383328349399,0.08487867263881858,0.24643437640647467,0.845,False,1.0702804699540138,hz100_fixed_time_h20,FIXED_TIME
hz100_h20,100,0.01,20,200.0,lemniscate_2.csv,J_KCW,infinity,,True,391.0,3910.0,4.468781788195387,1.2452434096407077,1.5014919680169652,0.1475,False,1.0802009552717209,hz100_fixed_time_h20,FIXED_TIME
hz100_h20,100,0.01,20,200.0,lemniscate_3.csv,PF_KCW,1,10.0,False,,,0.05580013595846571,0.011069351133569282,0.06877977623449442,1.0,True,1.0872616469860077,hz100_fixed_time_h20,FIXED_TIME
hz100_h20,100,0.01,20,200.0,lemniscate_3.csv,PF_KCW,5,50.0,False,,,0.16477691559459515,0.03333291527048083,0.17951440003974,1.0,True,1.0837894156575203,hz100_fixed_time_h20,FIXED_TIME
hz100_h20,100,0.01,20,200.0,lemniscate_3.csv,PF_KCW,10,100.0,False,,,0.2919895676111903,0.06143810687978965,0.2897150557867649,0.995,True,1.0842412263154984,hz100_fixed_time_h20,FIXED_TIME
hz100_h20,100,0.01,20,200.0,lemniscate_3.csv,PF_KCW,20,200.0,False,,,0.5476746791847396,0.11968627938879002,0.48645259975134064,0.9616666666666667,True,1.087015561759472,hz100_fixed_time_h20,FIXED_TIME
hz100_h20,100,0.01,20,200.0,lemniscate_3.csv,PF_KCW,50,500.0,False,,,1.170650096709688,0.27650099042192733,0.9249479260501372,0.7666666666666667,False,1.084324836730957,hz100_fixed_time_h20,FIXED_TIME
hz100_h20,100,0.01,20,200.0,lemniscate_3.csv,PF_KCW,100,1000.0,True,391.0,3910.0,3.5180055645047226,0.5080541851447096,2.145171198271775,0.5033333333333333,False,1.082333192229271,hz100_fixed_time_h20,FIXED_TIME
hz100_h20,100,0.01,20,200.0,lemniscate_3.csv,PF_KCW,infinity,,True,331.0,3310.0,1.9650827060149833e+95,0.401363535005931,1.5706701277547863e+95,0.17833333333333334,False,0.34440093487501144,hz100_fixed_time_h20,FIXED_TIME
hz100_h20,100,0.01,20,200.0,lemniscate_3.csv,J_KCW,1,10.0,False,,,0.017890272806770375,0.01094295553524435,0.06562708839832355,1.0,True,1.061562441289425,hz100_fixed_time_h20,FIXED_TIME
hz100_h20,100,0.01,20,200.0,lemniscate_3.csv,J_KCW,5,50.0,False,,,0.05854450617126962,0.032777088872322724,0.16943696899449173,0.9983333333333333,True,1.057515449821949,hz100_fixed_time_h20,FIXED_TIME
hz100_h20,100,0.01,20,200.0,lemniscate_3.csv,J_KCW,10,100.0,False,,,0.1163688654691858,0.059892566869695366,0.269702559452692,0.9816666666666667,True,1.062890812754631,hz100_fixed_time_h20,FIXED_TIME
hz100_h20,100,0.01,20,200.0,lemniscate_3.csv,J_KCW,20,200.0,False,,,0.2583014586419823,0.11546510012206795,0.44411928368840337,0.8691666666666666,False,1.0615277588367462,hz100_fixed_time_h20,FIXED_TIME
hz100_h20,100,0.01,20,200.0,lemniscate_3.csv,J_KCW,50,500.0,False,,,0.8295738580877142,0.24917856793063967,0.7750400322560542,0.555,False,1.0589366108179092,hz100_fixed_time_h20,FIXED_TIME
hz100_h20,100,0.01,20,200.0,lemniscate_3.csv,J_KCW,100,1000.0,True,970.0,9700.0,2.485508533378265,0.47997292784129136,1.5386245358456672,0.32416666666666666,False,1.0558501332998276,hz100_fixed_time_h20,FIXED_TIME
hz100_h20,100,0.01,20,200.0,lemniscate_3.csv,J_KCW,infinity,,True,310.0,3100.0,8.519717011496668e+141,0.34838231416625165,2.6521918740658953e+142,0.1125,False,0.3109991252422333,hz100_fixed_time_h20,FIXED_TIME
hz100_h20,100,0.01,20,200.0,linear_oscillation.csv,PF_KCW,1,10.0,False,,,0.014459332299927357,0.0021800476145120177,0.02291780498671533,1.0,True,1.0542781352996826,hz100_fixed_time_h20,FIXED_TIME
hz100_h20,100,0.01,20,200.0,linear_oscillation.csv,PF_KCW,5,50.0,False,,,0.04260935106615173,0.006505627549259754,0.05354526938337218,1.0,True,1.0497481226921082,hz100_fixed_time_h20,FIXED_TIME
hz100_h20,100,0.01,20,200.0,linear_oscillation.csv,PF_KCW,10,100.0,False,,,0.07861655820959239,0.01224414268129418,0.09007525938148227,1.0,True,1.051916018128395,hz100_fixed_time_h20,FIXED_TIME
hz100_h20,100,0.01,20,200.0,linear_oscillation.csv,PF_KCW,20,200.0,False,,,0.14579476495337995,0.025048317791188355,0.16132855482320457,1.0,True,1.0515086725354195,hz100_fixed_time_h20,FIXED_TIME
hz100_h20,100,0.01,20,200.0,linear_oscillation.csv,PF_KCW,50,500.0,False,,,0.35252023701652735,0.07347326488887736,0.3340674174891617,0.9866666666666667,True,1.048649050295353,hz100_fixed_time_h20,FIXED_TIME
hz100_h20,100,0.01,20,200.0,linear_oscillation.csv,PF_KCW,100,1000.0,False,,,0.7281068885034496,0.17360225158912146,0.49055567293147323,0.9608333333333333,True,1.0487169101834297,hz100_fixed_time_h20,FIXED_TIME
hz100_h20,100,0.01,20,200.0,linear_oscillation.csv,PF_KCW,infinity,,True,569.0,5690.0,1.2952317029787012e+53,0.8431312298950732,1.0763836808391035e+53,0.145,False,0.6506812050938606,hz100_fixed_time_h20,FIXED_TIME
hz100_h20,100,0.01,20,200.0,linear_oscillation.csv,J_KCW,1,10.0,False,,,0.0038933541987165973,0.0021196046573215333,0.02222911044159988,1.0,True,1.064944639801979,hz100_fixed_time_h20,FIXED_TIME
hz100_h20,100,0.01,20,200.0,linear_oscillation.csv,J_KCW,5,50.0,False,,,0.011703554013940519,0.006345418154451686,0.050884014244179564,1.0,True,1.0563202649354935,hz100_fixed_time_h20,FIXED_TIME
hz100_h20,100,0.01,20,200.0,linear_oscillation.csv,J_KCW,10,100.0,False,,,0.023083887165731638,0.011945498684653489,0.08335461740270275,1.0,True,1.0639382898807526,hz100_fixed_time_h20,FIXED_TIME
hz100_h20,100,0.01,20,200.0,linear_oscillation.csv,J_KCW,20,200.0,False,,,0.05477532825327416,0.024452905975954748,0.14382525892098874,0.995,True,1.0640650540590286,hz100_fixed_time_h20,FIXED_TIME
hz100_h20,100,0.01,20,200.0,linear_oscillation.csv,J_KCW,50,500.0,False,,,0.21494519982286106,0.06737133665455203,0.28650164985598364,0.9275,True,1.0599301606416702,hz100_fixed_time_h20,FIXED_TIME
hz100_h20,100,0.01,20,200.0,linear_oscillation.csv,J_KCW,100,1000.0,False,,,0.4990514781224378,0.1350010493899913,0.38700050105837536,0.6883333333333334,False,1.0566863045096397,hz100_fixed_time_h20,FIXED_TIME
hz100_h20,100,0.01,20,200.0,linear_oscillation.csv,J_KCW,infinity,,True,353.0,3530.0,7.884273987960949e+58,0.7621750395908944,2.731107996678496e+59,0.1,False,0.3937964662909508,hz100_fixed_time_h20,FIXED_TIME
hz100_h20,100,0.01,20,200.0,melon_1.csv,PF_KCW,1,10.0,False,,,0.014952311338773078,0.0029092048215156913,0.01920365393874204,1.0,True,1.057012639939785,hz100_fixed_time_h20,FIXED_TIME
hz100_h20,100,0.01,20,200.0,melon_1.csv,PF_KCW,5,50.0,False,,,0.044768585391205915,0.008677191966421164,0.04467057028457166,1.0,True,1.0558592528104782,hz100_fixed_time_h20,FIXED_TIME
hz100_h20,100,0.01,20,200.0,melon_1.csv,PF_KCW,10,100.0,False,,,0.08214261863016846,0.015957798618586542,0.06748724192653678,1.0,True,1.0564143657684326,hz100_fixed_time_h20,FIXED_TIME
hz100_h20,100,0.01,20,200.0,melon_1.csv,PF_KCW,20,200.0,False,,,0.1586778609686291,0.030596173328078433,0.10493019672684616,1.0,True,1.061038039624691,hz100_fixed_time_h20,FIXED_TIME
hz100_h20,100,0.01,20,200.0,melon_1.csv,PF_KCW,50,500.0,False,,,0.4078155679951603,0.07202902501008424,0.22018904414621507,0.985,True,1.0542803406715393,hz100_fixed_time_h20,FIXED_TIME
hz100_h20,100,0.01,20,200.0,melon_1.csv,PF_KCW,100,1000.0,False,,,0.8118525815855636,0.15602818382691927,0.43970560898008304,0.92,True,1.055568017065525,hz100_fixed_time_h20,FIXED_TIME
hz100_h20,100,0.01,20,200.0,melon_1.csv,PF_KCW,infinity,,True,477.0,4770.0,inf,0.5621604827220474,inf,0.20833333333333334,False,0.5326316505670547,hz100_fixed_time_h20,FIXED_TIME
hz100_h20,100,0.01,20,200.0,melon_1.csv,J_KCW,1,10.0,False,,,0.0067564002091544985,0.0033050648218208786,0.019070481020855228,1.0,True,1.0676640421152115,hz100_fixed_time_h20,FIXED_TIME
hz100_h20,100,0.01,20,200.0,melon_1.csv,J_KCW,5,50.0,False,,,0.019753054822086204,0.009829623560925451,0.04414801141386782,1.0,True,1.0593164265155792,hz100_fixed_time_h20,FIXED_TIME
hz100_h20,100,0.01,20,200.0,melon_1.csv,J_KCW,10,100.0,False,,,0.03591416000158686,0.018122839400293148,0.0668695846728405,1.0,True,1.0581901967525482,hz100_fixed_time_h20,FIXED_TIME
hz100_h20,100,0.01,20,200.0,melon_1.csv,J_KCW,20,200.0,False,,,0.06838257278927914,0.03488367708694288,0.10532499356079698,0.9891666666666666,True,1.0584771558642387,hz100_fixed_time_h20,FIXED_TIME
hz100_h20,100,0.01,20,200.0,melon_1.csv,J_KCW,50,500.0,False,,,0.18296292908073078,0.08326636926693366,0.20217871359916337,0.9066666666666666,True,1.0608702525496483,hz100_fixed_time_h20,FIXED_TIME
hz100_h20,100,0.01,20,200.0,melon_1.csv,J_KCW,100,1000.0,False,,,0.48967652517990135,0.16576189667835273,0.3088001629812544,0.7008333333333333,False,1.0648344084620476,hz100_fixed_time_h20,FIXED_TIME
hz100_h20,100,0.01,20,200.0,melon_1.csv,J_KCW,infinity,,True,614.0,6140.0,inf,0.6739052142184274,inf,0.2575,False,0.6946442797780037,hz100_fixed_time_h20,FIXED_TIME
hz100_h20,100,0.01,20,200.0,melon_2.csv,PF_KCW,1,10.0,False,,,0.014478788359741932,0.0045681999666130615,0.019629144163133886,1.0,True,1.0619082227349281,hz100_fixed_time_h20,FIXED_TIME
hz100_h20,100,0.01,20,200.0,melon_2.csv,PF_KCW,5,50.0,False,,,0.043464892074857375,0.013581842726385733,0.047242616891137894,1.0,True,1.0590340942144394,hz100_fixed_time_h20,FIXED_TIME
hz100_h20,100,0.01,20,200.0,melon_2.csv,PF_KCW,10,100.0,False,,,0.08021427320351734,0.024651499462678333,0.07528570441461963,1.0,True,1.0594749823212624,hz100_fixed_time_h20,FIXED_TIME
hz100_h20,100,0.01,20,200.0,melon_2.csv,PF_KCW,20,200.0,False,,,0.15714087113486713,0.04650972007543713,0.13182665104799673,1.0,True,1.0670309513807297,hz100_fixed_time_h20,FIXED_TIME
hz100_h20,100,0.01,20,200.0,melon_2.csv,PF_KCW,50,500.0,False,,,0.41732892251710485,0.10687193531707725,0.27913626391051566,0.9641666666666666,True,1.057372197508812,hz100_fixed_time_h20,FIXED_TIME
hz100_h20,100,0.01,20,200.0,melon_2.csv,PF_KCW,100,1000.0,True,1187.0,11870.0,0.8843914043075646,0.23316738567897577,0.6000719787138538,0.8458333333333333,False,1.0552142634987831,hz100_fixed_time_h20,FIXED_TIME
hz100_h20,100,0.01,20,200.0,melon_2.csv,PF_KCW,infinity,,True,430.0,4300.0,1.0017309734146853e+63,0.5956056213708167,8.249535128085563e+62,0.16666666666666666,False,0.5147740244865417,hz100_fixed_time_h20,FIXED_TIME
hz100_h20,100,0.01,20,200.0,melon_2.csv,J_KCW,1,10.0,False,,,0.010045910294737066,0.004684829472804734,0.01895428502477006,1.0,True,1.0786435678601265,hz100_fixed_time_h20,FIXED_TIME
hz100_h20,100,0.01,20,200.0,melon_2.csv,J_KCW,5,50.0,False,,,0.029692907112737928,0.013902647945467942,0.04459123987332616,1.0,True,1.0698053538799286,hz100_fixed_time_h20,FIXED_TIME
hz100_h20,100,0.01,20,200.0,melon_2.csv,J_KCW,10,100.0,False,,,0.05398157963565699,0.025179831018295965,0.06891797014673676,1.0,True,1.0718440786004066,hz100_fixed_time_h20,FIXED_TIME
hz100_h20,100,0.01,20,200.0,melon_2.csv,J_KCW,20,200.0,False,,,0.10385215161145635,0.04756027804287374,0.1150093843079721,0.9883333333333333,True,1.0687188878655434,hz100_fixed_time_h20,FIXED_TIME
hz100_h20,100,0.01,20,200.0,melon_2.csv,J_KCW,50,500.0,False,,,0.3214178801878425,0.10997737798851367,0.23741919545972479,0.8216666666666667,False,1.0685159116983414,hz100_fixed_time_h20,FIXED_TIME
hz100_h20,100,0.01,20,200.0,melon_2.csv,J_KCW,100,1000.0,True,1180.0,11800.0,0.8277006382137903,0.20407467914453864,0.47834987125369716,0.6133333333333333,False,1.076238974928856,hz100_fixed_time_h20,FIXED_TIME
hz100_h20,100,0.01,20,200.0,melon_2.csv,J_KCW,infinity,,True,458.0,4580.0,5.353475445690887,1.483880503985721,2.317564761913944,0.07833333333333334,False,1.1556085869669914,hz100_fixed_time_h20,FIXED_TIME
hz100_h20,100,0.01,20,200.0,race_track_1.csv,PF_KCW,1,10.0,False,,,0.04477764304452272,0.009006482133713922,0.0591636397147053,1.0,True,1.0577395930886269,hz100_fixed_time_h20,FIXED_TIME
hz100_h20,100,0.01,20,200.0,race_track_1.csv,PF_KCW,5,50.0,False,,,0.1362200433738492,0.02718551856048288,0.16082681954840977,0.9975,True,1.05265224725008,hz100_fixed_time_h20,FIXED_TIME
hz100_h20,100,0.01,20,200.0,race_track_1.csv,PF_KCW,10,100.0,False,,,0.24900799114063601,0.050045537993449886,0.2788370337880547,0.9908333333333333,True,1.0573096945881844,hz100_fixed_time_h20,FIXED_TIME
hz100_h20,100,0.01,20,200.0,race_track_1.csv,PF_KCW,20,200.0,False,,,0.4997286523951294,0.09545518138767418,0.4382032924786776,0.9733333333333334,True,1.059327483177185,hz100_fixed_time_h20,FIXED_TIME
hz100_h20,100,0.01,20,200.0,race_track_1.csv,PF_KCW,50,500.0,False,,,1.2738714754812621,0.24890068884428654,1.0001030854774853,0.7983333333333333,False,1.056940719485283,hz100_fixed_time_h20,FIXED_TIME
hz100_h20,100,0.01,20,200.0,race_track_1.csv,PF_KCW,100,1000.0,True,272.0,2720.0,3.579728341801076,0.5997972163538886,2.261858339977028,0.4608333333333333,False,1.0568531677126884,hz100_fixed_time_h20,FIXED_TIME
hz100_h20,100,0.01,20,200.0,race_track_1.csv,PF_KCW,infinity,,True,222.0,2220.0,inf,0.6325970979322681,inf,0.1025,False,0.3689870238304138,hz100_fixed_time_h20,FIXED_TIME
hz100_h20,100,0.01,20,200.0,race_track_1.csv,J_KCW,1,10.0,False,,,0.01778096733796922,0.008469172297861767,0.05991055846593592,1.0,True,1.0655656903982162,hz100_fixed_time_h20,FIXED_TIME
hz100_h20,100,0.01,20,200.0,race_track_1.csv,J_KCW,5,50.0,False,,,0.05576273904076914,0.02565171467375556,0.16357478637837775,1.0,True,1.0608572661876678,hz100_fixed_time_h20,FIXED_TIME
hz100_h20,100,0.01,20,200.0,race_track_1.csv,J_KCW,10,100.0,False,,,0.1107584088658373,0.04741217052133813,0.2818264838103433,0.9791666666666666,True,1.0637285709381104,hz100_fixed_time_h20,FIXED_TIME
hz100_h20,100,0.01,20,200.0,race_track_1.csv,J_KCW,20,200.0,False,,,0.2498271074129326,0.09057847975137913,0.4492907563539535,0.8733333333333333,False,1.062761276960373,hz100_fixed_time_h20,FIXED_TIME
hz100_h20,100,0.01,20,200.0,race_track_1.csv,J_KCW,50,500.0,False,,,0.8579097549473346,0.24323613437753647,0.9354963563556739,0.5316666666666666,False,1.0607585906982422,hz100_fixed_time_h20,FIXED_TIME
hz100_h20,100,0.01,20,200.0,race_track_1.csv,J_KCW,100,1000.0,True,454.0,4540.0,1.9878116423061847,0.5436031854124243,1.593649614176034,0.2941666666666667,False,1.0564462319016457,hz100_fixed_time_h20,FIXED_TIME
hz100_h20,100,0.01,20,200.0,race_track_1.csv,J_KCW,infinity,,True,222.0,2220.0,1.5082905185552184e+68,0.911142050095773,4.731426210191855e+68,0.1,False,0.3740787208080292,hz100_fixed_time_h20,FIXED_TIME
hz100_h20,100,0.01,20,200.0,race_track_2.csv,PF_KCW,1,10.0,False,,,0.08294707696603149,0.014588895919697146,0.09094464539494915,1.0,True,1.0692174658179283,hz100_fixed_time_h20,FIXED_TIME
hz100_h20,100,0.01,20,200.0,race_track_2.csv,PF_KCW,5,50.0,False,,,0.2517560942865459,0.04356714055116428,0.24387816216500263,0.9991666666666666,True,1.0502693504095078,hz100_fixed_time_h20,FIXED_TIME
hz100_h20,100,0.01,20,200.0,race_track_2.csv,PF_KCW,10,100.0,False,,,0.46457106375993734,0.08049347911003056,0.4186635942661417,0.9808333333333333,True,1.0682000070810318,hz100_fixed_time_h20,FIXED_TIME
hz100_h20,100,0.01,20,200.0,race_track_2.csv,PF_KCW,20,200.0,False,,,0.948304148688162,0.1546528678825631,0.6458321002329643,0.89,False,1.0707718059420586,hz100_fixed_time_h20,FIXED_TIME
hz100_h20,100,0.01,20,200.0,race_track_2.csv,PF_KCW,50,500.0,False,,,1.8433289258480654,0.32256505494473353,1.214150046935794,0.6283333333333333,False,1.0510797575116158,hz100_fixed_time_h20,FIXED_TIME
hz100_h20,100,0.01,20,200.0,race_track_2.csv,PF_KCW,100,1000.0,True,264.0,2640.0,4.829616822809377,0.7638671531326305,2.635108855371583,0.315,False,1.0507802292704582,hz100_fixed_time_h20,FIXED_TIME
hz100_h20,100,0.01,20,200.0,race_track_2.csv,PF_KCW,infinity,,True,204.0,2040.0,inf,0.5918789944942604,inf,0.1025,False,0.2602139562368393,hz100_fixed_time_h20,FIXED_TIME
hz100_h20,100,0.01,20,200.0,race_track_2.csv,J_KCW,1,10.0,False,,,0.02518865782575495,0.014258025469853462,0.0905806881800296,1.0,True,1.1016029044985771,hz100_fixed_time_h20,FIXED_TIME
hz100_h20,100,0.01,20,200.0,race_track_2.csv,J_KCW,5,50.0,False,,,0.08123900726339518,0.04273885296621057,0.24701764622575847,0.9991666666666666,True,1.0948210060596466,hz100_fixed_time_h20,FIXED_TIME
hz100_h20,100,0.01,20,200.0,race_track_2.csv,J_KCW,10,100.0,False,,,0.1729331962113993,0.07916145858862123,0.422199588177644,0.95,True,1.0746702626347542,hz100_fixed_time_h20,FIXED_TIME
hz100_h20,100,0.01,20,200.0,race_track_2.csv,J_KCW,20,200.0,False,,,0.37713021332518554,0.15388170666396164,0.6699025375100504,0.7766666666666666,False,1.0941351652145386,hz100_fixed_time_h20,FIXED_TIME
hz100_h20,100,0.01,20,200.0,race_track_2.csv,J_KCW,50,500.0,True,1138.0,11380.0,1.1990362862083976,0.37047064116651973,1.1665746725413986,0.42,False,1.0993285179138184,hz100_fixed_time_h20,FIXED_TIME
hz100_h20,100,0.01,20,200.0,race_track_2.csv,J_KCW,100,1000.0,True,461.0,4610.0,4.717204859201835e+108,0.6769860756198812,1.4314448180627649e+109,0.2275,False,0.9887033551931381,hz100_fixed_time_h20,FIXED_TIME
hz100_h20,100,0.01,20,200.0,race_track_2.csv,J_KCW,infinity,,True,219.0,2190.0,inf,0.7534288150325522,inf,0.09083333333333334,False,0.3400898948311806,hz100_fixed_time_h20,FIXED_TIME
hz100_h20,100,0.01,20,200.0,random_points.csv,PF_KCW,1,10.0,False,,,0.014225310281060354,0.004020577476233847,0.01300235052087505,1.0,True,1.068147949874401,hz100_fixed_time_h20,FIXED_TIME
hz100_h20,100,0.01,20,200.0,random_points.csv,PF_KCW,5,50.0,False,,,0.04362605037493245,0.012015805501271876,0.0296994652898918,1.0,True,1.0515853092074394,hz100_fixed_time_h20,FIXED_TIME
hz100_h20,100,0.01,20,200.0,random_points.csv,PF_KCW,10,100.0,False,,,0.08211599194623702,0.021906793063623347,0.043316344076106246,1.0,True,1.052175149321556,hz100_fixed_time_h20,FIXED_TIME
hz100_h20,100,0.01,20,200.0,random_points.csv,PF_KCW,20,200.0,False,,,0.16840253111324424,0.04165884271051023,0.0735173440517367,1.0,True,1.0597422495484352,hz100_fixed_time_h20,FIXED_TIME
hz100_h20,100,0.01,20,200.0,random_points.csv,PF_KCW,50,500.0,False,,,0.5289107722005064,0.10121570675708941,0.16508690712654456,1.0,True,1.0920564159750938,hz100_fixed_time_h20,FIXED_TIME
hz100_h20,100,0.01,20,200.0,random_points.csv,PF_KCW,100,1000.0,False,,,1.778007053897829,0.21497959359323512,0.4350559294261046,0.7433333333333333,False,1.0532694458961487,hz100_fixed_time_h20,FIXED_TIME
hz100_h20,100,0.01,20,200.0,random_points.csv,PF_KCW,infinity,,True,191.0,1910.0,inf,1.3908192193030378,inf,0.075,False,0.5387766286730766,hz100_fixed_time_h20,FIXED_TIME
hz100_h20,100,0.01,20,200.0,random_points.csv,J_KCW,1,10.0,False,,,0.00474548897982803,0.0033731326036688966,0.013826007748511478,1.0,True,1.1087338849902153,hz100_fixed_time_h20,FIXED_TIME
hz100_h20,100,0.01,20,200.0,random_points.csv,J_KCW,5,50.0,False,,,0.014317107960421366,0.010039488134997852,0.031076380244765164,1.0,True,1.1194034293293953,hz100_fixed_time_h20,FIXED_TIME
hz100_h20,100,0.01,20,200.0,random_points.csv,J_KCW,10,100.0,False,,,0.02671087319875049,0.018297910553635083,0.04233387899727172,1.0,True,1.1199259832501411,hz100_fixed_time_h20,FIXED_TIME
hz100_h20,100,0.01,20,200.0,random_points.csv,J_KCW,20,200.0,False,,,0.0553228202877627,0.034751522883309426,0.06837034679907067,1.0,True,1.120235115289688,hz100_fixed_time_h20,FIXED_TIME
hz100_h20,100,0.01,20,200.0,random_points.csv,J_KCW,50,500.0,False,,,0.1742648531766379,0.08222278868134034,0.1460447463470231,0.9666666666666667,True,1.1183923184871674,hz100_fixed_time_h20,FIXED_TIME
hz100_h20,100,0.01,20,200.0,random_points.csv,J_KCW,100,1000.0,False,,,0.4924109364477778,0.16014565933194258,0.2802868637782684,0.7108333333333333,False,1.1258985847234726,hz100_fixed_time_h20,FIXED_TIME
hz100_h20,100,0.01,20,200.0,random_points.csv,J_KCW,infinity,,True,339.0,3390.0,5.442333816296164,1.4883030165828863,1.62136446101018,0.0625,False,1.1203917041420937,hz100_fixed_time_h20,FIXED_TIME
hz100_h20,100,0.01,20,200.0,slanted_circle_1.csv,PF_KCW,1,10.0,False,,,0.0109415912174169,0.0032488538461922997,0.01099978980267677,1.0,True,1.0566045641899109,hz100_fixed_time_h20,FIXED_TIME
hz100_h20,100,0.01,20,200.0,slanted_circle_1.csv,PF_KCW,5,50.0,False,,,0.03322842744962599,0.009660826826826148,0.02400061851337996,1.0,True,1.0552157759666443,hz100_fixed_time_h20,FIXED_TIME
hz100_h20,100,0.01,20,200.0,slanted_circle_1.csv,PF_KCW,10,100.0,False,,,0.06281639140274449,0.017603661272796927,0.03686880326197246,1.0,True,1.05547583848238,hz100_fixed_time_h20,FIXED_TIME
hz100_h20,100,0.01,20,200.0,slanted_circle_1.csv,PF_KCW,20,200.0,False,,,0.12917273841672677,0.03332003696272743,0.06023461470045888,1.0,True,1.0564871206879616,hz100_fixed_time_h20,FIXED_TIME
hz100_h20,100,0.01,20,200.0,slanted_circle_1.csv,PF_KCW,50,500.0,False,,,0.3918471319883896,0.07789608782377452,0.148119321547352,0.9975,True,1.0547261908650398,hz100_fixed_time_h20,FIXED_TIME
hz100_h20,100,0.01,20,200.0,slanted_circle_1.csv,PF_KCW,100,1000.0,True,389.0,3890.0,1.5345364115135556,0.16836807030305945,0.4728996999611359,0.8283333333333334,False,1.0524512380361557,hz100_fixed_time_h20,FIXED_TIME
hz100_h20,100,0.01,20,200.0,slanted_circle_1.csv,PF_KCW,infinity,,True,162.0,1620.0,2.4455316822990585e+99,1.397523974144977,1.928848131436997e+99,0.059166666666666666,False,0.3304910212755203,hz100_fixed_time_h20,FIXED_TIME
hz100_h20,100,0.01,20,200.0,slanted_circle_1.csv,J_KCW,1,10.0,False,,,0.0038656659602093976,0.002007959595217964,0.01115017464635266,1.0,True,1.059609480202198,hz100_fixed_time_h20,FIXED_TIME
hz100_h20,100,0.01,20,200.0,slanted_circle_1.csv,J_KCW,5,50.0,False,,,0.011150598934788418,0.005938701714537831,0.0240073572665669,1.0,True,1.0706338658928871,hz100_fixed_time_h20,FIXED_TIME
hz100_h20,100,0.01,20,200.0,slanted_circle_1.csv,J_KCW,10,100.0,False,,,0.020229310578851453,0.01075624377867838,0.034881600542008485,1.0,True,1.067560389637947,hz100_fixed_time_h20,FIXED_TIME
hz100_h20,100,0.01,20,200.0,slanted_circle_1.csv,J_KCW,20,200.0,False,,,0.03889990818054741,0.019980283047776295,0.053738886448438945,1.0,True,1.0684093609452248,hz100_fixed_time_h20,FIXED_TIME
hz100_h20,100,0.01,20,200.0,slanted_circle_1.csv,J_KCW,50,500.0,False,,,0.11075055817615478,0.04645187843506766,0.12115982791847496,0.9991666666666666,True,1.0659978464245796,hz100_fixed_time_h20,FIXED_TIME
hz100_h20,100,0.01,20,200.0,slanted_circle_1.csv,J_KCW,100,1000.0,False,,,0.3095271890453478,0.08765280233433344,0.24591523739068444,0.8408333333333333,False,1.0690755769610405,hz100_fixed_time_h20,FIXED_TIME
hz100_h20,100,0.01,20,200.0,slanted_circle_1.csv,J_KCW,infinity,,True,488.0,4880.0,4.760447523084381,1.459522458191423,1.531644603585984,0.08166666666666667,False,1.085488222539425,hz100_fixed_time_h20,FIXED_TIME
hz100_h20,100,0.01,20,200.0,slanted_circle_2.csv,PF_KCW,1,10.0,False,,,0.02368198117463069,0.005187498765642517,0.014368552782194618,1.0,True,1.0583481714129448,hz100_fixed_time_h20,FIXED_TIME
hz100_h20,100,0.01,20,200.0,slanted_circle_2.csv,PF_KCW,5,50.0,False,,,0.07290901945271872,0.015455357262280627,0.031235397056589443,1.0,True,1.055275022983551,hz100_fixed_time_h20,FIXED_TIME
hz100_h20,100,0.01,20,200.0,slanted_circle_2.csv,PF_KCW,10,100.0,False,,,0.13792584721661413,0.028074519953585078,0.04460335004135691,1.0,True,1.0507534444332123,hz100_fixed_time_h20,FIXED_TIME
hz100_h20,100,0.01,20,200.0,slanted_circle_2.csv,PF_KCW,20,200.0,False,,,0.2895325631506792,0.052641454547244365,0.07427765485189818,1.0,True,1.0550988838076591,hz100_fixed_time_h20,FIXED_TIME
hz100_h20,100,0.01,20,200.0,slanted_circle_2.csv,PF_KCW,50,500.0,False,,,0.9090353014495234,0.12021289886414578,0.24492421284376253,0.8966666666666666,False,1.0524675324559212,hz100_fixed_time_h20,FIXED_TIME
hz100_h20,100,0.01,20,200.0,slanted_circle_2.csv,PF_KCW,100,1000.0,True,880.0,8800.0,2.9277755076831506,0.22036945395432023,1.1111286745359514,0.6833333333333333,False,1.054655261337757,hz100_fixed_time_h20,FIXED_TIME
hz100_h20,100,0.01,20,200.0,slanted_circle_2.csv,PF_KCW,infinity,,True,127.0,1270.0,8.820049041261088e+91,0.7746952054971858,7.059202388752753e+91,0.04083333333333333,False,0.20165518671274185,hz100_fixed_time_h20,FIXED_TIME
hz100_h20,100,0.01,20,200.0,slanted_circle_2.csv,J_KCW,1,10.0,False,,,0.005756732732833456,0.005857237931776729,0.017203388463119508,1.0,True,1.0616876929998398,hz100_fixed_time_h20,FIXED_TIME
hz100_h20,100,0.01,20,200.0,slanted_circle_2.csv,J_KCW,5,50.0,False,,,0.017314054372217707,0.01738106985433137,0.040307915821993584,1.0,True,1.0554099678993225,hz100_fixed_time_h20,FIXED_TIME
hz100_h20,100,0.01,20,200.0,slanted_circle_2.csv,J_KCW,10,100.0,False,,,0.03201370668842767,0.03147578526594679,0.058794920040496614,1.0,True,1.054723672568798,hz100_fixed_time_h20,FIXED_TIME
hz100_h20,100,0.01,20,200.0,slanted_circle_2.csv,J_KCW,20,200.0,False,,,0.06817889653149876,0.058578095837587205,0.09328315154949025,0.9975,True,1.0553536340594292,hz100_fixed_time_h20,FIXED_TIME
hz100_h20,100,0.01,20,200.0,slanted_circle_2.csv,J_KCW,50,500.0,False,,,0.2523169053665715,0.1313106535262019,0.18858112029383833,0.8758333333333334,False,1.0564993098378181,hz100_fixed_time_h20,FIXED_TIME
hz100_h20,100,0.01,20,200.0,slanted_circle_2.csv,J_KCW,100,1000.0,False,,,0.7700121366282872,0.2329831629392902,0.34944558533618314,0.6716666666666666,False,1.0559509247541428,hz100_fixed_time_h20,FIXED_TIME
hz100_h20,100,0.01,20,200.0,slanted_circle_2.csv,J_KCW,infinity,,True,374.0,3740.0,inf,1.2702069613515017,inf,0.11416666666666667,False,0.7190978229045868,hz100_fixed_time_h20,FIXED_TIME
hz200_h20,200,0.005,20,100.0,ellipse.csv,PF_KCW,1,5.0,False,,,0.02557029395260635,0.004181972162883372,0.01909692389279999,1.0,True,2.1810307726264,hz200_fixed_step_h20,FIXED_STEP
hz200_h20,200,0.005,20,100.0,ellipse.csv,PF_KCW,2,10.0,False,,,0.03824989473499218,0.006258266184400784,0.027917683409986904,1.0,True,2.1569872573018074,hz200_fixed_step_h20,FIXED_STEP
hz200_h20,200,0.005,20,100.0,ellipse.csv,PF_KCW,5,25.0,False,,,0.0767563523684402,0.012440237959887421,0.050706249722536866,1.0,True,2.1549530774354935,hz200_fixed_step_h20,FIXED_STEP
hz200_h20,200,0.005,20,100.0,ellipse.csv,PF_KCW,10,50.0,False,,,0.14117515866144328,0.02263122301874393,0.08547987842081829,0.9929166666666667,True,2.130132131278515,hz200_fixed_step_h20,FIXED_STEP
hz200_h20,200,0.005,20,100.0,ellipse.csv,PF_KCW,20,100.0,False,,,0.2743751815529132,0.04298647065305812,0.1550273829015482,0.9308333333333333,True,2.1290517300367355,hz200_fixed_step_h20,FIXED_STEP
hz200_h20,200,0.005,20,100.0,ellipse.csv,PF_KCW,40,200.0,False,,,0.5453484624129992,0.08439289411537362,0.285554885281759,0.8341666666666666,False,2.1189021542668343,hz200_fixed_step_h20,FIXED_STEP
hz200_h20,200,0.005,20,100.0,ellipse.csv,PF_KCW,100,500.0,True,2182.0,10910.0,1.5578687911841438,0.23871441628284573,0.8825157019688635,0.6983333333333334,False,2.155215248465538,hz200_fixed_step_h20,FIXED_STEP
hz200_h20,200,0.005,20,100.0,ellipse.csv,PF_KCW,200,1000.0,True,1929.0,9645.0,2.512570162215641,0.37901170330433676,1.4800634784744096,0.60625,False,2.1535444483160973,hz200_fixed_step_h20,FIXED_STEP
hz200_h20,200,0.005,20,100.0,ellipse.csv,PF_KCW,infinity,,True,914.0,4570.0,inf,1.1109668385426956,inf,0.12333333333333334,False,1.2745283171534538,hz200_fixed_step_h20,FIXED_STEP
hz200_h20,200,0.005,20,100.0,ellipse.csv,J_KCW,1,5.0,False,,,0.00871143224400241,0.004211256948259955,0.017016041449786107,1.0,True,2.1582319736480713,hz200_fixed_step_h20,FIXED_STEP
hz200_h20,200,0.005,20,100.0,ellipse.csv,J_KCW,2,10.0,False,,,0.013106912693331531,0.006297492680211929,0.024737880105141063,1.0,True,2.146294765174389,hz200_fixed_step_h20,FIXED_STEP
hz200_h20,200,0.005,20,100.0,ellipse.csv,J_KCW,5,25.0,False,,,0.026536326913918953,0.012487474606214431,0.04428363487578602,1.0,True,2.1464869901537895,hz200_fixed_step_h20,FIXED_STEP
hz200_h20,200,0.005,20,100.0,ellipse.csv,J_KCW,10,50.0,False,,,0.04990836589889764,0.022566409670283203,0.07227631843382613,0.9783333333333334,True,2.1444436758756638,hz200_fixed_step_h20,FIXED_STEP
hz200_h20,200,0.005,20,100.0,ellipse.csv,J_KCW,20,100.0,False,,,0.10137028533339648,0.04228888527951742,0.12407506612589825,0.87875,False,2.140334330499172,hz200_fixed_step_h20,FIXED_STEP
hz200_h20,200,0.005,20,100.0,ellipse.csv,J_KCW,40,200.0,False,,,0.22617528139181697,0.07964436193381372,0.2184209246079124,0.7566666666666667,False,2.142223507165909,hz200_fixed_step_h20,FIXED_STEP
hz200_h20,200,0.005,20,100.0,ellipse.csv,J_KCW,100,500.0,True,2291.0,11455.0,0.8728222609216838,0.19723168492019152,0.6078301746348607,0.5904166666666667,False,2.1469057351350784,hz200_fixed_step_h20,FIXED_STEP
hz200_h20,200,0.005,20,100.0,ellipse.csv,J_KCW,200,1000.0,True,1924.0,9620.0,3.917237980428479e+121,0.281807376002555,5.837601884191709e+121,0.37625,False,1.9216510280966759,hz200_fixed_step_h20,FIXED_STEP
hz200_h20,200,0.005,20,100.0,ellipse.csv,J_KCW,infinity,,True,963.0,4815.0,inf,1.5694900105799308,inf,0.04833333333333333,False,2.1633271872997284,hz200_fixed_step_h20,FIXED_STEP
hz200_h20,200,0.005,20,100.0,lemniscate_1.csv,PF_KCW,1,5.0,False,,,0.0032956805432532367,0.00040759073713144745,0.0063946340640315845,1.0,True,2.2116505578160286,hz200_fixed_step_h20,FIXED_STEP
hz200_h20,200,0.005,20,100.0,lemniscate_1.csv,PF_KCW,2,10.0,False,,,0.004921637741408621,0.0006091531075975537,0.009194554994600503,1.0,True,2.219328500330448,hz200_fixed_step_h20,FIXED_STEP
hz200_h20,200,0.005,20,100.0,lemniscate_1.csv,PF_KCW,5,25.0,False,,,0.009718231988772617,0.0012078275195906041,0.015679986976795495,1.0,True,2.183791108429432,hz200_fixed_step_h20,FIXED_STEP
hz200_h20,200,0.005,20,100.0,lemniscate_1.csv,PF_KCW,10,50.0,False,,,0.017592448914523003,0.0022079416170344953,0.023185306728258893,1.0,True,2.1942056119441986,hz200_fixed_step_h20,FIXED_STEP
hz200_h20,200,0.005,20,100.0,lemniscate_1.csv,PF_KCW,20,100.0,False,,,0.03322513567532359,0.004264086853214838,0.03407167998725346,1.0,True,2.106144219636917,hz200_fixed_step_h20,FIXED_STEP
hz200_h20,200,0.005,20,100.0,lemniscate_1.csv,PF_KCW,40,200.0,False,,,0.0623049507817012,0.008840775275579183,0.05318902089910619,1.0,True,2.1018811017274857,hz200_fixed_step_h20,FIXED_STEP
hz200_h20,200,0.005,20,100.0,lemniscate_1.csv,PF_KCW,100,500.0,False,,,0.17199582307279285,0.028090246207691554,0.11232046268004471,1.0,True,2.1042539328336716,hz200_fixed_step_h20,FIXED_STEP
hz200_h20,200,0.005,20,100.0,lemniscate_1.csv,PF_KCW,200,1000.0,False,,,0.3957813200468827,0.06747940626621265,0.19797256637838626,0.9216666666666666,True,2.1044509261846542,hz200_fixed_step_h20,FIXED_STEP
hz200_h20,200,0.005,20,100.0,lemniscate_1.csv,PF_KCW,infinity,,True,775.0,3875.0,inf,0.4801513543773496,inf,0.20666666666666667,False,0.8236779496073723,hz200_fixed_step_h20,FIXED_STEP
hz200_h20,200,0.005,20,100.0,lemniscate_1.csv,J_KCW,1,5.0,False,,,0.0014135483273033094,0.0003532324694795908,0.006414084647110383,1.0,True,2.156356304883957,hz200_fixed_step_h20,FIXED_STEP
hz200_h20,200,0.005,20,100.0,lemniscate_1.csv,J_KCW,2,10.0,False,,,0.002113164651778149,0.0005268237820115407,0.009224842061025659,1.0,True,2.1550545394420624,hz200_fixed_step_h20,FIXED_STEP
hz200_h20,200,0.005,20,100.0,lemniscate_1.csv,J_KCW,5,25.0,False,,,0.004167601212788449,0.0010434192326036404,0.015755673568716832,1.0,True,2.1448100581765175,hz200_fixed_step_h20,FIXED_STEP
hz200_h20,200,0.005,20,100.0,lemniscate_1.csv,J_KCW,10,50.0,False,,,0.007443794893185693,0.0018887801158662806,0.02336381392265561,1.0,True,2.131085552275181,hz200_fixed_step_h20,FIXED_STEP
hz200_h20,200,0.005,20,100.0,lemniscate_1.csv,J_KCW,20,100.0,False,,,0.01382096435591544,0.0036267995461277793,0.03462421375712074,1.0,True,2.129367373883724,hz200_fixed_step_h20,FIXED_STEP
hz200_h20,200,0.005,20,100.0,lemniscate_1.csv,J_KCW,40,200.0,False,,,0.025924195162880328,0.0075906435541046695,0.05323993785300086,1.0,True,2.138660103082657,hz200_fixed_step_h20,FIXED_STEP
hz200_h20,200,0.005,20,100.0,lemniscate_1.csv,J_KCW,100,500.0,False,,,0.06783689332301215,0.02483518445689554,0.11324390574635321,1.0,True,2.1332915276288986,hz200_fixed_step_h20,FIXED_STEP
hz200_h20,200,0.005,20,100.0,lemniscate_1.csv,J_KCW,200,1000.0,False,,,0.17713218725359942,0.06259852396097096,0.1892075041706463,0.7945833333333333,False,2.1439187601208687,hz200_fixed_step_h20,FIXED_STEP
hz200_h20,200,0.005,20,100.0,lemniscate_1.csv,J_KCW,infinity,,True,846.0,4230.0,inf,0.8218979739208603,inf,0.07125,False,1.0389743149280548,hz200_fixed_step_h20,FIXED_STEP
hz200_h20,200,0.005,20,100.0,lemniscate_2.csv,PF_KCW,1,5.0,False,,,0.00483704654827239,0.0008269364957974462,0.008390437642725996,1.0,True,2.113221250474453,hz200_fixed_step_h20,FIXED_STEP
hz200_h20,200,0.005,20,100.0,lemniscate_2.csv,PF_KCW,2,10.0,False,,,0.007221656637238465,0.0012385446972743453,0.012154397572324126,1.0,True,2.111413888633251,hz200_fixed_step_h20,FIXED_STEP
hz200_h20,200,0.005,20,100.0,lemniscate_2.csv,PF_KCW,5,25.0,False,,,0.014304104978916493,0.002462439265537021,0.021153380653499556,1.0,True,2.105980508029461,hz200_fixed_step_h20,FIXED_STEP
hz200_h20,200,0.005,20,100.0,lemniscate_2.csv,PF_KCW,10,50.0,False,,,0.025829259692144738,0.004525404024504221,0.03331885520712888,1.0,True,2.1184648871421814,hz200_fixed_step_h20,FIXED_STEP
hz200_h20,200,0.005,20,100.0,lemniscate_2.csv,PF_KCW,20,100.0,False,,,0.04894929331771228,0.008710391029359506,0.05239050615572762,1.0,True,2.1018820479512215,hz200_fixed_step_h20,FIXED_STEP
hz200_h20,200,0.005,20,100.0,lemniscate_2.csv,PF_KCW,40,200.0,False,,,0.09309527572083115,0.017708955709181698,0.0845917567899581,1.0,True,2.1061705872416496,hz200_fixed_step_h20,FIXED_STEP
hz200_h20,200,0.005,20,100.0,lemniscate_2.csv,PF_KCW,100,500.0,False,,,0.23811705627804788,0.0473045850110673,0.17587145239820928,0.985,True,2.116121783852577,hz200_fixed_step_h20,FIXED_STEP
hz200_h20,200,0.005,20,100.0,lemniscate_2.csv,PF_KCW,200,1000.0,False,,,0.533744984289084,0.08003112930251423,0.2651205314123429,0.8658333333333333,False,2.1063141152262688,hz200_fixed_step_h20,FIXED_STEP
hz200_h20,200,0.005,20,100.0,lemniscate_2.csv,PF_KCW,infinity,,True,685.0,3425.0,8.756346786359936e+36,0.2182347111060419,1.7361743828189912e+37,0.17166666666666666,False,0.6511272042989731,hz200_fixed_step_h20,FIXED_STEP
hz200_h20,200,0.005,20,100.0,lemniscate_2.csv,J_KCW,1,5.0,False,,,0.0016524346639376158,0.0009030820501370203,0.008222682187772045,1.0,True,2.1485283747315407,hz200_fixed_step_h20,FIXED_STEP
hz200_h20,200,0.005,20,100.0,lemniscate_2.csv,J_KCW,2,10.0,False,,,0.00246449695911887,0.0013511647623667426,0.011889565486907868,1.0,True,2.1297292336821556,hz200_fixed_step_h20,FIXED_STEP
hz200_h20,200,0.005,20,100.0,lemniscate_2.csv,J_KCW,5,25.0,False,,,0.00481236914336333,0.002679970560442787,0.020581367266659344,1.0,True,2.1300947219133377,hz200_fixed_step_h20,FIXED_STEP
hz200_h20,200,0.005,20,100.0,lemniscate_2.csv,J_KCW,10,50.0,False,,,0.008693613345779984,0.004906480546228298,0.031961430346468964,1.0,True,2.1300310641527176,hz200_fixed_step_h20,FIXED_STEP
hz200_h20,200,0.005,20,100.0,lemniscate_2.csv,J_KCW,20,100.0,False,,,0.015778277174124732,0.009382213957289401,0.04917900563345389,1.0,True,2.1331336572766304,hz200_fixed_step_h20,FIXED_STEP
hz200_h20,200,0.005,20,100.0,lemniscate_2.csv,J_KCW,40,200.0,False,,,0.030777240142932368,0.0187301498021623,0.07746585756204637,1.0,True,2.1296834275126457,hz200_fixed_step_h20,FIXED_STEP
hz200_h20,200,0.005,20,100.0,lemniscate_2.csv,J_KCW,100,500.0,False,,,0.09598548483368535,0.04747323449012273,0.15764849990898466,0.9258333333333333,True,2.131228230893612,hz200_fixed_step_h20,FIXED_STEP
hz200_h20,200,0.005,20,100.0,lemniscate_2.csv,J_KCW,200,1000.0,False,,,0.25486097176104733,0.08384786622341656,0.22684569776246047,0.66,False,2.145761586725712,hz200_fixed_step_h20,FIXED_STEP
hz200_h20,200,0.005,20,100.0,lemniscate_2.csv,J_KCW,infinity,,True,757.0,3785.0,6.195787580568732e+41,1.1407977343905844,1.8161085149549728e+42,0.08916666666666667,False,1.294833667576313,hz200_fixed_step_h20,FIXED_STEP
hz200_h20,200,0.005,20,100.0,lemniscate_3.csv,PF_KCW,1,5.0,False,,,0.02980474664757804,0.0053611026312355035,0.03615567556735531,1.0,True,2.121447190642357,hz200_fixed_step_h20,FIXED_STEP
hz200_h20,200,0.005,20,100.0,lemniscate_3.csv,PF_KCW,2,10.0,False,,,0.04450607146968872,0.008033754415898106,0.052873651913851585,1.0,True,2.104919880628586,hz200_fixed_step_h20,FIXED_STEP
hz200_h20,200,0.005,20,100.0,lemniscate_3.csv,PF_KCW,5,25.0,False,,,0.08813255163215805,0.016065048772172137,0.09861290578524551,1.0,True,2.1049141362309456,hz200_fixed_step_h20,FIXED_STEP
hz200_h20,200,0.005,20,100.0,lemniscate_3.csv,PF_KCW,10,50.0,False,,,0.15914968056528678,0.02958743465635102,0.16363910795853523,0.9908333333333333,True,2.103432573378086,hz200_fixed_step_h20,FIXED_STEP
hz200_h20,200,0.005,20,100.0,lemniscate_3.csv,PF_KCW,20,100.0,False,,,0.29287305501209876,0.05661413082052862,0.271095933429143,0.9525,True,2.107205279171467,hz200_fixed_step_h20,FIXED_STEP
hz200_h20,200,0.005,20,100.0,lemniscate_3.csv,PF_KCW,40,200.0,False,,,0.5667817925337164,0.11344617822808184,0.47263655574903574,0.7904166666666667,False,2.1037874668836594,hz200_fixed_step_h20,FIXED_STEP
hz200_h20,200,0.005,20,100.0,lemniscate_3.csv,PF_KCW,100,500.0,True,1387.0,6935.0,1.3022817576273458,0.3117554082489889,0.9073622780229639,0.5283333333333333,False,2.1049696505069733,hz200_fixed_step_h20,FIXED_STEP
hz200_h20,200,0.005,20,100.0,lemniscate_3.csv,PF_KCW,200,1000.0,True,1364.0,6820.0,3.2547897308471705,0.5479214166711296,2.1161193618836776,0.3466666666666667,False,2.1098484322428703,hz200_fixed_step_h20,FIXED_STEP
hz200_h20,200,0.005,20,100.0,lemniscate_3.csv,PF_KCW,infinity,,True,633.0,3165.0,2.130319741101325e+118,0.3473417368744019,4.19240248257802e+118,0.1375,False,0.5936686396598816,hz200_fixed_step_h20,FIXED_STEP
hz200_h20,200,0.005,20,100.0,lemniscate_3.csv,J_KCW,1,5.0,False,,,0.008520401324353282,0.005207698747170899,0.03534061174408332,1.0,True,2.135634683072567,hz200_fixed_step_h20,FIXED_STEP
hz200_h20,200,0.005,20,100.0,lemniscate_3.csv,J_KCW,2,10.0,False,,,0.012840907858992506,0.007795522550046988,0.051672468426842255,1.0,True,2.1274020224809647,hz200_fixed_step_h20,FIXED_STEP
hz200_h20,200,0.005,20,100.0,lemniscate_3.csv,J_KCW,5,25.0,False,,,0.026445409773579773,0.015566946077015854,0.09639606050870843,0.9991666666666666,True,2.128293439745903,hz200_fixed_step_h20,FIXED_STEP
hz200_h20,200,0.005,20,100.0,lemniscate_3.csv,J_KCW,10,50.0,False,,,0.05169517636680046,0.028567382384967286,0.16085395318914494,0.98375,True,2.1259715110063553,hz200_fixed_step_h20,FIXED_STEP
hz200_h20,200,0.005,20,100.0,lemniscate_3.csv,J_KCW,20,100.0,False,,,0.10801255409483296,0.05444966773264153,0.26214285174356733,0.9166666666666666,True,2.1269580125808716,hz200_fixed_step_h20,FIXED_STEP
hz200_h20,200,0.005,20,100.0,lemniscate_3.csv,J_KCW,40,200.0,False,,,0.27252999014375545,0.10724742837102533,0.4455437520005922,0.6891666666666667,False,2.127464786171913,hz200_fixed_step_h20,FIXED_STEP
hz200_h20,200,0.005,20,100.0,lemniscate_3.csv,J_KCW,100,500.0,False,,,1.0010790138892052,0.27570911685214583,0.7865832403080297,0.3695833333333333,False,2.1254876852035522,hz200_fixed_step_h20,FIXED_STEP
hz200_h20,200,0.005,20,100.0,lemniscate_3.csv,J_KCW,200,1000.0,True,1564.0,7820.0,2.5214340791181398,0.5156934666349351,1.9065152345799246,0.22125,False,2.1382697969675064,hz200_fixed_step_h20,FIXED_STEP
hz200_h20,200,0.005,20,100.0,lemniscate_3.csv,J_KCW,infinity,,True,637.0,3185.0,1.1178673247248361e+62,0.3668538787904572,6.227490848506587e+62,0.09208333333333334,False,0.5898067951202393,hz200_fixed_step_h20,FIXED_STEP
hz200_h20,200,0.005,20,100.0,linear_oscillation.csv,PF_KCW,1,5.0,False,,,0.007755409578517276,0.0010502993133740387,0.01256552441142888,1.0,True,2.139516606926918,hz200_fixed_step_h20,FIXED_STEP
hz200_h20,200,0.005,20,100.0,linear_oscillation.csv,PF_KCW,2,10.0,False,,,0.0115779249180324,0.0015731820305350912,0.018265359812099723,1.0,True,2.126209355890751,hz200_fixed_step_h20,FIXED_STEP
hz200_h20,200,0.005,20,100.0,linear_oscillation.csv,PF_KCW,5,25.0,False,,,0.02283640493129035,0.003144751413918667,0.032887553823380065,1.0,True,2.1358604058623314,hz200_fixed_step_h20,FIXED_STEP
hz200_h20,200,0.005,20,100.0,linear_oscillation.csv,PF_KCW,10,50.0,False,,,0.041270088317809844,0.005759242243817929,0.05126145901684533,1.0,True,2.1300212517380714,hz200_fixed_step_h20,FIXED_STEP
hz200_h20,200,0.005,20,100.0,linear_oscillation.csv,PF_KCW,20,100.0,False,,,0.07781687481416988,0.011407530556799285,0.09045609639592969,1.0,True,2.1360398828983307,hz200_fixed_step_h20,FIXED_STEP
hz200_h20,200,0.005,20,100.0,linear_oscillation.csv,PF_KCW,40,200.0,False,,,0.1412816642543868,0.02314609073165548,0.15103601076891346,0.9920833333333333,True,2.1258803084492683,hz200_fixed_step_h20,FIXED_STEP
hz200_h20,200,0.005,20,100.0,linear_oscillation.csv,PF_KCW,100,500.0,False,,,0.31268729073231755,0.07128234301347511,0.33283433122304745,0.9383333333333334,True,2.130374550819397,hz200_fixed_step_h20,FIXED_STEP
hz200_h20,200,0.005,20,100.0,linear_oscillation.csv,PF_KCW,200,1000.0,False,,,0.8406325984933977,0.20201298428822917,0.5718438399828822,0.71375,False,2.1335022002458572,hz200_fixed_step_h20,FIXED_STEP
hz200_h20,200,0.005,20,100.0,linear_oscillation.csv,PF_KCW,infinity,,True,511.0,2555.0,inf,0.7957310008177375,inf,0.10458333333333333,False,0.6067098304629326,hz200_fixed_step_h20,FIXED_STEP
hz200_h20,200,0.005,20,100.0,linear_oscillation.csv,J_KCW,1,5.0,False,,,0.001752818595758777,0.0010706584221762037,0.012164029751835637,1.0,True,2.1416309401392937,hz200_fixed_step_h20,FIXED_STEP
hz200_h20,200,0.005,20,100.0,linear_oscillation.csv,J_KCW,2,10.0,False,,,0.002628165002327888,0.0016057934627626768,0.01763435281131511,1.0,True,2.1257041469216347,hz200_fixed_step_h20,FIXED_STEP
hz200_h20,200,0.005,20,100.0,linear_oscillation.csv,J_KCW,5,25.0,False,,,0.005236855826501485,0.003218909931057772,0.0315287359296975,1.0,True,2.12856737524271,hz200_fixed_step_h20,FIXED_STEP
hz200_h20,200,0.005,20,100.0,linear_oscillation.csv,J_KCW,10,50.0,False,,,0.009762636920920316,0.0059112926126962196,0.04811572054958417,1.0,True,2.119727097451687,hz200_fixed_step_h20,FIXED_STEP
hz200_h20,200,0.005,20,100.0,linear_oscillation.csv,J_KCW,20,100.0,False,,,0.020588317216688377,0.011696202643788787,0.0831615604825071,0.9970833333333333,True,2.1182322055101395,hz200_fixed_step_h20,FIXED_STEP
hz200_h20,200,0.005,20,100.0,linear_oscillation.csv,J_KCW,40,200.0,False,,,0.050195991062635885,0.023497942483193826,0.13409806454505527,0.9704166666666667,True,2.1191183030605316,hz200_fixed_step_h20,FIXED_STEP
hz200_h20,200,0.005,20,100.0,linear_oscillation.csv,J_KCW,100,500.0,False,,,0.20543109314969646,0.07085051749780306,0.29508578558633886,0.8045833333333333,False,2.1221562027931213,hz200_fixed_step_h20,FIXED_STEP
hz200_h20,200,0.005,20,100.0,linear_oscillation.csv,J_KCW,200,1000.0,False,,,0.5287866789229588,0.1574741140299949,0.4534413257851224,0.5054166666666666,False,2.127997547388077,hz200_fixed_step_h20,FIXED_STEP
hz200_h20,200,0.005,20,100.0,linear_oscillation.csv,J_KCW,infinity,,True,542.0,2710.0,7.356702752500975e+39,0.7062278387800791,8.919106273363043e+39,0.08958333333333333,False,0.6231590434908867,hz200_fixed_step_h20,FIXED_STEP
hz200_h20,200,0.005,20,100.0,melon_1.csv,PF_KCW,1,5.0,False,,,0.007361129251217551,0.0014578213345589613,0.010316142109935146,1.0,True,2.141801357269287,hz200_fixed_step_h20,FIXED_STEP
hz200_h20,200,0.005,20,100.0,melon_1.csv,PF_KCW,2,10.0,False,,,0.011019631252785302,0.002184553241591754,0.014928738527286321,1.0,True,2.1247473433613777,hz200_fixed_step_h20,FIXED_STEP
hz200_h20,200,0.005,20,100.0,melon_1.csv,PF_KCW,5,25.0,False,,,0.021967164395242773,0.004353885462206294,0.026324682375396008,1.0,True,2.1245871484279633,hz200_fixed_step_h20,FIXED_STEP
hz200_h20,200,0.005,20,100.0,melon_1.csv,PF_KCW,10,50.0,False,,,0.04025318197861656,0.007961602558927727,0.04131017514173335,1.0,True,2.1247439309954643,hz200_fixed_step_h20,FIXED_STEP
hz200_h20,200,0.005,20,100.0,melon_1.csv,PF_KCW,20,100.0,False,,,0.07691964088611226,0.015297887991972854,0.06403243753217705,1.0,True,2.1226955205202103,hz200_fixed_step_h20,FIXED_STEP
hz200_h20,200,0.005,20,100.0,melon_1.csv,PF_KCW,40,200.0,False,,,0.14833486404412846,0.029624102311948074,0.10577527870788082,0.9904166666666666,True,2.1257868707180023,hz200_fixed_step_h20,FIXED_STEP
hz200_h20,200,0.005,20,100.0,melon_1.csv,PF_KCW,100,500.0,False,,,0.397932917651508,0.07203591008741335,0.2266434609907537,0.8916666666666667,False,2.1258971989154816,hz200_fixed_step_h20,FIXED_STEP
hz200_h20,200,0.005,20,100.0,melon_1.csv,PF_KCW,200,1000.0,False,,,0.8574792892516098,0.1504321441693894,0.460128471005918,0.7270833333333333,False,2.1252898648381233,hz200_fixed_step_h20,FIXED_STEP
hz200_h20,200,0.005,20,100.0,melon_1.csv,PF_KCW,infinity,,True,1059.0,5295.0,1.7219542551936757e+81,1.0168351061032799,3.5534236387887736e+81,0.26166666666666666,False,1.4374488070607185,hz200_fixed_step_h20,FIXED_STEP
hz200_h20,200,0.005,20,100.0,melon_1.csv,J_KCW,1,5.0,False,,,0.0031086616639534716,0.0016664566800733004,0.01021536992087055,1.0,True,2.125437371432781,hz200_fixed_step_h20,FIXED_STEP
hz200_h20,200,0.005,20,100.0,melon_1.csv,J_KCW,2,10.0,False,,,0.00463899807987034,0.0024962864775350483,0.01477046703797228,1.0,True,2.1208671256899834,hz200_fixed_step_h20,FIXED_STEP
hz200_h20,200,0.005,20,100.0,melon_1.csv,J_KCW,5,25.0,False,,,0.00916298638381514,0.004971598752308445,0.02606434138678101,1.0,True,2.1145758405327797,hz200_fixed_step_h20,FIXED_STEP
hz200_h20,200,0.005,20,100.0,melon_1.csv,J_KCW,10,50.0,False,,,0.01632476470290772,0.009059760370104409,0.04069400054967534,1.0,True,2.1111534163355827,hz200_fixed_step_h20,FIXED_STEP
hz200_h20,200,0.005,20,100.0,melon_1.csv,J_KCW,20,100.0,False,,,0.0306064745817426,0.017383650447287447,0.06299462166153087,0.99125,True,2.1157987266778946,hz200_fixed_step_h20,FIXED_STEP
hz200_h20,200,0.005,20,100.0,melon_1.csv,J_KCW,40,200.0,False,,,0.058917519558731445,0.03345179403694916,0.10584662873664953,0.9616666666666667,True,2.1180152222514153,hz200_fixed_step_h20,FIXED_STEP
hz200_h20,200,0.005,20,100.0,melon_1.csv,J_KCW,100,500.0,False,,,0.17140578718861885,0.08231577220849408,0.21972196698851348,0.80125,False,2.1188150122761726,hz200_fixed_step_h20,FIXED_STEP
hz200_h20,200,0.005,20,100.0,melon_1.csv,J_KCW,200,1000.0,False,,,0.5206069595289847,0.16033837293684503,0.35320665522420286,0.5329166666666667,False,2.120988056063652,hz200_fixed_step_h20,FIXED_STEP
hz200_h20,200,0.005,20,100.0,melon_1.csv,J_KCW,infinity,,True,1045.0,5225.0,2.3950198375582576e+51,0.26455455162468183,2.73629541707056e+51,0.07041666666666667,False,0.9382709786295891,hz200_fixed_step_h20,FIXED_STEP
hz200_h20,200,0.005,20,100.0,melon_2.csv,PF_KCW,1,5.0,False,,,0.007077370031462443,0.0022540825011915814,0.010475665739292013,1.0,True,2.1827668845653534,hz200_fixed_step_h20,FIXED_STEP
hz200_h20,200,0.005,20,100.0,melon_2.csv,PF_KCW,2,10.0,False,,,0.010591801479701532,0.0033769292590589226,0.015165556158338719,1.0,True,2.1342604756355286,hz200_fixed_step_h20,FIXED_STEP
hz200_h20,200,0.005,20,100.0,melon_2.csv,PF_KCW,5,25.0,False,,,0.0211456243109207,0.006729544609982314,0.02755970142789809,1.0,True,2.1462995037436485,hz200_fixed_step_h20,FIXED_STEP
hz200_h20,200,0.005,20,100.0,melon_2.csv,PF_KCW,10,50.0,False,,,0.03863395162921733,0.012257389876628529,0.0432913009038895,1.0,True,2.2043232917785645,hz200_fixed_step_h20,FIXED_STEP
hz200_h20,200,0.005,20,100.0,melon_2.csv,PF_KCW,20,100.0,False,,,0.07344734424041381,0.023225064715898417,0.07160803925939319,1.0,True,2.1986948177218437,hz200_fixed_step_h20,FIXED_STEP
hz200_h20,200,0.005,20,100.0,melon_2.csv,PF_KCW,40,200.0,False,,,0.14489460550695507,0.04497879701260049,0.12121011626674348,0.9833333333333333,True,2.199467219412327,hz200_fixed_step_h20,FIXED_STEP
hz200_h20,200,0.005,20,100.0,melon_2.csv,PF_KCW,100,500.0,False,,,0.4157968016623776,0.10617476306040491,0.2867611655209496,0.87,False,2.1933445259928703,hz200_fixed_step_h20,FIXED_STEP
hz200_h20,200,0.005,20,100.0,melon_2.csv,PF_KCW,200,1000.0,True,2384.0,11920.0,0.9019913723030278,0.21538054465057022,0.5526634387645563,0.7195833333333334,False,2.158306762576103,hz200_fixed_step_h20,FIXED_STEP
hz200_h20,200,0.005,20,100.0,melon_2.csv,PF_KCW,infinity,,True,783.0,3915.0,inf,1.0837511294012958,inf,0.13958333333333334,False,1.120616927742958,hz200_fixed_step_h20,FIXED_STEP
hz200_h20,200,0.005,20,100.0,melon_2.csv,J_KCW,1,5.0,False,,,0.004783836206806583,0.002369974431433731,0.01015059673226122,1.0,True,2.134401425719261,hz200_fixed_step_h20,FIXED_STEP
hz200_h20,200,0.005,20,100.0,melon_2.csv,J_KCW,2,10.0,False,,,0.007161858391206116,0.0035505302960724657,0.014666427713943083,1.0,True,2.1282599940896034,hz200_fixed_step_h20,FIXED_STEP
hz200_h20,200,0.005,20,100.0,melon_2.csv,J_KCW,5,25.0,False,,,0.014253815043639649,0.007068589673664496,0.02639581276380141,1.0,True,2.132491059601307,hz200_fixed_step_h20,FIXED_STEP
hz200_h20,200,0.005,20,100.0,melon_2.csv,J_KCW,10,50.0,False,,,0.025759470202301692,0.012872511019526916,0.04074656288148061,1.0,True,2.131018839776516,hz200_fixed_step_h20,FIXED_STEP
hz200_h20,200,0.005,20,100.0,melon_2.csv,J_KCW,20,100.0,False,,,0.04863998167131934,0.024360565679691734,0.06468687964296604,0.9858333333333333,True,2.1220073252916336,hz200_fixed_step_h20,FIXED_STEP
hz200_h20,200,0.005,20,100.0,melon_2.csv,J_KCW,40,200.0,False,,,0.09552236819312862,0.047048878210991435,0.10560055198405585,0.9108333333333334,True,2.1231211349368095,hz200_fixed_step_h20,FIXED_STEP
hz200_h20,200,0.005,20,100.0,melon_2.csv,J_KCW,100,500.0,False,,,0.2807284147045259,0.11174819981738224,0.21014525156971622,0.7041666666666667,False,2.1200632825493813,hz200_fixed_step_h20,FIXED_STEP
hz200_h20,200,0.005,20,100.0,melon_2.csv,J_KCW,200,1000.0,True,2376.0,11880.0,0.7396247326233162,0.2057495214665762,0.4056310190729922,0.44583333333333336,False,2.126667059957981,hz200_fixed_step_h20,FIXED_STEP
hz200_h20,200,0.005,20,100.0,melon_2.csv,J_KCW,infinity,,True,841.0,4205.0,inf,0.9279468422886218,inf,0.03958333333333333,False,1.2680268585681915,hz200_fixed_step_h20,FIXED_STEP
hz200_h20,200,0.005,20,100.0,race_track_1.csv,PF_KCW,1,5.0,False,,,0.021991338897745363,0.004478476933133007,0.031095864846632147,1.0,True,2.134049192070961,hz200_fixed_step_h20,FIXED_STEP
hz200_h20,200,0.005,20,100.0,race_track_1.csv,PF_KCW,2,10.0,False,,,0.03293406802323576,0.006719372343903304,0.04584698035865837,1.0,True,2.11995742470026,hz200_fixed_step_h20,FIXED_STEP
hz200_h20,200,0.005,20,100.0,race_track_1.csv,PF_KCW,5,25.0,False,,,0.06586594543981598,0.01344238350616061,0.08721847269871792,0.9983333333333333,True,2.1656072810292244,hz200_fixed_step_h20,FIXED_STEP
hz200_h20,200,0.005,20,100.0,race_track_1.csv,PF_KCW,10,50.0,False,,,0.12076101888785158,0.02468534709757314,0.1503663498186441,0.9929166666666667,True,2.1237542927265167,hz200_fixed_step_h20,FIXED_STEP
hz200_h20,200,0.005,20,100.0,race_track_1.csv,PF_KCW,20,100.0,False,,,0.2296814212731319,0.0473586458455012,0.26151721436458336,0.96625,True,2.1095023453235626,hz200_fixed_step_h20,FIXED_STEP
hz200_h20,200,0.005,20,100.0,race_track_1.csv,PF_KCW,40,200.0,False,,,0.45431101455571093,0.09500134982484186,0.4658860866039947,0.87875,False,2.1081823334097862,hz200_fixed_step_h20,FIXED_STEP
hz200_h20,200,0.005,20,100.0,race_track_1.csv,PF_KCW,100,500.0,True,1382.0,6910.0,1.1402881084616676,0.24888579435707528,0.9696714983297553,0.5741666666666667,False,2.1097605004906654,hz200_fixed_step_h20,FIXED_STEP
hz200_h20,200,0.005,20,100.0,race_track_1.csv,PF_KCW,200,1000.0,True,550.0,2750.0,10.235698912430918,0.6425270101796728,3.9407083368381897,0.34,False,2.1152979508042336,hz200_fixed_step_h20,FIXED_STEP
hz200_h20,200,0.005,20,100.0,race_track_1.csv,PF_KCW,infinity,,True,437.0,2185.0,inf,0.7812545042245608,inf,0.10916666666666666,False,0.6001036614179611,hz200_fixed_step_h20,FIXED_STEP
hz200_h20,200,0.005,20,100.0,race_track_1.csv,J_KCW,1,5.0,False,,,0.008668355244076793,0.004266098418317812,0.031163018918465953,1.0,True,2.153920255601406,hz200_fixed_step_h20,FIXED_STEP
hz200_h20,200,0.005,20,100.0,race_track_1.csv,J_KCW,2,10.0,False,,,0.013034164650422363,0.006399760032819153,0.04597020308575111,1.0,True,2.1296695694327354,hz200_fixed_step_h20,FIXED_STEP
hz200_h20,200,0.005,20,100.0,race_track_1.csv,J_KCW,5,25.0,False,,,0.026242438045705654,0.012815784689265107,0.08748105709084834,0.99875,True,2.1400115713477135,hz200_fixed_step_h20,FIXED_STEP
hz200_h20,200,0.005,20,100.0,race_track_1.csv,J_KCW,10,50.0,False,,,0.04890576260095126,0.02362604506266144,0.15124163551737793,0.985,True,2.1235557943582535,hz200_fixed_step_h20,FIXED_STEP
hz200_h20,200,0.005,20,100.0,race_track_1.csv,J_KCW,20,100.0,False,,,0.09994012649236383,0.04541285417853677,0.2617697647513031,0.905,True,2.1329320892691612,hz200_fixed_step_h20,FIXED_STEP
hz200_h20,200,0.005,20,100.0,race_track_1.csv,J_KCW,40,200.0,False,,,0.2279440142628538,0.09209073015214926,0.4629080243559153,0.7204166666666667,False,2.137111634016037,hz200_fixed_step_h20,FIXED_STEP
hz200_h20,200,0.005,20,100.0,race_track_1.csv,J_KCW,100,500.0,True,1383.0,6915.0,0.8403183131126806,0.2390708656253815,0.9610910454472222,0.36583333333333334,False,2.126954235136509,hz200_fixed_step_h20,FIXED_STEP
hz200_h20,200,0.005,20,100.0,race_track_1.csv,J_KCW,200,1000.0,True,905.0,4525.0,5.192892060758402e+77,0.5806451727886123,2.557782870904852e+78,0.17,False,1.2008041739463806,hz200_fixed_step_h20,FIXED_STEP
hz200_h20,200,0.005,20,100.0,race_track_1.csv,J_KCW,infinity,,True,457.0,2285.0,1.3639062194928143e+78,0.513786567999859,6.682479659490657e+78,0.075,False,0.4487566500902176,hz200_fixed_step_h20,FIXED_STEP
hz200_h20,200,0.005,20,100.0,race_track_2.csv,PF_KCW,1,5.0,False,,,0.03784259269322001,0.0072302880912549945,0.04706717293795803,1.0,True,2.1188032627105713,hz200_fixed_step_h20,FIXED_STEP
hz200_h20,200,0.005,20,100.0,race_track_2.csv,PF_KCW,2,10.0,False,,,0.056636067058935376,0.010831056143265278,0.06942944897276349,1.0,True,2.113863952457905,hz200_fixed_step_h20,FIXED_STEP
hz200_h20,200,0.005,20,100.0,race_track_2.csv,PF_KCW,5,25.0,False,,,0.11269096655394546,0.0216345032802278,0.13042005153479036,0.9983333333333333,True,2.112436518073082,hz200_fixed_step_h20,FIXED_STEP
hz200_h20,200,0.005,20,100.0,race_track_2.csv,PF_KCW,10,50.0,False,,,0.2081708552837318,0.03949001492109187,0.22179058503510551,0.9779166666666667,True,2.1132741943001747,hz200_fixed_step_h20,FIXED_STEP
hz200_h20,200,0.005,20,100.0,race_track_2.csv,PF_KCW,20,100.0,False,,,0.39396462544862676,0.07605369577819145,0.3956066641160087,0.8870833333333333,False,2.1116534918546677,hz200_fixed_step_h20,FIXED_STEP
hz200_h20,200,0.005,20,100.0,race_track_2.csv,PF_KCW,40,200.0,False,,,0.7303431503874975,0.14423601427698818,0.6392344665627533,0.7008333333333333,False,2.117426812648773,hz200_fixed_step_h20,FIXED_STEP
hz200_h20,200,0.005,20,100.0,race_track_2.csv,PF_KCW,100,500.0,False,,,1.7262668138405843,0.35553533343534394,1.472636698640276,0.36333333333333334,False,2.116682358086109,hz200_fixed_step_h20,FIXED_STEP
hz200_h20,200,0.005,20,100.0,race_track_2.csv,PF_KCW,200,1000.0,True,527.0,2635.0,1.191633285157106e+77,0.7072751093590313,8.20044731326061e+76,0.23458333333333334,False,2.1183332577347755,hz200_fixed_step_h20,FIXED_STEP
hz200_h20,200,0.005,20,100.0,race_track_2.csv,PF_KCW,infinity,,True,435.0,2175.0,inf,1.074327129163814,inf,0.0875,False,0.6524976193904877,hz200_fixed_step_h20,FIXED_STEP
hz200_h20,200,0.005,20,100.0,race_track_2.csv,J_KCW,1,5.0,False,,,0.012479774863325337,0.007065963935184457,0.04691489068782217,1.0,True,2.18222576379776,hz200_fixed_step_h20,FIXED_STEP
hz200_h20,200,0.005,20,100.0,race_track_2.csv,J_KCW,2,10.0,False,,,0.01878780901286512,0.01058679375819409,0.06926509516904884,1.0,True,2.1572320237755775,hz200_fixed_step_h20,FIXED_STEP
hz200_h20,200,0.005,20,100.0,race_track_2.csv,J_KCW,5,25.0,False,,,0.03796276593638869,0.021153713838300652,0.13069376775951677,0.9991666666666666,True,2.139687456190586,hz200_fixed_step_h20,FIXED_STEP
hz200_h20,200,0.005,20,100.0,race_track_2.csv,J_KCW,10,50.0,False,,,0.07223422640701575,0.03866250770577229,0.22403983819622647,0.9625,True,2.1372112333774567,hz200_fixed_step_h20,FIXED_STEP
hz200_h20,200,0.005,20,100.0,race_track_2.csv,J_KCW,20,100.0,False,,,0.15562821852918862,0.07445789313384424,0.3932644467740553,0.8041666666666667,False,2.1366019025444984,hz200_fixed_step_h20,FIXED_STEP
hz200_h20,200,0.005,20,100.0,race_track_2.csv,J_KCW,40,200.0,False,,,0.36336585068014604,0.1433240089629951,0.6244435955949345,0.52625,False,2.1738835275173187,hz200_fixed_step_h20,FIXED_STEP
hz200_h20,200,0.005,20,100.0,race_track_2.csv,J_KCW,100,500.0,True,1177.0,5885.0,1.3565370154370548,0.34657983574980866,1.4224037867349069,0.26875,False,2.20763847976923,hz200_fixed_step_h20,FIXED_STEP
hz200_h20,200,0.005,20,100.0,race_track_2.csv,J_KCW,200,1000.0,True,556.0,2780.0,5.258183427009417e+41,0.6801308242319468,2.4821845978909555e+42,0.17666666666666667,False,1.9389580115675926,hz200_fixed_step_h20,FIXED_STEP
hz200_h20,200,0.005,20,100.0,race_track_2.csv,J_KCW,infinity,,True,457.0,2285.0,6.894201549969083e+118,0.6779336416397159,8.266771243709645e+118,0.0675,False,0.5078755095601082,hz200_fixed_step_h20,FIXED_STEP
hz200_h20,200,0.005,20,100.0,random_points.csv,PF_KCW,1,5.0,False,,,0.007151189518289273,0.0016717829427962928,0.006934977996610983,1.0,True,2.114220328629017,hz200_fixed_step_h20,FIXED_STEP
hz200_h20,200,0.005,20,100.0,random_points.csv,PF_KCW,2,10.0,False,,,0.01073078182079769,0.0025049198292682105,0.010032634384670691,1.0,True,2.113761156797409,hz200_fixed_step_h20,FIXED_STEP
hz200_h20,200,0.005,20,100.0,random_points.csv,PF_KCW,5,25.0,False,,,0.021488104173985917,0.004993741620486581,0.017615530083574426,1.0,True,2.113768585026264,hz200_fixed_step_h20,FIXED_STEP
hz200_h20,200,0.005,20,100.0,random_points.csv,PF_KCW,10,50.0,False,,,0.03968747839821651,0.009121783604449799,0.027012562146771064,1.0,True,2.110016606748104,hz200_fixed_step_h20,FIXED_STEP
hz200_h20,200,0.005,20,100.0,random_points.csv,PF_KCW,20,100.0,False,,,0.07651994214089351,0.017253458317704043,0.04036257159108661,1.0,True,2.1107388213276863,hz200_fixed_step_h20,FIXED_STEP
hz200_h20,200,0.005,20,100.0,random_points.csv,PF_KCW,40,200.0,False,,,0.15478371053614276,0.03351489958330204,0.06475117532712761,1.0,True,2.1076900586485863,hz200_fixed_step_h20,FIXED_STEP
hz200_h20,200,0.005,20,100.0,random_points.csv,PF_KCW,100,500.0,False,,,0.45377535732570173,0.08158270765895717,0.15717568430156484,0.9583333333333334,True,2.111187309026718,hz200_fixed_step_h20,FIXED_STEP
hz200_h20,200,0.005,20,100.0,random_points.csv,PF_KCW,200,1000.0,False,,,1.3005233711946265,0.16396860962345594,0.35851106069368316,0.52875,False,2.111263394355774,hz200_fixed_step_h20,FIXED_STEP
hz200_h20,200,0.005,20,100.0,random_points.csv,PF_KCW,infinity,,True,519.0,2595.0,1.3237740481468358e+47,1.1264519548825054,3.3254690657583594e+47,0.05583333333333333,False,0.7300290912389755,hz200_fixed_step_h20,FIXED_STEP
hz200_h20,200,0.005,20,100.0,random_points.csv,J_KCW,1,5.0,False,,,0.0028042531790140397,0.0015407945761705469,0.007570022683976363,1.0,True,2.1295079588890076,hz200_fixed_step_h20,FIXED_STEP
hz200_h20,200,0.005,20,100.0,random_points.csv,J_KCW,2,10.0,False,,,0.004197578431769099,0.0023077905187703835,0.010996110738573301,1.0,True,2.1200871020555496,hz200_fixed_step_h20,FIXED_STEP
hz200_h20,200,0.005,20,100.0,random_points.csv,J_KCW,5,25.0,False,,,0.008360395602617837,0.004597309227984258,0.01958399557663716,1.0,True,2.119627095758915,hz200_fixed_step_h20,FIXED_STEP
hz200_h20,200,0.005,20,100.0,random_points.csv,J_KCW,10,50.0,False,,,0.015297248451291861,0.008377086633570369,0.029624897080107373,1.0,True,2.116794027388096,hz200_fixed_step_h20,FIXED_STEP
hz200_h20,200,0.005,20,100.0,random_points.csv,J_KCW,20,100.0,False,,,0.02922361808108174,0.015894931833849966,0.04124217612622342,1.0,True,2.1161971241235733,hz200_fixed_step_h20,FIXED_STEP
hz200_h20,200,0.005,20,100.0,random_points.csv,J_KCW,40,200.0,False,,,0.059582904101443075,0.030856754123079852,0.06428347857502537,1.0,True,2.119003675878048,hz200_fixed_step_h20,FIXED_STEP
hz200_h20,200,0.005,20,100.0,random_points.csv,J_KCW,100,500.0,False,,,0.1801311084094714,0.07666605166266204,0.13750486685870722,0.7866666666666666,False,2.130034029483795,hz200_fixed_step_h20,FIXED_STEP
hz200_h20,200,0.005,20,100.0,random_points.csv,J_KCW,200,1000.0,False,,,0.47784940794255554,0.15039234007171762,0.24863607741754748,0.4033333333333333,False,2.1333075165748596,hz200_fixed_step_h20,FIXED_STEP
hz200_h20,200,0.005,20,100.0,random_points.csv,J_KCW,infinity,,True,652.0,3260.0,6.536245758930295e+91,1.723287359984326,2.7716410677346765e+92,0.03375,False,1.7859374806284904,hz200_fixed_step_h20,FIXED_STEP
hz200_h20,200,0.005,20,100.0,slanted_circle_1.csv,PF_KCW,1,5.0,False,,,0.005700251694017493,0.0012726938477763963,0.006130838151179956,1.0,True,2.1360474452376366,hz200_fixed_step_h20,FIXED_STEP
hz200_h20,200,0.005,20,100.0,slanted_circle_1.csv,PF_KCW,2,10.0,False,,,0.008523548485513465,0.0019047590076339922,0.008786913353725563,1.0,True,2.127473324537277,hz200_fixed_step_h20,FIXED_STEP
hz200_h20,200,0.005,20,100.0,slanted_circle_1.csv,PF_KCW,5,25.0,False,,,0.01696172254523447,0.003787637841755046,0.014833292701456275,1.0,True,2.1758776903152466,hz200_fixed_step_h20,FIXED_STEP
hz200_h20,200,0.005,20,100.0,slanted_circle_1.csv,PF_KCW,10,50.0,False,,,0.031092616284998088,0.006885786586290736,0.022553812125205817,1.0,True,2.2039048448204994,hz200_fixed_step_h20,FIXED_STEP
hz200_h20,200,0.005,20,100.0,slanted_circle_1.csv,PF_KCW,20,100.0,False,,,0.060104951507375805,0.013038451261553336,0.03558285694320782,1.0,True,2.1661924347281456,hz200_fixed_step_h20,FIXED_STEP
hz200_h20,200,0.005,20,100.0,slanted_circle_1.csv,PF_KCW,40,200.0,False,,,0.12271825238986059,0.02494606630793488,0.062211007565138275,1.0,True,2.1033795922994614,hz200_fixed_step_h20,FIXED_STEP
hz200_h20,200,0.005,20,100.0,slanted_circle_1.csv,PF_KCW,100,500.0,False,,,0.35792489064553623,0.059896765304645036,0.14422338550401562,0.9933333333333333,True,2.105657547712326,hz200_fixed_step_h20,FIXED_STEP
hz200_h20,200,0.005,20,100.0,slanted_circle_1.csv,PF_KCW,200,1000.0,False,,,1.0249505360679323,0.12565281099162162,0.3437949303237358,0.6333333333333333,False,2.120436653494835,hz200_fixed_step_h20,FIXED_STEP
hz200_h20,200,0.005,20,100.0,slanted_circle_1.csv,PF_KCW,infinity,,True,438.0,2190.0,inf,1.3199870552894128,inf,0.03916666666666667,False,0.6609781458973885,hz200_fixed_step_h20,FIXED_STEP
hz200_h20,200,0.005,20,100.0,slanted_circle_1.csv,J_KCW,1,5.0,False,,,0.001370275988635989,0.0008614438626165086,0.006370347529558898,1.0,True,2.1341022551059723,hz200_fixed_step_h20,FIXED_STEP
hz200_h20,200,0.005,20,100.0,slanted_circle_1.csv,J_KCW,2,10.0,False,,,0.002046581028766828,0.0012868107799916873,0.009161975326948686,1.0,True,2.1187362894415855,hz200_fixed_step_h20,FIXED_STEP
hz200_h20,200,0.005,20,100.0,slanted_circle_1.csv,J_KCW,5,25.0,False,,,0.004027034657716154,0.0025495059885967987,0.01560355206711149,1.0,True,2.1190153434872627,hz200_fixed_step_h20,FIXED_STEP
hz200_h20,200,0.005,20,100.0,slanted_circle_1.csv,J_KCW,10,50.0,False,,,0.006910577492069032,0.004617275060734853,0.023781851535709712,1.0,True,2.1204073056578636,hz200_fixed_step_h20,FIXED_STEP
hz200_h20,200,0.005,20,100.0,slanted_circle_1.csv,J_KCW,20,100.0,False,,,0.012936480407046588,0.00868752883826868,0.03621354221842501,1.0,True,2.121435798704624,hz200_fixed_step_h20,FIXED_STEP
hz200_h20,200,0.005,20,100.0,slanted_circle_1.csv,J_KCW,40,200.0,False,,,0.02559778173491473,0.016605187513057115,0.06013932491622997,1.0,True,2.1202972009778023,hz200_fixed_step_h20,FIXED_STEP
hz200_h20,200,0.005,20,100.0,slanted_circle_1.csv,J_KCW,100,500.0,False,,,0.07976400423508556,0.03904437716542543,0.1264252344202258,0.9570833333333333,True,2.12266493588686,hz200_fixed_step_h20,FIXED_STEP
hz200_h20,200,0.005,20,100.0,slanted_circle_1.csv,J_KCW,200,1000.0,False,,,0.23564431527435942,0.0770078080183258,0.24016176912523785,0.6820833333333334,False,2.1232645362615585,hz200_fixed_step_h20,FIXED_STEP
hz200_h20,200,0.005,20,100.0,slanted_circle_1.csv,J_KCW,infinity,,True,997.0,4985.0,4.849198907865257,1.4066302083821465,1.7776105291441384,0.06375,False,2.1200422048568726,hz200_fixed_step_h20,FIXED_STEP
hz200_h20,200,0.005,20,100.0,slanted_circle_2.csv,PF_KCW,1,5.0,False,,,0.011045399416390215,0.002234673764172518,0.007761104530538224,1.0,True,2.1283543705940247,hz200_fixed_step_h20,FIXED_STEP
hz200_h20,200,0.005,20,100.0,slanted_circle_2.csv,PF_KCW,2,10.0,False,,,0.016570847575049168,0.003348091601455742,0.01120020834021003,1.0,True,2.1229232400655746,hz200_fixed_step_h20,FIXED_STEP
hz200_h20,200,0.005,20,100.0,slanted_circle_2.csv,PF_KCW,5,25.0,False,,,0.03325275292896836,0.006664998596490209,0.019490743699711318,1.0,True,2.1250221505761147,hz200_fixed_step_h20,FIXED_STEP
hz200_h20,200,0.005,20,100.0,slanted_circle_2.csv,PF_KCW,10,50.0,False,,,0.061428528109932434,0.012164056494969303,0.028765302489053197,1.0,True,2.119700074195862,hz200_fixed_step_h20,FIXED_STEP
hz200_h20,200,0.005,20,100.0,slanted_circle_2.csv,PF_KCW,20,100.0,False,,,0.11822507000575617,0.023000953459125565,0.041399800453315136,1.0,True,2.1218262016773224,hz200_fixed_step_h20,FIXED_STEP
hz200_h20,200,0.005,20,100.0,slanted_circle_2.csv,PF_KCW,40,200.0,False,,,0.24523447743054527,0.04404217921446576,0.06978588316026074,0.965,True,2.117786519229412,hz200_fixed_step_h20,FIXED_STEP
hz200_h20,200,0.005,20,100.0,slanted_circle_2.csv,PF_KCW,100,500.0,False,,,0.7303091435289065,0.10059374612199189,0.21478499608770163,0.8329166666666666,False,2.1231903210282326,hz200_fixed_step_h20,FIXED_STEP
hz200_h20,200,0.005,20,100.0,slanted_circle_2.csv,PF_KCW,200,1000.0,False,,,1.8470896727649302,0.1736973328131475,0.6992009487499948,0.5854166666666667,False,2.125933237373829,hz200_fixed_step_h20,FIXED_STEP
hz200_h20,200,0.005,20,100.0,slanted_circle_2.csv,PF_KCW,infinity,,True,407.0,2035.0,3.0224153297923768e+106,1.5984842000238848,4.241369998042708e+106,0.042916666666666665,False,0.8334020972251892,hz200_fixed_step_h20,FIXED_STEP
hz200_h20,200,0.005,20,100.0,slanted_circle_2.csv,J_KCW,1,5.0,False,,,0.002676322184312441,0.0026552559198959286,0.00942387187708872,1.0,True,2.2499289959669113,hz200_fixed_step_h20,FIXED_STEP
hz200_h20,200,0.005,20,100.0,slanted_circle_2.csv,J_KCW,2,10.0,False,,,0.004009398302106345,0.003975469109605898,0.013750568708898918,1.0,True,2.252170152962208,hz200_fixed_step_h20,FIXED_STEP
hz200_h20,200,0.005,20,100.0,slanted_circle_2.csv,J_KCW,5,25.0,False,,,0.007996956314266912,0.007903716308953914,0.02500225272038783,1.0,True,2.1527395993471146,hz200_fixed_step_h20,FIXED_STEP
hz200_h20,200,0.005,20,100.0,slanted_circle_2.csv,J_KCW,10,50.0,False,,,0.014650965160773115,0.014382926690288355,0.03923024533275211,1.0,True,2.1181628331542015,hz200_fixed_step_h20,FIXED_STEP
hz200_h20,200,0.005,20,100.0,slanted_circle_2.csv,J_KCW,20,100.0,False,,,0.02774065343783516,0.027122057840790248,0.05937566778153747,1.0,True,2.121207170188427,hz200_fixed_step_h20,FIXED_STEP
hz200_h20,200,0.005,20,100.0,slanted_circle_2.csv,J_KCW,40,200.0,False,,,0.06080305131603358,0.05128452291949098,0.10033680669171502,0.9425,True,2.120726764202118,hz200_fixed_step_h20,FIXED_STEP
hz200_h20,200,0.005,20,100.0,slanted_circle_2.csv,J_KCW,100,500.0,False,,,0.22934254973628232,0.11657951571054426,0.20152992881710757,0.8145833333333333,False,2.134901098906994,hz200_fixed_step_h20,FIXED_STEP
hz200_h20,200,0.005,20,100.0,slanted_circle_2.csv,J_KCW,200,1000.0,False,,,0.704555046888425,0.2048516579612481,0.3575177124398293,0.5316666666666666,False,2.141230434179306,hz200_fixed_step_h20,FIXED_STEP
hz200_h20,200,0.005,20,100.0,slanted_circle_2.csv,J_KCW,infinity,,True,744.0,3720.0,3.7738432101176087e+111,0.5596114026295251,4.331438254516296e+111,0.058333333333333334,False,0.7241099700331688,hz200_fixed_step_h20,FIXED_STEP
hz200_h40,200,0.005,40,200.0,ellipse.csv,PF_KCW,1,5.0,False,,,0.02595185535777201,0.004560719087072077,0.018713316297315385,1.0,True,2.1330857425928116,hz200_fixed_time_h40,FIXED_TIME
hz200_h40,200,0.005,40,200.0,ellipse.csv,PF_KCW,2,10.0,False,,,0.03884798020980678,0.006828073908116122,0.027278617417326564,1.0,True,2.1194569915533066,hz200_fixed_time_h40,FIXED_TIME
hz200_h40,200,0.005,40,200.0,ellipse.csv,PF_KCW,5,25.0,False,,,0.07797507622960452,0.013583302664003856,0.04917023216730015,1.0,True,2.122190773487091,hz200_fixed_time_h40,FIXED_TIME
hz200_h40,200,0.005,40,200.0,ellipse.csv,PF_KCW,10,50.0,False,,,0.14491509853264667,0.024739920258127705,0.08113204505339579,0.9945833333333334,True,2.1220796927809715,hz200_fixed_time_h40,FIXED_TIME
hz200_h40,200,0.005,40,200.0,ellipse.csv,PF_KCW,20,100.0,False,,,0.284672810583275,0.04698087919385891,0.14497563178731368,0.93375,True,2.114196613430977,hz200_fixed_time_h40,FIXED_TIME
hz200_h40,200,0.005,40,200.0,ellipse.csv,PF_KCW,40,200.0,False,,,0.5754792175516985,0.09209170565859702,0.2798301699781078,0.83375,False,2.1208477690815926,hz200_fixed_time_h40,FIXED_TIME
hz200_h40,200,0.005,40,200.0,ellipse.csv,PF_KCW,100,500.0,True,1892.0,9460.0,1.4394757514823835,0.23454086632476787,0.6034718708120903,0.70875,False,2.1272488981485367,hz200_fixed_time_h40,FIXED_TIME
hz200_h40,200,0.005,40,200.0,ellipse.csv,PF_KCW,200,1000.0,True,1892.0,9460.0,2.4476551538292757,0.4086874151965405,1.1303299571307877,0.6170833333333333,False,2.135097876191139,hz200_fixed_time_h40,FIXED_TIME
hz200_h40,200,0.005,40,200.0,ellipse.csv,PF_KCW,infinity,,True,926.0,4630.0,4.535344884004743e+37,1.3962469171772007,2.431958230110996e+37,0.135,False,1.6361286714673042,hz200_fixed_time_h40,FIXED_TIME
hz200_h40,200,0.005,40,200.0,ellipse.csv,J_KCW,1,5.0,False,,,0.008744554429059656,0.004578017059274703,0.01660203148400682,1.0,True,2.1486772894859314,hz200_fixed_time_h40,FIXED_TIME
hz200_h40,200,0.005,40,200.0,ellipse.csv,J_KCW,2,10.0,False,,,0.013162071799015213,0.00684667027271234,0.02410337817633544,1.0,True,2.138966627418995,hz200_fixed_time_h40,FIXED_TIME
hz200_h40,200,0.005,40,200.0,ellipse.csv,J_KCW,5,25.0,False,,,0.0266642765730384,0.013576343871250462,0.042797241625816454,1.0,True,2.137028619647026,hz200_fixed_time_h40,FIXED_TIME
hz200_h40,200,0.005,40,200.0,ellipse.csv,J_KCW,10,50.0,False,,,0.050167024091689494,0.02451307880808942,0.06807102923619371,0.9775,True,2.1358350440859795,hz200_fixed_time_h40,FIXED_TIME
hz200_h40,200,0.005,40,200.0,ellipse.csv,J_KCW,20,100.0,False,,,0.1013248390735062,0.04580298525135648,0.1140146526696897,0.8829166666666667,False,2.135643072426319,hz200_fixed_time_h40,FIXED_TIME
hz200_h40,200,0.005,40,200.0,ellipse.csv,J_KCW,40,200.0,False,,,0.22502391263997798,0.08647634763220506,0.2106803471807174,0.7575,False,2.151379056274891,hz200_fixed_time_h40,FIXED_TIME
hz200_h40,200,0.005,40,200.0,ellipse.csv,J_KCW,100,500.0,True,1890.0,9450.0,0.7485399247454395,0.19761061359858226,0.49672454985159287,0.5858333333333333,False,2.169297106564045,hz200_fixed_time_h40,FIXED_TIME
hz200_h40,200,0.005,40,200.0,ellipse.csv,J_KCW,200,1000.0,True,1890.0,9450.0,inf,0.3347496847534229,inf,0.3620833333333333,False,2.00887830555439,hz200_fixed_time_h40,FIXED_TIME
hz200_h40,200,0.005,40,200.0,ellipse.csv,J_KCW,infinity,,True,939.0,4695.0,inf,1.4556532180749977,inf,0.050416666666666665,False,1.9265272691845894,hz200_fixed_time_h40,FIXED_TIME
hz200_h40,200,0.005,40,200.0,lemniscate_1.csv,PF_KCW,1,5.0,False,,,0.002773016906780308,0.00039260059486192627,0.006381861759578842,1.0,True,2.1438722610473633,hz200_fixed_time_h40,FIXED_TIME
hz200_h40,200,0.005,40,200.0,lemniscate_1.csv,PF_KCW,2,10.0,False,,,0.004123761984860569,0.0005852071092444116,0.009181143460668745,1.0,True,2.130861222743988,hz200_fixed_time_h40,FIXED_TIME
hz200_h40,200,0.005,40,200.0,lemniscate_1.csv,PF_KCW,5,25.0,False,,,0.008190954340331427,0.0011539245629873115,0.015610245112924416,1.0,True,2.1315424367785454,hz200_fixed_time_h40,FIXED_TIME
hz200_h40,200,0.005,40,200.0,lemniscate_1.csv,PF_KCW,10,50.0,False,,,0.014853893905870174,0.002101116079823109,0.02299135866517392,1.0,True,2.125959873199463,hz200_fixed_time_h40,FIXED_TIME
hz200_h40,200,0.005,40,200.0,lemniscate_1.csv,PF_KCW,20,100.0,False,,,0.028212733124818843,0.004036034718719814,0.034025192478322384,1.0,True,2.1275390088558197,hz200_fixed_time_h40,FIXED_TIME
hz200_h40,200,0.005,40,200.0,lemniscate_1.csv,PF_KCW,40,200.0,False,,,0.05607688160954421,0.008435031515369541,0.054932138301568956,1.0,True,2.1329842656850815,hz200_fixed_time_h40,FIXED_TIME
hz200_h40,200,0.005,40,200.0,lemniscate_1.csv,PF_KCW,100,500.0,False,,,0.14697656433807377,0.025428405072388482,0.1165895388318926,1.0,True,2.148639716207981,hz200_fixed_time_h40,FIXED_TIME
hz200_h40,200,0.005,40,200.0,lemniscate_1.csv,PF_KCW,200,1000.0,False,,,0.3494077945182779,0.06285017785150493,0.2182297365031178,0.9708333333333333,True,2.1416087448596954,hz200_fixed_time_h40,FIXED_TIME
hz200_h40,200,0.005,40,200.0,lemniscate_1.csv,PF_KCW,infinity,,True,788.0,3940.0,2.2231464975158714e+38,0.6085554962111964,1.1365173905389666e+38,0.22625,False,0.8846805691719055,hz200_fixed_time_h40,FIXED_TIME
hz200_h40,200,0.005,40,200.0,lemniscate_1.csv,J_KCW,1,5.0,False,,,0.001357464000956524,0.0003367239154572644,0.006426956343705239,1.0,True,2.1592238396406174,hz200_fixed_time_h40,FIXED_TIME
hz200_h40,200,0.005,40,200.0,lemniscate_1.csv,J_KCW,2,10.0,False,,,0.002027764434234616,0.0004999045321419596,0.009251402356495915,1.0,True,2.15011790394783,hz200_fixed_time_h40,FIXED_TIME
hz200_h40,200,0.005,40,200.0,lemniscate_1.csv,J_KCW,5,25.0,False,,,0.004001627514767575,0.0009801521798322643,0.015812739726854482,1.0,True,2.148358643054962,hz200_fixed_time_h40,FIXED_TIME
hz200_h40,200,0.005,40,200.0,lemniscate_1.csv,J_KCW,10,50.0,False,,,0.007144173428073005,0.0017694838075072647,0.023461841347978147,1.0,True,2.1474855542182922,hz200_fixed_time_h40,FIXED_TIME
hz200_h40,200,0.005,40,200.0,lemniscate_1.csv,J_KCW,20,100.0,False,,,0.013233294765023893,0.0033734512996426683,0.03497390052205983,1.0,True,2.1406552717089653,hz200_fixed_time_h40,FIXED_TIME
hz200_h40,200,0.005,40,200.0,lemniscate_1.csv,J_KCW,40,200.0,False,,,0.025129030780617363,0.007118447845393807,0.0573971115650311,1.0,True,2.15415208786726,hz200_fixed_time_h40,FIXED_TIME
hz200_h40,200,0.005,40,200.0,lemniscate_1.csv,J_KCW,100,500.0,False,,,0.061902553936636434,0.022181910426546957,0.1202398803989945,1.0,True,2.1517311930656433,hz200_fixed_time_h40,FIXED_TIME
hz200_h40,200,0.005,40,200.0,lemniscate_1.csv,J_KCW,200,1000.0,False,,,0.1605128369703028,0.05822113578394217,0.20929163939101958,0.8245833333333333,False,2.168744035065174,hz200_fixed_time_h40,FIXED_TIME
hz200_h40,200,0.005,40,200.0,lemniscate_1.csv,J_KCW,infinity,,True,811.0,4055.0,inf,0.9494945740098941,inf,0.06625,False,1.3517149537801743,hz200_fixed_time_h40,FIXED_TIME
hz200_h40,200,0.005,40,200.0,lemniscate_2.csv,PF_KCW,1,5.0,False,,,0.0044160419421204935,0.0008556497811845523,0.008215180662642929,1.0,True,2.118283562362194,hz200_fixed_time_h40,FIXED_TIME
hz200_h40,200,0.005,40,200.0,lemniscate_2.csv,PF_KCW,2,10.0,False,,,0.00658068054298535,0.0012808228542852476,0.01188567777764859,1.0,True,2.115045852959156,hz200_fixed_time_h40,FIXED_TIME
hz200_h40,200,0.005,40,200.0,lemniscate_2.csv,PF_KCW,5,25.0,False,,,0.013064432385078971,0.0025466539463931685,0.020568460548678485,1.0,True,2.1185100078582764,hz200_fixed_time_h40,FIXED_TIME
hz200_h40,200,0.005,40,200.0,lemniscate_2.csv,PF_KCW,10,50.0,False,,,0.023806439702277783,0.004667139733584648,0.03204541768544417,1.0,True,2.115164451301098,hz200_fixed_time_h40,FIXED_TIME
hz200_h40,200,0.005,40,200.0,lemniscate_2.csv,PF_KCW,20,100.0,False,,,0.045412824626118925,0.008952567375555056,0.04935934480069264,1.0,True,2.1176861748099327,hz200_fixed_time_h40,FIXED_TIME
hz200_h40,200,0.005,40,200.0,lemniscate_2.csv,PF_KCW,40,200.0,False,,,0.0864628933738534,0.017450361295740995,0.08109455931348322,1.0,True,2.1113327592611313,hz200_fixed_time_h40,FIXED_TIME
hz200_h40,200,0.005,40,200.0,lemniscate_2.csv,PF_KCW,100,500.0,False,,,0.23982967488165846,0.045530855405748125,0.17061607403563897,0.9891666666666666,True,2.126360759139061,hz200_fixed_time_h40,FIXED_TIME
hz200_h40,200,0.005,40,200.0,lemniscate_2.csv,PF_KCW,200,1000.0,False,,,0.5134658530834951,0.07283310414807742,0.2507654548579306,0.8933333333333333,False,2.1538719832897186,hz200_fixed_time_h40,FIXED_TIME
hz200_h40,200,0.005,40,200.0,lemniscate_2.csv,PF_KCW,infinity,,True,662.0,3310.0,5.253139780461334e+69,0.23487659847750447,2.946368284230083e+69,0.18,False,0.6054656207561493,hz200_fixed_time_h40,FIXED_TIME
hz200_h40,200,0.005,40,200.0,lemniscate_2.csv,J_KCW,1,5.0,False,,,0.0017611371136722668,0.0008831047363623553,0.008159522559575643,1.0,True,2.1307037621736526,hz200_fixed_time_h40,FIXED_TIME
hz200_h40,200,0.005,40,200.0,lemniscate_2.csv,J_KCW,2,10.0,False,,,0.0026258136054621768,0.00131993345293186,0.011806906326722863,1.0,True,2.134170278906822,hz200_fixed_time_h40,FIXED_TIME
hz200_h40,200,0.005,40,200.0,lemniscate_2.csv,J_KCW,5,25.0,False,,,0.005142733484877805,0.0026187857113272608,0.02041735344397465,1.0,True,2.1273456886410713,hz200_fixed_time_h40,FIXED_TIME
hz200_h40,200,0.005,40,200.0,lemniscate_2.csv,J_KCW,10,50.0,False,,,0.009309138570432269,0.0047837116568887955,0.031609182096407326,1.0,True,2.128165192902088,hz200_fixed_time_h40,FIXED_TIME
hz200_h40,200,0.005,40,200.0,lemniscate_2.csv,J_KCW,20,100.0,False,,,0.016856853951251725,0.009174592242884971,0.048400519300470665,1.0,True,2.131259672343731,hz200_fixed_time_h40,FIXED_TIME
hz200_h40,200,0.005,40,200.0,lemniscate_2.csv,J_KCW,40,200.0,False,,,0.03259127107627596,0.017899959127003776,0.07882562775244639,1.0,True,2.139619790017605,hz200_fixed_time_h40,FIXED_TIME
hz200_h40,200,0.005,40,200.0,lemniscate_2.csv,J_KCW,100,500.0,False,,,0.1028117797643865,0.04736593200006104,0.16532587066634022,0.9079166666666667,True,2.1496627628803253,hz200_fixed_time_h40,FIXED_TIME
hz200_h40,200,0.005,40,200.0,lemniscate_2.csv,J_KCW,200,1000.0,False,,,0.26556343853846065,0.08613534319905534,0.23627734047868548,0.65,False,2.1678406074643135,hz200_fixed_time_h40,FIXED_TIME
hz200_h40,200,0.005,40,200.0,lemniscate_2.csv,J_KCW,infinity,,True,695.0,3475.0,1.1782855497407931e+57,0.7823419514927238,3.904766936115325e+57,0.09875,False,0.7812828719615936,hz200_fixed_time_h40,FIXED_TIME
hz200_h40,200,0.005,40,200.0,lemniscate_3.csv,PF_KCW,1,5.0,False,,,0.027708093755869818,0.005475679738738412,0.03583213938166596,1.0,True,2.147210769355297,hz200_fixed_time_h40,FIXED_TIME
hz200_h40,200,0.005,40,200.0,lemniscate_3.csv,PF_KCW,2,10.0,False,,,0.04141201560286004,0.008202254788764449,0.05240580981940361,1.0,True,2.137587770819664,hz200_fixed_time_h40,FIXED_TIME
hz200_h40,200,0.005,40,200.0,lemniscate_3.csv,PF_KCW,5,25.0,False,,,0.0821261838143846,0.016385593058708407,0.09767531078146316,1.0,True,2.138263128697872,hz200_fixed_time_h40,FIXED_TIME
hz200_h40,200,0.005,40,200.0,lemniscate_3.csv,PF_KCW,10,50.0,False,,,0.15021505997536808,0.030166077690909503,0.16395931728091787,0.9920833333333333,True,2.135878212749958,hz200_fixed_time_h40,FIXED_TIME
hz200_h40,200,0.005,40,200.0,lemniscate_3.csv,PF_KCW,20,100.0,False,,,0.2756690669222828,0.057895442601868234,0.2719891838668669,0.9491666666666667,True,2.139598309993744,hz200_fixed_time_h40,FIXED_TIME
hz200_h40,200,0.005,40,200.0,lemniscate_3.csv,PF_KCW,40,200.0,False,,,0.5267230667241403,0.11534032654531551,0.4662258233777012,0.79625,False,2.1436345651745796,hz200_fixed_time_h40,FIXED_TIME
hz200_h40,200,0.005,40,200.0,lemniscate_3.csv,PF_KCW,100,500.0,False,,,1.1508089963698214,0.26725501212118546,0.9142364129557854,0.53375,False,2.1589861288666725,hz200_fixed_time_h40,FIXED_TIME
hz200_h40,200,0.005,40,200.0,lemniscate_3.csv,PF_KCW,200,1000.0,True,787.0,3935.0,3.47365982595955,0.5388136430286331,2.2357543780495295,0.3408333333333333,False,2.1710492968559265,hz200_fixed_time_h40,FIXED_TIME
hz200_h40,200,0.005,40,200.0,lemniscate_3.csv,PF_KCW,infinity,,True,618.0,3090.0,1.1853602630812046e+51,0.30946175132514725,6.619954013865946e+50,0.12791666666666668,False,0.5714920237660408,hz200_fixed_time_h40,FIXED_TIME
hz200_h40,200,0.005,40,200.0,lemniscate_3.csv,J_KCW,1,5.0,False,,,0.008794089478098874,0.005423629398696397,0.034277600051396614,1.0,True,2.1502373442053795,hz200_fixed_time_h40,FIXED_TIME
hz200_h40,200,0.005,40,200.0,lemniscate_3.csv,J_KCW,2,10.0,False,,,0.013264308203844272,0.00811970835821169,0.05011931893880322,1.0,True,2.1362044736742973,hz200_fixed_time_h40,FIXED_TIME
hz200_h40,200,0.005,40,200.0,lemniscate_3.csv,J_KCW,5,25.0,False,,,0.02720545309081916,0.016189811580835222,0.09296900912167035,0.9991666666666666,True,2.1372015923261642,hz200_fixed_time_h40,FIXED_TIME
hz200_h40,200,0.005,40,200.0,lemniscate_3.csv,J_KCW,10,50.0,False,,,0.053047810053853,0.02971844754563269,0.15500738065906486,0.985,True,2.1393615901470184,hz200_fixed_time_h40,FIXED_TIME
hz200_h40,200,0.005,40,200.0,lemniscate_3.csv,J_KCW,20,100.0,False,,,0.10803681405979468,0.05649782709047779,0.25317225567664586,0.8983333333333333,False,2.1382240504026413,hz200_fixed_time_h40,FIXED_TIME
hz200_h40,200,0.005,40,200.0,lemniscate_3.csv,J_KCW,40,200.0,False,,,0.24624392688827668,0.11136660847622319,0.4207659594181118,0.6725,False,2.1421323120594025,hz200_fixed_time_h40,FIXED_TIME
hz200_h40,200,0.005,40,200.0,lemniscate_3.csv,J_KCW,100,500.0,False,,,0.8002627476296502,0.24041144093556938,0.7466777148839953,0.38958333333333334,False,2.1388855054974556,hz200_fixed_time_h40,FIXED_TIME
hz200_h40,200,0.005,40,200.0,lemniscate_3.csv,J_KCW,200,1000.0,True,787.0,3935.0,86.36166978071662,0.5013732112131892,273.40185600523563,0.21666666666666667,False,2.1528443172574043,hz200_fixed_time_h40,FIXED_TIME
hz200_h40,200,0.005,40,200.0,lemniscate_3.csv,J_KCW,infinity,,True,623.0,3115.0,9.467875452414004e+143,0.35733511353216435,2.7204828553492826e+144,0.08083333333333333,False,0.5779860243201256,hz200_fixed_time_h40,FIXED_TIME
hz200_h40,200,0.005,40,200.0,linear_oscillation.csv,PF_KCW,1,5.0,False,,,0.007153590601525784,0.0010479185576860442,0.012431956737950153,1.0,True,2.1256400272250175,hz200_fixed_time_h40,FIXED_TIME
hz200_h40,200,0.005,40,200.0,linear_oscillation.csv,PF_KCW,2,10.0,False,,,0.010658640629899595,0.001565460134074095,0.01804342376546072,1.0,True,2.125723548233509,hz200_fixed_time_h40,FIXED_TIME
hz200_h40,200,0.005,40,200.0,linear_oscillation.csv,PF_KCW,5,25.0,False,,,0.021185420829151546,0.003126742763488007,0.032260379087037674,1.0,True,2.1250799521803856,hz200_fixed_time_h40,FIXED_TIME
hz200_h40,200,0.005,40,200.0,linear_oscillation.csv,PF_KCW,10,50.0,False,,,0.03853593102542157,0.005700817170213677,0.04998586159345036,1.0,True,2.119936116039753,hz200_fixed_time_h40,FIXED_TIME
hz200_h40,200,0.005,40,200.0,linear_oscillation.csv,PF_KCW,20,100.0,False,,,0.0737927420998777,0.01121144347796181,0.08741489247735358,1.0,True,2.113220624625683,hz200_fixed_time_h40,FIXED_TIME
hz200_h40,200,0.005,40,200.0,linear_oscillation.csv,PF_KCW,40,200.0,False,,,0.1401031885580962,0.023546594827679953,0.1597856824124492,0.9933333333333333,True,2.117013640701771,hz200_fixed_time_h40,FIXED_TIME
hz200_h40,200,0.005,40,200.0,linear_oscillation.csv,PF_KCW,100,500.0,False,,,0.34479469771355714,0.07098772766277954,0.33799625191319926,0.9183333333333333,True,2.1263336315751076,hz200_fixed_time_h40,FIXED_TIME
hz200_h40,200,0.005,40,200.0,linear_oscillation.csv,PF_KCW,200,1000.0,False,,,0.7217126822285469,0.16949202359614607,0.49661786609728203,0.7345833333333334,False,2.135622628033161,hz200_fixed_time_h40,FIXED_TIME
hz200_h40,200,0.005,40,200.0,linear_oscillation.csv,PF_KCW,infinity,,True,525.0,2625.0,1.9544245256202003e+44,0.7281862409888937,1.033947504871997e+44,0.10208333333333333,False,0.5943292826414108,hz200_fixed_time_h40,FIXED_TIME
hz200_h40,200,0.005,40,200.0,linear_oscillation.csv,J_KCW,1,5.0,False,,,0.0019205711823611308,0.00105981469338309,0.012057232456715491,1.0,True,2.158339962363243,hz200_fixed_time_h40,FIXED_TIME
hz200_h40,200,0.005,40,200.0,linear_oscillation.csv,J_KCW,2,10.0,False,,,0.002871900175824429,0.001586842815284742,0.017473524900294062,1.0,True,2.1464057937264442,hz200_fixed_time_h40,FIXED_TIME
hz200_h40,200,0.005,40,200.0,linear_oscillation.csv,J_KCW,5,25.0,False,,,0.005696097934929472,0.003173484673337665,0.03108707737885819,1.0,True,2.147795148193836,hz200_fixed_time_h40,FIXED_TIME
hz200_h40,200,0.005,40,200.0,linear_oscillation.csv,J_KCW,10,50.0,False,,,0.010523757200385512,0.005801342771286486,0.04719770469567971,1.0,True,2.1452632173895836,hz200_fixed_time_h40,FIXED_TIME
hz200_h40,200,0.005,40,200.0,linear_oscillation.csv,J_KCW,20,100.0,False,,,0.02157495575445803,0.011402194465989212,0.0803185853768504,0.99875,True,2.148710198700428,hz200_fixed_time_h40,FIXED_TIME
hz200_h40,200,0.005,40,200.0,linear_oscillation.csv,J_KCW,40,200.0,False,,,0.0521535804859202,0.02391280592673408,0.1404297384958412,0.9670833333333333,True,2.152166023850441,hz200_fixed_time_h40,FIXED_TIME
hz200_h40,200,0.005,40,200.0,linear_oscillation.csv,J_KCW,100,500.0,False,,,0.21166062253148774,0.06736911639635247,0.28780689696835227,0.8008333333333333,False,2.1644273921847343,hz200_fixed_time_h40,FIXED_TIME
hz200_h40,200,0.005,40,200.0,linear_oscillation.csv,J_KCW,200,1000.0,False,,,0.49449951658366065,0.13927432774815496,0.4031547127815756,0.51,False,2.171639673411846,hz200_fixed_time_h40,FIXED_TIME
hz200_h40,200,0.005,40,200.0,linear_oscillation.csv,J_KCW,infinity,,True,560.0,2800.0,inf,0.598270636700882,inf,0.0875,False,0.6286497861146927,hz200_fixed_time_h40,FIXED_TIME
hz200_h40,200,0.005,40,200.0,melon_1.csv,PF_KCW,1,5.0,False,,,0.007289395737877116,0.0014620738954108153,0.010452873798856004,1.0,True,2.2675310596823692,hz200_fixed_time_h40,FIXED_TIME
hz200_h40,200,0.005,40,200.0,melon_1.csv,PF_KCW,2,10.0,False,,,0.010916697556700857,0.0021896045509360042,0.015112810343995513,1.0,True,2.24944344162941,hz200_fixed_time_h40,FIXED_TIME
hz200_h40,200,0.005,40,200.0,melon_1.csv,PF_KCW,5,25.0,False,,,0.021783367346480807,0.004373042504173699,0.02668728759056543,1.0,True,2.240279048681259,hz200_fixed_time_h40,FIXED_TIME
hz200_h40,200,0.005,40,200.0,melon_1.csv,PF_KCW,10,50.0,False,,,0.040037441527332074,0.007995006681126031,0.042309862828576975,1.0,True,2.247114233672619,hz200_fixed_time_h40,FIXED_TIME
hz200_h40,200,0.005,40,200.0,melon_1.csv,PF_KCW,20,100.0,False,,,0.07640059604266648,0.01532083819551156,0.0660929084915542,1.0,True,2.2488439232110977,hz200_fixed_time_h40,FIXED_TIME
hz200_h40,200,0.005,40,200.0,melon_1.csv,PF_KCW,40,200.0,False,,,0.1515420820656996,0.030142517891592994,0.10575416639748224,0.9916666666666667,True,2.2499243393540382,hz200_fixed_time_h40,FIXED_TIME
hz200_h40,200,0.005,40,200.0,melon_1.csv,PF_KCW,100,500.0,False,,,0.39980634267003856,0.07272797655341211,0.22759322174862281,0.9041666666666667,True,2.2770201712846756,hz200_fixed_time_h40,FIXED_TIME
hz200_h40,200,0.005,40,200.0,melon_1.csv,PF_KCW,200,1000.0,False,,,0.8227244896352924,0.15921251860046312,0.454121801422759,0.7441666666666666,False,2.255412369966507,hz200_fixed_time_h40,FIXED_TIME
hz200_h40,200,0.005,40,200.0,melon_1.csv,PF_KCW,infinity,,True,1262.0,6310.0,6.30630509146786e+95,0.6486968674443834,3.347433501587585e+95,0.20583333333333334,False,1.4260528907179832,hz200_fixed_time_h40,FIXED_TIME
hz200_h40,200,0.005,40,200.0,melon_1.csv,J_KCW,1,5.0,False,,,0.0034221225585915746,0.0016745738925841517,0.010337675296889412,1.0,True,2.1694991663098335,hz200_fixed_time_h40,FIXED_TIME
hz200_h40,200,0.005,40,200.0,melon_1.csv,J_KCW,2,10.0,False,,,0.0051175794099121725,0.0025081764962426928,0.014955975629794291,1.0,True,2.14918977022171,hz200_fixed_time_h40,FIXED_TIME
hz200_h40,200,0.005,40,200.0,melon_1.csv,J_KCW,5,25.0,False,,,0.010151401114605767,0.005002976236405981,0.026374676716589402,1.0,True,2.158393681049347,hz200_fixed_time_h40,FIXED_TIME
hz200_h40,200,0.005,40,200.0,melon_1.csv,J_KCW,10,50.0,False,,,0.01828284404295018,0.009130032028483285,0.041440815813406674,1.0,True,2.148550011217594,hz200_fixed_time_h40,FIXED_TIME
hz200_h40,200,0.005,40,200.0,melon_1.csv,J_KCW,20,100.0,False,,,0.034604091244143674,0.017552278121339953,0.06480557604204618,0.9829166666666667,True,2.153454214334488,hz200_fixed_time_h40,FIXED_TIME
hz200_h40,200,0.005,40,200.0,melon_1.csv,J_KCW,40,200.0,False,,,0.0674188479219537,0.03463825662298083,0.10494408927726098,0.94875,True,2.14740714430809,hz200_fixed_time_h40,FIXED_TIME
hz200_h40,200,0.005,40,200.0,melon_1.csv,J_KCW,100,500.0,False,,,0.18128197602874394,0.08449201769140517,0.21033380865198295,0.7966666666666666,False,2.1584905609488487,hz200_fixed_time_h40,FIXED_TIME
hz200_h40,200,0.005,40,200.0,melon_1.csv,J_KCW,200,1000.0,True,2380.0,11900.0,0.49900720163986495,0.17136836949830325,0.3167860173217004,0.5433333333333333,False,2.156800962984562,hz200_fixed_time_h40,FIXED_TIME
hz200_h40,200,0.005,40,200.0,melon_1.csv,J_KCW,infinity,,True,1123.0,5615.0,1.6834840882993533e+80,1.056390269694282,4.553038980040113e+80,0.07125,False,1.5993532985448837,hz200_fixed_time_h40,FIXED_TIME
hz200_h40,200,0.005,40,200.0,melon_2.csv,PF_KCW,1,5.0,False,,,0.007130968700344096,0.0023046272799688104,0.010603781136103321,1.0,True,2.15079265832901,hz200_fixed_time_h40,FIXED_TIME
hz200_h40,200,0.005,40,200.0,melon_2.csv,PF_KCW,2,10.0,False,,,0.010667323623839412,0.0034508155271105617,0.015371228092611986,1.0,True,2.1268770918250084,hz200_fixed_time_h40,FIXED_TIME
hz200_h40,200,0.005,40,200.0,melon_2.csv,PF_KCW,5,25.0,False,,,0.02132840883564595,0.006879449154346909,0.027969544436414456,1.0,True,2.135374441742897,hz200_fixed_time_h40,FIXED_TIME
hz200_h40,200,0.005,40,200.0,melon_2.csv,PF_KCW,10,50.0,False,,,0.039105584168964876,0.012537157775095079,0.04424153170606105,1.0,True,2.130795441567898,hz200_fixed_time_h40,FIXED_TIME
hz200_h40,200,0.005,40,200.0,melon_2.csv,PF_KCW,20,100.0,False,,,0.07512865593950167,0.023727754293900484,0.07293358369928435,1.0,True,2.1219086572527885,hz200_fixed_time_h40,FIXED_TIME
hz200_h40,200,0.005,40,200.0,melon_2.csv,PF_KCW,40,200.0,False,,,0.15155242003052005,0.04588080166272826,0.1310957083695284,0.9820833333333333,True,2.1431180015206337,hz200_fixed_time_h40,FIXED_TIME
hz200_h40,200,0.005,40,200.0,melon_2.csv,PF_KCW,100,500.0,False,,,0.4121340678081149,0.10761308188319717,0.2831683160037524,0.8720833333333333,False,2.1630567982792854,hz200_fixed_time_h40,FIXED_TIME
hz200_h40,200,0.005,40,200.0,melon_2.csv,PF_KCW,200,1000.0,True,2377.0,11885.0,0.8772766931794468,0.23489757855484925,0.6114833478270298,0.7454166666666666,False,2.166256509721279,hz200_fixed_time_h40,FIXED_TIME
hz200_h40,200,0.005,40,200.0,melon_2.csv,PF_KCW,infinity,,True,860.0,4300.0,inf,0.9692179371291595,inf,0.18583333333333332,False,1.3045683279633522,hz200_fixed_time_h40,FIXED_TIME
hz200_h40,200,0.005,40,200.0,melon_2.csv,J_KCW,1,5.0,False,,,0.005055316798390399,0.0023796406805273087,0.010261409575713913,1.0,True,2.1785329058766365,hz200_fixed_time_h40,FIXED_TIME
hz200_h40,200,0.005,40,200.0,melon_2.csv,J_KCW,2,10.0,False,,,0.007569510874341013,0.003562796420324937,0.014848624921870985,1.0,True,2.1576070711016655,hz200_fixed_time_h40,FIXED_TIME
hz200_h40,200,0.005,40,200.0,melon_2.csv,J_KCW,5,25.0,False,,,0.015059682502434809,0.00709773139364783,0.026836529314477834,1.0,True,2.161697342991829,hz200_fixed_time_h40,FIXED_TIME
hz200_h40,200,0.005,40,200.0,melon_2.csv,J_KCW,10,50.0,False,,,0.027327430459455293,0.012926889336948744,0.041538755307010296,1.0,True,2.1666935086250305,hz200_fixed_time_h40,FIXED_TIME
hz200_h40,200,0.005,40,200.0,melon_2.csv,J_KCW,20,100.0,False,,,0.05176649414413433,0.024445392722393575,0.06592248851216771,0.98375,True,2.1584312096238136,hz200_fixed_time_h40,FIXED_TIME
hz200_h40,200,0.005,40,200.0,melon_2.csv,J_KCW,40,200.0,False,,,0.10200838954637141,0.04735380211710541,0.11220368674647635,0.89,False,2.1597093269228935,hz200_fixed_time_h40,FIXED_TIME
hz200_h40,200,0.005,40,200.0,melon_2.csv,J_KCW,100,500.0,False,,,0.319100727323116,0.11255030626270181,0.2328606645442342,0.6779166666666666,False,2.1803526282310486,hz200_fixed_time_h40,FIXED_TIME
hz200_h40,200,0.005,40,200.0,melon_2.csv,J_KCW,200,1000.0,True,2360.0,11800.0,0.8328083946497151,0.21161181037920732,0.4708361914923798,0.415,False,2.1667501404881477,hz200_fixed_time_h40,FIXED_TIME
hz200_h40,200,0.005,40,200.0,melon_2.csv,J_KCW,infinity,,True,898.0,4490.0,5.184882296951377,1.4738247892610064,2.2417524467173413,0.04083333333333333,False,2.158226363360882,hz200_fixed_time_h40,FIXED_TIME
hz200_h40,200,0.005,40,200.0,race_track_1.csv,PF_KCW,1,5.0,False,,,0.0220731698994173,0.004467354922484858,0.030861459234887926,1.0,True,2.1381383016705513,hz200_fixed_time_h40,FIXED_TIME
hz200_h40,200,0.005,40,200.0,race_track_1.csv,PF_KCW,2,10.0,False,,,0.03308288412734002,0.0066928689432019925,0.04552555812229614,1.0,True,2.133082404732704,hz200_fixed_time_h40,FIXED_TIME
hz200_h40,200,0.005,40,200.0,race_track_1.csv,PF_KCW,5,25.0,False,,,0.06620120743491156,0.013403696510402251,0.08651293986846588,0.9983333333333333,True,2.1231761276721954,hz200_fixed_time_h40,FIXED_TIME
hz200_h40,200,0.005,40,200.0,race_track_1.csv,PF_KCW,10,50.0,False,,,0.12284302378284868,0.024684148262008546,0.1487424095188918,0.9933333333333333,True,2.119451232254505,hz200_fixed_time_h40,FIXED_TIME
hz200_h40,200,0.005,40,200.0,race_track_1.csv,PF_KCW,20,100.0,False,,,0.23461573511201833,0.047463384585087476,0.26395495453621476,0.9654166666666667,True,2.1230693385004997,hz200_fixed_time_h40,FIXED_TIME
hz200_h40,200,0.005,40,200.0,race_track_1.csv,PF_KCW,40,200.0,False,,,0.48257406526754865,0.09269365818635199,0.42529090462124913,0.86875,False,2.1243364214897156,hz200_fixed_time_h40,FIXED_TIME
hz200_h40,200,0.005,40,200.0,race_track_1.csv,PF_KCW,100,500.0,False,,,1.2789830542864933,0.24746877681734897,0.9881108241552202,0.5466666666666666,False,2.1275723055005074,hz200_fixed_time_h40,FIXED_TIME
hz200_h40,200,0.005,40,200.0,race_track_1.csv,PF_KCW,200,1000.0,True,546.0,2730.0,inf,0.596241080750837,inf,0.19958333333333333,False,1.2413740754127502,hz200_fixed_time_h40,FIXED_TIME
hz200_h40,200,0.005,40,200.0,race_track_1.csv,PF_KCW,infinity,,True,435.0,2175.0,inf,0.5103421690096158,inf,0.10083333333333333,False,0.48490099608898163,hz200_fixed_time_h40,FIXED_TIME
hz200_h40,200,0.005,40,200.0,race_track_1.csv,J_KCW,1,5.0,False,,,0.00883341283428287,0.004184812348086979,0.03124593227009236,1.0,True,2.1540415063500404,hz200_fixed_time_h40,FIXED_TIME
hz200_h40,200,0.005,40,200.0,race_track_1.csv,J_KCW,2,10.0,False,,,0.013346964968827564,0.006269793887849215,0.04612864128223063,1.0,True,2.1393915712833405,hz200_fixed_time_h40,FIXED_TIME
hz200_h40,200,0.005,40,200.0,race_track_1.csv,J_KCW,5,25.0,False,,,0.02697221648259454,0.012570248970207452,0.08777832639858242,0.99875,True,2.134976103901863,hz200_fixed_time_h40,FIXED_TIME
hz200_h40,200,0.005,40,200.0,race_track_1.csv,J_KCW,10,50.0,False,,,0.05067070451984642,0.023220851162829553,0.15135175865030825,0.9833333333333333,True,2.1398983523249626,hz200_fixed_time_h40,FIXED_TIME
hz200_h40,200,0.005,40,200.0,race_track_1.csv,J_KCW,20,100.0,False,,,0.10520586931297186,0.044752069044710435,0.2681358677744871,0.89125,False,2.136034235358238,hz200_fixed_time_h40,FIXED_TIME
hz200_h40,200,0.005,40,200.0,race_track_1.csv,J_KCW,40,200.0,False,,,0.24377299280541156,0.0870776696859186,0.44050529694897683,0.6729166666666667,False,2.1378378197550774,hz200_fixed_time_h40,FIXED_TIME
hz200_h40,200,0.005,40,200.0,race_track_1.csv,J_KCW,100,500.0,False,,,0.871871095686015,0.23874579815571886,0.9261432448023044,0.35333333333333333,False,2.1826623156666756,hz200_fixed_time_h40,FIXED_TIME
hz200_h40,200,0.005,40,200.0,race_track_1.csv,J_KCW,200,1000.0,True,914.0,4570.0,2.079807521559584,0.5337588177254733,1.6758413472911768,0.20208333333333334,False,2.158379167318344,hz200_fixed_time_h40,FIXED_TIME
hz200_h40,200,0.005,40,200.0,race_track_1.csv,J_KCW,infinity,,True,436.0,2180.0,4.575832897324259e+52,0.7446867471877954,1.1460439423199485e+53,0.075,False,0.48009350150823593,hz200_fixed_time_h40,FIXED_TIME
hz200_h40,200,0.005,40,200.0,race_track_2.csv,PF_KCW,1,5.0,False,,,0.041772625657707035,0.007278601840046391,0.04712607069835604,1.0,True,2.144701860845089,hz200_fixed_time_h40,FIXED_TIME
hz200_h40,200,0.005,40,200.0,race_track_2.csv,PF_KCW,2,10.0,False,,,0.06252098089993557,0.010895921654395787,0.06948858350816178,1.0,True,2.136555500328541,hz200_fixed_time_h40,FIXED_TIME
hz200_h40,200,0.005,40,200.0,race_track_2.csv,PF_KCW,5,25.0,False,,,0.125401992913552,0.021725170335591574,0.13116200703155065,0.9979166666666667,True,2.1301350370049477,hz200_fixed_time_h40,FIXED_TIME
hz200_h40,200,0.005,40,200.0,race_track_2.csv,PF_KCW,10,50.0,False,,,0.2314413952426265,0.03973054608952822,0.22381240017837578,0.9775,True,2.124501906335354,hz200_fixed_time_h40,FIXED_TIME
hz200_h40,200,0.005,40,200.0,race_track_2.csv,PF_KCW,20,100.0,False,,,0.4466344112881539,0.07657307710618284,0.3962781306306833,0.8854166666666666,False,2.122002989053726,hz200_fixed_time_h40,FIXED_TIME
hz200_h40,200,0.005,40,200.0,race_track_2.csv,PF_KCW,40,200.0,False,,,0.9257223560454376,0.1501005741051314,0.6280818783367423,0.6625,False,2.132837913930416,hz200_fixed_time_h40,FIXED_TIME
hz200_h40,200,0.005,40,200.0,race_track_2.csv,PF_KCW,100,500.0,False,,,1.8754238241680579,0.3218582959782137,1.221741225171475,0.36791666666666667,False,2.145068220794201,hz200_fixed_time_h40,FIXED_TIME
hz200_h40,200,0.005,40,200.0,race_track_2.csv,PF_KCW,200,1000.0,True,530.0,2650.0,2.2378692975692063e+49,0.6228272069870106,1.2026002010135747e+49,0.13125,False,0.8972838819026947,hz200_fixed_time_h40,FIXED_TIME
hz200_h40,200,0.005,40,200.0,race_track_2.csv,PF_KCW,infinity,,True,417.0,2085.0,inf,0.45667109200036077,inf,0.10083333333333333,False,0.42545849084854126,hz200_fixed_time_h40,FIXED_TIME
hz200_h40,200,0.005,40,200.0,race_track_2.csv,J_KCW,1,5.0,False,,,0.012342782267547958,0.007181141833317429,0.047512773498155754,1.0,True,2.146109163761139,hz200_fixed_time_h40,FIXED_TIME
hz200_h40,200,0.005,40,200.0,race_track_2.csv,J_KCW,2,10.0,False,,,0.01863082334647673,0.010749187368134025,0.07024797565667518,1.0,True,2.1385947912931442,hz200_fixed_time_h40,FIXED_TIME
hz200_h40,200,0.005,40,200.0,race_track_2.csv,J_KCW,5,25.0,False,,,0.03814038798747291,0.02147649504183993,0.13335088490369992,0.9970833333333333,True,2.1522253155708313,hz200_fixed_time_h40,FIXED_TIME
hz200_h40,200,0.005,40,200.0,race_track_2.csv,J_KCW,10,50.0,False,,,0.07412719557265059,0.03942280959721156,0.23036171962869606,0.9541666666666667,True,2.1470317766070366,hz200_fixed_time_h40,FIXED_TIME
hz200_h40,200,0.005,40,200.0,race_track_2.csv,J_KCW,20,100.0,False,,,0.1629225009084724,0.07598885795385658,0.4067537689407039,0.7925,False,2.1468886584043503,hz200_fixed_time_h40,FIXED_TIME
hz200_h40,200,0.005,40,200.0,race_track_2.csv,J_KCW,40,200.0,False,,,0.36503475189253953,0.14974945178716667,0.6581966306681617,0.51125,False,2.1626232862472534,hz200_fixed_time_h40,FIXED_TIME
hz200_h40,200,0.005,40,200.0,race_track_2.csv,J_KCW,100,500.0,True,2280.0,11400.0,1.2254970814709505,0.37256185667101693,1.1999559869398775,0.285,False,2.1764572113752365,hz200_fixed_time_h40,FIXED_TIME
hz200_h40,200,0.005,40,200.0,race_track_2.csv,J_KCW,200,1000.0,True,919.0,4595.0,6.238113171301837e+128,0.6753668401961546,1.9713966033253832e+129,0.15291666666666667,False,1.914974682033062,hz200_fixed_time_h40,FIXED_TIME
hz200_h40,200,0.005,40,200.0,race_track_2.csv,J_KCW,infinity,,True,439.0,2195.0,2.2694486753013446e+68,0.6308960002531004,6.281581005657805e+68,0.065,False,0.47385460138320923,hz200_fixed_time_h40,FIXED_TIME
hz200_h40,200,0.005,40,200.0,random_points.csv,PF_KCW,1,5.0,False,,,0.006893922486689134,0.0016492093138717316,0.006927885904758252,1.0,True,2.1377934217453003,hz200_fixed_time_h40,FIXED_TIME
hz200_h40,200,0.005,40,200.0,random_points.csv,PF_KCW,2,10.0,False,,,0.0103390991773409,0.0024717569286101387,0.010029892096812949,1.0,True,2.121701829135418,hz200_fixed_time_h40,FIXED_TIME
hz200_h40,200,0.005,40,200.0,random_points.csv,PF_KCW,5,25.0,False,,,0.02082235262506007,0.004924250511352305,0.017549531054407885,1.0,True,2.1172116324305534,hz200_fixed_time_h40,FIXED_TIME
hz200_h40,200,0.005,40,200.0,random_points.csv,PF_KCW,10,50.0,False,,,0.038720103353255646,0.009002883244015209,0.026864619092651604,1.0,True,2.1224470660090446,hz200_fixed_time_h40,FIXED_TIME
hz200_h40,200,0.005,40,200.0,random_points.csv,PF_KCW,20,100.0,False,,,0.07552000566758167,0.017058602009036736,0.03944288587462541,1.0,True,2.1352246329188347,hz200_fixed_time_h40,FIXED_TIME
hz200_h40,200,0.005,40,200.0,random_points.csv,PF_KCW,40,200.0,False,,,0.15686073312903673,0.03312819877668463,0.06610057185803374,1.0,True,2.15156439691782,hz200_fixed_time_h40,FIXED_TIME
hz200_h40,200,0.005,40,200.0,random_points.csv,PF_KCW,100,500.0,False,,,0.48275982823325364,0.08177285840598103,0.14769253775822344,0.95625,True,2.131991609930992,hz200_fixed_time_h40,FIXED_TIME
hz200_h40,200,0.005,40,200.0,random_points.csv,PF_KCW,200,1000.0,False,,,1.4771570561605294,0.17220507808536042,0.3530659740725433,0.5420833333333334,False,2.1562594398856163,hz200_fixed_time_h40,FIXED_TIME
hz200_h40,200,0.005,40,200.0,random_points.csv,PF_KCW,infinity,,True,408.0,2040.0,inf,1.1391171751859621,inf,0.05708333333333333,False,0.7635410651564598,hz200_fixed_time_h40,FIXED_TIME
hz200_h40,200,0.005,40,200.0,random_points.csv,J_KCW,1,5.0,False,,,0.002713526882843927,0.0015322172834874963,0.00753470439838528,1.0,True,2.156828910112381,hz200_fixed_time_h40,FIXED_TIME
hz200_h40,200,0.005,40,200.0,random_points.csv,J_KCW,2,10.0,False,,,0.0040657108596005714,0.0022955859419508543,0.010945644793992581,1.0,True,2.149373084306717,hz200_fixed_time_h40,FIXED_TIME
hz200_h40,200,0.005,40,200.0,random_points.csv,J_KCW,5,25.0,False,,,0.008095522197869605,0.004572332188966382,0.01947578677367869,1.0,True,2.1492551416158676,hz200_fixed_time_h40,FIXED_TIME
hz200_h40,200,0.005,40,200.0,random_points.csv,J_KCW,10,50.0,False,,,0.014859847913452911,0.008328792772112813,0.029473124753641854,1.0,True,2.174742214381695,hz200_fixed_time_h40,FIXED_TIME
hz200_h40,200,0.005,40,200.0,random_points.csv,J_KCW,20,100.0,False,,,0.028514690583902227,0.015801121569029453,0.04046934517109461,1.0,True,2.1810233741998672,hz200_fixed_time_h40,FIXED_TIME
hz200_h40,200,0.005,40,200.0,random_points.csv,J_KCW,40,200.0,False,,,0.05892626582667315,0.030715639973384275,0.06299264655748858,1.0,True,2.1556051895022392,hz200_fixed_time_h40,FIXED_TIME
hz200_h40,200,0.005,40,200.0,random_points.csv,J_KCW,100,500.0,False,,,0.17940918951501386,0.07417493422091506,0.12804775328278112,0.7929166666666667,False,2.1606700494885445,hz200_fixed_time_h40,FIXED_TIME
hz200_h40,200,0.005,40,200.0,random_points.csv,J_KCW,200,1000.0,False,,,0.4889589738550372,0.14403173747123746,0.23449473637549942,0.40708333333333335,False,2.159425914287567,hz200_fixed_time_h40,FIXED_TIME
hz200_h40,200,0.005,40,200.0,random_points.csv,J_KCW,infinity,,True,831.0,4155.0,5.302002891321915,1.2512800251512834,1.3571451680206792,0.035,False,2.143931120634079,hz200_fixed_time_h40,FIXED_TIME
hz200_h40,200,0.005,40,200.0,slanted_circle_1.csv,PF_KCW,1,5.0,False,,,0.005476607655825297,0.001289866346441512,0.006133797739167035,1.0,True,2.1352107152342796,hz200_fixed_time_h40,FIXED_TIME
hz200_h40,200,0.005,40,200.0,slanted_circle_1.csv,PF_KCW,2,10.0,False,,,0.00817310654162413,0.0019303037176064016,0.008800515914266303,1.0,True,2.1268579736351967,hz200_fixed_time_h40,FIXED_TIME
hz200_h40,200,0.005,40,200.0,slanted_circle_1.csv,PF_KCW,5,25.0,False,,,0.016349518156379833,0.003839387840541179,0.014807993839184696,1.0,True,2.122849650681019,hz200_fixed_time_h40,FIXED_TIME
hz200_h40,200,0.005,40,200.0,slanted_circle_1.csv,PF_KCW,10,50.0,False,,,0.030225337107569507,0.006981941430399958,0.0225225544899488,1.0,True,2.137797251343727,hz200_fixed_time_h40,FIXED_TIME
hz200_h40,200,0.005,40,200.0,slanted_circle_1.csv,PF_KCW,20,100.0,False,,,0.05931739442376312,0.013237355969641764,0.03527661056317465,1.0,True,2.1409244015812874,hz200_fixed_time_h40,FIXED_TIME
hz200_h40,200,0.005,40,200.0,slanted_circle_1.csv,PF_KCW,40,200.0,False,,,0.12397357442711818,0.025633831367020292,0.05860630844958315,1.0,True,2.1394277587532997,hz200_fixed_time_h40,FIXED_TIME
hz200_h40,200,0.005,40,200.0,slanted_circle_1.csv,PF_KCW,100,500.0,False,,,0.36763615473310146,0.06163959916051091,0.14486479388821227,0.99125,True,2.1335412710905075,hz200_fixed_time_h40,FIXED_TIME
hz200_h40,200,0.005,40,200.0,slanted_circle_1.csv,PF_KCW,200,1000.0,False,,,1.2867002318518874,0.13749416592412841,0.3928520801434635,0.6158333333333333,False,2.1393741071224213,hz200_fixed_time_h40,FIXED_TIME
hz200_h40,200,0.005,40,200.0,slanted_circle_1.csv,PF_KCW,infinity,,True,349.0,1745.0,2.4723050825660612e+113,1.2961955078185643,1.4841158940748178e+113,0.04041666666666666,False,0.5689467713236809,hz200_fixed_time_h40,FIXED_TIME
hz200_h40,200,0.005,40,200.0,slanted_circle_1.csv,J_KCW,1,5.0,False,,,0.001491134177509298,0.0009114868056106137,0.0062399477648253055,1.0,True,2.1438454911112785,hz200_fixed_time_h40,FIXED_TIME
hz200_h40,200,0.005,40,200.0,slanted_circle_1.csv,J_KCW,2,10.0,False,,,0.002228823987914566,0.0013619720485020601,0.00896564751771981,1.0,True,2.1296291425824165,hz200_fixed_time_h40,FIXED_TIME
hz200_h40,200,0.005,40,200.0,slanted_circle_1.csv,J_KCW,5,25.0,False,,,0.004404117070568019,0.002700279436809055,0.015168284329047915,1.0,True,2.164637066423893,hz200_fixed_time_h40,FIXED_TIME
hz200_h40,200,0.005,40,200.0,slanted_circle_1.csv,J_KCW,10,50.0,False,,,0.007660826376451562,0.004896790751839818,0.022712233771256477,1.0,True,2.157627709209919,hz200_fixed_time_h40,FIXED_TIME
hz200_h40,200,0.005,40,200.0,slanted_circle_1.csv,J_KCW,20,100.0,False,,,0.014437482873557131,0.009218045354324961,0.03319697685931768,1.0,True,2.170716367661953,hz200_fixed_time_h40,FIXED_TIME
hz200_h40,200,0.005,40,200.0,slanted_circle_1.csv,J_KCW,40,200.0,False,,,0.028442734821969396,0.017517645740870773,0.050042685918977696,1.0,True,2.1572330221533775,hz200_fixed_time_h40,FIXED_TIME
hz200_h40,200,0.005,40,200.0,slanted_circle_1.csv,J_KCW,100,500.0,False,,,0.08653698978991592,0.04159267555255883,0.10803506904677472,0.94375,True,2.1625137329101562,hz200_fixed_time_h40,FIXED_TIME
hz200_h40,200,0.005,40,200.0,slanted_circle_1.csv,J_KCW,200,1000.0,False,,,0.25199865555711903,0.0776741010834573,0.21411156847683618,0.65875,False,2.181275673210621,hz200_fixed_time_h40,FIXED_TIME
hz200_h40,200,0.005,40,200.0,slanted_circle_1.csv,J_KCW,infinity,,True,1102.0,5510.0,4.765860969301968,1.1840412701152543,1.4509064593500058,0.06166666666666667,False,2.1334706395864487,hz200_fixed_time_h40,FIXED_TIME
hz200_h40,200,0.005,40,200.0,slanted_circle_2.csv,PF_KCW,1,5.0,False,,,0.011372866589861095,0.002302857093992207,0.007840684547067843,1.0,True,2.1293934881687164,hz200_fixed_time_h40,FIXED_TIME
hz200_h40,200,0.005,40,200.0,slanted_circle_2.csv,PF_KCW,2,10.0,False,,,0.017064529809941532,0.0034487787173893107,0.011292582148632995,1.0,True,2.1166685670614243,hz200_fixed_time_h40,FIXED_TIME
hz200_h40,200,0.005,40,200.0,slanted_circle_2.csv,PF_KCW,5,25.0,False,,,0.034383173301224514,0.006873870480582703,0.019684149671859774,1.0,True,2.1150083541870117,hz200_fixed_time_h40,FIXED_TIME
hz200_h40,200,0.005,40,200.0,slanted_circle_2.csv,PF_KCW,10,50.0,False,,,0.0639845505558005,0.012542114240329631,0.028870525562987304,1.0,True,2.1263189017772675,hz200_fixed_time_h40,FIXED_TIME
hz200_h40,200,0.005,40,200.0,slanted_circle_2.csv,PF_KCW,20,100.0,False,,,0.12525917891546745,0.023734093924637514,0.0415154547546754,1.0,True,2.1313264295458794,hz200_fixed_time_h40,FIXED_TIME
hz200_h40,200,0.005,40,200.0,slanted_circle_2.csv,PF_KCW,40,200.0,False,,,0.2666637433184863,0.04545627950658868,0.06801441863014797,0.9708333333333333,True,2.128911629319191,hz200_fixed_time_h40,FIXED_TIME
hz200_h40,200,0.005,40,200.0,slanted_circle_2.csv,PF_KCW,100,500.0,False,,,0.8116990045050988,0.10497071171401497,0.21598117782743714,0.8054166666666667,False,2.132690206170082,hz200_fixed_time_h40,FIXED_TIME
hz200_h40,200,0.005,40,200.0,slanted_circle_2.csv,PF_KCW,200,1000.0,True,1785.0,8925.0,2.4902760759285543,0.19157312856284592,0.9253951078463947,0.5566666666666666,False,2.142538368701935,hz200_fixed_time_h40,FIXED_TIME
hz200_h40,200,0.005,40,200.0,slanted_circle_2.csv,PF_KCW,infinity,,True,274.0,1370.0,3.7958765719363237e+67,0.8151174272082488,2.0401934416616735e+67,0.02875,False,0.3591097816824913,hz200_fixed_time_h40,FIXED_TIME
hz200_h40,200,0.005,40,200.0,slanted_circle_2.csv,J_KCW,1,5.0,False,,,0.0027843655153873556,0.002761707279746358,0.009237439827138611,1.0,True,2.143075369298458,hz200_fixed_time_h40,FIXED_TIME
hz200_h40,200,0.005,40,200.0,slanted_circle_2.csv,J_KCW,2,10.0,False,,,0.004170243755548178,0.004134951375552302,0.013456036110695594,1.0,True,2.130702495574951,hz200_fixed_time_h40,FIXED_TIME
hz200_h40,200,0.005,40,200.0,slanted_circle_2.csv,J_KCW,5,25.0,False,,,0.008345330693003743,0.008227106613051444,0.024385991938551857,1.0,True,2.1366777643561363,hz200_fixed_time_h40,FIXED_TIME
hz200_h40,200,0.005,40,200.0,slanted_circle_2.csv,J_KCW,10,50.0,False,,,0.015356229020906692,0.014972912190551054,0.037757280190609005,1.0,True,2.1520321890711784,hz200_fixed_time_h40,FIXED_TIME
hz200_h40,200,0.005,40,200.0,slanted_circle_2.csv,J_KCW,20,100.0,False,,,0.029480360843986315,0.02823201925580528,0.05625444307122063,0.9983333333333333,True,2.1552342548966408,hz200_fixed_time_h40,FIXED_TIME
hz200_h40,200,0.005,40,200.0,slanted_circle_2.csv,J_KCW,40,200.0,False,,,0.06369728469132559,0.05365106486853513,0.08927727597413966,0.9354166666666667,True,2.144288569688797,hz200_fixed_time_h40,FIXED_TIME
hz200_h40,200,0.005,40,200.0,slanted_circle_2.csv,J_KCW,100,500.0,False,,,0.238484018990245,0.1206607855929013,0.18137398686699574,0.81125,False,2.161972686648369,hz200_fixed_time_h40,FIXED_TIME
hz200_h40,200,0.005,40,200.0,slanted_circle_2.csv,J_KCW,200,1000.0,False,,,0.7147574917943139,0.21014423455595518,0.3167713452818085,0.5354166666666667,False,2.1589528024196625,hz200_fixed_time_h40,FIXED_TIME
hz200_h40,200,0.005,40,200.0,slanted_circle_2.csv,J_KCW,infinity,,True,816.0,4080.0,inf,0.5013784210432167,inf,0.08041666666666666,False,0.7638837024569511,hz200_fixed_time_h40,FIXED_TIME
hz400_h20,400,0.0025,20,50.0,ellipse.csv,PF_KCW,1,2.5,False,,,0.012241705749360818,0.0019220511276135167,0.009909812298529552,1.0,True,4.279108494520187,hz400_fixed_step_h20,FIXED_STEP
hz400_h20,400,0.0025,20,50.0,ellipse.csv,PF_KCW,2,5.0,False,,,0.018336442671519532,0.002878542702991889,0.014710951822069388,1.0,True,4.248395085334778,hz400_fixed_step_h20,FIXED_STEP
hz400_h20,400,0.0025,20,50.0,ellipse.csv,PF_KCW,4,10.0,False,,,0.03051054012998066,0.004787938335649489,0.02396716593818758,1.0,True,4.272128626704216,hz400_fixed_step_h20,FIXED_STEP
hz400_h20,400,0.0025,20,50.0,ellipse.csv,PF_KCW,8,20.0,False,,,0.054961296508337726,0.008590788042824938,0.04076006666469319,0.9989583333333333,True,4.279394835233688,hz400_fixed_step_h20,FIXED_STEP
hz400_h20,400,0.0025,20,50.0,ellipse.csv,PF_KCW,20,50.0,False,,,0.1289494267317936,0.019828191779891573,0.08383837975644516,0.9377083333333334,True,4.234991446137428,hz400_fixed_step_h20,FIXED_STEP
hz400_h20,400,0.0025,20,50.0,ellipse.csv,PF_KCW,40,100.0,False,,,0.24972113291752385,0.03851447348672169,0.1498619201727706,0.835,False,4.224065139889717,hz400_fixed_step_h20,FIXED_STEP
hz400_h20,400,0.0025,20,50.0,ellipse.csv,PF_KCW,80,200.0,False,,,0.5054238856381574,0.0782105803998001,0.28609345909236966,0.7320833333333333,False,4.224859327077866,hz400_fixed_step_h20,FIXED_STEP
hz400_h20,400,0.0025,20,50.0,ellipse.csv,PF_KCW,200,500.0,True,4345.0,10862.5,1.479015181843489,0.2307349639683099,0.9013336017490016,0.5954166666666667,False,4.22678604722023,hz400_fixed_step_h20,FIXED_STEP
hz400_h20,400,0.0025,20,50.0,ellipse.csv,PF_KCW,400,1000.0,True,4312.0,10780.0,2.152907190967784,0.3643814752094789,1.3798394279195112,0.42104166666666665,False,4.214907333254814,hz400_fixed_step_h20,FIXED_STEP
hz400_h20,400,0.0025,20,50.0,ellipse.csv,PF_KCW,infinity,,True,1652.0,4130.0,1.1511113471153557e+137,1.280274828571214,1.2263888172444991e+137,0.08979166666666667,False,2.5429943203926086,hz400_fixed_step_h20,FIXED_STEP
hz400_h20,400,0.0025,20,50.0,ellipse.csv,J_KCW,1,2.5,False,,,0.004357773254179666,0.0020033036241035264,0.008966579619300337,1.0,True,4.391085855662823,hz400_fixed_step_h20,FIXED_STEP
hz400_h20,400,0.0025,20,50.0,ellipse.csv,J_KCW,2,5.0,False,,,0.00654584451013848,0.00299866025410526,0.013302111772618795,1.0,True,4.319023385643959,hz400_fixed_step_h20,FIXED_STEP
hz400_h20,400,0.0025,20,50.0,ellipse.csv,J_KCW,4,10.0,False,,,0.010954683289134735,0.004983998161464759,0.021603118922019236,1.0,True,4.2655849531292915,hz400_fixed_step_h20,FIXED_STEP
hz400_h20,400,0.0025,20,50.0,ellipse.csv,J_KCW,8,20.0,False,,,0.019907952486196718,0.008922749686429886,0.03616879383310021,0.9939583333333334,True,4.2717970088124275,hz400_fixed_step_h20,FIXED_STEP
hz400_h20,400,0.0025,20,50.0,ellipse.csv,J_KCW,20,50.0,False,,,0.0481380784050657,0.020472734349382977,0.072689445532545,0.8879166666666667,False,4.2749301716685295,hz400_fixed_step_h20,FIXED_STEP
hz400_h20,400,0.0025,20,50.0,ellipse.csv,J_KCW,40,100.0,False,,,0.09973416406604663,0.03912626481692233,0.12382198656077724,0.77375,False,4.257895193994045,hz400_fixed_step_h20,FIXED_STEP
hz400_h20,400,0.0025,20,50.0,ellipse.csv,J_KCW,80,200.0,False,,,0.22612452393624533,0.07590230395302734,0.2268671504747031,0.6727083333333334,False,4.270444363355637,hz400_fixed_step_h20,FIXED_STEP
hz400_h20,400,0.0025,20,50.0,ellipse.csv,J_KCW,200,500.0,True,3982.0,9955.0,0.9632956024746009,0.2097075774832941,0.7191039044583759,0.3772916666666667,False,4.256905049085617,hz400_fixed_step_h20,FIXED_STEP
hz400_h20,400,0.0025,20,50.0,ellipse.csv,J_KCW,400,1000.0,True,3894.0,9735.0,1.8072416761985133,0.42347923213304633,1.4753492787420197,0.19645833333333335,False,4.249069310724735,hz400_fixed_step_h20,FIXED_STEP
hz400_h20,400,0.0025,20,50.0,ellipse.csv,J_KCW,infinity,,True,1816.0,4540.0,5.525695701349382,1.5698469759128209,2.1876871441087804,0.024375,False,4.340163491666317,hz400_fixed_step_h20,FIXED_STEP
hz400_h20,400,0.0025,20,50.0,lemniscate_1.csv,PF_KCW,1,2.5,False,,,0.001604256040246346,0.00020234553540163954,0.0034038954550285718,1.0,True,4.30151879042387,hz400_fixed_step_h20,FIXED_STEP
hz400_h20,400,0.0025,20,50.0,lemniscate_1.csv,PF_KCW,2,5.0,False,,,0.0023928730070159657,0.00030239235079655154,0.005037625133629277,1.0,True,4.278968028724194,hz400_fixed_step_h20,FIXED_STEP
hz400_h20,400,0.0025,20,50.0,lemniscate_1.csv,PF_KCW,4,10.0,False,,,0.0039635635056498395,0.0005026304004925186,0.008086744030384124,1.0,True,4.313447877764702,hz400_fixed_step_h20,FIXED_STEP
hz400_h20,400,0.0025,20,50.0,lemniscate_1.csv,PF_KCW,8,20.0,False,,,0.007068327333977414,0.0008933749473451959,0.013193708099940228,1.0,True,4.2923165038228035,hz400_fixed_step_h20,FIXED_STEP
hz400_h20,400,0.0025,20,50.0,lemniscate_1.csv,PF_KCW,20,50.0,False,,,0.01613979026424327,0.0020902881382658715,0.02376750593442252,1.0,True,4.273923605680466,hz400_fixed_step_h20,FIXED_STEP
hz400_h20,400,0.0025,20,50.0,lemniscate_1.csv,PF_KCW,40,100.0,False,,,0.030701700848342593,0.004230994466061513,0.036592027273114794,1.0,True,4.240489602088928,hz400_fixed_step_h20,FIXED_STEP
hz400_h20,400,0.0025,20,50.0,lemniscate_1.csv,PF_KCW,80,200.0,False,,,0.05962922830425029,0.009207517266915472,0.05703588436810813,1.0,True,4.244711190462112,hz400_fixed_step_h20,FIXED_STEP
hz400_h20,400,0.0025,20,50.0,lemniscate_1.csv,PF_KCW,200,500.0,False,,,0.15956303820222023,0.028694297081656092,0.12148600340395777,0.945625,True,4.2431938871741295,hz400_fixed_step_h20,FIXED_STEP
hz400_h20,400,0.0025,20,50.0,lemniscate_1.csv,PF_KCW,400,1000.0,False,,,0.36881786018775026,0.06671321145959948,0.19927756871903896,0.7622916666666667,False,4.25254812091589,hz400_fixed_step_h20,FIXED_STEP
hz400_h20,400,0.0025,20,50.0,lemniscate_1.csv,PF_KCW,infinity,,True,1359.0,3397.5,6.811123326814275e+77,0.4837249230664983,5.59745477927284e+77,0.12395833333333334,False,1.3682728111743927,hz400_fixed_step_h20,FIXED_STEP
hz400_h20,400,0.0025,20,50.0,lemniscate_1.csv,J_KCW,1,2.5,False,,,0.000706115531131528,0.0001813963021231054,0.0033786483646159673,1.0,True,4.339082829654217,hz400_fixed_step_h20,FIXED_STEP
hz400_h20,400,0.0025,20,50.0,lemniscate_1.csv,J_KCW,2,5.0,False,,,0.0010573627681420353,0.0002705020026213462,0.005001870972630498,1.0,True,4.31121039390564,hz400_fixed_step_h20,FIXED_STEP
hz400_h20,400,0.0025,20,50.0,lemniscate_1.csv,J_KCW,4,10.0,False,,,0.0017568344663807945,0.0004478572649479201,0.008027081047594286,1.0,True,4.320223398506641,hz400_fixed_step_h20,FIXED_STEP
hz400_h20,400,0.0025,20,50.0,lemniscate_1.csv,J_KCW,8,20.0,False,,,0.003141156839988848,0.0007933695148865321,0.013085611807204607,1.0,True,4.307005271315575,hz400_fixed_step_h20,FIXED_STEP
hz400_h20,400,0.0025,20,50.0,lemniscate_1.csv,J_KCW,20,50.0,False,,,0.0070800547590381116,0.0018416153120283214,0.02353994470869746,1.0,True,4.2999430149793625,hz400_fixed_step_h20,FIXED_STEP
hz400_h20,400,0.0025,20,50.0,lemniscate_1.csv,J_KCW,40,100.0,False,,,0.013511579984203268,0.0036842903628821885,0.035786337422298475,1.0,True,4.26691260933876,hz400_fixed_step_h20,FIXED_STEP
hz400_h20,400,0.0025,20,50.0,lemniscate_1.csv,J_KCW,80,200.0,False,,,0.026269301651852494,0.007961212980822694,0.055373061378976116,1.0,True,4.309617176651955,hz400_fixed_step_h20,FIXED_STEP
hz400_h20,400,0.0025,20,50.0,lemniscate_1.csv,J_KCW,200,500.0,False,,,0.06563781469169472,0.025342534366030976,0.11716044988990215,0.923125,True,4.2833840399980545,hz400_fixed_step_h20,FIXED_STEP
hz400_h20,400,0.0025,20,50.0,lemniscate_1.csv,J_KCW,400,1000.0,False,,,0.17562689613807644,0.06228054926842945,0.18502415003830894,0.493125,False,4.308291554450989,hz400_fixed_step_h20,FIXED_STEP
hz400_h20,400,0.0025,20,50.0,lemniscate_1.csv,J_KCW,infinity,,True,1587.0,3967.5,4.015542222407266e+41,0.8836119040263654,3.3998820768578632e+41,0.04,False,1.9373573511838913,hz400_fixed_step_h20,FIXED_STEP
hz400_h20,400,0.0025,20,50.0,lemniscate_2.csv,PF_KCW,1,2.5,False,,,0.0024993512925786422,0.00040505535175130113,0.0044474469883380215,1.0,True,4.27378898113966,hz400_fixed_step_h20,FIXED_STEP
hz400_h20,400,0.0025,20,50.0,lemniscate_2.csv,PF_KCW,2,5.0,False,,,0.0037327905936331753,0.000606452279446151,0.006585993463888952,1.0,True,4.25855078548193,hz400_fixed_step_h20,FIXED_STEP
hz400_h20,400,0.0025,20,50.0,lemniscate_2.csv,PF_KCW,4,10.0,False,,,0.0061904637516601215,0.0010090806164115872,0.010650625624706212,1.0,True,4.249059811234474,hz400_fixed_step_h20,FIXED_STEP
hz400_h20,400,0.0025,20,50.0,lemniscate_2.csv,PF_KCW,8,20.0,False,,,0.011041184516628654,0.0018117028708634242,0.017629224300031793,1.0,True,4.238855816423893,hz400_fixed_step_h20,FIXED_STEP
hz400_h20,400,0.0025,20,50.0,lemniscate_2.csv,PF_KCW,20,50.0,False,,,0.025175121875910287,0.004214721263416719,0.03409007297195548,1.0,True,4.25639570504427,hz400_fixed_step_h20,FIXED_STEP
hz400_h20,400,0.0025,20,50.0,lemniscate_2.csv,PF_KCW,40,100.0,False,,,0.04778982727113156,0.00828720490106284,0.05368300458865231,1.0,True,4.206786550581455,hz400_fixed_step_h20,FIXED_STEP
hz400_h20,400,0.0025,20,50.0,lemniscate_2.csv,PF_KCW,80,200.0,False,,,0.09141194109800922,0.01718942272890499,0.09325175081071432,0.9889583333333334,True,4.205266982316971,hz400_fixed_step_h20,FIXED_STEP
hz400_h20,400,0.0025,20,50.0,lemniscate_2.csv,PF_KCW,200,500.0,False,,,0.22886093786512257,0.04693531028018103,0.1884078137391804,0.8641666666666666,False,4.203179910778999,hz400_fixed_step_h20,FIXED_STEP
hz400_h20,400,0.0025,20,50.0,lemniscate_2.csv,PF_KCW,400,1000.0,False,,,0.4951798028333466,0.08984889874876129,0.292043892465372,0.6025,False,4.203549213707447,hz400_fixed_step_h20,FIXED_STEP
hz400_h20,400,0.0025,20,50.0,lemniscate_2.csv,PF_KCW,infinity,,True,1323.0,3307.5,5.835539842231373e+67,0.32749185635082645,7.620432068036872e+67,0.13166666666666665,False,1.3376222103834152,hz400_fixed_step_h20,FIXED_STEP
hz400_h20,400,0.0025,20,50.0,lemniscate_2.csv,J_KCW,1,2.5,False,,,0.0008038319535666229,0.00043961268793735317,0.004329511121272316,1.0,True,4.337792105972767,hz400_fixed_step_h20,FIXED_STEP
hz400_h20,400,0.0025,20,50.0,lemniscate_2.csv,J_KCW,2,5.0,False,,,0.0012016528928374868,0.0006582542706983154,0.006411307787587672,1.0,True,4.325027272105217,hz400_fixed_step_h20,FIXED_STEP
hz400_h20,400,0.0025,20,50.0,lemniscate_2.csv,J_KCW,4,10.0,False,,,0.0019890137142031666,0.0010941656315580652,0.010348668678300154,1.0,True,4.292537651956081,hz400_fixed_step_h20,FIXED_STEP
hz400_h20,400,0.0025,20,50.0,lemniscate_2.csv,J_KCW,8,20.0,False,,,0.0035254852497451283,0.0019636858384603326,0.0170407957483903,1.0,True,4.300460673868656,hz400_fixed_step_h20,FIXED_STEP
hz400_h20,400,0.0025,20,50.0,lemniscate_2.csv,J_KCW,20,50.0,False,,,0.008001059901363386,0.004541486849850644,0.032333254628600636,1.0,True,4.261679537594318,hz400_fixed_step_h20,FIXED_STEP
hz400_h20,400,0.0025,20,50.0,lemniscate_2.csv,J_KCW,40,100.0,False,,,0.01477907741828544,0.008878884124258175,0.05029491928090901,1.0,True,4.258846402168274,hz400_fixed_step_h20,FIXED_STEP
hz400_h20,400,0.0025,20,50.0,lemniscate_2.csv,J_KCW,80,200.0,False,,,0.030024932467532347,0.017995174695083074,0.08443126305505144,0.9816666666666667,True,4.261718399822712,hz400_fixed_step_h20,FIXED_STEP
hz400_h20,400,0.0025,20,50.0,lemniscate_2.csv,J_KCW,200,500.0,False,,,0.09790724742038227,0.0467164151376605,0.16513022740370906,0.7660416666666666,False,4.2675043642520905,hz400_fixed_step_h20,FIXED_STEP
hz400_h20,400,0.0025,20,50.0,lemniscate_2.csv,J_KCW,400,1000.0,False,,,0.2837656178220204,0.08703316271101016,0.24544258163547156,0.4354166666666667,False,4.2688092067837715,hz400_fixed_step_h20,FIXED_STEP
hz400_h20,400,0.0025,20,50.0,lemniscate_2.csv,J_KCW,infinity,,True,1513.0,3782.5,inf,0.8749193738694524,inf,0.07020833333333333,False,1.9636580273509026,hz400_fixed_step_h20,FIXED_STEP
hz400_h20,400,0.0025,20,50.0,lemniscate_3.csv,PF_KCW,1,2.5,False,,,0.015209928249640401,0.0026584589925414365,0.019159309315884377,1.0,True,4.317603670060635,hz400_fixed_step_h20,FIXED_STEP
hz400_h20,400,0.0025,20,50.0,lemniscate_3.csv,PF_KCW,2,5.0,False,,,0.022742987468226287,0.003981763412681802,0.02841530809327547,1.0,True,4.264327935874462,hz400_fixed_step_h20,FIXED_STEP
hz400_h20,400,0.0025,20,50.0,lemniscate_3.csv,PF_KCW,4,10.0,False,,,0.037616188225665835,0.006635589886263446,0.04635636151084601,1.0,True,4.2500025779008865,hz400_fixed_step_h20,FIXED_STEP
hz400_h20,400,0.0025,20,50.0,lemniscate_3.csv,PF_KCW,8,20.0,False,,,0.06715193383526108,0.011945898095061799,0.07962309936451431,0.9979166666666667,True,4.227299943566322,hz400_fixed_step_h20,FIXED_STEP
hz400_h20,400,0.0025,20,50.0,lemniscate_3.csv,PF_KCW,20,50.0,False,,,0.152912919110878,0.028017288078437612,0.16224667093007794,0.9475,True,4.261824443936348,hz400_fixed_step_h20,FIXED_STEP
hz400_h20,400,0.0025,20,50.0,lemniscate_3.csv,PF_KCW,40,100.0,False,,,0.289367398482736,0.05523161471539236,0.2780246992616461,0.7741666666666667,False,4.227593809366226,hz400_fixed_step_h20,FIXED_STEP
hz400_h20,400,0.0025,20,50.0,lemniscate_3.csv,PF_KCW,80,200.0,False,,,0.5328246248455285,0.10921200484370004,0.4848256655354343,0.558125,False,4.23144705593586,hz400_fixed_step_h20,FIXED_STEP
hz400_h20,400,0.0025,20,50.0,lemniscate_3.csv,PF_KCW,200,500.0,True,3538.0,8845.0,1.2255280123262153,0.30153692993286246,0.9295982213355681,0.33958333333333335,False,4.235951773822308,hz400_fixed_step_h20,FIXED_STEP
hz400_h20,400,0.0025,20,50.0,lemniscate_3.csv,PF_KCW,400,1000.0,True,1579.0,3947.5,2.6325438769055864,0.45684242936074154,1.749275880469198,0.20916666666666667,False,4.222397372126579,hz400_fixed_step_h20,FIXED_STEP
hz400_h20,400,0.0025,20,50.0,lemniscate_3.csv,PF_KCW,infinity,,True,1329.0,3322.5,6.994542719831073e+53,0.8598213942446812,7.394775816842384e+53,0.115,False,1.61002167314291,hz400_fixed_step_h20,FIXED_STEP
hz400_h20,400,0.0025,20,50.0,lemniscate_3.csv,J_KCW,1,2.5,False,,,0.004273177306836223,0.002604177159182312,0.01886331806192164,1.0,True,4.31971151381731,hz400_fixed_step_h20,FIXED_STEP
hz400_h20,400,0.0025,20,50.0,lemniscate_3.csv,J_KCW,2,5.0,False,,,0.006424394454271793,0.0039003432386301327,0.028006388200075373,1.0,True,4.291076324880123,hz400_fixed_step_h20,FIXED_STEP
hz400_h20,400,0.0025,20,50.0,lemniscate_3.csv,J_KCW,4,10.0,False,,,0.010781294071178744,0.006499085939459912,0.04574012845691002,1.0,True,4.28406497836113,hz400_fixed_step_h20,FIXED_STEP
hz400_h20,400,0.0025,20,50.0,lemniscate_3.csv,J_KCW,8,20.0,False,,,0.019774331636727382,0.01169107092077968,0.07886146627946351,0.9939583333333334,True,4.280031032860279,hz400_fixed_step_h20,FIXED_STEP
hz400_h20,400,0.0025,20,50.0,lemniscate_3.csv,J_KCW,20,50.0,False,,,0.05029156144681765,0.027468821848063575,0.1626233113940663,0.9279166666666666,True,4.228658922016621,hz400_fixed_step_h20,FIXED_STEP
hz400_h20,400,0.0025,20,50.0,lemniscate_3.csv,J_KCW,40,100.0,False,,,0.11317925510800511,0.05408712110070645,0.2746163885978361,0.7185416666666666,False,4.226327806711197,hz400_fixed_step_h20,FIXED_STEP
hz400_h20,400,0.0025,20,50.0,lemniscate_3.csv,J_KCW,80,200.0,False,,,0.26954906661862615,0.10638842062954475,0.4657918241252083,0.4952083333333333,False,4.233125060796738,hz400_fixed_step_h20,FIXED_STEP
hz400_h20,400,0.0025,20,50.0,lemniscate_3.csv,J_KCW,200,500.0,False,,,1.1304779417596797,0.28144421019189775,0.8498184118459797,0.2704166666666667,False,4.258759096264839,hz400_fixed_step_h20,FIXED_STEP
hz400_h20,400,0.0025,20,50.0,lemniscate_3.csv,J_KCW,400,1000.0,True,1965.0,4912.5,2.638511344483163,0.5195999853877942,1.9625797653245494,0.13791666666666666,False,4.249883629381657,hz400_fixed_step_h20,FIXED_STEP
hz400_h20,400,0.0025,20,50.0,lemniscate_3.csv,J_KCW,infinity,,True,1314.0,3285.0,inf,1.0552875072345818,inf,0.04645833333333333,False,1.9871714264154434,hz400_fixed_step_h20,FIXED_STEP
hz400_h20,400,0.0025,20,50.0,linear_oscillation.csv,PF_KCW,1,2.5,False,,,0.003812774335972959,0.0005288714964100816,0.0068082630432098,1.0,True,4.307835139334202,hz400_fixed_step_h20,FIXED_STEP
hz400_h20,400,0.0025,20,50.0,linear_oscillation.csv,PF_KCW,2,5.0,False,,,0.005685741794886035,0.0007922588808285397,0.010091664631865086,1.0,True,4.338449627161026,hz400_fixed_step_h20,FIXED_STEP
hz400_h20,400,0.0025,20,50.0,linear_oscillation.csv,PF_KCW,4,10.0,False,,,0.009421861480307261,0.0013198302680870928,0.016326798657802673,1.0,True,4.317093633115292,hz400_fixed_step_h20,FIXED_STEP
hz400_h20,400,0.0025,20,50.0,linear_oscillation.csv,PF_KCW,8,20.0,False,,,0.01680052267598773,0.002380323053570475,0.027430629180788594,1.0,True,4.298497833311558,hz400_fixed_step_h20,FIXED_STEP
hz400_h20,400,0.0025,20,50.0,linear_oscillation.csv,PF_KCW,20,50.0,False,,,0.03860284814847327,0.005580921596048678,0.05452647518944932,1.0,True,4.237357147037983,hz400_fixed_step_h20,FIXED_STEP
hz400_h20,400,0.0025,20,50.0,linear_oscillation.csv,PF_KCW,40,100.0,False,,,0.07246138722586862,0.011165128251996604,0.09239959018452136,0.995,True,4.255684964358807,hz400_fixed_step_h20,FIXED_STEP
hz400_h20,400,0.0025,20,50.0,linear_oscillation.csv,PF_KCW,80,200.0,False,,,0.13478262429696938,0.023759333843514394,0.16515402255289383,0.9464583333333333,True,4.2783393412828445,hz400_fixed_step_h20,FIXED_STEP
hz400_h20,400,0.0025,20,50.0,linear_oscillation.csv,PF_KCW,200,500.0,False,,,0.33902902035091853,0.07664157949809434,0.3755033007006553,0.739375,False,4.266125068068504,hz400_fixed_step_h20,FIXED_STEP
hz400_h20,400,0.0025,20,50.0,linear_oscillation.csv,PF_KCW,400,1000.0,True,4762.0,11905.0,0.9688296244183376,0.22522175846473408,0.6683955787618397,0.46479166666666666,False,4.2578766867518425,hz400_fixed_step_h20,FIXED_STEP
hz400_h20,400,0.0025,20,50.0,linear_oscillation.csv,PF_KCW,infinity,,True,1016.0,2540.0,1.7100196990327395e+37,0.7203736814285734,3.1460406105549162e+37,0.08625,False,1.1433181762695312,hz400_fixed_step_h20,FIXED_STEP
hz400_h20,400,0.0025,20,50.0,linear_oscillation.csv,J_KCW,1,2.5,False,,,0.000856678439521776,0.0005657002857220907,0.006447458420491935,1.0,True,4.345453627407551,hz400_fixed_step_h20,FIXED_STEP
hz400_h20,400,0.0025,20,50.0,linear_oscillation.csv,J_KCW,2,5.0,False,,,0.001282820578241583,0.0008474218392376052,0.0095481766585629,1.0,True,4.323343388736248,hz400_fixed_step_h20,FIXED_STEP
hz400_h20,400,0.0025,20,50.0,linear_oscillation.csv,J_KCW,4,10.0,False,,,0.0021360169300218,0.0014120190031022685,0.015391669754045234,1.0,True,4.308294050395489,hz400_fixed_step_h20,FIXED_STEP
hz400_h20,400,0.0025,20,50.0,linear_oscillation.csv,J_KCW,8,20.0,False,,,0.0038347541128378546,0.002545534976496419,0.025731858456541322,1.0,True,4.332460641860962,hz400_fixed_step_h20,FIXED_STEP
hz400_h20,400,0.0025,20,50.0,linear_oscillation.csv,J_KCW,20,50.0,False,,,0.00910319825169338,0.005959456429146171,0.04975915126322955,0.999375,True,4.282692387700081,hz400_fixed_step_h20,FIXED_STEP
hz400_h20,400,0.0025,20,50.0,linear_oscillation.csv,J_KCW,40,100.0,False,,,0.019298263718075172,0.011834362676224156,0.08126530798855383,0.9783333333333334,True,4.279000900685787,hz400_fixed_step_h20,FIXED_STEP
hz400_h20,400,0.0025,20,50.0,linear_oscillation.csv,J_KCW,80,200.0,False,,,0.04970925156851765,0.024703199016706874,0.1393847330312343,0.920625,True,4.289396554231644,hz400_fixed_step_h20,FIXED_STEP
hz400_h20,400,0.0025,20,50.0,linear_oscillation.csv,J_KCW,200,500.0,False,,,0.20582439822320764,0.07314535222379018,0.3192162640116708,0.6325,False,4.2895068898797035,hz400_fixed_step_h20,FIXED_STEP
hz400_h20,400,0.0025,20,50.0,linear_oscillation.csv,J_KCW,400,1000.0,True,4750.0,11875.0,0.6091072314183871,0.18480844812051628,0.5995968986318456,0.3570833333333333,False,4.292500697076321,hz400_fixed_step_h20,FIXED_STEP
hz400_h20,400,0.0025,20,50.0,linear_oscillation.csv,J_KCW,infinity,,True,1081.0,2702.5,1.4537195156646617e+87,0.5553713235504475,1.3107620401102788e+87,0.07125,False,1.1372003331780434,hz400_fixed_step_h20,FIXED_STEP
hz400_h20,400,0.0025,20,50.0,melon_1.csv,PF_KCW,1,2.5,False,,,0.0034737217101781705,0.0007215544542225536,0.005361680075675556,1.0,True,4.311838887631893,hz400_fixed_step_h20,FIXED_STEP
hz400_h20,400,0.0025,20,50.0,melon_1.csv,PF_KCW,2,5.0,False,,,0.005197434019579093,0.001081276031507133,0.007943247184446726,1.0,True,4.264744579792023,hz400_fixed_step_h20,FIXED_STEP
hz400_h20,400,0.0025,20,50.0,melon_1.csv,PF_KCW,4,10.0,False,,,0.008648883330349346,0.0017992138815801698,0.012789240682952707,1.0,True,4.243137821555138,hz400_fixed_step_h20,FIXED_STEP
hz400_h20,400,0.0025,20,50.0,melon_1.csv,PF_KCW,8,20.0,False,,,0.01549342784609412,0.0032264133670729185,0.021277697891755078,1.0,True,4.211201719939709,hz400_fixed_step_h20,FIXED_STEP
hz400_h20,400,0.0025,20,50.0,melon_1.csv,PF_KCW,20,50.0,False,,,0.03592686337228697,0.007478709075424908,0.04069354625475124,1.0,True,4.215859770774841,hz400_fixed_step_h20,FIXED_STEP
hz400_h20,400,0.0025,20,50.0,melon_1.csv,PF_KCW,40,100.0,False,,,0.06976900762497114,0.014328468853304304,0.06532674573004797,0.9939583333333334,True,4.204138211905956,hz400_fixed_step_h20,FIXED_STEP
hz400_h20,400,0.0025,20,50.0,melon_1.csv,PF_KCW,80,200.0,False,,,0.13635796109533876,0.028194953266541378,0.10605853538078078,0.9495833333333333,True,4.2174612656235695,hz400_fixed_step_h20,FIXED_STEP
hz400_h20,400,0.0025,20,50.0,melon_1.csv,PF_KCW,200,500.0,False,,,0.35341290471479864,0.06833131592127945,0.2320506937021639,0.773125,False,4.215149007737637,hz400_fixed_step_h20,FIXED_STEP
hz400_h20,400,0.0025,20,50.0,melon_1.csv,PF_KCW,400,1000.0,False,,,0.77221042921682,0.14429455353389858,0.4224116964357455,0.5275,False,4.210596919059753,hz400_fixed_step_h20,FIXED_STEP
hz400_h20,400,0.0025,20,50.0,melon_1.csv,PF_KCW,infinity,,True,1839.0,4597.5,1.2912204633029887e+50,1.3398627167669426,1.3623097258366376e+50,0.18583333333333332,False,3.1178954020142555,hz400_fixed_step_h20,FIXED_STEP
hz400_h20,400,0.0025,20,50.0,melon_1.csv,J_KCW,1,2.5,False,,,0.0015528974120277497,0.0008235853383673079,0.005352846482527304,1.0,True,4.312007077038288,hz400_fixed_step_h20,FIXED_STEP
hz400_h20,400,0.0025,20,50.0,melon_1.csv,J_KCW,2,5.0,False,,,0.0023236447258043235,0.0012337406803378233,0.007934271061013411,1.0,True,4.301328994333744,hz400_fixed_step_h20,FIXED_STEP
hz400_h20,400,0.0025,20,50.0,melon_1.csv,J_KCW,4,10.0,False,,,0.0038528731601438007,0.002052837144511828,0.012787041546996659,1.0,True,4.300497092306614,hz400_fixed_step_h20,FIXED_STEP
hz400_h20,400,0.0025,20,50.0,melon_1.csv,J_KCW,8,20.0,False,,,0.006857447341031842,0.003681340571184902,0.02126236307009461,1.0,True,4.255043491721153,hz400_fixed_step_h20,FIXED_STEP
hz400_h20,400,0.0025,20,50.0,melon_1.csv,J_KCW,20,50.0,False,,,0.015447102057195764,0.008521372778813784,0.04076991539672337,0.9920833333333333,True,4.227230593562126,hz400_fixed_step_h20,FIXED_STEP
hz400_h20,400,0.0025,20,50.0,melon_1.csv,J_KCW,40,100.0,False,,,0.02894157097036608,0.016348560184612525,0.06583452142677328,0.9564583333333333,True,4.239928744733334,hz400_fixed_step_h20,FIXED_STEP
hz400_h20,400,0.0025,20,50.0,melon_1.csv,J_KCW,80,200.0,False,,,0.05817063107445731,0.032103843679787976,0.10722597388406489,0.8783333333333333,False,4.255346827208996,hz400_fixed_step_h20,FIXED_STEP
hz400_h20,400,0.0025,20,50.0,melon_1.csv,J_KCW,200,500.0,False,,,0.18240013922159048,0.0777951313873826,0.23923031594395677,0.66375,False,4.2448385283350945,hz400_fixed_step_h20,FIXED_STEP
hz400_h20,400,0.0025,20,50.0,melon_1.csv,J_KCW,400,1000.0,False,,,0.5555446349238783,0.1597049253991595,0.377292874728628,0.3672916666666667,False,4.238532684743404,hz400_fixed_step_h20,FIXED_STEP
hz400_h20,400,0.0025,20,50.0,melon_1.csv,J_KCW,infinity,,True,1936.0,4840.0,6.610065123374771e+57,1.221309526766925,5.6043934897988835e+57,0.043541666666666666,False,3.8624886348843575,hz400_fixed_step_h20,FIXED_STEP
hz400_h20,400,0.0025,20,50.0,melon_2.csv,PF_KCW,1,2.5,False,,,0.0034023129280331362,0.001106244401000149,0.005476929871828424,1.0,True,4.322591871023178,hz400_fixed_step_h20,FIXED_STEP
hz400_h20,400,0.0025,20,50.0,melon_2.csv,PF_KCW,2,5.0,False,,,0.005089713048904137,0.001657955946855014,0.008118996030298262,1.0,True,4.2995666190981865,hz400_fixed_step_h20,FIXED_STEP
hz400_h20,400,0.0025,20,50.0,melon_2.csv,PF_KCW,4,10.0,False,,,0.008459743961304313,0.002758195455230688,0.013098965966568874,1.0,True,4.274588391184807,hz400_fixed_step_h20,FIXED_STEP
hz400_h20,400,0.0025,20,50.0,melon_2.csv,PF_KCW,8,20.0,False,,,0.015167897065773248,0.004944545840425024,0.02196832615016285,1.0,True,4.236295610666275,hz400_fixed_step_h20,FIXED_STEP
hz400_h20,400,0.0025,20,50.0,melon_2.csv,PF_KCW,20,50.0,False,,,0.03511022491105343,0.011435220956152738,0.04237323180180631,1.0,True,4.225812017917633,hz400_fixed_step_h20,FIXED_STEP
hz400_h20,400,0.0025,20,50.0,melon_2.csv,PF_KCW,40,100.0,False,,,0.06798354826392418,0.02207570443535414,0.06789804787529628,0.983125,True,4.222107470035553,hz400_fixed_step_h20,FIXED_STEP
hz400_h20,400,0.0025,20,50.0,melon_2.csv,PF_KCW,80,200.0,False,,,0.1369135509304085,0.042839969765865966,0.11895277313762112,0.915625,True,4.224801585078239,hz400_fixed_step_h20,FIXED_STEP
hz400_h20,400,0.0025,20,50.0,melon_2.csv,PF_KCW,200,500.0,False,,,0.39704842151863695,0.10445283710799369,0.2837270939670101,0.7302083333333333,False,4.213975124061108,hz400_fixed_step_h20,FIXED_STEP
hz400_h20,400,0.0025,20,50.0,melon_2.csv,PF_KCW,400,1000.0,True,4789.0,11972.5,0.9351576570776267,0.2121664192382909,0.5104357474573628,0.51125,False,4.220862790942192,hz400_fixed_step_h20,FIXED_STEP
hz400_h20,400,0.0025,20,50.0,melon_2.csv,PF_KCW,infinity,,True,1412.0,3530.0,5.318173307967426e+84,1.6862413634176348,7.075623279569409e+84,0.09333333333333334,False,3.5431832894682884,hz400_fixed_step_h20,FIXED_STEP
hz400_h20,400,0.0025,20,50.0,melon_2.csv,J_KCW,1,2.5,False,,,0.002325958772908128,0.001174771805773647,0.005346377408035282,1.0,True,4.317257724702358,hz400_fixed_step_h20,FIXED_STEP
hz400_h20,400,0.0025,20,50.0,melon_2.csv,J_KCW,2,5.0,False,,,0.003485864373630221,0.0017606234428088007,0.007925818834063507,1.0,True,4.277946934103966,hz400_fixed_step_h20,FIXED_STEP
hz400_h20,400,0.0025,20,50.0,melon_2.csv,J_KCW,4,10.0,False,,,0.005799320197514635,0.0029296377995389616,0.012773824569186397,1.0,True,4.3017397820949554,hz400_fixed_step_h20,FIXED_STEP
hz400_h20,400,0.0025,20,50.0,melon_2.csv,J_KCW,8,20.0,False,,,0.01040086915748972,0.005252480725628564,0.021336122101651357,1.0,True,4.2734275460243225,hz400_fixed_step_h20,FIXED_STEP
hz400_h20,400,0.0025,20,50.0,melon_2.csv,J_KCW,20,50.0,False,,,0.02399582078005273,0.012158579964711026,0.04056269352610101,0.9879166666666667,True,4.25234168022871,hz400_fixed_step_h20,FIXED_STEP
hz400_h20,400,0.0025,20,50.0,melon_2.csv,J_KCW,40,100.0,False,,,0.04672794657472534,0.0234936710106313,0.06446385001855645,0.9108333333333334,True,4.265692710876465,hz400_fixed_step_h20,FIXED_STEP
hz400_h20,400,0.0025,20,50.0,melon_2.csv,J_KCW,80,200.0,False,,,0.09314171459083845,0.04578967137111662,0.10772967697727633,0.7958333333333333,False,4.275404937565327,hz400_fixed_step_h20,FIXED_STEP
hz400_h20,400,0.0025,20,50.0,melon_2.csv,J_KCW,200,500.0,False,,,0.26407364037645464,0.11336787319912031,0.22552331382794036,0.49583333333333335,False,4.276350803673267,hz400_fixed_step_h20,FIXED_STEP
hz400_h20,400,0.0025,20,50.0,melon_2.csv,J_KCW,400,1000.0,True,4745.0,11862.5,0.6873693007079459,0.22519789954520136,0.4134607578289812,0.265625,False,4.268998086452484,hz400_fixed_step_h20,FIXED_STEP
hz400_h20,400,0.0025,20,50.0,melon_2.csv,J_KCW,infinity,,True,1544.0,3860.0,inf,1.0971335466515986,inf,0.019583333333333335,False,2.329198308289051,hz400_fixed_step_h20,FIXED_STEP
hz400_h20,400,0.0025,20,50.0,race_track_1.csv,PF_KCW,1,2.5,False,,,0.010479856426794738,0.0022480021583707053,0.017276501429450242,1.0,True,4.302902452647686,hz400_fixed_step_h20,FIXED_STEP
hz400_h20,400,0.0025,20,50.0,race_track_1.csv,PF_KCW,2,5.0,False,,,0.01568285861861084,0.003369968659066737,0.025720686770517313,1.0,True,4.301895052194595,hz400_fixed_step_h20,FIXED_STEP
hz400_h20,400,0.0025,20,50.0,race_track_1.csv,PF_KCW,4,10.0,False,,,0.026079855733901796,0.005616252339637093,0.04222503643494973,0.9995833333333334,True,4.25483575463295,hz400_fixed_step_h20,FIXED_STEP
hz400_h20,400,0.0025,20,50.0,race_track_1.csv,PF_KCW,8,20.0,False,,,0.046827381545453295,0.010113362340363584,0.07304698656341092,0.995625,True,4.23976556956768,hz400_fixed_step_h20,FIXED_STEP
hz400_h20,400,0.0025,20,50.0,race_track_1.csv,PF_KCW,20,50.0,False,,,0.10903005219866159,0.023647566764461305,0.15954757689868132,0.9625,True,4.209393836557865,hz400_fixed_step_h20,FIXED_STEP
hz400_h20,400,0.0025,20,50.0,race_track_1.csv,PF_KCW,40,100.0,False,,,0.2145111253207819,0.046643587345185145,0.2695368017671948,0.8883333333333333,False,4.210495926439762,hz400_fixed_step_h20,FIXED_STEP
hz400_h20,400,0.0025,20,50.0,race_track_1.csv,PF_KCW,80,200.0,False,,,0.435280588308965,0.09324615997543857,0.470986880948901,0.6589583333333333,False,4.269489996135235,hz400_fixed_step_h20,FIXED_STEP
hz400_h20,400,0.0025,20,50.0,race_track_1.csv,PF_KCW,200,500.0,True,2763.0,6907.5,1.1410196559193297,0.2568558692349571,1.0182509313198513,0.3491666666666667,False,4.2132145166397095,hz400_fixed_step_h20,FIXED_STEP
hz400_h20,400,0.0025,20,50.0,race_track_1.csv,PF_KCW,400,1000.0,True,1108.0,2770.0,2.82327725663581,0.6544714846679472,1.9393115713447655,0.23104166666666667,False,4.203640766441822,hz400_fixed_step_h20,FIXED_STEP
hz400_h20,400,0.0025,20,50.0,race_track_1.csv,PF_KCW,infinity,,True,935.0,2337.5,7.289392553979735e+34,0.8415633224258493,8.66687579797358e+34,0.09854166666666667,False,1.2562248781323433,hz400_fixed_step_h20,FIXED_STEP
hz400_h20,400,0.0025,20,50.0,race_track_1.csv,J_KCW,1,2.5,False,,,0.0042868283417429875,0.0021523009144247054,0.017334575711461023,1.0,True,4.3345639035105705,hz400_fixed_step_h20,FIXED_STEP
hz400_h20,400,0.0025,20,50.0,race_track_1.csv,J_KCW,2,5.0,False,,,0.006435545857908364,0.0032247898835844613,0.025828351991954174,1.0,True,4.331299006938934,hz400_fixed_step_h20,FIXED_STEP
hz400_h20,400,0.0025,20,50.0,race_track_1.csv,J_KCW,4,10.0,False,,,0.010757658499151881,0.0053731195823718885,0.04246263404493367,0.9997916666666666,True,4.322953447699547,hz400_fixed_step_h20,FIXED_STEP
hz400_h20,400,0.0025,20,50.0,race_track_1.csv,J_KCW,8,20.0,False,,,0.019514282431411387,0.009676338311454884,0.07352551065242208,0.9927083333333333,True,4.287529915571213,hz400_fixed_step_h20,FIXED_STEP
hz400_h20,400,0.0025,20,50.0,race_track_1.csv,J_KCW,20,50.0,False,,,0.04623017455991966,0.02272810587990761,0.15969981802546512,0.9154166666666667,True,4.252428241074085,hz400_fixed_step_h20,FIXED_STEP
hz400_h20,400,0.0025,20,50.0,race_track_1.csv,J_KCW,40,100.0,False,,,0.09598877100667463,0.04495474064004511,0.26949656378761394,0.753125,False,4.247899062931538,hz400_fixed_step_h20,FIXED_STEP
hz400_h20,400,0.0025,20,50.0,race_track_1.csv,J_KCW,80,200.0,False,,,0.23048037417602213,0.0909926485505528,0.4659506866153551,0.5122916666666667,False,4.256763994693756,hz400_fixed_step_h20,FIXED_STEP
hz400_h20,400,0.0025,20,50.0,race_track_1.csv,J_KCW,200,500.0,True,2758.0,6895.0,0.8796836733524693,0.25270387588040905,1.0246954335656464,0.27479166666666666,False,4.239081762731075,hz400_fixed_step_h20,FIXED_STEP
hz400_h20,400,0.0025,20,50.0,race_track_1.csv,J_KCW,400,1000.0,True,1827.0,4567.5,1.8793978005351877,0.6369133923404589,2.012124107205988,0.15604166666666666,False,4.2457589879632,hz400_fixed_step_h20,FIXED_STEP
hz400_h20,400,0.0025,20,50.0,race_track_1.csv,J_KCW,infinity,,True,935.0,2337.5,1.1147569491460483e+137,1.3397478537312668,1.7113605420316929e+137,0.041666666666666664,False,1.5977574810385704,hz400_fixed_step_h20,FIXED_STEP
hz400_h20,400,0.0025,20,50.0,race_track_2.csv,PF_KCW,1,2.5,False,,,0.018243659451724993,0.0035901322216194626,0.026127404484294535,1.0,True,4.299528189003468,hz400_fixed_step_h20,FIXED_STEP
hz400_h20,400,0.0025,20,50.0,race_track_2.csv,PF_KCW,2,5.0,False,,,0.02724629487463369,0.0053810526626355696,0.038892207846512865,1.0,True,4.264839842915535,hz400_fixed_step_h20,FIXED_STEP
hz400_h20,400,0.0025,20,50.0,race_track_2.csv,PF_KCW,4,10.0,False,,,0.04530727535924365,0.008950582719886586,0.06374645646110035,0.9997916666666666,True,4.246560618281364,hz400_fixed_step_h20,FIXED_STEP
hz400_h20,400,0.0025,20,50.0,race_track_2.csv,PF_KCW,8,20.0,False,,,0.08139543975807362,0.01611047783110961,0.1109798660006994,0.9885416666666667,True,4.250788740813732,hz400_fixed_step_h20,FIXED_STEP
hz400_h20,400,0.0025,20,50.0,race_track_2.csv,PF_KCW,20,50.0,False,,,0.18953744867874045,0.03748351972214209,0.23698685699196667,0.88125,False,4.222355850040913,hz400_fixed_step_h20,FIXED_STEP
hz400_h20,400,0.0025,20,50.0,race_track_2.csv,PF_KCW,40,100.0,False,,,0.36136480333053267,0.07191064256813477,0.37671490719590084,0.7085416666666666,False,4.214163064956665,hz400_fixed_step_h20,FIXED_STEP
hz400_h20,400,0.0025,20,50.0,race_track_2.csv,PF_KCW,80,200.0,False,,,0.6981875720050387,0.1387997277533978,0.6455220366310088,0.44666666666666666,False,4.228717394173145,hz400_fixed_step_h20,FIXED_STEP
hz400_h20,400,0.0025,20,50.0,race_track_2.csv,PF_KCW,200,500.0,False,,,1.662345849565964,0.34503613565437474,1.3387504049400354,0.243125,False,4.226079560816288,hz400_fixed_step_h20,FIXED_STEP
hz400_h20,400,0.0025,20,50.0,race_track_2.csv,PF_KCW,400,1000.0,True,1055.0,2637.5,3.861232080836159,0.6486425537055901,2.2058224869211114,0.1575,False,4.23271007090807,hz400_fixed_step_h20,FIXED_STEP
hz400_h20,400,0.0025,20,50.0,race_track_2.csv,PF_KCW,infinity,,True,948.0,2370.0,1.5348304795564442e+143,0.9914255420835367,1.7068085826039475e+143,0.06395833333333334,False,1.3924788162112236,hz400_fixed_step_h20,FIXED_STEP
hz400_h20,400,0.0025,20,50.0,race_track_2.csv,J_KCW,1,2.5,False,,,0.006241154042049832,0.0035507358026291495,0.026107406324277646,1.0,True,4.3187606409192085,hz400_fixed_step_h20,FIXED_STEP
hz400_h20,400,0.0025,20,50.0,race_track_2.csv,J_KCW,2,5.0,False,,,0.00936123676502401,0.005319650737871145,0.038905685890465426,1.0,True,4.29816398024559,hz400_fixed_step_h20,FIXED_STEP
hz400_h20,400,0.0025,20,50.0,race_track_2.csv,J_KCW,4,10.0,False,,,0.015644526180702625,0.008851303786627024,0.06388970772484129,0.9995833333333334,True,4.30510551482439,hz400_fixed_step_h20,FIXED_STEP
hz400_h20,400,0.0025,20,50.0,race_track_2.csv,J_KCW,8,20.0,False,,,0.028344155053812433,0.015947147656433545,0.11106999074476574,0.9870833333333333,True,4.301181845366955,hz400_fixed_step_h20,FIXED_STEP
hz400_h20,400,0.0025,20,50.0,race_track_2.csv,J_KCW,20,50.0,False,,,0.06995771302078671,0.03719051534129439,0.24158904546668813,0.8270833333333333,False,4.304115511476994,hz400_fixed_step_h20,FIXED_STEP
hz400_h20,400,0.0025,20,50.0,race_track_2.csv,J_KCW,40,100.0,False,,,0.1405187401991873,0.07187891197284033,0.3872321751379871,0.61125,False,4.301125213503838,hz400_fixed_step_h20,FIXED_STEP
hz400_h20,400,0.0025,20,50.0,race_track_2.csv,J_KCW,80,200.0,False,,,0.3223129644860731,0.1387455015238932,0.6536988912407786,0.40291666666666665,False,4.286433063447475,hz400_fixed_step_h20,FIXED_STEP
hz400_h20,400,0.0025,20,50.0,race_track_2.csv,J_KCW,200,500.0,True,2365.0,5912.5,1.1748731009052586,0.3537630604103583,1.323437649332374,0.21479166666666666,False,4.303259640932083,hz400_fixed_step_h20,FIXED_STEP
hz400_h20,400,0.0025,20,50.0,race_track_2.csv,J_KCW,400,1000.0,True,1073.0,2682.5,3.0316580618413815,0.7592296850218883,2.705892358429373,0.14020833333333332,False,4.303150534629822,hz400_fixed_step_h20,FIXED_STEP
hz400_h20,400,0.0025,20,50.0,race_track_2.csv,J_KCW,infinity,,True,943.0,2357.5,3.5260247821334104e+108,1.6626210891530508,2.7608923020516747e+108,0.051875,False,2.3555680736899376,hz400_fixed_step_h20,FIXED_STEP
hz400_h20,400,0.0025,20,50.0,random_points.csv,PF_KCW,1,2.5,False,,,0.0035081108612855603,0.0007409242314866234,0.00346562347498393,1.0,True,4.307686030864716,hz400_fixed_step_h20,FIXED_STEP
hz400_h20,400,0.0025,20,50.0,random_points.csv,PF_KCW,2,5.0,False,,,0.0052544638018168065,0.0011105760775035787,0.005129336470713697,1.0,True,4.296162270009518,hz400_fixed_step_h20,FIXED_STEP
hz400_h20,400,0.0025,20,50.0,random_points.csv,PF_KCW,4,10.0,False,,,0.008756481065895532,0.0018482951659173526,0.008242120819812505,1.0,True,4.257068872451782,hz400_fixed_step_h20,FIXED_STEP
hz400_h20,400,0.0025,20,50.0,random_points.csv,PF_KCW,8,20.0,False,,,0.01578178675072122,0.0033179264443960422,0.013442535947748968,1.0,True,4.2242013812065125,hz400_fixed_step_h20,FIXED_STEP
hz400_h20,400,0.0025,20,50.0,random_points.csv,PF_KCW,20,50.0,False,,,0.036855541775546216,0.007681166712422966,0.0249759731139241,1.0,True,4.216847777366638,hz400_fixed_step_h20,FIXED_STEP
hz400_h20,400,0.0025,20,50.0,random_points.csv,PF_KCW,40,100.0,False,,,0.07243156442144279,0.014928383601663793,0.03708127703829962,1.0,True,4.224156841635704,hz400_fixed_step_h20,FIXED_STEP
hz400_h20,400,0.0025,20,50.0,random_points.csv,PF_KCW,80,200.0,False,,,0.14591667816251788,0.02909483837026435,0.06148668291090797,0.999375,True,4.2255682945251465,hz400_fixed_step_h20,FIXED_STEP
hz400_h20,400,0.0025,20,50.0,random_points.csv,PF_KCW,200,500.0,False,,,0.4065513457419394,0.0709913956286033,0.14626564657070176,0.685625,False,4.222941227257252,hz400_fixed_step_h20,FIXED_STEP
hz400_h20,400,0.0025,20,50.0,random_points.csv,PF_KCW,400,1000.0,False,,,1.010136682598008,0.14104447262301373,0.3429467677471971,0.3539583333333333,False,4.22905371338129,hz400_fixed_step_h20,FIXED_STEP
hz400_h20,400,0.0025,20,50.0,random_points.csv,PF_KCW,infinity,,True,1294.0,3235.0,2.6691981757978914e+90,1.0618355943190614,3.034542743199586e+90,0.044375,False,1.9144210442900658,hz400_fixed_step_h20,FIXED_STEP
hz400_h20,400,0.0025,20,50.0,random_points.csv,J_KCW,1,2.5,False,,,0.0014866519788033087,0.0007573777970522951,0.0037772399641049946,1.0,True,4.28839073330164,hz400_fixed_step_h20,FIXED_STEP
hz400_h20,400,0.0025,20,50.0,random_points.csv,J_KCW,2,5.0,False,,,0.00222811928013742,0.001135373759744865,0.005606521451660204,1.0,True,4.322657890617847,hz400_fixed_step_h20,FIXED_STEP
hz400_h20,400,0.0025,20,50.0,random_points.csv,J_KCW,4,10.0,False,,,0.0037077073021953718,0.0018891391627384416,0.009052313749462405,1.0,True,4.258107095956802,hz400_fixed_step_h20,FIXED_STEP
hz400_h20,400,0.0025,20,50.0,random_points.csv,J_KCW,8,20.0,False,,,0.006649777515037147,0.0033915240786107984,0.014905859303890066,1.0,True,4.239365227520466,hz400_fixed_step_h20,FIXED_STEP
hz400_h20,400,0.0025,20,50.0,random_points.csv,J_KCW,20,50.0,False,,,0.01540862542782777,0.007846763511710805,0.02789336733988387,1.0,True,4.245412029325962,hz400_fixed_step_h20,FIXED_STEP
hz400_h20,400,0.0025,20,50.0,random_points.csv,J_KCW,40,100.0,False,,,0.030206480906434467,0.015249790937855773,0.041512282517005374,1.0,True,4.251667641103268,hz400_fixed_step_h20,FIXED_STEP
hz400_h20,400,0.0025,20,50.0,random_points.csv,J_KCW,80,200.0,False,,,0.061783206696768074,0.02982522896765688,0.06056270666140755,0.9716666666666667,True,4.242389410734177,hz400_fixed_step_h20,FIXED_STEP
hz400_h20,400,0.0025,20,50.0,random_points.csv,J_KCW,200,500.0,False,,,0.1788645068461158,0.07367766605139218,0.12156652852930387,0.41875,False,4.239322625100613,hz400_fixed_step_h20,FIXED_STEP
hz400_h20,400,0.0025,20,50.0,random_points.csv,J_KCW,400,1000.0,False,,,0.46031276390969195,0.1412517830625022,0.21652215411559753,0.21270833333333333,False,4.240830883383751,hz400_fixed_step_h20,FIXED_STEP
hz400_h20,400,0.0025,20,50.0,random_points.csv,J_KCW,infinity,,True,1804.0,4510.0,4.452946044651676,1.061643126420565,2.0615341600890558,0.016666666666666666,False,4.328608073294163,hz400_fixed_step_h20,FIXED_STEP
hz400_h20,400,0.0025,20,50.0,slanted_circle_1.csv,PF_KCW,1,2.5,False,,,0.0028585714450423817,0.0005494079884239338,0.003237125279554462,1.0,True,4.3131482899188995,hz400_fixed_step_h20,FIXED_STEP
hz400_h20,400,0.0025,20,50.0,slanted_circle_1.csv,PF_KCW,2,5.0,False,,,0.004270592803657278,0.0008227483098777256,0.004773449287324745,1.0,True,4.280318647623062,hz400_fixed_step_h20,FIXED_STEP
hz400_h20,400,0.0025,20,50.0,slanted_circle_1.csv,PF_KCW,4,10.0,False,,,0.0070992494082974585,0.0013676071637469382,0.007617279043505666,1.0,True,4.234962187707424,hz400_fixed_step_h20,FIXED_STEP
hz400_h20,400,0.0025,20,50.0,slanted_circle_1.csv,PF_KCW,8,20.0,False,,,0.012739294725141497,0.002452002403636834,0.012286818238770808,1.0,True,4.249478206038475,hz400_fixed_step_h20,FIXED_STEP
hz400_h20,400,0.0025,20,50.0,slanted_circle_1.csv,PF_KCW,20,50.0,False,,,0.02955810476330991,0.005642027800817964,0.022539272471662094,1.0,True,4.227317191660404,hz400_fixed_step_h20,FIXED_STEP
hz400_h20,400,0.0025,20,50.0,slanted_circle_1.csv,PF_KCW,40,100.0,False,,,0.05825932874103036,0.010873835527979615,0.036524241394322934,1.0,True,4.2237700670957565,hz400_fixed_step_h20,FIXED_STEP
hz400_h20,400,0.0025,20,50.0,slanted_circle_1.csv,PF_KCW,80,200.0,False,,,0.12032990002617311,0.02110998379446597,0.0634804368997062,1.0,True,4.209686242043972,hz400_fixed_step_h20,FIXED_STEP
hz400_h20,400,0.0025,20,50.0,slanted_circle_1.csv,PF_KCW,200,500.0,False,,,0.3342874762959627,0.05107681794859615,0.15103989445878366,0.7941666666666667,False,4.204008109867573,hz400_fixed_step_h20,FIXED_STEP
hz400_h20,400,0.0025,20,50.0,slanted_circle_1.csv,PF_KCW,400,1000.0,False,,,0.8072348662546782,0.10982694174743926,0.33959684325854245,0.41770833333333335,False,4.210286945104599,hz400_fixed_step_h20,FIXED_STEP
hz400_h20,400,0.0025,20,50.0,slanted_circle_1.csv,PF_KCW,infinity,,True,1143.0,2857.5,2.487617434047255e+88,1.2842632780504406,2.6646685703114828e+88,0.024375,False,1.8165301457047462,hz400_fixed_step_h20,FIXED_STEP
hz400_h20,400,0.0025,20,50.0,slanted_circle_1.csv,J_KCW,1,2.5,False,,,0.0006304231856868121,0.000410414625580873,0.0033146038477703194,1.0,True,4.328975148499012,hz400_fixed_step_h20,FIXED_STEP
hz400_h20,400,0.0025,20,50.0,slanted_circle_1.csv,J_KCW,2,5.0,False,,,0.00094267760731324,0.0006139943696584979,0.004901114810636011,1.0,True,4.285414353013039,hz400_fixed_step_h20,FIXED_STEP
hz400_h20,400,0.0025,20,50.0,slanted_circle_1.csv,J_KCW,4,10.0,False,,,0.001562477654640585,0.0010192814675871722,0.00784345628664089,1.0,True,4.266867995262146,hz400_fixed_step_h20,FIXED_STEP
hz400_h20,400,0.0025,20,50.0,slanted_circle_1.csv,J_KCW,8,20.0,False,,,0.002774580311067634,0.0018207014906609165,0.012793190103868923,1.0,True,4.269751012325287,hz400_fixed_step_h20,FIXED_STEP
hz400_h20,400,0.0025,20,50.0,slanted_circle_1.csv,J_KCW,20,50.0,False,,,0.005911621567223221,0.004165125451560188,0.02360062558671795,1.0,True,4.266864024102688,hz400_fixed_step_h20,FIXED_STEP
hz400_h20,400,0.0025,20,50.0,slanted_circle_1.csv,J_KCW,40,100.0,False,,,0.010783949985017803,0.00800601888576989,0.03819481211462956,1.0,True,4.251128889620304,hz400_fixed_step_h20,FIXED_STEP
hz400_h20,400,0.0025,20,50.0,slanted_circle_1.csv,J_KCW,80,200.0,False,,,0.02196515813502851,0.015550012496241935,0.06249338770829729,0.9966666666666667,True,4.254034303128719,hz400_fixed_step_h20,FIXED_STEP
hz400_h20,400,0.0025,20,50.0,slanted_circle_1.csv,J_KCW,200,500.0,False,,,0.07236039475894004,0.03725043616799764,0.13698903030083462,0.8441666666666666,False,4.272483080625534,hz400_fixed_step_h20,FIXED_STEP
hz400_h20,400,0.0025,20,50.0,slanted_circle_1.csv,J_KCW,400,1000.0,False,,,0.22489096671105932,0.07975022555675722,0.26261900878553535,0.49020833333333336,False,4.271474771201611,hz400_fixed_step_h20,FIXED_STEP
hz400_h20,400,0.0025,20,50.0,slanted_circle_1.csv,J_KCW,infinity,,True,1840.0,4600.0,inf,1.26406514721536,inf,0.04770833333333333,False,3.142605349421501,hz400_fixed_step_h20,FIXED_STEP
hz400_h20,400,0.0025,20,50.0,slanted_circle_2.csv,PF_KCW,1,2.5,False,,,0.005262847725257155,0.001024742441303937,0.0039786453286811225,1.0,True,4.295530155301094,hz400_fixed_step_h20,FIXED_STEP
hz400_h20,400,0.0025,20,50.0,slanted_circle_2.csv,PF_KCW,2,5.0,False,,,0.007883385658528324,0.0015357291301373,0.0058924201573373495,1.0,True,4.239099375903606,hz400_fixed_step_h20,FIXED_STEP
hz400_h20,400,0.0025,20,50.0,slanted_circle_2.csv,PF_KCW,4,10.0,False,,,0.013132610271494462,0.0025561407552406714,0.009465256609113586,1.0,True,4.217413574457169,hz400_fixed_step_h20,FIXED_STEP
hz400_h20,400,0.0025,20,50.0,slanted_circle_2.csv,PF_KCW,8,20.0,False,,,0.023631977394166868,0.004587588477015161,0.015470388306843998,1.0,True,4.202056430280209,hz400_fixed_step_h20,FIXED_STEP
hz400_h20,400,0.0025,20,50.0,slanted_circle_2.csv,PF_KCW,20,50.0,False,,,0.05536044693876143,0.010614211086786575,0.028095054373393213,1.0,True,4.213075511157513,hz400_fixed_step_h20,FIXED_STEP
hz400_h20,400,0.0025,20,50.0,slanted_circle_2.csv,PF_KCW,40,100.0,False,,,0.10910135852694325,0.020442178583607813,0.04498677096389127,0.970625,True,4.205185078084469,hz400_fixed_step_h20,FIXED_STEP
hz400_h20,400,0.0025,20,50.0,slanted_circle_2.csv,PF_KCW,80,200.0,False,,,0.22503719096141675,0.039530258260713554,0.07242315446318767,0.8922916666666667,False,4.201761707663536,hz400_fixed_step_h20,FIXED_STEP
hz400_h20,400,0.0025,20,50.0,slanted_circle_2.csv,PF_KCW,200,500.0,False,,,0.6516584133298883,0.09066742732114946,0.21543949260709647,0.6725,False,4.187288857996464,hz400_fixed_step_h20,FIXED_STEP
hz400_h20,400,0.0025,20,50.0,slanted_circle_2.csv,PF_KCW,400,1000.0,False,,,1.4312570335828338,0.15073794188571216,0.61952728127627,0.36,False,4.19997863471508,hz400_fixed_step_h20,FIXED_STEP
hz400_h20,400,0.0025,20,50.0,slanted_circle_2.csv,PF_KCW,infinity,,True,1402.0,3505.0,6.495564332117788e+80,0.9807045941830556,1.3698944347299844e+81,0.03666666666666667,False,2.0026614740490913,hz400_fixed_step_h20,FIXED_STEP
hz400_h20,400,0.0025,20,50.0,slanted_circle_2.csv,J_KCW,1,2.5,False,,,0.0012700239829587076,0.0012694305971193713,0.00485713060241834,1.0,True,4.327028192579746,hz400_fixed_step_h20,FIXED_STEP
hz400_h20,400,0.0025,20,50.0,slanted_circle_2.csv,J_KCW,2,5.0,False,,,0.001902702894201654,0.0019021267302578178,0.007222532559187386,1.0,True,4.245574653148651,hz400_fixed_step_h20,FIXED_STEP
hz400_h20,400,0.0025,20,50.0,slanted_circle_2.csv,J_KCW,4,10.0,False,,,0.003165123355655125,0.003164467504588755,0.011712934384238111,1.0,True,4.2635403499007225,hz400_fixed_step_h20,FIXED_STEP
hz400_h20,400,0.0025,20,50.0,slanted_circle_2.csv,J_KCW,8,20.0,False,,,0.0056789264735076,0.005673702848322497,0.01971273971098799,1.0,True,4.247463151812553,hz400_fixed_step_h20,FIXED_STEP
hz400_h20,400,0.0025,20,50.0,slanted_circle_2.csv,J_KCW,20,50.0,False,,,0.013187657187045515,0.013091429075009906,0.03858233648008535,0.999375,True,4.245158322155476,hz400_fixed_step_h20,FIXED_STEP
hz400_h20,400,0.0025,20,50.0,slanted_circle_2.csv,J_KCW,40,100.0,False,,,0.026647539852751385,0.025024041214595172,0.06536232940582916,0.9529166666666666,True,4.232167303562164,hz400_fixed_step_h20,FIXED_STEP
hz400_h20,400,0.0025,20,50.0,slanted_circle_2.csv,J_KCW,80,200.0,False,,,0.05600784314414225,0.04781360429259941,0.10511477701049983,0.8810416666666666,False,4.24575037509203,hz400_fixed_step_h20,FIXED_STEP
hz400_h20,400,0.0025,20,50.0,slanted_circle_2.csv,J_KCW,200,500.0,False,,,0.22405013568403986,0.10994774681951479,0.2350590445165105,0.6341666666666667,False,4.244968168437481,hz400_fixed_step_h20,FIXED_STEP
hz400_h20,400,0.0025,20,50.0,slanted_circle_2.csv,J_KCW,400,1000.0,False,,,0.6953701887857945,0.1968330466929616,0.4147284719289304,0.35770833333333335,False,4.258823856711388,hz400_fixed_step_h20,FIXED_STEP
hz400_h20,400,0.0025,20,50.0,slanted_circle_2.csv,J_KCW,infinity,,True,4147.0,10367.5,4.3553587142919135,0.9296800787046542,3.7796760516569643,0.022916666666666665,False,4.2999898716807365,hz400_fixed_step_h20,FIXED_STEP
hz400_h80,400,0.0025,80,200.0,ellipse.csv,PF_KCW,1,2.5,False,,,0.012846520966689406,0.002249151511526961,0.009566788797710198,1.0,True,4.326574258506298,hz400_fixed_time_h80,FIXED_TIME
hz400_h80,400,0.0025,80,200.0,ellipse.csv,PF_KCW,2,5.0,False,,,0.019205884239937486,0.0033666137903665167,0.014129091568871382,1.0,True,4.272706799209118,hz400_fixed_time_h80,FIXED_TIME
hz400_h80,400,0.0025,80,200.0,ellipse.csv,PF_KCW,4,10.0,False,,,0.031979015149348665,0.005597790757392377,0.022872610363298383,1.0,True,4.279883518815041,hz400_fixed_time_h80,FIXED_TIME
hz400_h80,400,0.0025,80,200.0,ellipse.csv,PF_KCW,8,20.0,False,,,0.05775790928818713,0.01004642749685852,0.038552019522213134,1.0,True,4.278066620230675,hz400_fixed_time_h80,FIXED_TIME
hz400_h80,400,0.0025,80,200.0,ellipse.csv,PF_KCW,20,50.0,False,,,0.13654266047300742,0.023235689817418206,0.07684971108199677,0.9366666666666666,True,4.27517668902874,hz400_fixed_time_h80,FIXED_TIME
hz400_h80,400,0.0025,80,200.0,ellipse.csv,PF_KCW,40,100.0,False,,,0.27523155862193355,0.04513417965627476,0.1400967480146386,0.8291666666666667,False,4.287169098854065,hz400_fixed_time_h80,FIXED_TIME
hz400_h80,400,0.0025,80,200.0,ellipse.csv,PF_KCW,80,200.0,False,,,0.5642175848621312,0.08952484587503069,0.2716229967899244,0.7185416666666666,False,4.2703056409955025,hz400_fixed_time_h80,FIXED_TIME
hz400_h80,400,0.0025,80,200.0,ellipse.csv,PF_KCW,200,500.0,True,3793.0,9482.5,1.4261756105894567,0.22779741988599564,0.5976455657065348,0.613125,False,4.2698852345347404,hz400_fixed_time_h80,FIXED_TIME
hz400_h80,400,0.0025,80,200.0,ellipse.csv,PF_KCW,400,1000.0,True,3793.0,9482.5,1.2266395018737978e+76,0.3863048371370939,7.560735010569606e+75,0.4377083333333333,False,4.229528076946735,hz400_fixed_time_h80,FIXED_TIME
hz400_h80,400,0.0025,80,200.0,ellipse.csv,PF_KCW,infinity,,True,1646.0,4115.0,8.427123865477913e+52,1.3540340821514885,5.056258022501864e+52,0.08875,False,3.021210417151451,hz400_fixed_time_h80,FIXED_TIME
hz400_h80,400,0.0025,80,200.0,ellipse.csv,J_KCW,1,2.5,False,,,0.0043162196769013575,0.002246416919410368,0.008530140647905578,1.0,True,4.33561921864748,hz400_fixed_time_h80,FIXED_TIME
hz400_h80,400,0.0025,80,200.0,ellipse.csv,J_KCW,2,5.0,False,,,0.0064777221157229165,0.003360176972128536,0.012608832896920523,1.0,True,4.309433072805405,hz400_fixed_time_h80,FIXED_TIME
hz400_h80,400,0.0025,80,200.0,ellipse.csv,J_KCW,4,10.0,False,,,0.010821693635485286,0.005579291104054049,0.02033578774437192,1.0,True,4.302553579211235,hz400_fixed_time_h80,FIXED_TIME
hz400_h80,400,0.0025,80,200.0,ellipse.csv,J_KCW,8,20.0,False,,,0.01958559206411109,0.009985794708168898,0.03386684210729906,0.995625,True,4.297929637134075,hz400_fixed_time_h80,FIXED_TIME
hz400_h80,400,0.0025,80,200.0,ellipse.csv,J_KCW,20,50.0,False,,,0.04708821455323966,0.02291376451347747,0.06468178846509552,0.8939583333333333,False,4.319223776459694,hz400_fixed_time_h80,FIXED_TIME
hz400_h80,400,0.0025,80,200.0,ellipse.csv,J_KCW,40,100.0,False,,,0.0967710466391866,0.043898089593224006,0.10998566694848698,0.7679166666666667,False,4.321590714156628,hz400_fixed_time_h80,FIXED_TIME
hz400_h80,400,0.0025,80,200.0,ellipse.csv,J_KCW,80,200.0,False,,,0.2165057770400034,0.08436690506753669,0.2056101698923915,0.646875,False,4.311273641884327,hz400_fixed_time_h80,FIXED_TIME
hz400_h80,400,0.0025,80,200.0,ellipse.csv,J_KCW,200,500.0,True,3783.0,9457.5,0.7107507765634641,0.19623191253720426,0.4856596279650206,0.358125,False,4.298780269920826,hz400_fixed_time_h80,FIXED_TIME
hz400_h80,400,0.0025,80,200.0,ellipse.csv,J_KCW,400,1000.0,True,3783.0,9457.5,1.4186603104177268e+69,0.27799124985043416,6.723461421056729e+69,0.17541666666666667,False,3.5539051592350006,hz400_fixed_time_h80,FIXED_TIME
hz400_h80,400,0.0025,80,200.0,ellipse.csv,J_KCW,infinity,,True,2010.0,5025.0,4.513835221214799,1.593563019964741,1.47151301331653,0.024583333333333332,False,4.352194853127003,hz400_fixed_time_h80,FIXED_TIME
hz400_h80,400,0.0025,80,200.0,lemniscate_1.csv,PF_KCW,1,2.5,False,,,0.0013511695224433674,0.00019734822425550603,0.0033040161955369615,1.0,True,4.298338435590267,hz400_fixed_time_h80,FIXED_TIME
hz400_h80,400,0.0025,80,200.0,lemniscate_1.csv,PF_KCW,2,5.0,False,,,0.0020075473442677082,0.0002936865311410503,0.004874599259366989,1.0,True,4.261052943766117,hz400_fixed_time_h80,FIXED_TIME
hz400_h80,400,0.0025,80,200.0,lemniscate_1.csv,PF_KCW,4,10.0,False,,,0.003313456884843523,0.00048549806247738774,0.007801501382255207,1.0,True,4.268963269889355,hz400_fixed_time_h80,FIXED_TIME
hz400_h80,400,0.0025,80,200.0,lemniscate_1.csv,PF_KCW,8,20.0,False,,,0.005909129977445319,0.0008657932999569418,0.012670720433527878,1.0,True,4.277221813797951,hz400_fixed_time_h80,FIXED_TIME
hz400_h80,400,0.0025,80,200.0,lemniscate_1.csv,PF_KCW,20,50.0,False,,,0.013643958492098924,0.001993308019762704,0.022276826657517953,1.0,True,4.271472968161106,hz400_fixed_time_h80,FIXED_TIME
hz400_h80,400,0.0025,80,200.0,lemniscate_1.csv,PF_KCW,40,100.0,False,,,0.026438320780892567,0.0038957710540258633,0.03334476402435987,1.0,True,4.259807221591473,hz400_fixed_time_h80,FIXED_TIME
hz400_h80,400,0.0025,80,200.0,lemniscate_1.csv,PF_KCW,80,200.0,False,,,0.052960179237699204,0.00821500262373379,0.05381621398746565,1.0,True,4.264489829540253,hz400_fixed_time_h80,FIXED_TIME
hz400_h80,400,0.0025,80,200.0,lemniscate_1.csv,PF_KCW,200,500.0,False,,,0.1406447064442766,0.024610646286333877,0.11585250915927477,0.985,True,4.262818545103073,hz400_fixed_time_h80,FIXED_TIME
hz400_h80,400,0.0025,80,200.0,lemniscate_1.csv,PF_KCW,400,1000.0,False,,,0.32842018622749836,0.060173502233166594,0.22174391734892757,0.7985416666666667,False,4.281441166996956,hz400_fixed_time_h80,FIXED_TIME
hz400_h80,400,0.0025,80,200.0,lemniscate_1.csv,PF_KCW,infinity,,True,1547.0,3867.5,2.5341144764656113e+51,0.6170221769165556,1.5588012678425953e+51,0.17916666666666667,False,1.6590710282325745,hz400_fixed_time_h80,FIXED_TIME
hz400_h80,400,0.0025,80,200.0,lemniscate_1.csv,J_KCW,1,2.5,False,,,0.0007263297681277793,0.00017588392492028543,0.0033150387698913076,1.0,True,4.338385611772537,hz400_fixed_time_h80,FIXED_TIME
hz400_h80,400,0.0025,80,200.0,lemniscate_1.csv,J_KCW,2,5.0,False,,,0.0010871058504341932,0.0002613539713762389,0.00489865961527325,1.0,True,4.310550391674042,hz400_fixed_time_h80,FIXED_TIME
hz400_h80,400,0.0025,80,200.0,lemniscate_1.csv,J_KCW,4,10.0,False,,,0.0018054549008081862,0.000430413816132005,0.007846785402130246,1.0,True,4.307362340390682,hz400_fixed_time_h80,FIXED_TIME
hz400_h80,400,0.0025,80,200.0,lemniscate_1.csv,J_KCW,8,20.0,False,,,0.003221853225408302,0.0007650300731291658,0.01278297754563196,1.0,True,4.309014417231083,hz400_fixed_time_h80,FIXED_TIME
hz400_h80,400,0.0025,80,200.0,lemniscate_1.csv,J_KCW,20,50.0,False,,,0.0072962105415839374,0.0017560371894554273,0.022629846033727148,1.0,True,4.315638840198517,hz400_fixed_time_h80,FIXED_TIME
hz400_h80,400,0.0025,80,200.0,lemniscate_1.csv,J_KCW,40,100.0,False,,,0.013850812207219232,0.0034260427331196954,0.034143948550939045,1.0,True,4.311774209141731,hz400_fixed_time_h80,FIXED_TIME
hz400_h80,400,0.0025,80,200.0,lemniscate_1.csv,J_KCW,80,200.0,False,,,0.026727112519406192,0.0073220147326450895,0.0560556492412545,1.0,True,4.321944311261177,hz400_fixed_time_h80,FIXED_TIME
hz400_h80,400,0.0025,80,200.0,lemniscate_1.csv,J_KCW,200,500.0,False,,,0.06607647581737121,0.022790879170345207,0.11801610273439264,0.918125,True,4.328664049506187,hz400_fixed_time_h80,FIXED_TIME
hz400_h80,400,0.0025,80,200.0,lemniscate_1.csv,J_KCW,400,1000.0,False,,,0.16604763802861142,0.05851041681060221,0.20405224416699563,0.4847916666666667,False,4.326463371515274,hz400_fixed_time_h80,FIXED_TIME
hz400_h80,400,0.0025,80,200.0,lemniscate_1.csv,J_KCW,infinity,,True,1599.0,3997.5,6.469683815233961e+67,0.884436162183849,3.012871597167139e+68,0.03791666666666667,False,2.036439746618271,hz400_fixed_time_h80,FIXED_TIME
hz400_h80,400,0.0025,80,200.0,lemniscate_2.csv,PF_KCW,1,2.5,False,,,0.0022858266179882057,0.0004274266929081055,0.004255553560504139,1.0,True,4.329130746424198,hz400_fixed_time_h80,FIXED_TIME
hz400_h80,400,0.0025,80,200.0,lemniscate_2.csv,PF_KCW,2,5.0,False,,,0.0034075122115265755,0.0006391020648051941,0.006286813428260753,1.0,True,4.288372293114662,hz400_fixed_time_h80,FIXED_TIME
hz400_h80,400,0.0025,80,200.0,lemniscate_2.csv,PF_KCW,4,10.0,False,,,0.0056489116292095755,0.0010614016914811068,0.010123913687792988,1.0,True,4.28961656242609,hz400_fixed_time_h80,FIXED_TIME
hz400_h80,400,0.0025,80,200.0,lemniscate_2.csv,PF_KCW,8,20.0,False,,,0.010129548470075184,0.0019007351219646877,0.016508332063020797,1.0,True,4.262738190591335,hz400_fixed_time_h80,FIXED_TIME
hz400_h80,400,0.0025,80,200.0,lemniscate_2.csv,PF_KCW,20,50.0,False,,,0.02345163825901583,0.004422586740487271,0.031147225142254563,1.0,True,4.256794109940529,hz400_fixed_time_h80,FIXED_TIME
hz400_h80,400,0.0025,80,200.0,lemniscate_2.csv,PF_KCW,40,100.0,False,,,0.045707982952538834,0.008676424385445535,0.04902111068821877,1.0,True,4.271550834178925,hz400_fixed_time_h80,FIXED_TIME
hz400_h80,400,0.0025,80,200.0,lemniscate_2.csv,PF_KCW,80,200.0,False,,,0.08841505574404024,0.017133549290531472,0.08200107247913056,0.9972916666666667,True,4.2709071189165115,hz400_fixed_time_h80,FIXED_TIME
hz400_h80,400,0.0025,80,200.0,lemniscate_2.csv,PF_KCW,200,500.0,False,,,0.24511925805532309,0.04521621319122034,0.17550094128431487,0.8822916666666667,False,4.283143177628517,hz400_fixed_time_h80,FIXED_TIME
hz400_h80,400,0.0025,80,200.0,lemniscate_2.csv,PF_KCW,400,1000.0,False,,,0.5259929427172785,0.07393730888049332,0.25291628648292946,0.6695833333333333,False,4.293248914182186,hz400_fixed_time_h80,FIXED_TIME
hz400_h80,400,0.0025,80,200.0,lemniscate_2.csv,PF_KCW,infinity,,True,1288.0,3220.0,4.441056167220624e+107,0.26444036164645335,2.7582367869959847e+107,0.12854166666666667,False,1.1893478706479073,hz400_fixed_time_h80,FIXED_TIME
hz400_h80,400,0.0025,80,200.0,lemniscate_2.csv,J_KCW,1,2.5,False,,,0.0008625765694448899,0.00044352138754610756,0.00420419634355855,1.0,True,4.339109301567078,hz400_fixed_time_h80,FIXED_TIME
hz400_h80,400,0.0025,80,200.0,lemniscate_2.csv,J_KCW,2,5.0,False,,,0.0012892555799523583,0.000662294390275288,0.006218272202005984,1.0,True,4.355858966708183,hz400_fixed_time_h80,FIXED_TIME
hz400_h80,400,0.0025,80,200.0,lemniscate_2.csv,J_KCW,4,10.0,False,,,0.00213531347515426,0.0010985491278388227,0.01002228394678376,1.0,True,4.357254646718502,hz400_fixed_time_h80,FIXED_TIME
hz400_h80,400,0.0025,80,200.0,lemniscate_2.csv,J_KCW,8,20.0,False,,,0.0037998653460753545,0.0019635468477657353,0.01631972804199365,1.0,True,4.324401654303074,hz400_fixed_time_h80,FIXED_TIME
hz400_h80,400,0.0025,80,200.0,lemniscate_2.csv,J_KCW,20,50.0,False,,,0.008679961252247735,0.004556641511244105,0.03050130089738753,1.0,True,4.340556271374226,hz400_fixed_time_h80,FIXED_TIME
hz400_h80,400,0.0025,80,200.0,lemniscate_2.csv,J_KCW,40,100.0,False,,,0.01606373093710576,0.008958282107881955,0.047590506505688746,1.0,True,4.349443845450878,hz400_fixed_time_h80,FIXED_TIME
hz400_h80,400,0.0025,80,200.0,lemniscate_2.csv,J_KCW,80,200.0,False,,,0.031662567897763616,0.017744882683756184,0.07837922938566624,0.9758333333333333,True,4.325967505574226,hz400_fixed_time_h80,FIXED_TIME
hz400_h80,400,0.0025,80,200.0,lemniscate_2.csv,J_KCW,200,500.0,False,,,0.10199137407618733,0.04777307876733346,0.16663432548461085,0.7202083333333333,False,4.3402567356824875,hz400_fixed_time_h80,FIXED_TIME
hz400_h80,400,0.0025,80,200.0,lemniscate_2.csv,J_KCW,400,1000.0,False,,,0.2738677712184935,0.08771133595288645,0.23947861290205272,0.430625,False,4.31542894244194,hz400_fixed_time_h80,FIXED_TIME
hz400_h80,400,0.0025,80,200.0,lemniscate_2.csv,J_KCW,infinity,,True,1401.0,3502.5,5.14356364208974e+96,0.6418442998601052,2.2453072060016633e+97,0.07083333333333333,False,1.4584814757108688,hz400_fixed_time_h80,FIXED_TIME
hz400_h80,400,0.0025,80,200.0,lemniscate_3.csv,PF_KCW,1,2.5,False,,,0.013842979743654433,0.0027090579971981014,0.018373144433076694,1.0,True,4.315493285655975,hz400_fixed_time_h80,FIXED_TIME
hz400_h80,400,0.0025,80,200.0,lemniscate_3.csv,PF_KCW,2,5.0,False,,,0.02061561724788505,0.004054170183667449,0.02715339417166541,1.0,True,4.306719154119492,hz400_fixed_time_h80,FIXED_TIME
hz400_h80,400,0.0025,80,200.0,lemniscate_3.csv,PF_KCW,4,10.0,False,,,0.03420791863565815,0.006735057841339819,0.04403050768003431,1.0,True,4.294282041490078,hz400_fixed_time_h80,FIXED_TIME
hz400_h80,400,0.0025,80,200.0,lemniscate_3.csv,PF_KCW,8,20.0,False,,,0.06121744258285777,0.012120124659515504,0.07513365661949009,0.996875,True,4.300924323499203,hz400_fixed_time_h80,FIXED_TIME
hz400_h80,400,0.0025,80,200.0,lemniscate_3.csv,PF_KCW,20,50.0,False,,,0.14300793533220382,0.0284116289032592,0.15719489483605992,0.95125,True,4.2975578010082245,hz400_fixed_time_h80,FIXED_TIME
hz400_h80,400,0.0025,80,200.0,lemniscate_3.csv,PF_KCW,40,100.0,False,,,0.26847422844261953,0.05579409210104194,0.26542123048672017,0.795,False,4.313357770442963,hz400_fixed_time_h80,FIXED_TIME
hz400_h80,400,0.0025,80,200.0,lemniscate_3.csv,PF_KCW,80,200.0,False,,,0.5234441334379951,0.11239452400765947,0.46432757734613406,0.5735416666666666,False,4.303964518010616,hz400_fixed_time_h80,FIXED_TIME
hz400_h80,400,0.0025,80,200.0,lemniscate_3.csv,PF_KCW,200,500.0,False,,,1.1479976820733342,0.2631368675451867,0.9307051966111878,0.3647916666666667,False,4.30780616402626,hz400_fixed_time_h80,FIXED_TIME
hz400_h80,400,0.0025,80,200.0,lemniscate_3.csv,PF_KCW,400,1000.0,True,1592.0,3980.0,3.441654988683415,0.5372181767076923,2.273793889883361,0.23083333333333333,False,4.301615312695503,hz400_fixed_time_h80,FIXED_TIME
hz400_h80,400,0.0025,80,200.0,lemniscate_3.csv,PF_KCW,infinity,,True,1223.0,3057.5,inf,0.3211126227493103,inf,0.10145833333333333,False,1.1237576380372047,hz400_fixed_time_h80,FIXED_TIME
hz400_h80,400,0.0025,80,200.0,lemniscate_3.csv,J_KCW,1,2.5,False,,,0.004425833200342077,0.002722778294995457,0.017638060273654072,1.0,True,4.3243730291724205,hz400_fixed_time_h80,FIXED_TIME
hz400_h80,400,0.0025,80,200.0,lemniscate_3.csv,J_KCW,2,5.0,False,,,0.006641650057871189,0.004072032948171864,0.02610765038275655,1.0,True,4.302527777850628,hz400_fixed_time_h80,FIXED_TIME
hz400_h80,400,0.0025,80,200.0,lemniscate_3.csv,J_KCW,4,10.0,False,,,0.011123760496793063,0.006761875570888846,0.04238481915368062,1.0,True,4.295332193374634,hz400_fixed_time_h80,FIXED_TIME
hz400_h80,400,0.0025,80,200.0,lemniscate_3.csv,J_KCW,8,20.0,False,,,0.02033645025141898,0.012142199462316181,0.07204683392546692,0.9927083333333333,True,4.297727756202221,hz400_fixed_time_h80,FIXED_TIME
hz400_h80,400,0.0025,80,200.0,lemniscate_3.csv,J_KCW,20,50.0,False,,,0.051065236995155146,0.028338733065941042,0.14959310873700585,0.9129166666666667,True,4.305289126932621,hz400_fixed_time_h80,FIXED_TIME
hz400_h80,400,0.0025,80,200.0,lemniscate_3.csv,J_KCW,40,100.0,False,,,0.10635493213571529,0.05504100489169887,0.24857448296246082,0.7047916666666667,False,4.319410651922226,hz400_fixed_time_h80,FIXED_TIME
hz400_h80,400,0.0025,80,200.0,lemniscate_3.csv,J_KCW,80,200.0,False,,,0.24759657927803844,0.10952717618291148,0.4200955207935203,0.45895833333333336,False,4.306536965072155,hz400_fixed_time_h80,FIXED_TIME
hz400_h80,400,0.0025,80,200.0,lemniscate_3.csv,J_KCW,200,500.0,False,,,0.8070822262032613,0.2338221316148655,0.7536115338315476,0.2679166666666667,False,4.325997605919838,hz400_fixed_time_h80,FIXED_TIME
hz400_h80,400,0.0025,80,200.0,lemniscate_3.csv,J_KCW,400,1000.0,True,1569.0,3922.5,inf,0.18005590993547035,inf,0.091875,False,1.4274947866797447,hz400_fixed_time_h80,FIXED_TIME
hz400_h80,400,0.0025,80,200.0,lemniscate_3.csv,J_KCW,infinity,,True,1261.0,3152.5,3.290813191673574e+120,0.36831910622672975,1.5576045336682803e+121,0.041875,False,1.1697364374995232,hz400_fixed_time_h80,FIXED_TIME
hz400_h80,400,0.0025,80,200.0,linear_oscillation.csv,PF_KCW,1,2.5,False,,,0.003618874400667025,0.0005240398585347406,0.00641478128558612,1.0,True,4.294642403721809,hz400_fixed_time_h80,FIXED_TIME
hz400_h80,400,0.0025,80,200.0,linear_oscillation.csv,PF_KCW,2,5.0,False,,,0.005386983605375257,0.0007812285166912062,0.00944780485739683,1.0,True,4.262277275323868,hz400_fixed_time_h80,FIXED_TIME
hz400_h80,400,0.0025,80,200.0,linear_oscillation.csv,PF_KCW,4,10.0,False,,,0.008914705129532846,0.0012969161368190452,0.015187370397288048,1.0,True,4.256860084831715,hz400_fixed_time_h80,FIXED_TIME
hz400_h80,400,0.0025,80,200.0,linear_oscillation.csv,PF_KCW,8,20.0,False,,,0.0159572360273752,0.0023262314670381644,0.025176237197278472,1.0,True,4.265275344252586,hz400_fixed_time_h80,FIXED_TIME
hz400_h80,400,0.0025,80,200.0,linear_oscillation.csv,PF_KCW,20,50.0,False,,,0.03695711964489794,0.005405331816213344,0.04749031069460823,0.99875,True,4.250597260892391,hz400_fixed_time_h80,FIXED_TIME
hz400_h80,400,0.0025,80,200.0,linear_oscillation.csv,PF_KCW,40,100.0,False,,,0.07221594903628448,0.010886608025186626,0.08459994382965408,0.98875,True,4.258978858590126,hz400_fixed_time_h80,FIXED_TIME
hz400_h80,400,0.0025,80,200.0,linear_oscillation.csv,PF_KCW,80,200.0,False,,,0.13828272261087726,0.023124881680142564,0.15579747195741817,0.9397916666666667,True,4.257566899061203,hz400_fixed_time_h80,FIXED_TIME
hz400_h80,400,0.0025,80,200.0,linear_oscillation.csv,PF_KCW,200,500.0,False,,,0.34368968200098027,0.07004133626121342,0.33329611900286543,0.7714583333333334,False,4.272362634539604,hz400_fixed_time_h80,FIXED_TIME
hz400_h80,400,0.0025,80,200.0,linear_oscillation.csv,PF_KCW,400,1000.0,False,,,0.7281981429449117,0.16833741385364603,0.495673965272985,0.49854166666666666,False,4.266795232892036,hz400_fixed_time_h80,FIXED_TIME
hz400_h80,400,0.0025,80,200.0,linear_oscillation.csv,PF_KCW,infinity,,True,1048.0,2620.0,inf,0.7334744100402274,inf,0.08666666666666667,False,1.190480999648571,hz400_fixed_time_h80,FIXED_TIME
hz400_h80,400,0.0025,80,200.0,linear_oscillation.csv,J_KCW,1,2.5,False,,,0.0009679038490808652,0.0005448871204066406,0.006242984190613676,1.0,True,4.355534002184868,hz400_fixed_time_h80,FIXED_TIME
hz400_h80,400,0.0025,80,200.0,linear_oscillation.csv,J_KCW,2,5.0,False,,,0.0014458198587681047,0.0008127135282941458,0.009204278217882807,1.0,True,4.312201991677284,hz400_fixed_time_h80,FIXED_TIME
hz400_h80,400,0.0025,80,200.0,linear_oscillation.csv,J_KCW,4,10.0,False,,,0.0023941144703530765,0.0013493574799305634,0.014794055013020108,1.0,True,4.3050767332315445,hz400_fixed_time_h80,FIXED_TIME
hz400_h80,400,0.0025,80,200.0,linear_oscillation.csv,J_KCW,8,20.0,False,,,0.004281545871436905,0.0024215584458417614,0.02441564124490474,1.0,True,4.311058759689331,hz400_fixed_time_h80,FIXED_TIME
hz400_h80,400,0.0025,80,200.0,linear_oscillation.csv,J_KCW,20,50.0,False,,,0.010062341311061434,0.005647260849056423,0.04519355773308158,0.9989583333333333,True,4.327209673821926,hz400_fixed_time_h80,FIXED_TIME
hz400_h80,400,0.0025,80,200.0,linear_oscillation.csv,J_KCW,40,100.0,False,,,0.021067271462919587,0.01135730035394142,0.07844355572463213,0.9754166666666667,True,4.3193593472242355,hz400_fixed_time_h80,FIXED_TIME
hz400_h80,400,0.0025,80,200.0,linear_oscillation.csv,J_KCW,80,200.0,False,,,0.05140817747854167,0.024089526942566872,0.13806077564794683,0.918125,True,4.3083081394433975,hz400_fixed_time_h80,FIXED_TIME
hz400_h80,400,0.0025,80,200.0,linear_oscillation.csv,J_KCW,200,500.0,False,,,0.21098115969474146,0.06835290865882793,0.2869830983258072,0.634375,False,4.3109492883086205,hz400_fixed_time_h80,FIXED_TIME
hz400_h80,400,0.0025,80,200.0,linear_oscillation.csv,J_KCW,400,1000.0,False,,,0.5073626224220635,0.14431731013581228,0.41755028950445716,0.3797916666666667,False,4.31703694909811,hz400_fixed_time_h80,FIXED_TIME
hz400_h80,400,0.0025,80,200.0,linear_oscillation.csv,J_KCW,infinity,,True,1115.0,2787.5,6.915047050800213e+101,0.5594909989324709,3.198449036900896e+102,0.078125,False,1.2273191958665848,hz400_fixed_time_h80,FIXED_TIME
hz400_h80,400,0.0025,80,200.0,melon_1.csv,PF_KCW,1,2.5,False,,,0.003616094709807377,0.0007441476717702566,0.005388045817882549,1.0,True,4.31434216350317,hz400_fixed_time_h80,FIXED_TIME
hz400_h80,400,0.0025,80,200.0,melon_1.csv,PF_KCW,2,5.0,False,,,0.00541258805224787,0.0011144690279521294,0.007973499491573447,1.0,True,4.285175949335098,hz400_fixed_time_h80,FIXED_TIME
hz400_h80,400,0.0025,80,200.0,melon_1.csv,PF_KCW,4,10.0,False,,,0.00900342722895,0.001855637394863079,0.012811309567699901,1.0,True,4.289302088320255,hz400_fixed_time_h80,FIXED_TIME
hz400_h80,400,0.0025,80,200.0,melon_1.csv,PF_KCW,8,20.0,False,,,0.016174378673350535,0.0033347029897769762,0.021198849136856327,1.0,True,4.301032207906246,hz400_fixed_time_h80,FIXED_TIME
hz400_h80,400,0.0025,80,200.0,melon_1.csv,PF_KCW,20,50.0,False,,,0.037836899224890745,0.007762621800066286,0.040594110917469686,1.0,True,4.2941939458251,hz400_fixed_time_h80,FIXED_TIME
hz400_h80,400,0.0025,80,200.0,melon_1.csv,PF_KCW,40,100.0,False,,,0.07389126616403828,0.015224149545856613,0.06450569140756182,0.9910416666666667,True,4.288538120687008,hz400_fixed_time_h80,FIXED_TIME
hz400_h80,400,0.0025,80,200.0,melon_1.csv,PF_KCW,80,200.0,False,,,0.14861047783363737,0.030375466388628494,0.10422673348273434,0.945,True,4.292103864252567,hz400_fixed_time_h80,FIXED_TIME
hz400_h80,400,0.0025,80,200.0,melon_1.csv,PF_KCW,200,500.0,False,,,0.3971293934973766,0.07419647259909276,0.22244709539667756,0.7689583333333333,False,4.29133152961731,hz400_fixed_time_h80,FIXED_TIME
hz400_h80,400,0.0025,80,200.0,melon_1.csv,PF_KCW,400,1000.0,False,,,0.8129767558534227,0.1558468385423448,0.405305670051719,0.5252083333333334,False,4.268290124833584,hz400_fixed_time_h80,FIXED_TIME
hz400_h80,400,0.0025,80,200.0,melon_1.csv,PF_KCW,infinity,,True,1883.0,4707.5,6.7512951077900125e+37,1.1887922780450602,4.159590485715055e+37,0.1725,False,3.0165973901748657,hz400_fixed_time_h80,FIXED_TIME
hz400_h80,400,0.0025,80,200.0,melon_1.csv,J_KCW,1,2.5,False,,,0.001714136325451791,0.0008529449124184308,0.005317375413091349,1.0,True,4.327935166656971,hz400_fixed_time_h80,FIXED_TIME
hz400_h80,400,0.0025,80,200.0,melon_1.csv,J_KCW,2,5.0,False,,,0.00256588934835242,0.0012775661089699083,0.007873569577120645,1.0,True,4.304514475166798,hz400_fixed_time_h80,FIXED_TIME
hz400_h80,400,0.0025,80,200.0,melon_1.csv,J_KCW,4,10.0,False,,,0.004263422150385039,0.002126720304399371,0.012653897930022225,1.0,True,4.295542173087597,hz400_fixed_time_h80,FIXED_TIME
hz400_h80,400,0.0025,80,200.0,melon_1.csv,J_KCW,8,20.0,False,,,0.007632859416205381,0.0038213349764310294,0.020947078686328193,1.0,True,4.312235526740551,hz400_fixed_time_h80,FIXED_TIME
hz400_h80,400,0.0025,80,200.0,melon_1.csv,J_KCW,20,50.0,False,,,0.017430491607435206,0.008882649070516939,0.03983605554207474,0.9827083333333333,True,4.311429359018803,hz400_fixed_time_h80,FIXED_TIME
hz400_h80,400,0.0025,80,200.0,melon_1.csv,J_KCW,40,100.0,False,,,0.03372029948528607,0.017478968562598157,0.06338272804724644,0.9414583333333333,True,4.314348362386227,hz400_fixed_time_h80,FIXED_TIME
hz400_h80,400,0.0025,80,200.0,melon_1.csv,J_KCW,80,200.0,False,,,0.06634778937515992,0.03499473506552257,0.10370100119515774,0.8675,False,4.310804396867752,hz400_fixed_time_h80,FIXED_TIME
hz400_h80,400,0.0025,80,200.0,melon_1.csv,J_KCW,200,500.0,False,,,0.17898694523219874,0.08645039429355987,0.2098942451592542,0.6416666666666667,False,4.296374619007111,hz400_fixed_time_h80,FIXED_TIME
hz400_h80,400,0.0025,80,200.0,melon_1.csv,J_KCW,400,1000.0,True,4773.0,11932.5,0.495371736280984,0.17554496601885589,0.31192500959194724,0.36791666666666667,False,4.300480127334595,hz400_fixed_time_h80,FIXED_TIME
hz400_h80,400,0.0025,80,200.0,melon_1.csv,J_KCW,infinity,,True,2251.0,5627.5,2.1785114390023905e+65,0.8968852725757012,9.224643686048005e+65,0.042708333333333334,False,2.8071766793727875,hz400_fixed_time_h80,FIXED_TIME
hz400_h80,400,0.0025,80,200.0,melon_2.csv,PF_KCW,1,2.5,False,,,0.0035872760592892973,0.0011686064487914601,0.005434024652305994,1.0,True,4.311350226402283,hz400_fixed_time_h80,FIXED_TIME
hz400_h80,400,0.0025,80,200.0,melon_2.csv,PF_KCW,2,5.0,False,,,0.005355639323875597,0.0017513595816547227,0.008037945528335033,1.0,True,4.284426897764206,hz400_fixed_time_h80,FIXED_TIME
hz400_h80,400,0.0025,80,200.0,melon_2.csv,PF_KCW,4,10.0,False,,,0.008905557488680195,0.00291432536139584,0.012949580528937668,1.0,True,4.273897603154182,hz400_fixed_time_h80,FIXED_TIME
hz400_h80,400,0.0025,80,200.0,melon_2.csv,PF_KCW,8,20.0,False,,,0.01600905513042252,0.005232937979209975,0.021413920008314206,1.0,True,4.265231005847454,hz400_fixed_time_h80,FIXED_TIME
hz400_h80,400,0.0025,80,200.0,melon_2.csv,PF_KCW,20,50.0,False,,,0.03739719549851054,0.012129511424017702,0.042315817063751086,1.0,True,4.270643405616283,hz400_fixed_time_h80,FIXED_TIME
hz400_h80,400,0.0025,80,200.0,melon_2.csv,PF_KCW,40,100.0,False,,,0.07348692280511061,0.023503520504190478,0.07102146068272361,0.980625,True,4.266229867935181,hz400_fixed_time_h80,FIXED_TIME
hz400_h80,400,0.0025,80,200.0,melon_2.csv,PF_KCW,80,200.0,False,,,0.14981850029626315,0.04606084776856222,0.1279177320985925,0.900625,True,4.27545453608036,hz400_fixed_time_h80,FIXED_TIME
hz400_h80,400,0.0025,80,200.0,melon_2.csv,PF_KCW,200,500.0,False,,,0.4118890355094212,0.10917030419409635,0.27582624069995615,0.7339583333333334,False,4.278003804385662,hz400_fixed_time_h80,FIXED_TIME
hz400_h80,400,0.0025,80,200.0,melon_2.csv,PF_KCW,400,1000.0,True,4754.0,11885.0,0.8680425413699507,0.234558465792186,0.5986514026605765,0.5266666666666666,False,4.278086081147194,hz400_fixed_time_h80,FIXED_TIME
hz400_h80,400,0.0025,80,200.0,melon_2.csv,PF_KCW,infinity,,True,1564.0,3910.0,inf,1.2036823344562773,inf,0.129375,False,2.4024727270007133,hz400_fixed_time_h80,FIXED_TIME
hz400_h80,400,0.0025,80,200.0,melon_2.csv,J_KCW,1,2.5,False,,,0.002508550414118837,0.0012147190335212031,0.005265168121678107,1.0,True,4.344053320586681,hz400_fixed_time_h80,FIXED_TIME
hz400_h80,400,0.0025,80,200.0,melon_2.csv,J_KCW,2,5.0,False,,,0.003758820780044309,0.0018199339869135471,0.007794002560970014,1.0,True,4.310966730117798,hz400_fixed_time_h80,FIXED_TIME
hz400_h80,400,0.0025,80,200.0,melon_2.csv,J_KCW,4,10.0,False,,,0.006252884332764186,0.0030272089018436336,0.01253067217515213,1.0,True,4.311982899904251,hz400_fixed_time_h80,FIXED_TIME
hz400_h80,400,0.0025,80,200.0,melon_2.csv,J_KCW,8,20.0,False,,,0.011209131889105215,0.0054356617223848,0.020558087651081792,1.0,True,4.331432223320007,hz400_fixed_time_h80,FIXED_TIME
hz400_h80,400,0.0025,80,200.0,melon_2.csv,J_KCW,20,50.0,False,,,0.02584717184609116,0.012596546516150598,0.03977201045881844,0.9820833333333333,True,4.308830566704273,hz400_fixed_time_h80,FIXED_TIME
hz400_h80,400,0.0025,80,200.0,melon_2.csv,J_KCW,40,100.0,False,,,0.05001688851910913,0.024411267330241813,0.06451333966082153,0.900625,True,4.319272376596928,hz400_fixed_time_h80,FIXED_TIME
hz400_h80,400,0.0025,80,200.0,melon_2.csv,J_KCW,80,200.0,False,,,0.09981828143246053,0.048020967851389366,0.109912567677413,0.7772916666666667,False,4.318151220679283,hz400_fixed_time_h80,FIXED_TIME
hz400_h80,400,0.0025,80,200.0,melon_2.csv,J_KCW,200,500.0,False,,,0.3157246200123032,0.11614640570315281,0.2316910435532014,0.45416666666666666,False,4.32708041369915,hz400_fixed_time_h80,FIXED_TIME
hz400_h80,400,0.0025,80,200.0,melon_2.csv,J_KCW,400,1000.0,True,4717.0,11792.5,0.84249258713151,0.22086296627422372,0.4775521868067052,0.233125,False,4.323634944856167,hz400_fixed_time_h80,FIXED_TIME
hz400_h80,400,0.0025,80,200.0,melon_2.csv,J_KCW,infinity,,True,1831.0,4577.5,5.210127307452729,1.4147842220078337,2.2601534196289426,0.02,False,4.302331082522869,hz400_fixed_time_h80,FIXED_TIME
hz400_h80,400,0.0025,80,200.0,race_track_1.csv,PF_KCW,1,2.5,False,,,0.01106382651510812,0.002228472245052952,0.015852675750333396,1.0,True,4.293065935373306,hz400_fixed_time_h80,FIXED_TIME
hz400_h80,400,0.0025,80,200.0,race_track_1.csv,PF_KCW,2,5.0,False,,,0.016553277427763604,0.0033370636930917554,0.023486517158122923,1.0,True,4.307213917374611,hz400_fixed_time_h80,FIXED_TIME
hz400_h80,400,0.0025,80,200.0,race_track_1.csv,PF_KCW,4,10.0,False,,,0.027548270894114584,0.005554089239254181,0.03837680379249431,0.9991666666666666,True,4.273510202765465,hz400_fixed_time_h80,FIXED_TIME
hz400_h80,400,0.0025,80,200.0,race_track_1.csv,PF_KCW,8,20.0,False,,,0.04977713757332739,0.010003160661431146,0.06650312328703457,0.995,True,4.2729427218437195,hz400_fixed_time_h80,FIXED_TIME
hz400_h80,400,0.0025,80,200.0,race_track_1.csv,PF_KCW,20,50.0,False,,,0.11753197001440881,0.023441272882387478,0.14229534752853246,0.9620833333333333,True,4.283145114779472,hz400_fixed_time_h80,FIXED_TIME
hz400_h80,400,0.0025,80,200.0,race_track_1.csv,PF_KCW,40,100.0,False,,,0.2298871768782196,0.046116104105546306,0.2579800660393389,0.8670833333333333,False,4.258070297539234,hz400_fixed_time_h80,FIXED_TIME
hz400_h80,400,0.0025,80,200.0,race_track_1.csv,PF_KCW,80,200.0,False,,,0.4800136896693674,0.09086806908918305,0.4210668992046925,0.6116666666666667,False,4.287512950599194,hz400_fixed_time_h80,FIXED_TIME
hz400_h80,400,0.0025,80,200.0,race_track_1.csv,PF_KCW,200,500.0,False,,,1.3037068859722576,0.24786772079868405,0.985430250852959,0.33270833333333333,False,4.281269311904907,hz400_fixed_time_h80,FIXED_TIME
hz400_h80,400,0.0025,80,200.0,race_track_1.csv,PF_KCW,400,1000.0,True,1102.0,2755.0,inf,0.6089784796064237,inf,0.15354166666666666,False,2.4680244997143745,hz400_fixed_time_h80,FIXED_TIME
hz400_h80,400,0.0025,80,200.0,race_track_1.csv,PF_KCW,infinity,,True,862.0,2155.0,8.784045221075466e+40,0.5274745014081877,5.259325874009452e+40,0.09854166666666667,False,0.9430993646383286,hz400_fixed_time_h80,FIXED_TIME
hz400_h80,400,0.0025,80,200.0,race_track_1.csv,J_KCW,1,2.5,False,,,0.004364774086873418,0.0020924862134003683,0.01596444136800517,1.0,True,4.3959158062934875,hz400_fixed_time_h80,FIXED_TIME
hz400_h80,400,0.0025,80,200.0,race_track_1.csv,J_KCW,2,5.0,False,,,0.006555874590377571,0.0031305611345711633,0.023701260786962084,1.0,True,4.365014113485813,hz400_fixed_time_h80,FIXED_TIME
hz400_h80,400,0.0025,80,200.0,race_track_1.csv,J_KCW,4,10.0,False,,,0.010960037190900794,0.005209178241070486,0.03881607875645849,0.9995833333333334,True,4.375280201435089,hz400_fixed_time_h80,FIXED_TIME
hz400_h80,400,0.0025,80,200.0,race_track_1.csv,J_KCW,8,20.0,False,,,0.01990704728770015,0.00938061382961085,0.06755691618315529,0.993125,True,4.345190711319447,hz400_fixed_time_h80,FIXED_TIME
hz400_h80,400,0.0025,80,200.0,race_track_1.csv,J_KCW,20,50.0,False,,,0.04773446175676709,0.02207845769757417,0.14438093551214837,0.9083333333333333,True,4.375629656016827,hz400_fixed_time_h80,FIXED_TIME
hz400_h80,400,0.0025,80,200.0,race_track_1.csv,J_KCW,40,100.0,False,,,0.10168258955341124,0.043570982354018156,0.26136409317526227,0.7352083333333334,False,4.324837416410446,hz400_fixed_time_h80,FIXED_TIME
hz400_h80,400,0.0025,80,200.0,race_track_1.csv,J_KCW,80,200.0,False,,,0.23896342596695105,0.08557207588981793,0.4350463514971304,0.464375,False,4.35950230807066,hz400_fixed_time_h80,FIXED_TIME
hz400_h80,400,0.0025,80,200.0,race_track_1.csv,J_KCW,200,500.0,False,,,0.8750922619649526,0.23877880041092306,0.9264354445208668,0.24,False,4.340241238474846,hz400_fixed_time_h80,FIXED_TIME
hz400_h80,400,0.0025,80,200.0,race_track_1.csv,J_KCW,400,1000.0,True,1834.0,4585.0,5.017395975257762e+106,0.5618114278979799,3.4716248863249903e+107,0.093125,False,2.506984181702137,hz400_fixed_time_h80,FIXED_TIME
hz400_h80,400,0.0025,80,200.0,race_track_1.csv,J_KCW,infinity,,True,873.0,2182.5,6.235407488864559e+114,0.6957782193899859,2.9070936604618127e+115,0.04604166666666667,False,0.9525771290063858,hz400_fixed_time_h80,FIXED_TIME
hz400_h80,400,0.0025,80,200.0,race_track_2.csv,PF_KCW,1,2.5,False,,,0.02120659480530654,0.0036216934524793258,0.024081169076067145,1.0,True,4.272807098925114,hz400_fixed_time_h80,FIXED_TIME
hz400_h80,400,0.0025,80,200.0,race_track_2.csv,PF_KCW,2,5.0,False,,,0.03164122617445551,0.005418096841618691,0.03566839334513927,1.0,True,4.257773503661156,hz400_fixed_time_h80,FIXED_TIME
hz400_h80,400,0.0025,80,200.0,race_track_2.csv,PF_KCW,4,10.0,False,,,0.05251563465646516,0.009017426358378912,0.05828321898900853,0.9985416666666667,True,4.2639176696538925,hz400_fixed_time_h80,FIXED_TIME
hz400_h80,400,0.0025,80,200.0,race_track_2.csv,PF_KCW,8,20.0,False,,,0.09456660328640766,0.016223787174730425,0.10122448995363796,0.9879166666666667,True,4.252453155815601,hz400_fixed_time_h80,FIXED_TIME
hz400_h80,400,0.0025,80,200.0,race_track_2.csv,PF_KCW,20,50.0,False,,,0.22284553859805223,0.037732932579102506,0.2133434041768715,0.883125,False,4.2642775028944016,hz400_fixed_time_h80,FIXED_TIME
hz400_h80,400,0.0025,80,200.0,race_track_2.csv,PF_KCW,40,100.0,False,,,0.44032321600492347,0.07465084025560115,0.3864900022107212,0.65,False,4.271224923431873,hz400_fixed_time_h80,FIXED_TIME
hz400_h80,400,0.0025,80,200.0,race_track_2.csv,PF_KCW,80,200.0,False,,,0.9222723559848326,0.14847612451552905,0.6190739284377781,0.37416666666666665,False,4.278283625841141,hz400_fixed_time_h80,FIXED_TIME
hz400_h80,400,0.0025,80,200.0,race_track_2.csv,PF_KCW,200,500.0,False,,,1.8989379948695129,0.32549235822112516,1.2176612203093253,0.229375,False,4.251635454595089,hz400_fixed_time_h80,FIXED_TIME
hz400_h80,400,0.0025,80,200.0,race_track_2.csv,PF_KCW,400,1000.0,True,1069.0,2672.5,3.5885567845301765e+81,0.5901163370118664,2.1612688225364086e+81,0.11583333333333333,False,2.474391333758831,hz400_fixed_time_h80,FIXED_TIME
hz400_h80,400,0.0025,80,200.0,race_track_2.csv,PF_KCW,infinity,,True,842.0,2105.0,5.0858296124744496e+126,0.45189640725451774,3.040416730260247e+126,0.07270833333333333,False,0.8421227335929871,hz400_fixed_time_h80,FIXED_TIME
hz400_h80,400,0.0025,80,200.0,race_track_2.csv,J_KCW,1,2.5,False,,,0.006079122106302042,0.0036051571613009937,0.024236022272694228,1.0,True,4.348022319376469,hz400_fixed_time_h80,FIXED_TIME
hz400_h80,400,0.0025,80,200.0,race_track_2.csv,J_KCW,2,5.0,False,,,0.009130720324084962,0.005391633253591634,0.035985980302673456,1.0,True,4.345081888139248,hz400_fixed_time_h80,FIXED_TIME
hz400_h80,400,0.0025,80,200.0,race_track_2.csv,J_KCW,4,10.0,False,,,0.01530013341658396,0.008969053838356672,0.05887942442074314,0.999375,True,4.348581239581108,hz400_fixed_time_h80,FIXED_TIME
hz400_h80,400,0.0025,80,200.0,race_track_2.csv,J_KCW,8,20.0,False,,,0.028047398602940803,0.016151301628764266,0.10262618351146495,0.98375,True,4.336186923086643,hz400_fixed_time_h80,FIXED_TIME
hz400_h80,400,0.0025,80,200.0,race_track_2.csv,J_KCW,20,50.0,False,,,0.07011175956910617,0.037735595702967493,0.22030065434746027,0.8241666666666667,False,4.332606345415115,hz400_fixed_time_h80,FIXED_TIME
hz400_h80,400,0.0025,80,200.0,race_track_2.csv,J_KCW,40,100.0,False,,,0.15849760486251524,0.07445616453702558,0.3959229327878635,0.5495833333333333,False,4.327229730784893,hz400_fixed_time_h80,FIXED_TIME
hz400_h80,400,0.0025,80,200.0,race_track_2.csv,J_KCW,80,200.0,False,,,0.35780866797152355,0.14898059814010442,0.6460514379385353,0.33520833333333333,False,4.327988334000111,hz400_fixed_time_h80,FIXED_TIME
hz400_h80,400,0.0025,80,200.0,race_track_2.csv,J_KCW,200,500.0,True,4557.0,11392.5,1.1880549084393954,0.3739594037911809,1.1774011767309203,0.18791666666666668,False,4.326971508562565,hz400_fixed_time_h80,FIXED_TIME
hz400_h80,400,0.0025,80,200.0,race_track_2.csv,J_KCW,400,1000.0,True,1822.0,4555.0,inf,0.6758307830927518,inf,0.10166666666666667,False,3.8638246059417725,hz400_fixed_time_h80,FIXED_TIME
hz400_h80,400,0.0025,80,200.0,race_track_2.csv,J_KCW,infinity,,True,880.0,2200.0,1.2735227717182452e+148,0.5618609421548211,1.7621756603722781e+148,0.04791666666666667,False,0.922361247241497,hz400_fixed_time_h80,FIXED_TIME
hz400_h80,400,0.0025,80,200.0,random_points.csv,PF_KCW,1,2.5,False,,,0.003276255157397092,0.0007163560545364641,0.0035515919360094403,1.0,True,4.287495672702789,hz400_fixed_time_h80,FIXED_TIME
hz400_h80,400,0.0025,80,200.0,random_points.csv,PF_KCW,2,5.0,False,,,0.0048897430641123415,0.0010724989698630732,0.005251597980214018,1.0,True,4.27974009513855,hz400_fixed_time_h80,FIXED_TIME
hz400_h80,400,0.0025,80,200.0,random_points.csv,PF_KCW,4,10.0,False,,,0.008135749655160403,0.0017847662826197296,0.008447566263528904,1.0,True,4.269011475145817,hz400_fixed_time_h80,FIXED_TIME
hz400_h80,400,0.0025,80,200.0,random_points.csv,PF_KCW,8,20.0,False,,,0.014662993776495374,0.00320468606170526,0.013934987007550683,1.0,True,4.27354372292757,hz400_fixed_time_h80,FIXED_TIME
hz400_h80,400,0.0025,80,200.0,random_points.csv,PF_KCW,20,50.0,False,,,0.03475510009517293,0.007424494565079393,0.02567508901111473,1.0,True,4.266478396952152,hz400_fixed_time_h80,FIXED_TIME
hz400_h80,400,0.0025,80,200.0,random_points.csv,PF_KCW,40,100.0,False,,,0.06909839077181826,0.014350617072361155,0.038056883091898315,1.0,True,4.274358160793781,hz400_fixed_time_h80,FIXED_TIME
hz400_h80,400,0.0025,80,200.0,random_points.csv,PF_KCW,80,200.0,False,,,0.14392448946733505,0.028097731629641725,0.06397256411339743,1.0,True,4.270630016922951,hz400_fixed_time_h80,FIXED_TIME
hz400_h80,400,0.0025,80,200.0,random_points.csv,PF_KCW,200,500.0,False,,,0.43285687656824495,0.0694595667608929,0.1454470585882878,0.7097916666666667,False,4.27548386156559,hz400_fixed_time_h80,FIXED_TIME
hz400_h80,400,0.0025,80,200.0,random_points.csv,PF_KCW,400,1000.0,False,,,1.2557903176188219,0.14511791803876462,0.34035951983205015,0.36604166666666665,False,4.258558392524719,hz400_fixed_time_h80,FIXED_TIME
hz400_h80,400,0.0025,80,200.0,random_points.csv,PF_KCW,infinity,,True,936.0,2340.0,2.138311327448266e+122,1.164461297020655,1.290630526169507e+122,0.045,False,1.7483670115470886,hz400_fixed_time_h80,FIXED_TIME
hz400_h80,400,0.0025,80,200.0,random_points.csv,J_KCW,1,2.5,False,,,0.0014558192340234516,0.0007152164093556068,0.003871593482275119,1.0,True,4.332419507205486,hz400_fixed_time_h80,FIXED_TIME
hz400_h80,400,0.0025,80,200.0,random_points.csv,J_KCW,2,5.0,False,,,0.0021818079799500218,0.0010715134035675685,0.005746186888101247,1.0,True,4.300228528678417,hz400_fixed_time_h80,FIXED_TIME
hz400_h80,400,0.0025,80,200.0,random_points.csv,J_KCW,4,10.0,False,,,0.003631138867679614,0.0017838717303654554,0.009293772213229091,1.0,True,4.310567677021027,hz400_fixed_time_h80,FIXED_TIME
hz400_h80,400,0.0025,80,200.0,random_points.csv,J_KCW,8,20.0,False,,,0.006515897500206259,0.0032026307187234615,0.015486129321084341,1.0,True,4.311823636293411,hz400_fixed_time_h80,FIXED_TIME
hz400_h80,400,0.0025,80,200.0,random_points.csv,J_KCW,20,50.0,False,,,0.015142672150645013,0.007387901985929415,0.02862058293216036,1.0,True,4.316607549786568,hz400_fixed_time_h80,FIXED_TIME
hz400_h80,400,0.0025,80,200.0,random_points.csv,J_KCW,40,100.0,False,,,0.029501706187508994,0.01430405752268508,0.04030280567699989,1.0,True,4.327191598713398,hz400_fixed_time_h80,FIXED_TIME
hz400_h80,400,0.0025,80,200.0,random_points.csv,J_KCW,80,200.0,False,,,0.06074894582656938,0.028098973649749056,0.06309607166197892,0.969375,True,4.314564444124699,hz400_fixed_time_h80,FIXED_TIME
hz400_h80,400,0.0025,80,200.0,random_points.csv,J_KCW,200,500.0,False,,,0.18038425475025519,0.06841112746010117,0.12659625441319672,0.4191666666666667,False,4.307629466056824,hz400_fixed_time_h80,FIXED_TIME
hz400_h80,400,0.0025,80,200.0,random_points.csv,J_KCW,400,1000.0,False,,,0.47764638338629994,0.1323168474787161,0.2219289209662194,0.21458333333333332,False,4.297156184911728,hz400_fixed_time_h80,FIXED_TIME
hz400_h80,400,0.0025,80,200.0,random_points.csv,J_KCW,infinity,,True,2122.0,5305.0,4.791102904922148,1.0770470485203723,1.260158391883122,0.017708333333333333,False,4.330525293946266,hz400_fixed_time_h80,FIXED_TIME
hz400_h80,400,0.0025,80,200.0,slanted_circle_1.csv,PF_KCW,1,2.5,False,,,0.002731074633729154,0.0005577338582391424,0.003221803606860521,1.0,True,4.274391822516918,hz400_fixed_time_h80,FIXED_TIME
hz400_h80,400,0.0025,80,200.0,slanted_circle_1.csv,PF_KCW,2,5.0,False,,,0.00405038781400761,0.000834222597967007,0.00474549781239015,1.0,True,4.262756980955601,hz400_fixed_time_h80,FIXED_TIME
hz400_h80,400,0.0025,80,200.0,slanted_circle_1.csv,PF_KCW,4,10.0,False,,,0.006700015402684324,0.0013863119372841447,0.007572555707793972,1.0,True,4.267566278576851,hz400_fixed_time_h80,FIXED_TIME
hz400_h80,400,0.0025,80,200.0,slanted_circle_1.csv,PF_KCW,8,20.0,False,,,0.012057531164972797,0.0024818697782207112,0.0121996870851465,1.0,True,4.272718720138073,hz400_fixed_time_h80,FIXED_TIME
hz400_h80,400,0.0025,80,200.0,slanted_circle_1.csv,PF_KCW,20,50.0,False,,,0.028276475920625918,0.005721978013982527,0.022178033993687625,1.0,True,4.278265602886677,hz400_fixed_time_h80,FIXED_TIME
hz400_h80,400,0.0025,80,200.0,slanted_circle_1.csv,PF_KCW,40,100.0,False,,,0.05655760139104435,0.011090381607879042,0.03555133108927946,1.0,True,4.2739042937755585,hz400_fixed_time_h80,FIXED_TIME
hz400_h80,400,0.0025,80,200.0,slanted_circle_1.csv,PF_KCW,80,200.0,False,,,0.11873019201731691,0.02170721728727422,0.06040309529053995,1.0,True,4.263048805296421,hz400_fixed_time_h80,FIXED_TIME
hz400_h80,400,0.0025,80,200.0,slanted_circle_1.csv,PF_KCW,200,500.0,False,,,0.3446551160222398,0.053534195771194365,0.15271437826046041,0.8075,False,4.265899196267128,hz400_fixed_time_h80,FIXED_TIME
hz400_h80,400,0.0025,80,200.0,slanted_circle_1.csv,PF_KCW,400,1000.0,False,,,1.0866387177709385,0.12176576024614374,0.3808665655201275,0.4197916666666667,False,4.271325424313545,hz400_fixed_time_h80,FIXED_TIME
hz400_h80,400,0.0025,80,200.0,slanted_circle_1.csv,PF_KCW,infinity,,True,765.0,1912.5,5.540304618558001e+85,1.4547841650951598,3.0127115520583064e+85,0.025416666666666667,False,1.5479806959629059,hz400_fixed_time_h80,FIXED_TIME
hz400_h80,400,0.0025,80,200.0,slanted_circle_1.csv,J_KCW,1,2.5,False,,,0.0006285541050416028,0.0004304812946613736,0.0032633134827755664,1.0,True,4.3216580376029015,hz400_fixed_time_h80,FIXED_TIME
hz400_h80,400,0.0025,80,200.0,slanted_circle_1.csv,J_KCW,2,5.0,False,,,0.000938764348853937,0.0006430931630675136,0.0048215619712472305,1.0,True,4.32131677120924,hz400_fixed_time_h80,FIXED_TIME
hz400_h80,400,0.0025,80,200.0,slanted_circle_1.csv,J_KCW,4,10.0,False,,,0.0015549759900665933,0.0010660011884105628,0.007705725121132203,1.0,True,4.315189898014069,hz400_fixed_time_h80,FIXED_TIME
hz400_h80,400,0.0025,80,200.0,slanted_circle_1.csv,J_KCW,8,20.0,False,,,0.002768002478762116,0.0019043037885759476,0.012442345712599426,1.0,True,4.3106865510344505,hz400_fixed_time_h80,FIXED_TIME
hz400_h80,400,0.0025,80,200.0,slanted_circle_1.csv,J_KCW,20,50.0,False,,,0.005955206430332299,0.004364916975929256,0.0224498639670324,1.0,True,4.331655919551849,hz400_fixed_time_h80,FIXED_TIME
hz400_h80,400,0.0025,80,200.0,slanted_circle_1.csv,J_KCW,40,100.0,False,,,0.011325562722934866,0.008390222220852213,0.03381112107829672,1.0,True,4.3175254464149475,hz400_fixed_time_h80,FIXED_TIME
hz400_h80,400,0.0025,80,200.0,slanted_circle_1.csv,J_KCW,80,200.0,False,,,0.022475982186554503,0.016099643181422225,0.05268695265070619,0.9985416666666667,True,4.316957399249077,hz400_fixed_time_h80,FIXED_TIME
hz400_h80,400,0.0025,80,200.0,slanted_circle_1.csv,J_KCW,200,500.0,False,,,0.07342853705557481,0.03870458108632022,0.11583485739970342,0.858125,False,4.305995240807533,hz400_fixed_time_h80,FIXED_TIME
hz400_h80,400,0.0025,80,200.0,slanted_circle_1.csv,J_KCW,400,1000.0,False,,,0.22345112727273697,0.07284549498009849,0.22301186256757313,0.47458333333333336,False,4.29836705327034,hz400_fixed_time_h80,FIXED_TIME
hz400_h80,400,0.0025,80,200.0,slanted_circle_1.csv,J_KCW,infinity,,True,1874.0,4685.0,1.7548619884843794e+71,0.9678030165680129,8.326407511814568e+71,0.043125,False,2.7435284182429314,hz400_fixed_time_h80,FIXED_TIME
hz400_h80,400,0.0025,80,200.0,slanted_circle_2.csv,PF_KCW,1,2.5,False,,,0.0055727264213042875,0.001072918193003935,0.004052584147945548,1.0,True,4.326884210109711,hz400_fixed_time_h80,FIXED_TIME
hz400_h80,400,0.0025,80,200.0,slanted_circle_2.csv,PF_KCW,2,5.0,False,,,0.008333809263949773,0.0016069302793764331,0.005990538327602119,1.0,True,4.305332623422146,hz400_fixed_time_h80,FIXED_TIME
hz400_h80,400,0.0025,80,200.0,slanted_circle_2.csv,PF_KCW,4,10.0,False,,,0.01387026256621957,0.0026729126142306728,0.009574759233111681,1.0,True,4.294333927333355,hz400_fixed_time_h80,FIXED_TIME
hz400_h80,400,0.0025,80,200.0,slanted_circle_2.csv,PF_KCW,8,20.0,False,,,0.02503098738157947,0.004797451084159504,0.015718602276721436,1.0,True,4.3022667691111565,hz400_fixed_time_h80,FIXED_TIME
hz400_h80,400,0.0025,80,200.0,slanted_circle_2.csv,PF_KCW,20,50.0,False,,,0.059450006276321826,0.011115779558764794,0.027831535076704855,1.0,True,4.296343840658665,hz400_fixed_time_h80,FIXED_TIME
hz400_h80,400,0.0025,80,200.0,slanted_circle_2.csv,PF_KCW,40,100.0,False,,,0.11864278464395298,0.021512776790687898,0.040741891357168686,0.9775,True,4.30458801984787,hz400_fixed_time_h80,FIXED_TIME
hz400_h80,400,0.0025,80,200.0,slanted_circle_2.csv,PF_KCW,80,200.0,False,,,0.2544739425177925,0.04161579283110504,0.06751485280341211,0.8852083333333334,False,4.299865834414959,hz400_fixed_time_h80,FIXED_TIME
hz400_h80,400,0.0025,80,200.0,slanted_circle_2.csv,PF_KCW,200,500.0,False,,,0.765380821698593,0.0960466410325666,0.21480077684096263,0.6533333333333333,False,4.317549876868725,hz400_fixed_time_h80,FIXED_TIME
hz400_h80,400,0.0025,80,200.0,slanted_circle_2.csv,PF_KCW,400,1000.0,True,3949.0,9872.5,2.1922481426117817,0.17439780444733533,0.8611077558632474,0.3616666666666667,False,4.310488559305668,hz400_fixed_time_h80,FIXED_TIME
hz400_h80,400,0.0025,80,200.0,slanted_circle_2.csv,PF_KCW,infinity,,True,584.0,1460.0,2.0878193691774885e+97,0.9025142367853172,1.2571604689325615e+97,0.019375,False,0.7824052050709724,hz400_fixed_time_h80,FIXED_TIME
hz400_h80,400,0.0025,80,200.0,slanted_circle_2.csv,J_KCW,1,2.5,False,,,0.0013613777773223868,0.001333706286420062,0.004765751985166189,1.0,True,4.3337623327970505,hz400_fixed_time_h80,FIXED_TIME
hz400_h80,400,0.0025,80,200.0,slanted_circle_2.csv,J_KCW,2,5.0,False,,,0.002039716245990635,0.0019979864377489944,0.007076234743683096,1.0,True,4.3133794516325,hz400_fixed_time_h80,FIXED_TIME
hz400_h80,400,0.0025,80,200.0,slanted_circle_2.csv,J_KCW,4,10.0,False,,,0.0033942847832631735,0.0033230662242243448,0.011456963389770201,1.0,True,4.317617669701576,hz400_fixed_time_h80,FIXED_TIME
hz400_h80,400,0.0025,80,200.0,slanted_circle_2.csv,J_KCW,8,20.0,False,,,0.006098084861860298,0.00595932818758484,0.01921084546351672,1.0,True,4.359723500907421,hz400_fixed_time_h80,FIXED_TIME
hz400_h80,400,0.0025,80,200.0,slanted_circle_2.csv,J_KCW,20,50.0,False,,,0.014275045967161013,0.013765278665556453,0.03700228332308593,0.9979166666666667,True,4.308370001614094,hz400_fixed_time_h80,FIXED_TIME
hz400_h80,400,0.0025,80,200.0,slanted_circle_2.csv,J_KCW,40,100.0,False,,,0.02788888349112895,0.026515203254904963,0.05690226070829901,0.9470833333333334,True,4.310577027499676,hz400_fixed_time_h80,FIXED_TIME
hz400_h80,400,0.0025,80,200.0,slanted_circle_2.csv,J_KCW,80,200.0,False,,,0.060720216122451424,0.05092644761991954,0.09199562539506358,0.865625,False,4.29676416516304,hz400_fixed_time_h80,FIXED_TIME
hz400_h80,400,0.0025,80,200.0,slanted_circle_2.csv,J_KCW,200,500.0,False,,,0.23249436071637272,0.11449514008306773,0.19030352410752926,0.6260416666666667,False,4.316674739122391,hz400_fixed_time_h80,FIXED_TIME
hz400_h80,400,0.0025,80,200.0,slanted_circle_2.csv,J_KCW,400,1000.0,False,,,0.6992418430696598,0.19764944836628506,0.3255950365309642,0.3414583333333333,False,4.312600404024124,hz400_fixed_time_h80,FIXED_TIME
hz400_h80,400,0.0025,80,200.0,slanted_circle_2.csv,J_KCW,infinity,,True,1712.0,4280.0,1.2817476516750273e+34,0.4672860297104,6.035548079215481e+34,0.021041666666666667,False,1.5913827493786812,hz400_fixed_time_h80,FIXED_TIME
