scenario,seed,variable,distribution,rank,normalized_excess_rmse,validation_contribution_r2,empirical_operator_nrmse,modal_gains,refit_intercept
AR-S1,0,0,PERM,1,0.0006704214367475961,0.9999846906079743,0.003912721818072017,[1.000003858321962],-0.003125215854250653
AR-S1,0,0,PERM,2,0.0005993906181449526,0.9999847808037641,0.0039011788264428832,"[1.0000029918681164, 0.8829022158734585]",-0.0031252111228802794
AR-S1,0,0,PERM,3,0.0005125934318677732,0.9999848773208508,0.0038887889051940133,"[1.000002527860083, 0.8869588255567825, 0.9562474095482048]",-0.0031252120949298396
AR-S1,0,0,PERM,4,0.0004131931557890517,0.9999849693442933,0.003876938960927422,"[1.0000012069756012, 0.9257182488070121, 0.9500716606223419, 0.9869483552559368]",-0.00312521113550749
AR-S1,0,0,PERM,5,0.00041775267487248474,0.9999849655555799,0.003877427551886586,"[1.000000468576266, 0.9507236157449456, 0.9624157283479899, 0.9785175377350425, 0.9234023185065714]",-0.0031252180848669944
AR-S1,0,0,PERM,6,0.00033055899766694965,0.9999850308036263,0.0038690045714246273,"[1.0000011880233113, 0.9567835846366207, 0.9747776597156419, 0.9885556994215535, 0.9429666666671446, 0.960456934217523]",-0.0031252152208854317
AR-S1,0,0,PERM,7,0.0003176802723160642,0.9999850391521218,0.003867925526452765,"[1.0000023490777166, 0.9594532722986382, 0.9806087094943832, 0.9815931063705365, 0.9658162226837463, 0.9845454063465833, 0.9629056489771318]",-0.003125219396091848
AR-S1,0,0,PERM,8,0.00026119296899272193,0.9999850718511102,0.0038636962729771233,"[1.0000031298795242, 0.9733861247984414, 0.9670317238475538, 0.9760566725572845, 0.9807419556065834, 0.9672386092184395, 0.9961248478978074, 0.9421342602982716]",-0.003125200126343059
AR-S1,0,0,PERM,9,0.00022597561607446404,0.9999850890078982,0.0038614753788968168,"[1.000001100051199, 0.9810666803204834, 0.9691221376636636, 0.9934518139790436, 0.9785092621635313, 0.981308618144544, 0.9890944709001999, 0.9719409807811071, 0.9348481951007231]",-0.003125202234549584
AR-S1,0,0,PERM,10,0.0001904424269815845,0.9999851038045593,0.003859558969721893,"[0.999999203638657, 0.9757630285791061, 0.9730065275193467, 0.9883458961723581, 0.9809866293908536, 0.9806716108274219, 0.9903274515430425, 0.9847822821239687, 0.9353338995000342, 1.0237667256648135]",-0.0031252064589237355
AR-S1,0,0,PERM,11,0.00019226588139643024,0.9999851031067081,0.003859649374219792,"[0.999999813035522, 0.9787180415929613, 0.9754029332390175, 0.9926638649425468, 0.9830163890137079, 0.9839715978527352, 0.9891048378173409, 0.9980869520235283, 0.9317274206668578, 1.0266458695470377, 1.024874580546589]",-0.003125205475766669
AR-S1,0,0,PERM,12,0.00018502116408034358,0.9999851058400461,0.0038592952664863213,"[1.0000008790993054, 0.9806910227099906, 0.9772021509948342, 0.9931824665659957, 0.9883737283570094, 0.9887656283686542, 0.9905135222455248, 1.0037744867158622, 0.9546506839373717, 1.038782031367669, 1.0563582141694714, 0.9506435054580734]",-0.0031252284925903113
AR-S1,0,1,PERM,1,0.0001380703191178634,0.9999994488977633,0.0007423626046039642,[1.0000008544195265],0.009880399075547816
AR-S1,0,1,PERM,2,0.0001135127512112997,0.9999994550760316,0.0007381896561051444,"[1.0000006347834791, 0.989478415296809]",0.009880399681146458
AR-S1,0,1,PERM,3,9.908535318779697e-05,0.9999994581432691,0.0007361091840952832,"[1.0000005782368606, 0.9957944060085663, 0.9122258797219458]",0.009880400058726074
AR-S1,0,1,PERM,4,8.867039373662004e-05,0.9999994600987376,0.000734779737348874,"[1.0000002291176748, 1.0010846074629485, 0.9472375379281737, 0.9677043177035116]",0.009880401577854386
AR-S1,0,1,PERM,5,8.635798906627231e-05,0.999999460503474,0.0007345042722603073,"[1.0000001517046644, 0.9958570140416393, 0.946279192522193, 0.9588634579980361, 0.9512024499811809]",0.009880400267033641
AR-S1,0,1,PERM,6,7.353165014526728e-05,0.9999994625542727,0.000733106900299103,"[1.0000003744178791, 1.0011575219045445, 0.9590877900576882, 0.9273007187047798, 0.9681628845067578, 0.9769398496747644]",0.0098804004471775
AR-S1,0,1,PERM,7,6.548145534691843e-05,0.9999994636733553,0.0007323432560537602,"[1.0000006558979289, 1.005488563052524, 0.9601032206111975, 0.9315001226028333, 0.9578449224986387, 0.9707107983820853, 1.0493407323318271]",0.009880401035287964
AR-S1,0,1,PERM,8,5.715827768510484e-05,0.9999994646941076,0.0007316460157760723,"[1.0000009734184128, 0.9880918764772145, 0.9800631251139926, 0.9240240449782142, 0.9170657404477026, 0.9346224112396283, 1.0155525661462363, 0.9845690259805396]",0.009880404391444964
AR-S1,0,1,PERM,9,5.6152442685550184e-05,0.9999994648080794,0.0007315681243142206,"[1.0000009773131624, 0.9892877691319374, 0.9801029018835147, 0.9251357068250773, 0.9270106688327187, 0.9321258258188991, 1.0250178965644874, 1.0001391907076909, 0.9874219260361765]",0.009880403233309049
AR-S1,0,1,PERM,10,5.198731913761502e-05,0.9999994652584949,0.0007312602170528555,"[1.0000006832423276, 0.9889417192719998, 0.9863830585687915, 0.9541317719108818, 0.9292044756643741, 0.9490376203291473, 1.0157009013167377, 0.9857565832180314, 0.9926879900293288, 0.8184734069696369]",0.009880403946955009
AR-S1,0,1,PERM,11,3.9160458597729776e-05,0.9999994664276348,0.0007304603789464954,"[1.0000004816195225, 0.9961506353678905, 0.9927375350621701, 0.9540177844125454, 0.9441577270887357, 0.9645327241797148, 1.0277513978642239, 0.9916475025330475, 1.0312807618490891, 0.8218372964420882, 0.9710407518418113]",0.009880404930063312
AR-S1,0,1,PERM,12,3.5964343348565565e-05,0.9999994666677423,0.0007302960068941679,"[1.0000005156878362, 0.9967550423274611, 0.9940852344642531, 0.9596413922579737, 0.9498111926543327, 0.965194965377699, 1.030504386017358, 0.9943338827453209, 1.0070351663164532, 0.8553240136529178, 0.9747985372282256, 1.00577221085856]",0.009880404942942136
AR-S1,0,2,PERM,1,4.8328666102491994e-05,0.9999998838588907,0.0003407948198499908,[0.9999990269547326],-0.003232583111070009
AR-S1,0,2,PERM,2,4.41456048143158e-05,0.9999998842457163,0.0003402268121323822,"[1.0000001964287348, 0.9270094860912128]",-0.0032325632829995144
AR-S1,0,2,PERM,3,3.86927888732496e-05,0.9999998846974189,0.00033956233769387814,"[1.000000074808112, 0.9463766853512527, 0.9213598307925212]",-0.0032325686817488482
AR-S1,0,2,PERM,4,3.3977776681975045e-05,0.9999998850400614,0.0003390574266663269,"[1.0000001063503081, 0.9643767686849309, 0.9330713205760044, 0.9450464964992941]",-0.0032325709878276224
AR-S1,0,2,PERM,5,3.503672374450792e-05,0.9999998849669787,0.0003391651828830467,"[0.999999656870213, 0.989140082085889, 0.9532534332820388, 0.9494895812812623, 0.9023144785369953]",-0.0032325724586100917
AR-S1,0,2,PERM,6,2.9030673488931333e-05,0.9999998853517708,0.0003385974442794311,"[0.9999995770118963, 0.982413448999505, 0.9498893610919819, 0.9422132135062613, 0.9132916034707587, 0.8325670521717029]",-0.003232574044076604
AR-S1,0,2,PERM,7,2.518231719183629e-05,0.9999998855604016,0.00033828922295646923,"[0.9999995771692489, 0.9884817004023063, 0.9647981480675626, 0.94932359568574, 0.9466901080799047, 0.8477105710697683, 0.8780723674942295]",-0.0032325746920852483
AR-S1,0,2,PERM,8,2.39079227057503e-05,0.9999998856229619,0.00033819674456955616,"[0.9999996746689654, 0.989911660374618, 0.9656552206651647, 0.9485361145370782, 0.9368885644453877, 0.8806955047395888, 0.9037113905169041, 0.8707308020997016]",-0.0032325748623816303
AR-S1,0,2,PERM,9,2.268410429986264e-05,0.9999998856799821,0.000338112433751302,"[1.0000000176315762, 0.9849704526041473, 0.9700654692320771, 0.9532468858136225, 0.9430090006120267, 0.9223751066951176, 0.9062099108553369, 0.9351018530972999, 0.8895386215250604]",-0.003232575738827284
AR-S1,0,2,PERM,10,1.9405064776083218e-05,0.9999998858179941,0.00033790828017126996,"[0.9999998451219199, 0.9844075149218721, 0.9683212771422471, 0.9501169015204687, 0.9334863562292622, 0.928607471851111, 0.9063588511919628, 0.932158854654244, 0.8870364632967481, 1.0275759124377717]",-0.0032325786064606424
AR-S1,0,2,PERM,11,1.868528745664551e-05,0.9999998858454108,0.00033786770966856095,"[0.9999997854506748, 0.9928221100803422, 0.9752468357750408, 0.9643508551223078, 0.9340648255679507, 0.9314912911014865, 0.9109869449426548, 0.961516207467889, 0.9083606804540109, 1.0372769396297086, 0.9826273103579508]",-0.003232577962565526
AR-S1,0,2,PERM,12,1.804258230011815e-05,0.999999885869016,0.00033783277526817625,"[0.9999998844939899, 0.9897601514968061, 0.9795688587833107, 0.9676865644947527, 0.9432949879370811, 0.9387191921917302, 0.9102708093289099, 0.9609699268544036, 0.9161984890938742, 1.0313510311362557, 0.9838566884361514, 0.9922519913882186]",-0.0032325781783435177
AR-S1,1,0,PERM,1,0.0005434427503921668,0.9999855806237422,0.003797285380083882,[1.0000015549267203],-0.042387693475605934
AR-S1,1,0,PERM,2,0.0004645432099488817,0.9999856601533712,0.003786798995029258,"[1.0000006346492205, 1.0052623450593123]",-0.04238769813405721
AR-S1,1,0,PERM,3,0.00040610671954088184,0.9999857110310975,0.0037800752509045688,"[0.9999990474725818, 1.0183184128312655, 0.905575800000138]",-0.042387686845980835
AR-S1,1,0,PERM,4,0.00033556742491612116,0.9999857633482685,0.0037731487820532356,"[0.9999978985873583, 1.0240018285472583, 0.921423301966146, 0.8337382648681674]",-0.04238767135498266
AR-S1,1,0,PERM,5,0.000342083640090865,0.9999857589325484,0.003773733887234604,"[0.9999993187873849, 1.0388415980301413, 0.9318285645986052, 0.8612843267416302, 0.9224933774584047]",-0.04238766557460259
AR-S1,1,0,PERM,6,0.0002610973363110011,0.9999858077819461,0.0037672560377380354,"[0.9999979033327643, 1.027433857961991, 0.9672207310298454, 0.9215947637824523, 0.8977427771724019, 0.9719183919411971]",-0.04238766133982227
AR-S1,1,0,PERM,7,0.0002364011297016035,0.9999858200682711,0.003765625011730347,"[0.9999983062875311, 1.0177427833425035, 0.9867813698602605, 0.9351958589194356, 0.9366949432654876, 0.9687861537837844, 0.8410278117100576]",-0.042387659219234805
AR-S1,1,0,PERM,8,0.0002197099264853293,0.9999858276813134,0.00376461401562513,"[0.9999984790339793, 0.9987436124253414, 0.9961393837751916, 0.9499718982956746, 0.9691979452103765, 0.967019650588493, 0.8976768034612346, 0.9905686004826787]",-0.04238765390937992
AR-S1,1,0,PERM,9,0.00020805362834425673,0.9999858326674529,0.003763951719551168,"[0.9999989181641304, 1.0043503268460807, 0.99817997713174, 0.9452973982623505, 0.9592700371437198, 0.9906472567330805, 0.9302069254925988, 0.9879001727740078, 0.9343341384602587]",-0.042387692596741314
AR-S1,1,0,PERM,10,0.0001754693649301368,0.9999858451642671,0.0037622912876163614,"[0.9999978400272389, 1.001890529836143, 0.9913472898863572, 0.9518744449186849, 0.979854209427922, 0.9852217167140405, 0.9471033119440521, 0.9957351584075383, 0.9411867164619617, 0.9746134726237725]",-0.04238770852119208
AR-S1,1,0,PERM,11,0.00016226016375154806,0.9999858496254044,0.0037616983658429696,"[0.9999989705523185, 0.9992118370711661, 0.991657506461353, 0.9728247541868756, 0.9823239439955395, 1.001374377681426, 0.9632729388314053, 0.9820193661557928, 0.9765949790638797, 0.9984158975461506, 0.9537921058659656]",-0.042387697876369534
AR-S1,1,0,PERM,12,0.00015642307475519343,0.9999858514855868,0.0037614511047148877,"[0.9999996291927429, 1.0010985598528697, 0.9921940125448612, 0.9762524432330305, 0.988001942483559, 1.005937163656358, 0.9740486419797831, 0.9842677527795112, 0.9783858456586291, 1.0093462913684867, 0.9443776903009002, 0.985941848970973]",-0.042387704078404906
AR-S1,1,1,PERM,1,0.0001076266044326818,0.9999993923921063,0.0007794920741610176,[0.9999971937628537],0.0015969137736056608
AR-S1,1,1,PERM,2,0.00010195491018610783,0.9999993935807886,0.0007787292285571367,"[0.9999975841295059, 0.7835689582054473]",0.0015969124048783642
AR-S1,1,1,PERM,3,8.505832759256432e-05,0.9999993967406732,0.0007766977061836734,"[0.9999972342219648, 0.7851900298247909, 0.9380232081771845]",0.0015969164114342067
AR-S1,1,1,PERM,4,8.382247412696107e-05,0.9999993969493851,0.0007765633360305529,"[0.9999977854956463, 0.8493844819950229, 0.9420209945505785, 1.01464828700818]",0.0015969165585263843
AR-S1,1,1,PERM,5,7.429958188086648e-05,0.9999993984551644,0.0007755932152654558,"[0.9999979662037648, 0.8783498885681863, 0.9467531790887415, 1.005220867733284, 0.8546124737524143]",0.0015969163120363183
AR-S1,1,1,PERM,6,6.372431958500903e-05,0.9999993999148034,0.0007746516614612717,"[0.9999978942179588, 0.8839346780843081, 0.9641652954601699, 1.0047549874952966, 0.8447506539601729, 0.8926021279577256]",0.0015969165500637355
AR-S1,1,1,PERM,7,6.489798902141002e-05,0.9999993997638433,0.0007747490927243214,"[0.9999977389425373, 0.9020861183319033, 0.9668187682984858, 1.0009660070659876, 0.8731363408792667, 0.9103287688260576, 0.6242899699449864]",0.0015969157327270622
AR-S1,1,1,PERM,8,5.3023238274561076e-05,0.9999994011641286,0.0007738448626793727,"[0.9999980516313224, 0.9193266132984006, 1.0003245565392107, 1.0280948732142865, 0.8709153592130924, 0.9374428465284963, 0.6509415314938882, 0.9007741504257729]",0.001596916630801469
AR-S1,1,1,PERM,9,4.3435661651175994e-05,0.9999994020889356,0.0007732470914275796,"[0.999997787601577, 0.904169001656635, 0.9928077502317144, 1.0287096144141221, 0.8737714633382844, 0.8914006628628927, 0.7093740505987477, 0.9252497185771724, 0.5743869047411178]",0.0015969170633057688
AR-S1,1,1,PERM,10,3.1765354812430235e-05,0.9999994029665545,0.0007726793937102865,"[0.9999973957870661, 0.9178596349748922, 0.9932640099658094, 1.0429240830025972, 0.8770122246487974, 0.8859845894865941, 0.7527147291600375, 0.9307243893903557, 0.6194764644401198, 0.9372119092909911]",0.0015969165697196483
AR-S1,1,1,PERM,11,2.3081256089824864e-05,0.9999994034428479,0.000772371123282597,"[0.9999979606354055, 0.9345979518385858, 0.9997857151880677, 1.0440672187921782, 0.8913164945188451, 0.8694912557679416, 0.7927953188719328, 0.9752605733374717, 0.6857286831391528, 0.9804901157102744, 0.7814072844176161]",0.0015969124357756062
AR-S1,1,1,PERM,12,2.1041010325803168e-05,0.9999994035328682,0.0007723128458168145,"[0.9999980260623242, 0.9359526656484466, 1.001579191790874, 1.0448366564007514, 0.8947801491379924, 0.8705478161330866, 0.7981773739933256, 0.9772341064116469, 0.6808835481026514, 0.9901449881413497, 0.7759742695112456, 0.581715574674545]",0.0015969123070502635
AR-S1,1,2,PERM,1,3.9730237801752615e-05,0.9999998905418612,0.0003308445839832513,[0.9999998896622132],-0.039698430266235714
AR-S1,1,2,PERM,2,3.58381890284081e-05,0.9999998908359773,0.00033039979229427895,"[0.9999996626772847, 0.9408411008780309]",-0.039698429787762606
AR-S1,1,2,PERM,3,3.394102295032863e-05,0.9999998909683601,0.00033019939429711486,"[1.0000005668348366, 0.9582380639431279, 0.995345710495982]",-0.03969842832535295
AR-S1,1,2,PERM,4,3.2062026484633916e-05,0.9999998910923795,0.00033001154600645143,"[1.000000659705033, 0.9637067194845235, 1.003909716442812, 0.7662064286995388]",-0.03969842702524117
AR-S1,1,2,PERM,5,2.9522288683417774e-05,0.9999998912487875,0.0003297744873157623,"[1.0000003613347186, 0.9703470848904574, 0.996081460277934, 0.8016326416719776, 0.9047556274286207]",-0.03969843183271952
AR-S1,1,2,PERM,6,2.4119224061321845e-05,0.9999998915386161,0.00032933475966649353,"[1.0000000815765868, 0.9889229568757674, 0.9876873841824924, 0.8787165346184684, 0.8929504591999069, 0.8947314651228516]",-0.039698432264934316
AR-S1,1,2,PERM,7,1.9277687227510716e-05,0.9999998917487238,0.0003290156169243468,"[0.9999995270811173, 0.9921525635042486, 0.9970770046953412, 0.894889422063233, 0.9012679496911119, 0.903544643652256, 0.9599055358716057]",-0.039698432112324544
AR-S1,1,2,PERM,8,1.97174548871034e-05,0.999999891731575,0.00032904167666496557,"[0.9999997824294069, 0.9938066138924536, 1.0026300676161803, 0.9054436390451391, 0.9253547927774851, 0.9198096502295917, 0.9487023658248748, 0.8010032376953111]",-0.039698432503802124
AR-S1,1,2,PERM,9,1.659055645411468e-05,0.9999998918451065,0.00032886911305065426,"[0.9999997510293047, 0.9965255779770178, 1.0001072528116433, 0.9316166766646979, 0.9276578583015271, 0.9313993515292337, 0.9508633260898114, 0.8149710062438994, 0.8775919013296223]",-0.039698430436162994
AR-S1,1,2,PERM,10,1.4115035550634042e-05,0.9999998919211188,0.0003287535264964659,"[0.9999996673315604, 0.9936402357164613, 0.9963840154924888, 0.9595336539272752, 0.941401731740603, 0.9441865604996215, 0.955825274857848, 0.8339271615933149, 0.8966524254266129, 0.9101378971463987]",-0.03969843052199486
AR-S1,1,2,PERM,11,1.3021396558623736e-05,0.9999998919507963,0.0003287083870600258,"[0.9999995186502096, 0.9946746505380408, 0.9923154295719498, 0.9604177096137485, 0.9447876273785649, 0.9483755406082156, 0.963493145399152, 0.8509637066270078, 0.9144092740912853, 0.9136881623678325, 0.9263775088156597]",-0.03969843207627941
AR-S1,1,2,PERM,12,1.1810366617919312e-05,0.9999998919808682,0.00032866264119141444,"[0.9999997202438491, 0.9932025077787083, 0.9946284530427413, 0.9852502021938301, 0.9701214830849664, 0.9558188777270721, 0.961814705347753, 0.9004100864938409, 0.9266028274774201, 0.9431255207594355, 0.942224316773365, 0.9527641436553007]",-0.039698433747856435
AR-S1,2,0,PERM,1,0.0005240781737705022,0.9999862331760495,0.0037103670910655457,[0.9999989805690415],-0.01944436772851666
AR-S1,2,0,PERM,2,0.00046363564261661574,0.9999862928759726,0.0037023133345712514,"[0.9999982688307313, 0.9277776544876115]",-0.019444368511539658
AR-S1,2,0,PERM,3,0.0003741795790885489,0.9999863678236244,0.0036921777280686874,"[0.9999982427090275, 0.9627871285363906, 0.890875637400374]",-0.019444387852790162
AR-S1,2,0,PERM,4,0.00030546675689734694,0.9999864145240422,0.003685848064938238,"[0.9999996820108235, 0.9924079977090322, 0.9279081953011349, 0.9861357007882422]",-0.019444392379512017
AR-S1,2,0,PERM,5,0.00026520963770998614,0.9999864374978298,0.0036827302603060458,"[0.9999994802696152, 0.9886312332002553, 0.9421281737987843, 0.9864556723406246, 0.8932592830291598]",-0.01944439580938078
AR-S1,2,0,PERM,6,0.00027029377228638286,0.9999864347752584,0.0036830998821069704,"[0.999998989315557, 0.988420941554398, 0.9462548316056646, 0.9999187436891147, 0.914959630057229, 0.8708391840719856]",-0.019444337176782414
AR-S1,2,0,PERM,7,0.00024702939929076165,0.9999864468104577,0.0036814656785516186,"[0.9999994357382385, 0.9883274291681915, 0.9557398314674158, 1.0113991727261435, 0.9340263310268935, 0.8835878989392983, 0.9027661561780714]",-0.01944433548290504
AR-S1,2,0,PERM,8,0.00021476539884353012,0.9999864617098052,0.0036794415601800225,"[0.9999991629703524, 0.9868403707183806, 0.9636847716800173, 0.9950041785090086, 0.9288916238487849, 0.9038427007408629, 0.9449340639075104, 0.9956951583869647]",-0.019444328456591168
AR-S1,2,0,PERM,9,0.0002064995739861363,0.9999864651919077,0.003678968346193812,"[0.9999975283965119, 0.9796555446328377, 0.9623705034402698, 0.9749688745624586, 0.9265652608189696, 0.9231752387453709, 0.9467199972234845, 1.0196609200209443, 0.9308376502962147]",-0.019444327758822762
AR-S1,2,0,PERM,10,0.00021099595702900328,0.9999864633146879,0.0036792234659126324,"[0.9999988296602667, 0.9892518437646629, 0.9825708032253008, 0.9841796574150496, 0.9386511091326957, 0.9419528371603577, 0.9667380784662517, 1.013722383068966, 0.960478195295259, 0.9435957344566537]",-0.019444332015146712
AR-S1,2,0,PERM,11,0.00019687143534686546,0.9999864690756197,0.0036784404820922566,"[0.9999995602005523, 0.9993634490589569, 0.9854379623235926, 1.0026003703755293, 0.9685488347095772, 0.9782342351193406, 0.9768972993024407, 1.0283570478289539, 0.9765211764632769, 0.961688238450401, 0.9624619661433637]",-0.019444324071844515
AR-S1,2,0,PERM,12,0.00016203385402945578,0.9999864815790119,0.003676740538587298,"[1.0000003771073227, 0.9924902029389927, 0.9950609712313493, 0.9986529146975426, 0.9988018534729003, 0.9829188587543605, 0.9813096135935809, 1.019373631483576, 0.9889316622066566, 0.964584375275376, 0.9621667554827312, 1.0520050505655694]",-0.019444323088120868
AR-S1,2,1,PERM,1,0.00014947678804495492,0.9999993521546642,0.0008048883996061361,[1.0000006481109285],0.011486142689487031
AR-S1,2,1,PERM,2,0.00013164079348901043,0.9999993571686758,0.0008017676247933106,"[1.000000463189591, 0.9272799193615586]",0.011486142608790322
AR-S1,2,1,PERM,3,0.000134511425791196,0.9999993564046507,0.0008022439462686339,"[1.000000467971552, 0.9240212033732281, 0.8839011161966525]",0.011486143653049194
AR-S1,2,1,PERM,4,0.0001185406275682688,0.9999993604460939,0.0007997211426744761,"[1.0000004512226266, 0.962429696675303, 0.8769230271320644, 0.9907368276688028]",0.011486144487348474
AR-S1,2,1,PERM,5,0.00010046689774946538,0.9999993644043768,0.0007972425121628249,"[1.0000005802393348, 0.9811752724431787, 0.9234029402473098, 0.9341936329520895, 0.96527180014103]",0.011486145613647258
AR-S1,2,1,PERM,6,9.489357824890201e-05,0.9999993654931831,0.0007965593617861576,"[1.0000004749250557, 0.9745572324051262, 0.9379415499317058, 0.9412466027859234, 0.9817157785535849, 0.9686849211771913]",0.011486142952488796
AR-S1,2,1,PERM,7,8.953474656492483e-05,0.9999993664815034,0.0007959387517257442,"[1.0000002544498727, 0.980884206329464, 0.9739166322364343, 0.9595558145809623, 0.9938212948765154, 0.9853918085097113, 0.8552637921071452]",0.011486143540663631
AR-S1,2,1,PERM,8,8.537112192271134e-05,0.9999993672097459,0.0007954811462974045,"[1.000000389471417, 0.9799055129937816, 0.982948787456364, 0.9594021672948098, 0.9994942768475988, 0.992862883120593, 0.8756458115684251, 1.0338471899044477]",0.011486143715998806
AR-S1,2,1,PERM,9,7.517384457492242e-05,0.9999993688468675,0.0007944514664625303,"[1.000000246723185, 0.987285940356159, 0.9847519693066127, 0.964009459550832, 0.9999554279693922, 0.9994341454776766, 0.9300264463047113, 1.0161862470659033, 0.9847966885768389]",0.01148614042639244
AR-S1,2,1,PERM,10,6.551081423146687e-05,0.9999993702063076,0.0007935954211294066,"[1.0000002539388624, 0.9847463743157936, 0.9841567860054328, 0.973579901294138, 0.9938524139764214, 0.9893663685304683, 0.9301915290702981, 0.9953200923799833, 0.9887604572243978, 0.9876069302772156]",0.011486139958675897
AR-S1,2,1,PERM,11,4.4028419599576594e-05,0.9999993725594726,0.0007921114362188738,"[1.0000000058819052, 1.0009720109107212, 0.9892158769299657, 0.9737381596358323, 0.9999380828299236, 0.9873416450785146, 0.9476987625147819, 0.9930569049492283, 0.9851025771943331, 0.986299363929743, 1.0038956618400412]",0.011486140334027593
AR-S1,2,1,PERM,12,4.224336961318236e-05,0.9999993727134721,0.0007920142220519569,"[0.999999816768172, 1.0017935406686833, 0.9985066441029067, 0.9846968136404354, 0.995327655338121, 0.9913982502582535, 0.9785014081769848, 1.0100116424713454, 0.9860622085133867, 1.0049737358195938, 0.9962094405624594, 1.0260658358583483]",0.01148614011698913
AR-S1,2,2,PERM,1,7.455099857914774e-05,0.9999998881209353,0.0003344832801446686,[0.999995658925221],0.010801549608911606
AR-S1,2,2,PERM,2,6.796334347268896e-05,0.9999998890597707,0.00033307691208364393,"[0.999998978533273, 0.8491996483190172]",0.010801552095578022
AR-S1,2,2,PERM,3,6.0260873820201075e-05,0.9999998900474137,0.000331590992369761,"[1.000000108780882, 0.8866066887399907, 0.9110827206551014]",0.010801557563891265
AR-S1,2,2,PERM,4,4.693269925107468e-05,0.9999998914761085,0.0003294296458520097,"[0.9999996951505226, 0.9191941630524364, 0.9518770487285854, 0.8970350230291151]",0.010801563439028926
AR-S1,2,2,PERM,5,4.089981517363774e-05,0.9999998920059918,0.00032862441812565673,"[0.9999995956366365, 0.91716879399697, 0.9548398908305534, 0.9097915548199694, 0.9546953131075233]",0.010801564938024992
AR-S1,2,2,PERM,6,3.6304642081333546e-05,0.9999998923607597,0.0003280841970346065,"[0.9999997516815544, 0.9323026060223429, 0.9725896692370253, 0.9352724289986398, 0.9549947978759168, 0.906823515697018]",0.01080156374125806
AR-S1,2,2,PERM,7,3.3620732892802267e-05,0.999999892548433,0.0003277980582423238,"[0.9999999506787742, 0.9446417122793656, 0.9867517290427712, 0.9649402132707579, 0.9521790531491899, 0.9187207354249934, 0.8856178086847722]",0.010801562983892564
AR-S1,2,2,PERM,8,2.9475343628438256e-05,0.9999998928099908,0.0003273988533718517,"[0.999999817790153, 0.9604190780886381, 0.996302354518919, 0.975410963537802, 0.9581489341891635, 0.9403906454017622, 0.9048222620200367, 0.9644482407864083]",0.010801563364324899
AR-S1,2,2,PERM,9,2.8949773400248483e-05,0.9999998928406973,0.0003273519553738981,"[0.9999998202747147, 0.9796726825539237, 1.0133106967862207, 0.9884473365237455, 0.9599057104790707, 0.9499785702644894, 0.9303357096020876, 0.9665654486737214, 0.9175419711132453]",0.010801565727345554
AR-S1,2,2,PERM,10,2.7535762375153838e-05,0.9999998929205685,0.0003272299367673589,"[1.0000000252933405, 0.9813861775750482, 1.0185529500847212, 0.9867585167167151, 0.9595891867302754, 0.9533193866749736, 0.9460806206778133, 0.960964964118132, 0.9042149111398473, 0.9947262911452364]",0.010801565962714185
AR-S1,2,2,PERM,11,2.464735539323305e-05,0.9999998930712946,0.00032699954959459663,"[0.9999999782244811, 0.985761790863148, 1.020165930498553, 0.9900859415314534, 0.9581268615849656, 0.9622626947561178, 0.9621616278345289, 0.9632527570444515, 0.9190867830467241, 1.0070245537209612, 1.0026561294231444]",0.01080156595746751
AR-S1,2,2,PERM,12,2.366916429432913e-05,0.9999998931185573,0.0003269272742454821,"[0.9999999735755196, 0.986052976399823, 1.0220204700035547, 0.9912792457718947, 0.964271519927344, 0.9621083670993308, 0.9716145952562227, 0.9669551346603693, 0.9422870470741119, 0.9921581545075111, 0.9979120437933485, 0.8967886421939911]",0.010801565951716168
AR-S1,3,0,PERM,1,0.0007234602623875148,0.9999858871432542,0.0037567082327193977,[1.0000038785375704],0.023112164468618496
AR-S1,3,0,PERM,2,0.0006419250249560571,0.9999859984702678,0.003741861800253013,"[1.0000023788608559, 0.8810298000163144]",0.023112148052601447
AR-S1,3,0,PERM,3,0.0005844447850287187,0.9999860689622987,0.003732430535358315,"[1.0000020517612311, 0.8865531657244192, 0.9302755849103685]",0.023112139263822395
AR-S1,3,0,PERM,4,0.0005537193089900105,0.9999861039329323,0.003727742891841692,"[1.0000008476793183, 0.9215897045094888, 0.9453472702026378, 0.952415747347948]",0.023112130005076503
AR-S1,3,0,PERM,5,0.0005050570052988812,0.9999861554554269,0.0037208257918275836,"[1.000003341878126, 0.9493609537822206, 0.9520363176561557, 0.9900648041267471, 0.9345226694303964]",0.023112117336467758
AR-S1,3,0,PERM,6,0.00039521741181520044,0.9999862543412029,0.0037075138296612993,"[1.000001323901866, 0.9720640525614997, 0.9716668617480286, 0.9908243156680592, 0.9420618234600261, 0.9890762028812642]",0.023112149368709107
AR-S1,3,0,PERM,7,0.0003376550947953397,0.9999862965270424,0.0037018202222108432,"[1.0000008884802374, 0.9804201293125866, 0.9723543209414622, 0.991877223576324, 0.9586430993937791, 0.9783490966610366, 0.9691728976010494]",0.02311215422226381
AR-S1,3,0,PERM,8,0.0002435871332160472,0.999986351203314,0.003694427788710493,"[1.0000007911356934, 0.9870242504229199, 0.9782671906959175, 1.0030120796365896, 0.9625619009120372, 0.9814361340950938, 0.9920300568633955, 0.9197455331927552]",0.02311217124635481
AR-S1,3,0,PERM,9,0.00021220740702800465,0.9999863655060218,0.0036924915677798696,"[0.9999992078057585, 0.9908851123673379, 0.9946511945326553, 0.989610727095066, 0.9668107805108305, 0.9798394186168419, 0.9862551884558138, 0.9779544029442601, 0.8927652184805367]",0.023112176780358498
AR-S1,3,0,PERM,10,0.00020205430792631803,0.9999863697120621,0.0036919219842623265,"[0.9999987662454279, 0.9945577932920024, 0.9973371435933727, 0.9913735497966711, 0.9696688829126784, 0.9856064117473904, 0.9858275613557688, 0.9828029968723525, 0.910759091977665, 0.9607088622932638]",0.02311218071154206
AR-S1,3,0,PERM,11,0.0001848971564425516,0.999986376351047,0.00369102275162162,"[0.9999987808022706, 0.9965172829728346, 0.9936561877103013, 0.9971316111785682, 0.9725584694226127, 0.9889457390820743, 0.9973022890435278, 0.9750983781503103, 0.920992468217478, 0.9376478630450225, 0.9671986100976416]",0.023112189892429136
AR-S1,3,0,PERM,12,0.00017534441207545554,0.9999863797923426,0.0036905565511686686,"[0.9999995396437669, 0.9960406822900019, 0.9954510712500297, 0.9967064886982063, 0.9752232173354191, 0.9960553148880203, 0.9978041349890115, 0.9861018299002171, 0.9253522426351408, 0.9551091150540009, 0.9650297665400044, 0.9312439486698427]",0.02311218598657063
AR-S1,3,1,PERM,1,9.986506022937708e-05,0.9999993820891113,0.0007860730810137763,[1.0000012102094884],-0.024008552004355446
AR-S1,3,1,PERM,2,9.842850766482039e-05,0.9999993823739705,0.0007858918688731912,"[1.0000011400782922, 0.7775388709413684]",-0.02400855263631482
AR-S1,3,1,PERM,3,0.00010439099708757976,0.9999993811646612,0.0007866608791040855,"[1.0000013357895607, 0.7922655746220236, 0.8615943474966848]",-0.02400855240024057
AR-S1,3,1,PERM,4,9.789974799824726e-05,0.9999993824777809,0.0007858258198214118,"[1.0000011251182168, 0.8330707769095295, 0.8749283728250179, 0.8788390868326703]",-0.024008552363486448
AR-S1,3,1,PERM,5,9.43168319631676e-05,0.9999993831664767,0.0007853874987746127,"[1.000001163857256, 0.8529151229720832, 0.904014580266844, 0.8767339938388558, 0.976421115001511]",-0.024008551465958695
AR-S1,3,1,PERM,6,8.795650188487521e-05,0.9999993843257954,0.0007846490965162058,"[1.000001265599556, 0.8967309121825356, 0.9429670219557676, 0.884930320535623, 0.9960811803116807, 0.8256139059767813]",-0.024008551371839246
AR-S1,3,1,PERM,7,7.295345780844433e-05,0.9999993867399346,0.0007831092295753397,"[1.0000012402550165, 0.9160725433202359, 0.9537316002508957, 0.8976461109141818, 0.9892060587627284, 0.8654648953495913, 0.9087510496368646]",-0.024008553997868602
AR-S1,3,1,PERM,8,6.590782074508893e-05,0.9999993877183008,0.000782484312478685,"[1.0000016576067927, 0.9290039688028364, 0.9542348879962991, 0.9050534450629858, 0.9868420114000325, 0.8977554814408817, 0.9038643817257992, 0.9040577341552726]",-0.024008551380572823
AR-S1,3,1,PERM,9,5.347994593707017e-05,0.9999993892020369,0.0007815356441374288,"[1.000001277896057, 0.943341222181943, 0.9645416655724409, 0.933002612436108, 0.9697419751083244, 0.9184757301402061, 0.9061159737540154, 0.9334863193472331, 0.8780546871110965]",-0.02400855245310453
AR-S1,3,1,PERM,10,4.848185704089877e-05,0.9999993897116511,0.0007812095422497141,"[1.0000016367578743, 0.9391568398010787, 0.9619825328311814, 0.9378080333313491, 0.973831452904133, 0.927791872017561, 0.9219653899273684, 0.947300932754845, 0.8998508655947103, 0.9882207871518102]",-0.02400855252566015
AR-S1,3,1,PERM,11,1.0663575403993725e-05,0.9999993919484297,0.000779776615628008,"[1.0000020381347812, 0.9729453617650137, 0.9634453243458919, 0.9602554719073768, 0.9613707859899786, 0.9367589084644148, 0.931817426637493, 0.9647387264027774, 0.9361046572418811, 0.9738107731389987, 0.9615180696289137]",-0.024008551986731994
AR-S1,3,1,PERM,12,1.948798813978813e-05,0.9999993916823599,0.0007799472034193148,"[1.0000016574135273, 0.978011126610234, 0.9761088617016274, 0.9687294882305075, 0.9552721804048826, 0.9462618082445324, 0.944818289957458, 0.9552263997501118, 0.9738387364956888, 0.9912074686281521, 0.9489157557936749, 0.8873650584193032]",-0.02400855141906471
AR-S1,3,2,PERM,1,5.208457372259309e-05,0.999999896950242,0.0003210136412903484,[1.0000005802358973],-0.031309833483662744
AR-S1,3,2,PERM,2,4.337830824217234e-05,0.9999998977813673,0.00031971648800238183,"[1.0000007335923464, 0.9357163311215563]",-0.03130982937041776
AR-S1,3,2,PERM,3,3.816763453059594e-05,0.9999998982062765,0.0003190512864733276,"[1.0000007471098082, 0.9406302798005426, 0.9574821738980643]",-0.03130982714208956
AR-S1,3,2,PERM,4,3.47173509090895e-05,0.9999998984577505,0.0003186569464624443,"[1.000001296595099, 0.9378136670087475, 0.9755428984579744, 0.7982826391975489]",-0.03130982667722793
AR-S1,3,2,PERM,5,3.266503385159246e-05,0.9999998985960404,0.00031843988366903715,"[1.0000002378920358, 0.9464166193058698, 0.9652301379974545, 0.8675315010982694, 0.9027763719944737]",-0.03130982622655394
AR-S1,3,2,PERM,6,2.644285041361215e-05,0.9999998989638206,0.0003178618873231279,"[0.9999999177852492, 0.9567270599080457, 0.9603121619338558, 0.8786539185252693, 0.9547353541523315, 0.9295520033482171]",-0.03130983002609754
AR-S1,3,2,PERM,7,2.377118002401586e-05,0.9999998990979759,0.0003176507895069024,"[1.0000001636301237, 0.9674412221014513, 0.9702963974035982, 0.8754770733199381, 0.9510884539492412, 0.9420966479653203, 0.9802128436856048]",-0.03130983019918267
AR-S1,3,2,PERM,8,2.1754022607134916e-05,0.9999998991898075,0.00031750620871758706,"[0.999999997948096, 0.9722347936458682, 0.9746335971614768, 0.8924215627515473, 0.9603516087562122, 0.9494353236759542, 0.9765335204335333, 0.881616372535818]",-0.031309830288379636
AR-S1,3,2,PERM,9,1.9737632490224882e-05,0.9999998992734708,0.0003173744306193292,"[0.9999996521595997, 0.977754721701687, 0.9714230568793987, 0.9160746681356741, 0.9767063386003447, 0.9535270746855081, 0.9736680098128934, 0.9012975671527191, 0.9291949728639044]",-0.03130982803633228
AR-S1,3,2,PERM,10,1.8744238160288866e-05,0.9999998993116984,0.0003173142000270927,"[0.9999997317023135, 0.9781837510576001, 0.977415018709975, 0.9226432371309459, 0.9643900691228044, 0.9498688723693378, 0.9734653505524884, 0.905612821558729, 0.9387559953035811, 0.9114503105230971]",-0.03130982862127875
AR-S1,3,2,PERM,11,1.5917476457894216e-05,0.9999998994096788,0.00031715977224643706,"[0.9999996653804606, 0.9847198881427952, 0.9884077286788276, 0.9505931203781613, 0.9661928224409231, 0.9649653150018183, 0.9743584745345448, 0.9227933771230145, 0.9554594591142621, 0.9578885872374722, 0.9264988615851127]",-0.031309829664369467
AR-S1,3,2,PERM,12,1.427590331256589e-05,0.9999998994592435,0.00031708162433356806,"[0.9999997000890082, 0.9889777985478464, 0.9886255864014716, 0.9610688422488763, 0.9718251869380029, 0.9694899840763631, 0.97778911009237, 0.9304678830507389, 0.9890434905487606, 0.9678385542416871, 0.9401393955386765, 0.9505808657643301]",-0.03130982958346698
AR-S1,4,0,PERM,1,0.0006371096400346429,0.999984690734345,0.0039127056693438154,[0.9999991012874531],0.004334820815393835
AR-S1,4,0,PERM,2,0.0005184590811890072,0.9999848278432196,0.003895145283600794,"[0.9999998120037235, 0.9634149829465546]",0.004334808906034662
AR-S1,4,0,PERM,3,0.0003843514180182554,0.9999849489170259,0.003879572524650468,"[0.9999992659970813, 0.9858499448491453, 0.9642389561912194]",0.004334828388741899
AR-S1,4,0,PERM,4,0.0003227074528595359,0.9999849925029384,0.003873951091795204,"[0.9999987070992882, 0.9961553758019805, 0.9521484932120226, 0.9115148084136754]",0.004334811509759689
AR-S1,4,0,PERM,5,0.0003173235402077877,0.9999849959488093,0.003873506317364174,"[0.9999993673391407, 0.9910361541891338, 0.9710608209098922, 0.945159219609573, 0.9129460821244103]",0.004334816834548402
AR-S1,4,0,PERM,6,0.00021333837189830228,0.9999850511297775,0.0038663768857179945,"[0.9999996126579784, 1.0024337168218231, 0.989857084210795, 0.9675869195715823, 0.9059268579989451, 0.941566416625711]",0.004334811461141875
AR-S1,4,0,PERM,7,0.0001741332944425107,0.9999850663206343,0.0038644119042518708,"[1.0000017924161626, 1.0028893734941768, 0.9895599393832638, 0.9648815673834948, 0.9346492186794685, 0.9401290992775578, 0.9623391480494375]",0.0043348393198552075
AR-S1,4,0,PERM,8,0.00014414317362548989,0.999985075865784,0.0038631767000737866,"[1.000001492550814, 1.001134694944451, 0.9842858346655965, 0.971336792304149, 0.934113564531357, 0.9604762942682697, 0.9959022525127517, 0.9536828145328928]",0.004334844948056747
AR-S1,4,0,PERM,9,0.00015701537659193772,0.99998507198921,0.003863678401468795,"[1.0000019181346809, 0.998994801099936, 0.980934506963577, 0.9679209354929689, 0.9297764847049952, 0.9720249868647254, 0.9880795707519127, 0.9736689868767177, 0.9498911150785527]",0.004334839732407534
AR-S1,4,0,PERM,10,0.0001295816172511713,0.999985079851643,0.0038626607872060924,"[1.0000018824445998, 0.9951988876876644, 0.9869292515379383, 0.9756254716144659, 0.9538505660191982, 0.9741793947179468, 1.008617551079972, 0.9801905626419474, 0.9942637423910192, 0.9448971919750229]",0.004334834163371327
AR-S1,4,0,PERM,11,0.00011746890033576221,0.9999850828440959,0.003862273411351953,"[1.0000011954993973, 0.9939830306438314, 0.9880937242777549, 0.9807307815900891, 0.9566635847610485, 0.9782278857352261, 1.0123852408830971, 0.9751862555582874, 1.004743173732336, 0.9483631246047127, 0.9009295212643542]",0.004334826770796276
AR-S1,4,0,PERM,12,0.00011204072086992765,0.9999850840899154,0.0038621121274016916,"[1.000000349054377, 0.9957399628320526, 0.990901685516551, 0.982081998336256, 0.9641998908741515, 0.9806105236985401, 1.0058019453554448, 0.98002245123534, 0.9981669089352364, 0.9787090565273643, 0.9022253429260685, 0.9354795094460898]",0.004334819117103799
AR-S1,4,1,PERM,1,0.00014872297824376893,0.9999993206277406,0.0008242404136517313,[0.9999996718476046],-0.006358192844711244
AR-S1,4,1,PERM,2,0.00014003034493153543,0.9999993231377673,0.0008227163744211764,"[0.9999996928386607, 0.8579235932340737]",-0.006358193376791112
AR-S1,4,1,PERM,3,0.00012650444828609254,0.9999993267428893,0.0008205224620174938,"[1.0000005139772299, 0.8943027958129128, 0.8782186085067488]",-0.006358195653878359
AR-S1,4,1,PERM,4,0.00011075962945111017,0.9999993304785693,0.0008182428922729655,"[1.000000498154114, 0.9234763970120782, 0.8915421637887472, 0.8772308315501669]",-0.006358195105454328
AR-S1,4,1,PERM,5,0.00010811954292416157,0.9999993310564292,0.0008178897057679661,"[1.000000103171807, 0.9364770128143648, 0.9091248939313585, 0.8898837315221677, 0.8655436590302839]",-0.0063581925561675915
AR-S1,4,1,PERM,6,8.876709836832835e-05,0.999999334866667,0.000815557069120128,"[1.0000001663449, 0.9446679755472434, 0.9203042664974131, 0.8922589854278056, 0.8927380903964788, 0.9751397182199372]",-0.006358191309181122
AR-S1,4,1,PERM,7,8.101801618564206e-05,0.9999993361823458,0.0008147500562661763,"[1.000000162809798, 0.9484514944792031, 0.9467773623217163, 0.9457913482458866, 0.9397502255164061, 0.9616393734467636, 0.9099483281674403]",-0.0063581905074033855
AR-S1,4,1,PERM,8,5.965330370514268e-05,0.9999993391877481,0.0008129035932274002,"[1.0000001424994776, 0.9522629929748032, 0.964630473008931, 0.9615708733889021, 0.958343360061418, 1.0049785717427173, 0.9655640369161711, 0.9661829745770741]",-0.006358191253101825
AR-S1,4,1,PERM,9,5.402001687528959e-05,0.9999993398281025,0.0008125096291505025,"[1.000000264957594, 0.9662304260651539, 0.9894984579617043, 0.9770082874719598, 0.9712830139227893, 1.0025720537295026, 0.9713844624717654, 0.9528447674434385, 0.9385579115583322]",-0.006358190983432932
AR-S1,4,1,PERM,10,4.5535315217503016e-05,0.9999993406727998,0.000811989655211837,"[1.000000178271972, 0.9817611176340872, 0.9820704828613099, 0.9887949499283315, 0.9817429774481062, 0.9989206727836943, 0.9809096112548589, 0.9617122193260196, 0.95965272688074, 0.9444751985917209]",-0.006358189899859511
AR-S1,4,1,PERM,11,4.280612825562422e-05,0.9999993409139002,0.0008118411789600954,"[0.9999998337782918, 0.9895050218749195, 0.9917732744769119, 0.9907183840697182, 0.9734993186399107, 0.9838057487995724, 0.9792540173712951, 0.9735306342088772, 0.9991220543050248, 0.9560423359592863, 0.9681408701515514]",-0.0063581901889522615
AR-S1,4,1,PERM,12,3.7494513042319515e-05,0.9999993413404262,0.0008115784458370991,"[0.9999999705536801, 0.98726992438644, 0.9929582311412791, 0.9900997244586703, 0.9843874504668247, 0.9901287156154934, 0.9789662129425778, 0.9833879403479078, 1.0045181182801004, 0.9801478810740339, 0.9917345349027593, 0.9285040036209301]",-0.0063581907410844305
AR-S1,4,2,PERM,1,4.9262711796518865e-05,0.9999998959319795,0.0003225957541076252,[0.9999997957236293],-0.004751271283184978
AR-S1,4,2,PERM,2,4.500249471890046e-05,0.9999998963335697,0.0003219727167411009,"[0.9999996673884199, 0.9673487891413493]",-0.004751253437887905
AR-S1,4,2,PERM,3,3.6212902576652996e-05,0.9999998970474199,0.000320862244752708,"[0.9999996883207619, 0.979844094297348, 0.9552583686053184]",-0.004751254689606296
AR-S1,4,2,PERM,4,3.266983385880355e-05,0.9999998972914762,0.00032048170593511625,"[0.9999988986531184, 0.954661258159756, 0.9638224313016939, 0.8832865379547568]",-0.004751253693598658
AR-S1,4,2,PERM,5,3.108661838673688e-05,0.9999998973924163,0.00032032418522091513,"[0.9999988743105624, 0.9626936089047653, 0.9755222808702596, 0.8945417471975813, 0.9278550501381944]",-0.00475125614413487
AR-S1,4,2,PERM,6,2.9947870130826878e-05,0.9999998974619193,0.000320215678442036,"[0.99999921312744, 0.9794455342731058, 0.9739718440662902, 0.9448255697594039, 0.9269919572018975, 0.8700239977384072]",-0.004751256084418874
AR-S1,4,2,PERM,7,2.7549356534857688e-05,0.9999998975998272,0.00032000027006270676,"[0.9999994788339207, 0.9551689690032571, 0.9712559538132615, 0.9673569083043088, 0.9390199018441517, 0.8750513025528251, 0.9405991257612242]",-0.004751257018878253
AR-S1,4,2,PERM,8,2.5586842506319984e-05,0.9999998977041077,0.00031983729035896317,"[0.9999997026169954, 0.9741473303945353, 0.9770621387229388, 0.98065269574603, 0.9527676917829309, 0.9040140123221605, 0.9610295450101115, 0.9988595300071612]",-0.004751251300373089
AR-S1,4,2,PERM,9,2.0787750752663117e-05,0.9999998979266637,0.0003194891803740393,"[0.9999998213449836, 0.9764094981047543, 0.9735489317263175, 0.9801912843456015, 0.9585884100897317, 0.9225227945181966, 0.9892050996748833, 1.0066728204485724, 0.9270811155468381]",-0.004751251279226405
AR-S1,4,2,PERM,10,1.9312738228886008e-05,0.9999998979858123,0.00031939659931285743,"[0.9999998995019937, 0.9830600732844321, 0.9763141514960539, 0.9877580523103907, 0.9663544823959235, 0.9319660619615533, 0.9973909779685319, 1.0021522608078914, 0.9370097045141923, 0.9125644355429136]",-0.004751251113461478
AR-S1,4,2,PERM,11,1.6420754788353074e-05,0.999999898089153,0.00031923478347846077,"[0.9999998531811999, 0.9884819983766122, 0.9844628672523823, 0.9923067077158272, 0.9741645976707118, 0.9403252394955942, 0.9953786625419563, 0.9990925917335985, 0.9607336630646053, 0.9227486546387503, 0.9705602270916057]",-0.0047512507749297135
AR-S1,4,2,PERM,12,1.457352005059763e-05,0.9999998981464068,0.00031914509753619224,"[0.9999999899557971, 0.9964554474437932, 0.9866333828652315, 0.9924230998740267, 0.9799480363849195, 0.9427427890585603, 0.9969256456775538, 0.9972904389855932, 0.9773471202192003, 0.9356559332202452, 0.9861056017654788, 0.9663732552608063]",-0.004751250878853179
AR-S2,0,0,PERM,1,0.0030382784391151125,0.9998507890273506,0.012215194335310894,[1.0000174746009138],-0.0031252796151747773
AR-S2,0,0,PERM,2,0.0024965800777240867,0.9998537872511397,0.012091846379288333,"[1.0000159981876497, 0.9260300635374098]",-0.0031252957185234085
AR-S2,0,0,PERM,3,0.0017368626483571696,0.999857003471365,0.011958115597161532,"[1.0000138009520876, 0.9822678651877458, 1.020074318571333]",-0.003125279175808019
AR-S2,0,0,PERM,4,0.0015582579384438712,0.9998575919954215,0.011933482500030868,"[1.0000133170212018, 0.9894513389412364, 0.9943298105586171, 0.8717890642295621]",-0.0031252896253981238
AR-S2,0,0,PERM,5,0.001342861821701106,0.999858216885352,0.011907271503077521,"[1.0000087762954735, 0.9999188040070031, 1.0091433601993378, 0.9196931212569095, 0.9225481894395503]",-0.003125305338145787
AR-S2,0,0,PERM,6,0.0012420684770055757,0.9998584774291226,0.011896325940280493,"[1.0000096063813626, 0.9972973833535124, 1.0025684652351852, 0.9371517569783263, 0.9447521359559589, 0.969213964211736]",-0.0031252925001462417
AR-S2,0,0,PERM,7,0.0011986875424350573,0.9998585833113998,0.011891874898442576,"[1.0000084289404474, 1.0017466953665373, 1.002741683211536, 0.9577636642590944, 0.9454933300778435, 0.9689773959151863, 1.0233166548538182]",-0.0031252719728167623
AR-S2,0,0,PERM,8,0.0010872997232368288,0.999858837942536,0.01188116397765684,"[1.0000022260349806, 0.9850944057440162, 1.0140273924293008, 0.979065104571716, 0.9583888144543219, 0.9974919905354336, 1.0090903433235088, 0.9112576407963285]",-0.0031252735071193335
AR-S2,0,0,PERM,9,0.0009097827133721704,0.9998591924586386,0.011866235349148038,"[1.0000004903685216, 0.9986170175756489, 1.0071584936651634, 0.985064294251187, 0.9629959153696392, 0.9771031770936037, 0.9958311162208268, 0.9347704416800247, 0.908215141371556]",-0.003125281836742031
AR-S2,0,0,PERM,10,0.0007919761800949952,0.9998593929369544,0.011857784913113303,"[0.9999967957986772, 0.9981304624822472, 1.009642714633641, 0.9829371049170643, 0.9813281333575479, 0.9910944412046262, 1.0150016717869026, 0.9472201563845364, 0.9016549223829998, 0.9493281351188566]",-0.003125274122345394
AR-S2,0,0,PERM,11,0.0006581688712991797,0.999859586976961,0.011849600121479493,"[1.000003264116548, 0.9995170235364101, 1.0060087669777276, 0.9890498661003478, 0.9927810153382965, 0.9909121293531316, 1.0125419657727135, 0.9621667251818246, 0.9364841959534753, 0.9809993484828765, 0.9449602077171919]",-0.0031252168208474244
AR-S2,0,0,PERM,12,0.0005758251759956112,0.9998596885885909,0.01184531179028775,"[1.0000109700884519, 0.999929677797499, 1.0050841402659292, 0.9928134065226644, 0.9973645044528328, 0.993034233023705, 1.0021920680817713, 0.9763384128649377, 0.9462010347070394, 0.9978058420837825, 0.9673036585920646, 0.9949037232812123]",-0.0031251929962561502
AR-S2,0,1,PERM,1,0.0027264893106277756,0.9998179497902204,0.013492598333144557,[1.0000303893090643],0.009880465575829219
AR-S2,0,1,PERM,2,0.002585324390664988,0.9998186996319764,0.01346478250933059,"[1.0000226178448908, 0.8972998542077534]",0.009880428123232211
AR-S2,0,1,PERM,3,0.00214965289508765,0.999820762526612,0.0133879600159235,"[1.000029337528557, 0.887392200215532, 0.949799444279948]",0.009880471583898714
AR-S2,0,1,PERM,4,0.0017509992031244774,0.9998223175359721,0.013329758588509783,"[1.0000224601327403, 0.9620909837838119, 0.9771503474398475, 0.9068580325870174]",0.009880451721044367
AR-S2,0,1,PERM,5,0.0016327005766762072,0.9998227178230084,0.0133147353331445,"[1.0000249911182248, 0.9557585624827164, 0.9868100662154464, 0.9137719783612969, 0.9891493921987224]",0.00988051428192086
AR-S2,0,1,PERM,6,0.0013176090515727133,0.9998236474405686,0.013279780097252893,"[1.0000178261538972, 0.965415355871302, 0.9577986126173244, 0.9198641463925084, 0.9637675092994831, 0.980168760096043]",0.009880500277428383
AR-S2,0,1,PERM,7,0.001120216378977936,0.9998241286494457,0.013261649616632846,"[1.000017993781602, 0.9819718317230934, 0.9567637754964706, 0.9472426567362894, 0.9479835791074926, 0.9588837917186365, 0.9782814557795423]",0.009880505639477738
AR-S2,0,1,PERM,8,0.0010502152783129464,0.9998242805820506,0.013255920109498609,"[1.0000182389520174, 0.9859238941342542, 0.9626284746788728, 0.9568678217233934, 0.9733113009257827, 0.9619141007030024, 0.9782144812809043, 1.0190746836446194]",0.009880473894835352
AR-S2,0,1,PERM,9,0.0009857262748577686,0.9998244118778924,0.013250966836708658,"[1.0000161519714017, 0.9937318403791539, 0.9818817529523447, 0.9972450224274814, 0.9704863874136079, 0.9946666124059949, 0.9878058041286518, 1.0413774222104983, 0.9912653513213355]",0.009880467818715736
AR-S2,0,1,PERM,10,0.0007311754691956359,0.9998248489166146,0.013234465738569168,"[1.0000162147143323, 0.9909147456804552, 0.9846065094650552, 0.9903489077399683, 0.9723183674387383, 1.0194153133212414, 0.9840399389726676, 0.967466255197527, 1.0300473725116954, 0.9694672592816518]",0.00988048349776801
AR-S2,0,1,PERM,11,0.0006204108484606782,0.9998249986245605,0.01322880854194721,"[1.0000161760645583, 0.9937912852438437, 0.9879140858667264, 0.9938234636516109, 0.9761579012107059, 1.0264286693072584, 0.9969846671432737, 0.9674543468707826, 1.024296701277588, 0.9750288045721217, 0.9104353421288459]",0.009880477877027699
AR-S2,0,1,PERM,12,0.00058886904087319,0.9998250367674341,0.013227366803937457,"[1.0000191907271394, 0.991617171467838, 0.987149227188665, 0.9925142167170992, 0.9779686678339669, 1.0247661785876723, 0.9980787101313373, 0.9769975957353358, 1.013881052618551, 0.9604175384818475, 0.9348556919046184, 0.9255910924455163]",0.00988048736470281
AR-S2,0,2,PERM,1,0.004159576957079448,0.9997014109427519,0.017279729663630436,[1.0000347544246053],-0.0032323752905879365
AR-S2,0,2,PERM,2,0.0035763410600300476,0.9997059228078361,0.017148679020960775,"[1.0000331994687068, 0.8681251580396805]",-0.0032323620919843324
AR-S2,0,2,PERM,3,0.0022084463523644893,0.9997138357879225,0.01691638886043813,"[1.000029707519593, 0.9537542625545267, 0.9711867440797577]",-0.0032324058082217914
AR-S2,0,2,PERM,4,0.001806977836201763,0.9997154478543132,0.0168686735011028,"[1.0000172777145302, 0.9656336268825958, 0.9666789263047261, 0.9257872038806498]",-0.003232370878411844
AR-S2,0,2,PERM,5,0.0019534745257061216,0.9997148969604911,0.016884994507220485,"[1.0000094969578008, 0.9576042639477442, 0.9540391517192025, 0.9314820163023455, 1.022327131942508]",-0.0032324050318733484
AR-S2,0,2,PERM,6,0.0015164096744241207,0.999716413524913,0.01684002598237219,"[1.0000142018757732, 0.969210526973954, 0.9538064732762096, 0.9330742559101491, 1.018480352755935, 0.9721971854828503]",-0.0032323651368420603
AR-S2,0,2,PERM,7,0.0014198483642023836,0.9997166970538364,0.016831605572957428,"[1.0000138394676776, 0.9778737378558826, 0.9768137050326713, 0.9543796213659207, 1.0085366674285974, 0.9826227104872686, 0.9641609617194988]",-0.0032323756086986583
AR-S2,0,2,PERM,8,0.0014978517571599254,0.9997164694633273,0.016838365023739997,"[1.000011421123379, 0.9740205818011165, 0.9792452502852079, 0.9546464127373956, 1.007902173415261, 0.9840677312130309, 0.9456139059184409, 1.0122783061609766]",-0.003232336600849455
AR-S2,0,2,PERM,9,0.0013552262462696652,0.9997168763850351,0.016826277513605364,"[1.000008743679402, 0.98313380032151, 0.9736508305149102, 0.9495894699923992, 1.0051696850640444, 0.9811213007275372, 0.9740266907269314, 1.0125860804217044, 0.942115739188484]",-0.0032323501454472906
AR-S2,0,2,PERM,10,0.0009839350099036545,0.99971774489511,0.016800449544282958,"[0.9999995040693077, 0.992236730072111, 0.9834625395054934, 0.9727637894361246, 1.006165769678327, 0.9818047387852404, 0.9792494896602112, 1.0127617518606231, 0.9587000935383645, 0.9774688534562327]",-0.0032323492462659215
AR-S2,0,2,PERM,11,0.0007621691913187891,0.9997181321213375,0.016788921307293054,"[0.9999955314821755, 0.9934275728958698, 0.9848573555225106, 0.9754344530504135, 1.0044296383120013, 0.9882837956981123, 0.9794406841672316, 1.012576639440138, 0.9606049386076742, 0.9792062957810699, 1.0414773675154003]",-0.0032322870765180856
AR-S2,0,2,PERM,12,0.0008053522485092446,0.9997180644309696,0.016790937109954947,"[0.9999981821029925, 0.9948145705691287, 0.9932308927088536, 0.9850183827815672, 1.0018923472943382, 0.9898714969840795, 0.9970833120074051, 1.0083303869520068, 0.9890626963877193, 0.9917393944579352, 1.0084399003449143, 0.9819807630066615]",-0.0032322624099667486
AR-S2,1,0,PERM,1,0.0025149285837244625,0.9998463374383664,0.012396070410964289,[0.9999978806873563],-0.04238762784694512
AR-S2,1,0,PERM,2,0.0022328818445423964,0.9998476765428159,0.012341938955611356,"[0.9999853307810826, 0.8079072445019827]",-0.04238763382193779
AR-S2,1,0,PERM,3,0.001735705320295044,0.9998496496311887,0.012261744117834565,"[1.0000087091228345, 0.8414415883468601, 0.8817481951888558]",-0.04238767213171976
AR-S2,1,0,PERM,4,0.001576586875582499,0.9998501766779714,0.012240233740766921,"[1.0000130130496399, 0.9105677957674173, 0.9363404424755465, 0.907205760066174]",-0.04238766327804697
AR-S2,1,0,PERM,5,0.0014196012158093707,0.9998506470365357,0.012221005010402275,"[1.0000039585338074, 0.9025324745053854, 0.9495239849001468, 0.9171896680091992, 0.8995392955427473]",-0.042387666057976336
AR-S2,1,0,PERM,6,0.0012695967382283775,0.9998510504282699,0.012204489818508196,"[1.0000008524224502, 0.9410008026110881, 0.9702307621042537, 0.9512407529343208, 0.9584935766588303, 0.993123473462749]",-0.04238763365429337
AR-S2,1,0,PERM,7,0.0010192900511079741,0.9998516233519393,0.012180995364116915,"[1.0000065333887205, 0.9638692935974854, 0.9719275663985212, 0.96138277563223, 0.9597961658208551, 1.010528641558791, 0.9826944370259533]",-0.04238763126104632
AR-S2,1,0,PERM,8,0.0009506100262339268,0.9998517586447256,0.01217544066037556,"[1.000003502544818, 0.9689053422000623, 0.9743576515741103, 0.9736427982873637, 0.9695225885904498, 1.0245047259132594, 0.9803104419185058, 0.9257228982500624]",-0.04238768790096154
AR-S2,1,0,PERM,9,0.0008244024751268142,0.9998519826647067,0.012166237515902165,"[1.0000131844082918, 0.9814699237617425, 0.9844085346891551, 0.9854416911677664, 0.9763721426370835, 1.0227697325272394, 0.9937311999967333, 0.9308541245887054, 0.9269519998153715]",-0.0423878030096657
AR-S2,1,0,PERM,10,0.0008240934679704028,0.9998519831741037,0.012166216581020638,"[1.0000074955521503, 0.9814145401241082, 0.9876708267265913, 0.9888613124074335, 0.9796902399342523, 1.0199020316943603, 0.9920926598033124, 0.9326638964996813, 0.9616946490197621, 0.8569739016257713]",-0.04238787105217675
AR-S2,1,0,PERM,11,0.0005173598553236309,0.9998523946429277,0.012149294509240053,"[1.0000125955687609, 0.994109735139812, 0.9904422956960734, 0.9980942708177393, 0.9903766956923388, 1.0285307340066376, 0.977495362268946, 0.9773190630249122, 0.9476887912871553, 0.8736400773095906, 1.0095158869616332]",-0.042387858255714825
AR-S2,1,0,PERM,12,0.0005227955662962001,0.9998523889889435,0.012149527194771368,"[1.0000131603842328, 0.9965253257695526, 0.9901656402712034, 0.9990357824111396, 0.9919349674822, 1.0260572426721541, 0.9831377187390723, 0.9750237945430607, 0.9653704326883944, 0.906435997747961, 1.0118891455894465, 0.8008940202215542]",-0.04238781772451235
AR-S2,1,1,PERM,1,0.002311006189972451,0.9998092372507777,0.013811688862055568,[1.0000526393757578],0.0015971267497020658
AR-S2,1,1,PERM,2,0.002203080238780055,0.9998097244378493,0.013794040820247053,"[1.0000437181896276, 0.9524058096538063]",0.0015970833833024631
AR-S2,1,1,PERM,3,0.0020537171055513403,0.9998103602464382,0.013770975040343839,"[1.0000438140521224, 0.9790354427135524, 0.9724946977260025]",0.0015970830207503253
AR-S2,1,1,PERM,4,0.001741779464149809,0.9998115442046861,0.013727920283636293,"[1.0000465892429062, 0.970516997813229, 0.9706398019101309, 0.9371521802494974]",0.0015970822823146253
AR-S2,1,1,PERM,5,0.0015949610600316567,0.9998120340996048,0.013710065659768234,"[1.000042307382912, 0.9684803960433903, 0.9936688309595398, 0.9610760943296701, 1.0704429753782632]",0.0015969804167022047
AR-S2,1,1,PERM,6,0.0014084553538736126,0.999812594253904,0.013689621839042673,"[1.000030261950742, 0.9755880912134698, 0.9939036150901192, 0.9835884262067957, 1.04755858954664, 0.9722925211872163]",0.0015969708780887066
AR-S2,1,1,PERM,7,0.001179411174387628,0.9998131869896696,0.01366795560171342,"[1.00002780635135, 0.9859823231822012, 1.0054500513047673, 1.0062766475366502, 1.0654890684252152, 1.009608021511612, 0.9473799015854586]",0.001596944617021428
AR-S2,1,1,PERM,8,0.00114057482756147,0.9998132770894506,0.013664659181604411,"[1.0000292471700476, 0.9961909070515034, 1.0131387675720183, 1.0158151586954813, 1.0857902302999947, 1.015160633048245, 0.9609055524666751, 1.0617090470336623]",0.0015969632599304648
AR-S2,1,1,PERM,9,0.001170687976787646,0.9998132074900489,0.013667205637991037,"[1.000028269977289, 1.004256522772297, 1.0199817065507253, 1.0342118004540126, 1.0979817132956176, 1.0195857952776752, 0.9843997087690407, 1.0513250595924446, 0.9741369732122431]",0.0015969795976807227
AR-S2,1,1,PERM,10,0.0011013918937966686,0.9998133649362841,0.013661444422749006,"[1.0000241006142427, 1.0063390699275896, 1.021679747709754, 1.0295909999826947, 1.0934796311241524, 1.027860239359881, 1.0034665345082354, 1.0241558474304597, 0.9781472769065924, 0.9942345478625599]",0.0015970343782053897
AR-S2,1,1,PERM,11,0.0009122449174855282,0.9998137458095984,0.013647497587529261,"[1.0000232032317238, 1.0055239102331914, 1.0244545412934514, 1.0315267334456895, 1.0887256625533182, 1.0343451605545912, 1.0147485613738396, 1.0179654134857992, 0.976260666921857, 1.0031820299425243, 1.0424298716197877]",0.001597025045604654
AR-S2,1,1,PERM,12,0.000811332474047443,0.9998139197400044,0.013641123853831942,"[1.0000162740072347, 1.0032056893731487, 1.0229961843575752, 1.0333330303051316, 1.093600329960052, 1.0368578575924465, 1.0175602883700705, 1.0440729017218726, 1.000258843390769, 1.0100327342561484, 1.0380502618697947, 1.099077786368123]",0.0015970286467364657
AR-S2,1,2,PERM,1,0.004571753402729398,0.9996926424697857,0.017531615162736935,[1.00007856262128],-0.03969813539707613
AR-S2,1,2,PERM,2,0.004018987494334865,0.9996973911384814,0.017395656398036828,"[1.0000652511806614, 0.8447994293011765]",-0.039698184230420486
AR-S2,1,2,PERM,3,0.0037421747239971145,0.9996995395272962,0.017333795680804093,"[1.0000486051909725, 0.8894440749390674, 0.9073196383401176]",-0.03969817710665702
AR-S2,1,2,PERM,4,0.0034840394381173406,0.9997014048681547,0.017279905435079693,"[1.000034597767516, 0.9218903923800964, 0.9066956268374038, 0.8657510624932397]",-0.03969820531744568
AR-S2,1,2,PERM,5,0.0029086487319170823,0.9997050831615154,0.017173142941366976,"[1.000022537390328, 0.9334953712230545, 0.9214260738594581, 0.9036053263560077, 0.9989919750122335]",-0.0396981434737983
AR-S2,1,2,PERM,6,0.0025023422588363597,0.9997072816821807,0.017109012765770502,"[1.0000199252300832, 0.9555277778176164, 0.9395017064557359, 0.9269590685489771, 1.0069288413363284, 0.9364012560763554]",-0.03969820382965082
AR-S2,1,2,PERM,7,0.00179066557490876,0.99971033691576,0.01701949130379939,"[1.0000059786731637, 0.9697671494623319, 0.9645771463287767, 0.9348020582589691, 0.9839495381991612, 0.9553224744109078, 0.9894008214298802]",-0.03969822451120701
AR-S2,1,2,PERM,8,0.0015819620571922565,0.9997110407950107,0.016998800104399595,"[1.000006182242833, 0.9712077551300308, 0.9675761616612035, 0.9458408721026605, 0.9950208248121964, 0.9589584249912075, 0.9805259101889903, 0.8542202513202232]",-0.03969823103159261
AR-S2,1,2,PERM,9,0.0014258284931642213,0.9997115104120692,0.016984981246114424,"[1.000008694018755, 0.9751250597204243, 0.9789279353592633, 0.9539657846204147, 0.9918583448927059, 0.9478733567036774, 0.9920844390604568, 0.8530434338535813, 0.9425828077323234]",-0.03969822172413787
AR-S2,1,2,PERM,10,0.0009575037771783747,0.9997126265854778,0.01695209174474497,"[1.000008325354056, 0.9991525350788153, 0.9741603882976133, 0.9738610182030378, 0.9890195818587679, 0.9701220061752184, 1.011288770196699, 0.9302387699471262, 0.9723241661916763, 0.9561686143170611]",-0.03969823999049091
AR-S2,1,2,PERM,11,0.0008022292621009081,0.999712899827172,0.01694403059569684,"[1.0000025963801153, 0.9924384975851339, 0.9841917996734647, 0.9874081379082245, 1.0039989012489803, 0.9857293676755817, 1.0010655998786129, 0.9704192955941089, 0.9779983178551951, 0.9717284553826931, 0.9766277491384685]",-0.039698164799952314
AR-S2,1,2,PERM,12,0.0007620596155588382,0.9997129626641034,0.016942176244408663,"[1.000012904100844, 0.9946482258534097, 0.985194515567511, 0.9902195062303225, 1.0036573434354628, 0.994133651221739, 1.0023833705527958, 0.9697656092792721, 0.9823209590934527, 0.9780360534037071, 0.9804387542645656, 0.9048748014026908]",-0.03969814719673689
AR-S2,2,0,PERM,1,0.0031158437189969536,0.9998548473357013,0.012047931951114923,[1.0000004218081844],-0.01944440907136757
AR-S2,2,0,PERM,2,0.002478626394020542,0.9998584122289814,0.011899065972529873,"[1.0000070075242748, 1.015691964437969]",-0.019444372750671342
AR-S2,2,0,PERM,3,0.0022300997869891216,0.9998595824727226,0.011849790178623922,"[1.000008208844084, 0.9972260339449988, 0.9663066087569674]",-0.01944441310060703
AR-S2,2,0,PERM,4,0.002006573005430274,0.9998605294825564,0.011809763648930681,"[1.0000111870610506, 0.9975577433958948, 0.9815894815920996, 0.9572354777934263]",-0.01944440177135577
AR-S2,2,0,PERM,5,0.0018449826589351972,0.9998611518567707,0.011783384201037262,"[1.0000089232234455, 0.9970876590828995, 1.023020713960368, 0.9574124332886942, 0.9484614309739275]",-0.019444408797350102
AR-S2,2,0,PERM,6,0.0016846026705373564,0.9998617179316249,0.01175933962325541,"[1.0000180049568286, 1.0043695198107054, 1.0107357395076433, 0.9662556458094254, 0.9422761375921739, 0.946996110216152]",-0.01944444444411471
AR-S2,2,0,PERM,7,0.0013102201877515248,0.9998628391408422,0.011711569457501188,"[1.0000148454134088, 1.0015883034244697, 0.9988579886929951, 0.9821319108677017, 0.9895740101386473, 0.9391152344705859, 0.9791472701295426]",-0.019444458861156352
AR-S2,2,0,PERM,8,0.0009224695154314356,0.9998637048677756,0.011674550621946153,"[1.0000134483727021, 1.0001196501240754, 0.9972874584334365, 0.9966521817917446, 0.9958368978498844, 0.9653782069375942, 1.000906868679066, 0.9462094828857467]",-0.019444429482497645
AR-S2,2,0,PERM,9,0.0009185293832413776,0.9998637121215547,0.011674239951506942,"[1.0000072207622095, 1.0011413957297102, 1.0037951194211363, 0.9961166450599411, 1.0007682175406711, 0.9714553415438555, 1.0105976780503698, 0.9570923301303061, 1.006638819519123]",-0.019444417702649527
AR-S2,2,0,PERM,10,0.000903975193813171,0.9998637386466315,0.011673103844672697,"[1.0000070992320849, 0.9996860866917746, 1.0073752914811618, 0.99357840890467, 0.9978415094111875, 0.9848050201931989, 1.0141063695513302, 0.9787234812502891, 1.0010721186744735, 1.0901380844606539]",-0.019444418904198787
AR-S2,2,0,PERM,11,0.0008225664350910277,0.9998638792022424,0.011667081801274102,"[1.0000080343017033, 1.000075307239651, 1.0021612532159105, 0.9937247698589834, 0.9976974963780567, 0.988376868125556, 1.0072853419043062, 0.9848402904585463, 1.0121047812510335, 1.0692232684754726, 0.9807756797131014]",-0.019444407714317522
AR-S2,2,0,PERM,12,0.0006057702458743703,0.9998641888601917,0.011653803662678966,"[0.9999991034458608, 1.0006969811106918, 0.9993483468637572, 0.9945568063167501, 1.004149356638302, 0.988991537606902, 1.004272748340737, 0.9881082218187595, 1.007468146571913, 1.0604846503115573, 0.9638472399600728, 0.9712197086950127]",-0.01944435479509458
AR-S2,2,1,PERM,1,0.003539535593415643,0.9997700929657041,0.015162685589824964,[1.0000556190600276],0.011486099611111224
AR-S2,2,1,PERM,2,0.0034243623230138416,0.9997708950206019,0.015136214169933843,"[1.0000369358301615, 0.8130440660426226]",0.011486106241139632
AR-S2,2,1,PERM,3,0.0031274780958785676,0.999772840158681,0.01507182276033757,"[1.0000409149525435, 0.8234249157020536, 0.980301556368533]",0.011486138734055065
AR-S2,2,1,PERM,4,0.002718095533235799,0.9997752332345934,0.014992223497754621,"[1.0000388084903318, 0.8724268464067138, 1.0174256394725716, 0.8508145125840393]",0.011486097064336452
AR-S2,2,1,PERM,5,0.002382479491910355,0.9997769450693917,0.014935023622619508,"[1.0000411701525365, 0.9295323051841845, 1.031702033300208, 0.8683925388993331, 0.936593156969849]",0.011486049730781675
AR-S2,2,1,PERM,6,0.0020378448015216802,0.9997784684664861,0.014883935417553998,"[1.0000315900104422, 0.9601358900900843, 1.005956555610138, 0.8816919307903613, 0.9512633164839218, 0.9175110219445105]",0.011486033874302656
AR-S2,2,1,PERM,7,0.0017612170314005322,0.9997795193924894,0.014848589411473555,"[1.0000257245656439, 0.9704611683052489, 0.9891482286514723, 0.9566049808589416, 0.9754278029193727, 0.9619056031935656, 0.9684021885955987]",0.01148605595730809
AR-S2,2,1,PERM,8,0.0017242164276787932,0.9997796483556317,0.014844246170429362,"[1.0000027287499826, 0.9738853059611199, 0.9991865893212454, 0.9632415549061658, 1.0064285226845755, 0.9682996495796823, 0.9591397780854433, 0.996938461453735]",0.011486003626276406
AR-S2,2,1,PERM,9,0.0014126918175489615,0.9997806255797498,0.01481129367240415,"[0.9999982252744359, 0.9973049268778632, 0.9963942643575104, 0.9669882928433203, 0.9908418062554227, 0.9901265826508643, 0.966136459665515, 1.0166448725357875, 1.0041231654015026]",0.011485965273096074
AR-S2,2,1,PERM,10,0.0012443342696790965,0.9997810729101465,0.014796184976321671,"[1.000002958793461, 1.0061351389128794, 0.9994068755336497, 0.9652745830538818, 1.001102008439031, 0.9926427588824618, 0.9765436585760295, 1.013038440004222, 1.0065659158468683, 0.9553247793561767]",0.011485991113032435
AR-S2,2,1,PERM,11,0.001102407137663634,0.999781405976424,0.014784925551926224,"[1.0000053233341806, 1.0015432199181458, 1.004229973322592, 0.970872040347398, 0.995752111971017, 0.9909084992266396, 0.9812051380973559, 1.008291124910854, 1.0059549815420568, 0.9609349964832952, 0.9519469836803052]",0.011485982911588892
AR-S2,2,1,PERM,12,0.0007349133495501614,0.9997820811802898,0.01476207369274982,"[0.9999999547246241, 0.9958619697155243, 0.9937141092410452, 0.9831002888997182, 0.9862214902350926, 1.001283374677866, 0.9970340818522316, 0.9964787396019966, 1.0070664305058379, 0.9697181259269986, 0.9695213766653167, 1.0041384675827063]",0.01148597810676425
AR-S2,2,2,PERM,1,0.003997939495800829,0.9997209624052484,0.01670441842003282,[1.0000746423127835],0.0108016979746582
AR-S2,2,2,PERM,2,0.003932896057749332,0.9997214782540594,0.016688970787334605,"[1.000069314264086, 0.8140625446959835]",0.01080181480269299
AR-S2,2,2,PERM,3,0.003436419246234056,0.9997251369482246,0.01657899429324154,"[1.0000480049382776, 0.858587260776126, 0.9193405000449906]",0.010801865692460671
AR-S2,2,2,PERM,4,0.0024786205981083094,0.9997308023653911,0.016407243358005464,"[1.0000453484333376, 0.8857634692446791, 0.9424051018560837, 0.9574733131374807]",0.010801844395260175
AR-S2,2,2,PERM,5,0.0020457062958141132,0.9997327610112118,0.016347445940824552,"[1.0000419274274504, 0.919681576230966, 0.9579547853288167, 0.9928264564134989, 0.9228930715702407]",0.010801867523619153
AR-S2,2,2,PERM,6,0.0017550841917111936,0.9997338656049406,0.016313626054910116,"[1.0000521912083915, 0.9329561168944143, 0.9548286704019869, 1.0060938250671323, 0.9568623690763737, 0.9110292549635085]",0.010801880776377646
AR-S2,2,2,PERM,7,0.0015245732919193554,0.9997346216017381,0.016290438860321763,"[1.0000468626927366, 0.9398581970535402, 0.9588752639751911, 1.0042526848254179, 0.9718298162337472, 0.9241350280606689, 0.9527354093818758]",0.01080195363747402
AR-S2,2,2,PERM,8,0.0014011178677168139,0.9997349827941813,0.016279349060041776,"[1.0000535458051463, 0.9518773474725153, 0.9651491992247206, 1.0175507361993499, 0.9710176610489335, 0.9428018625897825, 0.9573555089005088, 0.9405119506277474]",0.010801997780271211
AR-S2,2,2,PERM,9,0.0014566429344367718,0.9997348241168221,0.01628422190888752,"[1.000037442454661, 0.9637679045637261, 0.9967920418080053, 1.0198896142349219, 0.9682564417629878, 0.9494473618841066, 0.9609618625233632, 0.9306471170672275, 0.9436286547653383]",0.010801993152074361
AR-S2,2,2,PERM,10,0.0013761947076783392,0.9997350520135871,0.01627722293307091,"[1.0000369222672232, 0.9688354094672921, 0.9970419340776246, 1.0187253224572843, 0.982823246000305, 0.958235212703509, 0.941602586595294, 0.9081426939234841, 0.9767084023137674, 0.9765299357996421]",0.010801993001311553
AR-S2,2,2,PERM,11,0.0013273360171756651,0.9997351841045581,0.016273164887075267,"[1.0000306603278997, 0.9708101730953551, 0.9965384584977316, 1.0170249778238687, 0.978456273905454, 0.9567421416752435, 0.9443937215057097, 0.9111964660755562, 0.9709525780815136, 0.9868900429600679, 0.9651943420915851]",0.010802009083376342
AR-S2,2,2,PERM,12,0.0008719772121772598,0.999736185581202,0.016242364938579727,"[1.0000232719736957, 0.9763405194173075, 0.9964576049640438, 1.016569347604629, 0.9888333910585063, 0.9757657658609747, 0.9879360116098079, 0.939314905366614, 0.9780992760072452, 1.0068632297982665, 0.9408313116405508, 1.0405186854736315]",0.010802008283110825
AR-S2,3,0,PERM,1,0.0031467149710679844,0.999844517502867,0.01246926209256549,[1.0000232350468912],0.023112268831936
AR-S2,3,0,PERM,2,0.0026549717879642324,0.9998473704427812,0.01235433354005117,"[1.0000219414997895, 0.977378137111666]",0.023112250270231317
AR-S2,3,0,PERM,3,0.002349045907351614,0.9998489013013012,0.012292221064510377,"[1.0000172196823207, 0.9716213574955256, 0.9030131605206274]",0.023112262088635448
AR-S2,3,0,PERM,4,0.0020879438572243086,0.9998500598084251,0.01224500680174854,"[1.0000199893433448, 0.9839163927175255, 0.8896899907752271, 0.9005012230742777]",0.023112274495339383
AR-S2,3,0,PERM,5,0.0019120062701877666,0.9998507635499988,0.012216237145749285,"[1.0000260644377073, 0.9751223614117502, 0.9433835833274751, 0.8890389228201556, 0.9709302657818986]",0.023112252485085378
AR-S2,3,0,PERM,6,0.0017494780876631684,0.9998513586443969,0.012191856118047035,"[1.0000248303359327, 1.0022553438272144, 0.9887309458920114, 0.9201396396144793, 0.9608192096596084, 0.9151038595209494]",0.023112280211071323
AR-S2,3,0,PERM,7,0.0014633775857898043,0.9998522778440174,0.012154100377343414,"[1.0000337371965415, 0.9982854703182712, 1.0019259323758418, 0.9658671898456342, 0.9611140199617679, 0.9400626950399169, 0.9389968946428547]",0.02311233535704147
AR-S2,3,0,PERM,8,0.0012901448467196395,0.9998527548442505,0.012134461494003946,"[1.0000339086933114, 0.9959103182774469, 0.9975493141555826, 0.9830498168487287, 0.9719811338385771, 0.9543900217581881, 0.959504125907352, 0.9913178610889015]",0.02311226868128408
AR-S2,3,0,PERM,9,0.0008692055800194989,0.9998536637996357,0.012096950043886447,"[1.0000283802828427, 0.9985450563974512, 0.9954499871706465, 0.9894111232198605, 0.9873881117404958, 0.957700515956097, 0.9684526704730769, 0.9974080729492216, 0.9801723772869011]",0.023112255022872275
AR-S2,3,0,PERM,10,0.0008270977112182603,0.9998537352273521,0.012093997380843513,"[1.0000280374807433, 0.9989177732700322, 0.9973118840222147, 0.9967513682652812, 0.9905705535255372, 0.9581993803890805, 0.9697817138521618, 1.003460481349243, 0.9783911772997864, 0.834517946587048]",0.02311222128751916
AR-S2,3,0,PERM,11,0.0007541823467979134,0.9998538505269638,0.012089229629557413,"[1.0000243487001723, 0.9988254001558767, 0.9927092441799835, 0.9924354438558752, 0.9915899681300301, 0.962548888893101, 0.9734164462538643, 1.005324375368592, 0.9848597625046746, 0.8100116942415166, 0.9750023096683551]",0.02311222997324466
AR-S2,3,0,PERM,12,0.0005312711895440806,0.9998541370688993,0.012077372690315839,"[1.0000187554936828, 0.9996204131083045, 0.9928464863416936, 0.9937617810307504, 0.9950397335429212, 0.9717055011539234, 0.9774783483550669, 0.9863270894839982, 0.9752836349888244, 0.8607742114241619, 0.9418550363604516, 1.043553785385627]",0.023112232348701103
AR-S2,3,1,PERM,1,0.0026704913964193523,0.9997823990283976,0.014751304064466375,[1.0000399914917018],-0.024008656440744798
AR-S2,3,1,PERM,2,0.0024611655315681536,0.9997834732169222,0.014714849067447877,"[1.0000273556726436, 1.1070175039164942]",-0.024008650125120205
AR-S2,3,1,PERM,3,0.002080551759515883,0.999785201857072,0.01465599341320871,"[1.0000234095145892, 1.0540957195044742, 0.9706156297804105]",-0.024008617373139213
AR-S2,3,1,PERM,4,0.0019420588685755903,0.999785758960047,0.014636975095729499,"[1.0000225942811427, 1.0781147683615342, 0.9753031317585317, 1.1137584909732186]",-0.024008561354245266
AR-S2,3,1,PERM,5,0.0017815107436881408,0.9997863567721661,0.014616539530062122,"[1.000021020821193, 1.0879159531354723, 1.004140455850442, 1.1263043491776683, 1.0316620893827522]",-0.024008562621559152
AR-S2,3,1,PERM,6,0.0014977154183808156,0.9997872874012216,0.014584669992099513,"[1.0000173695942658, 1.0911940789771795, 1.0473218491553085, 1.1316442147439598, 1.0698858630324053, 1.0330923660493891]",-0.024008569066114965
AR-S2,3,1,PERM,7,0.0012507397955024112,0.99978796620266,0.014561380337730547,"[1.00001223158262, 1.0989989294706641, 1.0722951890285726, 1.1364218792246763, 1.073125748352727, 1.0580683962248771, 1.1121687277924426]",-0.024008559985016956
AR-S2,3,1,PERM,8,0.000892961596833177,0.9997887331722826,0.014535020733298293,"[1.0000044536931654, 1.1136639888606992, 1.0763535457071698, 1.1278866461498347, 1.0731692398818395, 1.0774817144915971, 1.114084912622558, 1.0299265020588946]",-0.02400855160485192
AR-S2,3,1,PERM,9,0.0007840197449321503,0.9997889158657356,0.014528734778515157,"[1.0000016979815627, 1.1311128556017094, 1.0720472718139928, 1.1388307355490277, 1.0640711898765038, 1.1045681970609476, 1.1137092639276394, 1.0512806502341254, 1.4739204426754824]",-0.02400861368394719
AR-S2,3,1,PERM,10,0.0006580984456753697,0.9997890974591318,0.014522483977205578,"[0.9999964370571544, 1.125174228538971, 1.0845578656471888, 1.1275597619573468, 1.0556553566739122, 1.119994280295439, 1.1085772836590637, 1.0416376273329373, 1.4977955001131942, 1.105913906591665]",-0.02400863029433608
AR-S2,3,1,PERM,11,0.0007432486551488279,0.9997889781341326,0.0145265916810301,"[0.9999920453463675, 1.1291634244525042, 1.0874608664200869, 1.129088913582022, 1.05075646039474, 1.124864096279491, 1.1152765262158468, 1.0404494434325122, 1.486654347103548, 1.1235304183469563, 1.0959267615253974]",-0.024008624423910864
AR-S2,3,1,PERM,12,0.0006535682333156148,0.9997891034012604,0.014522279392009774,"[0.9999964486063828, 1.1255212848472522, 1.0943874364969308, 1.132592234820644, 1.0526264128915404, 1.1388854258474403, 1.108273824906328, 1.0551178383584099, 1.479245949381875, 1.1219680713945726, 1.1066201332996937, 1.052140361178664]",-0.024008657832878717
AR-S2,3,2,PERM,1,0.004366828039450366,0.9996593337926113,0.01845714515814017,[1.0000353151200774],-0.03130989582758476
AR-S2,3,2,PERM,2,0.0037346453863740456,0.9996644554035755,0.018317876416891015,"[1.000033878091371, 0.9497657004912218]",-0.031309952377058775
AR-S2,3,2,PERM,3,0.00339206072756047,0.999666896903758,0.0182511121919182,"[1.0000342077264124, 0.9700258625771205, 0.9041730853292075]",-0.03130980276661302
AR-S2,3,2,PERM,4,0.0029253521209560056,0.9996698452947059,0.018170159748722874,"[1.000033786721795, 0.9970497820581368, 0.950637666243058, 0.926688435663345]",-0.031309835308356876
AR-S2,3,2,PERM,5,0.0027030990143407604,0.9996710962354561,0.018135704136974032,"[1.0000196021431875, 0.9925299289645424, 0.9644472716828141, 0.9407374999629464, 0.9184405595439403]",-0.03130975925192722
AR-S2,3,2,PERM,6,0.002717321836121072,0.9996710191417764,0.01813782947939437,"[1.0000179061387644, 0.9929365599802982, 0.96816076480167, 0.981209691773129, 0.9632593796934202, 0.9415072955082662]",-0.031309763232770946
AR-S2,3,2,PERM,7,0.001987454533129969,0.9996744530042162,0.01804292093270338,"[1.0000118904039652, 0.9958041002201031, 0.9608606906114942, 0.9888515120282496, 0.9989342359147491, 0.9130271201174281, 0.940425087404002]",-0.031309869753598916
AR-S2,3,2,PERM,8,0.0016486860232529362,0.9996756848141342,0.01800875303472722,"[1.0000192818345348, 1.0042185477855545, 0.9723120840570667, 0.9919525841999222, 0.9633296607340273, 0.9355838046873882, 1.0020060234914194, 0.8831137981997684]",-0.03130987226425065
AR-S2,3,2,PERM,9,0.0014156221274319477,0.9996763989937298,0.017988913426613684,"[1.0000134073627849, 0.9941144700213205, 0.9863861468935855, 0.9882489310844077, 0.9696118841169853, 0.9812301246467926, 1.012072509766272, 0.9553217827402819, 0.9288541454041263]",-0.031309916938939
AR-S2,3,2,PERM,10,0.0011387053625746381,0.9996771063298348,0.0179692423369847,"[1.000003107974564, 0.9977949194540127, 0.9942169134172855, 0.9858122766819625, 0.9849216209437271, 0.9811031385165594, 1.014272560847158, 0.9468224064919701, 0.946487761706615, 0.9303978796091941]",-0.03130985555848108
AR-S2,3,2,PERM,11,0.0009917152445332205,0.9996774194806113,0.01796052670131828,"[1.0000003076259905, 0.9976191463340814, 0.9937477145777965, 0.9912565773106381, 0.9849053535227541, 0.981854467420099, 1.0150182519858577, 0.9513200733963245, 0.9686725896018409, 0.9456303893667792, 0.8642828085085236]",-0.03130978426383169
AR-S2,3,2,PERM,12,0.0009432377044236471,0.9996775132823704,0.017957915180487224,"[0.9999895255288618, 0.9984950949106828, 0.9954377690729651, 0.9917672540062041, 0.9874151327764439, 0.9841682841959442, 1.015554694442443, 0.9582688486031125, 0.9720847914114445, 0.954223995977671, 0.8728098297716318, 0.9032437535481478]",-0.031309787726170005
AR-S2,4,0,PERM,1,0.0030044885208285973,0.9998378739161558,0.012732874139179957,[1.0000409537521262],0.0043346907952780045
AR-S2,4,0,PERM,2,0.002930058751252697,0.9998383156231418,0.012715517168334106,"[1.0000395648547051, 0.9553971501787063]",0.004334697239331876
AR-S2,4,0,PERM,3,0.0021420811541837505,0.9998423123557565,0.012557374098254621,"[1.000029391566806, 0.9655899944719661, 0.9653400360226098]",0.004334606010542382
AR-S2,4,0,PERM,4,0.0020504371410942418,0.9998426965749581,0.012542066219008158,"[1.0000272313773613, 0.9914835543465053, 0.9650974380639752, 0.9482614750379681]",0.004334578133588278
AR-S2,4,0,PERM,5,0.0019073213627970426,0.9998432629926466,0.012519465138470928,"[1.0000174039461776, 0.9956124711867886, 0.9625178045964045, 0.9596968728468508, 0.8747979811441884]",0.004334570115602737
AR-S2,4,0,PERM,6,0.001515349307863871,0.9998446045839028,0.012465769775559406,"[1.0000177448522682, 1.0113555687071565, 0.9630158845072919, 0.9649668261468869, 0.8800364844856793, 0.9098765468794391]",0.00433458562379798
AR-S2,4,0,PERM,7,0.0013627212402045998,0.9998450438582491,0.012448138083701982,"[1.0000162612527381, 1.0111688037146844, 0.9772137916884381, 0.9825658221730401, 0.902570908949127, 0.9208168667850871, 0.8964652016227359]",0.004334573583105604
AR-S2,4,0,PERM,8,0.0012689897985330672,0.9998452905323189,0.012438226066493079,"[1.000029836282992, 1.0116345578518395, 0.989476448156316, 0.9760450706622579, 0.9257117561022346, 0.9454511541702788, 0.9131199706094468, 0.9944506329566989]",0.004334620090417004
AR-S2,4,0,PERM,9,0.0009715892169781716,0.9998459568818211,0.012411410805341798,"[1.0000147511588533, 1.0113575658621112, 0.9861329697537122, 0.981059693895111, 0.9342562062560937, 0.9670928684548066, 0.9478320484852071, 0.9825989776925786, 0.9929730930439371]",0.004334542432981045
AR-S2,4,0,PERM,10,0.0007832510885261892,0.9998462873851599,0.012398089160837825,"[1.0000111501938254, 1.0054668688335027, 0.9855631664526507, 0.980030844549678, 0.952071396580777, 0.9717687903158457, 0.9752190387506613, 0.9889991870331843, 0.9912784688656325, 0.9692172898323962]",0.004334549590687915
AR-S2,4,0,PERM,11,0.0007413374234851558,0.9998463512862521,0.012395511838882108,"[1.0000127145162927, 1.005268379536275, 0.9865847225970092, 0.98055451747026, 0.9612326526688859, 0.9731175788687653, 0.9797117710068058, 0.9863276544128631, 0.9837344492614556, 0.9568233310791207, 0.928463593199124]",0.004334543347645528
AR-S2,4,0,PERM,12,0.0006607647404487704,0.9998464642573853,0.012390954063938224,"[1.0000087151246155, 1.0050492179944206, 0.9864901245718026, 0.9856797321970036, 0.9681731516202328, 0.9794351555216211, 0.9633365419740993, 0.9757662806331636, 0.9871603821748883, 1.0071196111045781, 0.9553307444769963, 0.95750141663344]",0.004334599806944788
AR-S2,4,1,PERM,1,0.004300473775955723,0.9997520069234289,0.01574779592740099,[1.000049952842127],-0.006358105023216409
AR-S2,4,1,PERM,2,0.0039961373196720044,0.9997545318846489,0.015667422102919798,"[1.0000378603955564, 0.8039592719107854]",-0.006358095745263266
AR-S2,4,1,PERM,3,0.003627410595694152,0.9997573428904969,0.015577455167746068,"[1.0000268448344025, 0.8177803694195251, 0.9002998219591737]",-0.00635813351412733
AR-S2,4,1,PERM,4,0.003202501543960485,0.9997602449819876,0.015484024606427544,"[1.0000328375607304, 0.8421903166044757, 0.9097379438133876, 0.8818654165992255]",-0.006358204353890269
AR-S2,4,1,PERM,5,0.0025437448796384672,0.999764030360114,0.015361303326413136,"[1.0000311317146795, 0.8812907264263035, 0.9189238963037177, 0.8996571074501928, 0.9800416725555336]",-0.006358265386167796
AR-S2,4,1,PERM,6,0.002241272212941003,0.9997654776969941,0.01531412103275555,"[1.000025344848765, 0.8983577868028874, 0.9479291564999062, 0.9311773892522693, 0.9566520579703478, 0.9216024818640887]",-0.006358256645641152
AR-S2,4,1,PERM,7,0.001957390541647929,0.9997666696203941,0.015275155632788725,"[1.0000114421487136, 0.9111979465594395, 0.9614963728294719, 0.9247870694064136, 0.9537190953971009, 0.9078460163941675, 0.9624025701901232]",-0.006358249043938363
AR-S2,4,1,PERM,8,0.0017000470578116577,0.9997676108381278,0.015244315723316625,"[1.0000106483656508, 0.9496341000692223, 0.9639852754490086, 0.9452670404509934, 0.9667428026421627, 0.9320938255806539, 0.985900893870085, 0.9900496760396476]",-0.006358253660950856
AR-S2,4,1,PERM,9,0.0014496905505647754,0.9997683993954343,0.01521842976675916,"[1.0000057242286433, 0.9637225727740587, 0.9754484956090799, 0.9382803897269586, 0.9683212632896204, 0.9524283746951809, 0.9827270919978665, 0.9768059430727325, 0.9818556093823164]",-0.006358237920766261
AR-S2,4,1,PERM,10,0.0012564054127617824,0.9997689224435654,0.015201235358831913,"[1.0000066999030541, 0.9763056581028776, 0.9785492893840707, 0.9395538324630379, 0.9769567690338904, 0.9643066096566625, 0.9894712366612897, 0.9932246971082254, 0.9827364267620416, 0.9937726153643396]",-0.006358248163207946
AR-S2,4,1,PERM,11,0.0011701705414709355,0.9997691316990305,0.015194350955849046,"[1.000003844132853, 0.9769375709460987, 0.9817548749182592, 0.9449964984379456, 0.9786595215064788, 0.9703179410846704, 0.9912136034882675, 1.0029104609983364, 0.9929764568818993, 0.978713846817728, 0.8320640741117369]",-0.006358252107119262
AR-S2,4,1,PERM,12,0.0009265789737028401,0.9997696424495321,0.01517753440015514,"[1.0000001016748767, 0.9831301472721911, 0.991460385861821, 0.9695749864221859, 0.9855434339818657, 0.984522678933307, 1.005493025576459, 1.0035190388504347, 0.9940995250945425, 1.0004914408839922, 0.8634730169725371, 0.9596686185401826]",-0.006358225847856033
AR-S2,4,2,PERM,1,0.0048602658292885275,0.9996275575150048,0.019298769002070365,[1.0000172145937984],-0.004751361999252192
AR-S2,4,2,PERM,2,0.0038880887664917755,0.99963606246468,0.019077146938681417,"[1.0000219261062029, 0.8774526919475201]",-0.004751387291034063
AR-S2,4,2,PERM,3,0.0034172770242327285,0.9996395019166757,0.01898678707217919,"[1.000021480737397, 0.9241947426683338, 0.8859735349437319]",-0.004751357915518863
AR-S2,4,2,PERM,4,0.0029383635388752164,0.9996425457186495,0.018906461365113078,"[1.0000168874660098, 0.9329922656210617, 0.9307933212368111, 0.9627076611416969]",-0.004751372920703382
AR-S2,4,2,PERM,5,0.0022692205171319937,0.9996460303371807,0.018814081503472208,"[1.000019625537325, 0.953150828823873, 0.9570781956264361, 0.9603867180280328, 0.9785923487974383]",-0.004751407424789208
AR-S2,4,2,PERM,6,0.002052269002656355,0.9996469678908768,0.018789148706718634,"[1.0000204849817562, 0.9626780575426938, 0.9650732237577062, 0.9728521118861431, 0.9799050479377421, 0.8852402275953021]",-0.004751476414212753
AR-S2,4,2,PERM,7,0.00192900945835771,0.9996474586214457,0.01877608528299645,"[1.0000292597169604, 0.9690570328380698, 0.9771379074160633, 0.9674707070599158, 0.9843133584610673, 0.8941307891426583, 0.9185925267760823]",-0.004751439075525621
AR-S2,4,2,PERM,8,0.0015761413656518544,0.9996486954773316,0.018743119341999646,"[1.000022660694994, 0.9791067748796338, 0.9946538773095256, 0.9717911416535073, 0.9990785565210187, 0.987571129000872, 0.8947805163605077, 0.9905169989944741]",-0.004751503008419576
AR-S2,4,2,PERM,9,0.0013302085184975028,0.9996494102442334,0.01872404218555934,"[1.0000114339253559, 0.9861214539070096, 1.0022559411728051, 0.9971763026107453, 0.9985706431854031, 0.9709062800973113, 0.9340598514065444, 1.0014599930862784, 1.0373160261983034]",-0.004751528405556117
AR-S2,4,2,PERM,10,0.0010014836326530199,0.9996501767294697,0.018703563043719614,"[1.0000047895353656, 0.9936426077235185, 1.0007708200380572, 0.9989871475601264, 0.993522070988958, 0.9912352697328405, 0.9457436960169966, 0.9932267004220044, 1.0003304879826076, 0.979387874732252]",-0.004751545618034994
AR-S2,4,2,PERM,11,0.0007512024638277777,0.9996506153937944,0.018691832606932447,"[0.9999997243659497, 0.9944557452466584, 0.9966144962530259, 0.9982999818180159, 0.9948277661820035, 0.9971783387422235, 0.973207472509577, 0.9951749799070638, 1.022195691090941, 0.9937011006357965, 0.980186693460634]",-0.004751514995123632
AR-S2,4,2,PERM,12,0.0005531537309480951,0.999650873719886,0.018684921196354672,"[1.000004662979096, 0.9964324782322879, 1.0006971356743204, 0.9974410245201687, 0.9969663123743738, 0.982803804902212, 0.9746847501204747, 0.993735906907823, 1.0248798822270413, 0.9877271684270467, 0.976401315989849, 0.937764454678216]",-0.004751514255298191
AR-S3,0,0,PERM,1,0.05219892945663701,0.9972090140826458,0.052829782484449084,[1.0018686285726552],-0.0024830110578572947
AR-S3,0,0,PERM,2,0.0012961240372771122,0.9999320623815448,0.008242427946621314,"[1.0000198241248723, 1.000034556868144]",-0.002487674726826462
AR-S3,0,0,PERM,3,0.0011611754765860523,0.9999323939905773,0.008222287359528452,"[1.0000206618534555, 1.0000516961670656, 0.9332800429089011]",-0.0024876814288152934
AR-S3,0,0,PERM,4,0.0010079165323146422,0.9999327264233286,0.008202047102482995,"[1.000015018976269, 1.0000407642423204, 0.9441186925182501, 0.9137109705442744]",-0.002487711994824738
AR-S3,0,0,PERM,5,0.0008680032729748436,0.9999329888893829,0.008186031432698726,"[1.000017409635534, 1.0000821531986315, 0.9601907135094215, 0.9239831261478497, 0.8065057412250457]",-0.0024877079324305495
AR-S3,0,0,PERM,6,0.0008983999093176811,0.9999329351966677,0.008189310308707232,"[1.0000162553971124, 1.0000927027517996, 0.9785540730419079, 0.9590827422598136, 0.83307660413994, 0.8576010701858096]",-0.0024877162182803825
AR-S3,0,0,PERM,7,0.0007524713188039104,0.9999331761059791,0.008174588308952263,"[1.000013065446573, 1.000026015541662, 0.9962921194107808, 0.9740535236238254, 0.8781397004210596, 0.861640739174309, 0.9157860995739912]",-0.0024877281902466715
AR-S3,0,0,PERM,8,0.0006219559675185627,0.9999333554898392,0.008163608893177606,"[1.0000159947322276, 0.9999272558734752, 0.9948542354092182, 0.9975415966157548, 0.9037467610584718, 0.909838991707249, 0.940212757501515, 1.0005669429585238]",-0.002487708390441704
AR-S3,0,0,PERM,9,0.0004784635932014962,0.9999335133916547,0.008153932078773761,"[1.0000117992850661, 0.9999258209596213, 0.9923718770035906, 1.0050785789129413, 0.9372163784411613, 0.9297216239656282, 0.9626794186951793, 1.0149098519504198, 0.8530323029374518]",-0.0024876908200183257
AR-S3,0,0,PERM,10,0.0004707116369386896,0.9999335207496196,0.00815348087508556,"[1.0000117592481375, 0.9998917830830234, 0.9895683389558804, 1.0114155645930811, 0.9576069393881035, 0.9443015272026763, 0.9529995051729997, 1.0018096947083, 0.9250376574643459, 0.9346619416492522]",-0.002487688809628521
AR-S3,0,0,PERM,11,0.00043624545833332966,0.9999335520089648,0.00815156371717433,"[1.0000089837440804, 0.9999919278988219, 1.0039146447598213, 1.0084338061622042, 0.9687891426488016, 0.9389372967352164, 0.9674446964238907, 1.0250008424490802, 0.9327328834031293, 0.9586957606705139, 0.9405212301097281]",-0.002487691451826349
AR-S3,0,0,PERM,12,0.00036891116739515615,0.9999336062236154,0.00814823762445999,"[1.0000057648532188, 0.999997215021908, 1.0046592202357054, 1.00631241804724, 0.977176385528509, 0.9408064280427207, 0.9745888369978792, 1.024420237784269, 0.959809396918684, 0.9626997368606769, 0.9448150307968582, 0.9252142855253701]",-0.0024876970761075106
AR-S3,0,1,PERM,1,0.5491800390903634,0.6981771666117524,0.5493840490842883,[0.9862534513966632],0.008604736283486736
AR-S3,0,1,PERM,2,0.003244305251306892,0.9997653564304817,0.015318079824777984,"[0.9999733713984005, 1.0000453521342116]",0.00847363046773463
AR-S3,0,1,PERM,3,0.0025849757816455866,0.9997691998472537,0.015192108239026836,"[0.9999831901528397, 1.0000359039844644, 0.9587926755686069]",0.008473652970231036
AR-S3,0,1,PERM,4,0.002463271351537628,0.9997698142412941,0.015171873935210474,"[0.9999878576810008, 1.0000310779000978, 0.9365625666800784, 0.9718522102990412]",0.008473668642925094
AR-S3,0,1,PERM,5,0.00222324196151583,0.9997709391422259,0.015134756614298677,"[0.9999815197133075, 1.0000177927168692, 0.9393630809475437, 0.9755144998795371, 0.8689387983320597]",0.008473646652312641
AR-S3,0,1,PERM,6,0.00205172832713879,0.999771672357917,0.015110514289162913,"[0.9999867545455212, 1.0000052946554734, 0.9454729541018613, 0.9912767310853456, 0.8570233509962503, 0.9664398290180581]",0.008473683874495631
AR-S3,0,1,PERM,7,0.0019509625930407039,0.999772075692006,0.015097162249709615,"[0.9999916448562403, 0.9999971287847158, 0.9610136686162553, 1.0024934334909885, 0.9262200460069413, 0.9739355666316066, 1.000762692679501]",0.008473653168161625
AR-S3,0,1,PERM,8,0.0015453737882592446,0.9997734937669,0.01505012402274651,"[0.9999885731016707, 0.9999927391822779, 0.9799393018925826, 1.001776380812988, 0.9790964102812192, 0.9849763696347447, 0.9795250029181771, 0.9496006047409935]",0.008473652410847918
AR-S3,0,1,PERM,9,0.0014441544383277348,0.9997737963650036,0.015040067652652183,"[0.9999902780422842, 1.0000168847864, 0.9907709479270558, 0.99650824526854, 1.0037901407250571, 0.9888854757076135, 0.9904924430765584, 0.9639913010335059, 0.9728996134280073]",0.008473668994793956
AR-S3,0,1,PERM,10,0.0011439962273245984,0.9997745732196772,0.015014219271169107,"[0.9999851523145041, 1.0000181164894295, 0.9938069097987607, 0.9895685605972285, 0.9868784065081001, 0.987262017074373, 0.9962348413897615, 0.9710958370295847, 0.9796796974171887, 0.9146896111905198]",0.00847367696301028
AR-S3,0,1,PERM,11,0.0011838250301889385,0.9997744805053432,0.015017306504720307,"[0.9999964704997542, 1.0000018823501762, 0.9888262783063954, 0.9934805884166479, 0.9657781104028672, 0.9854844285064249, 1.0168004171599274, 0.9633045808305071, 1.013179946063315, 0.900525653379248, 1.0269388212868897]",0.008473720917634145
AR-S3,0,1,PERM,12,0.0010550850487122995,0.9997747687425854,0.015007706600764462,"[0.9999887664548668, 1.0000201421165111, 0.987079273189766, 0.9904289973760421, 0.9701343960733176, 0.987987028865451, 1.0118630159361703, 0.972006452701162, 1.006962670925426, 0.9267520108590686, 1.0321449451484341, 0.91608836627787]",0.00847373917129782
AR-S3,0,2,PERM,1,0.6726112481463086,0.5472760319652232,0.6728476558885946,[0.9951885223177631],-0.008813062103338916
AR-S3,0,2,PERM,2,0.0044643727287894015,0.9996619924742967,0.018384980981859166,"[1.0000544102571012, 1.0000523336667926]",-0.008677992165452009
AR-S3,0,2,PERM,3,0.0038864413287219342,0.9996668186719566,0.01825325527250859,"[1.0000444500827907, 1.0000481822019127, 0.9565757118481123]",-0.008677834086786402
AR-S3,0,2,PERM,4,0.0033743617543931224,0.9996705367809087,0.01815112170339001,"[1.000038981611992, 1.0000406555466919, 0.9590772446871999, 0.8737565777608068]",-0.008677787644232169
AR-S3,0,2,PERM,5,0.0029434788953281747,0.999673259030151,0.018075977701054156,"[1.0000337956354435, 1.0000314222014859, 0.9531064738741292, 0.9095816163533187, 0.902320114503222]",-0.008677781540781498
AR-S3,0,2,PERM,6,0.002192253257590151,0.9996771171238128,0.017968941988530635,"[1.0000382733495692, 1.0000218163369514, 0.9697421887685606, 0.9088650862895975, 0.9897402245348907, 0.9572073487475036]",-0.008677979372949821
AR-S3,0,2,PERM,7,0.0019231078267613292,0.9996782247544449,0.01793809481397385,"[1.00003196368656, 1.0000184254531745, 0.9638237922563503, 0.9005652816027084, 1.0074929443850926, 0.9664758931768823, 0.9554764537452832]",-0.008677963129692615
AR-S3,0,2,PERM,8,0.001546261438130598,0.9996795321737232,0.01790161518625664,"[1.000020004404629, 1.0000158853134695, 0.9566372581039096, 0.9201435605654681, 1.0040681530255886, 0.972831886815408, 0.9646650531096385, 0.9645599289966046]",-0.008677950750553295
AR-S3,0,2,PERM,9,0.0015960315216510207,0.9996793757815401,0.017905982756047444,"[1.0000034194362208, 1.0000046020312907, 0.9524348519052298, 0.9769949166920687, 0.9932609570271355, 0.9814469997690661, 0.9670482534270548, 0.972507385476588, 0.9616985311226558]",-0.008678002457714993
AR-S3,0,2,PERM,10,0.0012129465700446071,0.9996804518587764,0.01787590952157533,"[0.999994444433421, 1.0000174231518448, 0.9815918169366906, 0.9843508666129356, 0.9898669939754384, 0.996078296104831, 0.9841636182785757, 0.973632320266288, 0.9933303826869867, 0.9711763356510027]",-0.008677957414607232
AR-S3,0,2,PERM,11,0.0010016975262657918,0.9996809197002241,0.017862818920201026,"[0.9999988895726153, 1.0000114300477874, 0.9798120855335294, 0.9867691823812116, 0.9928317910418492, 1.0050181910479405, 0.9865949706934012, 0.9718646198974376, 1.000142524902249, 0.9736007538826146, 1.0026124084639965]",-0.008678044457886253
AR-S3,0,2,PERM,12,0.0010109631245364228,0.999680901051719,0.017863340904795418,"[1.0000027033657202, 1.00000544173019, 0.9868364530698275, 0.9804875308794082, 0.9916977142990383, 1.0061583753957763, 0.9892608765315907, 0.972838584524152, 0.9959465778239416, 0.9888385883017015, 1.015143482503145, 1.005996864706409]",-0.008677938289551263
AR-S3,1,0,PERM,1,0.04943395636448408,0.9974915068751387,0.05008485923771149,[0.9988858316150825],-0.040944287742155694
AR-S3,1,0,PERM,2,0.0010854767901271331,0.9999340446571224,0.00812128948366959,"[0.9999994402237675, 0.9998770862163209]",-0.04094487182980326
AR-S3,1,0,PERM,3,0.0008214959512406566,0.9999345480613865,0.008090237240870159,"[0.9999959943465966, 0.9999796960542856, 0.9482582919438878]",-0.04094483551276349
AR-S3,1,0,PERM,4,0.0006917530471733932,0.9999347443947061,0.00807809416223476,"[0.999995743759633, 0.9999339776622624, 0.9588754869523293, 0.901861320311306]",-0.040944850706837246
AR-S3,1,0,PERM,5,0.0004624873346033082,0.9999350090224497,0.008061698180304574,"[1.000001584931287, 0.9998884887289196, 0.9542605357180156, 0.9765770694982892, 1.0208462832346628]",-0.04094489837067819
AR-S3,1,0,PERM,6,0.0002992754498433798,0.9999351333511894,0.008053983412606248,"[0.9999984691362903, 0.9999621230636022, 0.9807990542555272, 0.9630241125754498, 1.028865286683162, 0.9684024547135104]",-0.040944907720902465
AR-S3,1,0,PERM,7,0.0004445282759907807,0.9999350253115962,0.008060687836891648,"[0.9999973566596726, 0.9999461888265381, 0.9753016317450806, 0.9850809470757099, 1.0223786394231735, 0.9614026402704222, 0.944818163055633]",-0.04094490849175719
AR-S3,1,0,PERM,8,0.0004270122647870747,0.99993504057751,0.008059740845085294,"[0.9999989150382109, 0.9999681446300752, 0.9849918463554107, 0.9884263591584154, 1.0219813577878467, 0.955217918677029, 0.9393682604900788, 0.9622804228938889]",-0.040944912369928636
AR-S3,1,0,PERM,9,0.000362646675521428,0.9999350914043731,0.0080565870954719,"[0.9999976860280176, 0.9999700393228241, 0.9904912269371298, 0.9955520685349163, 1.0206497938730847, 0.9804404765992382, 0.9488976306724034, 0.971548487023644, 0.9110205505817188]",-0.040944912482257054
AR-S3,1,0,PERM,10,0.000350632815429816,0.9999350999736131,0.008056055262156156,"[0.9999980509263778, 0.9999697657050673, 0.991201765194987, 1.0015078304501415, 1.020764873697998, 0.9819442456168378, 0.9656416173569407, 0.9774362657537473, 0.9216949342559625, 0.94270949834566]",-0.040944931852675795
AR-S3,1,0,PERM,11,0.000299280327884563,0.9999351333482697,0.008053983593869331,"[0.9999968101214205, 0.9999717454794892, 0.9943000546260798, 1.0031308736467823, 1.0201359827546426, 0.9885732068530922, 0.9619385842849607, 0.9799127143230999, 0.9347748917230644, 0.9519907422742713, 1.0063637824553313]",-0.04094493393636786
AR-S3,1,0,PERM,12,0.0002871011834032804,0.9999351404898948,0.008053540221863253,"[0.9999925676972452, 0.9999767275974563, 0.9996724467018742, 1.0000824379350035, 1.0270518774841084, 0.983096876144846, 0.961574380682582, 0.9802814393026551, 0.9496463526039446, 0.9856809905581256, 1.0133134065037244, 0.9859176835591064]",-0.04094490635193635
AR-S3,1,1,PERM,1,0.5768933513898158,0.6669516367859853,0.5771034250582946,[0.9984060116174828],0.00628483956628081
AR-S3,1,1,PERM,2,0.0032055485590095022,0.9997473001221946,0.015896536660714333,"[1.0000569405319362, 0.9999970547705156]",0.006138968410221261
AR-S3,1,1,PERM,3,0.0029820617139669453,0.9997486829716928,0.015852981685070294,"[1.0000505915547153, 1.0000051060699324, 0.9025643558602231]",0.006138894140126144
AR-S3,1,1,PERM,4,0.0029297388587247422,0.9997489922939784,0.015843222715773094,"[1.0000455453093342, 0.9999992710256221, 0.9112999705137746, 1.0031217968576391]",0.006138897186261201
AR-S3,1,1,PERM,5,0.002113388531569411,0.9997531092526734,0.015712757470496257,"[1.0000464624642176, 0.9999976793702271, 0.9488592105224897, 1.0463573187771658, 1.0025079777170045]",0.00613887503298113
AR-S3,1,1,PERM,6,0.001862911308093835,0.9997541052252169,0.01568103232517205,"[1.0000461809237096, 0.9999984423694563, 0.9499400661897669, 1.0390798547844615, 1.0054124122830883, 0.9090967383270643]",0.0061389298390829026
AR-S3,1,1,PERM,7,0.0015184561713061824,0.9997552699546145,0.015643850081915406,"[1.000053761529338, 1.0000014583600265, 0.9566559902231242, 1.0534204969943606, 0.9995436335250963, 0.9300560346636144, 1.0901044703115672]",0.006138922737268561
AR-S3,1,1,PERM,8,0.0012245597767500977,0.9997560761171119,0.015618062712388534,"[1.0000515811320068, 0.9999963061287274, 0.9846851899056072, 1.0327779001854667, 1.0097431598973008, 0.9562277110649596, 1.0773080825575279, 1.0147532050159571]",0.006138858426649863
AR-S3,1,1,PERM,9,0.0009875080943725215,0.9997566004915223,0.01560126624597241,"[1.0000445642474578, 1.0000125190922349, 0.9898778958178402, 1.0398366287576803, 1.0074450817632277, 0.9693463891643015, 1.09291988144727, 0.9797283546916958, 0.9381037150023461]",0.0061388768295794986
AR-S3,1,1,PERM,10,0.0007134510953435177,0.9997570666512933,0.015586319280276333,"[1.0000410789309178, 1.0000278886333616, 0.9966767695638057, 1.0525182855877044, 1.004313299020362, 0.9896097519297422, 1.0961030039441886, 1.0147249346414247, 1.0093991214399236, 0.9929677146178058]",0.006138846183261167
AR-S3,1,1,PERM,11,0.0009436291676706796,0.9997566852277526,0.015598550325185534,"[1.0000359851212726, 1.0000306294198653, 1.0060500411971696, 1.0579623971979928, 1.0053525806325552, 0.9974713976147422, 1.1081117386359904, 1.023861354143858, 1.0346255900300616, 1.0188080402522535, 0.9851017458568345]",0.006138852858645255
AR-S3,1,1,PERM,12,0.0005737288163922137,0.999757246499004,0.015580548802786942,"[1.000025111464139, 1.0000462850446228, 1.0076190527711768, 1.064183322110369, 1.010241372492297, 1.0042092669228913, 1.127654990473131, 1.0215429105361924, 1.0768844436047755, 1.0363302901287368, 1.0347696262980877, 1.084747037106517]",0.006138829525274536
AR-S3,1,2,PERM,1,0.6584491808649809,0.5661490000697049,0.658673667251314,[0.9694653121802592],-0.028151762294217692
AR-S3,1,2,PERM,2,0.004466790413824287,0.9996843716348682,0.017765932712126602,"[1.0000320715098854, 1.0000426760920453]",-0.028054463340804473
AR-S3,1,2,PERM,3,0.0040197900108508286,0.9996881651397379,0.017658846515616864,"[1.0000323348473437, 1.0000317053813061, 0.8763935933832703]",-0.02805449478331287
AR-S3,1,2,PERM,4,0.003659414544926554,0.9996909325366576,0.017580314654248877,"[1.0000176437884796, 1.0000415947543595, 0.9108666294245231, 0.8633709854843727]",-0.028054564459018796
AR-S3,1,2,PERM,5,0.003434972952390039,0.9996925248122855,0.017534970422399605,"[1.0000106827496127, 1.0000397550854652, 0.918862230550934, 0.8764841001997338, 0.7981580825874429]",-0.028054532605556688
AR-S3,1,2,PERM,6,0.003248113490888495,0.9996937736102195,0.017499325409297054,"[1.000005351030279, 1.000041915416897, 0.9353987592722988, 0.8968104903166321, 0.7886145983629553, 0.8799277661177654]",-0.028054518089069187
AR-S3,1,2,PERM,7,0.002832268502677207,0.999696302106598,0.01742693011984713,"[1.0000019973756271, 1.0000343999042756, 0.9395622495368025, 0.9203104173805116, 0.810672016112432, 0.892425828377586, 0.9612925229354929]",-0.028054454496836564
AR-S3,1,2,PERM,8,0.0024931948484900562,0.9996981078309167,0.01737504443399542,"[0.9999968132004644, 1.0000429879688948, 0.9408668192811681, 0.933775439650841, 0.8122797966800416, 0.9205158808606295, 0.9888816095142801, 0.93756826777193]",-0.028054468245363017
AR-S3,1,2,PERM,9,0.002300807719165422,0.9996990301353087,0.017348483066001737,"[1.0000047237347511, 1.0000500927916325, 0.9429153232658136, 0.9324556129246293, 0.8184474695544851, 0.9356421485220513, 1.0199443179537453, 0.9201697021821574, 0.951970911646338]",-0.028054501648942767
AR-S3,1,2,PERM,10,0.0022303653247346296,0.9996993493219875,0.017339281358019317,"[0.9999956419514908, 1.000042784994459, 0.9411923257788329, 0.9405084090216496, 0.842296789728829, 0.9495209527825433, 1.008282529123536, 0.9319021546256009, 0.9955769001480159, 0.9641429590170443]",-0.028054410182562124
AR-S3,1,2,PERM,11,0.0020059220787944326,0.999700300128083,0.017311841956215192,"[0.9999958766275854, 1.000031099073779, 0.9466085941094442, 0.9513206427836951, 0.8587280063256636, 0.9585452708098919, 1.0119392395889142, 0.9391409515068404, 1.0122751599726778, 0.9898685356097298, 0.9707902694823493]",-0.028054394973254536
AR-S3,1,2,PERM,12,0.0009906855108042347,0.9997033423936879,0.017223751226492303,"[0.9999839728385838, 1.00003294190317, 0.9843799672389468, 0.9804775894636425, 0.9887882366641454, 0.9847788717700263, 1.0123101151532627, 0.9808232668080863, 1.0249071340485234, 1.0258271522521203, 1.0006326494258542, 1.00266242798265]",-0.028054234068554684
AR-S3,2,0,PERM,1,0.046912465918555246,0.9977461712393585,0.04747450642862451,[0.9983486158356487],-0.01805034327405605
AR-S3,2,0,PERM,2,0.0014411512623960798,0.999944873780957,0.0074247032966313,"[1.0000236542326362, 0.9997903883312461]",-0.018057054179340743
AR-S3,2,0,PERM,3,0.0014223638270398928,0.9999449275790616,0.007421079499531953,"[1.000021517657339, 0.9998276559729274, 0.8346557369701346]",-0.018057070923453253
AR-S3,2,0,PERM,4,0.0012165574984438518,0.9999454706857711,0.007384396673318803,"[1.0000183331233232, 0.9998896485532964, 0.8619862765430818, 0.9804617783317117]",-0.018057120169275537
AR-S3,2,0,PERM,5,0.0011829386753585208,0.9999455513540084,0.007378932578060381,"[1.000016022712499, 0.9999240869723298, 0.8681029859605109, 0.996472838364203, 0.7662642836050026]",-0.018057101916480658
AR-S3,2,0,PERM,6,0.0011184550887360313,0.9999456997561326,0.0073688699179332365,"[1.000014347709579, 0.9999463481052235, 0.895552042313479, 0.9777618816516843, 0.8050757688542794, 0.8990327805502034]",-0.01805711042836048
AR-S3,2,0,PERM,7,0.0009134284595412094,0.9999461163463674,0.007340548592074145,"[1.0000173284266083, 0.9999961597480886, 0.9003210166150224, 0.9716865154437708, 0.8547938009754641, 0.9142789383426126, 0.9533879854856182]",-0.018057130324866225
AR-S3,2,0,PERM,8,0.0007928176949989135,0.9999463221380206,0.007326517725318437,"[1.0000150399091785, 1.0000785442395097, 0.9566728413833949, 0.9968940260088517, 0.8579555444489317, 0.8716093481610228, 0.9698923103898196, 0.9866726212176641]",-0.018057140217161212
AR-S3,2,0,PERM,9,0.0006988699647582141,0.9999464622786904,0.007316947540439454,"[1.0000155416788086, 1.0001400958716165, 0.9703594679133831, 0.997904753165801, 0.8863390405887659, 0.9264768940885644, 0.9719877353537825, 0.9981276467044833, 0.962331659251239]",-0.018057134303800966
AR-S3,2,0,PERM,10,0.0006190461003654444,0.9999465674798437,0.007309755136547294,"[1.000014291484666, 1.00010046497949, 0.9733991749682002, 1.0023215881588177, 0.913458823439793, 0.9583401980912056, 0.972923525528102, 1.0043884007117503, 1.001332620509166, 1.0854486394872693]",-0.018057130136720386
AR-S3,2,0,PERM,11,0.0005895065089605172,0.999946603179994,0.007307312775980557,"[1.0000136300561238, 1.0000952424651868, 0.9774874193507563, 1.0012453473175795, 0.9256209116624008, 0.9679775579318124, 0.9840839955666452, 1.0103985539429245, 1.0060729033075027, 1.0921821239813878, 0.9632076222368825]",-0.01805712018581
AR-S3,2,0,PERM,12,0.00041087830439526875,0.9999467818769371,0.007295075260949991,"[1.0000125719893729, 1.0000368887403068, 1.0028370228629884, 1.0013104170288405, 0.9266989454889754, 0.977113954091937, 1.0017424194262137, 1.012830928010273, 1.0100146584571117, 1.0681728628127827, 0.9107586367085105, 1.01375916178536]",-0.018057122755787153
AR-S3,2,1,PERM,1,0.5433735362445041,0.7044737955160547,0.5436232192281208,[1.0044386506824867],0.00362545284111017
AR-S3,2,1,PERM,2,0.004400807214588547,0.9997092283027721,0.017052029123476812,"[1.0000379757502988, 1.0000193089959615]",0.0033710304734116065
AR-S3,2,1,PERM,3,0.004221078958169018,0.9997107778993409,0.017006531117750738,"[1.0000419919211312, 1.0000075929961871, 0.9751833045655776]",0.003370977883019822
AR-S3,2,1,PERM,4,0.0033876511935132395,0.9997171192263031,0.01681905983391576,"[1.000038314898466, 1.0000163383371021, 0.9384482964971208, 0.9957631560931152]",0.0033709651095170014
AR-S3,2,1,PERM,5,0.0030958381114847464,0.9997190111932995,0.01676272074278064,"[1.0000392961331805, 1.000011684082855, 0.9412330142930617, 1.0085647228096237, 0.9578142512625288]",0.0033709955695218102
AR-S3,2,1,PERM,6,0.0027492728417394985,0.9997210369057538,0.01670218830711273,"[1.0000253344213799, 0.9999990323172883, 0.9385518483579994, 1.021851877944359, 0.9781814002668296, 0.989308316991716]",0.003371011937534788
AR-S3,2,1,PERM,7,0.00249493377900269,0.9997223707123505,0.01666221136732863,"[1.0000246189475113, 0.9999878539983423, 0.9485651710274413, 1.026909233648593, 0.9681508114798117, 0.9676686082526516, 1.0152205017616642]",0.003371031255684705
AR-S3,2,1,PERM,8,0.0022389977120741383,0.9997235822961574,0.016625814381334827,"[1.0000252907144218, 0.9999846237124631, 0.9645639476251608, 1.0231588841555415, 0.9895618779848657, 0.9832745891768985, 1.0031435905860924, 0.9240505626657939]",0.0033710290891685478
AR-S3,2,1,PERM,9,0.002038257881920992,0.9997244409117189,0.016599972538565835,"[1.0000420932101206, 0.9999768151719701, 0.965350298665602, 1.0242243888798435, 0.9828221672446602, 0.9851757006148978, 0.9986628939801038, 0.9273237631766518, 0.9874635482299853]",0.0033710512503443936
AR-S3,2,1,PERM,10,0.0018678158895807338,0.9997251066707147,0.01657990739676483,"[1.0000377234470614, 0.9999689065193672, 0.9688609373604952, 1.0296859387939916, 0.9872313316792363, 1.0103113638626324, 0.9879179342156184, 0.9461906629237912, 0.9824298771628988, 0.8858256213167428]",0.0033710641313712043
AR-S3,2,1,PERM,11,0.0016683622099377383,0.9997258119744485,0.016558623902712302,"[1.000033760422611, 0.999964144679648, 0.9759494247762871, 1.024030427099164, 0.9840110637096874, 1.0146713008855952, 1.002746555610008, 0.9554545679854207, 0.9590237904001153, 0.9198021918152006, 0.9646221894569004]",0.0033710761508918227
AR-S3,2,1,PERM,12,0.0012183254448004887,0.9997271110900227,0.016519349562781675,"[1.0000363497656393, 0.9999561263351058, 1.0024019583783892, 1.0116273624511611, 0.9874307091705302, 1.0120246256615777, 1.0110128675238275, 0.9634525822673777, 0.9519007239899616, 0.9555875550883994, 1.0068574080673882, 1.0167879533648507]",0.0033710942325876963
AR-S3,2,2,PERM,1,0.6797122459325277,0.537717851721477,0.679913338800264,[0.9929433643626019],0.006461733293215419
AR-S3,2,2,PERM,2,0.004485219264195324,0.9997064718002701,0.01713266470021488,"[1.0000259301148573, 1.000041718871436]",0.0067063379726858404
AR-S3,2,2,PERM,3,0.004124588680071894,0.9997095767603381,0.017041808579545115,"[1.0000279451741658, 1.0000434383834182, 0.8754152436083437]",0.006706506171272823
AR-S3,2,2,PERM,4,0.003568231069257213,0.9997138567191544,0.01691577018186558,"[0.9999998936321668, 1.0000405549559415, 0.921031575221427, 0.9438090604325766]",0.006706565985100867
AR-S3,2,2,PERM,5,0.003378682315040939,0.9997151734979319,0.016876803668587567,"[1.0000143804666488, 1.0000231453438768, 0.9342585704470362, 0.948890174629769, 0.9439621173840801]",0.006706571710530553
AR-S3,2,2,PERM,6,0.0030108453362775772,0.9997175238024789,0.01680702821801239,"[1.0000150034899309, 1.000032516061774, 0.9388124583843652, 0.9799888721661065, 0.9638048766178123, 0.9330066363799885]",0.006706641568571337
AR-S3,2,2,PERM,7,0.0025109791405537717,0.9997202839758736,0.016724712975904145,"[1.000017924253113, 1.0000260120254927, 0.951905054531656, 0.9894336099757371, 0.9439120653762059, 0.9560475654358395, 0.9478240184926081]",0.006706612031926123
AR-S3,2,2,PERM,8,0.002020823211770661,0.9997225052656646,0.016658173199222998,"[0.9999879046283875, 1.0000305462559032, 0.9745656671276139, 0.9768189571331725, 0.9637964105725375, 0.9629203790494422, 0.9903929390624279, 0.9309235634762093]",0.0067066947476634164
AR-S3,2,2,PERM,9,0.0017644883500882056,0.9997234755729804,0.016629023633986374,"[0.9999815060197801, 1.0000227933468127, 0.9757715625312865, 0.9775458442180934, 0.9544395416593625, 0.9682484203425267, 0.9902627813775693, 0.9391934727680602, 0.9502467864707126]",0.00670670306965692
AR-S3,2,2,PERM,10,0.0015880613864602136,0.9997240670531508,0.016611229540562197,"[0.9999911201587393, 1.000018726771903, 0.9768507950620443, 0.9721498154958989, 0.9705546494534117, 0.9807627067421651, 0.9934513569752257, 0.9562540731991268, 0.9461423685207075, 0.9988238441374937]",0.006706651883183752
AR-S3,2,2,PERM,11,0.0015770565913141668,0.9997241018846257,0.01661018107590305,"[0.9999940245737187, 1.0000114817085717, 0.9791665989683933, 0.9721541368667669, 0.9727017666238098, 0.9816124248017903, 0.9892175365157453, 0.9612087810995529, 0.9565713411925292, 1.0177399402921292, 0.8831530985694042]",0.006706668194073736
AR-S3,2,2,PERM,12,0.0014656128662665384,0.9997244409710442,0.01659997075165635,"[0.9999771283104564, 1.0000247932103716, 0.9833139135587265, 0.9735279556318956, 0.9798791212521878, 0.9903090660383906, 0.9880791188728267, 0.9512483991817021, 0.9629605164275489, 1.0068822200958893, 0.899363558956759, 1.0221908228103378]",0.006706699619477273
AR-S3,3,0,PERM,1,0.04601306218340016,0.9978241478968186,0.04664602987587833,[1.0011898037520683],0.022453494316221075
AR-S3,3,0,PERM,2,0.00152801733902559,0.9999390149513238,0.007809292456826509,"[1.0000247813129315, 0.9998082046506085]",0.022456286249238535
AR-S3,3,0,PERM,3,0.0013774577727706941,0.9999394523983963,0.007781233938370636,"[1.0000229867126513, 0.9998485998182304, 0.8434724697921999]",0.02245627560070898
AR-S3,3,0,PERM,4,0.0013087263921875317,0.9999396370235425,0.00776936139315792,"[1.0000200680427154, 0.9999127649599082, 0.8563171504415734, 0.8821988886393066]",0.02245626026075936
AR-S3,3,0,PERM,5,0.0012008011164159579,0.999939907864991,0.007751911700288541,"[1.0000202775281162, 0.9998090062682926, 0.9127390070758439, 0.898460711374558, 0.9020977647003265]",0.02245628511768063
AR-S3,3,0,PERM,6,0.0011269429373431867,0.9999400797879281,0.007740814690451662,"[1.0000211963492793, 0.9997896013934511, 0.9442311317651393, 0.9007993400052354, 0.9057364416851453, 0.9285783175846403]",0.022456278452389955
AR-S3,3,0,PERM,7,0.0008898401988885995,0.9999405579727325,0.0077098655803744505,"[1.0000233073705405, 0.9997704496428352, 0.9488306102916307, 0.9064995749365478, 0.9382922423202633, 0.968461600393479, 0.9468493780259624]",0.022456299942133485
AR-S3,3,0,PERM,8,0.0007588455103442099,0.9999407739418036,0.007695846814773156,"[1.0000180723117984, 0.9998599736884628, 0.9511205661542633, 0.9148864700487547, 0.9335839809584525, 0.9614601393131471, 0.9618343434839655, 0.9212812801206451]",0.022456301099036496
AR-S3,3,0,PERM,9,0.0006073607160757972,0.9999409809012727,0.0076823888685301975,"[1.0000180890853816, 0.9999142309541409, 0.9687294312267006, 0.9404467037745415, 0.9466705133752843, 0.9739677665588834, 0.9555016282482786, 0.9673312457438634, 0.8948492706609215]",0.022456298849112537
AR-S3,3,0,PERM,10,0.0005555318042558172,0.9999410411727265,0.007678465163912922,"[1.0000190309756498, 0.9998533797333538, 0.9781198199261658, 0.9516324471060252, 0.9561138838438441, 0.9567483208899271, 0.960828223537135, 0.9879151072512353, 0.9086650216012381, 0.9537917018111634]",0.022456303879512723
AR-S3,3,0,PERM,11,0.0005263871259518918,0.9999410727049057,0.007676411602712069,"[1.0000160570871124, 0.9998730954886497, 0.9811608739091178, 0.9657560437618644, 0.9557998521874049, 0.964323882029126, 0.9597399736063444, 0.9819295566950658, 0.9442235849913626, 0.9660728545301764, 0.9771389304201974]",0.022456298761598763
AR-S3,3,0,PERM,12,0.0004683359617181403,0.9999411304497391,0.007672649494204923,"[1.0000112841332724, 0.9998708071545195, 0.9801443215885725, 0.9692050785947071, 0.9575021008951926, 0.9715925364442674, 0.9651817148459576, 0.9779707917639213, 0.940247324696071, 0.9821744579869056, 0.9766346269178376, 0.879643217572268]",0.02245630440509891
AR-S3,3,1,PERM,1,0.5913594990008533,0.6500265279431297,0.5915855576811104,[1.0189583067222556],-0.02067275486511833
AR-S3,3,1,PERM,2,0.003944827263008826,0.9997170233395348,0.016821910131289464,"[1.0000494614345814, 0.9999961823292163]",-0.020527908954629456
AR-S3,3,1,PERM,3,0.003835541683896362,0.9997178736216609,0.01679661806254783,"[1.0000460947892993, 0.9999942644858391, 0.9202752865325569]",-0.020527997921436652
AR-S3,3,1,PERM,4,0.0032333767796868633,0.9997221302762703,0.01666942481700012,"[1.0000291125182623, 0.9999993986685549, 0.9472027599229378, 0.9086539636272284]",-0.020527990846200658
AR-S3,3,1,PERM,5,0.0030040925500228553,0.9997235604296207,0.01662647197631849,"[1.0000233358458221, 1.000009861844601, 0.9673246270124861, 0.9373576990729933, 0.8721864082210073]",-0.02052795523686841
AR-S3,3,1,PERM,6,0.002330546264806502,0.9997271535557773,0.01651806417903154,"[1.0000278832466452, 1.0000159483851532, 0.9829122895374249, 0.9579110273139628, 0.8791705676773265, 0.9797357504937286]",-0.020528014425304497
AR-S3,3,1,PERM,7,0.002251491803318491,0.9997275157863293,0.016507095858163897,"[1.0000188724497923, 1.0000044121812746, 0.9899626254882797, 0.9820991302200913, 0.8801031211911017, 0.9876017494971988, 0.9752178017349754]",-0.02052804328718194
AR-S3,3,1,PERM,8,0.0018431820425900932,0.9997291876816277,0.016456376222374353,"[1.0000096694343386, 0.9999900616676016, 0.9982395940456336, 0.9800468354155726, 0.8886027284249364, 0.9816001859870583, 0.9739165594981554, 0.9667876921589007]",-0.02052808639327934
AR-S3,3,1,PERM,9,0.0018501204287182048,0.999729162056069,0.016457154794525142,"[1.0000071228881318, 0.9999826514641695, 0.9990300977629859, 0.9892472240584588, 0.8943352197081935, 0.9705064915011574, 0.9750543971901704, 0.9761095352602639, 0.9727125164348503]",-0.020528113492644086
AR-S3,3,1,PERM,10,0.0013548412179882543,0.9997307494069438,0.016408857152652688,"[1.0000003322722648, 0.9999628460451733, 0.9971628681704185, 0.9737013030865725, 0.9149146568253674, 0.9759662593415879, 0.9772228659486494, 0.9961395907535548, 0.9645188209679522, 0.9797151428782516]",-0.020528112656600254
AR-S3,3,1,PERM,11,0.0009705013288722857,0.9997316431288404,0.016381601605445793,"[1.0000014171811344, 0.999973045038802, 0.9992314279348619, 0.9862546306912646, 0.9568899584518942, 0.9649980198053466, 0.986766509813424, 0.9640356358788006, 0.997715203840324, 0.9608452465256216, 0.9575496869881832]",-0.02052810987399687
AR-S3,3,1,PERM,12,0.0008379027448760047,0.99973188292066,0.01637428103276819,"[0.9999982500553679, 0.999962358109948, 0.9990239523635293, 0.9901660023183494, 0.9676057008435638, 0.9748968523754201, 0.9863296981570793, 0.9708491842674511, 1.0035102037922647, 0.9707151532659946, 0.9721215603852347, 0.9673787794524383]",-0.02052809485101671
AR-S3,3,2,PERM,1,0.7122801123955322,0.49234658029899636,0.7124980138224977,[1.0036029246059717],-0.0434515890679017
AR-S3,3,2,PERM,2,0.003723060331061526,0.9996756776349597,0.0180089523582119,"[1.0000005555258769, 1.0000505317494222]",-0.04342751183039877
AR-S3,3,2,PERM,3,0.0031463710823491225,0.9996796391622005,0.01789862670149486,"[1.0000148070405017, 1.0000105427819557, 0.9625368087049458]",-0.04342756518128699
AR-S3,3,2,PERM,4,0.0028838621508079513,0.9996812221522835,0.017854350946379553,"[1.0000184096220293, 0.9999999862957062, 0.9624247490672698, 0.93441811780609]",-0.04342733595653324
AR-S3,3,2,PERM,5,0.0028674343167661267,0.9996813166336274,0.017851704858992876,"[1.0000200738734333, 1.0000051403017642, 0.9764315785505052, 0.972748920545719, 0.916584665101991]",-0.04342745282953852
AR-S3,3,2,PERM,6,0.0027112183667477347,0.9996821881081562,0.01782727942911683,"[1.000018720538551, 1.0000024690280973, 0.9714375845060421, 0.9860266048166125, 0.9333119259242026, 0.9421047198640013]",-0.04342743939270731
AR-S3,3,2,PERM,7,0.0025323395402347204,0.9996831260696414,0.017800953074446825,"[1.0000264843572033, 0.9999990715382219, 0.9810745495220325, 0.9870848229325118, 0.9560875356105346, 0.9410913153308273, 0.8978590243860747]",-0.043427522245601986
AR-S3,3,2,PERM,8,0.0022329907179830613,0.9996845525656418,0.017760839911395526,"[1.0000224254899404, 1.0000032435688218, 0.9864009484106684, 0.9911206235925322, 0.9680203727919728, 0.9490473369440207, 0.9179640209937611, 0.9130397137417993]",-0.04342749748957106
AR-S3,3,2,PERM,9,0.001890649505904608,0.9996859642576342,0.017721053647167802,"[1.0000204066343512, 1.0000044497173028, 1.0009383336143407, 0.9934870663058802, 0.987214093405957, 0.9891039570653638, 0.9447010517849749, 0.9427654475374373, 0.904479285560944]",-0.04342746427557137
AR-S3,3,2,PERM,10,0.001648778342417161,0.9996868203431659,0.01769688268690409,"[1.0000242384635372, 0.9999998813829706, 1.000585863453965, 1.0018974615272405, 0.9844376735855171, 0.9729230815183075, 0.9241496747532503, 0.9506732630850555, 0.9159054557029324, 1.0037393390902718]",-0.04342744321220906
AR-S3,3,2,PERM,11,0.0016252009027679672,0.999686897535214,0.01769470160206099,"[1.0000299926663858, 0.9999950031406404, 0.9982444787224838, 1.0005716047651523, 0.9822597654044102, 0.9695226240631474, 0.9290992948750881, 0.947905771123038, 0.9436190631442353, 1.0050317286991015, 1.0584083568726144]",-0.04342744924068779
AR-S3,3,2,PERM,12,0.0011712322285805817,0.9996881670282551,0.017658793043265664,"[1.0000117725246394, 0.999995084103237, 1.0020306827570233, 1.0041472294640137, 0.9935022765606001, 0.9620828944966303, 0.9585300976168285, 0.9808135060114519, 0.9644625088715477, 1.0054945214813142, 0.9971173111405236, 0.9763934760106516]",-0.04342743128540889
AR-S3,4,0,PERM,1,0.04470800538537758,0.9979327314514639,0.04546722499269186,[0.9977699512325247],0.004599139637935061
AR-S3,4,0,PERM,2,0.0013763563576388875,0.9999296428401797,0.008387917490076157,"[1.0000157936195877, 1.0000066785764896]",0.004603372222991409
AR-S3,4,0,PERM,3,0.0013145035401612142,0.9999298092774458,0.008377990364891147,"[1.0000185746960502, 1.0000196562275192, 0.9955292035582852]",0.004603385214455509
AR-S3,4,0,PERM,4,0.0012098077150973425,0.9999300735622954,0.00836220292175582,"[1.0000113758713631, 1.0000284201955218, 0.9995272994698684, 0.8907980474522152]",0.004603378271668632
AR-S3,4,0,PERM,5,0.0009957546501599725,0.9999305456696795,0.008333926464784034,"[1.0000131175116853, 1.00007829806112, 1.012929775096686, 0.9363492742025946, 0.9652364400870642]",0.004603366562003399
AR-S3,4,0,PERM,6,0.0008653303426153626,0.9999307884004011,0.008319350912118283,"[1.0000146155114036, 1.0000371885154065, 0.9941899256440805, 0.949203081925025, 0.9812094046369008, 0.9183666790075159]",0.004603358008660609
AR-S3,4,0,PERM,7,0.0007909497000907588,0.9999309115955748,0.008311943480629917,"[1.0000131204630618, 0.999996431634272, 0.9980412424512686, 0.9472789363988013, 0.9760090868977528, 0.925095320590321, 0.9057689803112557]",0.004603352587757855
AR-S3,4,0,PERM,8,0.0007016139733600177,0.9999310449348353,0.008303918663181049,"[1.000011611780481, 0.9999886611999587, 0.9964629214493206, 0.9350582725208118, 0.9736782831758221, 0.941234358393093, 0.9581677322880692, 0.9312193701731922]",0.004603368032143057
AR-S3,4,0,PERM,9,0.000497287418404912,0.9999312899022264,0.008289155431864956,"[1.0000085582640599, 1.000051766091217, 0.9870036936903936, 0.9769488830297919, 0.9900584419851949, 0.9626924954074859, 0.955851969672517, 0.8967566708272573, 0.9973200688364019]",0.004603360422818441
AR-S3,4,0,PERM,10,0.0004302700237455209,0.9999313520647095,0.00828540495633415,"[1.0000065323097367, 1.0001780084602727, 0.9911199918424335, 0.9927005790999011, 0.9926338925515826, 0.9650253567675383, 0.9518816223831333, 0.9138288299495733, 1.0136689917410413, 0.9516233362504165]",0.004603353199139759
AR-S3,4,0,PERM,11,0.00039678490387409245,0.9999313797587429,0.008283733533682435,"[1.0000028747611482, 1.0001019418654726, 0.9936084556845133, 0.9921397451598579, 0.9926576492904992, 0.975205101739521, 0.9554961384238272, 0.913947665371953, 1.0140712365459503, 0.9526583123228664, 0.9579173731111934]",0.004603326955747612
AR-S3,4,0,PERM,12,0.0003957830892632273,0.9999313805527491,0.0082836856079199,"[1.0000037995102575, 1.0000823628520499, 0.9964013243005335, 1.0026154514772427, 0.9952301396634511, 0.9870048192649098, 0.9581948701951418, 0.9242566275935926, 1.0170167132072263, 0.950112056555068, 0.9397359418020491, 1.0358889203286015]",0.004603333621339919
AR-S3,4,1,PERM,1,0.6003854788176501,0.6392585217251533,0.6006175807240799,[0.9782538142544203],0.00224195172814576
AR-S3,4,1,PERM,2,0.003897096177753824,0.9997060575416338,0.017144750169258094,"[1.000043403652853, 1.0000104409449118]",0.0021011510568566694
AR-S3,4,1,PERM,3,0.003483222120456904,0.999709112063912,0.017055437141511563,"[1.0000233228232027, 1.0000120034710374, 0.9655033357064712]",0.0021011500023659577
AR-S3,4,1,PERM,4,0.00302818551075494,0.9997120749927648,0.0169683531091016,"[1.000023039285882, 1.0000069419475608, 0.9799302483234851, 0.9022806398385227]",0.0021011008156807177
AR-S3,4,1,PERM,5,0.0024092770829638277,0.9997154402841899,0.01686889788368246,"[1.0000086360064258, 1.0000196371950778, 0.9612576656828183, 0.9181512561165149, 0.8637681057244484]",0.0021010429383657527
AR-S3,4,1,PERM,6,0.002319764773009966,0.9997158635916503,0.016856346233680358,"[1.0000072506933484, 1.0000028548682844, 0.9777074340758101, 0.9603591717285693, 0.8941497027621091, 0.916599796534048]",0.0021010658079497206
AR-S3,4,1,PERM,7,0.0021764227027010635,0.9997165080844715,0.01683721816478139,"[1.0000087069250734, 1.0000011228519947, 0.9821543439004882, 0.9939284153149567, 0.9228012401142875, 0.9499622670860596, 0.90850181164091]",0.002101034234298673
AR-S3,4,1,PERM,8,0.0019561398953766864,0.9997174184169622,0.016810163087784012,"[1.0000081027061216, 1.0000136713525767, 0.9766213504224012, 0.9897555233274684, 0.9404004195669616, 0.9524859435350619, 0.9616380961889112, 0.9183289227768665]",0.002101041941288616
AR-S3,4,1,PERM,9,0.0014563358695869504,0.9997191239860873,0.016759356011274942,"[0.9999956969740482, 1.0000197171034209, 0.987138710970178, 0.975736265475599, 0.9459801563628475, 0.9762292102708784, 0.9688400697668983, 0.91589126042548, 0.9486308732814445]",0.0021010018308472607
AR-S3,4,1,PERM,10,0.0013516182864074956,0.9997194180282603,0.016750581235878442,"[0.999997933623464, 1.0000243999624643, 1.0016989859218213, 0.974404535851232, 0.9724984545510835, 0.9784018177590096, 0.9446226515299302, 0.945536082615235, 0.930006114909506, 1.009499574034928]",0.002101010305864742
AR-S3,4,1,PERM,11,0.0012440353170486004,0.9997196972763823,0.016742243685291286,"[0.9999921198248289, 1.000033141578686, 1.0027532606157268, 0.9763574045405661, 0.9735028831021697, 0.9737297261486298, 0.947112483470918, 0.9539891692868533, 0.9365225185414234, 1.0099949943405735, 0.9799808842149994]",0.0021010105830562434
AR-S3,4,1,PERM,12,0.0011434176724229668,0.9997199374962787,0.016735068082359895,"[1.0000046400561922, 1.000033839872352, 1.001311198163193, 0.9823431015611023, 0.973426479919971, 0.9830166989662326, 0.9583065029416081, 0.9648274308835343, 0.9379708621386386, 1.013606862818502, 0.9843570058412454, 0.9659794461905122]",0.00210098737668644
AR-S3,4,2,PERM,1,0.6768849342575797,0.5415328665214738,0.6771020111316508,[1.0043442976900074],0.006010580061147269
AR-S3,4,2,PERM,2,0.004553421316555176,0.9996853471006757,0.017738458200314423,"[0.9999899544282882, 1.0000273351506435]",0.005895682114269291
AR-S3,4,2,PERM,3,0.00390679890506955,0.9996908176686771,0.017583581299692497,"[0.9999903709875924, 1.0000333935381354, 0.9348900091580414]",0.005895639697010117
AR-S3,4,2,PERM,4,0.0033547091120730128,0.9996948266731351,0.017469210825474306,"[0.9999853469420048, 1.0000361424575326, 0.9630655099715058, 0.9178232802613968]",0.005895624453646193
AR-S3,4,2,PERM,5,0.0025265336024307273,0.9996996973743175,0.0173292419246329,"[0.9999945015077738, 1.0000252988034306, 0.9781350248033002, 0.9534195245331889, 0.9365732641425093]",0.00589567636874042
AR-S3,4,2,PERM,6,0.0019031720996903936,0.9997024586823208,0.017249386008762253,"[1.0000113507215125, 1.000030278423781, 0.9867223776308753, 0.9854006594466607, 0.957073126606429, 0.9971309180674366]",0.005895633998616989
AR-S3,4,2,PERM,7,0.0016821501026735223,0.9997032511173939,0.017226400744385563,"[1.000019687901761, 1.0000266215707259, 0.9737181479399828, 0.9718413140096273, 0.9688383695248497, 0.9664559180012656, 0.9908672939693541]",0.005895634128374627
AR-S3,4,2,PERM,8,0.001561505099413247,0.9997036424481862,0.017215038536516163,"[1.0000225817636474, 1.0000255740399417, 1.0004745474794368, 0.9924111969494395, 0.9761078034365279, 0.9735446317693783, 1.0092933585839348, 0.9832303228469872]",0.0058956107481443545
AR-S3,4,2,PERM,9,0.001382284416749178,0.999704170036153,0.01719970824889279,"[1.000028170628583, 1.0000199278624573, 0.9984986148594042, 0.9732361224655813, 0.9780358846601379, 0.9914769382295527, 1.0244236738670736, 1.0032090667910505, 0.9880724449382585]",0.0058956180121970386
AR-S3,4,2,PERM,10,0.0012588665905063651,0.9997044960012691,0.01719022974631043,"[1.0000259636978623, 1.0000165768095592, 1.0020384612818516, 0.9720028144896923, 0.9811795070157664, 0.9922139035047327, 1.0332923775466465, 1.020385406516676, 0.997967231781153, 0.9393465628975659]",0.005895601414459063
AR-S3,4,2,PERM,11,0.0010312936151145673,0.9997050171798412,0.017175063905523584,"[1.0000127985292822, 0.999995304058649, 1.0001908722695643, 0.9748810299625883, 0.9792869596518942, 0.9975165211408569, 1.047387004705932, 1.011929261768008, 1.0187490126475256, 0.9806320615629744, 1.0018655707802555]",0.005895741099891049
AR-S3,4,2,PERM,12,0.000826089573487677,0.9997053983223784,0.017163964507702408,"[1.0000214420578453, 0.9999897045447097, 0.9989418626641056, 0.9914876303389344, 0.9902186251049265, 0.9941520997722584, 1.0036293810215455, 1.007253970512919, 1.0242789128111482, 1.007082168361951, 1.01259547173235, 1.019716247956422]",0.0058957655515002455
AR-S4U,0,0,PERM,1,0.612713160574399,0.6241841503514751,0.6130382122254084,[0.9895865010041],-0.0031277874700573007
AR-S4U,0,0,PERM,2,0.3959560537672326,0.8428203709776246,0.39645886170241584,"[0.9931426499910367, 1.0198663481069887]",-0.003145431207015084
AR-S4U,0,0,PERM,3,0.2406924778420327,0.9416686986028069,0.24151873922574446,"[0.9934741725774441, 0.9908785019079781, 1.0106179350555649]",-0.00316375251590818
AR-S4U,0,0,PERM,4,0.11960818598753017,0.9852954493373166,0.12126232169426475,"[0.9965391130860215, 0.9950658664229768, 1.0011754840408609, 1.00631835216514]",-0.003162915975549289
AR-S4U,0,0,PERM,5,0.050382634582136335,0.9970631576251072,0.054192641335266405,"[0.9997283200208228, 0.9992583990604428, 0.9991502477146982, 1.0013788286281629, 0.9916364243079528]",-0.0031200862986020808
AR-S4U,0,0,PERM,6,0.02191058349287555,0.999121493823546,0.02963960486332458,"[1.0002667766691422, 0.9999034437021501, 1.0005571612568387, 0.9991380947187932, 1.000111185194361, 0.9803397051621121]",-0.003121643834948057
AR-S4U,0,0,PERM,7,0.008730868547142515,0.9995253394269568,0.021786706337655212,"[0.9999930620250452, 1.0000136737071246, 0.9998184721174491, 1.0005353818853464, 0.9996681480155974, 1.0054595758006148, 1.021229159181156]",-0.003125291745061392
AR-S4U,0,0,PERM,8,0.004854247584853516,0.9995780037729292,0.020542546752308967,"[0.9999860336221412, 1.0000218167371202, 1.0000844287833393, 1.0001361148933552, 0.9991316383054305, 1.0004707446044903, 1.0130662561171966, 0.9823952547967854]",-0.0031253381195701173
AR-S4U,0,0,PERM,9,0.004350655528030323,0.9995826392890207,0.020429407993853472,"[0.9999528992075356, 1.0000371930507235, 1.0000774238016747, 1.0000216431673747, 0.9993586583541028, 0.9996045135466386, 1.013324940545213, 0.99336829267065, 0.9811704825294896]",-0.0031252993287005774
AR-S4U,0,0,PERM,10,0.0037420248586633987,0.9995875647425014,0.02030850209884024,"[0.9999512026853656, 0.9999966824800549, 1.000001626507772, 1.0001652947822282, 1.0002319906606059, 0.9996999689582796, 1.0141686462672728, 0.9921392076192354, 0.9528151947290647, 0.9998875196986807]",-0.003125179088995901
AR-S4U,0,0,PERM,11,0.0027493504184411947,0.9995940085648208,0.02014922914602755,"[0.9999423429525095, 0.9999500694088215, 0.9999872958798562, 1.0002681814208443, 1.0003367612799483, 0.9979668972125383, 1.0111976029405736, 0.9901756322949073, 0.9503284088120334, 0.9887242256441581, 1.0278270999042352]",-0.003125468062022428
AR-S4U,0,0,PERM,12,0.0024597486486758104,0.9995955171291296,0.02011175951701904,"[0.9999451021546393, 1.0000015266204612, 1.000050952469281, 1.0002616225576932, 1.0002628195550993, 0.9976049257864228, 1.0087314199308752, 0.9795177644875136, 0.9395164569426351, 0.9826715683245469, 1.0311962466978475, 0.9329956725956791]",-0.003125432233546608
AR-S4U,0,1,PERM,1,0.6680018462065656,0.5534083977381419,0.6682750947490548,[0.9451071124005839],0.009229130268044098
AR-S4U,0,1,PERM,2,0.3148229528802101,0.900521372613307,0.31540232622270403,"[1.0190362043133019, 0.9993065862991172]",0.009821694839501183
AR-S4U,0,1,PERM,3,0.19147630612662894,0.9629716884656234,0.1924274188736536,"[1.0043910726135166, 0.9922966510699113, 1.0071868513336868]",0.009879972143472637
AR-S4U,0,1,PERM,4,0.08594870760201796,0.9922476839350648,0.08804723769054436,"[0.9985142067155099, 1.0017021506743413, 1.0011277909938017, 1.0120765586859266]",0.009887474002443693
AR-S4U,0,1,PERM,5,0.0385482922236707,0.9981488934401604,0.04302448790909127,"[1.0000084890710317, 1.0002027649127525, 0.9985370604417496, 1.0002837984732211, 0.9914168025293058]",0.009882103423066238
AR-S4U,0,1,PERM,6,0.01618411514176664,0.9993729386906,0.025041192251967367,"[1.0004619059853332, 1.0003649288693213, 0.999559106273881, 0.9996960511423406, 1.0000079801254662, 1.0006890888071511]",0.009882086748845002
AR-S4U,0,1,PERM,7,0.010591606573678322,0.9995226821437104,0.021847605275856122,"[1.000284533543409, 0.9998334612025741, 0.9996824137776413, 1.0004895580673605, 1.0002162774573304, 0.9977821637072197, 0.9983738563803416]",0.009880327733320173
AR-S4U,0,1,PERM,8,0.00744516492460204,0.9995794337927675,0.0205077109213231,"[1.00016859992284, 0.9999296833451798, 1.000108962303579, 1.0003608309571588, 1.0007869379959882, 0.9945552208171108, 0.9942632403329299, 0.9543996540900199]",0.009880360905793738
AR-S4U,0,1,PERM,9,0.007188865450269739,0.9995831844870599,0.020416060171838057,"[1.000158522450001, 0.9999807129968507, 1.0000569824780097, 1.000381967206283, 1.000626819458104, 0.9945780085823559, 0.9990321684208806, 0.9567413998939505, 0.9802594175413653]",0.009880299714566198
AR-S4U,0,1,PERM,10,0.006835583342660389,0.9995881390738875,0.0202943570017009,"[1.000147304909701, 1.0000090400454216, 1.0000488482035277, 1.0004314957278204, 1.0007729755700046, 0.9981901078998001, 1.003334114306537, 0.9589318925102205, 0.9996211887408814, 1.0006718548377591]",0.009880438321214222
AR-S4U,0,1,PERM,11,0.006227813517129467,0.9995960786123178,0.02009779559260594,"[1.0000993395578528, 0.9999940235867169, 1.0000862852028114, 1.000326735913818, 0.9998694231864255, 0.9976015643094843, 1.0044234520456594, 0.9594971211363087, 1.0177401472546688, 1.014376715356699, 0.9252628783905114]",0.009880553706476477
AR-S4U,0,1,PERM,12,0.006040129883756327,0.9995983811045093,0.020040431519572542,"[1.0000618042761893, 1.0000190315801276, 1.0000204832980475, 1.000426260068376, 1.0000289925096826, 0.997398017881234, 1.004651044568968, 0.9616936616318018, 1.0210509442235667, 1.017293365458373, 0.9295818102141405, 0.94775955374458]",0.009880410069606247
AR-S4U,0,2,PERM,1,0.6099377248362978,0.6273022714126659,0.610489744866639,[0.980591584471684],-0.0031945896839093786
AR-S4U,0,2,PERM,2,0.4308241656759103,0.8137168378608011,0.43160533145363134,"[0.9972875289560448, 0.9543386602536509]",-0.0032604130594440645
AR-S4U,0,2,PERM,3,0.2522814195515288,0.9356803849402108,0.25361312083523846,"[1.0067678303520409, 0.9904566687153787, 1.0070334569543193]",-0.003255235535768455
AR-S4U,0,2,PERM,4,0.11333981663715223,0.986480385555802,0.11627387687781827,"[1.0063099271518638, 1.004743255704065, 1.0020133084806149, 1.006069694134527]",-0.003261176291030586
AR-S4U,0,2,PERM,5,0.05244173307956037,0.9965761642227574,0.05851355208191187,"[1.0015716248590154, 1.002576598922669, 1.0029668777577974, 0.9974750275200815, 0.9923179184248727]",-0.0032318265218383114
AR-S4U,0,2,PERM,6,0.02142834675571191,0.9988671255464622,0.033658200390659414,"[0.9998450353087751, 1.000638592581608, 1.0019896022930637, 1.0011430168022308, 0.9979873571625929, 1.0104560153491178]",-0.0032317830167955044
AR-S4U,0,2,PERM,7,0.011518912141518895,0.9991936142542213,0.028396931978275187,"[1.0001004322662705, 1.0009091562544472, 1.0013506206120486, 0.9990330592865396, 1.0002446323326544, 0.9998621534837836, 0.9853782600187132]",-0.003231991699143095
AR-S4U,0,2,PERM,8,0.009753991008765653,0.9992311592505462,0.027727977738267132,"[1.0000267192418417, 1.0003281636214132, 1.0009854963167786, 0.9994143598126605, 1.0009900870194501, 1.0022838391509095, 1.0031909882230037, 0.9893327196162512]",-0.0032328790535709347
AR-S4U,0,2,PERM,9,0.009127413531177601,0.9992429899133761,0.027513816286074903,"[1.000011384671406, 1.0003443426652525, 1.000880604414561, 0.9993734826544102, 1.0006943834040143, 1.0028257559664266, 1.005072628055498, 0.9866885127198793, 0.9806113350730576]",-0.0032331314464682684
AR-S4U,0,2,PERM,10,0.00798564015416516,0.9992625291424734,0.02715641466627308,"[0.999999894474179, 1.0004420198415465, 1.000829343871533, 0.9993126993928083, 1.0012141981035225, 0.9998067114337196, 1.0018410514461382, 0.9819527407272178, 0.982390461437262, 0.8894273344480226]",-0.003233030225071337
AR-S4U,0,2,PERM,11,0.007567171778616238,0.9992690375024181,0.02703631812177543,"[0.9999967173631625, 1.0005108079883385, 1.000790678075881, 0.9994466975431217, 1.000851119873478, 0.9978546145462456, 1.0046029486145795, 0.9713446452610246, 0.9714251858032262, 0.8950818447694227, 1.0191024361910173]",-0.0032329954301971394
AR-S4U,0,2,PERM,12,0.006132931619448547,0.9992886867408964,0.026670456672197952,"[1.0000298648938561, 1.000326952051866, 1.0005156776651125, 1.0003556442714858, 1.0009578070669098, 1.0003303401771406, 1.0116124046762847, 0.9955903516022537, 1.0116084789139068, 0.929992272729616, 0.9990924308400058, 1.038246262976887]",-0.003232906731925522
AR-S4U,1,0,PERM,1,0.6176809894648265,0.6179599170231239,0.6180939111307249,[0.9748862432037482],-0.04217971830895369
AR-S4U,1,0,PERM,2,0.4047812856040827,0.8356418325940771,0.4054111091298845,"[0.9672346939856564, 1.0061228415849341]",-0.042231242510344824
AR-S4U,1,0,PERM,3,0.22932653747541293,0.9468990609789091,0.23043640992927092,"[0.9826393924331229, 1.005398958229796, 1.0230373838410385]",-0.042342230745603296
AR-S4U,1,0,PERM,4,0.12207543138780197,0.984587310820853,0.12414785209236176,"[0.9944636451990108, 0.9987132850018186, 0.9900783773973882, 1.007808651694501]",-0.04235363781622041
AR-S4U,1,0,PERM,5,0.05117634580514792,0.996870703399403,0.05594011620114011,"[1.0003711186065045, 1.0023365394148154, 0.9978236095506167, 1.0004713600830908, 1.0034563794417628]",-0.04238660315645467
AR-S4U,1,0,PERM,6,0.02171050708215736,0.9990183756516067,0.03133088489643057,"[1.0001425863581568, 1.0000263946572059, 1.0003556455950375, 1.0023019851368729, 0.9960813493497389, 0.996868839043387]",-0.042388380242300246
AR-S4U,1,0,PERM,7,0.011062741070918345,0.9993673375293688,0.025152782562395764,"[0.9999080520012695, 0.9996769363880926, 1.0003096496435588, 1.0022506160778946, 1.0031640466267744, 0.995854314357082, 1.0005052626384214]",-0.04238760437343602
AR-S4U,1,0,PERM,8,0.005985246425142298,0.9994538985946013,0.023368812665573214,"[0.9999225186348939, 0.9998478103654861, 1.0001308435927458, 1.0013421192609657, 1.0031531691499345, 0.9973672820686877, 0.995767145327267, 0.9908297132622839]",-0.042387120646903045
AR-S4U,1,0,PERM,9,0.00529338428389389,0.9994617018521941,0.0232012531516285,"[0.9998858130643216, 0.9999305388584631, 1.000011228009903, 1.0013627915376353, 1.001974005970579, 0.999714008892176, 0.9935956457080581, 0.9951342059741338, 0.8461978299393206]",-0.04238668058461634
AR-S4U,1,0,PERM,10,0.0048477389469035025,0.9994662211964737,0.02310365346706667,"[1.000009466732371, 0.9998223348904356, 1.0000080072558808, 1.0013929076230867, 1.0020562537401505, 0.9983964903351095, 0.9912794109079017, 0.9847773653352627, 0.8520055653412982, 0.9581291136307805]",-0.042386588935444364
AR-S4U,1,0,PERM,11,0.004585473418082469,0.999468695202903,0.023050049828512678,"[0.9999894673118179, 0.9997569939316677, 1.0000264112202126, 1.0015406930437245, 1.002423177793485, 0.9975020157019044, 0.9925843273875649, 0.984456988819318, 0.8532783944741438, 0.9854955024659084, 1.0069324123397758]",-0.042386766655955935
AR-S4U,1,0,PERM,12,0.004120434419539219,0.9994727437895653,0.02296206023933175,"[0.9999587892923436, 0.9998186697690146, 1.0001202739481063, 1.0014159623374879, 1.001202275733547, 0.9978865845165996, 0.9919117765821094, 0.9868992403166666, 0.8614942493894906, 0.9899502716423964, 1.0179173854842518, 0.9536831220087991]",-0.042386776640420856
AR-S4U,1,1,PERM,1,0.7203234592728389,0.4808195375710267,0.7205417839577198,[0.9525631162785126],0.0019604935575118208
AR-S4U,1,1,PERM,2,0.3275150926827817,0.8924192876148048,0.32799498835377827,"[0.9890845770506496, 0.9918959053597451]",0.0016052221376014167
AR-S4U,1,1,PERM,3,0.20292234231546757,0.9585079465390202,0.2036959829279405,"[1.0030979552342267, 0.9958760063871234, 0.9868978129669688]",0.0016011641259948113
AR-S4U,1,1,PERM,4,0.08866880681821178,0.9918232662472506,0.09042529376645342,"[1.0026407893745348, 0.9992270065632292, 1.0017674123017566, 1.0139868106387162]",0.0016102275221781647
AR-S4U,1,1,PERM,5,0.041566426180502325,0.9979576557643968,0.045192302835805866,"[0.9999397948260293, 0.9996023046745262, 1.000859292571858, 0.9999487065120657, 0.9953322659210115]",0.0015989767229087608
AR-S4U,1,1,PERM,6,0.017216698308267116,0.999389008849178,0.02471823518825575,"[0.999972469781387, 0.9999594617221822, 1.0000201545713505, 1.001062494102951, 0.9941461614162407, 0.9944823463462338]",0.001597513053996788
AR-S4U,1,1,PERM,7,0.009788512099960631,0.9995896085806849,0.02025811983662632,"[1.00015647601566, 0.9999848875867922, 1.0000942833073754, 0.9998615519081762, 0.9973711397078135, 1.0053236123931004, 0.9864081160696995]",0.0015961939285100179
AR-S4U,1,1,PERM,8,0.006287761745564868,0.999645887602047,0.01881787442707136,"[1.000114553760151, 1.0000683213232813, 0.9999636808177726, 0.9999263361942461, 0.9986540852056489, 1.002573071550886, 0.9858319870581155, 0.9264489702977645]",0.001596850256751179
AR-S4U,1,1,PERM,9,0.005943946389661945,0.9996500930511328,0.018705799872424923,"[1.00011971033933, 1.0000583900408484, 0.9999918344473763, 0.9999006661437478, 0.998093234148398, 1.0008395206313765, 0.9851958820601958, 0.935822773342972, 0.8927838491955686]",0.0015967645710591868
AR-S4U,1,1,PERM,10,0.005351593032088411,0.9996567840018349,0.018526089662018116,"[1.0001514333309376, 1.0001275075774079, 1.000002741519353, 1.0000113952261005, 0.9981769088002208, 1.0002213922909444, 0.9851952443033124, 0.938587383877197, 0.9089605431560241, 0.9530887363565664]",0.0015967807331208719
AR-S4U,1,1,PERM,11,0.005290228386233849,0.9996574370334375,0.018508456622921086,"[1.0001467502470407, 1.0001090524970204, 0.9999377958428076, 0.9998704334976849, 0.9985642462050599, 1.0006403584277153, 0.9854373725706054, 0.9384144658674838, 0.9252569827503064, 0.947462543567705, 0.6931653251110172]",0.0015968879791095393
AR-S4U,1,1,PERM,12,0.005131483673401933,0.9996590914251255,0.018463709672609883,"[1.0001405167260438, 1.00013535595001, 0.9996719199283307, 0.9998170990284484, 0.9982889648566264, 1.0011014128016256, 0.9869759235522331, 0.943346714955998, 0.9379075393322833, 0.9586239741337197, 0.7154260123986981, 1.004286101057193]",0.0015968171672213656
AR-S4U,1,2,PERM,1,0.6361004561521979,0.5949559792963285,0.6364306880593293,[1.0174421529717297],-0.03965991196889624
AR-S4U,1,2,PERM,2,0.39088751249051923,0.8467867221923369,0.39142467705506645,"[0.992846486524947, 1.0071932189804702]",-0.03970262647643989
AR-S4U,1,2,PERM,3,0.22913634228286728,0.9470763062585914,0.230051502367206,"[0.9957089824898984, 0.9994273458932015, 0.9771499590543625]",-0.03967779274848102
AR-S4U,1,2,PERM,4,0.10050719211343005,0.9894780739468368,0.1025764400491809,"[0.9941035934658946, 1.0008709838303849, 0.9935323343890906, 0.9828350602996602]",-0.039680385982677535
AR-S4U,1,2,PERM,5,0.05137925181020142,0.9969399420967866,0.055317790115055714,"[0.99920953220581, 1.0003198865147296, 0.9982648173446771, 0.999606340985025, 1.0000331026931195]",-0.03969697647645753
AR-S4U,1,2,PERM,6,0.02166369863829828,0.9991104537746717,0.02982526152992254,"[0.999640031403326, 1.0003775504796355, 1.0008735661432908, 1.0018423334298008, 0.9987675852388967, 0.9893008711675417]",-0.03969728991686321
AR-S4U,1,2,PERM,7,0.010358442482522327,0.999472472282699,0.022967971553905096,"[0.9999823728864886, 0.9995478059820944, 0.9999451014777999, 1.0008508073630045, 0.9987356846581824, 1.0049370444384784, 0.9910329614701278]",-0.03969982174999288
AR-S4U,1,2,PERM,8,0.006815302541365033,0.9995333212646323,0.021602748329034596,"[0.9999415105455943, 0.999696963580156, 1.0000840999150045, 1.000539193666805, 0.9984563307001938, 1.005561581928148, 1.0010836269186105, 1.0280098841571237]",-0.039698945829691294
AR-S4U,1,2,PERM,9,0.00588697212425094,0.999545113172571,0.021328076036740345,"[0.9999268656142049, 0.9996909554324809, 1.0002719256223482, 1.0002057588082138, 0.9995326603329964, 1.0059738374485558, 1.0001970159169087, 1.0348246346834002, 0.8980441957668746]",-0.03969862457593444
AR-S4U,1,2,PERM,10,0.0050708800275759,0.9995540557891086,0.021117391195205403,"[0.9999304971248916, 0.999717521706696, 1.0000752737067773, 1.0000225036575319, 0.9994531614458158, 1.0020539742335413, 0.9996048865666757, 1.0355805571589158, 0.906850314982546, 0.9991716246648145]",-0.039698531990326635
AR-S4U,1,2,PERM,11,0.004663732669071127,0.9995580192109542,0.02102333915071132,"[0.9999397582240008, 0.9997792060215555, 1.0000245231366767, 1.0003483434473155, 0.9996115382135474, 1.000772711522368, 0.9984748485689383, 1.023191734413316, 0.9126432220014415, 0.9970279416278466, 0.9459787454187807]",-0.03969845876611869
AR-S4U,1,2,PERM,12,0.004331231575645959,0.9995610100464009,0.02095208709410934,"[0.9999190142280885, 0.9997934093095281, 0.9999698677214954, 1.0003227728934756, 0.9993230673949386, 1.00190421998225, 0.9999684153583417, 1.0186948321287266, 0.9399115140245149, 1.0109275455439972, 0.9623283294241338, 0.9316048594624824]",-0.039698222206861436
AR-S4U,2,0,PERM,1,0.6218257959956186,0.6129034989321139,0.6221707973441746,[0.9801658077048271],-0.019493543435503698
AR-S4U,2,0,PERM,2,0.40446004506459043,0.8359828914440481,0.4049902573592998,"[0.9998967250447771, 1.00724678175411]",-0.019522441537160314
AR-S4U,2,0,PERM,3,0.23845069716755296,0.9427120845180066,0.23934894084159516,"[1.0002079333242295, 0.9940479356365405, 0.9983234187121985]",-0.019468212154670952
AR-S4U,2,0,PERM,4,0.1156219464386555,0.9862023849994352,0.11746324957434436,"[1.002119542905614, 0.992822507168266, 1.002213296136529, 0.9934299720660074]",-0.01947384949902324
AR-S4U,2,0,PERM,5,0.05238630845412659,0.9968264941842477,0.05633387804644993,"[1.0007093732999806, 0.9966605658426517, 1.0011677188149366, 0.9937308690326025, 1.0128204918979364]",-0.019445072285357398
AR-S4U,2,0,PERM,6,0.022587598310092185,0.9990606199002805,0.030649308307357893,"[0.999734042205727, 0.9997400217025866, 1.0008842514410625, 0.9983111750272803, 0.9965082882748469, 1.0144838398094413]",-0.01944263922706642
AR-S4U,2,0,PERM,7,0.011196615297128738,0.9994454553035867,0.023548772715649015,"[0.9999932002256415, 0.9999481775291201, 1.0004044365755786, 0.9993051026905649, 0.9980904801070227, 1.0023230145510542, 0.9872129544137087]",-0.01944398122183856
AR-S4U,2,0,PERM,8,0.007458715272904045,0.9995151870641763,0.022018468062598055,"[0.9999982336561131, 1.000066222912182, 1.0002023408052167, 0.9994980939322856, 0.9976288669978434, 1.0034078255317633, 0.9931706579224207, 0.9785209773968975]",-0.019444808897655288
AR-S4U,2,0,PERM,9,0.007175482133484917,0.9995193319538507,0.021924142996919162,"[0.999984028155068, 0.9999955871059201, 1.0003200974940651, 0.9995124454768739, 0.998533037743032, 1.0021962592637803, 0.9913996771481615, 0.9824446663002017, 0.8842165933083711]",-0.019444786190429664
AR-S4U,2,0,PERM,10,0.007009141831440783,0.9995216914284853,0.021870266836841557,"[0.9999950559794026, 1.0000308003108307, 1.0003183562391165, 0.9994137225861018, 0.9985482153055841, 1.0024212834526174, 0.9942075137105298, 0.9909867795547604, 0.9154079863526315, 0.9660240698703116]",-0.019444616585630833
AR-S4U,2,0,PERM,11,0.0059477241012228154,0.9995354440757144,0.0215535594342481,"[0.9999403144804297, 0.9999792832729306, 1.0002739470168929, 0.9995948506616137, 0.99877707582091, 1.001576083878488, 0.9950920428992771, 0.9765053943363434, 0.9136882998791591, 0.9891254091916271, 0.9652188755387947]",-0.019444631669922007
AR-S4U,2,0,PERM,12,0.005633893629406115,0.9995390787402711,0.021469076825258726,"[0.9999882581520652, 0.9999573132378756, 1.0001979992092742, 0.9996957311001655, 0.9989704023653103, 1.001307527371344, 0.992686065265106, 0.9846130726580498, 0.9178907800441052, 1.0178262448444562, 0.954011200267042, 0.994225432198496]",-0.019444572402813557
AR-S4U,2,1,PERM,1,0.726340482779135,0.4721441069632074,0.7265369178760239,[0.9442968735105806],0.011366376523037751
AR-S4U,2,1,PERM,2,0.32352027814283973,0.8950492335174138,0.32396105704634637,"[1.0047499453359263, 0.9759554643112055]",0.011500472349552461
AR-S4U,2,1,PERM,3,0.2036183488301554,0.9582541719067154,0.20431795832301336,"[1.0015233701630293, 0.993144725098196, 0.9988968285036854]",0.011487909739092923
AR-S4U,2,1,PERM,4,0.08498275883168899,0.9924925345883892,0.08664563123210997,"[0.9990061057782987, 0.9993490466273488, 0.9984559534336639, 0.9954845823068696]",0.011483012882778464
AR-S4U,2,1,PERM,5,0.04156792563355683,0.9979867114455573,0.04486968413575801,"[0.9988082443469158, 0.9984521567525397, 1.002068854266561, 1.0042760909236292, 1.0045887058588376]",0.011485206586756322
AR-S4U,2,1,PERM,6,0.017158300207457074,0.999420196621025,0.024079106689721796,"[0.9996561037300562, 0.9997389069417565, 1.0013599277855882, 1.0004531479943477, 1.0029981733202278, 1.0231274531686618]",0.011487935185622192
AR-S4U,2,1,PERM,7,0.008934039005036856,0.9996347868340907,0.019110551167072692,"[1.0000409967496071, 0.9997983989501995, 1.000392836844623, 1.000573766550993, 0.9972224790969597, 1.0126376967999338, 0.9974807132283678]",0.011484693554032362
AR-S4U,2,1,PERM,8,0.004947820036771582,0.9996901229639179,0.01760332457469503,"[0.999932112281272, 1.0000340476244292, 1.0001535287759975, 1.000134468147898, 0.9985307896205107, 1.0079680767844468, 0.9974161814799067, 0.9817818007972161]",0.011485355107566169
AR-S4U,2,1,PERM,9,0.00466687382619697,0.9996928241757246,0.01752643216046626,"[0.9999443481835679, 1.0000293438976602, 1.000145693138282, 1.0000785541207, 0.9983834516202765, 1.0086570997769002, 1.0015225217164008, 0.9805986729437675, 0.9573068681681406]",0.011485351191048876
AR-S4U,2,1,PERM,10,0.004317396265126516,0.999695963976524,0.01743662878758139,"[0.9999556235400806, 1.000020112328977, 1.000119374503178, 1.0004230191555767, 0.9988091892212662, 1.0070460558819148, 1.0033486952610178, 0.9793569620139745, 0.9713005597553326, 0.9702984244102792]",0.011485400308548454
AR-S4U,2,1,PERM,11,0.004093118428626979,0.9996978502685635,0.017382454701121746,"[0.9999611217381393, 1.0000196207882996, 1.0001635841049887, 1.0007724410922778, 0.9994904388790843, 1.0069291642031055, 1.0045037016162983, 0.9820837143359398, 0.979812056775694, 0.9826815661446389, 0.923581277034013]",0.011485399549788791
AR-S4U,2,1,PERM,12,0.003957038839530304,0.9996989457306567,0.0173509155188807,"[1.00000601458027, 1.0000204407160491, 1.0002072861456333, 1.0007107771674602, 1.0005330097433252, 1.0051763769200506, 1.0054902319776513, 0.9810033320847975, 0.9765751049242893, 0.9860303178515847, 0.9775605800238073, 0.9817740027390749]",0.011485542435165223
AR-S4U,2,2,PERM,1,0.6006253811447775,0.638184049949249,0.6015113881305582,[0.9763431570108142],0.010805016219299956
AR-S4U,2,2,PERM,2,0.3849175617388063,0.8507733690896105,0.3862986291852322,"[0.9912939924356302, 1.002068067971874]",0.0107984126741102
AR-S4U,2,2,PERM,3,0.2272573617266267,0.9472889899656114,0.2295887846441733,"[1.0069205025735828, 1.0058609163585843, 0.9882589575286091]",0.010804391061522698
AR-S4U,2,2,PERM,4,0.10805461944809655,0.9872590976404854,0.11287560568836238,"[1.0018151305128726, 1.0028920462313344, 0.9927633099344808, 1.0196328350649915]",0.01080315617680853
AR-S4U,2,2,PERM,5,0.05164696353109398,0.9962674895825762,0.061094274833439585,"[0.9999893390308067, 1.001537937148137, 1.0000955965091785, 1.008858082748878, 0.9952662258880871]",0.01079930889974766
AR-S4U,2,2,PERM,6,0.02232256921945609,0.9984366013280009,0.039539836519630514,"[1.0002568767125046, 1.0006885026565653, 0.9995340536854418, 1.005703803892684, 1.0058598326365196, 1.0064868512494003]",0.010799041777088982
AR-S4U,2,2,PERM,7,0.014007944810888422,0.9987386759067334,0.035515124852189314,"[0.9998429188589439, 1.000264088990598, 0.9999377405272464, 1.004100476481071, 1.004085321519195, 1.0031534404312763, 0.9865725537408856]",0.010800615907126929
AR-S4U,2,2,PERM,8,0.0112355415438042,0.9988086610307757,0.034515778554513994,"[0.9999142254417734, 1.0000990390141722, 0.9995862118935971, 1.0033690575853829, 1.0051016782934468, 0.9991386358210541, 0.9797214902358969, 0.980896303878844]",0.010799945434494
AR-S4U,2,2,PERM,9,0.009677496619296292,0.9988412444837418,0.03404049817876039,"[0.9999502798339217, 1.000020067310983, 0.9998386328385452, 1.003054778594087, 1.0039261113387685, 0.9960955008324507, 0.9859358157549475, 0.9768192515353609, 0.9042236928809528]",0.010799515047815846
AR-S4U,2,2,PERM,10,0.009099446960604086,0.9988520984895695,0.03388069524715431,"[0.9999559140062886, 1.0000314336737208, 0.9999292629961477, 1.0026291594458943, 1.0024522448165643, 0.9982522084274583, 0.9963977017290124, 0.9856229741128943, 0.9247005951698087, 0.8623351783118027]",0.010799504314712967
AR-S4U,2,2,PERM,11,0.008598067119988704,0.9988609716663585,0.03374949382793065,"[0.9999750999673241, 1.0000360188791533, 0.9998725951601625, 1.0019077720106653, 1.0019716335968405, 1.0015542766930348, 0.9990008863631412, 0.9772780734735669, 0.9274457053687534, 0.8911946486594268, 0.9418936698221428]",0.010799324525187962
AR-S4U,2,2,PERM,12,0.008219245845008489,0.9988673424222976,0.03365497849802295,"[0.9999966521365258, 1.0001416511386616, 0.9997461052486624, 1.0014019088240147, 1.0013396919258786, 1.001141078779673, 0.9974964900010626, 0.969586783292604, 0.9476358902699755, 0.911492205507481, 0.9527106285322006, 0.9373195361031046]",0.01079923602614741
AR-S4U,3,0,PERM,1,0.5908446173660902,0.6505442159323256,0.5911478529671527,[0.9894949340346805],0.02317943619670636
AR-S4U,3,0,PERM,2,0.3880426797130465,0.8490644565239251,0.38850423868482414,"[0.9924654816543934, 1.0080284546879903]",0.023164198917149582
AR-S4U,3,0,PERM,3,0.2258539918469387,0.9486315521696101,0.22664608496594393,"[0.9955964582083809, 0.9939453356819126, 1.0056423345769048]",0.023100411657932945
AR-S4U,3,0,PERM,4,0.11347988769402255,0.9867638928917591,0.11504828163966992,"[0.9962807001173312, 0.995636533415323, 0.9996907694446565, 1.0150055102253297]",0.02309381695824203
AR-S4U,3,0,PERM,5,0.05176412476163657,0.9969620531904689,0.05511757260194899,"[0.9999110636733789, 1.000157624415465, 0.9997113178165026, 1.0010538042503416, 1.008954880863812]",0.023114336472806682
AR-S4U,3,0,PERM,6,0.023233891234547503,0.9991017641009083,0.029970583896407922,"[0.9997759330291982, 0.9996859473626991, 0.9999561573030731, 0.9996078321388584, 1.0039440164301303, 0.9950108580369235]",0.02311715190685148
AR-S4U,3,0,PERM,7,0.008809015545397543,0.9995639790479282,0.020881114722923633,"[0.9999274887828024, 0.9995902639861818, 1.0006108277283177, 0.9995338632712336, 0.9997023106949212, 1.0028064275196225, 1.028478901443849]",0.023111983466695574
AR-S4U,3,0,PERM,8,0.004797607509556387,0.9996185607649914,0.01953046940062103,"[1.0001163620980558, 0.9999676789408168, 1.0002607154312408, 0.9999745778609876, 0.9999114718771142, 1.001279990629751, 1.0068862514613885, 0.9849772222369965]",0.02311226743324353
AR-S4U,3,0,PERM,9,0.0046748013869087205,0.9996197240348002,0.019500665762990924,"[1.0000338226400998, 1.0000558011658363, 1.000051932673052, 0.9999325297670373, 0.9999470462507792, 1.0001401375786092, 1.003589680130009, 0.988190657095216, 0.9688680782470875]",0.02311228600116943
AR-S4U,3,0,PERM,10,0.004370857964404988,0.9996224734034621,0.019430043657641255,"[1.0000212797067554, 1.000075882845209, 1.000021516115315, 1.0001175910722344, 1.000393221549223, 0.9997451372552303, 1.0035272058161258, 1.001137233033628, 0.9897829572594243, 0.9506239882732123]",0.02311229812283808
AR-S4U,3,0,PERM,11,0.0041986545196402315,0.9996239491030319,0.019392031790612815,"[1.0000143421716696, 1.0000940762533965, 0.9999646680108877, 1.0000259727977452, 1.0007009817047947, 1.0004185577613596, 1.00278241693223, 0.9918858160564796, 0.9651269893221877, 0.9377485386128505, 0.9177470618188797]",0.023112310147882884
AR-S4U,3,0,PERM,12,0.003956254478453547,0.9996259258533089,0.01934099652787121,"[1.0000288182064532, 1.0000474068985687, 0.9998844592483694, 1.0000337463024267, 1.0007677977620557, 1.0007672545019788, 1.002779712265806, 0.990181399180204, 0.9711858079476552, 0.9418037164118185, 0.9132115276202041, 0.9678961040039433]",0.023112472797256905
AR-S4U,3,1,PERM,1,0.7283664135888442,0.46922818882335937,0.7285408781781847,[0.9927362039077811],-0.023980719859585282
AR-S4U,3,1,PERM,2,0.341227924759775,0.883309324631772,0.3416001688644606,"[0.9949863322999921, 0.984540594214357]",-0.023995510278410917
AR-S4U,3,1,PERM,3,0.21869565691266785,0.9519180309151714,0.21927601119326445,"[1.002249565398329, 1.0016633957255954, 1.0029722986546912]",-0.024007396505533567
AR-S4U,3,1,PERM,4,0.09098759937114718,0.9914670780283102,0.09237381648329636,"[1.0003268220840118, 1.002750232775062, 0.9979397665176674, 0.9862001040607519]",-0.024007579490097693
AR-S4U,3,1,PERM,5,0.0412322530526754,0.9980457225758348,0.044207210092531216,"[0.9995194401893587, 1.002392370701881, 0.9954430091404254, 0.9935731380185416, 0.9946556716673041]",-0.024014118971412094
AR-S4U,3,1,PERM,6,0.01783703898805883,0.9994276613077732,0.023923601155069946,"[0.9998214881172174, 1.0006479970729034, 0.9993485822614037, 1.000023039273817, 1.0025956027424905, 0.9976150059072341]",-0.02401089657012355
AR-S4U,3,1,PERM,7,0.00910237697526484,0.9996629680010348,0.018358431277349516,"[0.999981754404829, 0.9998633775054893, 0.9997824129149794, 0.999891643590652, 1.0018823692926444, 1.0010936245158877, 0.9977444679816783]",-0.024008111751190764
AR-S4U,3,1,PERM,8,0.005027310960518231,0.9997205474121409,0.01671683546186539,"[0.9999402668423183, 0.9999327841248877, 1.0001354291622773, 0.999590730750007, 1.001474271966068, 0.9990711560636186, 0.9979517264742779, 0.9630602289333114]",-0.024008327345254217
AR-S4U,3,1,PERM,9,0.0047692423976174346,0.9997230755945874,0.01664104580285041,"[0.9999499280583768, 0.9999187065765766, 0.9999847068364988, 0.999534015401596, 1.0011243456541634, 0.9986235184187404, 0.9978551609498096, 0.9662497606481427, 0.9530443710716621]",-0.02400840047284385
AR-S4U,3,1,PERM,10,0.00444675978070577,0.9997260475950873,0.016551507632618725,"[0.9998900759901649, 0.999923077888703, 0.9999122475605422, 0.999688148807053, 1.0011613584806027, 0.9995555553039054, 0.9944842707632279, 0.9776288313691025, 0.9529345925468763, 0.9484928215458643]",-0.024008486645901713
AR-S4U,3,1,PERM,11,0.00445458426272175,0.9997259779466809,0.01655361148870608,"[0.99993237006813, 0.9999446558145095, 0.9999068410406987, 0.9996341492180794, 1.0010608908600498, 0.9996734275022334, 0.996828388744091, 0.9816477360022868, 0.9621278923991617, 0.9814571386744653, 0.9061684309535581]",-0.024008486779144255
AR-S4U,3,1,PERM,12,0.004105868092153386,0.9997289631148445,0.016463197901850565,"[0.9999548740436853, 0.9999316489370065, 0.9999239941412639, 0.9995894714649685, 1.0010939225366893, 1.0002397634537903, 0.9995760963261893, 0.9843952596608965, 0.9687071156665008, 0.9875485391680242, 0.9143130066750416, 1.0080734808529992]",-0.024008479063419824
AR-S4U,3,2,PERM,1,0.6450768747981548,0.583395983038419,0.645448694290709,[0.9816148614337443],-0.03129320045572103
AR-S4U,3,2,PERM,2,0.4066655662019024,0.8341432747034594,0.40725511082924504,"[0.9782989792326877, 0.9870595495823223]",-0.03131513876211937
AR-S4U,3,2,PERM,3,0.23845413639551918,0.9426597822736404,0.23945817531744362,"[0.9929722503546954, 1.004217639084185, 0.9975028689509331]",-0.031313859193068574
AR-S4U,3,2,PERM,4,0.10995505397480254,0.9874300435431715,0.11211581715720775,"[0.993378543788738, 0.9976905360309398, 0.9948566770377731, 0.9822964451968075]",-0.031315445824953964
AR-S4U,3,2,PERM,5,0.054093013522129155,0.9965941033258681,0.058360060607678864,"[0.9985203019773203, 0.9982259005693455, 1.0000854536516275, 0.9966762440215664, 0.9903297442326418]",-0.03130450722472753
AR-S4U,3,2,PERM,6,0.021872117425337557,0.9990417679171055,0.03095532398303168,"[1.0006487892260694, 1.0001017728792658, 0.9996365269359063, 0.9998977037575667, 0.9997934122032218, 0.9934176755579325]",-0.03130676660269571
AR-S4U,3,2,PERM,7,0.010556703009258215,0.9994087134593476,0.024316384201858283,"[0.9999793383944616, 0.9998412794031954, 0.9999703279765249, 1.0001375179940837, 0.9996929280008839, 1.0024201075725532, 0.9937180975800757]",-0.03131029369014284
AR-S4U,3,2,PERM,8,0.007437227421475372,0.9994648450860546,0.023133415527013004,"[0.9999387920507696, 0.999878612725524, 0.9999645279588001, 1.0000205003371412, 1.0008019936957202, 1.0003855892260056, 0.9931921766010018, 0.973488564263421]",-0.031309880350897136
AR-S4U,3,2,PERM,9,0.006676525899748748,0.9994755814396833,0.02290018690571579,"[0.999956635731624, 0.9998697214733143, 0.9999762969356581, 1.0000520930056525, 1.000555181327246, 1.0015515055661197, 0.9929737858533745, 0.9801198456457189, 0.9688921549219892]",-0.03130978935533909
AR-S4U,3,2,PERM,10,0.006451031165869819,0.9994785416346703,0.022835462888448853,"[0.9999462765678969, 0.9998643712389533, 0.9997799006970618, 0.9999708537259205, 1.0003574957199701, 1.0013532392029905, 0.9911151137333472, 0.98104767545634, 0.945504959496945, 0.9606108448835313]",-0.03130982915963924
AR-S4U,3,2,PERM,11,0.006174232808275174,0.9994820362870025,0.022758816159841943,"[0.9999364301667788, 0.999855033388648, 0.9996746263668183, 1.0001164447383988, 1.0002545572362136, 1.0000903812924808, 0.993109060477355, 0.9830042096367166, 0.9437729882485446, 0.9715480360806484, 0.9679890677940383]",-0.0313098620988658
AR-S4U,3,2,PERM,12,0.005629094418695328,0.9994884707337988,0.022617012760337913,"[0.9999833146176939, 0.9998447315061565, 0.9995310603523767, 1.000237659303467, 0.9996129007414639, 0.9990668782654554, 0.9977883605323864, 0.9882505412911997, 0.9662839533135079, 0.9953669337642775, 0.9926326028392924, 1.0047822937606015]",-0.03130971420718762
AR-S4U,4,0,PERM,1,0.6162266493724254,0.6198849708849623,0.6165346941697909,[1.036673791554792],0.004319617976283319
AR-S4U,4,0,PERM,2,0.3903592025571968,0.8472399472606379,0.3908453053822728,"[1.0149990589956643, 0.999939312143853]",0.004336031087084571
AR-S4U,4,0,PERM,3,0.22548679246773878,0.9487759607043394,0.22632728358653667,"[1.0069178621516304, 1.0021958069317047, 0.988716527022396]",0.00434057402232432
AR-S4U,4,0,PERM,4,0.11372268848466205,0.986687404405549,0.11538022185128166,"[1.006321504345165, 1.0049368998718726, 0.9929852440453013, 0.9761054875027532]",0.0043403072653911004
AR-S4U,4,0,PERM,5,0.05241430546004113,0.99687299486487,0.05591963103535276,"[1.0004796509585536, 1.000074664153472, 1.000577880963582, 1.0045183447640478, 1.0087914853671693]",0.004331986216159501
AR-S4U,4,0,PERM,6,0.021861043536937567,0.9991423490572047,0.029285678117389892,"[1.00012650653463, 0.9999862504109802, 1.0015892032543305, 1.002074069173151, 1.0049796892368426, 1.0093637856438273]",0.004331895868672332
AR-S4U,4,0,PERM,7,0.009349360717572993,0.9995328437359012,0.021613798002636797,"[1.0000226354669217, 0.9999897565498047, 1.0002803506964213, 1.0001101148042655, 0.9994101664252718, 1.006817389375883, 1.010211460391559]",0.0043350157982417125
AR-S4U,4,0,PERM,8,0.004877225789580841,0.999596466950326,0.02008813206034951,"[1.0000294816953084, 0.9996939966562077, 0.9999876526754312, 1.0007918684742039, 1.0004495655314223, 1.0065604395471608, 1.007835758882409, 1.025502424947483]",0.004334487435967335
AR-S4U,4,0,PERM,9,0.004591954808278989,0.9995991682327673,0.02002078338209487,"[1.000026561308057, 0.9998237051803593, 0.9999322060264804, 1.0005873504032576, 1.0005185185493957, 1.0028100035997738, 1.0037638019745498, 1.0181106340050474, 1.0357836884575755]",0.004334257472824485
AR-S4U,4,0,PERM,10,0.003963883750305275,0.9996045419073426,0.019886128146459882,"[0.999987691548879, 0.9998263971810082, 0.999890457183917, 1.00064612479589, 1.0003251530661863, 1.0008051203291646, 1.0054285292227072, 1.0148873903031748, 1.0157136609352653, 1.026556869403581]",0.004334397441035399
AR-S4U,4,0,PERM,11,0.0035383901668011616,0.999607734076756,0.019805704310728377,"[0.9999867731788608, 0.9998640199289182, 0.9998193212865794, 1.0005648924415822, 1.0005035337379364, 1.0005112468888346, 1.0056726242068603, 1.01627530672803, 1.0140102849205286, 1.0200006206465908, 0.9704704837904007]",0.004334364764367916
AR-S4U,4,0,PERM,12,0.0031956983179881973,0.9996100417939889,0.01974735946933367,"[0.9999895182564644, 0.9998973853779949, 0.9998966611447947, 1.0003489991744985, 1.0007172311431205, 0.9998343467470764, 1.0057331751684635, 1.0145656720036038, 1.0125504006054693, 1.0098540277257406, 0.9611587212777885, 1.025809353757919]",0.004334404257133164
AR-S4U,4,1,PERM,1,0.7549649512616291,0.4297364925997915,0.755157935401733,[0.9871660740417356],-0.0061675729871547205
AR-S4U,4,1,PERM,2,0.3360645652831772,0.8867691781942947,0.33649787786211255,"[1.0004161626183663, 1.0090317385828165]",-0.0063601705940993835
AR-S4U,4,1,PERM,3,0.20474161012588665,0.957789443316325,0.20545207880105518,"[0.9918264923825337, 1.0008217834891402, 0.9974560982094657]",-0.006355582200931224
AR-S4U,4,1,PERM,4,0.09207600500247173,0.9912305795360504,0.0936451838801634,"[0.99821721022215, 0.9973693737191163, 0.9969183456065712, 1.0086667900459485]",-0.00636108156821448
AR-S4U,4,1,PERM,5,0.042189505379818415,0.9979286158690719,0.045512461270822806,"[1.0000222638195988, 0.9995622844826656, 0.9995216768245283, 0.9974191637525576, 1.0046210167598295]",-0.006357269833065325
AR-S4U,4,1,PERM,6,0.017592104798547267,0.9993990880820225,0.024513504808115243,"[1.00007247610839, 0.9995582715223633, 1.000751038393455, 1.0005745760719307, 1.0027321726252758, 1.0062929402576446]",-0.006358856310452231
AR-S4U,4,1,PERM,7,0.010414795804241043,0.9996001022616215,0.019997443296043027,"[0.9999610940502343, 0.9996300785263126, 1.0009531440308908, 1.0004987173161723, 1.001244485230974, 1.0024150905671605, 0.9753795176029421]",-0.0063585961772197625
AR-S4U,4,1,PERM,8,0.005762801579438822,0.9996753603512216,0.018017759260751654,"[0.9999966303028422, 0.9998346752749946, 1.0002327637731983, 0.999593727543182, 1.0006445060069846, 0.9980358223410939, 0.9830739700017067, 1.0032584982149124]",-0.006358180877322615
AR-S4U,4,1,PERM,9,0.005457915413176355,0.9996787813926082,0.017922572566230758,"[0.9999969499775149, 0.9997943347559954, 1.0001148873095376, 1.0001964440240776, 1.001361249081658, 0.9962496333919592, 0.9839092835987926, 1.0046176556560789, 1.0547446097991964]",-0.006358183648135926
AR-S4U,4,1,PERM,10,0.005374613578934215,0.9996796837621427,0.017897380754101515,"[1.0000084913689917, 0.9997890538987043, 1.0001140898334016, 0.9999980097892076, 1.001435817119938, 0.9961362583586728, 0.9870970578589039, 0.9997447017171621, 1.0474707513097994, 0.9059901313654527]",-0.006358179817013359
AR-S4U,4,1,PERM,11,0.0051556538032180264,0.9996819894671269,0.017832849824777185,"[1.0000284092246972, 0.9998106625083047, 1.0001572929939295, 0.9998882471210756, 1.000863998953079, 0.9965862627270887, 0.9886287182400978, 1.0004948348224665, 1.0799934178586115, 0.9485803541191801, 0.9380285932931381]",-0.006358016025356642
AR-S4U,4,1,PERM,12,0.0048871317067389584,0.9996846861769466,0.017757078111373857,"[1.0000086264813859, 0.9998357425890122, 1.0002196330323903, 0.9998387504318403, 1.0004611943579267, 0.9985202610883941, 0.9875566278085123, 0.995296045516511, 1.0694785297672837, 0.9329347073750469, 0.9455160324579532, 0.9544682260174367]",-0.006357897383542677
AR-S4U,4,2,PERM,1,0.6187186846794218,0.6166384066417308,0.6191620089752513,[0.9804333592422035],-0.004635779347963266
AR-S4U,4,2,PERM,2,0.3993616833677218,0.839961463270864,0.40004816801122345,"[0.989862414165706, 1.0261008962664904]",-0.004744339152019817
AR-S4U,4,2,PERM,3,0.2553069215232104,0.9342695932355058,0.25637941954161253,"[0.9965687992929884, 0.9958505022160454, 0.9936864038800006]",-0.004752359914319081
AR-S4U,4,2,PERM,4,0.11999105576898737,0.9850533639486082,0.12225643562361758,"[0.9989855539014618, 1.0009749546470041, 0.9994445221468585, 1.0260181355855318]",-0.004767013402560534
AR-S4U,4,2,PERM,5,0.0553063283725371,0.9963924274551136,0.0600630713907174,"[0.9995634077597002, 0.9989093698972455, 0.996728771928401, 1.001245646857397, 1.0312551309469995]",-0.004752058416127562
AR-S4U,4,2,PERM,6,0.020205268232682143,0.9990429645488098,0.030935989578323594,"[1.0004233685568769, 0.9991694919819678, 1.0001460507238544, 0.9973006266704953, 0.9910231291677566, 0.9931882917260575]",-0.004752025985911642
AR-S4U,4,2,PERM,7,0.011691285979010391,0.9993145312453214,0.02618145822292022,"[1.000035487041102, 0.9998756037254617, 0.9993998406708186, 0.9999002032441668, 0.9932542516271432, 0.9929540912595896, 0.9901199311964952]",-0.004752040338900511
AR-S4U,4,2,PERM,8,0.008852880634049433,0.9993728439176438,0.025043084521604746,"[1.0000275810657404, 0.9998498534166661, 0.9994569877109041, 1.0001677592735743, 0.9955474349495959, 0.9918362763023265, 0.9911425270277351, 0.9766267785006101]",-0.004751146645538198
AR-S4U,4,2,PERM,9,0.007904713926983132,0.999388732910897,0.024723816232591456,"[1.0000040079345232, 1.0002088028683562, 0.9996840186964738, 0.999828706483387, 0.9974525097562482, 0.9962070256753072, 0.9939207243951711, 0.9840736431178677, 0.946870501631368]",-0.0047511912926825614
AR-S4U,4,2,PERM,10,0.00766415739497693,0.9993924781045895,0.024647959254479695,"[0.9999964877127459, 1.0002331794550445, 0.9998566963288461, 0.9999772762779332, 0.9977458760044597, 0.9975320803969642, 0.9950560057285647, 0.9800481556328481, 0.9531876786300296, 0.9151228685651515]",-0.004751289874259481
AR-S4U,4,2,PERM,11,0.006774188674468461,0.9994053277809672,0.024385902054933472,"[1.0000029415212492, 1.0001445694628768, 0.9997366574967921, 0.9997819974967465, 0.9990174494922457, 0.9994291459610378, 0.9927921268847606, 0.9920956850893755, 0.9841193713543245, 0.9805822439916502, 0.9321915010319712]",-0.00475124783759709
AR-S4U,4,2,PERM,12,0.006256024448525135,0.999412079571264,0.024247070518643197,"[1.000021982934604, 1.0002218817718684, 0.9998567769817939, 0.999836185615109, 0.9991959374333885, 0.9988490293437742, 0.9911175527336568, 0.9866659964980343, 0.9872381642158927, 0.97337317972828, 0.9485942383391396, 0.9621638254777243]",-0.0047509985960162825
