direction,mother_space,support,support_mask,lambda_0,lambda_2,oof_mse,oof_se,maximum_kkt,maximum_condition
sheet1_to_sheet2,V0,[],0,1e-06,0.0,0.4231231256764933,0.23379387675033222,0.0,1.0
sheet1_to_sheet2,V0,[],0,1e-06,0.0001,0.4231231256764933,0.23379387675033222,0.0,1.0
sheet1_to_sheet2,V0,[],0,1e-06,0.01,0.4231231256764933,0.23379387675033222,0.0,1.0
sheet1_to_sheet2,V0,[],0,1e-06,1.0,0.4231231256764933,0.23379387675033222,0.0,1.0
sheet1_to_sheet2,V0,[],0,1e-06,100.0,0.4231231256764933,0.23379387675033222,0.0,1.0
sheet1_to_sheet2,V0,[],0,1e-06,10000.0,0.4231231256764933,0.23379387675033222,0.0,1.0
sheet1_to_sheet2,V0,[],0,0.0001,0.0,0.4231231256764933,0.23379387675033222,0.0,1.0
sheet1_to_sheet2,V0,[],0,0.0001,0.0001,0.4231231256764933,0.23379387675033222,0.0,1.0
sheet1_to_sheet2,V0,[],0,0.0001,0.01,0.4231231256764933,0.23379387675033222,0.0,1.0
sheet1_to_sheet2,V0,[],0,0.0001,1.0,0.4231231256764933,0.23379387675033222,0.0,1.0
sheet1_to_sheet2,V0,[],0,0.0001,100.0,0.4231231256764933,0.23379387675033222,0.0,1.0
sheet1_to_sheet2,V0,[],0,0.0001,10000.0,0.4231231256764933,0.23379387675033222,0.0,1.0
sheet1_to_sheet2,V0,[],0,0.01,0.0,0.4231231256764933,0.23379387675033222,0.0,1.0
sheet1_to_sheet2,V0,[],0,0.01,0.0001,0.4231231256764933,0.23379387675033222,0.0,1.0
sheet1_to_sheet2,V0,[],0,0.01,0.01,0.4231231256764933,0.23379387675033222,0.0,1.0
sheet1_to_sheet2,V0,[],0,0.01,1.0,0.4231231256764933,0.23379387675033222,0.0,1.0
sheet1_to_sheet2,V0,[],0,0.01,100.0,0.4231231256764933,0.23379387675033222,0.0,1.0
sheet1_to_sheet2,V0,[],0,0.01,10000.0,0.4231231256764933,0.23379387675033222,0.0,1.0
sheet1_to_sheet2,V0,[],0,1.0,0.0,0.4231231256764933,0.23379387675033222,0.0,1.0
sheet1_to_sheet2,V0,[],0,1.0,0.0001,0.4231231256764933,0.23379387675033222,0.0,1.0
sheet1_to_sheet2,V0,[],0,1.0,0.01,0.4231231256764933,0.23379387675033222,0.0,1.0
sheet1_to_sheet2,V0,[],0,1.0,1.0,0.4231231256764933,0.23379387675033222,0.0,1.0
sheet1_to_sheet2,V0,[],0,1.0,100.0,0.4231231256764933,0.23379387675033222,0.0,1.0
sheet1_to_sheet2,V0,[],0,1.0,10000.0,0.4231231256764933,0.23379387675033222,0.0,1.0
sheet1_to_sheet2,V0,[],0,100.0,0.0,0.4231231256764933,0.23379387675033222,0.0,1.0
sheet1_to_sheet2,V0,[],0,100.0,0.0001,0.4231231256764933,0.23379387675033222,0.0,1.0
sheet1_to_sheet2,V0,[],0,100.0,0.01,0.4231231256764933,0.23379387675033222,0.0,1.0
sheet1_to_sheet2,V0,[],0,100.0,1.0,0.4231231256764933,0.23379387675033222,0.0,1.0
sheet1_to_sheet2,V0,[],0,100.0,100.0,0.4231231256764933,0.23379387675033222,0.0,1.0
sheet1_to_sheet2,V0,[],0,100.0,10000.0,0.4231231256764933,0.23379387675033222,0.0,1.0
sheet1_to_sheet2,V0,[],0,10000.0,0.0,0.4231231256764933,0.23379387675033222,0.0,1.0
sheet1_to_sheet2,V0,[],0,10000.0,0.0001,0.4231231256764933,0.23379387675033222,0.0,1.0
sheet1_to_sheet2,V0,[],0,10000.0,0.01,0.4231231256764933,0.23379387675033222,0.0,1.0
sheet1_to_sheet2,V0,[],0,10000.0,1.0,0.4231231256764933,0.23379387675033222,0.0,1.0
sheet1_to_sheet2,V0,[],0,10000.0,100.0,0.4231231256764933,0.23379387675033222,0.0,1.0
sheet1_to_sheet2,V0,[],0,10000.0,10000.0,0.4231231256764933,0.23379387675033222,0.0,1.0
sheet1_to_sheet2,V0,[],0,1000000.0,0.0,0.4231231256764933,0.23379387675033222,0.0,1.0
sheet1_to_sheet2,V0,[],0,1000000.0,0.0001,0.4231231256764933,0.23379387675033222,0.0,1.0
sheet1_to_sheet2,V0,[],0,1000000.0,0.01,0.4231231256764933,0.23379387675033222,0.0,1.0
sheet1_to_sheet2,V0,[],0,1000000.0,1.0,0.4231231256764933,0.23379387675033222,0.0,1.0
sheet1_to_sheet2,V0,[],0,1000000.0,100.0,0.4231231256764933,0.23379387675033222,0.0,1.0
sheet1_to_sheet2,V0,[],0,1000000.0,10000.0,0.4231231256764933,0.23379387675033222,0.0,1.0
sheet2_to_sheet1,V0,[],0,1e-06,0.0,0.05649863017274685,0.025509247926126993,0.0,1.0
sheet2_to_sheet1,V0,[],0,1e-06,0.0001,0.05649863017274685,0.025509247926126993,0.0,1.0
sheet2_to_sheet1,V0,[],0,1e-06,0.01,0.05649863017274685,0.025509247926126993,0.0,1.0
sheet2_to_sheet1,V0,[],0,1e-06,1.0,0.05649863017274685,0.025509247926126993,0.0,1.0
sheet2_to_sheet1,V0,[],0,1e-06,100.0,0.05649863017274685,0.025509247926126993,0.0,1.0
sheet2_to_sheet1,V0,[],0,1e-06,10000.0,0.05649863017274685,0.025509247926126993,0.0,1.0
sheet2_to_sheet1,V0,[],0,0.0001,0.0,0.05649863017274685,0.025509247926126993,0.0,1.0
sheet2_to_sheet1,V0,[],0,0.0001,0.0001,0.05649863017274685,0.025509247926126993,0.0,1.0
sheet2_to_sheet1,V0,[],0,0.0001,0.01,0.05649863017274685,0.025509247926126993,0.0,1.0
sheet2_to_sheet1,V0,[],0,0.0001,1.0,0.05649863017274685,0.025509247926126993,0.0,1.0
sheet2_to_sheet1,V0,[],0,0.0001,100.0,0.05649863017274685,0.025509247926126993,0.0,1.0
sheet2_to_sheet1,V0,[],0,0.0001,10000.0,0.05649863017274685,0.025509247926126993,0.0,1.0
sheet2_to_sheet1,V0,[],0,0.01,0.0,0.05649863017274685,0.025509247926126993,0.0,1.0
sheet2_to_sheet1,V0,[],0,0.01,0.0001,0.05649863017274685,0.025509247926126993,0.0,1.0
sheet2_to_sheet1,V0,[],0,0.01,0.01,0.05649863017274685,0.025509247926126993,0.0,1.0
sheet2_to_sheet1,V0,[],0,0.01,1.0,0.05649863017274685,0.025509247926126993,0.0,1.0
sheet2_to_sheet1,V0,[],0,0.01,100.0,0.05649863017274685,0.025509247926126993,0.0,1.0
sheet2_to_sheet1,V0,[],0,0.01,10000.0,0.05649863017274685,0.025509247926126993,0.0,1.0
sheet2_to_sheet1,V0,[],0,1.0,0.0,0.05649863017274685,0.025509247926126993,0.0,1.0
sheet2_to_sheet1,V0,[],0,1.0,0.0001,0.05649863017274685,0.025509247926126993,0.0,1.0
sheet2_to_sheet1,V0,[],0,1.0,0.01,0.05649863017274685,0.025509247926126993,0.0,1.0
sheet2_to_sheet1,V0,[],0,1.0,1.0,0.05649863017274685,0.025509247926126993,0.0,1.0
sheet2_to_sheet1,V0,[],0,1.0,100.0,0.05649863017274685,0.025509247926126993,0.0,1.0
sheet2_to_sheet1,V0,[],0,1.0,10000.0,0.05649863017274685,0.025509247926126993,0.0,1.0
sheet2_to_sheet1,V0,[],0,100.0,0.0,0.05649863017274685,0.025509247926126993,0.0,1.0
sheet2_to_sheet1,V0,[],0,100.0,0.0001,0.05649863017274685,0.025509247926126993,0.0,1.0
sheet2_to_sheet1,V0,[],0,100.0,0.01,0.05649863017274685,0.025509247926126993,0.0,1.0
sheet2_to_sheet1,V0,[],0,100.0,1.0,0.05649863017274685,0.025509247926126993,0.0,1.0
sheet2_to_sheet1,V0,[],0,100.0,100.0,0.05649863017274685,0.025509247926126993,0.0,1.0
sheet2_to_sheet1,V0,[],0,100.0,10000.0,0.05649863017274685,0.025509247926126993,0.0,1.0
sheet2_to_sheet1,V0,[],0,10000.0,0.0,0.05649863017274685,0.025509247926126993,0.0,1.0
sheet2_to_sheet1,V0,[],0,10000.0,0.0001,0.05649863017274685,0.025509247926126993,0.0,1.0
sheet2_to_sheet1,V0,[],0,10000.0,0.01,0.05649863017274685,0.025509247926126993,0.0,1.0
sheet2_to_sheet1,V0,[],0,10000.0,1.0,0.05649863017274685,0.025509247926126993,0.0,1.0
sheet2_to_sheet1,V0,[],0,10000.0,100.0,0.05649863017274685,0.025509247926126993,0.0,1.0
sheet2_to_sheet1,V0,[],0,10000.0,10000.0,0.05649863017274685,0.025509247926126993,0.0,1.0
sheet2_to_sheet1,V0,[],0,1000000.0,0.0,0.05649863017274685,0.025509247926126993,0.0,1.0
sheet2_to_sheet1,V0,[],0,1000000.0,0.0001,0.05649863017274685,0.025509247926126993,0.0,1.0
sheet2_to_sheet1,V0,[],0,1000000.0,0.01,0.05649863017274685,0.025509247926126993,0.0,1.0
sheet2_to_sheet1,V0,[],0,1000000.0,1.0,0.05649863017274685,0.025509247926126993,0.0,1.0
sheet2_to_sheet1,V0,[],0,1000000.0,100.0,0.05649863017274685,0.025509247926126993,0.0,1.0
sheet2_to_sheet1,V0,[],0,1000000.0,10000.0,0.05649863017274685,0.025509247926126993,0.0,1.0
sheet1_to_sheet2,V0,[0],1,1e-06,0.0,0.34556131611912144,0.17104874376674886,7.174286739764795e-16,714371.5259200498
sheet1_to_sheet2,V0,[0],1,1e-06,0.0001,0.3455278561906704,0.1710486773695192,4.999579484884071e-16,245789.65577963387
sheet1_to_sheet2,V0,[0],1,1e-06,0.01,0.3454109182032571,0.17093941758267728,3.1273004923020305e-16,29144.379280465128
sheet1_to_sheet2,V0,[0],1,1e-06,1.0,0.33985606570919524,0.1689505720240173,3.9602106152388706e-16,6800.447831111445
sheet1_to_sheet2,V0,[0],1,1e-06,100.0,0.33247787394891043,0.16309448246739533,4.154415163487356e-15,1927.1785287185887
sheet1_to_sheet2,V0,[0],1,1e-06,10000.0,0.3241140326431567,0.1441334684995885,6.366599115195928e-13,22966.984686517673
sheet1_to_sheet2,V0,[0],1,0.0001,0.0,0.34551119300261224,0.17105055594894858,4.084645368216979e-16,583755.2142225073
sheet1_to_sheet2,V0,[0],1,0.0001,0.0001,0.3455084720443461,0.171049733063807,5.148265271118406e-16,228220.17340734458
sheet1_to_sheet2,V0,[0],1,0.0001,0.01,0.345395426427675,0.17093910120660313,6.684549024369398e-16,28880.752161370765
sheet1_to_sheet2,V0,[0],1,0.0001,1.0,0.3398493865138676,0.16895055319356556,4.354259914119658e-16,6786.000611247118
sheet1_to_sheet2,V0,[0],1,0.0001,100.0,0.33247713319666305,0.16309582326123853,3.810985295850535e-15,1926.9423639088304
sheet1_to_sheet2,V0,[0],1,0.0001,10000.0,0.32411272722034856,0.1441342463255143,6.73025851729415e-13,22966.649062352655
sheet1_to_sheet2,V0,[0],1,0.01,0.0,0.3447935805015133,0.1711039209413824,6.035535932520683e-16,30272.25099366775
sheet1_to_sheet2,V0,[0],1,0.01,0.0001,0.3447927739244375,0.17110176539065125,3.373261905271858e-16,28009.513774888528
sheet1_to_sheet2,V0,[0],1,0.01,0.01,0.34465763642356784,0.17098040671672743,3.9519749907324424e-16,15164.265016835718
sheet1_to_sheet2,V0,[0],1,0.01,1.0,0.3393628956072946,0.16898424143398308,5.084136908953947e-16,5596.985855577575
sheet1_to_sheet2,V0,[0],1,0.01,100.0,0.3324038228596293,0.16322854050982813,3.589059068918623e-15,1903.6147930777017
sheet1_to_sheet2,V0,[0],1,0.01,10000.0,0.3239826875198514,0.1442120671114263,5.883645993679691e-13,22933.136108949628
sheet1_to_sheet2,V0,[0],1,1.0,0.0,0.3369013197137458,0.17229704680613753,3.7870396858801426e-16,316.9363936714652
sheet1_to_sheet2,V0,[0],1,1.0,0.0001,0.33690071577175,0.1722967345463071,3.3220892716632315e-16,316.6694085216968
sheet1_to_sheet2,V0,[0],1,1.0,0.01,0.3368424480433645,0.17226655183111567,3.1343935643013164e-16,313.6757835218181
sheet1_to_sheet2,V0,[0],1,1.0,1.0,0.3345365144062691,0.17137924051765385,3.905524717046955e-16,303.09111278426195
sheet1_to_sheet2,V0,[0],1,1.0,100.0,0.32808844663782566,0.17019152216217767,3.1902404526284315e-15,861.4332091903373
sheet1_to_sheet2,V0,[0],1,1.0,10000.0,0.3150483755333852,0.15210397358766095,7.968890522074789e-13,20012.874557018065
sheet1_to_sheet2,V0,[0],1,100.0,0.0,0.36640695029811965,0.22190202928199804,2.953574198908135e-16,4.160744696313567
sheet1_to_sheet2,V0,[0],1,100.0,0.0001,0.3664069580224918,0.2219020316940143,2.131256229266966e-16,4.16070970528493
sheet1_to_sheet2,V0,[0],1,100.0,0.01,0.36640772251170284,0.2219022703994353,2.2121436409945639e-16,4.16032238871775
sheet1_to_sheet2,V0,[0],1,100.0,1.0,0.36648216676665424,0.22192540463311675,3.239024808305587e-16,4.159894464814302
sheet1_to_sheet2,V0,[0],1,100.0,100.0,0.3702760753167247,0.22326943269938118,7.070032818188103e-16,16.426507960475224
sheet1_to_sheet2,V0,[0],1,100.0,10000.0,0.3910145789061793,0.23342018726048822,3.5847917628490926e-14,1458.066042753759
sheet1_to_sheet2,V0,[0],1,10000.0,0.0,0.4222757968325763,0.23395745002730198,2.7650009018450824e-16,1.0316075851000432
sheet1_to_sheet2,V0,[0],1,10000.0,0.0001,0.42227579683516425,0.23395745002738336,2.9789760655881647e-16,1.0316074991307966
sheet1_to_sheet2,V0,[0],1,10000.0,0.01,0.4222757970913709,0.23395745003544588,2.989053839893834e-16,1.0316066167370057
sheet1_to_sheet2,V0,[0],1,10000.0,1.0,0.42227582270464287,0.23395745084211741,2.28869255741644e-16,1.0316134890952382
sheet1_to_sheet2,V0,[0],1,10000.0,100.0,0.42227831627997187,0.2339575344713958,2.868317034763116e-16,1.1554981024971833
sheet1_to_sheet2,V0,[0],1,10000.0,10000.0,0.42238622346973026,0.2339560316195331,1.079718029561234e-15,16.547179930322613
sheet1_to_sheet2,V0,[0],1,1000000.0,0.0,0.4231146087727291,0.23379563666452055,2.7289407683461573e-16,1.0003160758648146
sheet1_to_sheet2,V0,[0],1,1000000.0,0.0001,0.42311460877272944,0.23379563666452058,1.68915379666995e-16,1.0003160750315163
sheet1_to_sheet2,V0,[0],1,1000000.0,0.01,0.4231146087727554,0.23379563666452113,1.950370904246238e-16,1.0003160665066917
sheet1_to_sheet2,V0,[0],1,1000000.0,1.0,0.42311460877536156,0.23379563666457756,1.934575242531045e-16,1.0003161363460735
sheet1_to_sheet2,V0,[0],1,1000000.0,100.0,0.42311460903589587,0.23379563667022435,2.919161187895747e-16,1.0015551058427945
sheet1_to_sheet2,V0,[0],1,1000000.0,10000.0,0.42311463439999214,0.23379563727551558,4.031720046793591e-16,1.1555760657248497
sheet2_to_sheet1,V0,[0],1,1e-06,0.0,0.0636315194488661,0.011748225720180994,3.702306906429109e-15,916203.9909221833
sheet2_to_sheet1,V0,[0],1,1e-06,0.0001,0.06350354145485419,0.011793265058376525,2.5383504119245696e-15,320517.0288842273
sheet2_to_sheet1,V0,[0],1,1e-06,0.01,0.058768208514701936,0.010131217072172283,1.7567172743484026e-15,30379.643180482235
sheet2_to_sheet1,V0,[0],1,1e-06,1.0,0.047200607100314415,0.010145262393248809,1.4290805858245664e-15,7554.918067849136
sheet2_to_sheet1,V0,[0],1,1e-06,100.0,0.02664402609583489,0.009100712493121617,9.283002128890598e-15,2165.3498463626242
sheet2_to_sheet1,V0,[0],1,1e-06,10000.0,0.026249862464372845,0.007926885915068377,6.195799161990528e-13,34171.440250913125
sheet2_to_sheet1,V0,[0],1,0.0001,0.0,0.06355789501628367,0.011770306565532162,3.96157325730735e-15,750930.7954126308
sheet2_to_sheet1,V0,[0],1,0.0001,0.0001,0.06345250626765557,0.011792797711499338,2.783015900370955e-15,297603.176513016
sheet2_to_sheet1,V0,[0],1,0.0001,0.01,0.05874043832843729,0.010127514787899375,1.7055046290372053e-15,30159.55173580682
sheet2_to_sheet1,V0,[0],1,0.0001,1.0,0.04717697091243138,0.01013964570895893,1.3033117887955647e-15,7541.2365407299385
sheet2_to_sheet1,V0,[0],1,0.0001,100.0,0.02664420916061136,0.009100711808331401,5.5046743097598025e-15,2165.051686877017
sheet2_to_sheet1,V0,[0],1,0.0001,10000.0,0.02625014232560672,0.00792706310200195,7.833001447143764e-13,34170.697274581624
sheet2_to_sheet1,V0,[0],1,0.01,0.0,0.06117077746692423,0.01158704607015694,1.735409842721037e-15,39442.81130220306
sheet2_to_sheet1,V0,[0],1,0.01,0.0001,0.06105786960993597,0.011550645686286526,2.745629545593076e-15,36520.85970692571
sheet2_to_sheet1,V0,[0],1,0.01,0.01,0.05711290132240375,0.00994331298275531,1.945669785114221e-15,17489.348394819935
sheet2_to_sheet1,V0,[0],1,0.01,1.0,0.04526499123794355,0.00970192799247508,1.1191966855748547e-15,6384.980854472357
sheet2_to_sheet1,V0,[0],1,0.01,100.0,0.026662603020985796,0.00910074275502237,6.7908000070320945e-15,2135.6449510536813
sheet2_to_sheet1,V0,[0],1,0.01,10000.0,0.026278126389376696,0.007944781322777589,6.438845955417591e-13,34096.56244690483
sheet2_to_sheet1,V0,[0],1,1.0,0.0,0.03781583802493291,0.008444550941597732,8.507982984048767e-16,412.9352330069136
sheet2_to_sheet1,V0,[0],1,1.0,0.0001,0.037814158593923855,0.008444230717209638,7.270082618718177e-16,412.590476314488
sheet2_to_sheet1,V0,[0],1,1.0,0.01,0.03765701157087163,0.008415570455327958,7.785786132110156e-16,407.59254139775965
sheet2_to_sheet1,V0,[0],1,1.0,1.0,0.03362450569228461,0.00859498671453226,4.220621234820452e-16,391.82865288119206
sheet2_to_sheet1,V0,[0],1,1.0,100.0,0.028379194650416162,0.009467011993035407,5.6613923987801046e-15,905.9423355046898
sheet2_to_sheet1,V0,[0],1,1.0,10000.0,0.02899798080300217,0.009662502629746973,5.061892643221773e-13,28017.97815993782
sheet2_to_sheet1,V0,[0],1,100.0,0.0,0.051401993663828555,0.02283818824854962,2.453335433619722e-16,5.121182652983511
sheet2_to_sheet1,V0,[0],1,100.0,0.0001,0.051401995620908844,0.022838189960178633,2.463672566904596e-16,5.121139926350622
sheet2_to_sheet1,V0,[0],1,100.0,0.01,0.05140218932500873,0.022838359367704675,1.994840995268159e-16,5.120519574921359
sheet2_to_sheet1,V0,[0],1,100.0,1.0,0.051421133368836545,0.02285489995509934,3.604246698660882e-16,5.119276751888507
sheet2_to_sheet1,V0,[0],1,100.0,100.0,0.05234354683592579,0.023625094111324487,1.0078242554420626e-15,16.440885904726695
sheet2_to_sheet1,V0,[0],1,100.0,10000.0,0.055956410760416214,0.026315136880993274,4.3918256139191846e-14,1489.042198692541
sheet2_to_sheet1,V0,[0],1,10000.0,0.0,0.05656861557309349,0.025608145677644592,2.783723523208624e-16,1.0412120096442656
sheet2_to_sheet1,V0,[0],1,10000.0,0.0001,0.05656861557336195,0.025608145677874814,3.675277078358722e-16,1.041211923452373
sheet2_to_sheet1,V0,[0],1,10000.0,0.01,0.05656861559993894,0.02560814570066688,3.4138516990488694e-16,1.0412107292131958
sheet2_to_sheet1,V0,[0],1,10000.0,1.0,0.056568618257350135,0.02560814797960092,2.0177182084162179e-16,1.041215017591114
sheet2_to_sheet1,V0,[0],1,10000.0,100.0,0.0565688811952741,0.025608373231186417,2.777472417724566e-16,1.155507181323327
sheet2_to_sheet1,V0,[0],1,10000.0,10000.0,0.05658137682711367,0.025618923921906605,1.2752710692500125e-15,16.55085282654737
sheet2_to_sheet1,V0,[0],1,1000000.0,0.0,0.056499390445559745,0.02551030148375595,1.6514301994590742e-16,1.000412120114754
sheet2_to_sheet1,V0,[0],1,1000000.0,0.0001,0.056499390445559766,0.025510301483755972,2.3873693998147017e-16,1.0004121192869433
sheet2_to_sheet1,V0,[0],1,1000000.0,0.01,0.056499390445562354,0.025510301483758185,2.1290884660278886e-16,1.0004121078455535
sheet2_to_sheet1,V0,[0],1,1000000.0,1.0,0.056499390445820946,0.025510301483979533,2.4524521976858407e-16,1.0004121524021317
sheet2_to_sheet1,V0,[0],1,1000000.0,100.0,0.056499390471677936,0.025510301506112394,1.7515540683855853e-16,1.0015551824345748
sheet2_to_sheet1,V0,[0],1,1000000.0,10000.0,0.05649939303386795,0.025510303697284496,2.744649092988414e-16,1.15557862352708
sheet2_to_sheet1,V0,[1],2,1e-06,0.0,0.07470925519063777,0.017208281512887467,2.604809344271628e-12,19163610477.34437
sheet2_to_sheet1,V0,[1],2,1e-06,0.0001,0.07422349157652278,0.017157639154955228,8.040961638551794e-12,2900079151.358132
sheet2_to_sheet1,V0,[1],2,1e-06,0.01,0.06745523024237483,0.01602316265597906,7.641439398269148e-12,803204450.2756658
sheet2_to_sheet1,V0,[1],2,1e-06,1.0,0.05606308934111241,0.019843693901582502,3.5310475630770136e-12,86649848.08408234
sheet2_to_sheet1,V0,[1],2,1e-06,100.0,0.0560841180971107,0.024419847674914036,2.320172430257166e-13,3879689.3603150565
sheet2_to_sheet1,V0,[1],2,1e-06,10000.0,0.05664461596276775,0.024771427875059333,1.9179838096968647e-13,966165.2543802202
sheet2_to_sheet1,V0,[1],2,0.0001,0.0,0.07437670173494682,0.017235907748845813,3.1535793169425746e-12,9120896629.178226
sheet2_to_sheet1,V0,[1],2,0.0001,0.0001,0.07394990363175817,0.017178037689067994,8.55377126682922e-12,2485866051.095133
sheet2_to_sheet1,V0,[1],2,0.0001,0.01,0.06735930565501831,0.01603359071479145,4.997700384636342e-12,767772513.602413
sheet2_to_sheet1,V0,[1],2,0.0001,1.0,0.05606208925199643,0.019845278206241854,1.8301835679101084e-12,86220942.09509774
sheet2_to_sheet1,V0,[1],2,0.0001,100.0,0.056084296160212335,0.024420221368894487,3.3424198469612186e-13,3878825.4340769164
sheet2_to_sheet1,V0,[1],2,0.0001,10000.0,0.0566446399221049,0.02477153275337258,1.234521788795492e-13,966111.6920457896
sheet2_to_sheet1,V0,[1],2,0.01,0.0,0.06634678082259046,0.016961326990167825,7.815468250325557e-12,170916955.3098928
sheet2_to_sheet1,V0,[1],2,0.01,0.0001,0.06628025630848353,0.016921123244720622,5.8198325406524375e-12,162678324.20172572
sheet2_to_sheet1,V0,[1],2,0.01,0.01,0.06390082401594477,0.016246505825794916,4.7462671242952155e-12,141882609.00433493
sheet2_to_sheet1,V0,[1],2,0.01,1.0,0.055974536290196705,0.019978608186673862,2.059542818399243e-12,57673351.08362639
sheet2_to_sheet1,V0,[1],2,0.01,100.0,0.05610199464030678,0.02445689718497805,1.9973325841068748e-13,3794333.5040641343
sheet2_to_sheet1,V0,[1],2,0.01,10000.0,0.056647054061153904,0.024781974926370347,1.6762033046904955e-13,960785.2841446272
sheet2_to_sheet1,V0,[1],2,1.0,0.0,0.05447962136287422,0.022551420372311573,9.251601010154043e-13,1724549.9923488845
sheet2_to_sheet1,V0,[1],2,1.0,0.0001,0.05447977712746099,0.022551612253957187,7.617042603267128e-13,1723669.2078177815
sheet2_to_sheet1,V0,[1],2,1.0,0.01,0.054494624784419625,0.022570125163784427,1.6030040612657177e-12,1720858.382132517
sheet2_to_sheet1,V0,[1],2,1.0,1.0,0.05501057306174578,0.023331669148251407,1.2032440266806512e-12,1690815.0999517518
sheet2_to_sheet1,V0,[1],2,1.0,100.0,0.05698295931399666,0.025769225826107925,2.2655776103132688e-13,1193830.3962017416
sheet2_to_sheet1,V0,[1],2,1.0,10000.0,0.056947243428994314,0.025511216216083987,7.511713353739073e-14,619332.4772277717
sheet2_to_sheet1,V0,[1],2,100.0,0.0,0.05835331252753416,0.027147157062215866,2.881809589642647e-14,17248.041846809137
sheet2_to_sheet1,V0,[1],2,100.0,0.0001,0.05835331260629367,0.027147157108128643,2.0841294015430324e-14,17247.95370295429
sheet2_to_sheet1,V0,[1],2,100.0,0.01,0.058353320399362724,0.027147161651552284,3.4949436078804774e-14,17247.67182156535
sheet2_to_sheet1,V0,[1],2,100.0,1.0,0.05835406247335017,0.027147598745647525,2.7492187332078863e-14,17244.438008468598
sheet2_to_sheet1,V0,[1],2,100.0,100.0,0.058384368220804984,0.027171549037944706,1.4645295083509574e-14,17169.382218585553
sheet2_to_sheet1,V0,[1],2,100.0,10000.0,0.058452423812528645,0.027227147710581125,2.9410592105740954e-15,16950.890294417157
sheet2_to_sheet1,V0,[1],2,10000.0,0.0,0.05851327159177767,0.0272785072882523,2.0009231129932248e-16,173.4705736745259
sheet2_to_sheet1,V0,[1],2,10000.0,0.0001,0.05851327159175026,0.0272785072882342,2.2333344131205736e-16,173.47056481024805
sheet2_to_sheet1,V0,[1],2,10000.0,0.01,0.05851327158903699,0.027278507286442464,2.2957469393752254e-16,173.47053653469854
sheet2_to_sheet1,V0,[1],2,10000.0,1.0,0.05851327131780147,0.02727850710734087,3.124978487003131e-16,173.47021874068815
sheet2_to_sheet1,V0,[1],2,10000.0,100.0,0.05851324504683163,0.027278489866713575,1.5977065485329274e-16,173.46287333089117
sheet2_to_sheet1,V0,[1],2,10000.0,10000.0,0.05851203113033465,0.027277789078102233,2.88259379881388e-16,173.50756608856082
sheet2_to_sheet1,V0,[1],2,1000000.0,0.0,0.05767331354560983,0.026588574587761822,2.7257767938657935e-16,2.724705752265921
sheet2_to_sheet1,V0,[1],2,1000000.0,0.0001,0.05767331354560585,0.026588574587758464,2.1826095183686824e-16,2.7247057508811574
sheet2_to_sheet1,V0,[1],2,1000000.0,0.01,0.057673313545211824,0.026588574587426098,1.9125960307841557e-16,2.7247057471874423
sheet2_to_sheet1,V0,[1],2,1000000.0,1.0,0.05767331350580856,0.02658857455418927,2.6047004665938613e-16,2.7247057720247922
sheet2_to_sheet1,V0,[1],2,1000000.0,100.0,0.05767330956783819,0.02658857123250329,1.6469478892335958e-16,2.724712096189877
sheet2_to_sheet1,V0,[1],2,1000000.0,10000.0,0.05767293690316802,0.026588256976754883,1.8109124572282817e-16,2.725495093955124
sheet2_to_sheet1,V0,"[0, 1]",3,1e-06,0.0,0.054633438576930836,0.009152135115330964,3.690930751471993e-12,19214859373.77787
sheet2_to_sheet1,V0,"[0, 1]",3,1e-06,0.0001,0.05415118111322623,0.009171002148434509,3.31358394802305e-12,2925507334.368815
sheet2_to_sheet1,V0,"[0, 1]",3,1e-06,0.01,0.04897343415306138,0.007403411074601428,1.206945018065398e-12,846222092.8258855
sheet2_to_sheet1,V0,"[0, 1]",3,1e-06,1.0,0.044279948226040804,0.007165040097860077,9.146975054853144e-13,95713683.57452404
sheet2_to_sheet1,V0,"[0, 1]",3,1e-06,100.0,0.034185410670151614,0.009386979653297853,2.1262965971756054e-13,4608689.8557433635
sheet2_to_sheet1,V0,"[0, 1]",3,1e-06,10000.0,0.033204198964137815,0.00856660333300647,3.755965498903874e-13,1756355.7729342
sheet2_to_sheet1,V0,"[0, 1]",3,0.0001,0.0,0.05446725663723001,0.00916641855600052,6.401165917661636e-12,9132490528.958916
sheet2_to_sheet1,V0,"[0, 1]",3,0.0001,0.0001,0.05403691294552919,0.00917147073405176,3.810666983869823e-12,2504525970.373939
sheet2_to_sheet1,V0,"[0, 1]",3,0.0001,0.01,0.04895207580671604,0.007404804737295328,1.574540192525509e-12,806985935.7032695
sheet2_to_sheet1,V0,"[0, 1]",3,0.0001,1.0,0.04425900326023939,0.007162128283475058,6.650779098940191e-13,95190200.80634466
sheet2_to_sheet1,V0,"[0, 1]",3,0.0001,100.0,0.03418370965121019,0.009386701157449384,6.859919404648081e-13,4607470.8116206825
sheet2_to_sheet1,V0,"[0, 1]",3,0.0001,10000.0,0.03320354265942281,0.008566614827839334,3.1005840741815824e-13,1756178.7775335778
sheet2_to_sheet1,V0,"[0, 1]",3,0.01,0.0,0.05069320757845,0.008416251801243222,3.2671241578875204e-12,170927554.36799768
sheet2_to_sheet1,V0,"[0, 1]",3,0.01,0.0001,0.05059899692844175,0.008374502437519174,1.9412881895014013e-12,162807387.02912357
sheet2_to_sheet1,V0,"[0, 1]",3,0.01,0.01,0.04788777578299808,0.007038594025411411,1.6006050243967492e-12,143168249.8626147
sheet2_to_sheet1,V0,"[0, 1]",3,0.01,1.0,0.0426660192605164,0.006947841762828547,8.705924637190491e-13,61547640.59870415
sheet2_to_sheet1,V0,"[0, 1]",3,0.01,100.0,0.034019221116168355,0.009360630865268194,4.784089746075825e-13,4488739.213692024
sheet2_to_sheet1,V0,"[0, 1]",3,0.01,10000.0,0.033139161355313126,0.008568279974957353,4.0682868017294126e-13,1738657.5890365741
sheet2_to_sheet1,V0,"[0, 1]",3,1.0,0.0,0.037210140871693616,0.006750802069564174,6.1361066154285e-13,1724568.3118462325
sheet2_to_sheet1,V0,"[0, 1]",3,1.0,0.0001,0.037208951497470076,0.00675070922029352,8.010998624274599e-13,1723700.908978404
sheet2_to_sheet1,V0,"[0, 1]",3,1.0,0.01,0.03709778378145466,0.006743228946159919,6.980746458776412e-13,1721186.3269506437
sheet2_to_sheet1,V0,"[0, 1]",3,1.0,1.0,0.0342808801780886,0.007344560928069143,3.549412966840238e-13,1693941.8147159794
sheet2_to_sheet1,V0,"[0, 1]",3,1.0,100.0,0.03126740765658318,0.00997725619042428,5.359602378252251e-13,1254912.1477051906
sheet2_to_sheet1,V0,"[0, 1]",3,1.0,10000.0,0.03223735040569724,0.010444496178742824,2.7019744525485523e-13,870335.0657253484
sheet2_to_sheet1,V0,"[0, 1]",3,100.0,0.0,0.05518249893859137,0.02636815853139345,1.612046778708128e-14,17248.216114881467
sheet2_to_sheet1,V0,"[0, 1]",3,100.0,0.0001,0.05518250144165581,0.02636816066281616,1.7567860376924255e-14,17248.129310945526
sheet2_to_sheet1,V0,"[0, 1]",3,100.0,0.01,0.05518274918334999,0.026368371620115093,1.812336127736707e-14,17247.87718602108
sheet2_to_sheet1,V0,"[0, 1]",3,100.0,1.0,0.05520696150602397,0.02638897779415517,3.154255761097598e-14,17244.970276950527
sheet2_to_sheet1,V0,"[0, 1]",3,100.0,100.0,0.056381280227342706,0.02736256236035802,1.0661592055931418e-14,17181.4154116388
sheet2_to_sheet1,V0,"[0, 1]",3,100.0,10000.0,0.060684219854234084,0.030626643645422617,1.5496911139606552e-14,17085.752504551103
sheet2_to_sheet1,V0,"[0, 1]",3,10000.0,0.0,0.05869135017095696,0.027477363582705524,2.0827593825592123e-16,173.47231546240008
sheet2_to_sheet1,V0,"[0, 1]",3,10000.0,0.0001,0.058691350171205,0.027477363582916314,3.9132807707374906e-16,173.47230673288382
sheet2_to_sheet1,V0,"[0, 1]",3,10000.0,0.01,0.05869135019576055,0.027477363603784763,2.802408235403912e-16,173.47228145019622
sheet2_to_sheet1,V0,"[0, 1]",3,10000.0,1.0,0.05869135265137715,0.02747736569068954,3.6090213456947957e-16,173.47199654836635
sheet2_to_sheet1,V0,"[0, 1]",3,10000.0,100.0,0.05869159855742549,0.027477574727545088,3.294507141056157e-16,173.46568708308735
sheet2_to_sheet1,V0,"[0, 1]",3,10000.0,10000.0,0.05870414497219745,0.027488254165831547,7.521425940845414e-16,173.5271585698309
sheet2_to_sheet1,V0,"[0, 1]",3,1000000.0,0.0,0.057674740682588085,0.026590236969009532,3.9646922178454685e-16,2.724723170055374
sheet2_to_sheet1,V0,"[0, 1]",3,1000000.0,0.0001,0.057674740682584144,0.026590236969006198,3.9265964996277984e-16,2.724723168691784
sheet2_to_sheet1,V0,"[0, 1]",3,1000000.0,0.01,0.057674740682192506,0.02659023696867583,2.913753132575137e-16,2.724723165468171
sheet2_to_sheet1,V0,"[0, 1]",3,1000000.0,1.0,0.05767474064302945,0.0265902369356387,3.180044267717076e-16,2.724723195472383
sheet2_to_sheet1,V0,"[0, 1]",3,1000000.0,100.0,0.05767473672908023,0.026590233633923238,2.9027424825950247e-16,2.724729682401189
sheet2_to_sheet1,V0,"[0, 1]",3,1000000.0,10000.0,0.057674366469226565,0.02658992137836726,3.3649659494909813e-16,2.7255153188339936
sheet1_to_sheet2,V0,[2],4,1e-06,0.0,0.5339930062007059,0.1424542461287845,1.3239738866258647e-12,7311762350.810327
sheet1_to_sheet2,V0,[2],4,1e-06,0.0001,0.49448472515016767,0.13591495100947854,4.0438334130014634e-13,1890776054.0216331
sheet1_to_sheet2,V0,[2],4,1e-06,0.01,0.6194769205883959,0.1596493730860861,4.4604910157461477e-13,166592234.7420813
sheet1_to_sheet2,V0,[2],4,1e-06,1.0,0.6387654298863007,0.1679460167140749,3.3888928319617334e-13,20397452.174803503
sheet1_to_sheet2,V0,[2],4,1e-06,100.0,0.6390095420204339,0.16805313253549028,3.0805478264552495e-13,19237670.910627976
sheet1_to_sheet2,V0,[2],4,1e-06,10000.0,0.6390119913724627,0.16805420844938798,1.5384758129997517e-11,402998696.99857676
sheet1_to_sheet2,V0,[2],4,0.0001,0.0,0.5183306433120078,0.11601478709289287,3.570181825900944e-13,74956060.43140857
sheet1_to_sheet2,V0,[2],4,0.0001,0.0001,0.5248651242909038,0.11479728278375506,4.769955716762952e-13,72801000.34047304
sheet1_to_sheet2,V0,[2],4,0.0001,0.01,0.5254283798854357,0.11631194032716566,4.640089730723827e-13,51922164.25240062
sheet1_to_sheet2,V0,[2],4,0.0001,1.0,0.507674177955816,0.11319686460431778,1.859642279144274e-13,16031177.276909927
sheet1_to_sheet2,V0,[2],4,0.0001,100.0,0.5074545931580251,0.11313560457780135,2.2288596440977416e-13,15309467.378165258
sheet1_to_sheet2,V0,[2],4,0.0001,10000.0,0.5074524815512631,0.11313500013715365,1.664970038626853e-11,320748262.630619
sheet1_to_sheet2,V0,[2],4,0.01,0.0,0.36272883941158357,0.14992924289567883,7.990171691001755e-14,749750.1077914418
sheet1_to_sheet2,V0,[2],4,0.01,0.0001,0.3627162519839525,0.14995593120850165,3.4563695036327e-14,749528.1769204795
sheet1_to_sheet2,V0,[2],4,0.01,0.01,0.3625408990592801,0.15149630785877602,5.563256275996204e-14,746437.9757769144
sheet1_to_sheet2,V0,[2],4,0.01,1.0,0.37428758155466224,0.1706661619761622,5.784034665635763e-14,719791.9136505582
sheet1_to_sheet2,V0,[2],4,0.01,100.0,0.387330623068771,0.1875694869862355,1.7138244877263164e-14,718536.9624938141
sheet1_to_sheet2,V0,[2],4,0.01,10000.0,0.3875958729219977,0.1878980324443079,1.3204902249212592e-12,14981513.88637368
sheet1_to_sheet2,V0,[2],4,1.0,0.0,0.419331693667655,0.22355881412731335,1.1034081194620587e-15,7498.509934064051
sheet1_to_sheet2,V0,[2],4,1.0,0.0001,0.4193317011890812,0.22355882370557184,6.693623342139228e-16,7498.487739024968
sheet1_to_sheet2,V0,[2],4,1.0,0.01,0.4193324222264226,0.22355974247796723,6.907010550690785e-16,7498.17797995035
sheet1_to_sheet2,V0,[2],4,1.0,1.0,0.41936614610238276,0.22360309047615096,5.346036054124227e-16,7495.466262027782
sheet1_to_sheet2,V0,[2],4,1.0,100.0,0.4196689307566572,0.223953972141499,3.1684878398444234e-16,7503.5708185796175
sheet1_to_sheet2,V0,[2],4,1.0,10000.0,0.41988551437894855,0.22419878555096626,1.096089809348318e-14,155525.10936409704
sheet1_to_sheet2,V0,[2],4,100.0,0.0,0.42021268975323933,0.22474851202115284,1.2798505361235591e-16,75.97510122626005
sheet1_to_sheet2,V0,[2],4,100.0,0.0001,0.42021268974801423,0.22474851202878132,1.1260236585051018e-16,75.97509905340186
sheet1_to_sheet2,V0,[2],4,100.0,0.01,0.4202126892310083,0.22474851278349225,1.291752278191799e-16,75.97507518679386
sheet1_to_sheet2,V0,[2],4,100.0,1.0,0.42021263999178027,0.22474858364807057,1.6594075290154088e-16,75.9755528885849
sheet1_to_sheet2,V0,[2],4,100.0,100.0,0.4202103285111659,0.2247509461293028,1.46696627826243e-16,76.05884432211292
sheet1_to_sheet2,V0,[2],4,100.0,10000.0,0.42020443442919697,0.22476794800558242,1.6808028546605887e-15,1556.8339727467103
sheet1_to_sheet2,V0,[2],4,10000.0,0.0,0.42024050066144275,0.2302341159970154,1.8089592411590902e-16,1.7497510124511628
sheet1_to_sheet2,V0,[2],4,10000.0,0.0001,0.4202405006621562,0.2302341159986793,1.8303346876474685e-16,1.7497510127004068
sheet1_to_sheet2,V0,[2],4,10000.0,0.01,0.42024050073278874,0.23023411616340478,2.242665767613402e-16,1.749751081421303
sheet1_to_sheet2,V0,[2],4,10000.0,1.0,0.42024050779172895,0.23023413262587442,1.9827423156902617e-16,1.7497586191986358
sheet1_to_sheet2,V0,[2],4,10000.0,100.0,0.4202411750509173,0.2302356884633862,1.9789880006482362e-16,1.7505917583129054
sheet1_to_sheet2,V0,[2],4,10000.0,10000.0,0.4202674825940925,0.23029639970721547,8.723516982953867e-16,16.55839913245574
sheet1_to_sheet2,V0,[2],4,1000000.0,0.0,0.42305217262217554,0.2337366203239382,3.0756102243845024e-16,1.0074975101245234
sheet1_to_sheet2,V0,[2],4,1000000.0,0.0001,0.42305217262217615,0.23373662032393866,2.4994628205969524e-16,1.0074975101292207
sheet1_to_sheet2,V0,[2],4,1000000.0,0.01,0.42305217262222916,0.2337366203239815,2.9597142080191867e-16,1.0074975108471687
sheet1_to_sheet2,V0,[2],4,1000000.0,1.0,0.4230521726275339,0.2337366203282765,3.913128227628669e-16,1.0074975865010187
sheet1_to_sheet2,V0,[2],4,1000000.0,100.0,0.4230521731576885,0.2337366207575061,2.550386349414599e-16,1.00750591791464
sheet1_to_sheet2,V0,[2],4,1000000.0,10000.0,0.4230522232538134,0.23373666131480914,2.7249133444876133e-16,1.1555839982009377
sheet1_to_sheet2,V0,"[0, 3]",9,1e-06,0.0,0.4339254014015783,0.20419097584202683,2.295345363640289e-12,14977027553.747551
sheet1_to_sheet2,V0,"[0, 3]",9,1e-06,0.0001,0.4303393110419997,0.2005054235399383,3.4501019681394177e-12,4346852225.999942
sheet1_to_sheet2,V0,"[0, 3]",9,1e-06,0.01,0.4235166956127925,0.19445070958440458,6.808416862306856e-13,1998513617.46204
sheet1_to_sheet2,V0,"[0, 3]",9,1e-06,1.0,0.4169674821566143,0.1930064571796404,8.418811571422448e-13,1825731767.6563199
sheet1_to_sheet2,V0,"[0, 3]",9,1e-06,100.0,0.41746959068097594,0.19226771819654476,8.158209532727586e-13,1667979843.3199394
sheet1_to_sheet2,V0,"[0, 3]",9,1e-06,10000.0,0.42025052085885983,0.176955930199589,1.616183559791885e-11,8865026051.34835
sheet1_to_sheet2,V0,"[0, 3]",9,0.0001,0.0,0.4160853726654794,0.18921409536693265,8.401262985530307e-13,265744947.29531628
sheet1_to_sheet2,V0,"[0, 3]",9,0.0001,0.0001,0.4152961333155598,0.18817909705779978,6.814472471437781e-13,254202002.50000998
sheet1_to_sheet2,V0,"[0, 3]",9,0.0001,0.01,0.4130411451184528,0.1853271614940747,2.732159374614577e-13,238017504.32272145
sheet1_to_sheet2,V0,"[0, 3]",9,0.0001,1.0,0.4082476043140276,0.1845277130252786,9.665871023973318e-14,235365287.78878185
sheet1_to_sheet2,V0,"[0, 3]",9,0.0001,100.0,0.408065152975931,0.18089746853517838,9.53529862299618e-14,232588338.23167905
sheet1_to_sheet2,V0,"[0, 3]",9,0.0001,10000.0,0.4087850267879021,0.15595073064469223,3.781492003576044e-12,1334912378.4414766
sheet1_to_sheet2,V0,"[0, 3]",9,0.01,0.0,0.41101193079291826,0.18291508429803463,1.1247849521941754e-14,2678748.9774177307
sheet1_to_sheet2,V0,"[0, 3]",9,0.01,0.0001,0.4110140897464887,0.1829121101101719,5.5208413717428325e-15,2677520.079265416
sheet1_to_sheet2,V0,"[0, 3]",9,0.01,0.01,0.4109998963290282,0.18279452680792313,9.163864059960321e-15,2675397.202907769
sheet1_to_sheet2,V0,"[0, 3]",9,0.01,1.0,0.4075082697162036,0.18359252316327437,2.1999371390723273e-15,2674964.225894187
sheet1_to_sheet2,V0,"[0, 3]",9,0.01,100.0,0.40680286389715603,0.17912150722220926,2.3227156945504877e-15,2675294.2709527574
sheet1_to_sheet2,V0,"[0, 3]",9,0.01,10000.0,0.40749835784744615,0.15219960972287988,3.6806278737448907e-13,15532746.965928413
sheet1_to_sheet2,V0,"[0, 3]",9,1.0,0.0,0.40111841952215216,0.18791100755255102,5.061417931725163e-16,26790.62686770549
sheet1_to_sheet2,V0,"[0, 3]",9,1.0,0.0001,0.40111791474079406,0.18791082376478582,4.792452476427642e-16,26790.503905391197
sheet1_to_sheet2,V0,"[0, 3]",9,1.0,0.01,0.4010693085371576,0.18789325651685074,5.507381037635189e-16,26790.291967628116
sheet1_to_sheet2,V0,"[0, 3]",9,1.0,1.0,0.3991799051555575,0.1877721394137711,6.349055584684704e-16,26790.32373316978
sheet1_to_sheet2,V0,"[0, 3]",9,1.0,100.0,0.39119978199660405,0.1869480470311395,1.4709026670779521e-15,26798.053234551833
sheet1_to_sheet2,V0,"[0, 3]",9,1.0,10000.0,0.3860122435972694,0.1581694043424509,3.664189531434016e-13,155582.9574238198
sheet1_to_sheet2,V0,"[0, 3]",9,100.0,0.0,0.37623188148733683,0.21521850268497678,3.543557664084761e-16,268.89648340378983
sheet1_to_sheet2,V0,"[0, 3]",9,100.0,0.0001,0.3762318884957568,0.2152185033665289,2.958521392770386e-16,268.89647113797184
sheet1_to_sheet2,V0,"[0, 3]",9,100.0,0.01,0.3762325821403919,0.2152185708016365,2.436335539759419e-16,268.8964573823515
sheet1_to_sheet2,V0,"[0, 3]",9,100.0,1.0,0.37630026639275826,0.21522499656356134,3.245506490027662e-16,268.89721242757605
sheet1_to_sheet2,V0,"[0, 3]",9,100.0,100.0,0.3799603281752425,0.21582952734422872,4.2069309550787237e-16,268.9749517471603
sheet1_to_sheet2,V0,"[0, 3]",9,100.0,10000.0,0.3966008616137092,0.2244012613405082,1.9197217779244324e-14,1556.8450982305167
sheet1_to_sheet2,V0,"[0, 3]",9,10000.0,0.0,0.41922515306650715,0.22760980189684502,2.7767040484967236e-16,3.678964855510591
sheet1_to_sheet2,V0,"[0, 3]",9,10000.0,0.0001,0.41922515306872254,0.22760980189834742,2.506163818950594e-16,3.6789648545888993
sheet1_to_sheet2,V0,"[0, 3]",9,10000.0,0.01,0.4192251532880446,0.22760980204708145,2.0714700940721774e-16,3.6789649275988374
sheet1_to_sheet2,V0,"[0, 3]",9,10000.0,1.0,0.4192251752146283,0.22760981691204205,2.882055784523326e-16,3.678972521791307
sheet1_to_sheet2,V0,"[0, 3]",9,10000.0,100.0,0.4192273162767496,0.22761122674486772,2.473777982137866e-16,3.679749959419128
sheet1_to_sheet2,V0,"[0, 3]",9,10000.0,10000.0,0.4193239652622018,0.22766122686213866,5.619541715896304e-16,16.55845377352595
sheet1_to_sheet2,V0,"[0, 3]",9,1000000.0,0.0,0.4228710094878425,0.2335929979070051,3.8081468019413203e-16,1.0267896485572532
sheet1_to_sheet2,V0,"[0, 3]",9,1000000.0,0.0001,0.4228710094878446,0.23359299790700666,4.814088849779793e-16,1.0267896485602095
sheet1_to_sheet2,V0,"[0, 3]",9,1000000.0,0.01,0.42287100948804707,0.23359299790715765,3.087080481689135e-16,1.0267896493113662
sheet1_to_sheet2,V0,"[0, 3]",9,1000000.0,1.0,0.4228710095082912,0.2335929979222529,3.424573188664222e-16,1.0267897252576645
sheet1_to_sheet2,V0,"[0, 3]",9,1000000.0,100.0,0.4228710115315539,0.2335929994308675,3.574055337402652e-16,1.026797499638386
sheet1_to_sheet2,V0,"[0, 3]",9,1000000.0,10000.0,0.4228712034741113,0.2335931420664585,3.542183040598542e-16,1.1555845380239822
sheet1_to_sheet2,V0,"[0, 2]",5,1e-06,0.0,4.1364641968672,2.9302281687385374,1.4418747366794202e-12,7400602639.278232
sheet1_to_sheet2,V0,"[0, 2]",5,1e-06,0.0001,1.919840230685952,0.9989035544964906,4.697590245469415e-13,2104393594.3673089
sheet1_to_sheet2,V0,"[0, 2]",5,1e-06,0.01,0.5722192205197357,0.11668401267268098,1.8806374904191846e-13,197574775.2362177
sheet1_to_sheet2,V0,"[0, 2]",5,1e-06,1.0,0.44455674899088177,0.08119668996571638,9.958777105256544e-14,43406011.67183162
sheet1_to_sheet2,V0,"[0, 2]",5,1e-06,100.0,0.4263278648920222,0.06663049093656905,1.408113606696267e-13,38565480.611823164
sheet1_to_sheet2,V0,"[0, 2]",5,1e-06,10000.0,0.4501971599405188,0.09104885616615674,6.679318891743684e-12,708692020.5983241
sheet1_to_sheet2,V0,"[0, 2]",5,0.0001,0.0,0.7634509303976766,0.2604371907288537,2.9034567548677317e-13,75863730.58917473
sheet1_to_sheet2,V0,"[0, 2]",5,0.0001,0.0001,0.6844221009679572,0.20919948451520776,2.074396270705801e-13,73955736.17710112
sheet1_to_sheet2,V0,"[0, 2]",5,0.0001,0.01,0.44275447988262295,0.0839353097987591,8.553844458825831e-14,55224884.88124741
sheet1_to_sheet2,V0,"[0, 2]",5,0.0001,1.0,0.38928851019499733,0.06805370753724102,8.37350894851069e-14,27712686.64041706
sheet1_to_sheet2,V0,"[0, 2]",5,0.0001,100.0,0.3769330240451918,0.05361391328474916,1.242377668936996e-13,25666107.550434876
sheet1_to_sheet2,V0,"[0, 2]",5,0.0001,10000.0,0.3918822489886365,0.05952306107244093,5.2681375682157256e-12,488433316.5858261
sheet1_to_sheet2,V0,"[0, 2]",5,0.01,0.0,0.39117790535333713,0.15692785683079563,9.08515171773262e-15,758828.7772454569
sheet1_to_sheet2,V0,"[0, 2]",5,0.01,0.0001,0.39119038984491605,0.15695546088065335,3.1786252449388476e-14,758633.0080697681
sheet1_to_sheet2,V0,"[0, 2]",5,0.01,0.01,0.39160451063387725,0.1580256829061444,1.361144242479265e-14,756002.7824231591
sheet1_to_sheet2,V0,"[0, 2]",5,0.01,1.0,0.39138019566743143,0.16492416341699961,9.951268670489491e-15,745873.3892993594
sheet1_to_sheet2,V0,"[0, 2]",5,0.01,100.0,0.39287505249829685,0.16400468341422245,5.503615566665944e-15,745069.5983170893
sheet1_to_sheet2,V0,"[0, 2]",5,0.01,10000.0,0.3923066852784054,0.13692344245168106,4.994805051732587e-13,15225665.063441774
sheet1_to_sheet2,V0,"[0, 2]",5,1.0,0.0,0.39791524505905373,0.18561273918538707,7.121891946577244e-16,7589.296825420207
sheet1_to_sheet2,V0,"[0, 2]",5,1.0,0.0001,0.39791473388054843,0.18561254084680506,6.373910173727684e-16,7589.277248455805
sheet1_to_sheet2,V0,"[0, 2]",5,1.0,0.01,0.39786550292016876,0.18559354502765893,5.624126871336481e-16,7589.013902450711
sheet1_to_sheet2,V0,"[0, 2]",5,1.0,1.0,0.39594763441155106,0.18538221726956594,4.2498030729296626e-16,7588.054945410568
sheet1_to_sheet2,V0,"[0, 2]",5,1.0,100.0,0.3880846383459623,0.18441409766620284,3.359884595614269e-15,7596.217505167531
sheet1_to_sheet2,V0,"[0, 2]",5,1.0,10000.0,0.3824715832875053,0.15624745777065893,4.268746277234884e-13,155551.01587551946
sheet1_to_sheet2,V0,"[0, 2]",5,100.0,0.0,0.3755200531454807,0.21440743160447906,3.0121195977017756e-16,76.88297015950349
sheet1_to_sheet2,V0,"[0, 2]",5,100.0,0.0001,0.375520060134551,0.21440743240210217,2.6546068663667014e-16,76.88296825233124
sheet1_to_sheet2,V0,"[0, 2]",5,100.0,0.01,0.37552075186391487,0.21440751132456662,2.316173120870977e-16,76.88294910383237
sheet1_to_sheet2,V0,"[0, 2]",5,100.0,1.0,0.37558824733906837,0.21441505233932315,2.7523717497470446e-16,76.88360560567813
sheet1_to_sheet2,V0,"[0, 2]",5,100.0,100.0,0.3792335906114391,0.21506764335181217,5.165803332401373e-16,76.96691143079039
sheet1_to_sheet2,V0,"[0, 2]",5,100.0,10000.0,0.3959752601187759,0.22376859119564194,3.514665881559099e-14,1556.836692769734
sheet1_to_sheet2,V0,"[0, 2]",5,10000.0,0.0,0.41948504093341477,0.23036073046058106,3.1682438896175333e-16,1.7588297017855654
sheet1_to_sheet2,V0,"[0, 2]",5,10000.0,0.0001,0.4194850409365056,0.23036073046232744,2.420726011286692e-16,1.7588297021001416
sheet1_to_sheet2,V0,"[0, 2]",5,10000.0,0.01,0.4194850412424994,0.23036073063521895,3.3118051423174207e-16,1.7588297720567665
sheet1_to_sheet2,V0,"[0, 2]",5,10000.0,1.0,0.4194850718310073,0.2303607479145442,4.0577215539091237e-16,1.7588373618988622
sheet1_to_sheet2,V0,"[0, 2]",5,10000.0,100.0,0.4194880319709969,0.23036238689929284,2.669894001485468e-16,1.7596705882345933
sheet1_to_sheet2,V0,"[0, 2]",5,10000.0,10000.0,0.4196152542684519,0.2304211756082036,1.1386217135664856e-15,16.55840058845169
sheet1_to_sheet2,V0,"[0, 2]",5,1000000.0,0.0,0.4230436760200473,0.2337383730781771,3.3422834378269494e-16,1.0075882970178747
sheet1_to_sheet2,V0,"[0, 2]",5,1000000.0,0.0001,0.42304367602004805,0.23373837307817752,3.2894857320893595e-16,1.007588297022959
sheet1_to_sheet2,V0,"[0, 2]",5,1000000.0,0.01,0.4230436760201271,0.23373837307822104,4.163482694710712e-16,1.0075882977486692
sheet1_to_sheet2,V0,"[0, 2]",5,1000000.0,1.0,0.42304367602803217,0.2337383730825729,3.876996910040013e-16,1.007588373749573
sheet1_to_sheet2,V0,"[0, 2]",5,1000000.0,100.0,0.42304367681813393,0.23373837351750043,2.1448138155932324e-16,1.0075967060297393
sheet1_to_sheet2,V0,"[0, 2]",5,1000000.0,10000.0,0.4230437522219168,0.2337384146847191,3.903006430637745e-16,1.1555840092506002
sheet1_to_sheet2,V0,[1],2,1e-06,0.0,0.42462526769804654,0.15701789027379262,6.297374572886928e-13,17883858543.00458
sheet1_to_sheet2,V0,[1],2,1e-06,0.0001,0.4235925099652112,0.1570731311186066,2.644458555780288e-13,2617009398.2415347
sheet1_to_sheet2,V0,[1],2,1e-06,0.01,0.4219396181890222,0.15680170951214628,2.0671087486025925e-13,782506449.0914305
sheet1_to_sheet2,V0,[1],2,1e-06,1.0,0.42376243019991455,0.156865521487215,1.6209837613424449e-13,85761399.51822022
sheet1_to_sheet2,V0,[1],2,1e-06,100.0,0.4251120996470492,0.16300646560855014,8.094156355067617e-14,3892525.730860956
sheet1_to_sheet2,V0,[1],2,1e-06,10000.0,0.425809358498879,0.16400700871046006,5.946338161335384e-14,964159.0914273825
sheet1_to_sheet2,V0,[1],2,0.0001,0.0,0.4243302391037841,0.1570424490461422,3.694835852752723e-13,8752903444.013927
sheet1_to_sheet2,V0,[1],2,0.0001,0.0001,0.42343701099376585,0.15708466968215065,3.112208727124632e-13,2269904406.962905
sheet1_to_sheet2,V0,[1],2,0.0001,0.01,0.42186629802458986,0.15681423132937125,2.5460552921975623e-13,748151223.7655756
sheet1_to_sheet2,V0,[1],2,0.0001,1.0,0.42373761852594,0.1568778876529493,2.2806008167160063e-13,85334506.22279847
sheet1_to_sheet2,V0,[1],2,0.0001,100.0,0.42511030613174094,0.16301103443218934,1.1255087316356979e-13,3891646.4842047985
sheet1_to_sheet2,V0,[1],2,0.0001,10000.0,0.4258077545362723,0.16401031068445082,5.5236294587987066e-14,964105.1629895321
sheet1_to_sheet2,V0,[1],2,0.01,0.0,0.42006146928244714,0.15738298717331428,2.8093864981110014e-13,168911553.0474738
sheet1_to_sheet2,V0,[1],2,0.01,0.0001,0.42004852753662847,0.1573841814169593,1.8663051288546677e-13,159854847.3527675
sheet1_to_sheet2,V0,[1],2,0.01,0.01,0.4198034279777112,0.15733819958126474,1.3983791709645732e-13,138793065.4128374
sheet1_to_sheet2,V0,[1],2,0.01,1.0,0.42210689919616484,0.1578311867666749,1.6880340917832799e-13,56974426.316915795
sheet1_to_sheet2,V0,[1],2,0.01,100.0,0.4249353852122918,0.163459433303482,6.562183241603105e-14,3805683.4210909777
sheet1_to_sheet2,V0,[1],2,0.01,10000.0,0.4256488143708806,0.1643387585812097,4.312913099504112e-14,958742.6132399464
sheet1_to_sheet2,V0,[1],2,1.0,0.0,0.41689142069474044,0.1745054549746068,2.0468258990377613e-13,1705473.8211883858
sheet1_to_sheet2,V0,[1],2,1.0,0.0001,0.4168916256135782,0.17450568662702368,9.658804578818914e-14,1704498.7718728357
sheet1_to_sheet2,V0,[1],2,1.0,0.01,0.41691113140681485,0.1745277293192973,2.112548003652425e-13,1701260.1329733129
sheet1_to_sheet2,V0,[1],2,1.0,1.0,0.41754735863016057,0.1754457281994528,7.203860459438506e-14,1671201.1562807432
sheet1_to_sheet2,V0,[1],2,1.0,100.0,0.4193942507594028,0.18134817492124602,4.257120856867848e-14,1185973.4520758768
sheet1_to_sheet2,V0,[1],2,1.0,10000.0,0.4179941395196516,0.1856104088800792,4.144972415744119e-14,616071.352215642
sheet1_to_sheet2,V0,[1],2,100.0,0.0,0.41970733470245036,0.22145253020473102,7.092790210881437e-15,17057.379942262454
sheet1_to_sheet2,V0,[1],2,100.0,0.0001,0.41970733489677114,0.22145253074759055,3.1710262719933186e-15,17057.282357624405
sheet1_to_sheet2,V0,[1],2,100.0,0.01,0.41970735412713,0.22145258447250968,3.858729125611214e-15,17056.957441503946
sheet1_to_sheet2,V0,[1],2,100.0,1.0,0.4197092105851276,0.22145779192494908,5.399607919651316e-15,17053.882985412125
sheet1_to_sheet2,V0,[1],2,100.0,100.0,0.4197947924214644,0.2216788227061411,5.5183614570567234e-15,16983.05622960208
sheet1_to_sheet2,V0,[1],2,100.0,10000.0,0.42023794991920305,0.2227213682761847,1.869165041016175e-15,16768.572287954812
sheet1_to_sheet2,V0,[1],2,10000.0,0.0,0.4209311268936178,0.22440563921906054,1.345387628130188e-16,171.56396461182143
sheet1_to_sheet2,V0,[1],2,10000.0,0.0001,0.42093112689362094,0.22440563921921716,1.6451792988727923e-16,171.5639547974028
sheet1_to_sheet2,V0,[1],2,10000.0,0.01,0.42093112689392853,0.2244056392347143,1.842367985185124e-16,171.56392219128247
sheet1_to_sheet2,V0,[1],2,10000.0,1.0,0.42093112692472595,0.22440564078377043,1.5495676122448422e-16,171.5636204023025
sheet1_to_sheet2,V0,[1],2,10000.0,100.0,0.4209311303761103,0.22440578975813993,1.914021132990526e-16,171.55721569178704
sheet1_to_sheet2,V0,[1],2,10000.0,10000.0,0.42093132424299157,0.22441253930266505,1.4085190939701502e-16,171.61316574180222
sheet1_to_sheet2,V0,[1],2,1000000.0,0.0,0.4199805036915804,0.22818093777043044,1.9487396746811047e-16,2.7056396626371475
sheet1_to_sheet2,V0,[1],2,1000000.0,0.0001,0.4199805036915809,0.22818093777044823,1.7873762062775737e-16,2.7056396610969142
sheet1_to_sheet2,V0,[1],2,1000000.0,0.01,0.41998050369161943,0.22818093777220394,1.833018104687502e-16,2.705639656701647
sheet1_to_sheet2,V0,[1],2,1000000.0,1.0,0.4199805036954793,0.22818093794777589,2.0628940137838623e-16,2.7056396837947254
sheet1_to_sheet2,V0,[1],2,1000000.0,100.0,0.4199805040812684,0.22818095549435713,1.8521784606110094e-16,2.7056461450149345
sheet1_to_sheet2,V0,[1],2,1000000.0,10000.0,0.4199805409490919,0.22818261500584122,2.7590765870227935e-16,2.7064306000615996
sheet1_to_sheet2,V0,"[1, 2]",6,1e-06,0.0,1.0320524236757351,0.2696881843733325,1.4133784753859938e-12,1659313396410.8833
sheet1_to_sheet2,V0,"[1, 2]",6,1e-06,0.0001,0.8356528705353787,0.17008617522231617,7.076989257732046e-13,454385931187.9399
sheet1_to_sheet2,V0,"[1, 2]",6,1e-06,0.01,1.0019875267399725,0.34418131181710593,3.6678173005434457e-13,40608650840.70188
sheet1_to_sheet2,V0,"[1, 2]",6,1e-06,1.0,1.0481520952765768,0.3807586697957798,5.012477545063883e-13,7566748853.45595
sheet1_to_sheet2,V0,"[1, 2]",6,1e-06,100.0,1.066013263320167,0.39345794779841126,3.5200291416156445e-13,7194370345.673615
sheet1_to_sheet2,V0,"[1, 2]",6,1e-06,10000.0,1.0693056979664033,0.3947025170371483,2.044581217145264e-12,7179598110.386235
sheet1_to_sheet2,V0,"[1, 2]",6,0.0001,0.0,0.7457116175557366,0.1802140759180267,6.851769516552068e-13,17122744544.302265
sheet1_to_sheet2,V0,"[1, 2]",6,0.0001,0.0001,0.7633748026441549,0.19830074603768175,1.2191296347925416e-12,16524619565.464508
sheet1_to_sheet2,V0,"[1, 2]",6,0.0001,0.01,0.7666846096711242,0.2543102381210241,3.1543284543966244e-13,12055064136.13344
sheet1_to_sheet2,V0,"[1, 2]",6,0.0001,1.0,0.7532658835743006,0.30440253320064736,3.393544837780059e-13,5249769668.286738
sheet1_to_sheet2,V0,"[1, 2]",6,0.0001,100.0,0.7830199919772185,0.3145083223741546,4.58351896258086e-13,5067789219.618469
sheet1_to_sheet2,V0,"[1, 2]",6,0.0001,10000.0,0.7882490074087404,0.3153998542643115,1.7861913917143672e-12,5061148323.255163
sheet1_to_sheet2,V0,"[1, 2]",6,0.01,0.0,0.5889017932559656,0.13056819080080292,1.6856333951052336e-13,171286445.57280225
sheet1_to_sheet2,V0,"[1, 2]",6,0.01,0.0001,0.5889075692496091,0.13057019554266872,2.0609893206298388e-13,171195760.77727428
sheet1_to_sheet2,V0,"[1, 2]",6,0.01,0.01,0.5893072952301978,0.13113761476734312,1.4199786838758739e-13,170444589.56214023
sheet1_to_sheet2,V0,"[1, 2]",6,0.01,1.0,0.613099133088038,0.13689898945013065,1.057977413678746e-13,166143726.99784112
sheet1_to_sheet2,V0,"[1, 2]",6,0.01,100.0,0.6491191647443564,0.1363749208829113,4.552362579431134e-14,165877219.06288815
sheet1_to_sheet2,V0,"[1, 2]",6,0.01,10000.0,0.6530352960528406,0.1357575850169186,1.0155578805345547e-13,165948020.6952916
sheet1_to_sheet2,V0,"[1, 2]",6,1.0,0.0,0.4755983675507617,0.17779335004955824,7.347150941884835e-14,1712871.347695179
sheet1_to_sheet2,V0,"[1, 2]",6,1.0,0.0001,0.47559827747796957,0.17779353017997562,6.98239070291082e-14,1712862.2743998046
sheet1_to_sheet2,V0,"[1, 2]",6,1.0,0.01,0.47559005533379145,0.17781060130121357,1.072676768852397e-13,1712786.7505918187
sheet1_to_sheet2,V0,"[1, 2]",6,1.0,1.0,0.4748596633206042,0.17856218914757155,8.818297192225463e-14,1712341.3932984031
sheet1_to_sheet2,V0,"[1, 2]",6,1.0,100.0,0.4672907117410643,0.18356248068904868,3.975145835745752e-14,1712320.5496583642
sheet1_to_sheet2,V0,"[1, 2]",6,1.0,10000.0,0.4584364731521692,0.18921266689091926,6.719248385034324e-14,1713107.6377444577
sheet1_to_sheet2,V0,"[1, 2]",6,100.0,0.0,0.42046205819017757,0.22286318198971775,3.678641873711907e-15,17129.704067150567
sheet1_to_sheet2,V0,"[1, 2]",6,100.0,0.0001,0.42046205830819067,0.22286318245164183,3.550083195320238e-15,17129.703159839646
sheet1_to_sheet2,V0,"[1, 2]",6,100.0,0.01,0.42046206998808633,0.2228632281694836,4.6293628353673964e-15,17129.695614125332
sheet1_to_sheet2,V0,"[1, 2]",6,100.0,1.0,0.4204632082063331,0.22286768478505423,3.0464293461920807e-15,17129.651811238302
sheet1_to_sheet2,V0,"[1, 2]",6,100.0,100.0,0.4205182547652616,0.22306037322889508,3.3815525270991828e-15,17129.72487646064
sheet1_to_sheet2,V0,"[1, 2]",6,100.0,10000.0,0.42087470510670455,0.22399028157901163,1.2142068539247126e-15,17137.604105688923
sheet1_to_sheet2,V0,"[1, 2]",6,10000.0,0.0,0.4209359774903044,0.22442226443341912,1.2936523632480286e-16,172.2870407305255
sheet1_to_sheet2,V0,"[1, 2]",6,10000.0,0.0001,0.42093597749029954,0.22442226443356308,1.7280852423080938e-16,172.28704064002875
sheet1_to_sheet2,V0,"[1, 2]",6,10000.0,0.01,0.42093597748981365,0.2244222644478179,1.436598311987745e-16,172.2870399562162
sheet1_to_sheet2,V0,"[1, 2]",6,10000.0,1.0,0.42093597744130906,0.2244222658727111,1.4587452458081348e-16,172.2870430626511
sheet1_to_sheet2,V0,"[1, 2]",6,10000.0,100.0,0.42093597335538213,0.22442240311748626,1.3458728856112824e-16,172.28780188293368
sheet1_to_sheet2,V0,"[1, 2]",6,10000.0,10000.0,0.4209358452436912,0.22442870087823405,1.9788979456590218e-16,172.36659501052327
sheet1_to_sheet2,V0,"[1, 2]",6,1000000.0,0.0,0.4199792982788034,0.22817185984238794,2.7405017701831207e-16,2.712870407311156
sheet1_to_sheet2,V0,"[1, 2]",6,1000000.0,0.0001,0.41997929827880376,0.2281718598424056,2.7092715079218395e-16,2.7128704073044507
sheet1_to_sheet2,V0,"[1, 2]",6,1000000.0,0.01,0.4199792982788401,0.2281718598441595,2.414031169138868e-16,2.7128704079436634
sheet1_to_sheet2,V0,"[1, 2]",6,1000000.0,1.0,0.4199792982824755,0.22817186001954226,2.0938183092282364e-16,2.7128704831217005
sheet1_to_sheet2,V0,"[1, 2]",6,1000000.0,100.0,0.4199792986458334,0.2281718775472158,2.639762211918764e-16,2.712878074141348
sheet1_to_sheet2,V0,"[1, 2]",6,1000000.0,10000.0,0.4199793333899564,0.2281735352690083,3.5595282581779916e-16,2.7136660055007797
sheet1_to_sheet2,V0,"[2, 3]",12,1e-06,0.0,0.9031774677392806,0.2139557968368368,4.883549896578313e-12,33347006305.066082
sheet1_to_sheet2,V0,"[2, 3]",12,1e-06,0.0001,0.9737808711994088,0.2652103855583918,4.094110818109847e-12,8725887680.339476
sheet1_to_sheet2,V0,"[2, 3]",12,1e-06,0.01,1.0073617373222248,0.26565636996617426,6.035179018868065e-12,2066132183.7250583
sheet1_to_sheet2,V0,"[2, 3]",12,1e-06,1.0,1.0320167036024412,0.27891726487417023,3.890568852163446e-12,1836576097.2286024
sheet1_to_sheet2,V0,"[2, 3]",12,1e-06,100.0,1.032335092306752,0.27908605330462055,2.0343293887952254e-12,1834683558.6268086
sheet1_to_sheet2,V0,"[2, 3]",12,1e-06,10000.0,1.0323382840218196,0.27908774556664423,3.382951145900297e-11,8412120913.705855
sheet1_to_sheet2,V0,"[2, 3]",12,0.0001,0.0,0.6404914301300961,0.12186723889753083,1.4138452048460856e-12,341775052.9333567
sheet1_to_sheet2,V0,"[2, 3]",12,0.0001,0.0001,0.6456973803702368,0.1242985163295277,1.5752815220486279e-12,332110455.4421392
sheet1_to_sheet2,V0,"[2, 3]",12,0.0001,0.01,0.6079938916846503,0.12377678513096728,9.254568465944097e-13,293926250.7534641
sheet1_to_sheet2,V0,"[2, 3]",12,0.0001,1.0,0.539964073649409,0.11882204603506719,8.366526906368593e-13,288791751.9469335
sheet1_to_sheet2,V0,"[2, 3]",12,0.0001,100.0,0.5385927185950588,0.11868464296462647,4.22377609041506e-13,288800368.8760447
sheet1_to_sheet2,V0,"[2, 3]",12,0.0001,10000.0,0.5385789407299425,0.11868323623257211,1.1071151375297754e-11,1324178539.0451832
sheet1_to_sheet2,V0,"[2, 3]",12,0.01,0.0,0.4526926125357928,0.21779946783055149,4.113139238463378e-14,3418602.9143007346
sheet1_to_sheet2,V0,"[2, 3]",12,0.01,0.0001,0.45274426915167026,0.21786202367090055,3.231777480873419e-14,3417608.12450491
sheet1_to_sheet2,V0,"[2, 3]",12,0.01,0.01,0.4548360708678115,0.22044958411605803,3.187921806936035e-14,3412250.3135388964
sheet1_to_sheet2,V0,"[2, 3]",12,0.01,1.0,0.47019521193162417,0.2383071325009869,2.3940788838594177e-14,3411029.5240379754
sheet1_to_sheet2,V0,"[2, 3]",12,0.01,100.0,0.482297538272635,0.25163430955865473,1.0646743785515766e-14,3411786.2493849755
sheet1_to_sheet2,V0,"[2, 3]",12,0.01,10000.0,0.4825238115716405,0.2518795418138861,4.4746781150851065e-13,15531306.281786555
sheet1_to_sheet2,V0,"[2, 3]",12,1.0,0.0,0.454473412082597,0.2678862761320064,2.8220106855820885e-14,34187.10430389
sheet1_to_sheet2,V0,"[2, 3]",12,1.0,0.0001,0.45447322752184255,0.26788620481307973,9.28557063621266e-15,34187.004800459705
sheet1_to_sheet2,V0,"[2, 3]",12,1.0,0.01,0.4544559430348872,0.26787950763625085,8.85019422687055e-15,34186.46861038183
sheet1_to_sheet2,V0,"[2, 3]",12,1.0,1.0,0.4537577834161465,0.2675783361228028,8.957367605004408e-15,34186.421185996245
sheet1_to_sheet2,V0,"[2, 3]",12,1.0,100.0,0.45121804691500245,0.26682690503168677,6.21115081224599e-15,34194.15038448738
sheet1_to_sheet2,V0,"[2, 3]",12,1.0,10000.0,0.4511196839902294,0.26706938654275564,8.89055969361293e-14,155583.0558772368
sheet1_to_sheet2,V0,"[2, 3]",12,100.0,0.0,0.4207266995798135,0.22667645452149174,4.2344559722718637e-16,342.8610515550001
sheet1_to_sheet2,V0,"[2, 3]",12,100.0,0.0001,0.42072669955342307,0.2266764543695443,4.3226272839871836e-16,342.8610416517145
sheet1_to_sheet2,V0,"[2, 3]",12,100.0,0.01,0.42072669694213344,0.2266764393357324,2.905077177622567e-16,342.8609953903292
sheet1_to_sheet2,V0,"[2, 3]",12,100.0,1.0,0.420726448030712,0.2266750165531704,2.1001706692790838e-16,342.86174217085875
sheet1_to_sheet2,V0,"[2, 3]",12,100.0,100.0,0.42071517652195556,0.22661861789506246,2.7317659276530897e-16,342.9390504186655
sheet1_to_sheet2,V0,"[2, 3]",12,100.0,10000.0,0.4206861996104964,0.226424361726594,3.155304855659636e-15,1556.8475286573803
sheet1_to_sheet2,V0,"[2, 3]",12,10000.0,0.0,0.41992275910443505,0.22704797758741074,1.990254287255932e-16,4.418610516401684
sheet1_to_sheet2,V0,"[2, 3]",12,10000.0,0.0001,0.4199227591042543,0.22704797758870157,2.774043320316531e-16,4.418610515882201
sheet1_to_sheet2,V0,"[2, 3]",12,10000.0,0.01,0.41992275908636495,0.2270479777164976,1.8783765377468862e-16,4.418610584843705
sheet1_to_sheet2,V0,"[2, 3]",12,10000.0,1.0,0.41992275729851863,0.2270479904883296,2.36241655635325e-16,4.4186181747564275
sheet1_to_sheet2,V0,"[2, 3]",12,10000.0,100.0,0.41992258827518647,0.22704919795696618,2.2542170132747976e-16,4.419391258860861
sheet1_to_sheet2,V0,"[2, 3]",12,10000.0,10000.0,0.4199160036918063,0.22709688426276026,4.096217255950958e-16,16.558478632409635
sheet1_to_sheet2,V0,"[2, 3]",12,1000000.0,0.0,0.4228146237491287,0.2335364748789267,2.6881051305904583e-16,1.034186105164102
sheet1_to_sheet2,V0,"[2, 3]",12,1000000.0,0.0001,0.422814623749131,0.23353647487892865,3.434532772645664e-16,1.0341861051687584
sheet1_to_sheet2,V0,"[2, 3]",12,1000000.0,0.01,0.42281462374935164,0.23353647487911836,3.346734308878215e-16,1.034186105911531
sheet1_to_sheet2,V0,"[2, 3]",12,1000000.0,1.0,0.4228146237714183,0.23353647489808418,3.4146939633709346e-16,1.034186181822869
sheet1_to_sheet2,V0,"[2, 3]",12,1000000.0,100.0,0.42281462597673947,0.23353647679351167,2.8017150372120244e-16,1.0341939126640762
sheet1_to_sheet2,V0,"[2, 3]",12,1000000.0,10000.0,0.422814834382984,0.23353665590850542,3.00777723962321e-16,1.155584786667485
sheet1_to_sheet2,V0,"[0, 1]",3,1e-06,0.0,0.3745045719075968,0.2274738646415071,7.656321434346094e-13,17917817497.211662
sheet1_to_sheet2,V0,"[0, 1]",3,1e-06,0.0001,0.37407949789553935,0.22764124771284355,4.2801294358310797e-13,2633768600.9857836
sheet1_to_sheet2,V0,"[0, 1]",3,1e-06,0.01,0.37539853320144556,0.2285180408682987,1.5811125073971703e-13,821970768.9575585
sheet1_to_sheet2,V0,"[0, 1]",3,1e-06,1.0,0.3698770864779479,0.22748313149104066,9.362884244872349e-14,89171063.6111868
sheet1_to_sheet2,V0,"[0, 1]",3,1e-06,100.0,0.33070247001858405,0.18511853151371158,4.346973690884503e-14,4565474.54245197
sheet1_to_sheet2,V0,"[0, 1]",3,1e-06,10000.0,0.3279233114565101,0.1567144441158621,6.913642080043113e-14,1371756.799746233
sheet1_to_sheet2,V0,"[0, 1]",3,0.0001,0.0,0.3744014553428602,0.22750375859688646,5.419973330398463e-13,8761183202.91149
sheet1_to_sheet2,V0,"[0, 1]",3,0.0001,0.0001,0.37405960411599953,0.22763468611364585,3.522322957847974e-13,2281730226.5151114
sheet1_to_sheet2,V0,"[0, 1]",3,0.0001,0.01,0.3753730693947157,0.22849597511221242,1.6618879093845935e-13,784148534.2655412
sheet1_to_sheet2,V0,"[0, 1]",3,0.0001,1.0,0.3698447229871208,0.22744637814673416,1.2624226350477907e-13,88707687.88730426
sheet1_to_sheet2,V0,"[0, 1]",3,0.0001,100.0,0.330703179073844,0.1851176212060082,5.903838305237249e-14,4564251.769201993
sheet1_to_sheet2,V0,"[0, 1]",3,0.0001,10000.0,0.3279243471448644,0.15671453533252735,8.477523518006982e-14,1371646.4410712032
sheet1_to_sheet2,V0,"[0, 1]",3,0.01,0.0,0.3738068190148852,0.2275718524717556,2.28131726011992e-13,168918177.87242472
sheet1_to_sheet2,V0,"[0, 1]",3,0.01,0.0001,0.3738074486229125,0.22756708817783117,1.5387228267675174e-13,159899732.62567347
sheet1_to_sheet2,V0,"[0, 1]",3,0.01,0.01,0.3743146927759061,0.2278311088542666,2.041779129861217e-13,139991308.62828177
sheet1_to_sheet2,V0,"[0, 1]",3,0.01,1.0,0.3675462817228077,0.2247805558878122,1.549802623635897e-13,58373836.003552556
sheet1_to_sheet2,V0,"[0, 1]",3,0.01,100.0,0.33077319913999303,0.1850302882943297,7.72716065024944e-14,4445195.87512608
sheet1_to_sheet2,V0,"[0, 1]",3,0.01,10000.0,0.3280268923104571,0.15672395207302936,1.1083427216367946e-13,1360699.5287699688
sheet1_to_sheet2,V0,"[0, 1]",3,1.0,0.0,0.35311684455667697,0.19707726101823994,1.4208339088831902e-13,1705489.491140851
sheet1_to_sheet2,V0,"[0, 1]",3,1.0,0.0001,0.3531158091080351,0.19707657807977788,7.43137407333275e-14,1704518.851222022
sheet1_to_sheet2,V0,"[0, 1]",3,1.0,0.01,0.3530157493985693,0.19701127427393447,9.050681549702096e-14,1701361.9285178853
sheet1_to_sheet2,V0,"[0, 1]",3,1.0,1.0,0.34880234346328615,0.19508734313844925,4.8545447626001914e-14,1672552.665117414
sheet1_to_sheet2,V0,"[0, 1]",3,1.0,100.0,0.3336303586390891,0.18492349709490755,3.560003588585358e-14,1231888.1287355032
sheet1_to_sheet2,V0,"[0, 1]",3,1.0,10000.0,0.3323543054623535,0.1595491726117962,7.508033061277864e-14,756749.2401801802
sheet1_to_sheet2,V0,"[0, 1]",3,100.0,0.0,0.3741795439470037,0.21277144200356668,4.533802303359937e-15,17057.531484497424
sheet1_to_sheet2,V0,"[0, 1]",3,100.0,0.0001,0.37417955146586557,0.21277144299383585,6.248898584954192e-15,17057.434341469576
sheet1_to_sheet2,V0,"[0, 1]",3,100.0,0.01,0.3741802956268311,0.21277154098319356,3.584237312283939e-15,17057.117640586534
sheet1_to_sheet2,V0,"[0, 1]",3,100.0,1.0,0.3742528752113159,0.21278094403097086,3.793804949166464e-15,17054.173517395415
sheet1_to_sheet2,V0,"[0, 1]",3,100.0,100.0,0.378120865914353,0.21352010117591524,3.2418702515979383e-15,16986.714256011837
sheet1_to_sheet2,V0,"[0, 1]",3,100.0,10000.0,0.3957613574952429,0.22264807231736672,4.101876531811547e-15,16789.512863356384
sheet1_to_sheet2,V0,"[0, 1]",3,10000.0,0.0,0.42029566611597424,0.2244895248791546,2.762354179934008e-16,171.56547951833915
sheet1_to_sheet2,V0,"[0, 1]",3,10000.0,0.0001,0.42029566611833435,0.22448952487932267,2.5403772214923803e-16,171.56546974834075
sheet1_to_sheet2,V0,"[0, 1]",3,10000.0,0.01,0.4202956663519792,0.2244895248959637,3.8294386425152514e-16,171.5654379685568
sheet1_to_sheet2,V0,"[0, 1]",3,10000.0,1.0,0.4202956897101404,0.22448952655975593,1.8810504940145415e-16,171.56514929410952
sheet1_to_sheet2,V0,"[0, 1]",3,10000.0,100.0,0.4202979679196349,0.22448968934203115,2.748122235438086e-16,171.55908627958053
sheet1_to_sheet2,V0,"[0, 1]",3,10000.0,10000.0,0.4204020629203204,0.22449080296038293,2.6710622882196847e-16,171.61684318046568
sheet1_to_sheet2,V0,"[0, 1]",3,1000000.0,0.0,0.41997333090814426,0.22818220932538738,2.3476020901726756e-16,2.705654811650743
sheet1_to_sheet2,V0,"[0, 1]",3,1000000.0,0.0001,0.4199733309081449,0.22818220932540514,2.7422970220323933e-16,2.705654810117521
sheet1_to_sheet2,V0,"[0, 1]",3,1000000.0,0.01,0.41997333090820704,0.22818220932716127,3.2606140764764903e-16,2.705654805852591
sheet1_to_sheet2,V0,"[0, 1]",3,1000000.0,1.0,0.4199733309144187,0.2281822095027726,3.338670229102563e-16,2.7056548350143785
sheet1_to_sheet2,V0,"[0, 1]",3,1000000.0,100.0,0.41997333153533745,0.22818222705330607,4.526783095890921e-16,2.705661350162672
sheet1_to_sheet2,V0,"[0, 1]",3,1000000.0,10000.0,0.4199733913234724,0.22818388698580175,2.4781830773470827e-16,2.706446093301808
sheet1_to_sheet2,V0,[3],8,1e-06,0.0,0.442940340385868,0.21831802579202075,3.954353739570463e-12,14911868408.85733
sheet1_to_sheet2,V0,[3],8,1e-06,0.0001,0.44090307102407744,0.2192043587469988,9.692289865115034e-12,4228305797.255607
sheet1_to_sheet2,V0,[3],8,1e-06,0.01,0.4472166446490776,0.2287988544282333,3.445442815441397e-12,1623591503.308101
sheet1_to_sheet2,V0,[3],8,1e-06,1.0,0.44776295218954937,0.229686002916419,2.351477095094861e-12,1443001285.905321
sheet1_to_sheet2,V0,[3],8,1e-06,100.0,0.4477691033560091,0.22969593628167304,1.6017906761327968e-12,1441600581.5923135
sheet1_to_sheet2,V0,[3],8,1e-06,10000.0,0.44776916500622005,0.2296960376502315,4.65386221077919e-11,8400876394.514727
sheet1_to_sheet2,V0,[3],8,0.0001,0.0,0.4221177196324714,0.22499619749218328,1.7928924478150877e-12,264806046.81404975
sheet1_to_sheet2,V0,[3],8,0.0001,0.0001,0.42198644461407275,0.22499905392011477,1.7561168629622552e-12,253439572.87436008
sheet1_to_sheet2,V0,[3],8,0.0001,0.01,0.4231947972275888,0.2262328701116124,8.270851635121108e-13,231206883.21418506
sheet1_to_sheet2,V0,[3],8,0.0001,1.0,0.4225196536730656,0.22567911082436018,5.482494134776212e-13,227159055.6011821
sheet1_to_sheet2,V0,[3],8,0.0001,100.0,0.4225033522568443,0.22566487338066132,4.234525651224707e-13,227180016.34171095
sheet1_to_sheet2,V0,[3],8,0.0001,10000.0,0.42250318735147296,0.22566472920643918,1.105596552686919e-11,1323898049.3873036
sheet1_to_sheet2,V0,[3],8,0.01,0.0,0.4206511547372884,0.2248050956050652,1.9226842936889406e-14,2668816.511891497
sheet1_to_sheet2,V0,[3],8,0.01,0.0001,0.42065121512325276,0.22480500734219916,2.1549751808727784e-14,2667614.115426797
sheet1_to_sheet2,V0,[3],8,0.01,0.01,0.4206558057470197,0.22480214966390044,2.1239937532834084e-14,2664916.927183131
sheet1_to_sheet2,V0,[3],8,0.01,1.0,0.4206822075485681,0.22480870613579476,1.1278564986167687e-14,2664377.1859830385
sheet1_to_sheet2,V0,[3],8,0.01,100.0,0.4206742507660076,0.2247986602220468,5.509651444348168e-15,2665146.644559441
sheet1_to_sheet2,V0,[3],8,0.01,10000.0,0.4206740792480379,0.22479845769211373,6.737966141787221e-14,15531242.9793064
sheet1_to_sheet2,V0,[3],8,1.0,0.0,0.420658642552556,0.224787734566575,2.2312955449643574e-16,26691.28081863874
sheet1_to_sheet2,V0,[3],8,1.0,0.0001,0.4206586425533241,0.2247877345771452,3.0942571120888996e-16,26691.16050930029
sheet1_to_sheet2,V0,[3],8,1.0,0.01,0.4206586427008913,0.2247877356171634,1.5372063597416595e-16,26690.890977371244
sheet1_to_sheet2,V0,[3],8,1.0,1.0,0.4206586765804643,0.22478779594378928,3.5933449611588654e-16,26690.91196442525
sheet1_to_sheet2,V0,[3],8,1.0,100.0,0.4206589125470058,0.22478823096909287,1.975964846293229e-16,26698.681518232275
sheet1_to_sheet2,V0,[3],8,1.0,10000.0,0.4206588384701638,0.22478814723349774,1.0390611325901636e-15,155582.80193756917
sheet1_to_sheet2,V0,[3],8,100.0,0.0,0.42064171618194235,0.22482565589488757,1.4314868467663298e-16,267.9030207734623
sheet1_to_sheet2,V0,[3],8,100.0,0.0001,0.42064171618059853,0.2248256558979988,1.359318492447538e-16,267.90300877371124
sheet1_to_sheet2,V0,[3],8,100.0,0.01,0.4206417160476388,0.22482565620582987,1.6272521216421619e-16,267.90298923218495
sheet1_to_sheet2,V0,[3],8,100.0,1.0,0.4206417034834759,0.22482568535069092,1.689284745808365e-16,267.9037427285483
sheet1_to_sheet2,V0,[3],8,100.0,100.0,0.4206412094646179,0.2248268591279752,1.5390797252315e-16,267.9814457872582
sheet1_to_sheet2,V0,[3],8,100.0,10000.0,0.4206391980806239,0.22483170590357876,4.212462745677606e-16,1556.845004763689
sheet1_to_sheet2,V0,[3],8,10000.0,0.0,0.41992410381514844,0.2274983480672937,2.931942144458937e-16,3.669030228993352
sheet1_to_sheet2,V0,[3],8,10000.0,0.0001,0.41992410381503253,0.2274983480687512,1.782429190392053e-16,3.6690302281059424
sheet1_to_sheet2,V0,[3],8,10000.0,0.01,0.4199241038035623,0.22749834821304382,2.4113398584387035e-16,3.6690303002739926
sheet1_to_sheet2,V0,[3],8,10000.0,1.0,0.41992410265725455,0.22749836263353598,2.19615118578113e-16,3.669037889601995
sheet1_to_sheet2,V0,[3],8,10000.0,100.0,0.4199239944357041,0.22749972606240593,1.579697972663784e-16,3.669814920941203
sheet1_to_sheet2,V0,[3],8,10000.0,10000.0,0.419919954528926,0.22755358424257166,5.177676433988063e-16,16.558452746598054
sheet1_to_sheet2,V0,[3],8,1000000.0,0.0,0.42287945408717653,0.23359125888092958,3.1220969801438987e-16,1.026690302292059
sheet1_to_sheet2,V0,[3],8,1000000.0,0.0001,0.42287945408717836,0.23359125888093113,3.198817578583684e-16,1.0266903022950962
sheet1_to_sheet2,V0,[3],8,1000000.0,0.01,0.42287945408735494,0.23359125888108148,1.9702807946196257e-16,1.0266903030435353
sheet1_to_sheet2,V0,[3],8,1000000.0,1.0,0.4228794541050135,0.2335912588961196,2.316516598758476e-16,1.0266903789422515
sheet1_to_sheet2,V0,[3],8,1000000.0,100.0,0.42287945586978953,0.23359126039900627,2.7089460863251545e-16,1.026698149255719
sheet1_to_sheet2,V0,[3],8,1000000.0,10000.0,0.4228796226451153,0.2335914024224723,3.3767753231306387e-16,1.1555845277510564
sheet1_to_sheet2,V0,"[1, 3]",10,1e-06,0.0,0.5632078853344114,0.1993154632101233,6.791187124485129e-12,961318542173.7601
sheet1_to_sheet2,V0,"[1, 3]",10,1e-06,0.0001,0.5578875022287939,0.1965429000448238,5.1262285236265805e-12,282622941834.49243
sheet1_to_sheet2,V0,"[1, 3]",10,1e-06,0.01,0.5618339466701032,0.19703042256323433,2.9218476653897377e-12,108578760677.1627
sheet1_to_sheet2,V0,"[1, 3]",10,1e-06,1.0,0.5592019345795823,0.19914316409785837,2.4740311399002277e-12,94948701461.37611
sheet1_to_sheet2,V0,"[1, 3]",10,1e-06,100.0,0.5480571208061112,0.19134569411164426,4.014274981543125e-12,93989216134.09663
sheet1_to_sheet2,V0,"[1, 3]",10,1e-06,10000.0,0.5471333838133721,0.19028416200854786,6.194895415516727e-12,93912781848.19788
sheet1_to_sheet2,V0,"[1, 3]",10,0.0001,0.0,0.522024631689725,0.1740284338466432,1.4690598354805229e-12,17185432494.95466
sheet1_to_sheet2,V0,"[1, 3]",10,0.0001,0.0001,0.5213988494756444,0.17265994407558655,1.5652311650454485e-12,16478030827.487398
sheet1_to_sheet2,V0,"[1, 3]",10,0.0001,0.01,0.5207215190680499,0.16867083199126437,5.185940861785577e-13,15069663092.783524
sheet1_to_sheet2,V0,"[1, 3]",10,0.0001,1.0,0.5184795175393248,0.16955283912434613,3.474148510955856e-13,14775287037.364424
sheet1_to_sheet2,V0,"[1, 3]",10,0.0001,100.0,0.5166057744253646,0.1696539165603026,2.8647553472200924e-13,14751907161.915104
sheet1_to_sheet2,V0,"[1, 3]",10,0.0001,10000.0,0.5166715664456871,0.1695172408974364,1.2216985138357292e-12,14755676297.751907
sheet1_to_sheet2,V0,"[1, 3]",10,0.01,0.0,0.5134273667078523,0.1615793758055492,1.406111780461239e-13,173218759.45367065
sheet1_to_sheet2,V0,"[1, 3]",10,0.01,0.0001,0.5134132356442821,0.161572263868591,2.683747551352451e-13,173143838.67866406
sheet1_to_sheet2,V0,"[1, 3]",10,0.01,0.01,0.5131254489836887,0.16158384845411763,1.0463531623995211e-13,172973977.22675577
sheet1_to_sheet2,V0,"[1, 3]",10,0.01,1.0,0.5134430846493456,0.16431437463117723,7.565317888036345e-14,172934436.64778093
sheet1_to_sheet2,V0,"[1, 3]",10,0.01,100.0,0.5133717377218345,0.16596843798700162,7.455048245603293e-14,172931977.7004184
sheet1_to_sheet2,V0,"[1, 3]",10,0.01,10000.0,0.5134608106407867,0.16597077129501148,4.987304355065968e-14,173010194.3902637
sheet1_to_sheet2,V0,"[1, 3]",10,1.0,0.0,0.4719245877474597,0.17069924770556916,1.0612872626792893e-13,1732326.1220963323
sheet1_to_sheet2,V0,"[1, 3]",10,1.0,0.0001,0.4719244970729376,0.1706994766354339,6.582793945933141e-14,1732318.6256223752
sheet1_to_sheet2,V0,"[1, 3]",10,1.0,0.01,0.4719162313518861,0.17072124375792366,1.0006849479174565e-13,1732301.6064324423
sheet1_to_sheet2,V0,"[1, 3]",10,1.0,1.0,0.4716195819076556,0.17154093745531107,7.31425366066616e-14,1732297.7148801123
sheet1_to_sheet2,V0,"[1, 3]",10,1.0,100.0,0.47102542833659555,0.17543870931986047,3.611165662660386e-14,1732304.9829622186
sheet1_to_sheet2,V0,"[1, 3]",10,1.0,10000.0,0.4728169063097999,0.1774342444323874,3.585991211591834e-14,1733092.5054132217
sheet1_to_sheet2,V0,"[1, 3]",10,100.0,0.0,0.4209867706554074,0.22073515702501634,3.637733579508341e-15,17324.26497582231
sheet1_to_sheet2,V0,"[1, 3]",10,100.0,0.0001,0.42098677076040636,0.22073515762979332,4.314197617910433e-15,17324.26422620357
sheet1_to_sheet2,V0,"[1, 3]",10,100.0,0.01,0.42098678115357835,0.22073521748087602,3.06356863853084e-15,17324.262531665885
sheet1_to_sheet2,V0,"[1, 3]",10,100.0,1.0,0.4209878056560047,0.22074100520725445,2.4971265893889726e-15,17324.26289372054
sheet1_to_sheet2,V0,"[1, 3]",10,100.0,100.0,0.42103994899973474,0.2209866115949839,4.4299889977138695e-15,17324.33877135235
sheet1_to_sheet2,V0,"[1, 3]",10,100.0,10000.0,0.4213791199023089,0.22208915802592882,1.80013867374993e-15,17332.214532971484
sheet1_to_sheet2,V0,"[1, 3]",10,10000.0,0.0,0.4209397653220578,0.22440329002545772,2.427120151721674e-16,174.23265113371016
sheet1_to_sheet2,V0,"[1, 3]",10,10000.0,0.0001,0.4209397653220507,0.2244032900256205,1.4294167221358054e-16,174.23265105907876
sheet1_to_sheet2,V0,"[1, 3]",10,10000.0,0.01,0.42093976532134353,0.2244032900417319,1.2555718375257876e-16,174.23265096377645
sheet1_to_sheet2,V0,"[1, 3]",10,10000.0,1.0,0.4209397652507345,0.2244032916521762,2.6992635901568376e-16,174.23265851220742
sheet1_to_sheet2,V0,"[1, 3]",10,10000.0,100.0,0.4209397591076355,0.22440344644838597,1.3327268050430064e-16,174.23341760821774
sheet1_to_sheet2,V0,"[1, 3]",10,10000.0,10000.0,0.4209395711790799,0.2244104336023654,1.5557715725586446e-16,174.3121752781121
sheet1_to_sheet2,V0,"[1, 3]",10,1000000.0,0.0,0.4199789595639071,0.2281492821052608,2.023650395244422e-16,2.732326511474651
sheet1_to_sheet2,V0,"[1, 3]",10,1000000.0,0.0001,0.4199789595639074,0.2281492821052785,2.0789491554728573e-16,2.7323265114704918
sheet1_to_sheet2,V0,"[1, 3]",10,1000000.0,0.01,0.41997895956393716,0.2281492821070276,2.4650296062988815e-16,2.7323265122024774
sheet1_to_sheet2,V0,"[1, 3]",10,1000000.0,1.0,0.41997895956690756,0.22814928228193554,2.149898689274947e-16,2.732326588079575
sheet1_to_sheet2,V0,"[1, 3]",10,1000000.0,100.0,0.4199789598638144,0.22814929976216128,2.3532088235285277e-16,2.732334179071646
sheet1_to_sheet2,V0,"[1, 3]",10,1000000.0,10000.0,0.4199789883236388,0.22815095299930493,3.337271233632765e-16,2.733121755775963
sheet1_to_sheet2,V0,"[1, 2, 3]",14,1e-06,0.0,1.0993105448004552,0.2717964451771748,6.54625826464635e-12,1685493459349.9216
sheet1_to_sheet2,V0,"[1, 2, 3]",14,1e-06,0.0001,0.9903716186019169,0.24226071110588296,4.892613262635289e-12,470378627242.3717
sheet1_to_sheet2,V0,"[1, 2, 3]",14,1e-06,0.01,0.9640932459134759,0.3137907465170742,2.6737279662406733e-12,109278669589.9803
sheet1_to_sheet2,V0,"[1, 2, 3]",14,1e-06,1.0,1.0159658421905535,0.3402578172991873,1.9760779975146073e-12,95675512231.6653
sheet1_to_sheet2,V0,"[1, 2, 3]",14,1e-06,100.0,0.9077200349684934,0.31830860461602867,1.7087253662422583e-12,94596104353.1252
sheet1_to_sheet2,V0,"[1, 2, 3]",14,1e-06,10000.0,0.8965536690656741,0.3156233915505453,5.606385086823235e-12,94507964067.65778
sheet1_to_sheet2,V0,"[1, 2, 3]",14,0.0001,0.0,0.6059101925919347,0.11850981984856863,1.3574981568789147e-12,17389538388.78827
sheet1_to_sheet2,V0,"[1, 2, 3]",14,0.0001,0.0001,0.6025889099604762,0.12722346495213396,1.2010675675406305e-12,16792489516.633667
sheet1_to_sheet2,V0,"[1, 2, 3]",14,0.0001,0.01,0.5584325175341203,0.15919116714954135,6.676807205121295e-13,15137307278.648806
sheet1_to_sheet2,V0,"[1, 2, 3]",14,0.0001,1.0,0.5446533574582367,0.19099551776423027,7.817106422620324e-13,14844939334.088034
sheet1_to_sheet2,V0,"[1, 2, 3]",14,0.0001,100.0,0.5584699174315273,0.1914329491745841,5.480174431707253e-13,14818757705.037401
sheet1_to_sheet2,V0,"[1, 2, 3]",14,0.0001,10000.0,0.5613051130828641,0.19040899552513607,1.3989268980630992e-12,14822248429.574791
sheet1_to_sheet2,V0,"[1, 2, 3]",14,0.01,0.0,0.6312653421451999,0.18126732905004497,4.009821662860859e-13,173955128.50047868
sheet1_to_sheet2,V0,"[1, 2, 3]",14,0.01,0.0001,0.6312740968880863,0.18131426625768823,4.0784518735748615e-13,173867067.37764806
sheet1_to_sheet2,V0,"[1, 2, 3]",14,0.01,0.01,0.6314736176160378,0.18289457324919203,3.1354242288339585e-13,173696602.21702728
sheet1_to_sheet2,V0,"[1, 2, 3]",14,0.01,1.0,0.6506224596050896,0.17860774141779098,1.6935861325966538e-13,173657364.44394827
sheet1_to_sheet2,V0,"[1, 2, 3]",14,0.01,100.0,0.6709450316287497,0.1689517604532774,7.232599266245009e-14,173654524.26343122
sheet1_to_sheet2,V0,"[1, 2, 3]",14,0.01,10000.0,0.6724695000429701,0.16750559942662244,6.358503217001996e-14,173732690.86397544
sheet1_to_sheet2,V0,"[1, 2, 3]",14,1.0,0.0,0.5248349095827323,0.18955033604772817,6.935582202371899e-14,1739558.2514400634
sheet1_to_sheet2,V0,"[1, 2, 3]",14,1.0,0.0001,0.5248346878905682,0.1895502646217102,1.0393706273359567e-13,1739549.440854273
sheet1_to_sheet2,V0,"[1, 2, 3]",14,1.0,0.01,0.5248142572940889,0.18954347110905842,1.5241171812813823e-13,1739532.361284722
sheet1_to_sheet2,V0,"[1, 2, 3]",14,1.0,1.0,0.5237672576501653,0.18952555986413588,9.252455331661916e-14,1739528.5001485513
sheet1_to_sheet2,V0,"[1, 2, 3]",14,1.0,100.0,0.5176417333519285,0.19260110776794367,6.587124463766042e-14,1739535.7300097498
sheet1_to_sheet2,V0,"[1, 2, 3]",14,1.0,10000.0,0.5135878655247921,0.19853333229751283,6.791741924956859e-14,1740323.1247979673
sheet1_to_sheet2,V0,"[1, 2, 3]",14,100.0,0.0,0.42172170751770555,0.22220750930037622,4.871221792753306e-15,17396.573112046237
sheet1_to_sheet2,V0,"[1, 2, 3]",14,100.0,0.0001,0.421721707545702,0.22220750981516654,6.800447839378996e-15,17396.572231008933
sheet1_to_sheet2,V0,"[1, 2, 3]",14,100.0,0.01,0.42172171031987987,0.2222075607637784,5.2723560548546566e-15,17396.57053043337
sheet1_to_sheet2,V0,"[1, 2, 3]",14,100.0,1.0,0.4217220095038777,0.22221251282056562,3.5943488159310696e-15,17396.570895534096
sheet1_to_sheet2,V0,"[1, 2, 3]",14,100.0,100.0,0.4217431719514242,0.22242641303726007,4.4597303799930394e-15,17396.646769637286
sheet1_to_sheet2,V0,"[1, 2, 3]",14,100.0,10000.0,0.42199588626508744,0.2234056729366669,2.1689421394342894e-15,17404.52129209592
sheet1_to_sheet2,V0,"[1, 2, 3]",14,10000.0,0.0,0.42094452201432453,0.22442005608045576,1.2048481838921992e-16,174.95573118022696
sheet1_to_sheet2,V0,"[1, 2, 3]",14,10000.0,0.0001,0.4209445220143096,0.22442005608060586,1.7409114254123645e-16,174.95573109238057
sheet1_to_sheet2,V0,"[1, 2, 3]",14,10000.0,0.01,0.4209445220128223,0.22442005609545917,1.6223270387507817e-16,174.9557309964757
sheet1_to_sheet2,V0,"[1, 2, 3]",14,10000.0,1.0,0.42094452186423925,0.2244200575801745,1.6984688925235972e-16,174.95573854525406
sheet1_to_sheet2,V0,"[1, 2, 3]",14,10000.0,100.0,0.4209445083095871,0.22442020049823183,2.583458139012113e-16,174.95649764384754
sheet1_to_sheet2,V0,"[1, 2, 3]",14,10000.0,10000.0,0.4209440034539013,0.22442672978591327,1.766412083842507e-16,175.03524292589006
sheet1_to_sheet2,V0,"[1, 2, 3]",14,1000000.0,0.0,0.419977813434011,0.2281403709542437,2.879825928781272e-16,2.7395573118082472
sheet1_to_sheet2,V0,"[1, 2, 3]",14,1000000.0,0.0001,0.41997781343401125,0.22814037095426132,2.962041272146236e-16,2.7395573118020367
sheet1_to_sheet2,V0,"[1, 2, 3]",14,1000000.0,0.01,0.41997781343403884,0.2281403709560085,2.341870836045779e-16,2.7395573125339707
sheet1_to_sheet2,V0,"[1, 2, 3]",14,1000000.0,1.0,0.4199778134367912,0.2281403711307254,2.2520281588271043e-16,2.739557388411533
sheet1_to_sheet2,V0,"[1, 2, 3]",14,1000000.0,100.0,0.41997781371191234,0.22814038859185487,1.9672201285548225e-16,2.7395649794332235
sheet1_to_sheet2,V0,"[1, 2, 3]",14,1000000.0,10000.0,0.419977840109098,0.22814204002149152,2.99380025817472e-16,2.740352432259394
sheet1_to_sheet2,V0,"[0, 1, 3]",11,1e-06,0.0,0.24511656794038134,0.12097896882434249,1.2390846762197296e-12,961479243636.3855
sheet1_to_sheet2,V0,"[0, 1, 3]",11,1e-06,0.0001,0.23761303456313215,0.11913191661772765,1.9295565767731826e-12,293832752991.09827
sheet1_to_sheet2,V0,"[0, 1, 3]",11,1e-06,0.01,0.22299013580806354,0.11351116182221453,5.618596621551509e-13,143213389566.11713
sheet1_to_sheet2,V0,"[0, 1, 3]",11,1e-06,1.0,0.21735272161689145,0.11095872392094779,5.791586316103567e-13,129017689622.81824
sheet1_to_sheet2,V0,"[0, 1, 3]",11,1e-06,100.0,0.18269847655515742,0.09129942261051106,3.4020185603223427e-13,117991384390.3216
sheet1_to_sheet2,V0,"[0, 1, 3]",11,1e-06,10000.0,0.17363716083975345,0.08671908083147975,8.413824622050513e-13,111828093962.42119
sheet1_to_sheet2,V0,"[0, 1, 3]",11,0.0001,0.0,0.22141012251133435,0.11317343580781601,8.397433939631654e-13,17185631572.878033
sheet1_to_sheet2,V0,"[0, 1, 3]",11,0.0001,0.0001,0.2195254974626043,0.11240590972133688,3.4561358003187454e-13,16514901263.86661
sheet1_to_sheet2,V0,"[0, 1, 3]",11,0.0001,0.01,0.2147064920187297,0.11076825922749906,2.9603154360549596e-13,15525759055.511442
sheet1_to_sheet2,V0,"[0, 1, 3]",11,0.0001,1.0,0.2077316259984882,0.10775433136500324,9.897138432406267e-14,15342747513.461077
sheet1_to_sheet2,V0,"[0, 1, 3]",11,0.0001,100.0,0.17940813453891757,0.0900497984379802,1.83041116739452e-13,15174174894.096912
sheet1_to_sheet2,V0,"[0, 1, 3]",11,0.0001,10000.0,0.17131157433772243,0.08575428665918114,1.8015862124984952e-13,15118403465.973015
sheet1_to_sheet2,V0,"[0, 1, 3]",11,0.01,0.0,0.2123954771653141,0.10984017183244776,3.2927212220471456e-13,173220280.506584
sheet1_to_sheet2,V0,"[0, 1, 3]",11,0.01,0.0001,0.21240081952032827,0.10985196357205873,3.1324244439173154e-13,173149400.1041434
sheet1_to_sheet2,V0,"[0, 1, 3]",11,0.01,0.01,0.21261804603229129,0.11035588342927452,3.2665447588290396e-13,173029908.74859932
sheet1_to_sheet2,V0,"[0, 1, 3]",11,0.01,1.0,0.20793396325799468,0.10841104657729989,1.4250163670501886e-13,173003280.45624927
sheet1_to_sheet2,V0,"[0, 1, 3]",11,0.01,100.0,0.18092093890575167,0.09075590585750698,1.7106938195804719e-13,172989616.24184468
sheet1_to_sheet2,V0,"[0, 1, 3]",11,0.01,10000.0,0.17239761081393057,0.0860042255512016,1.0973898790928757e-13,173060374.81703305
sheet1_to_sheet2,V0,"[0, 1, 3]",11,1.0,0.0,0.28635556357073655,0.15565499621303508,9.199783234391408e-14,1732341.2848871674
sheet1_to_sheet2,V0,"[0, 1, 3]",11,1.0,0.0001,0.28635479026890454,0.1556546439614013,5.160214707354701e-14,1732334.192852237
sheet1_to_sheet2,V0,"[0, 1, 3]",11,1.0,0.01,0.2862794373926687,0.15562048722060623,6.386268090363607e-14,1732322.224698324
sheet1_to_sheet2,V0,"[0, 1, 3]",11,1.0,1.0,0.28311231463445985,0.1546521811565644,5.5501746895000024e-14,1732319.630356168
sheet1_to_sheet2,V0,"[0, 1, 3]",11,1.0,100.0,0.27401517636694217,0.15253138626617116,4.139764981101975e-14,1732325.7751158476
sheet1_to_sheet2,V0,"[0, 1, 3]",11,1.0,10000.0,0.26655785063053766,0.12986588197373275,5.894231837387674e-14,1733112.5527057564
sheet1_to_sheet2,V0,"[0, 1, 3]",11,100.0,0.0,0.37547837971359055,0.21283001507545063,3.971999094624093e-15,17324.41659895607
sheet1_to_sheet2,V0,"[0, 1, 3]",11,100.0,0.0001,0.3754783872249953,0.21283001605584775,4.021029034669381e-15,17324.415889783933
sheet1_to_sheet2,V0,"[0, 1, 3]",11,100.0,0.01,0.37547913065143235,0.2128301130690646,7.027084891281594e-15,17324.4147003928
sheet1_to_sheet2,V0,"[0, 1, 3]",11,100.0,1.0,0.3755516673298585,0.21283942713441328,4.434815725525688e-15,17324.41519218517
sheet1_to_sheet2,V0,"[0, 1, 3]",11,100.0,100.0,0.3794181370902242,0.21357452438325045,3.0028690412391664e-15,17324.49095780218
sheet1_to_sheet2,V0,"[0, 1, 3]",11,100.0,10000.0,0.3969936704215331,0.22271782582251584,3.2119905036650946e-15,17332.366675469908
sheet1_to_sheet2,V0,"[0, 1, 3]",11,10000.0,0.0,0.42030425051647746,0.22448745143248852,3.5836757147059365e-16,174.23416736457028
sheet1_to_sheet2,V0,"[0, 1, 3]",11,10000.0,0.0001,0.42030425051882747,0.22448745143266238,2.730593501203557e-16,174.2341672940066
sheet1_to_sheet2,V0,"[0, 1, 3]",11,10000.0,0.01,0.4203042507514802,0.2244874514498762,2.9760612121177114e-16,174.23416724950806
sheet1_to_sheet2,V0,"[0, 1, 3]",11,10000.0,1.0,0.4203042740104938,0.22448745317092048,3.4681669233751845e-16,174.23417481101956
sheet1_to_sheet2,V0,"[0, 1, 3]",11,10000.0,100.0,0.4203065428434402,0.2244876213836596,3.430222407690578e-16,174.23493389903106
sheet1_to_sheet2,V0,"[0, 1, 3]",11,10000.0,10000.0,0.420410267041328,0.22448895715890999,2.553807397466468e-16,174.31369186993248
sheet1_to_sheet2,V0,"[0, 1, 3]",11,1000000.0,0.0,0.419971793487382,0.2281505508904674,2.538810381709409e-16,2.732341673783201
sheet1_to_sheet2,V0,"[0, 1, 3]",11,1000000.0,0.0001,0.41997179348738256,0.22815055089048505,3.14463648644124e-16,2.732341673779682
sheet1_to_sheet2,V0,"[0, 1, 3]",11,1000000.0,0.01,0.41997179348743574,0.22815055089223452,3.9828679668134505e-16,2.732341674519639
sheet1_to_sheet2,V0,"[0, 1, 3]",11,1000000.0,1.0,0.41997179349275776,0.22815055106718174,2.2744810194830433e-16,2.732341750399111
sheet1_to_sheet2,V0,"[0, 1, 3]",11,1000000.0,100.0,0.4199717940247493,0.2281505685513275,4.560340902304585e-16,2.7323493414224123
sheet1_to_sheet2,V0,"[0, 1, 3]",11,1000000.0,10000.0,0.41997184540062155,0.22815222220627407,2.643894617191804e-16,2.7331369212108494
sheet1_to_sheet2,V0,"[0, 2, 3]",13,1e-06,0.0,2.7101720171171957,2.0285734083702724,2.4500957245128914e-12,33436694807.377834
sheet1_to_sheet2,V0,"[0, 2, 3]",13,1e-06,0.0001,2.2316437352632,1.6807892501107076,1.1316453077723393e-12,9820443698.211233
sheet1_to_sheet2,V0,"[0, 2, 3]",13,1e-06,0.01,1.4798516073382442,1.1079513294388876,1.0548202989114678e-12,2567956159.455255
sheet1_to_sheet2,V0,"[0, 2, 3]",13,1e-06,1.0,1.4535971411036182,1.0806504900796654,7.645246026101014e-13,2346659882.5488806
sheet1_to_sheet2,V0,"[0, 2, 3]",13,1e-06,100.0,1.485506410246584,1.0914180213610918,4.901350937799151e-13,2147536404.0340514
sheet1_to_sheet2,V0,"[0, 2, 3]",13,1e-06,10000.0,1.5240581639931523,1.1025404917666903,2.1463747374884872e-11,8927400985.26286
sheet1_to_sheet2,V0,"[0, 2, 3]",13,0.0001,0.0,1.5529803802095126,1.2023232256358285,1.0766371037529001e-12,342680168.0167639
sheet1_to_sheet2,V0,"[0, 2, 3]",13,0.0001,0.0001,1.4916112802723793,1.1486038669923146,6.135840024922987e-13,334437636.46781635
sheet1_to_sheet2,V0,"[0, 2, 3]",13,0.0001,0.01,1.2594694973124925,0.9337600964513895,1.9890188424715952e-13,303531259.26659644
sheet1_to_sheet2,V0,"[0, 2, 3]",13,0.0001,1.0,1.0352680107619148,0.7193348930500286,9.000436748900863e-14,300185818.26308304
sheet1_to_sheet2,V0,"[0, 2, 3]",13,0.0001,100.0,1.0674893255748426,0.725813279303072,1.4103290608072453e-13,296725074.7543831
sheet1_to_sheet2,V0,"[0, 2, 3]",13,0.0001,10000.0,1.1141481730976888,0.7214750138057899,7.218369325345874e-12,1336320107.1145368
sheet1_to_sheet2,V0,"[0, 2, 3]",13,0.01,0.0,0.5873833730422264,0.2995198523033822,2.465026701588885e-14,3427654.8727438035
sheet1_to_sheet2,V0,"[0, 2, 3]",13,0.01,0.0001,0.5872594369927054,0.2994141625898955,4.608444372186858e-14,3426810.0937424544
sheet1_to_sheet2,V0,"[0, 2, 3]",13,0.01,0.01,0.5828960315746827,0.29572740442317436,1.8553961527504964e-14,3422878.6656276346
sheet1_to_sheet2,V0,"[0, 2, 3]",13,0.01,1.0,0.5666184364303413,0.2887306840794846,9.564188913830023e-15,3422217.11115101
sheet1_to_sheet2,V0,"[0, 2, 3]",13,0.01,100.0,0.5697633876918937,0.29493287194322293,9.36111171011946e-15,3422470.5729999975
sheet1_to_sheet2,V0,"[0, 2, 3]",13,0.01,10000.0,0.588965073868217,0.2786308917100636,3.3245152004487035e-13,15532962.053029733
sheet1_to_sheet2,V0,"[0, 2, 3]",13,1.0,0.0,0.42100156825337365,0.25255970562182956,1.4005071680729577e-14,34277.62396909952
sheet1_to_sheet2,V0,"[0, 2, 3]",13,1.0,0.0001,0.42100102486833724,0.25255982811680994,1.8545691947478278e-14,34277.53947531359
sheet1_to_sheet2,V0,"[0, 2, 3]",13,1.0,0.01,0.4209493592572834,0.25257270246554586,1.6154173943223278e-14,34277.14643161876
sheet1_to_sheet2,V0,"[0, 2, 3]",13,1.0,1.0,0.4189424452696981,0.2543010681522047,1.4812290889569712e-14,34277.1552532595
sheet1_to_sheet2,V0,"[0, 2, 3]",13,1.0,100.0,0.40794695201901965,0.2605590096293311,8.210969241858857e-15,34284.83573172653
sheet1_to_sheet2,V0,"[0, 2, 3]",13,1.0,10000.0,0.4071258522702942,0.23453586988518502,2.7147484131163495e-13,155583.22679449865
sheet1_to_sheet2,V0,"[0, 2, 3]",13,100.0,0.0,0.37583099908978973,0.2170048623686089,4.46599120339341e-16,343.7662482151831
sheet1_to_sheet2,V0,"[0, 2, 3]",13,100.0,0.0001,0.3758310060531717,0.2170048628617315,6.715211889995541e-16,343.7662398173011
sheet1_to_sheet2,V0,"[0, 2, 3]",13,100.0,0.01,0.37583169523875115,0.21700491165252128,4.1139315008365864e-16,343.76620791495577
sheet1_to_sheet2,V0,"[0, 2, 3]",13,100.0,1.0,0.37589893052258855,0.21700956453828363,3.863806293608994e-16,343.76696055103974
sheet1_to_sheet2,V0,"[0, 2, 3]",13,100.0,100.0,0.3795267008095818,0.21754185241067714,4.986815209963438e-16,343.84428163909286
sheet1_to_sheet2,V0,"[0, 2, 3]",13,100.0,10000.0,0.3962436091573549,0.22581881366606132,2.1898079623454973e-14,1556.8476745538383
sheet1_to_sheet2,V0,"[0, 2, 3]",13,10000.0,0.0,0.4192326031835481,0.22715267699597777,3.042877633518091e-16,4.427662483004211
sheet1_to_sheet2,V0,"[0, 2, 3]",13,10000.0,0.0001,0.41923260318569533,0.2271526769973127,3.635934545551816e-16,4.427662482679636
sheet1_to_sheet2,V0,"[0, 2, 3]",13,10000.0,0.01,0.41923260339826796,0.22715267712946555,2.573051079554845e-16,4.427662553516063
sheet1_to_sheet2,V0,"[0, 2, 3]",13,10000.0,1.0,0.41923262465029665,0.2271526903372836,3.3679275369596726e-16,4.427670146320856
sheet1_to_sheet2,V0,"[0, 2, 3]",13,10000.0,100.0,0.41923470180619676,0.22715394322952115,3.0550430695916515e-16,4.428443408833457
sheet1_to_sheet2,V0,"[0, 2, 3]",13,10000.0,10000.0,0.4193289150148618,0.22719766407216746,5.949527718427011e-16,16.558479452470216
sheet1_to_sheet2,V0,"[0, 2, 3]",13,1000000.0,0.0,0.4228061977566967,0.23353820716335078,3.077813336206862e-16,1.0342766248301267
sheet1_to_sheet2,V0,"[0, 2, 3]",13,1000000.0,0.0001,0.42280619775669925,0.23353820716335275,4.658299805362519e-16,1.034276624835245
sheet1_to_sheet2,V0,"[0, 2, 3]",13,1000000.0,0.01,0.4228061977569457,0.233538207163543,3.685147812424534e-16,1.0342766255825975
sheet1_to_sheet2,V0,"[0, 2, 3]",13,1000000.0,1.0,0.4228061977815929,0.2335382071825666,2.9622317912494113e-16,1.0342767015172898
sheet1_to_sheet2,V0,"[0, 2, 3]",13,1000000.0,100.0,0.42280620024487614,0.23353820908376546,4.2527993966479174e-16,1.0342844341475785
sheet1_to_sheet2,V0,"[0, 2, 3]",13,1000000.0,10000.0,0.42280643376792304,0.23353838881480946,4.486755031433784e-16,1.1555847948183162
sheet1_to_sheet2,V0,"[0, 1, 2]",7,1e-06,0.0,2.3618954155940095,1.8197755762220886,6.7335957996323e-13,1659428031583.2112
sheet1_to_sheet2,V0,"[0, 1, 2]",7,1e-06,0.0001,2.0188378443340085,1.5122117936002208,6.268959008156836e-13,502417751334.81104
sheet1_to_sheet2,V0,"[0, 1, 2]",7,1e-06,0.01,1.8540046053750812,1.3778144135215857,4.849046557608589e-13,48758051969.607956
sheet1_to_sheet2,V0,"[0, 1, 2]",7,1e-06,1.0,1.8296113458959695,1.3515917784376288,3.441695625045045e-13,17582713021.79945
sheet1_to_sheet2,V0,"[0, 1, 2]",7,1e-06,100.0,1.924034646449294,1.3935838566592198,5.031509963630954e-13,15661399917.644648
sheet1_to_sheet2,V0,"[0, 1, 2]",7,1e-06,10000.0,2.0041219256367073,1.4100078167497676,1.4203671786861764e-12,14718322601.898722
sheet1_to_sheet2,V0,"[0, 1, 2]",7,0.0001,0.0,1.6390941949452342,1.2792026696098275,5.014960405183512e-13,17122908078.73949
sheet1_to_sheet2,V0,"[0, 1, 2]",7,0.0001,0.0001,1.6030112230702258,1.2560454834569283,6.073533764882833e-13,16573376113.050388
sheet1_to_sheet2,V0,"[0, 1, 2]",7,0.0001,0.01,1.4164695472623037,1.1273618944776667,4.389005136746576e-13,12684968343.157078
sheet1_to_sheet2,V0,"[0, 1, 2]",7,0.0001,1.0,1.1548383198565362,0.9371249812740613,2.9201313723902576e-13,8680700752.502157
sheet1_to_sheet2,V0,"[0, 1, 2]",7,0.0001,100.0,1.1590834339897842,0.9395798167006464,3.574050100447925e-13,8184979200.425977
sheet1_to_sheet2,V0,"[0, 1, 2]",7,0.0001,10000.0,1.20594548199048,0.9434565644931044,1.2373713710177603e-12,7921468311.331751
sheet1_to_sheet2,V0,"[0, 1, 2]",7,0.01,0.0,0.4848223152394224,0.3712512324715399,3.504747650789423e-13,171287962.48816898
sheet1_to_sheet2,V0,"[0, 1, 2]",7,0.01,0.0001,0.4846578654387552,0.3711130660230663,2.128597367803255e-13,171199054.70575252
sheet1_to_sheet2,V0,"[0, 1, 2]",7,0.01,0.01,0.4794323272414088,0.36598353717309695,2.3005328855104933e-13,170485142.00948414
sheet1_to_sheet2,V0,"[0, 1, 2]",7,0.01,1.0,0.4363896284824772,0.33288032661505007,1.184641509838198e-13,168135020.18477744
sheet1_to_sheet2,V0,"[0, 1, 2]",7,0.01,100.0,0.35188726628015643,0.28819656446935116,2.1088345281732086e-14,167938752.90605712
sheet1_to_sheet2,V0,"[0, 1, 2]",7,0.01,10000.0,0.3501854871184936,0.28124466169448914,5.41702361535266e-14,167900485.8500264
sheet1_to_sheet2,V0,"[0, 1, 2]",7,1.0,0.0,0.3449958830680264,0.26202083453268954,1.2194254945229066e-13,1712886.5049976972
sheet1_to_sheet2,V0,"[0, 1, 2]",7,1.0,0.0001,0.3449948191751023,0.26201950915666383,9.111354265871503e-14,1712877.6095897248
sheet1_to_sheet2,V0,"[0, 1, 2]",7,1.0,0.01,0.34489267940390234,0.2618933751568063,9.16969135416918e-14,1712805.8488544514
sheet1_to_sheet2,V0,"[0, 1, 2]",7,1.0,1.0,0.34113237633578186,0.25822014445165037,3.2012556121749234e-14,1712538.1843602585
sheet1_to_sheet2,V0,"[0, 1, 2]",7,1.0,100.0,0.32872814352622115,0.24657240920407641,1.4520798874087562e-14,1712530.4824237917
sheet1_to_sheet2,V0,"[0, 1, 2]",7,1.0,10000.0,0.32215614136534193,0.2258844348854444,3.553380204151686e-14,1713317.534336098
sheet1_to_sheet2,V0,"[0, 1, 2]",7,100.0,0.0,0.3742141150060547,0.21408011766078713,3.83851081905075e-15,17129.855638990623
sheet1_to_sheet2,V0,"[0, 1, 2]",7,100.0,0.0001,0.37421412250473574,0.21408011848373676,5.47463650676985e-15,17129.854749469676
sheet1_to_sheet2,V0,"[0, 1, 2]",7,100.0,0.01,0.3742148646680178,0.214080199916191,5.036206313792937e-15,17129.84758012193
sheet1_to_sheet2,V0,"[0, 1, 2]",7,100.0,1.0,0.37428724421744236,0.2140880155198907,4.812491645518686e-15,17129.821556734634
sheet1_to_sheet2,V0,"[0, 1, 2]",7,100.0,100.0,0.3781386604253438,0.21476427321047992,3.3287234002777476e-15,17129.89593769395
sheet1_to_sheet2,V0,"[0, 1, 2]",7,100.0,10000.0,0.3958130568217879,0.22360473790217505,2.593115063725143e-15,17137.775194188805
sheet1_to_sheet2,V0,"[0, 1, 2]",7,10000.0,0.0,0.4203002804858802,0.2245059192613938,3.6004317645001213e-16,172.28855644880753
sheet1_to_sheet2,V0,"[0, 1, 2]",7,10000.0,0.0001,0.4203002804882324,0.22450591926154953,2.2253319390896016e-16,172.2885563601003
sheet1_to_sheet2,V0,"[0, 1, 2]",7,10000.0,0.01,0.42030028072109654,0.2245059192769645,2.916303485464346e-16,172.28855571414226
sheet1_to_sheet2,V0,"[0, 1, 2]",7,10000.0,1.0,0.4203003040012351,0.2245059208182301,3.2662403032727505e-16,172.28856060884513
sheet1_to_sheet2,V0,"[0, 1, 2]",7,10000.0,100.0,0.42030257478730415,0.22450607202124043,2.7016046670646943e-16,172.28931956476725
sheet1_to_sheet2,V0,"[0, 1, 2]",7,10000.0,10000.0,0.42040634829370843,0.22450674041203628,2.0941204653940825e-16,172.36811300376868
sheet1_to_sheet2,V0,"[0, 1, 2]",7,1000000.0,0.0,0.41997212731823946,0.2281731301335247,1.8275499448480074e-16,2.712885564493966
sheet1_to_sheet2,V0,"[0, 1, 2]",7,1000000.0,0.0001,0.41997212731824013,0.22817313013354246,3.0803084011424574e-16,2.7128855644875434
sheet1_to_sheet2,V0,"[0, 1, 2]",7,1000000.0,0.01,0.4199721273182999,0.2281731301352966,4.2988966727628933e-16,2.7128855651327215
sheet1_to_sheet2,V0,"[0, 1, 2]",7,1000000.0,1.0,0.4199721273242871,0.22817313031071887,3.1516356089627706e-16,2.7128856405926713
sheet1_to_sheet2,V0,"[0, 1, 2]",7,1000000.0,100.0,0.4199721279227595,0.22817314784234324,4.03359041458927e-16,2.712893231666531
sheet1_to_sheet2,V0,"[0, 1, 2]",7,1000000.0,10000.0,0.419972185585765,0.22817480598498144,3.125461952309808e-16,2.713681166143957
sheet1_to_sheet2,V0,"[0, 1, 2, 3]",15,1e-06,0.0,0.7184758674638061,0.3506957031571286,3.3995455473491324e-12,1685607767684.8486
sheet1_to_sheet2,V0,"[0, 1, 2, 3]",15,1e-06,0.0001,0.39076115580738047,0.18347689856536847,1.072142747484678e-12,524840245472.1853
sheet1_to_sheet2,V0,"[0, 1, 2, 3]",15,1e-06,0.01,0.2570939579680266,0.1308246915024555,4.740033412831965e-13,150962939985.4921
sheet1_to_sheet2,V0,"[0, 1, 2, 3]",15,1e-06,1.0,0.242919996590222,0.12189418145733438,3.60316248608494e-13,132894063208.2786
sheet1_to_sheet2,V0,"[0, 1, 2, 3]",15,1e-06,100.0,0.23039758607877658,0.0949978617967237,4.188208508503446e-13,122481228876.19023
sheet1_to_sheet2,V0,"[0, 1, 2, 3]",15,1e-06,10000.0,0.2228881734469645,0.08939609287663251,1.1016757218338278e-12,117968906983.35698
sheet1_to_sheet2,V0,"[0, 1, 2, 3]",15,0.0001,0.0,0.27281233763814067,0.14171105267576817,9.520115632503158e-13,17389702388.464787
sheet1_to_sheet2,V0,"[0, 1, 2, 3]",15,0.0001,0.0001,0.2602167053964467,0.13525440095491514,9.390232058715723e-13,16847495878.975899
sheet1_to_sheet2,V0,"[0, 1, 2, 3]",15,0.0001,0.01,0.2349725441716664,0.12247835145053612,3.0638283853430153e-13,15637087201.329983
sheet1_to_sheet2,V0,"[0, 1, 2, 3]",15,0.0001,1.0,0.23562882816234987,0.12189792006189575,1.7360622019919304e-13,15453974996.162342
sheet1_to_sheet2,V0,"[0, 1, 2, 3]",15,0.0001,100.0,0.22078078833284104,0.09148101580333956,9.69408388754027e-14,15302746655.440968
sheet1_to_sheet2,V0,"[0, 1, 2, 3]",15,0.0001,10000.0,0.21115146355809128,0.08808038357914867,2.398453890103094e-13,15250390376.044603
sheet1_to_sheet2,V0,"[0, 1, 2, 3]",15,0.01,0.0,0.24879301375268686,0.13940785698979713,2.9216742149325714e-13,173956646.76117402
sheet1_to_sheet2,V0,"[0, 1, 2, 3]",15,0.01,0.0001,0.24881327801742245,0.13943702741269665,2.74760976746448e-13,173872704.67711458
sheet1_to_sheet2,V0,"[0, 1, 2, 3]",15,0.01,0.01,0.24915445308024292,0.14028143995494138,2.1858101011026907e-13,173754280.70964688
sheet1_to_sheet2,V0,"[0, 1, 2, 3]",15,0.01,1.0,0.24398134996292226,0.13346557066971684,1.3110312477316922e-13,173728637.0557726
sheet1_to_sheet2,V0,"[0, 1, 2, 3]",15,0.01,100.0,0.22941516414748597,0.09928567747788836,1.9056987214866293e-13,173717166.9242219
sheet1_to_sheet2,V0,"[0, 1, 2, 3]",15,0.01,10000.0,0.22271435593721367,0.09478285644877428,1.220315246289085e-13,173791375.77753216
sheet1_to_sheet2,V0,"[0, 1, 2, 3]",15,1.0,0.0,0.2924965319025797,0.203135908594284,7.72508280832554e-14,1739573.421864983
sheet1_to_sheet2,V0,"[0, 1, 2, 3]",15,1.0,0.0001,0.29249572215517383,0.20313507234306896,5.830655538468554e-14,1739565.0235897903
sheet1_to_sheet2,V0,"[0, 1, 2, 3]",15,1.0,0.01,0.29241727078060215,0.2030549523444448,1.8397430349363054e-13,1739553.1625351773
sheet1_to_sheet2,V0,"[0, 1, 2, 3]",15,1.0,1.0,0.2893985317691789,0.20099983129698204,7.454184957535761e-14,1739550.6669815553
sheet1_to_sheet2,V0,"[0, 1, 2, 3]",15,1.0,100.0,0.2823288870124669,0.1995547193836067,3.5354304860402893e-14,1739557.0318383148
sheet1_to_sheet2,V0,"[0, 1, 2, 3]",15,1.0,10000.0,0.2745054786711846,0.1821112376116346,5.949600545246206e-14,1740344.0328302043
sheet1_to_sheet2,V0,"[0, 1, 2, 3]",15,100.0,0.0,0.37549670248893574,0.21419141030328936,3.7885115737474374e-15,17396.724815077217
sheet1_to_sheet2,V0,"[0, 1, 2, 3]",15,100.0,0.0001,0.37549670997824003,0.21419141111078008,5.1933085714305064e-15,17396.723975273722
sheet1_to_sheet2,V0,"[0, 1, 2, 3]",15,100.0,0.01,0.37549745121667577,0.21419149101405838,6.681539963864357e-15,17396.72279659382
sheet1_to_sheet2,V0,"[0, 1, 2, 3]",15,100.0,1.0,0.37556976890829397,0.21419916559355523,6.147310835796053e-15,17396.723298270008
sheet1_to_sheet2,V0,"[0, 1, 2, 3]",15,100.0,100.0,0.379418650118198,0.21486914103224442,3.105162450194981e-15,17396.79908619118
sheet1_to_sheet2,V0,"[0, 1, 2, 3]",15,100.0,10000.0,0.3970288434500113,0.22371931354297786,3.2045200266682667e-15,17404.673599697835
sheet1_to_sheet2,V0,"[0, 1, 2, 3]",15,10000.0,0.0,0.4203087730199413,0.22450398845931568,3.2385990013970945e-16,174.95724821041486
sheet1_to_sheet2,V0,"[0, 1, 2, 3]",15,10000.0,0.0001,0.42030877302228353,0.224503988459477,4.355744734019104e-16,174.95724812671563
sheet1_to_sheet2,V0,"[0, 1, 2, 3]",15,10000.0,0.01,0.4203087732541683,0.22450398847544892,3.580476065174192e-16,174.95724808329732
sheet1_to_sheet2,V0,"[0, 1, 2, 3]",15,10000.0,1.0,0.4203087964364177,0.22450399007236801,2.181965131975764e-16,174.9572556458438
sheet1_to_sheet2,V0,"[0, 1, 2, 3]",15,10000.0,100.0,0.4203110579650474,0.22450414655419257,2.1139746398939328e-16,174.95801473902338
sheet1_to_sheet2,V0,"[0, 1, 2, 3]",15,10000.0,10000.0,0.42041446538492044,0.22450503086405713,2.4887997434052763e-16,175.03676032444812
sheet1_to_sheet2,V0,"[0, 1, 2, 3]",15,1000000.0,0.0,0.4199706491470801,0.22814163849342078,2.4276468747853176e-16,2.739572482110113
sheet1_to_sheet2,V0,"[0, 1, 2, 3]",15,1000000.0,0.0001,0.4199706491470806,0.22814163849343838,3.1102241152332456e-16,2.7395724821045513
sheet1_to_sheet2,V0,"[0, 1, 2, 3]",15,1000000.0,0.01,0.41997064914713167,0.22814163849518598,3.51509301585708e-16,2.739572482844711
sheet1_to_sheet2,V0,"[0, 1, 2, 3]",15,1000000.0,1.0,0.4199706491522355,0.22814163866994205,3.9457169362919987e-16,2.7395725587247517
sheet1_to_sheet2,V0,"[0, 1, 2, 3]",15,1000000.0,100.0,0.4199706496624269,0.22814165613499032,4.539828200683366e-16,2.7395801497779453
sheet1_to_sheet2,V0,"[0, 1, 2, 3]",15,1000000.0,10000.0,0.41997069897427863,0.22814330798226784,3.068409709573458e-16,2.7403676056772293
sheet2_to_sheet1,V0,[2],4,1e-06,0.0,0.06163631668090614,0.021700461723176547,2.1756547328092405e-13,5773177551.443827
sheet2_to_sheet1,V0,[2],4,1e-06,0.0001,0.06162407913486378,0.021714134331052605,2.425020321552087e-13,219938278.21775988
sheet2_to_sheet1,V0,[2],4,1e-06,0.01,0.06143898528753341,0.021844574398882315,2.30397562229824e-13,20223201.184757046
sheet2_to_sheet1,V0,[2],4,1e-06,1.0,0.06148364718256419,0.02174766791619383,3.013584666127906e-13,1330079.216567052
sheet2_to_sheet1,V0,[2],4,1e-06,100.0,0.061467535417757,0.021718602322509085,1.7055938830109161e-13,253799.28603626002
sheet2_to_sheet1,V0,[2],4,1e-06,10000.0,0.06146728396079387,0.021718173801115223,1.463833838315577e-11,5352135.078586593
sheet2_to_sheet1,V0,[2],4,0.0001,0.0,0.061821616601033365,0.021661327493821055,4.925185802363403e-13,75317670.45598285
sheet2_to_sheet1,V0,[2],4,0.0001,0.0001,0.06179037943453698,0.02167925240589379,2.7979394535474924e-13,54770529.91939174
sheet2_to_sheet1,V0,[2],4,0.0001,0.01,0.06149351880589664,0.021836291597600345,1.576866905135023e-13,15772908.483630367
sheet2_to_sheet1,V0,[2],4,0.0001,1.0,0.061466016462454504,0.021760748461826417,1.703755665765903e-13,1306250.7572828783
sheet2_to_sheet1,V0,[2],4,0.0001,100.0,0.06144402015916932,0.021731081434990772,1.8253171463990257e-13,252904.83778785166
sheet2_to_sheet1,V0,[2],4,0.0001,10000.0,0.06144369234036579,0.021730633779332646,1.1744022324793621e-11,5333969.55992906
sheet2_to_sheet1,V0,[2],4,0.01,0.0,0.06147272790015784,0.02202305262669945,1.6336515649834903e-13,755642.6655241537
sheet2_to_sheet1,V0,[2],4,0.01,0.0001,0.0614698599340546,0.02202455173481804,1.482733967777906e-13,752807.8179840838
sheet2_to_sheet1,V0,[2],4,0.01,0.01,0.06130252660559443,0.02211117877347646,2.502709093790447e-13,725747.3272235501
sheet2_to_sheet1,V0,[2],4,0.01,1.0,0.06058049139077197,0.022440722395713732,2.566647178317363e-13,473183.58953683474
sheet2_to_sheet1,V0,[2],4,0.01,100.0,0.059878973123333123,0.022719641977781955,1.8549890923024538e-13,187001.28791960666
sheet2_to_sheet1,V0,[2],4,0.01,10000.0,0.05985956502699679,0.02272766094190177,7.48769024557835e-12,3982336.823902384
sheet2_to_sheet1,V0,[2],4,1.0,0.0,0.0581813428977488,0.026379521535856206,2.0403538045782998e-14,7557.663967161533
sheet2_to_sheet1,V0,[2],4,1.0,0.0001,0.05818133922180575,0.026379535134778635,9.996904068457178e-15,7557.379377301475
sheet2_to_sheet1,V0,[2],4,1.0,0.01,0.05818098453460259,0.026380843450896852,2.2460492380915895e-14,7554.55271708336
sheet2_to_sheet1,V0,[2],4,1.0,1.0,0.05816227795341443,0.026436428650945802,1.567067741004103e-14,7512.891186385872
sheet2_to_sheet1,V0,[2],4,1.0,100.0,0.05815479718683701,0.026673198280466822,7.469004345151517e-15,7273.980765617436
sheet2_to_sheet1,V0,[2],4,1.0,10000.0,0.058178711933694255,0.026821144007439485,4.117833543375254e-13,151190.1176940382
sheet2_to_sheet1,V0,[2],4,100.0,0.0,0.05821562580799332,0.02702060459129361,2.2722281856236757e-16,76.56666440362434
sheet2_to_sheet1,V0,[2],4,100.0,0.0001,0.05821562580460911,0.02702060459091902,1.5625347526461505e-16,76.56663564677457
sheet2_to_sheet1,V0,[2],4,100.0,0.01,0.058215625469727195,0.02702060455389504,3.5301608790747065e-16,76.56635667662209
sheet2_to_sheet1,V0,[2],4,100.0,1.0,0.058215593339663224,0.027020601375505514,1.6499394017717791e-16,76.56286245682097
sheet2_to_sheet1,V0,[2],4,100.0,100.0,0.05821389755624788,0.02702035039342957,3.1698920503021125e-16,76.61998256064066
sheet2_to_sheet1,V0,[2],4,100.0,10000.0,0.05821185215556484,0.027021432721205777,2.9496240848288543e-15,1556.3874857007308
sheet2_to_sheet1,V0,[2],4,10000.0,0.0,0.05715881797571908,0.026133562296349198,3.3257861961198183e-16,1.7556666465094468
sheet2_to_sheet1,V0,[2],4,10000.0,0.0001,0.05715881797539647,0.026133562296061313,2.9840433679667616e-16,1.7556666406659178
sheet2_to_sheet1,V0,[2],4,10000.0,0.01,0.05715881794345759,0.0261335622675606,4.02374549881423e-16,1.7556666509876784
sheet2_to_sheet1,V0,[2],4,10000.0,1.0,0.057158814751500156,0.026133559419222404,2.2786703475316915e-16,1.7556732846404188
sheet2_to_sheet1,V0,[2],4,10000.0,100.0,0.05715851286262544,0.026133290121491935,3.285972594324652e-16,1.7565004476868973
sheet2_to_sheet1,V0,[2],4,10000.0,10000.0,0.05714655845240629,0.026122676294680732,7.870634945264928e-16,16.55835091219977
sheet2_to_sheet1,V0,[2],4,1000000.0,0.0,0.056509005354314384,0.025519612842395064,3.6212730530862948e-16,1.0075566664653417
sheet2_to_sheet1,V0,[2],4,1000000.0,0.0001,0.05650900535431431,0.025519612842394988,2.3130087266088697e-16,1.0075566664350792
sheet2_to_sheet1,V0,[2],4,1000000.0,0.01,0.056509005354306384,0.02551961284238712,2.8777347502976136e-16,1.0075566668183003
sheet2_to_sheet1,V0,[2],4,1000000.0,1.0,0.05650900535351539,0.025519612841601487,3.4681364544732756e-16,1.007556737312678
sheet2_to_sheet1,V0,[2],4,1000000.0,100.0,0.05650900527446361,0.025519612763085474,2.582157762554068e-16,1.0075650345511475
sheet2_to_sheet1,V0,[2],4,1000000.0,10000.0,0.05650899780143052,0.02551960534242852,3.1879800458648457e-16,1.155583956857616
sheet2_to_sheet1,V0,"[0, 2]",5,1e-06,0.0,0.0727049797826664,0.02289238198746347,1.7185478826541003e-13,5779393051.890975
sheet2_to_sheet1,V0,"[0, 2]",5,1e-06,0.0001,0.07158852333849199,0.022189030714913224,1.282282895837421e-13,225374082.2002563
sheet2_to_sheet1,V0,"[0, 2]",5,1e-06,0.01,0.06393579114625075,0.019744280205441927,7.685822549200671e-14,20878757.248022825
sheet2_to_sheet1,V0,"[0, 2]",5,1e-06,1.0,0.05580222706199915,0.02543016008830179,1.823289087029198e-14,1561894.8942380906
sheet2_to_sheet1,V0,"[0, 2]",5,1e-06,100.0,0.06336617875125554,0.04883695930114692,6.008138590685683e-14,572885.7647289473
sheet2_to_sheet1,V0,"[0, 2]",5,1e-06,10000.0,0.06440150534922659,0.04782446482207797,7.648821255353914e-12,11492300.773362666
sheet2_to_sheet1,V0,"[0, 2]",5,0.0001,0.0,0.07112604527371968,0.021426468726798,1.5068069053764678e-13,75529408.27726996
sheet2_to_sheet1,V0,"[0, 2]",5,0.0001,0.0001,0.07043375163642576,0.021041077534642343,1.16118941360462e-13,55621455.19006397
sheet2_to_sheet1,V0,"[0, 2]",5,0.0001,0.01,0.06331761127975406,0.019193133213748458,1.1332586017647392e-13,16168957.074502109
sheet2_to_sheet1,V0,"[0, 2]",5,0.0001,1.0,0.05561689378052959,0.02521587451111325,2.625273729378838e-14,1530661.4009617232
sheet2_to_sheet1,V0,"[0, 2]",5,0.0001,100.0,0.06289026729297643,0.04840161862896218,8.592256501976353e-14,568634.5516595629
sheet2_to_sheet1,V0,"[0, 2]",5,0.0001,10000.0,0.06390925586754316,0.047384947175789734,5.413315484009671e-12,11408871.226225903
sheet2_to_sheet1,V0,"[0, 2]",5,0.01,0.0,0.061875447035280404,0.015097766776492102,4.710911130235007e-14,757752.1530808426
sheet2_to_sheet1,V0,"[0, 2]",5,0.01,0.0001,0.0617651639165569,0.015084315078208163,3.420076357477652e-14,755040.9305498538
sheet2_to_sheet1,V0,"[0, 2]",5,0.01,0.01,0.05803061471663663,0.01443048157351127,3.529755820170723e-14,729618.4785720975
sheet2_to_sheet1,V0,"[0, 2]",5,0.01,1.0,0.04887325930621264,0.017765016070597696,2.5524781569902882e-14,510268.8817540824
sheet2_to_sheet1,V0,"[0, 2]",5,0.01,100.0,0.040828978503859664,0.027328160790974155,4.198907111959956e-14,326413.3413380044
sheet2_to_sheet1,V0,"[0, 2]",5,0.01,10000.0,0.04091731183687608,0.02604615663393663,3.7108753838129064e-12,6610158.646732097
sheet2_to_sheet1,V0,"[0, 2]",5,1.0,0.0,0.038264566777025076,0.008793357634048092,1.7873634970790327e-15,7578.758046181933
sheet2_to_sheet1,V0,"[0, 2]",5,1.0,0.0001,0.03826287047629117,0.00879307870453921,2.069693485254603e-15,7578.485914503293
sheet2_to_sheet1,V0,"[0, 2]",5,1.0,0.01,0.038104119140836765,0.00876835700532979,2.257062231629959e-15,7575.837511976169
sheet2_to_sheet1,V0,"[0, 2]",5,1.0,1.0,0.03410058811462163,0.009198532285432336,2.381913058440722e-15,7542.2523094301
sheet2_to_sheet1,V0,"[0, 2]",5,1.0,100.0,0.02955963340296258,0.011249444711351553,4.73116140345291e-15,7488.025388103414
sheet2_to_sheet1,V0,"[0, 2]",5,1.0,10000.0,0.030399730555822593,0.01159794240620506,6.405050369197221e-13,153506.96625224195
sheet2_to_sheet1,V0,"[0, 2]",5,100.0,0.0,0.05502334385074319,0.02618365097217379,2.8395951670656895e-16,76.77760511416666
sheet2_to_sheet1,V0,"[0, 2]",5,100.0,0.0001,0.055023346282793074,0.026183653050398513,2.1063016542451105e-16,76.77757762061724
sheet2_to_sheet1,V0,"[0, 2]",5,100.0,0.01,0.055023586997845673,0.02618385874305521,2.1898726066737905e-16,76.77731674231306
sheet2_to_sheet1,V0,"[0, 2]",5,100.0,1.0,0.05504713147197795,0.026203956365861952,2.622977841133507e-16,76.77465063751767
sheet2_to_sheet1,V0,"[0, 2]",5,100.0,100.0,0.0561993055664919,0.027154548314091146,9.456986108478782e-16,76.851570163741
sheet2_to_sheet1,V0,"[0, 2]",5,100.0,10000.0,0.060417166078276976,0.03032427528928287,4.557202848205341e-14,1556.6293434274635
sheet2_to_sheet1,V0,"[0, 2]",5,10000.0,0.0,0.057269799774725766,0.02626884833281974,2.8796535082106425e-16,1.757776053606903
sheet2_to_sheet1,V0,"[0, 2]",5,10000.0,0.0001,0.057269799774655517,0.02626884833274479,3.025771010311483e-16,1.7577760480635802
sheet2_to_sheet1,V0,"[0, 2]",5,10000.0,0.01,0.05726979976770139,0.02626884832532561,3.3251374562765296e-16,1.757776062702233
sheet2_to_sheet1,V0,"[0, 2]",5,10000.0,1.0,0.05726979907414277,0.0262688475850637,2.8234948197408097e-16,1.7577828947688696
sheet2_to_sheet1,V0,"[0, 2]",5,10000.0,100.0,0.057269746116756906,0.026268788212295807,2.776649255434206e-16,1.7586151324985655
sheet2_to_sheet1,V0,"[0, 2]",5,10000.0,10000.0,0.05727008125306442,0.026268410220137615,1.4039053357323477e-15,16.55837824494169
sheet2_to_sheet1,V0,"[0, 2]",5,1000000.0,0.0,0.05650977243616851,0.02552067238612221,2.1492442593147115e-16,1.0075777605363156
sheet2_to_sheet1,V0,"[0, 2]",5,1000000.0,0.0001,0.05650977243616845,0.025520672386122146,2.9508437311626076e-16,1.0075777605078218
sheet2_to_sheet1,V0,"[0, 2]",5,1000000.0,0.01,0.05650977243616312,0.025520672386116498,3.0635165376000264e-16,1.007577760916552
sheet2_to_sheet1,V0,"[0, 2]",5,1000000.0,1.0,0.05650977243563023,0.02552067238555174,2.610222233417665e-16,1.0075778325867044
sheet2_to_sheet1,V0,"[0, 2]",5,1000000.0,100.0,0.0565097723823868,0.025520672329121512,2.302846314954254e-16,1.0075861612693837
sheet2_to_sheet1,V0,"[0, 2]",5,1000000.0,10000.0,0.05650976746711543,0.025520667095322448,3.208524595497895e-16,1.1555839909587036
sheet2_to_sheet1,V0,"[0, 3]",9,1e-06,0.0,0.07878303527377788,0.009545458975971052,8.456531622808843e-12,16898167701.851387
sheet2_to_sheet1,V0,"[0, 3]",9,1e-06,0.0001,0.0710396787577397,0.016381583863967042,5.026383158637242e-12,5150289930.940529
sheet2_to_sheet1,V0,"[0, 3]",9,1e-06,0.01,0.06363758751062712,0.012827824027504018,1.2876512424878563e-11,2081383294.8832283
sheet2_to_sheet1,V0,"[0, 3]",9,1e-06,1.0,0.053642256383703915,0.013664372133884826,2.7748399115624637e-12,1905755455.113609
sheet2_to_sheet1,V0,"[0, 3]",9,1e-06,100.0,0.038593934495911156,0.016679316401479856,3.905968710010118e-12,1879252930.9417033
sheet2_to_sheet1,V0,"[0, 3]",9,1e-06,10000.0,0.03882433079974472,0.01602200050532639,1.2924406140664038e-10,10802188208.662039
sheet2_to_sheet1,V0,"[0, 3]",9,0.0001,0.0,0.06674533324358539,0.014061239599421922,3.221003447086445e-12,265540312.80093047
sheet2_to_sheet1,V0,"[0, 3]",9,0.0001,0.0001,0.06577731971178509,0.013685621692526398,1.9837173651571057e-12,256357747.96692124
sheet2_to_sheet1,V0,"[0, 3]",9,0.0001,0.01,0.05976172025499751,0.010726883270091117,1.2174032738301714e-12,238714640.02686343
sheet2_to_sheet1,V0,"[0, 3]",9,0.0001,1.0,0.047689381928118585,0.010456721790775945,5.758984934800838e-13,236218530.1656661
sheet2_to_sheet1,V0,"[0, 3]",9,0.0001,100.0,0.02765371792598193,0.011025329161389198,7.681726961966517e-13,235866357.25903293
sheet2_to_sheet1,V0,"[0, 3]",9,0.0001,10000.0,0.027226801438888566,0.010013721825532923,2.1379874032483596e-11,1371960708.8646872
sheet2_to_sheet1,V0,"[0, 3]",9,0.01,0.0,0.061960959146626374,0.010727397257687614,3.422089167278712e-14,2670731.3988583474
sheet2_to_sheet1,V0,"[0, 3]",9,0.01,0.0001,0.0618481072806848,0.01069396513943623,2.189513478788771e-14,2669769.5859902212
sheet2_to_sheet1,V0,"[0, 3]",9,0.01,0.01,0.0579001617189704,0.009195041575748552,1.8105127655816186e-14,2667344.8099343446
sheet2_to_sheet1,V0,"[0, 3]",9,0.01,1.0,0.04576868957502192,0.009571847984457657,9.84254042852402e-15,2666858.3900095257
sheet2_to_sheet1,V0,"[0, 3]",9,0.01,100.0,0.027340166122213464,0.010201060997294798,1.1745765254849992e-14,2667560.3563891016
sheet2_to_sheet1,V0,"[0, 3]",9,0.01,10000.0,0.02700615865317657,0.009171344129061947,5.561074176961042e-13,15537628.623654608
sheet2_to_sheet1,V0,"[0, 3]",9,1.0,0.0,0.0382742278052139,0.008382954230119177,1.0848748505316224e-15,26709.845652732904
sheet2_to_sheet1,V0,"[0, 3]",9,1.0,0.0001,0.03827251746944568,0.008382674257753435,1.1739944490767649e-15,26709.749430057407
sheet2_to_sheet1,V0,"[0, 3]",9,1.0,0.01,0.03811243637232457,0.008357861289944285,1.3114620718422297e-15,26709.507275443055
sheet2_to_sheet1,V0,"[0, 3]",9,1.0,1.0,0.03405224644341795,0.008775298210153878,6.592406714325948e-16,26709.5336519383
sheet2_to_sheet1,V0,"[0, 3]",9,1.0,100.0,0.02938425951538404,0.010884344588470434,5.243917101369781e-15,26717.29808488633
sheet2_to_sheet1,V0,"[0, 3]",9,1.0,10000.0,0.030280137583922825,0.011368351478632285,4.88660249421601e-13,155583.44255379538
sheet2_to_sheet1,V0,"[0, 3]",9,100.0,0.0,0.05516808643886535,0.02638503655614774,2.4708001060571557e-16,268.08861070273184
sheet2_to_sheet1,V0,"[0, 3]",9,100.0,0.0001,0.055168088882771346,0.026385038655722382,3.950848075624398e-16,268.08860112065236
sheet2_to_sheet1,V0,"[0, 3]",9,100.0,0.01,0.05516833077112209,0.026385246461373794,1.9837448312932366e-16,268.08858432896693
sheet2_to_sheet1,V0,"[0, 3]",9,100.0,1.0,0.055191988473501465,0.026405549524607917,3.023616287045588e-16,268.0893385420317
sheet2_to_sheet1,V0,"[0, 3]",9,100.0,100.0,0.056349032172569154,0.02736580871489862,1.0694479398198514e-15,268.1670575743169
sheet2_to_sheet1,V0,"[0, 3]",9,100.0,10000.0,0.06058935980690875,0.030571053742840193,4.689294854218866e-14,1556.8450697870717
sheet2_to_sheet1,V0,"[0, 3]",9,10000.0,0.0,0.05800922258666043,0.02692507232224066,3.211850811669782e-16,3.670886122444871
sheet2_to_sheet1,V0,"[0, 3]",9,10000.0,0.0001,0.0580092225865828,0.026925072322172526,2.5409119376532435e-16,3.6708861218889948
sheet2_to_sheet1,V0,"[0, 3]",9,10000.0,0.01,0.05800922257889725,0.026925072315426693,4.459957512620706e-16,3.670886194451787
sheet2_to_sheet1,V0,"[0, 3]",9,10000.0,1.0,0.058009221812347724,0.02692507164254317,2.413199054509421e-16,3.670893785628638
sheet2_to_sheet1,V0,"[0, 3]",9,10000.0,100.0,0.05800916290682337,0.026925019386881903,3.152048605923868e-16,3.6716709834219956
sheet2_to_sheet1,V0,"[0, 3]",9,10000.0,10000.0,0.058009569527917394,0.02692515288409169,1.2436033831957287e-15,16.558453007176045
sheet2_to_sheet1,V0,"[0, 3]",9,1000000.0,0.0,0.05653983589280946,0.02555120211665815,3.077160441015612e-16,1.0267088612259907
sheet2_to_sheet1,V0,"[0, 3]",9,1000000.0,0.0001,0.05653983589280918,0.025551202116657862,3.236107181684511e-16,1.0267088612299584
sheet2_to_sheet1,V0,"[0, 3]",9,1000000.0,0.01,0.056539835892781644,0.025551202116629746,2.984002515639686e-16,1.026708861979634
sheet2_to_sheet1,V0,"[0, 3]",9,1000000.0,1.0,0.05653983589002865,0.025551202113818387,3.2640070327709333e-16,1.026708937896307
sheet2_to_sheet1,V0,"[0, 3]",9,1000000.0,100.0,0.05653983561491145,0.02555120183286554,2.6510030812105905e-16,1.0267167098749876
sheet2_to_sheet1,V0,"[0, 3]",9,1000000.0,10000.0,0.05653980973567905,0.025551175382997823,3.6302828250606325e-16,1.155584530311665
sheet2_to_sheet1,V0,"[1, 2]",6,1e-06,0.0,0.09764202692716228,0.012782362303240886,5.450260041767944e-12,1409099419397.5918
sheet2_to_sheet1,V0,"[1, 2]",6,1e-06,0.0001,0.09563095443522966,0.011866404199936705,4.95541213964158e-12,54283601568.982544
sheet2_to_sheet1,V0,"[1, 2]",6,1e-06,0.01,0.08525545566852771,0.009204592801011711,4.326287313588529e-12,4980522636.523249
sheet2_to_sheet1,V0,"[1, 2]",6,1e-06,1.0,0.08496313477380862,0.014488904903508107,2.073054209935068e-12,335357396.74483097
sheet2_to_sheet1,V0,"[1, 2]",6,1e-06,100.0,0.1761359210615383,0.10217643859356548,4.2792814851329357e-13,84384646.90001893
sheet2_to_sheet1,V0,"[1, 2]",6,1e-06,10000.0,0.2013521204893448,0.12533051962266892,1.1482035627200199e-12,80805878.43552946
sheet2_to_sheet1,V0,"[1, 2]",6,0.0001,0.0,0.09699347095308994,0.012450088493707767,6.361672662134669e-12,17275904960.4122
sheet2_to_sheet1,V0,"[1, 2]",6,0.0001,0.0001,0.09554952956951344,0.011828861528318245,8.407547854436405e-12,13228180888.499546
sheet2_to_sheet1,V0,"[1, 2]",6,0.0001,0.01,0.08518243133946518,0.009215521575999731,5.075355235645855e-12,3876621767.191815
sheet2_to_sheet1,V0,"[1, 2]",6,0.0001,1.0,0.084779934594037,0.014483906439884611,2.4533218227860504e-12,329048270.6228993
sheet2_to_sheet1,V0,"[1, 2]",6,0.0001,100.0,0.17593661639187042,0.10218365460072469,4.3832979068189365e-13,83979477.71742713
sheet2_to_sheet1,V0,"[1, 2]",6,0.0001,10000.0,0.20113104563914974,0.12531046385441313,1.5820938845900497e-12,80434439.70090416
sheet2_to_sheet1,V0,"[1, 2]",6,0.01,0.0,0.07772943685885654,0.007083989201657242,3.3494975948452177e-12,173220127.38468376
sheet2_to_sheet1,V0,"[1, 2]",6,0.01,0.0001,0.07761566906655716,0.007061973851959371,7.517921496471353e-12,172621009.13718465
sheet2_to_sheet1,V0,"[1, 2]",6,0.01,0.01,0.0739465356581245,0.006338715861944586,2.017530051544635e-12,167352869.53483108
sheet2_to_sheet1,V0,"[1, 2]",6,0.01,1.0,0.07665292454188163,0.01568880611187358,3.2303456201284754e-12,114200762.56808078
sheet2_to_sheet1,V0,"[1, 2]",6,0.01,100.0,0.16238457210430382,0.10208103358273359,5.407718532856965e-13,56737308.129768334
sheet2_to_sheet1,V0,"[1, 2]",6,0.01,10000.0,0.18563288882549642,0.12312421262643446,1.1408170030368525e-12,55104612.99868726
sheet2_to_sheet1,V0,"[1, 2]",6,1.0,0.0,0.07276041348512712,0.038519668919287875,1.2689855800341595e-12,1732258.8059947328
sheet2_to_sheet1,V0,"[1, 2]",6,1.0,0.0001,0.07276158752864781,0.03852080140487415,1.2303633333671473e-12,1732195.5862608273
sheet2_to_sheet1,V0,"[1, 2]",6,1.0,0.01,0.07287334804458416,0.03862889919782343,9.7018630290006e-13,1731559.2420911922
sheet2_to_sheet1,V0,"[1, 2]",6,1.0,1.0,0.07597864588581808,0.041837335083330894,1.0277160907289962e-12,1722652.0088538015
sheet2_to_sheet1,V0,"[1, 2]",6,1.0,100.0,0.08862836167226062,0.0542368894202127,9.729045116938538e-14,1696737.4899729148
sheet2_to_sheet1,V0,"[1, 2]",6,1.0,10000.0,0.0923043894234203,0.05741428298420618,9.66801048433262e-14,1695983.061333602
sheet2_to_sheet1,V0,"[1, 2]",6,100.0,0.0,0.05894568630887528,0.027702995714537423,2.6867055900423694e-14,17323.58371434853
sheet2_to_sheet1,V0,"[1, 2]",6,100.0,0.0001,0.058945686343161746,0.027702995721526562,2.625665582120234e-14,17323.577391857212
sheet2_to_sheet1,V0,"[1, 2]",6,100.0,0.01,0.05894568973609822,0.027702996413960533,1.645086301642855e-14,17323.513733527205
sheet2_to_sheet1,V0,"[1, 2]",6,100.0,1.0,0.058946015898578286,0.02770307031350876,1.9147693201491885e-14,17322.586311113064
sheet2_to_sheet1,V0,"[1, 2]",6,100.0,100.0,0.0589593462195947,0.02771260880249343,1.1200957189620864e-14,17318.70832841798
sheet2_to_sheet1,V0,"[1, 2]",6,100.0,10000.0,0.05894440290743246,0.02770312224322247,2.396695178301685e-15,17326.29253095416
sheet2_to_sheet1,V0,"[1, 2]",6,10000.0,0.0,0.05851804173790142,0.02728321566092258,2.625118211963444e-16,174.2258377089254
sheet2_to_sheet1,V0,"[1, 2]",6,10000.0,0.0001,0.05851804173786877,0.02728321566089983,1.4510627213163959e-16,174.22583707382262
sheet2_to_sheet1,V0,"[1, 2]",6,10000.0,0.01,0.05851804173463655,0.02728321565864721,2.1524672759591214e-16,174.2258307467651
sheet2_to_sheet1,V0,"[1, 2]",6,10000.0,1.0,0.05851804141153673,0.027283215433485195,2.398599713533288e-16,174.22574498711492
sheet2_to_sheet1,V0,"[1, 2]",6,10000.0,100.0,0.05851801022479118,0.027283193834607762,2.1898318545146907e-16,174.226106929573
sheet2_to_sheet1,V0,"[1, 2]",6,10000.0,10000.0,0.0585166148834215,0.027282329463109267,2.0980301473792545e-16,174.30489992082818
sheet2_to_sheet1,V0,"[1, 2]",6,1000000.0,0.0,0.05767484301735202,0.026589855253458097,3.1749066960214307e-16,2.732258377145801
sheet2_to_sheet1,V0,"[1, 2]",6,1000000.0,0.0001,0.05767484301734806,0.026589855253454742,3.1225476432131567e-16,2.7322583770537525
sheet2_to_sheet1,V0,"[1, 2]",6,1000000.0,0.01,0.05767484301695449,0.026589855253122845,1.665885702623856e-16,2.73225837680908
sheet2_to_sheet1,V0,"[1, 2]",6,1000000.0,1.0,0.05767484297759917,0.026589855219933095,2.5116585358166586e-16,2.7322584381156845
sheet2_to_sheet1,V0,"[1, 2]",6,1000000.0,100.0,0.057674839044417475,0.026589851902950764,2.6694818215712734e-16,2.7322659730619336
sheet2_to_sheet1,V0,"[1, 2]",6,1000000.0,10000.0,0.057674466831877165,0.02658953809184215,2.0214449815389176e-16,2.7330541982442047
sheet2_to_sheet1,V0,[3],8,1e-06,0.0,0.0788645944916727,0.040274745557991654,8.780565655511702e-11,16875625049.842827
sheet2_to_sheet1,V0,[3],8,1e-06,0.0001,0.07585930250226607,0.04042625697776801,5.127284135429457e-11,4990504104.192368
sheet2_to_sheet1,V0,[3],8,1e-06,0.01,0.0725692386443508,0.036928666047297005,3.381747699667635e-11,1977069305.893163
sheet2_to_sheet1,V0,[3],8,1e-06,1.0,0.07354840391002308,0.03658690792066254,4.1802461268475e-11,1802964458.2641351
sheet2_to_sheet1,V0,[3],8,1e-06,100.0,0.07356221111642164,0.036583328381803386,1.871933467293524e-11,1801681048.9743526
sheet2_to_sheet1,V0,[3],8,1e-06,10000.0,0.07356234951446242,0.036583293259249465,3.5939486854435927e-10,10498020967.529099
sheet2_to_sheet1,V0,[3],8,0.0001,0.0,0.05896704302721889,0.03374877840972627,1.243569927397663e-11,265383939.0272741
sheet2_to_sheet1,V0,[3],8,0.0001,0.0001,0.058217270883550214,0.032722712444895524,1.9156979098209334e-11,255801885.28470206
sheet2_to_sheet1,V0,[3],8,0.0001,0.01,0.057337255200161454,0.029976438710507307,6.6106431146641585e-12,237272074.57651374
sheet2_to_sheet1,V0,[3],8,0.0001,1.0,0.05780330889606132,0.028470613113820924,4.362799155825041e-12,234554394.5782659
sheet2_to_sheet1,V0,[3],8,0.0001,100.0,0.057821006465289274,0.028442037569831265,2.8788760001864287e-12,234592041.47597486
sheet2_to_sheet1,V0,[3],8,0.0001,10000.0,0.05782118686930796,0.028441749220165555,7.359079834648577e-11,1366930482.882949
sheet2_to_sheet1,V0,[3],8,0.01,0.0,0.058452187269216534,0.02737572110549829,1.6297943515313505e-13,2669185.566877756
sheet2_to_sheet1,V0,[3],8,0.01,0.0001,0.05845211755221113,0.027375280274346717,2.921072796694325e-13,2668144.4723141454
sheet2_to_sheet1,V0,[3],8,0.01,0.01,0.05845242002994373,0.02735842316938839,2.915594779838957e-13,2666015.347059042
sheet2_to_sheet1,V0,[3],8,0.01,1.0,0.058476588807863876,0.027316206105758783,2.2483986807125737e-13,2665675.8028471824
sheet2_to_sheet1,V0,[3],8,0.01,100.0,0.05849296791325178,0.027297103658395636,4.6391721021541643e-14,2666447.8047430855
sheet2_to_sheet1,V0,[3],8,0.01,10000.0,0.05849325726980552,0.027296771388925715,1.0726885309371625e-12,15536981.091233723
sheet2_to_sheet1,V0,[3],8,1.0,0.0,0.05850560884992531,0.02728498968336568,2.963981664855224e-15,26694.455726032676
sheet2_to_sheet1,V0,[3],8,1.0,0.0001,0.05850560884708343,0.027284989640654643,2.1631519983375266e-15,26694.351567513688
sheet2_to_sheet1,V0,[3],8,1.0,0.01,0.05850560862882425,0.02728498550160313,2.1902564817031744e-15,26694.139039589638
sheet2_to_sheet1,V0,[3],8,1.0,1.0,0.05850563036246398,0.027284829378041282,1.4634183927649775e-15,26694.180135323724
sheet2_to_sheet1,V0,[3],8,1.0,100.0,0.05850581431272643,0.027284362217477896,1.1044016158427096e-15,26701.94993023467
sheet2_to_sheet1,V0,[3],8,1.0,10000.0,0.05850593584289532,0.027284138067274588,1.0987333456768526e-14,155583.3776198752
sheet2_to_sheet1,V0,[3],8,100.0,0.0,0.05849702825572705,0.027276756599969802,1.8280470201910033e-16,267.93471827585995
sheet2_to_sheet1,V0,[3],8,100.0,0.0001,0.058497028255070284,0.027276756599431705,1.2152983119410724e-16,267.9347078972063
sheet2_to_sheet1,V0,[3],8,100.0,0.01,0.058497028190089784,0.027276756546193118,2.608818831536385e-16,267.9346940774368
sheet2_to_sheet1,V0,[3],8,100.0,1.0,0.05849702204297327,0.027276751512711802,1.1212428053647004e-16,267.9354495929662
sheet2_to_sheet1,V0,[3],8,100.0,100.0,0.05849677798557646,0.02727655451386472,1.9916848493960426e-16,268.01315253195935
sheet2_to_sheet1,V0,[3],8,100.0,10000.0,0.058495643110625065,0.02727564674855011,5.030277577984217e-16,1556.8450632333845
sheet2_to_sheet1,V0,[3],8,10000.0,0.0,0.057866928682790406,0.026759189590979067,1.780324083054377e-16,3.6693471988601605
sheet2_to_sheet1,V0,[3],8,10000.0,0.0001,0.057866928682453495,0.026759189590695186,1.5869327638664878e-16,3.6693471981948127
sheet2_to_sheet1,V0,[3],8,10000.0,0.01,0.057866928649098676,0.02675918956259078,2.485670610832053e-16,3.669347271146648
sheet2_to_sheet1,V0,[3],8,10000.0,1.0,0.05786692531564444,0.026759186753858168,2.200305619878495e-16,3.669354860758687
sheet2_to_sheet1,V0,[3],8,10000.0,100.0,0.057866610151008566,0.02675892119912379,2.126346985883933e-16,3.6701318906476184
sheet2_to_sheet1,V0,[3],8,10000.0,10000.0,0.05785416789678083,0.026748433698550147,4.2787007181573715e-16,16.55845276106682
sheet2_to_sheet1,V0,[3],8,1000000.0,0.0,0.05653905185616229,0.025550127238302356,2.711861639530839e-16,1.0266934719902119
sheet2_to_sheet1,V0,[3],8,1000000.0,0.0001,0.05653905185616198,0.025550127238302054,2.051012067691441e-16,1.026693471993871
sheet2_to_sheet1,V0,[3],8,1000000.0,0.01,0.05653905185613188,0.02555012723827175,3.1813895182068473e-16,1.0266934727445036
sheet2_to_sheet1,V0,[3],8,1000000.0,1.0,0.0565390518531219,0.025550127235240628,2.6016811469389277e-16,1.0266935486440698
sheet2_to_sheet1,V0,[3],8,1000000.0,100.0,0.05653905155230669,0.02555012693231396,2.2127018059651972e-16,1.0267013189430088
sheet2_to_sheet1,V0,[3],8,1000000.0,10000.0,0.056539023125298085,0.025550098305805485,2.950958757024467e-16,1.155584527823542
sheet2_to_sheet1,V0,"[0, 1, 2]",7,1e-06,0.0,0.48922473138658695,0.4429232961278639,2.970669288720553e-12,1410039731618.7822
sheet2_to_sheet1,V0,"[0, 1, 2]",7,1e-06,0.0001,0.4888093948547354,0.44323180578271143,3.68089897577338e-12,56361892436.67427
sheet2_to_sheet1,V0,"[0, 1, 2]",7,1e-06,0.01,0.4881576198739737,0.44738659603289394,2.236287615132566e-12,5342921839.427648
sheet2_to_sheet1,V0,"[0, 1, 2]",7,1e-06,1.0,0.5225007247530146,0.49029993645730147,5.912204318781509e-13,502138134.6289403
sheet2_to_sheet1,V0,"[0, 1, 2]",7,1e-06,100.0,0.5497483258452729,0.5317839607227283,7.475823607246044e-13,254006455.24088523
sheet2_to_sheet1,V0,"[0, 1, 2]",7,1e-06,10000.0,0.49360441275985345,0.4741015350701157,1.3701487156885476e-12,246250267.91909987
sheet2_to_sheet1,V0,"[0, 1, 2]",7,0.0001,0.0,0.4835882822279885,0.43751285611592755,1.132221602276941e-11,17276052761.87396
sheet2_to_sheet1,V0,"[0, 1, 2]",7,0.0001,0.0001,0.48394304252195613,0.4384003028616664,3.414953314514773e-12,13348127118.827766
sheet2_to_sheet1,V0,"[0, 1, 2]",7,0.0001,0.01,0.48667234562474493,0.4458889435371497,3.533290904562937e-12,4091982776.7014894
sheet2_to_sheet1,V0,"[0, 1, 2]",7,0.0001,1.0,0.5224284238050093,0.4901811309204259,1.398570180581866e-12,488114253.8412757
sheet2_to_sheet1,V0,"[0, 1, 2]",7,0.0001,100.0,0.5497250064383671,0.5316824487913344,5.255440653432753e-13,250367767.56837234
sheet2_to_sheet1,V0,"[0, 1, 2]",7,0.0001,10000.0,0.4937165418186392,0.47413459459497076,9.522915181681061e-13,242830444.77044746
sheet2_to_sheet1,V0,"[0, 1, 2]",7,0.01,0.0,0.4597988277099466,0.4184583840385807,2.4802066943006938e-12,173221905.8272927
sheet2_to_sheet1,V0,"[0, 1, 2]",7,0.01,0.0001,0.4602625623735893,0.4189898591810068,3.67545848619134e-12,172641318.94997248
sheet2_to_sheet1,V0,"[0, 1, 2]",7,0.01,0.01,0.47329498287152133,0.43413458538989164,2.012899709523506e-12,167678065.2506556
sheet2_to_sheet1,V0,"[0, 1, 2]",7,0.01,1.0,0.5083260075794266,0.4757590315645203,1.4984471407982554e-12,128693834.8339273
sheet2_to_sheet1,V0,"[0, 1, 2]",7,0.01,100.0,0.5421156927953322,0.5181845998825707,5.979177413499192e-13,102925359.37136917
sheet2_to_sheet1,V0,"[0, 1, 2]",7,0.01,10000.0,0.4953577935578717,0.46835221308694286,7.235724040168362e-13,101655466.02768831
sheet2_to_sheet1,V0,"[0, 1, 2]",7,1.0,0.0,0.12131818596690583,0.09297215303618456,7.599957469697201e-13,1732276.2383249542
sheet2_to_sheet1,V0,"[0, 1, 2]",7,1.0,0.0001,0.1213189515462488,0.0929736248213437,6.934667187056292e-13,1732216.979041416
sheet2_to_sheet1,V0,"[0, 1, 2]",7,1.0,0.01,0.12139206313817281,0.09311374322139086,5.259076409237831e-13,1731647.056667771
sheet2_to_sheet1,V0,"[0, 1, 2]",7,1.0,1.0,0.12370669834489686,0.09795397963662941,2.9582513438063474e-13,1725183.870369875
sheet2_to_sheet1,V0,"[0, 1, 2]",7,1.0,100.0,0.12697293552694489,0.10325708748004438,1.2322617615650496e-13,1718564.8391572183
sheet2_to_sheet1,V0,"[0, 1, 2]",7,1.0,10000.0,0.12199252982273745,0.0974433024914685,4.301218101216373e-13,1718975.743964955
sheet2_to_sheet1,V0,"[0, 1, 2]",7,100.0,0.0,0.055383227055362944,0.026733630052416777,2.618010278320507e-14,17323.758002438844
sheet2_to_sheet1,V0,"[0, 1, 2]",7,100.0,0.0001,0.05538322943530617,0.026733632119714166,1.2637551150672144e-14,17323.75207604321
sheet2_to_sheet1,V0,"[0, 1, 2]",7,100.0,0.01,0.05538346499168005,0.02673383673115155,2.2307373230147308e-14,17323.695065597643
sheet2_to_sheet1,V0,"[0, 1, 2]",7,100.0,1.0,0.055406491987127306,0.0267538310757799,2.281544889580283e-14,17323.046597437457
sheet2_to_sheet1,V0,"[0, 1, 2]",7,100.0,100.0,0.05652240475499928,0.027698549520669052,2.1284076296717332e-14,17322.262034235187
sheet2_to_sheet1,V0,"[0, 1, 2]",7,100.0,10000.0,0.06063084006429474,0.03085904359334485,2.262238466674545e-14,17330.084774168987
sheet2_to_sheet1,V0,"[0, 1, 2]",7,10000.0,0.0,0.05869582392644481,0.02748195513521379,4.995273582212587e-16,174.2275805863076
sheet2_to_sheet1,V0,"[0, 1, 2]",7,10000.0,0.0001,0.058695823926687776,0.027481955135420025,2.744097143209534e-16,174.22757999104036
sheet2_to_sheet1,V0,"[0, 1, 2]",7,10000.0,0.01,0.05869582395074181,0.027481955155837276,3.3021149777070933e-16,174.2275743325765
sheet2_to_sheet1,V0,"[0, 1, 2]",7,10000.0,1.0,0.05869582635623567,0.027481957197649086,3.5641356348664515e-16,174.22751663060603
sheet2_to_sheet1,V0,"[0, 1, 2]",7,10000.0,100.0,0.05869606750350494,0.027482161966158204,3.232822905039668e-16,174.22818980965783
sheet2_to_sheet1,V0,"[0, 1, 2]",7,10000.0,10000.0,0.0587084355666522,0.02749268053875535,4.499642432360968e-16,174.3070070692795
sheet2_to_sheet1,V0,"[0, 1, 2]",7,1000000.0,0.0,0.05767627121542532,0.02659151856968898,4.300864389220435e-16,2.7322758059192673
sheet2_to_sheet1,V0,"[0, 1, 2]",7,1000000.0,0.0001,0.057676271215421376,0.02659151856968565,4.116514936132074e-16,2.7322758058334675
sheet2_to_sheet1,V0,"[0, 1, 2]",7,1000000.0,0.01,0.05767627121503022,0.026591518569355745,3.3640512161661952e-16,2.73227580569365
sheet2_to_sheet1,V0,"[0, 1, 2]",7,1000000.0,1.0,0.05767627117591511,0.026591518536365696,3.8489182185491885e-16,2.7322758714006694
sheet2_to_sheet1,V0,"[0, 1, 2]",7,1000000.0,100.0,0.05767626726675678,0.026591515239355257,2.5081800670476033e-16,2.7322834551846578
sheet2_to_sheet1,V0,"[0, 1, 2]",7,1000000.0,10000.0,0.05767589745926633,0.026591203428587055,2.8109101334599136e-16,2.733071686777745
sheet2_to_sheet1,V0,"[2, 3]",12,1e-06,0.0,0.18857448554085596,0.09568627050698626,5.570994673954273e-11,27487614909.11592
sheet2_to_sheet1,V0,"[2, 3]",12,1e-06,0.0001,0.1786349252683831,0.09151650316104766,6.77329088539697e-11,6617208780.413219
sheet2_to_sheet1,V0,"[2, 3]",12,1e-06,0.01,0.1540232108916012,0.0747045374182645,5.951797642593666e-11,2625407943.3068295
sheet2_to_sheet1,V0,"[2, 3]",12,1e-06,1.0,0.13222990319557582,0.0595874108702956,2.8254834985394975e-11,2381267206.144429
sheet2_to_sheet1,V0,"[2, 3]",12,1e-06,100.0,0.12444279848243478,0.054374228571290456,4.039317046414576e-11,2377014071.613385
sheet2_to_sheet1,V0,"[2, 3]",12,1e-06,10000.0,0.1243363688975779,0.054302222893576065,7.181820998264733e-10,10946205720.079802
sheet2_to_sheet1,V0,"[2, 3]",12,0.0001,0.0,0.08434614627793108,0.03963074235422258,1.502219959712379e-11,341322004.82272357
sheet2_to_sheet1,V0,"[2, 3]",12,0.0001,0.0001,0.08168495785970199,0.03737085069882326,2.119272375436274e-11,328723134.98417443
sheet2_to_sheet1,V0,"[2, 3]",12,0.0001,0.01,0.07351549567722984,0.030114362896266733,8.552920980074799e-12,304236777.6610628
sheet2_to_sheet1,V0,"[2, 3]",12,0.0001,1.0,0.06701042184963778,0.02443821907760817,4.743803630801495e-12,298995445.54418725
sheet2_to_sheet1,V0,"[2, 3]",12,0.0001,100.0,0.06595230660874465,0.023828150462466655,2.1624074637374097e-12,298519620.75015306
sheet2_to_sheet1,V0,"[2, 3]",12,0.0001,10000.0,0.0659379283280058,0.02381987079856502,1.0771522952426817e-10,1374258984.8077738
sheet2_to_sheet1,V0,"[2, 3]",12,0.01,0.0,0.06397078181349403,0.021077171917692813,3.5350452823070564e-13,3424364.8520786935
sheet2_to_sheet1,V0,"[2, 3]",12,0.01,0.0001,0.06396471823318772,0.021077052819607766,4.1582684276112996e-13,3423048.6282407446
sheet2_to_sheet1,V0,"[2, 3]",12,0.01,0.01,0.06370863313542384,0.021103208215496667,1.962757996168493e-13,3420182.2531292243
sheet2_to_sheet1,V0,"[2, 3]",12,0.01,1.0,0.06189680513463908,0.020893212568234766,2.6366063547759265e-13,3419515.875164075
sheet2_to_sheet1,V0,"[2, 3]",12,0.01,100.0,0.059879954341432895,0.02104301714314231,1.415476938228567e-13,3420216.7664004215
sheet2_to_sheet1,V0,"[2, 3]",12,0.01,10000.0,0.05983804427376977,0.021061581361598296,5.6493017836675236e-12,15537947.12970052
sheet2_to_sheet1,V0,"[2, 3]",12,1.0,0.0,0.0654690396763719,0.03380987173722707,2.6478171114749656e-14,34245.75657710758
sheet2_to_sheet1,V0,"[2, 3]",12,1.0,0.0001,0.0654690839583481,0.03380993314560282,2.5947422045009112e-14,34245.62489980509
sheet2_to_sheet1,V0,"[2, 3]",12,1.0,0.01,0.0654733862649372,0.03381588107580404,2.6938579797788662e-14,34245.338530526875
sheet2_to_sheet1,V0,"[2, 3]",12,1.0,1.0,0.06566012738003674,0.034071014205379675,1.5284379545005656e-14,34245.346880350466
sheet2_to_sheet1,V0,"[2, 3]",12,1.0,100.0,0.06628085429422112,0.03493353527546899,1.5238435429881e-14,34253.07170842204
sheet2_to_sheet1,V0,"[2, 3]",12,1.0,10000.0,0.06673217651929392,0.03551379109003316,4.4779037836283484e-13,155583.71758778443
sheet2_to_sheet1,V0,"[2, 3]",12,100.0,0.0,0.058787314243172274,0.027605859690233287,5.78881391475451e-16,343.4476775803941
sheet2_to_sheet1,V0,"[2, 3]",12,100.0,0.0001,0.058787314222026356,0.02760585966651107,8.352557317669935e-16,343.4476644504511
sheet2_to_sheet1,V0,"[2, 3]",12,100.0,0.01,0.05878731213004595,0.027605857319613316,6.086776403242338e-16,343.44764324575686
sheet2_to_sheet1,V0,"[2, 3]",12,100.0,1.0,0.058787116171588306,0.027605637049976137,8.196356679285662e-16,343.4483957656207
sheet2_to_sheet1,V0,"[2, 3]",12,100.0,100.0,0.05878099056047078,0.027598038836705977,6.165382113316853e-16,343.52571584599207
sheet2_to_sheet1,V0,"[2, 3]",12,100.0,10000.0,0.058741869283637435,0.027559824723433525,7.169721671016547e-15,1556.847693096888
sheet2_to_sheet1,V0,"[2, 3]",12,10000.0,0.0,0.05793212254681208,0.026811376985784452,2.58889346824502e-16,4.424476786984863
sheet2_to_sheet1,V0,"[2, 3]",12,10000.0,0.0001,0.057932122546514114,0.026811376985535842,1.5921659815847447e-16,4.4244767860503424
sheet2_to_sheet1,V0,"[2, 3]",12,10000.0,0.01,0.05793212251701524,0.026811376960923644,1.9718606746360834e-16,4.424476858256961
sheet2_to_sheet1,V0,"[2, 3]",12,10000.0,1.0,0.05793211956891425,0.026811374501198592,1.9451989008301834e-16,4.424484450359565
sheet2_to_sheet1,V0,"[2, 3]",12,10000.0,100.0,0.05793184076962667,0.026811141924620533,2.301791857123997e-16,4.425257658343466
sheet2_to_sheet1,V0,"[2, 3]",12,10000.0,10000.0,0.057920770082155834,0.026801925507682012,3.721682072221452e-16,16.558479202037176
sheet2_to_sheet1,V0,"[2, 3]",12,1000000.0,0.0,0.056549014168674396,0.02555999551064929,3.0417068857454007e-16,1.0342447678709608
sheet2_to_sheet1,V0,"[2, 3]",12,1000000.0,0.0001,0.056549014168674014,0.025559995510648914,3.221836875740009e-16,1.0342447678746578
sheet2_to_sheet1,V0,"[2, 3]",12,1000000.0,0.01,0.05654901416863663,0.025559995510611486,2.9987366689453516e-16,1.0342447686251495
sheet2_to_sheet1,V0,"[2, 3]",12,1000000.0,1.0,0.05654901416489747,0.025559995506868594,3.644484159745985e-16,1.0342448445528662
sheet2_to_sheet1,V0,"[2, 3]",12,1000000.0,100.0,0.05654901379121056,0.025559995132808655,3.0837251341514566e-16,1.0342525766334227
sheet2_to_sheet1,V0,"[2, 3]",12,1000000.0,10000.0,0.056548978475032846,0.025559959783090277,3.8479373570245944e-16,1.1555847922474787
sheet2_to_sheet1,V0,"[1, 3]",10,1e-06,0.0,0.08935096491214309,0.01911566656272016,3.161283119793263e-11,1107180330307.6145
sheet2_to_sheet1,V0,"[1, 3]",10,1e-06,0.0001,0.08302256015257088,0.022456381082184722,5.2486828384000617e-11,355088602353.6598
sheet2_to_sheet1,V0,"[1, 3]",10,1e-06,0.01,0.07478907759409717,0.01850680722562394,1.4050341481591998e-11,138462909498.60104
sheet2_to_sheet1,V0,"[1, 3]",10,1e-06,1.0,0.06996918202324873,0.024563296619359576,1.8407708693282463e-11,125569340581.21344
sheet2_to_sheet1,V0,"[1, 3]",10,1e-06,100.0,0.07239103517482082,0.030982151715968045,3.735961615968839e-11,120579181013.6562
sheet2_to_sheet1,V0,"[1, 3]",10,1e-06,10000.0,0.07317020499421364,0.031767531886541654,6.161338919497467e-11,119941385708.9738
sheet2_to_sheet1,V0,"[1, 3]",10,0.0001,0.0,0.0732064681102792,0.017200059583565665,1.270233429089278e-11,17412358231.122677
sheet2_to_sheet1,V0,"[1, 3]",10,0.0001,0.0001,0.07330780777537305,0.01705968102322734,9.746896817612983e-12,16851288327.850729
sheet2_to_sheet1,V0,"[1, 3]",10,0.0001,0.01,0.06677130492802409,0.014638973361733608,5.0831932403410565e-12,15684709162.023182
sheet2_to_sheet1,V0,"[1, 3]",10,0.0001,1.0,0.05754549307620922,0.019503509024316055,7.63201464202238e-12,15504371972.450214
sheet2_to_sheet1,V0,"[1, 3]",10,0.0001,100.0,0.05554159161515951,0.024981246993380817,2.1881965973065912e-12,15425607241.32735
sheet2_to_sheet1,V0,"[1, 3]",10,0.0001,10000.0,0.055919519709726646,0.02552442917404183,9.663219752253732e-12,15421161102.158918
sheet2_to_sheet1,V0,"[1, 3]",10,0.01,0.0,0.06675941762764924,0.014884686053533904,4.083460723763828e-12,175129049.2931812
sheet2_to_sheet1,V0,"[1, 3]",10,0.01,0.0001,0.06669238313386522,0.014846979949052617,7.084247905923633e-12,175070422.35242414
sheet2_to_sheet1,V0,"[1, 3]",10,0.01,0.01,0.06438357715732275,0.014306971050070552,3.93007901923856e-12,174911484.15192634
sheet2_to_sheet1,V0,"[1, 3]",10,0.01,1.0,0.057426168899896234,0.01925049089736624,2.1699709390292163e-12,174888806.8475333
sheet2_to_sheet1,V0,"[1, 3]",10,0.01,100.0,0.05616179247842462,0.02429516687606916,2.6186500251918635e-13,174879484.2015064
sheet2_to_sheet1,V0,"[1, 3]",10,0.01,10000.0,0.056685104787532914,0.024734963205539296,3.101314257547746e-13,174956670.3630976
sheet2_to_sheet1,V0,"[1, 3]",10,1.0,0.0,0.05433724903414945,0.02243489089151624,1.978324649405381e-12,1751392.6159700868
sheet2_to_sheet1,V0,"[1, 3]",10,1.0,0.0001,0.05433740626703613,0.02243509344524531,9.726126135857886e-13,1751386.750659311
sheet2_to_sheet1,V0,"[1, 3]",10,1.0,0.01,0.05435239639329668,0.022454625714460042,2.2197043244465766e-12,1751370.4757328455
sheet2_to_sheet1,V0,"[1, 3]",10,1.0,1.0,0.054873567795448254,0.023254450761280437,1.483172310103612e-12,1751367.0371143832
sheet2_to_sheet1,V0,"[1, 3]",10,1.0,100.0,0.05696425411590155,0.02577728169120287,1.1555874826712748e-13,1751373.3338405336
sheet2_to_sheet1,V0,"[1, 3]",10,1.0,10000.0,0.05693137005569657,0.02551721816076732,5.337631613263215e-14,1752160.938617387
sheet2_to_sheet1,V0,"[1, 3]",10,100.0,0.0,0.05834237837572255,0.027124255798313388,1.4489344143351187e-14,17514.926273594654
sheet2_to_sheet1,V0,"[1, 3]",10,100.0,0.0001,0.05834237845644831,0.02712425584784519,1.496102965218712e-14,17514.92568710375
sheet2_to_sheet1,V0,"[1, 3]",10,100.0,0.01,0.05834238644410223,0.0271242607494034,1.9751195133302048e-14,17514.924067010015
sheet2_to_sheet1,V0,"[1, 3]",10,100.0,1.0,0.05834314721461803,0.027124732241465693,1.6907228572007086e-14,17514.92447497722
sheet2_to_sheet1,V0,"[1, 3]",10,100.0,100.0,0.05837428281592355,0.027150160136942617,2.1054745030199653e-14,17515.000316555033
sheet2_to_sheet1,V0,"[1, 3]",10,100.0,10000.0,0.05844459997092122,0.027210323777771682,2.9766061511005627e-15,17522.879080803938
sheet2_to_sheet1,V0,"[1, 3]",10,10000.0,0.0,0.058512999801619656,0.027278296172669133,1.7937749268161294e-16,176.13926374733643
sheet2_to_sheet1,V0,"[1, 3]",10,10000.0,0.0001,0.058512999801593156,0.027278296172651935,2.320794466763519e-16,176.13926368911527
sheet2_to_sheet1,V0,"[1, 3]",10,10000.0,0.01,0.05851299979896833,0.027278296170948707,2.4429393374447773e-16,176.13926360137143
sheet2_to_sheet1,V0,"[1, 3]",10,10000.0,1.0,0.05851299953657525,0.02727829600069475,1.8874890599132562e-16,176.13927116055777
sheet2_to_sheet1,V0,"[1, 3]",10,10000.0,100.0,0.05851297411705196,0.02727827961040677,3.8085619686593583e-16,176.14003086380774
sheet2_to_sheet1,V0,"[1, 3]",10,10000.0,10000.0,0.05851179807143903,0.02727761597953119,1.3142491023195072e-16,176.21881877798347
sheet2_to_sheet1,V0,"[1, 3]",10,1000000.0,0.0,0.05768082071347717,0.026595058822530538,2.606194306478022e-16,2.7513926375745035
sheet2_to_sheet1,V0,"[1, 3]",10,1000000.0,0.0001,0.057680820713473205,0.026595058822527197,3.0602554576134246e-16,2.751392637572961
sheet2_to_sheet1,V0,"[1, 3]",10,1000000.0,0.01,0.05768082071308033,0.026595058822196,1.8831755668527628e-16,2.7513926383068417
sheet2_to_sheet1,V0,"[1, 3]",10,1000000.0,1.0,0.05768082067379371,0.026595058789076982,2.695912157212138e-16,2.7513927142466574
sheet2_to_sheet1,V0,"[1, 3]",10,1000000.0,100.0,0.05768081674747903,0.026595055479164097,3.855761309453902e-16,2.751400311407905
sheet2_to_sheet1,V0,"[1, 3]",10,1000000.0,10000.0,0.05768044518680521,0.0265947423376679,2.168428226484445e-16,2.75218819057683
sheet2_to_sheet1,V0,"[0, 1, 3]",11,1e-06,0.0,0.0417244727767344,0.011195418293766878,2.057297867866562e-11,1108780848135.822
sheet2_to_sheet1,V0,"[0, 1, 3]",11,1e-06,0.0001,0.03735311302252429,0.011438424869018141,5.3822269436251844e-12,359471942334.69775
sheet2_to_sheet1,V0,"[0, 1, 3]",11,1e-06,0.01,0.035319366089142976,0.01078305479913229,1.1351798833826404e-11,146808532079.9562
sheet2_to_sheet1,V0,"[0, 1, 3]",11,1e-06,1.0,0.035386378339946366,0.011927022789918244,4.984193060110225e-12,134312719926.53061
sheet2_to_sheet1,V0,"[0, 1, 3]",11,1e-06,100.0,0.036998815125320224,0.010949998955889358,4.381918466637587e-12,132258351050.88998
sheet2_to_sheet1,V0,"[0, 1, 3]",11,1e-06,10000.0,0.03877047745094319,0.009360020010620458,2.16534466654584e-11,131077998481.32553
sheet2_to_sheet1,V0,"[0, 1, 3]",11,0.0001,0.0,0.03657742956613692,0.00933043525288144,6.386576459765546e-12,17413058523.260498
sheet2_to_sheet1,V0,"[0, 1, 3]",11,0.0001,0.0001,0.03609481724652375,0.009263027284649126,4.062915453587684e-12,16861205055.882881
sheet2_to_sheet1,V0,"[0, 1, 3]",11,0.0001,0.01,0.03548468438776466,0.009510791741443507,2.5991413329285307e-12,15786370457.113813
sheet2_to_sheet1,V0,"[0, 1, 3]",11,0.0001,1.0,0.03580876052872882,0.010295527778367976,3.0524044365434007e-12,15630006796.471779
sheet2_to_sheet1,V0,"[0, 1, 3]",11,0.0001,100.0,0.03809872173848651,0.009373898955944829,1.3602475141406085e-12,15601865001.02999
sheet2_to_sheet1,V0,"[0, 1, 3]",11,0.0001,10000.0,0.04056968424791446,0.00773804184630497,2.451415148595144e-12,15591485511.33263
sheet2_to_sheet1,V0,"[0, 1, 3]",11,0.01,0.0,0.03477389789774633,0.0085094007986135,1.524863344724159e-12,175130842.16568446
sheet2_to_sheet1,V0,"[0, 1, 3]",11,0.01,0.0001,0.034773543206171376,0.008518240608705516,1.5773524847326083e-12,175073212.98620674
sheet2_to_sheet1,V0,"[0, 1, 3]",11,0.01,0.01,0.03477852297467349,0.00890888354779807,1.3577846023778291e-12,174928129.74452198
sheet2_to_sheet1,V0,"[0, 1, 3]",11,0.01,1.0,0.03507403266992561,0.00983858827171031,8.826037351855229e-13,174904731.47071254
sheet2_to_sheet1,V0,"[0, 1, 3]",11,0.01,100.0,0.03786981960090319,0.009122366290214306,6.744932407130697e-13,174901951.15292564
sheet2_to_sheet1,V0,"[0, 1, 3]",11,0.01,10000.0,0.04044618320001146,0.007565695658542744,1.0704633818954561e-12,174978422.3580809
sheet2_to_sheet1,V0,"[0, 1, 3]",11,1.0,0.0,0.027997173511367757,0.007498897096579085,8.597781585988431e-13,1751410.0176056246
sheet2_to_sheet1,V0,"[0, 1, 3]",11,1.0,0.0001,0.027996639986993983,0.007498772997226877,5.483671786102136e-13,1751404.2521516492
sheet2_to_sheet1,V0,"[0, 1, 3]",11,1.0,0.01,0.027946468097477643,0.007487591937450651,6.913407735915984e-13,1751389.7215239108
sheet2_to_sheet1,V0,"[0, 1, 3]",11,1.0,1.0,0.026472952959795945,0.0075707324395177,4.859906428029316e-13,1751386.978547581
sheet2_to_sheet1,V0,"[0, 1, 3]",11,1.0,100.0,0.02594811619156599,0.007985238027939288,7.21264270711247e-13,1751394.303026369
sheet2_to_sheet1,V0,"[0, 1, 3]",11,1.0,10000.0,0.026741795320663894,0.008716820813616254,6.21924458946417e-13,1752182.0494171758
sheet2_to_sheet1,V0,"[0, 1, 3]",11,100.0,0.0,0.05523879891136642,0.026380982675025356,3.8709099075871485e-14,17515.10023723486
sheet2_to_sheet1,V0,"[0, 1, 3]",11,100.0,0.0001,0.05523880142059384,0.026380984810564258,3.283656295887291e-14,17515.099660730262
sheet2_to_sheet1,V0,"[0, 1, 3]",11,100.0,0.01,0.055239049772455674,0.026381196175354765,4.151343508645177e-14,17515.098215080867
sheet2_to_sheet1,V0,"[0, 1, 3]",11,100.0,1.0,0.05526332321893228,0.026401842784166393,2.7036688661686623e-14,17515.098692621723
sheet2_to_sheet1,V0,"[0, 1, 3]",11,100.0,100.0,0.0564400214726256,0.027376585243768205,2.6182328851169165e-14,17515.174637268017
sheet2_to_sheet1,V0,"[0, 1, 3]",11,100.0,10000.0,0.06075083968074394,0.030649855458538062,2.194067503988492e-14,17523.05344169721
sheet2_to_sheet1,V0,"[0, 1, 3]",11,10000.0,0.0,0.05869100124469892,0.027477084341585415,5.643363841416268e-16,176.14100337846696
sheet2_to_sheet1,V0,"[0, 1, 3]",11,10000.0,0.0001,0.0586910012449479,0.02747708434179716,3.73875046426357e-16,176.14100332124997
sheet2_to_sheet1,V0,"[0, 1, 3]",11,10000.0,0.01,0.05869100126959706,0.027477084362759804,3.698661396715531e-16,176.14100325104948
sheet2_to_sheet1,V0,"[0, 1, 3]",11,10000.0,1.0,0.058691003734571826,0.02747708645908095,2.7092804176619765e-16,176.14101081726088
sheet2_to_sheet1,V0,"[0, 1, 3]",11,10000.0,100.0,0.05869125054054951,0.027477296399806228,2.8621765184168815e-16,176.14177053371705
sheet2_to_sheet1,V0,"[0, 1, 3]",11,10000.0,10000.0,0.058703836281526325,0.027488014703959035,4.394036978591575e-16,176.2205587120586
sheet2_to_sheet1,V0,"[0, 1, 3]",11,1000000.0,0.0,0.05768225155954009,0.026596724759598553,3.477003140287665e-16,2.751410033885281
sheet2_to_sheet1,V0,"[0, 1, 3]",11,1000000.0,0.0001,0.057682251559536143,0.026596724759595226,3.814763709267709e-16,2.7514100338838947
sheet2_to_sheet1,V0,"[0, 1, 3]",11,1000000.0,0.01,0.05768225155914568,0.026596724759266034,2.388436574985495e-16,2.751410034620519
sheet2_to_sheet1,V0,"[0, 1, 3]",11,1000000.0,1.0,0.05768225152009937,0.026596724726346777,3.728009635461019e-16,2.751410110561715
sheet2_to_sheet1,V0,"[0, 1, 3]",11,1000000.0,100.0,0.057682247617816824,0.026596721436410765,2.423976903720404e-16,2.7514177077532755
sheet2_to_sheet1,V0,"[0, 1, 3]",11,1000000.0,10000.0,0.0576818784630961,0.026596410295791215,3.0088214919728386e-16,2.7522055895500945
sheet2_to_sheet1,V0,"[1, 2, 3]",14,1e-06,0.0,0.3624805431816642,0.21028369209740977,8.6137363378199e-11,1431295014291.906
sheet2_to_sheet1,V0,"[1, 2, 3]",14,1e-06,0.0001,0.3406126183818992,0.19401145626263003,1.9920690673542633e-11,366522951930.0564
sheet2_to_sheet1,V0,"[1, 2, 3]",14,1e-06,0.01,0.265522185870758,0.14074612746041473,5.1875258665916946e-11,145569319430.93823
sheet2_to_sheet1,V0,"[1, 2, 3]",14,1e-06,1.0,0.15669806179791718,0.050871088022905735,3.4352295821036156e-11,130686537607.2691
sheet2_to_sheet1,V0,"[1, 2, 3]",14,1e-06,100.0,0.12677455877879432,0.03263941579404041,3.859589728637223e-11,126558511615.14735
sheet2_to_sheet1,V0,"[1, 2, 3]",14,1e-06,10000.0,0.13234800660308504,0.03432730357361482,1.2525292943761697e-10,126147749770.26201
sheet2_to_sheet1,V0,"[1, 2, 3]",14,0.0001,0.0,0.23737330853587302,0.13639886758580808,2.8680845183560637e-11,17542266550.134716
sheet2_to_sheet1,V0,"[1, 2, 3]",14,0.0001,0.0001,0.22786907193879596,0.12768132086286724,3.076476356345034e-11,16945685278.040977
sheet2_to_sheet1,V0,"[1, 2, 3]",14,0.0001,0.01,0.18116062063101818,0.09265907040971717,7.104649298792399e-12,15828773735.459969
sheet2_to_sheet1,V0,"[1, 2, 3]",14,0.0001,1.0,0.09614032990373354,0.01698370958575705,6.439892049061198e-12,15635161979.612707
sheet2_to_sheet1,V0,"[1, 2, 3]",14,0.0001,100.0,0.12304038672756498,0.035527347472118075,4.451329461550164e-12,15574444768.494942
sheet2_to_sheet1,V0,"[1, 2, 3]",14,0.0001,10000.0,0.14140021812789813,0.05000642982382909,1.479967805230475e-11,15574318337.959991
sheet2_to_sheet1,V0,"[1, 2, 3]",14,0.01,0.0,0.11213365369165643,0.035815948088342896,7.332575931212237e-12,175888747.515301
sheet2_to_sheet1,V0,"[1, 2, 3]",14,0.01,0.0001,0.11194687511310114,0.03572342185364784,8.207601839088834e-12,175827730.03734317
sheet2_to_sheet1,V0,"[1, 2, 3]",14,0.01,0.01,0.10419666744761312,0.031324557951391566,5.4123840936962564e-12,175684607.23308003
sheet2_to_sheet1,V0,"[1, 2, 3]",14,0.01,1.0,0.07275106340984121,0.008345844843140411,3.2091772268611264e-12,175648750.14445847
sheet2_to_sheet1,V0,"[1, 2, 3]",14,0.01,100.0,0.14694755145357824,0.08156081286093587,4.942970802808412e-13,175641692.36344042
sheet2_to_sheet1,V0,"[1, 2, 3]",14,0.01,10000.0,0.1700193457545005,0.10200210247714027,2.4574316657087472e-12,175719657.80886105
sheet2_to_sheet1,V0,"[1, 2, 3]",14,1.0,0.0,0.07781587647907143,0.043548592744932946,3.066326512505249e-12,1758945.6827120723
sheet2_to_sheet1,V0,"[1, 2, 3]",14,1.0,0.0001,0.07781702897866194,0.043549713397851755,2.266499811750374e-12,1758939.5784750027
sheet2_to_sheet1,V0,"[1, 2, 3]",14,1.0,0.01,0.07792672327564873,0.043656664632421606,2.1595277080046664e-12,1758925.2446190387
sheet2_to_sheet1,V0,"[1, 2, 3]",14,1.0,1.0,0.08071359579804739,0.04657070781025915,1.4652848482769787e-12,1758921.724877836
sheet2_to_sheet1,V0,"[1, 2, 3]",14,1.0,100.0,0.09122643975494153,0.05682372830046247,2.061103575491561e-13,1758928.5381149268
sheet2_to_sheet1,V0,"[1, 2, 3]",14,1.0,10000.0,0.09483737892274782,0.05995348794094485,1.2691139618400764e-13,1759716.2092037569
sheet2_to_sheet1,V0,"[1, 2, 3]",14,100.0,0.0,0.05893300559934149,0.0276781475107201,2.5969793688939007e-14,17590.452549064645
sheet2_to_sheet1,V0,"[1, 2, 3]",14,100.0,0.0001,0.058933005635985386,0.02767814752182016,2.6676238474391444e-14,17590.451938680013
sheet2_to_sheet1,V0,"[1, 2, 3]",14,100.0,0.01,0.05893300926220191,0.02767814862105082,3.0227221514773225e-14,17590.450512709987
sheet2_to_sheet1,V0,"[1, 2, 3]",14,100.0,1.0,0.05893335784593151,0.027678261589732384,2.2804211207058816e-14,17590.450912568922
sheet2_to_sheet1,V0,"[1, 2, 3]",14,100.0,100.0,0.0589476687109914,0.027689470934537507,2.0429596067773108e-14,17590.526806060876
sheet2_to_sheet1,V0,"[1, 2, 3]",14,100.0,10000.0,0.05893544541205787,0.027685168553477406,2.6984340355096053e-15,17598.40432071888
sheet2_to_sheet1,V0,"[1, 2, 3]",14,10000.0,0.0,0.05851776828851859,0.027283011278034914,2.9004469698696674e-16,176.89452606284095
sheet2_to_sheet1,V0,"[1, 2, 3]",14,10000.0,0.0001,0.05851776828848687,0.027283011278013077,2.354795577535929e-16,176.8945260022182
sheet2_to_sheet1,V0,"[1, 2, 3]",14,10000.0,0.01,0.058517768285346446,0.027283011275850616,2.9958192557291854e-16,176.89452593400046
sheet2_to_sheet1,V0,"[1, 2, 3]",14,10000.0,1.0,0.05851776797142308,0.027283011059701066,2.831394772389173e-16,176.89453349240907
sheet2_to_sheet1,V0,"[1, 2, 3]",14,10000.0,100.0,0.05851773766820527,0.027282990327033414,4.103479946188759e-16,176.89529320346256
sheet2_to_sheet1,V0,"[1, 2, 3]",14,10000.0,10000.0,0.058516381599697416,0.02728216381781034,3.1641273354191974e-16,176.97406843041404
sheet2_to_sheet1,V0,"[1, 2, 3]",14,1000000.0,0.0,0.057682317512955106,0.026596310786240748,2.8731123109457306e-16,2.7589452606856275
sheet2_to_sheet1,V0,"[1, 2, 3]",14,1000000.0,0.0001,0.057682317512951144,0.02659631078623741,2.4777226497796753e-16,2.7589452606837264
sheet2_to_sheet1,V0,"[1, 2, 3]",14,1000000.0,0.01,0.05768231751255875,0.026596310785906678,2.0314284067459752e-16,2.7589452614206946
sheet2_to_sheet1,V0,"[1, 2, 3]",14,1000000.0,1.0,0.05768231747332034,0.0265963107528348,2.475183013569894e-16,2.7589453373607635
sheet2_to_sheet1,V0,"[1, 2, 3]",14,1000000.0,100.0,0.05768231355182384,0.02659630744763303,3.1263624806281358e-16,2.75895293454891
sheet2_to_sheet1,V0,"[1, 2, 3]",14,1000000.0,10000.0,0.057681942446072526,0.026595994751483363,1.9458214823403072e-16,2.759740686826465
sheet2_to_sheet1,V0,"[0, 2, 3]",13,1e-06,0.0,0.1148757814997152,0.010679843933214733,1.1330837118250882e-11,27505686062.89172
sheet2_to_sheet1,V0,"[0, 2, 3]",13,1e-06,0.0001,0.10738924652143264,0.013964370278010138,7.141076637458388e-12,6992460547.836928
sheet2_to_sheet1,V0,"[0, 2, 3]",13,1e-06,0.01,0.10184385288347672,0.014907869599959508,8.81766901028608e-12,3126141372.425926
sheet2_to_sheet1,V0,"[0, 2, 3]",13,1e-06,1.0,0.09421676408209138,0.005507197213014236,6.982066725418894e-12,2814253774.502498
sheet2_to_sheet1,V0,"[0, 2, 3]",13,1e-06,100.0,0.13850847323874846,0.015991410469001915,8.6549565706728e-12,2765310049.313
sheet2_to_sheet1,V0,"[0, 2, 3]",13,1e-06,10000.0,0.14618018727282833,0.0167708687511448,1.0342374450711796e-10,12378887171.627762
sheet2_to_sheet1,V0,"[0, 2, 3]",13,0.0001,0.0,0.08919416342233102,0.008572677487350383,1.1477583286302192e-12,341499691.28989214
sheet2_to_sheet1,V0,"[0, 2, 3]",13,0.0001,0.0001,0.0879521665932218,0.00871960914661351,2.0461639323998597e-12,329758396.36818725
sheet2_to_sheet1,V0,"[0, 2, 3]",13,0.0001,0.01,0.08127335030517582,0.00999192412759316,1.4293045637672566e-12,311585189.3422576
sheet2_to_sheet1,V0,"[0, 2, 3]",13,0.0001,1.0,0.0776199423546422,0.011859492835337508,6.907342169001105e-13,308181645.53589547
sheet2_to_sheet1,V0,"[0, 2, 3]",13,0.0001,100.0,0.112767103828041,0.028635899315498554,5.495271855620925e-13,307647189.266292
sheet2_to_sheet1,V0,"[0, 2, 3]",13,0.0001,10000.0,0.11655471073837403,0.028191782466174597,1.3527708275829287e-11,1394521875.9712634
sheet2_to_sheet1,V0,"[0, 2, 3]",13,0.01,0.0,0.07057248773672425,0.0030455388066405365,1.262896292922458e-13,3426072.7555324356
sheet2_to_sheet1,V0,"[0, 2, 3]",13,0.01,0.0001,0.07047611050190711,0.003020188168012231,1.0315365032586509e-13,3424849.3583401088
sheet2_to_sheet1,V0,"[0, 2, 3]",13,0.01,0.01,0.06694493786088959,0.002388255048497505,9.76770225721246e-14,3422776.0541998516
sheet2_to_sheet1,V0,"[0, 2, 3]",13,0.01,1.0,0.06015517802316667,0.003069924453949683,7.355256325863721e-14,3422368.3610848123
sheet2_to_sheet1,V0,"[0, 2, 3]",13,0.01,100.0,0.07448082091823065,0.0059608716746831466,1.0697956148189049e-13,3423066.212148531
sheet2_to_sheet1,V0,"[0, 2, 3]",13,0.01,10000.0,0.07795946316741907,0.006702930254495595,2.9301866004343653e-12,15540502.353615819
sheet2_to_sheet1,V0,"[0, 2, 3]",13,1.0,0.0,0.04209969826578552,0.004207545416581416,1.4099358444133087e-14,34262.82866820086
sheet2_to_sheet1,V0,"[0, 2, 3]",13,1.0,0.0001,0.04209798237883163,0.004207531058241743,1.427467733201987e-14,34262.706281336
sheet2_to_sheet1,V0,"[0, 2, 3]",13,1.0,0.01,0.041937824112853024,0.0042072198339940005,3.674897255894952e-14,34262.49941207202
sheet2_to_sheet1,V0,"[0, 2, 3]",13,1.0,1.0,0.0384507366412708,0.004719043723323482,1.1067903386652578e-14,34262.53373945346
sheet2_to_sheet1,V0,"[0, 2, 3]",13,1.0,100.0,0.03844534647178694,0.006423969409195154,1.630333656143133e-14,34270.259647479215
sheet2_to_sheet1,V0,"[0, 2, 3]",13,1.0,10000.0,0.040524378135338095,0.007194087089631611,5.646832823740814e-13,155583.99509634418
sheet2_to_sheet1,V0,"[0, 2, 3]",13,100.0,0.0,0.054682845856820636,0.026194780265343706,8.791834766376899e-16,343.61839779693565
sheet2_to_sheet1,V0,"[0, 2, 3]",13,100.0,0.0001,0.05468284822144727,0.02619478233415854,7.419940935342426e-16,343.61838559876344
sheet2_to_sheet1,V0,"[0, 2, 3]",13,100.0,0.01,0.05468308226196636,0.026194987094708105,6.606771513889403e-16,343.61837236871145
sheet2_to_sheet1,V0,"[0, 2, 3]",13,100.0,1.0,0.05470596298972545,0.026214986845024133,7.082585328009192e-16,343.6191276376174
sheet2_to_sheet1,V0,"[0, 2, 3]",13,100.0,100.0,0.0558209849720549,0.02715748539520621,1.041986433943727e-15,343.69646162545945
sheet2_to_sheet1,V0,"[0, 2, 3]",13,100.0,10000.0,0.059994201091221264,0.030343913771210016,5.669759792132792e-14,1556.8477696981254
sheet2_to_sheet1,V0,"[0, 2, 3]",13,10000.0,0.0,0.05807949916679224,0.0269816177322291,3.4946712192231254e-16,4.4261839890808545
sheet2_to_sheet1,V0,"[0, 2, 3]",13,10000.0,0.0001,0.058079499166755456,0.026981617732197677,2.651018143787721e-16,4.426183988266694
sheet2_to_sheet1,V0,"[0, 2, 3]",13,10000.0,0.01,0.05807949916311506,0.026981617729087602,3.9653000430230105e-16,4.426184061515277
sheet2_to_sheet1,V0,"[0, 2, 3]",13,10000.0,1.0,0.05807949880083913,0.02698161741956571,2.581074075949229e-16,4.426191655404716
sheet2_to_sheet1,V0,"[0, 2, 3]",13,10000.0,100.0,0.05807947815968941,0.026981599582596803,2.669556909321989e-16,4.426965002774056
sheet2_to_sheet1,V0,"[0, 2, 3]",13,10000.0,10000.0,0.058081370124885776,0.02698309126966829,2.1382875212192097e-15,16.558479478874577
sheet2_to_sheet1,V0,"[0, 2, 3]",13,1000000.0,0.0,0.05654980472310981,0.025561076127250296,3.582320990081157e-16,1.03426183989192
sheet2_to_sheet1,V0,"[0, 2, 3]",13,1000000.0,0.0001,0.056549804723109456,0.025561076127249945,4.2242319885926555e-16,1.034261839895895
sheet2_to_sheet1,V0,"[0, 2, 3]",13,1000000.0,0.01,0.05654980472307463,0.025561076127214703,3.003917036772546e-16,1.0342618406489361
sheet2_to_sheet1,V0,"[0, 2, 3]",13,1000000.0,1.0,0.056549804719592034,0.02556107612369114,3.990378275514332e-16,1.0342619165919504
sheet2_to_sheet1,V0,"[0, 2, 3]",13,1000000.0,100.0,0.05654980437155859,0.025561075771561605,3.0074004398949435e-16,1.0342696500663926
sheet2_to_sheet1,V0,"[0, 2, 3]",13,1000000.0,10000.0,0.0565497715991094,0.025561042594509798,4.4326520501743405e-16,1.155584794966934
sheet2_to_sheet1,V0,"[0, 1, 2, 3]",15,1e-06,0.0,0.045796853440495014,0.02128423714247337,2.932037740764254e-11,1432098874517.1924
sheet2_to_sheet1,V0,"[0, 1, 2, 3]",15,1e-06,0.0001,0.042068598564594384,0.025268507156854712,1.598818807526932e-11,379331315915.08307
sheet2_to_sheet1,V0,"[0, 1, 2, 3]",15,1e-06,0.01,0.04463122459732461,0.028475360887181153,1.4190751028070421e-11,188751865031.819
sheet2_to_sheet1,V0,"[0, 1, 2, 3]",15,1e-06,1.0,0.027573788252642423,0.013372432040777848,1.1258656030216932e-11,158844975196.8159
sheet2_to_sheet1,V0,"[0, 1, 2, 3]",15,1e-06,100.0,0.039139951332384966,0.024489827926421258,9.152353698911248e-12,147944501129.987
sheet2_to_sheet1,V0,"[0, 1, 2, 3]",15,1e-06,10000.0,0.05659106592150376,0.04066714380107974,1.36183714251621e-11,146869052570.33057
sheet2_to_sheet1,V0,"[0, 1, 2, 3]",15,0.0001,0.0,0.020720755479695423,0.00603423094931789,6.3307484092967e-12,17542393813.646797
sheet2_to_sheet1,V0,"[0, 1, 2, 3]",15,0.0001,0.0001,0.02033732753220679,0.0060050135411597455,8.061510459463573e-12,16972341131.563116
sheet2_to_sheet1,V0,"[0, 1, 2, 3]",15,0.0001,0.01,0.019069820439207158,0.0058071741162293005,2.438878964190109e-12,16238739668.212294
sheet2_to_sheet1,V0,"[0, 1, 2, 3]",15,0.0001,1.0,0.015172054488514474,0.002294339986228345,1.8413026800274747e-12,15979899411.359379
sheet2_to_sheet1,V0,"[0, 1, 2, 3]",15,0.0001,100.0,0.02883864678308028,0.014845881048842206,1.286942270801599e-12,15845367228.376316
sheet2_to_sheet1,V0,"[0, 1, 2, 3]",15,0.0001,10000.0,0.04539848551550786,0.02996458836287453,2.1437968560666933e-12,15839280065.095713
sheet2_to_sheet1,V0,"[0, 1, 2, 3]",15,0.01,0.0,0.012838954205164777,0.0023722526014475437,1.978076463576939e-12,175890529.66878888
sheet2_to_sheet1,V0,"[0, 1, 2, 3]",15,0.01,0.0001,0.012816214752982624,0.0023594871181979262,3.107167678263582e-12,175832317.42153296
sheet2_to_sheet1,V0,"[0, 1, 2, 3]",15,0.01,0.01,0.012255297460108974,0.0020545671373882976,3.0273843623194073e-12,175750062.8759608
sheet2_to_sheet1,V0,"[0, 1, 2, 3]",15,0.01,1.0,0.01187261524904653,0.0017572363442821188,2.467728124040011e-12,175719265.44335195
sheet2_to_sheet1,V0,"[0, 1, 2, 3]",15,0.01,100.0,0.017976576891969846,0.00695757736037253,1.935697088224618e-12,175702274.83346885
sheet2_to_sheet1,V0,"[0, 1, 2, 3]",15,0.01,10000.0,0.02870256068465893,0.01666711386854818,1.0119447210018259e-12,175778755.36469403
sheet2_to_sheet1,V0,"[0, 1, 2, 3]",15,1.0,0.0,0.047566209628753325,0.028015702096707215,7.861268687001956e-13,1758963.0940706632
sheet2_to_sheet1,V0,"[0, 1, 2, 3]",15,1.0,0.0001,0.047565892605168414,0.0280158335737858,1.0872168214025851e-12,1758957.2705661752
sheet2_to_sheet1,V0,"[0, 1, 2, 3]",15,1.0,0.01,0.04753588685823425,0.028028606926279856,5.940609688702673e-13,1758949.036120475
sheet2_to_sheet1,V0,"[0, 1, 2, 3]",15,1.0,1.0,0.04610068982281989,0.028356205210655783,3.588422141537025e-13,1758946.0259504942
sheet2_to_sheet1,V0,"[0, 1, 2, 3]",15,1.0,100.0,0.03963097988261974,0.02412627723568803,1.1756399624073184e-12,1758951.8444141073
sheet2_to_sheet1,V0,"[0, 1, 2, 3]",15,1.0,10000.0,0.040906371520654634,0.025135294374317912,1.0356910691253552e-12,1759739.3692935603
sheet2_to_sheet1,V0,"[0, 1, 2, 3]",15,100.0,0.0,0.055405008871833,0.02672802739056214,2.7177441474384822e-14,17590.626621630225
sheet2_to_sheet1,V0,"[0, 1, 2, 3]",15,100.0,0.0001,0.055405011259589854,0.026728029463859212,3.997582867254574e-14,17590.62603932066
sheet2_to_sheet1,V0,"[0, 1, 2, 3]",15,100.0,0.01,0.055405247589324774,0.026728234669088708,3.0716100280254066e-14,17590.625223338622
sheet2_to_sheet1,V0,"[0, 1, 2, 3]",15,100.0,1.0,0.055428350188781804,0.026748286829297373,3.5079750556025285e-14,17590.62567416398
sheet2_to_sheet1,V0,"[0, 1, 2, 3]",15,100.0,100.0,0.056546895216823274,0.02769475103113959,1.9800450901345026e-14,17590.701468454412
sheet2_to_sheet1,V0,"[0, 1, 2, 3]",15,100.0,10000.0,0.0606684926026054,0.030867907226945348,2.5028402610245586e-14,17598.578994413147
sheet2_to_sheet1,V0,"[0, 1, 2, 3]",15,10000.0,0.0,0.05869546961358525,0.027481680157845745,8.179516060213318e-16,176.89626678439495
sheet2_to_sheet1,V0,"[0, 1, 2, 3]",15,10000.0,0.0001,0.058695469613829196,0.02748168015805295,3.8774842520958854e-16,176.8962667265955
sheet2_to_sheet1,V0,"[0, 1, 2, 3]",15,10000.0,0.01,0.058695469637980655,0.027481680178566396,4.477426535052418e-16,176.89626671972005
sheet2_to_sheet1,V0,"[0, 1, 2, 3]",15,10000.0,1.0,0.05869547205321299,0.027481682229993712,3.593378715305885e-16,176.89627428328222
sheet2_to_sheet1,V0,"[0, 1, 2, 3]",15,10000.0,100.0,0.058695714136839945,0.027481887921473918,5.675564926984392e-16,176.8970339871893
sheet2_to_sheet1,V0,"[0, 1, 2, 3]",15,10000.0,10000.0,0.058708123073593854,0.02749244617695481,6.075083577563272e-16,176.97580947446394
sheet2_to_sheet1,V0,"[0, 1, 2, 3]",15,1000000.0,0.0,0.05768374940030596,0.026597977640359816,2.7895011741108015e-16,2.7589626679007564
sheet2_to_sheet1,V0,"[0, 1, 2, 3]",15,1000000.0,0.0001,0.05768374940030203,0.026597977640356502,3.9427086489064e-16,2.758962667899293
sheet2_to_sheet1,V0,"[0, 1, 2, 3]",15,1000000.0,0.01,0.05768374939991204,0.026597977640027776,2.84209134698533e-16,2.7589626686458333
sheet2_to_sheet1,V0,"[0, 1, 2, 3]",15,1000000.0,1.0,0.05768374936091396,0.02659797760715567,3.3042976355636667e-16,2.758962744586989
sheet2_to_sheet1,V0,"[0, 1, 2, 3]",15,1000000.0,100.0,0.05768374546345182,0.026597974321932165,2.837467503168982e-16,2.758970341802159
sheet2_to_sheet1,V0,"[0, 1, 2, 3]",15,1000000.0,10000.0,0.05768337676388792,0.02659766362680942,3.383548230762383e-16,2.7597580966976754
