scenario,seed,variable,domain,lag_basis_type,lag_basis_count,amplitude_basis_count,epsilon_lag,epsilon_amplitude,epsilon_amplitude_given_lag,epsilon_lag_given_amplitude,epsilon_joint,operator_error,sigma1_truth,sigma2_truth,sigma3_truth,truth_tail_energy,truth_sigma2_sigma1,operator_error_over_sigma2,operator_error_over_gap,truth_rank_class
AR-S1,0,0,core,cubic_bspline,32,24,0.0038737042132918325,0.00013217382072801284,0.0001321728290515859,0.0038737041794551876,0.0038759584606668064,0.00010785236013045743,0.027842177458796427,8.807352432321154e-18,1.3765310817531583e-18,3.246514979868396e-16,3.1633130869003096e-16,485723848894.55664,485723848894.55664,rank1
AR-S1,0,0,core,cubic_bspline,40,24,0.00030921278848323097,0.00013217382072801284,0.00013217381440927748,0.0003092127857822701,0.0003362773643543034,8.609157346291734e-06,0.027842177458796427,8.807352432321154e-18,1.3765310817531583e-18,3.246514979868396e-16,3.1633130869003096e-16,38772197816.73342,38772197816.73342,rank1
AR-S1,0,0,core,cubic_bspline,48,24,1.0429914047176994e-05,0.00013217382072801284,0.00013217382072082778,1.0429913956072127e-05,0.00013258469742383544,3.6800069721175396e-06,0.027842177458796427,8.807352432321154e-18,1.3765310817531583e-18,3.246514979868396e-16,3.1633130869003096e-16,16573278028.349379,16573278028.349379,rank1
AR-S1,0,0,core,discrete_identity,64,24,0.0,0.00013217382072801284,0.00013217382072801284,0.0,0.00013217382072801663,3.6800069721165846e-06,0.027842177458796427,8.807352432321154e-18,1.3765310817531583e-18,3.246514979868396e-16,3.1633130869003096e-16,16573278028.345078,16573278028.345078,rank1
AR-S1,0,0,core,cubic_bspline,32,28,0.0038737042132918325,5.4613200915680937e-05,5.461279116264285e-05,0.003873704207514973,0.0038740891689574863,0.00010785236012939139,0.027842177458796427,8.807352432321154e-18,1.3765310817531583e-18,3.246514979868396e-16,3.1633130869003096e-16,485723848889.7556,485723848889.7556,rank1
AR-S1,0,0,core,cubic_bspline,40,28,0.00030921278848323097,5.4613200915680937e-05,5.461319830482298e-05,0.0003092127880221016,0.0003139986464790181,8.609157329892719e-06,0.027842177458796427,8.807352432321154e-18,1.3765310817531583e-18,3.246514979868396e-16,3.1633130869003096e-16,38772197742.87882,38772197742.87882,rank1
AR-S1,0,0,core,cubic_bspline,48,28,1.0429914047176994e-05,5.4613200915680937e-05,5.4613200912703745e-05,1.042991403162285e-05,5.560022320965591e-05,1.5205504314904594e-06,0.027842177458796427,8.807352432321154e-18,1.3765310817531583e-18,3.246514979868396e-16,3.1633130869003096e-16,6847950356.65848,6847950356.65848,rank1
AR-S1,0,0,core,discrete_identity,64,28,0.0,5.4613200915680937e-05,5.4613200915680937e-05,0.0,5.461320091568112e-05,1.5205504314872965e-06,0.027842177458796427,8.807352432321154e-18,1.3765310817531583e-18,3.246514979868396e-16,3.1633130869003096e-16,6847950356.644236,6847950356.644236,rank1
AR-S1,0,0,core,cubic_bspline,32,32,0.0038737042132918325,2.6885175914134517e-05,2.6884974199493223e-05,0.003873704211891847,0.003873797508119495,0.00010785236012936125,0.027842177458796427,8.807352432321154e-18,1.3765310817531583e-18,3.246514979868396e-16,3.1633130869003096e-16,485723848889.6199,485723848889.6199,rank1
AR-S1,0,0,core,cubic_bspline,40,32,0.00030921278848323097,2.6885175914134517e-05,2.688517462885703e-05,0.00030921278837147905,0.0003103793826535397,8.60915732950277e-06,0.027842177458796427,8.807352432321154e-18,1.3765310817531583e-18,3.246514979868396e-16,3.1633130869003096e-16,38772197741.12265,38772197741.12265,rank1
AR-S1,0,0,core,cubic_bspline,48,32,1.0429914047176994e-05,2.6885175914134517e-05,2.6885175912679298e-05,1.0429914043407545e-05,2.883740263765661e-05,7.485418388193898e-07,0.027842177458796427,8.807352432321154e-18,1.3765310817531583e-18,3.246514979868396e-16,3.1633130869003096e-16,3371132746.3782296,3371132746.3782296,rank1
AR-S1,0,0,core,discrete_identity,64,32,0.0,2.6885175914134517e-05,2.6885175914134517e-05,0.0,2.6885175914131505e-05,7.485418388122086e-07,0.027842177458796427,8.807352432321154e-18,1.3765310817531583e-18,3.246514979868396e-16,3.1633130869003096e-16,3371132746.3458886,3371132746.3458886,rank1
AR-S1,0,0,fit,cubic_bspline,32,24,0.003873704213291833,8.244470828997109e-05,8.244408972214574e-05,0.0038737042001268044,0.00387458144320198,0.00012530296879564385,0.03234706675989831,6.2779966356294234e-18,1.5999983271393738e-18,2.0640879153407382e-16,1.9408240883876542e-16,564314403576.4785,564314403576.4785,rank1
AR-S1,0,0,fit,cubic_bspline,40,24,0.00030921278848323097,8.244470828997109e-05,8.244470434858519e-05,0.0003092127874323519,0.00032001512126254654,1.0002126714681867e-05,0.03234706675989831,6.2779966356294234e-18,1.5999983271393738e-18,2.0640879153407382e-16,1.9408240883876542e-16,45045574145.15374,45045574145.15374,rank1
AR-S1,0,0,fit,cubic_bspline,48,24,1.0429914047178481e-05,8.244470828997109e-05,8.24447082854835e-05,1.0429914011731764e-05,8.310182327307892e-05,2.6668444830582713e-06,0.03234706675989831,6.2779966356294234e-18,1.5999983271393738e-18,2.0640879153407382e-16,1.9408240883876542e-16,12010399820.156294,12010399820.156294,rank1
AR-S1,0,0,fit,discrete_identity,64,24,0.0,8.244470828997109e-05,8.244470828997109e-05,0.0,8.244470828997405e-05,2.6668444830561334e-06,0.03234706675989831,6.2779966356294234e-18,1.5999983271393738e-18,2.0640879153407382e-16,1.9408240883876542e-16,12010399820.146666,12010399820.146666,rank1
AR-S1,0,0,fit,cubic_bspline,32,28,0.003873704213291833,3.406720839998116e-05,3.406695279983772e-05,0.00387370421104397,0.003873854009813476,0.00012530296879545593,0.03234706675989831,6.2779966356294234e-18,1.5999983271393738e-18,2.0640879153407382e-16,1.9408240883876542e-16,564314403575.6322,564314403575.6322,rank1
AR-S1,0,0,fit,cubic_bspline,40,28,0.00030921278848323097,3.406720839998116e-05,3.406720677134413e-05,0.0003092127883037987,0.0003110837879715959,1.0002126712151648e-05,0.03234706675989831,6.2779966356294234e-18,1.5999983271393738e-18,2.0640879153407382e-16,1.9408240883876542e-16,45045574133.758644,45045574133.758644,rank1
AR-S1,0,0,fit,cubic_bspline,48,28,1.0429914047178481e-05,3.406720839998116e-05,3.406720839812717e-05,1.0429914041126138e-05,3.5628047870640854e-05,1.1019742644438214e-06,0.03234706675989831,6.2779966356294234e-18,1.5999983271393738e-18,2.0640879153407382e-16,1.9408240883876542e-16,4962850886.72107,4962850886.72107,rank1
AR-S1,0,0,fit,discrete_identity,64,28,0.0,3.406720839998116e-05,3.406720839998116e-05,0.0,3.406720839997237e-05,1.1019742644372755e-06,0.03234706675989831,6.2779966356294234e-18,1.5999983271393738e-18,2.0640879153407382e-16,1.9408240883876542e-16,4962850886.69159,4962850886.69159,rank1
AR-S1,0,0,fit,cubic_bspline,32,32,0.003873704213291833,1.677184001651269e-05,1.6771714180412586e-05,0.003873704212747013,0.0038737405207979027,0.00012530296879545135,0.03234706675989831,6.2779966356294234e-18,1.5999983271393738e-18,2.0640879153407382e-16,1.9408240883876542e-16,564314403575.6116,564314403575.6116,rank1
AR-S1,0,0,fit,cubic_bspline,40,32,0.00030921278848323097,1.677184001651269e-05,1.677183921471005e-05,0.0003092127884397416,0.000309667310435265,1.0002126712085098e-05,0.03234706675989831,6.2779966356294234e-18,1.5999983271393738e-18,2.0640879153407382e-16,1.9408240883876542e-16,45045574133.45893,45045574133.45893,rank1
AR-S1,0,0,fit,cubic_bspline,48,32,1.0429914047178481e-05,1.677184001651269e-05,1.6771840015594612e-05,1.0429914045711564e-05,1.975038542762895e-05,5.425198287188247e-07,0.03234706675989831,6.2779966356294234e-18,1.5999983271393738e-18,2.0640879153407382e-16,1.9408240883876542e-16,2443292098.459204,2443292098.459204,rank1
AR-S1,0,0,fit,discrete_identity,64,32,0.0,1.677184001651269e-05,1.677184001651269e-05,0.0,1.6771840016515544e-05,5.425198287005626e-07,0.03234706675989831,6.2779966356294234e-18,1.5999983271393738e-18,2.0640879153407382e-16,1.9408240883876542e-16,2443292098.376959,2443292098.376959,rank1
AR-S1,0,1,core,cubic_bspline,32,24,0.0007721047578592939,1.2098201092383326e-12,1.2098203222421501e-12,0.000772104757859294,0.000772104757859257,2.3295760799527144e-05,0.03017176174916618,7.204382183037885e-18,9.238274559978344e-19,2.481725345293555e-16,2.387789696515479e-16,104914779656.06265,104914779656.06265,rank1
AR-S1,0,1,core,cubic_bspline,40,24,0.0004828616072989428,1.2098201092383326e-12,1.2098239539305846e-12,0.0004828616072989429,0.00048286160729897284,1.4568785373244044e-05,0.03017176174916618,7.204382183037885e-18,9.238274559978344e-19,2.481725345293555e-16,2.387789696515479e-16,65611976378.18261,65611976378.18261,rank1
AR-S1,0,1,core,cubic_bspline,48,24,7.165228360642189e-05,1.2098201092383326e-12,1.2098183079882787e-12,7.16522836064219e-05,7.165228360641976e-05,2.1618756297565825e-06,0.03017176174916618,7.204382183037885e-18,9.238274559978344e-19,2.481725345293555e-16,2.387789696515479e-16,9736222280.593102,9736222280.593102,rank1
AR-S1,0,1,core,discrete_identity,64,24,0.0,1.2098201092383326e-12,1.2098201092383326e-12,0.0,1.2098169615808746e-12,3.6502307105620085e-14,0.03017176174916618,7.204382183037885e-18,9.238274559978344e-19,2.481725345293555e-16,2.387789696515479e-16,164.39177667903402,164.39177667903402,rank1
AR-S1,0,1,core,cubic_bspline,32,28,0.0007721047578592939,1.5268476317487468e-13,1.526870770605416e-13,0.0007721047578592925,0.0007721047578592782,2.3295760799527774e-05,0.03017176174916618,7.204382183037885e-18,9.238274559978344e-19,2.481725345293555e-16,2.387789696515479e-16,104914779656.06549,104914779656.06549,rank1
AR-S1,0,1,core,cubic_bspline,40,28,0.0004828616072989428,1.5268476317487468e-13,1.5268835782741272e-13,0.00048286160729894194,0.00048286160729895457,1.4568785373243492e-05,0.03017176174916618,7.204382183037885e-18,9.238274559978344e-19,2.481725345293555e-16,2.387789696515479e-16,65611976378.18012,65611976378.18012,rank1
AR-S1,0,1,core,cubic_bspline,48,28,7.165228360642189e-05,1.5268476317487468e-13,1.526868916386255e-13,7.165228360642176e-05,7.165228360643497e-05,2.1618756297570408e-06,0.03017176174916618,7.204382183037885e-18,9.238274559978344e-19,2.481725345293555e-16,2.387789696515479e-16,9736222280.595165,9736222280.595165,rank1
AR-S1,0,1,core,discrete_identity,64,28,0.0,1.5268476317487468e-13,1.5268476317487468e-13,0.0,1.527277938930946e-13,4.608048527604209e-15,0.03017176174916618,7.204382183037885e-18,9.238274559978344e-19,2.481725345293555e-16,2.387789696515479e-16,20.752805631823477,20.752805631823477,rank1
AR-S1,0,1,core,cubic_bspline,32,32,0.0007721047578592939,5.668600880862587e-14,5.668791982010081e-14,0.0007721047578592926,0.0007721047578592767,2.3295760799527727e-05,0.03017176174916618,7.204382183037885e-18,9.238274559978344e-19,2.481725345293555e-16,2.387789696515479e-16,104914779656.06528,104914779656.06528,rank1
AR-S1,0,1,core,cubic_bspline,40,32,0.0004828616072989428,5.668600880862587e-14,5.6684911035735516e-14,0.00048286160729894194,0.00048286160729895425,1.4568785373243485e-05,0.03017176174916618,7.204382183037885e-18,9.238274559978344e-19,2.481725345293555e-16,2.387789696515479e-16,65611976378.18009,65611976378.18009,rank1
AR-S1,0,1,core,cubic_bspline,48,32,7.165228360642189e-05,5.668600880862587e-14,5.668765610141101e-14,7.165228360642176e-05,7.165228360640595e-05,2.1618756297561654e-06,0.03017176174916618,7.204382183037885e-18,9.238274559978344e-19,2.481725345293555e-16,2.387789696515479e-16,9736222280.591223,9736222280.591223,rank1
AR-S1,0,1,core,discrete_identity,64,32,0.0,5.668600880862587e-14,5.668600880862587e-14,0.0,5.667689433755131e-14,1.709993641253504e-15,0.03017176174916618,7.204382183037885e-18,9.238274559978344e-19,2.481725345293555e-16,2.387789696515479e-16,7.7011267255551985,7.7011267255551985,rank1
AR-S1,0,1,fit,cubic_bspline,32,24,0.0007721047578592841,8.301221110576996e-15,8.30450818279317e-15,0.0007721047578592841,0.0007721047578592818,0.00012783179953512692,0.1655627662359576,4.04010360864998e-17,6.731534085419997e-18,2.542578763020913e-16,2.440224756146007e-16,575703244752.4976,575703244752.4976,rank1
AR-S1,0,1,fit,cubic_bspline,40,24,0.00048286160729893885,8.301221110576996e-15,8.307589248379659e-15,0.000482861607298939,0.0004828616072989552,7.99439034135557e-05,0.1655627662359576,4.04010360864998e-17,6.731534085419997e-18,2.542578763020913e-16,2.440224756146007e-16,360035333623.8324,360035333623.8324,rank1
AR-S1,0,1,fit,cubic_bspline,48,24,7.165228360642744e-05,8.301221110576996e-15,8.305495314080807e-15,7.165228360642747e-05,7.165228360642639e-05,1.1862950281003305e-05,0.1655627662359576,4.04010360864998e-17,6.731534085419997e-18,2.542578763020913e-16,2.440224756146007e-16,53425978465.04121,53425978465.04121,rank1
AR-S1,0,1,fit,discrete_identity,64,24,0.0,8.301221110576996e-15,8.301221110576996e-15,0.0,8.310829567128991e-15,1.3743543388185447e-15,0.1655627662359576,4.04010360864998e-17,6.731534085419997e-18,2.542578763020913e-16,2.440224756146007e-16,6.189541688178222,6.189541688178222,rank1
AR-S1,0,1,fit,cubic_bspline,32,28,0.0007721047578592841,4.059538557234073e-15,4.0728356505545654e-15,0.0007721047578592847,0.0007721047578592722,0.00012783179953512535,0.1655627662359576,4.04010360864998e-17,6.731534085419997e-18,2.542578763020913e-16,2.440224756146007e-16,575703244752.4905,575703244752.4905,rank1
AR-S1,0,1,fit,cubic_bspline,40,28,0.00048286160729893885,4.059538557234073e-15,4.07169966962186e-15,0.0004828616072989392,0.0004828616072989447,7.994390341355394e-05,0.1655627662359576,4.04010360864998e-17,6.731534085419997e-18,2.542578763020913e-16,2.440224756146007e-16,360035333623.82446,360035333623.82446,rank1
AR-S1,0,1,fit,cubic_bspline,48,28,7.165228360642744e-05,4.059538557234073e-15,4.070462531002202e-15,7.16522836064275e-05,7.165228360640267e-05,1.1862950280999378e-05,0.1655627662359576,4.04010360864998e-17,6.731534085419997e-18,2.542578763020913e-16,2.440224756146007e-16,53425978465.02352,53425978465.02352,rank1
AR-S1,0,1,fit,discrete_identity,64,28,0.0,4.059538557234073e-15,4.059538557234073e-15,0.0,4.0861089254861575e-15,6.734729363469842e-16,0.1655627662359576,4.04010360864998e-17,6.731534085419997e-18,2.542578763020913e-16,2.440224756146007e-16,3.0330524651763917,3.0330524651763917,rank1
AR-S1,0,1,fit,cubic_bspline,32,32,0.0007721047578592841,6.06973556279129e-15,6.077372487572666e-15,0.000772104757859284,0.0007721047578592912,0.00012783179953512852,0.1655627662359576,4.04010360864998e-17,6.731534085419997e-18,2.542578763020913e-16,2.440224756146007e-16,575703244752.5048,575703244752.5048,rank1
AR-S1,0,1,fit,cubic_bspline,40,32,0.00048286160729893885,6.06973556279129e-15,6.079810113353627e-15,0.0004828616072989388,0.00048286160729895533,7.994390341355572e-05,0.1655627662359576,4.04010360864998e-17,6.731534085419997e-18,2.542578763020913e-16,2.440224756146007e-16,360035333623.83246,360035333623.83246,rank1
AR-S1,0,1,fit,cubic_bspline,48,32,7.165228360642744e-05,6.06973556279129e-15,6.079110869902449e-15,7.165228360642743e-05,7.165228360641336e-05,1.1862950281001152e-05,0.1655627662359576,4.04010360864998e-17,6.731534085419997e-18,2.542578763020913e-16,2.440224756146007e-16,53425978465.03151,53425978465.03151,rank1
AR-S1,0,1,fit,discrete_identity,64,32,0.0,6.06973556279129e-15,6.06973556279129e-15,0.0,6.080380334631929e-15,1.004568966762987e-15,0.1655627662359576,4.04010360864998e-17,6.731534085419997e-18,2.542578763020913e-16,2.440224756146007e-16,4.524176424381753,4.524176424381753,rank1
AR-S1,0,2,core,cubic_bspline,32,24,0.00030302151217621816,0.00018109783075915056,0.0001810978224447651,0.0003030215072072262,0.00035301339653870286,5.6946941579758325e-06,0.018793035732651585,5.661151423526225e-18,8.267190581961922e-19,3.116704999276585e-16,3.0123666575540906e-16,25646622487.8489,25646622487.8489,rank1
AR-S1,0,2,core,cubic_bspline,40,24,4.920953897642639e-05,0.00018109783075915056,0.00018109783053988206,4.920953816948103e-05,0.00018766460228963024,3.4033780048909877e-06,0.018793035732651585,5.661151423526225e-18,8.267190581961922e-19,3.116704999276585e-16,3.0123666575540906e-16,15327451914.627995,15327451914.627995,rank1
AR-S1,0,2,core,cubic_bspline,48,24,1.779361480480233e-05,0.00018109783075915056,0.00018109783073049044,1.7793614513019986e-05,0.00018196987943917207,3.40337800456758e-06,0.018793035732651585,5.661151423526225e-18,8.267190581961922e-19,3.116704999276585e-16,3.0123666575540906e-16,15327451913.171495,15327451913.171495,rank1
AR-S1,0,2,core,discrete_identity,64,24,0.0,0.00018109783075915056,0.00018109783075915056,0.0,0.0001810978307591475,3.4033780045623496e-06,0.018793035732651585,5.661151423526225e-18,8.267190581961922e-19,3.116704999276585e-16,3.0123666575540906e-16,15327451913.14794,15327451913.14794,rank1
AR-S1,0,2,core,cubic_bspline,32,28,0.00030302151217621816,8.636764816561711e-05,8.636764420039676e-05,0.0003030215110460435,0.00031508952189225164,5.694694107967761e-06,0.018793035732651585,5.661151423526225e-18,8.267190581961922e-19,3.116704999276585e-16,3.0123666575540906e-16,25646622262.63257,25646622262.63257,rank1
AR-S1,0,2,core,cubic_bspline,40,28,4.920953897642639e-05,8.636764816561711e-05,8.636764806104434e-05,4.920953879289034e-05,9.940296453259328e-05,1.6231102990660848e-06,0.018793035732651585,5.661151423526225e-18,8.267190581961922e-19,3.116704999276585e-16,3.0123666575540906e-16,7309838938.055234,7309838938.055234,rank1
AR-S1,0,2,core,cubic_bspline,48,28,1.779361480480233e-05,8.636764816561711e-05,8.636764815194484e-05,1.7793614738437767e-05,8.818153647516407e-05,1.623110298133015e-06,0.018793035732651585,5.661151423526225e-18,8.267190581961922e-19,3.116704999276585e-16,3.0123666575540906e-16,7309838933.853061,7309838933.853061,rank1
AR-S1,0,2,core,discrete_identity,64,28,0.0,8.636764816561711e-05,8.636764816561711e-05,0.0,8.636764816562754e-05,1.6231102981217183e-06,0.018793035732651585,5.661151423526225e-18,8.267190581961922e-19,3.116704999276585e-16,3.0123666575540906e-16,7309838933.802185,7309838933.802185,rank1
AR-S1,0,2,core,cubic_bspline,32,32,0.00030302151217621816,4.637295085992717e-05,4.637294873089984e-05,0.0003030215118504013,0.0003065493226473673,5.69469410623661e-06,0.018793035732651585,5.661151423526225e-18,8.267190581961922e-19,3.116704999276585e-16,3.0123666575540906e-16,25646622254.836155,25646622254.836155,rank1
AR-S1,0,2,core,cubic_bspline,40,32,4.920953897642639e-05,4.637295085992717e-05,4.637295080378458e-05,4.920953892351498e-05,6.761678262474955e-05,9.247966322581049e-07,0.018793035732651585,5.661151423526225e-18,8.267190581961922e-19,3.116704999276585e-16,3.0123666575540906e-16,4164913768.431091,4164913768.431091,rank1
AR-S1,0,2,core,cubic_bspline,48,32,1.779361480480233e-05,4.637295085992717e-05,4.63729508525906e-05,1.7793614785670164e-05,4.966954095417565e-05,8.714885225629968e-07,0.018793035732651585,5.661151423526225e-18,8.267190581961922e-19,3.116704999276585e-16,3.0123666575540906e-16,3924835385.4723763,3924835385.4723763,rank1
AR-S1,0,2,core,discrete_identity,64,32,0.0,4.637295085992717e-05,4.637295085992717e-05,0.0,4.637295085993667e-05,8.714885225392858e-07,0.018793035732651585,5.661151423526225e-18,8.267190581961922e-19,3.116704999276585e-16,3.0123666575540906e-16,3924835385.3655915,3924835385.3655915,rank1
AR-S1,0,2,fit,cubic_bspline,32,24,0.0003030215121762175,0.00018195423648362949,0.00018195422812992192,0.0003030215071600989,0.00035345350185832843,5.770953616819265e-06,0.019044699241011563,4.829169172223866e-18,8.021226312399006e-19,2.654090491352771e-16,2.535702512867493e-16,25990064558.27966,25990064558.27966,rank1
AR-S1,0,2,fit,cubic_bspline,40,24,4.920953897642658e-05,0.00018195423648362949,0.00018195423626331933,4.9209538161828024e-05,0.0001884911743834196,3.4652637097896804e-06,0.019044699241011563,4.829169172223866e-18,8.021226312399006e-19,2.654090491352771e-16,2.535702512867493e-16,15606160352.149307,15606160352.149307,rank1
AR-S1,0,2,fit,cubic_bspline,48,24,1.7793614804802216e-05,0.00018195423648362949,0.0001819542364548259,1.7793614510252553e-05,0.0001828222002156082,3.465263709463695e-06,0.019044699241011563,4.829169172223866e-18,8.021226312399006e-19,2.654090491352771e-16,2.535702512867493e-16,15606160350.6812,15606160350.6812,rank1
AR-S1,0,2,fit,discrete_identity,64,24,0.0,0.00018195423648362949,0.00018195423648362949,0.0,0.00018195423648360468,3.4652637094581458e-06,0.019044699241011563,4.829169172223866e-18,8.021226312399006e-19,2.654090491352771e-16,2.535702512867493e-16,15606160350.656208,15606160350.656208,rank1
AR-S1,0,2,fit,cubic_bspline,32,28,0.0003030215121762175,8.643766027833949e-05,8.643765630990926e-05,0.0003030215110442096,0.00031510871976179,5.770953564862283e-06,0.019044699241011563,4.829169172223866e-18,8.021226312399006e-19,2.654090491352771e-16,2.535702512867493e-16,25990064324.286213,25990064324.286213,rank1
AR-S1,0,2,fit,cubic_bspline,40,28,4.920953897642658e-05,8.643766027833949e-05,8.643766017367716e-05,4.9209538792592806e-05,9.946380156908574e-05,1.6461792440536128e-06,0.019044699241011563,4.829169172223866e-18,8.021226312399006e-19,2.654090491352771e-16,2.535702512867493e-16,7413732230.104896,7413732230.104896,rank1
AR-S1,0,2,fit,cubic_bspline,48,28,1.7793614804802216e-05,8.643766027833949e-05,8.643766026465714e-05,1.7793614738329994e-05,8.82501095741528e-05,1.6461792431092533e-06,0.019044699241011563,4.829169172223866e-18,8.021226312399006e-19,2.654090491352771e-16,2.535702512867493e-16,7413732225.851878,7413732225.851878,rank1
AR-S1,0,2,fit,discrete_identity,64,28,0.0,8.643766027833949e-05,8.643766027833949e-05,0.0,8.643766027834696e-05,1.6461792430978497e-06,0.019044699241011563,4.829169172223866e-18,8.021226312399006e-19,2.654090491352771e-16,2.535702512867493e-16,7413732225.800521,7413732225.800521,rank1
AR-S1,0,2,fit,cubic_bspline,32,32,0.0003030215121762175,4.632811257592857e-05,4.632811044894428e-05,0.00030302151185103085,0.0003065425429843861,5.770953563100884e-06,0.019044699241011563,4.829169172223866e-18,8.021226312399006e-19,2.654090491352771e-16,2.535702512867493e-16,25990064316.353577,25990064316.353577,rank1
AR-S1,0,2,fit,cubic_bspline,40,32,4.920953897642658e-05,4.632811257592857e-05,4.632811251983667e-05,4.92095389236175e-05,6.758603950464539e-05,9.371808774363875e-07,0.019044699241011563,4.829169172223866e-18,8.021226312399006e-19,2.654090491352771e-16,2.535702512867493e-16,4220687450.4012694,4220687450.4012694,rank1
AR-S1,0,2,fit,cubic_bspline,48,32,1.7793614804802216e-05,4.632811257592857e-05,4.6328112568589284e-05,1.779361478570704e-05,4.962768120707234e-05,8.8230497043662e-07,0.019044699241011563,4.829169172223866e-18,8.021226312399006e-19,2.654090491352771e-16,2.535702512867493e-16,3973548336.0854983,3973548336.0854983,rank1
AR-S1,0,2,fit,discrete_identity,64,32,0.0,4.632811257592857e-05,4.632811257592857e-05,0.0,4.6328112575919765e-05,8.823049704121176e-07,0.019044699241011563,4.829169172223866e-18,8.021226312399006e-19,2.654090491352771e-16,2.535702512867493e-16,3973548335.975149,3973548335.975149,rank1
AR-S1,1,0,core,cubic_bspline,32,24,0.0038737042132918325,0.00018339374867720865,0.0001833923727068632,0.003873704148148989,0.0038780429464411823,0.00010756459806550196,0.027767891438987898,7.875726268395257e-18,1.2815861509489882e-18,2.9322480878543487e-16,2.836270908686006e-16,484427883766.0518,484427883766.0518,rank1
AR-S1,1,0,core,cubic_bspline,40,24,0.0003092127884832301,0.00018339374867720865,0.00018339373990983258,0.00030921278328329766,0.00035950773621675424,8.58618722050354e-06,0.027767891438987898,7.875726268395257e-18,1.2815861509489882e-18,2.9322480878543487e-16,2.836270908686006e-16,38668749566.79306,38668749566.79306,rank1
AR-S1,1,0,core,cubic_bspline,48,24,1.0429914047178886e-05,0.00018339374867720865,0.00018339374866722745,1.0429913871782363e-05,0.00018369009270304573,5.0924577038588215e-06,0.027767891438987898,7.875726268395257e-18,1.2815861509489882e-18,2.9322480878543487e-16,2.836270908686006e-16,22934390617.4986,22934390617.4986,rank1
AR-S1,1,0,core,discrete_identity,64,24,0.0,0.00018339374867720865,0.00018339374867720865,0.0,0.00018339374867719935,5.092457703857503e-06,0.027767891438987898,7.875726268395257e-18,1.2815861509489882e-18,2.9322480878543487e-16,2.836270908686006e-16,22934390617.49266,22934390617.49266,rank1
AR-S1,1,0,core,cubic_bspline,32,28,0.0038737042132918325,7.382851645050049e-05,7.382796252840677e-05,0.0038737042027347595,0.0038744076837790614,0.00010756459806154499,0.027767891438987898,7.875726268395257e-18,1.2815861509489882e-18,2.9322480878543487e-16,2.836270908686006e-16,484427883748.2312,484427883748.2312,rank1
AR-S1,1,0,core,cubic_bspline,40,28,0.0003092127884832301,7.382851645050049e-05,7.382851292103172e-05,0.00030921278764052724,0.0003179043848104498,8.586187143563926e-06,0.027767891438987898,7.875726268395257e-18,1.2815861509489882e-18,2.9322480878543487e-16,2.836270908686006e-16,38668749220.28784,38668749220.28784,rank1
AR-S1,1,0,core,cubic_bspline,48,28,1.0429914047178886e-05,7.382851645050049e-05,7.382851644648809e-05,1.0429914018754065e-05,7.456160505059327e-05,2.0500622299014253e-06,0.027767891438987898,7.875726268395257e-18,1.2815861509489882e-18,2.9322480878543487e-16,2.836270908686006e-16,9232659494.670387,9232659494.670387,rank1
AR-S1,1,0,core,discrete_identity,64,28,0.0,7.382851645050049e-05,7.382851645050049e-05,0.0,7.382851645049534e-05,2.0500622298988868e-06,0.027767891438987898,7.875726268395257e-18,1.2815861509489882e-18,2.9322480878543487e-16,2.836270908686006e-16,9232659494.658955,9232659494.658955,rank1
AR-S1,1,0,core,cubic_bspline,32,32,0.0038737042132918325,3.577675765061022e-05,3.577648922402879e-05,0.003873704211323658,0.0038738694207802356,0.0001075645980614427,0.027767891438987898,7.875726268395257e-18,1.2815861509489882e-18,2.9322480878543487e-16,2.836270908686006e-16,484427883747.7705,484427883747.7705,rank1
AR-S1,1,0,core,cubic_bspline,40,32,0.0003092127884832301,3.577675765061022e-05,3.577675594026092e-05,0.0003092127883261235,0.0003112756412364938,8.586187142209336e-06,0.027767891438987898,7.875726268395257e-18,1.2815861509489882e-18,2.9322480878543487e-16,2.836270908686006e-16,38668749214.18731,38668749214.18731,rank1
AR-S1,1,0,core,cubic_bspline,48,32,1.0429914047178886e-05,3.577675765061022e-05,3.5776757648661065e-05,1.0429914041879597e-05,3.726606358180904e-05,9.934451224749376e-07,0.027767891438987898,7.875726268395257e-18,1.2815861509489882e-18,2.9322480878543487e-16,2.836270908686006e-16,4474079083.391166,4474079083.391166,rank1
AR-S1,1,0,core,discrete_identity,64,32,0.0,3.577675765061022e-05,3.577675765061022e-05,0.0,3.577675765060545e-05,9.93445122480992e-07,0.027767891438987898,7.875726268395257e-18,1.2815861509489882e-18,2.9322480878543487e-16,2.836270908686006e-16,4474079083.418432,4474079083.418432,rank1
AR-S1,1,0,fit,cubic_bspline,32,24,0.0038737042132918347,0.00010915112253470139,0.00010915030359344072,0.003873704190216243,0.0038752416854758395,0.00012663169313528004,0.03269007806537443,7.859908820838303e-18,1.373702084306753e-18,2.505896484107842e-16,2.404371382998799e-16,570298446017.3422,570298446017.3422,rank1
AR-S1,1,0,fit,cubic_bspline,40,24,0.00030921278848322875,0.00010915112253470139,0.00010915111731659388,0.0003092127866412532,0.00032791235867684785,1.0108190202898918e-05,0.03269007806537443,7.859908820838303e-18,1.373702084306753e-18,2.505896484107842e-16,2.404371382998799e-16,45523241631.165665,45523241631.165665,rank1
AR-S1,1,0,fit,cubic_bspline,48,24,1.042991404718274e-05,0.00010915112253470139,0.00010915112252876086,1.0429913985051915e-05,0.00010964830439327588,3.5681587165843796e-06,0.03269007806537443,7.859908820838303e-18,1.373702084306753e-18,2.505896484107842e-16,2.404371382998799e-16,16069558266.4082,16069558266.4082,rank1
AR-S1,1,0,fit,discrete_identity,64,24,0.0,0.00010915112253470139,0.00010915112253470139,0.0,0.00010915112253470271,3.5681587165826813e-06,0.03269007806537443,7.859908820838303e-18,1.373702084306753e-18,2.505896484107842e-16,2.404371382998799e-16,16069558266.40055,16069558266.40055,rank1
AR-S1,1,0,fit,cubic_bspline,32,28,0.0038737042132918347,4.394628279578568e-05,4.394595307473229e-05,0.0038737042095512366,0.0038739534817633942,0.00012663169313469625,0.03269007806537443,7.859908820838303e-18,1.373702084306753e-18,2.505896484107842e-16,2.404371382998799e-16,570298446014.713,570298446014.713,rank1
AR-S1,1,0,fit,cubic_bspline,40,28,0.00030921278848322875,4.394628279578568e-05,4.3946280694874125e-05,0.0003092127881846409,0.00031232006683603,1.0108190194528762e-05,0.03269007806537443,7.859908820838303e-18,1.373702084306753e-18,2.505896484107842e-16,2.404371382998799e-16,45523241593.46983,45523241593.46983,rank1
AR-S1,1,0,fit,cubic_bspline,48,28,1.042991404718274e-05,4.394628279578568e-05,4.394628279340327e-05,1.042991403711121e-05,4.5167010952562557e-05,1.436607415282081e-06,0.03269007806537443,7.859908820838303e-18,1.373702084306753e-18,2.505896484107842e-16,2.404371382998799e-16,6469904620.142072,6469904620.142072,rank1
AR-S1,1,0,fit,discrete_identity,64,28,0.0,4.394628279578568e-05,4.394628279578568e-05,0.0,4.3946282795795796e-05,1.4366074152775859e-06,0.03269007806537443,7.859908820838303e-18,1.373702084306753e-18,2.505896484107842e-16,2.404371382998799e-16,6469904620.121827,6469904620.121827,rank1
AR-S1,1,0,fit,cubic_bspline,32,32,0.0038737042132918347,2.1299218583473852e-05,2.1299058779267166e-05,0.0038737042124131764,0.0038737627679015,0.00012663169313468118,0.03269007806537443,7.859908820838303e-18,1.373702084306753e-18,2.505896484107842e-16,2.404371382998799e-16,570298446014.6451,570298446014.6451,rank1
AR-S1,1,0,fit,cubic_bspline,40,32,0.00030921278848322875,2.1299218583473852e-05,2.129921756524041e-05,0.000309212788413091,0.00030994548751425526,1.0108190194338942e-05,0.03269007806537443,7.859908820838303e-18,1.373702084306753e-18,2.505896484107842e-16,2.404371382998799e-16,45523241592.61496,45523241592.61496,rank1
AR-S1,1,0,fit,cubic_bspline,48,32,1.042991404718274e-05,2.1299218583473852e-05,2.129921858231915e-05,1.0429914044816955e-05,2.37158136956744e-05,6.962731182370544e-07,0.03269007806537443,7.859908820838303e-18,1.373702084306753e-18,2.505896484107842e-16,2.404371382998799e-16,3135735355.8404913,3135735355.8404913,rank1
AR-S1,1,0,fit,discrete_identity,64,32,0.0,2.1299218583473852e-05,2.1299218583473852e-05,0.0,2.129921858347401e-05,6.96273118225239e-07,0.03269007806537443,7.859908820838303e-18,1.373702084306753e-18,2.505896484107842e-16,2.404371382998799e-16,3135735355.7872796,3135735355.7872796,rank1
AR-S1,1,1,core,cubic_bspline,32,24,0.0007721047578592746,8.147787334069551e-15,8.149466718359654e-15,0.0007721047578592749,0.0007721047578592767,2.2102326944932088e-05,0.02862607271869766,9.771145092069061e-18,1.0740098302292372e-18,3.4876183103640224e-16,3.41337255308754e-16,99540031393.21703,99540031393.21703,rank1
AR-S1,1,1,core,cubic_bspline,40,24,0.00048286160729893885,8.147787334069551e-15,8.156364298686938e-15,0.00048286160729893896,0.00048286160729894096,1.382243148360671e-05,0.02862607271869766,9.771145092069061e-18,1.0740098302292372e-18,3.4876183103640224e-16,3.41337255308754e-16,62250697278.92539,62250697278.92539,rank1
AR-S1,1,1,core,cubic_bspline,48,24,7.165228360643412e-05,8.147787334069551e-15,8.157696602848078e-15,7.165228360643415e-05,7.165228360642254e-05,2.0511234809781983e-06,0.02862607271869766,9.771145092069061e-18,1.0740098302292372e-18,3.4876183103640224e-16,3.41337255308754e-16,9237438944.624289,9237438944.624289,rank1
AR-S1,1,1,core,discrete_identity,64,24,0.0,8.147787334069551e-15,8.147787334069551e-15,0.0,8.191702501295174e-15,2.340912030331651e-16,0.02862607271869766,9.771145092069061e-18,1.0740098302292372e-18,3.4876183103640224e-16,3.41337255308754e-16,1.0542530547508735,1.0542530547508735,rank1
AR-S1,1,1,core,cubic_bspline,32,28,0.0007721047578592746,2.2617649866859325e-14,2.26195084473213e-14,0.0007721047578592748,0.0007721047578592684,2.210232694493186e-05,0.02862607271869766,9.771145092069061e-18,1.0740098302292372e-18,3.4876183103640224e-16,3.41337255308754e-16,99540031393.216,99540031393.216,rank1
AR-S1,1,1,core,cubic_bspline,40,28,0.00048286160729893885,2.2617649866859325e-14,2.2619800647741544e-14,0.00048286160729893896,0.00048286160729894205,1.3822431483606744e-05,0.02862607271869766,9.771145092069061e-18,1.0740098302292372e-18,3.4876183103640224e-16,3.41337255308754e-16,62250697278.925545,62250697278.925545,rank1
AR-S1,1,1,core,cubic_bspline,48,28,7.165228360643412e-05,2.2617649866859325e-14,2.2622053972108976e-14,7.165228360643414e-05,7.16522836064253e-05,2.051123480978278e-06,0.02862607271869766,9.771145092069061e-18,1.0740098302292372e-18,3.4876183103640224e-16,3.41337255308754e-16,9237438944.624647,9237438944.624647,rank1
AR-S1,1,1,core,discrete_identity,64,28,0.0,2.2617649866859325e-14,2.2617649866859325e-14,0.0,2.2625092730199423e-14,6.475052754774951e-16,0.02862607271869766,9.771145092069061e-18,1.0740098302292372e-18,3.4876183103640224e-16,3.41337255308754e-16,2.9161045173608775,2.9161045173608775,rank1
AR-S1,1,1,core,cubic_bspline,32,32,0.0007721047578592746,7.774087405948712e-15,7.777602063150099e-15,0.0007721047578592754,0.0007721047578592808,2.2102326944932214e-05,0.02862607271869766,9.771145092069061e-18,1.0740098302292372e-18,3.4876183103640224e-16,3.41337255308754e-16,99540031393.21759,99540031393.21759,rank1
AR-S1,1,1,core,cubic_bspline,40,32,0.00048286160729893885,7.774087405948712e-15,7.775630321981067e-15,0.00048286160729893923,0.00048286160729894855,1.3822431483606934e-05,0.02862607271869766,9.771145092069061e-18,1.0740098302292372e-18,3.4876183103640224e-16,3.41337255308754e-16,62250697278.9264,62250697278.9264,rank1
AR-S1,1,1,core,cubic_bspline,48,32,7.165228360643412e-05,7.774087405948712e-15,7.781709646933651e-15,7.165228360643419e-05,7.165228360643442e-05,2.0511234809785397e-06,0.02862607271869766,9.771145092069061e-18,1.0740098302292372e-18,3.4876183103640224e-16,3.41337255308754e-16,9237438944.625826,9237438944.625826,rank1
AR-S1,1,1,core,discrete_identity,64,32,0.0,7.774087405948712e-15,7.774087405948712e-15,0.0,7.784487311970408e-15,2.223695103505882e-16,0.02862607271869766,9.771145092069061e-18,1.0740098302292372e-18,3.4876183103640224e-16,3.41337255308754e-16,1.0014632439534688,1.0014632439534688,rank1
AR-S1,1,1,fit,cubic_bspline,32,24,0.0007721047578592885,1.1214150706719127e-14,1.1218161691083301e-14,0.0007721047578592886,0.0007721047578592591,0.00011157847210751538,0.14451208980615313,3.1051524596237295e-17,5.468970351822495e-18,2.2655701846180823e-16,2.148714660336686e-16,502504765405.9755,502504765405.9755,rank1
AR-S1,1,1,fit,cubic_bspline,40,24,0.0004828616072989377,1.1214150706719127e-14,1.1215811824071123e-14,0.00048286160729893777,0.000482861607298953,6.977933995792974e-05,0.14451208980615313,3.1051524596237295e-17,5.468970351822495e-18,2.2655701846180823e-16,2.148714660336686e-16,314258209432.6915,314258209432.6915,rank1
AR-S1,1,1,fit,cubic_bspline,48,24,7.165228360642777e-05,1.1214150706719127e-14,1.1215650549091133e-14,7.165228360642777e-05,7.165228360643835e-05,1.0354621243349574e-05,0.14451208980615313,3.1051524596237295e-17,5.468970351822495e-18,2.2655701846180823e-16,2.148714660336686e-16,46633068373.11176,46633068373.11176,rank1
AR-S1,1,1,fit,discrete_identity,64,24,0.0,1.1214150706719127e-14,1.1214150706719127e-14,0.0,1.1218523851787446e-14,1.6200496926632645e-15,0.14451208980615313,3.1051524596237295e-17,5.468970351822495e-18,2.2655701846180823e-16,2.148714660336686e-16,7.296055192199964,7.296055192199964,rank1
AR-S1,1,1,fit,cubic_bspline,32,28,0.0007721047578592885,1.2312878510174972e-14,1.2318730510241284e-14,0.0007721047578592888,0.0007721047578592517,0.00011157847210751435,0.14451208980615313,3.1051524596237295e-17,5.468970351822495e-18,2.2655701846180823e-16,2.148714660336686e-16,502504765405.9709,502504765405.9709,rank1
AR-S1,1,1,fit,cubic_bspline,40,28,0.0004828616072989377,1.2312878510174972e-14,1.2317982232756471e-14,0.000482861607298938,0.00048286160729896547,6.977933995793154e-05,0.14451208980615313,3.1051524596237295e-17,5.468970351822495e-18,2.2655701846180823e-16,2.148714660336686e-16,314258209432.69965,314258209432.69965,rank1
AR-S1,1,1,fit,cubic_bspline,48,28,7.165228360642777e-05,1.2312878510174972e-14,1.2317835804544842e-14,7.16522836064278e-05,7.165228360641198e-05,1.035462124334576e-05,0.14451208980615313,3.1051524596237295e-17,5.468970351822495e-18,2.2655701846180823e-16,2.148714660336686e-16,46633068373.09459,46633068373.09459,rank1
AR-S1,1,1,fit,discrete_identity,64,28,0.0,1.2312878510174972e-14,1.2312878510174972e-14,0.0,1.232395053045083e-14,1.77999904149606e-15,0.14451208980615313,3.1051524596237295e-17,5.468970351822495e-18,2.2655701846180823e-16,2.148714660336686e-16,8.016403020001496,8.016403020001496,rank1
AR-S1,1,1,fit,cubic_bspline,32,32,0.0007721047578592885,4.246166782771029e-15,4.25635410997234e-15,0.0007721047578592891,0.0007721047578592652,0.00011157847210751628,0.14451208980615313,3.1051524596237295e-17,5.468970351822495e-18,2.2655701846180823e-16,2.148714660336686e-16,502504765405.9796,502504765405.9796,rank1
AR-S1,1,1,fit,cubic_bspline,40,32,0.0004828616072989377,4.246166782771029e-15,4.256990966467423e-15,0.0004828616072989381,0.00048286160729894996,6.97793399579293e-05,0.14451208980615313,3.1051524596237295e-17,5.468970351822495e-18,2.2655701846180823e-16,2.148714660336686e-16,314258209432.6896,314258209432.6896,rank1
AR-S1,1,1,fit,cubic_bspline,48,32,7.165228360642777e-05,4.246166782771029e-15,4.259688883525716e-15,7.165228360642784e-05,7.16522836064182e-05,1.035462124334666e-05,0.14451208980615313,3.1051524596237295e-17,5.468970351822495e-18,2.2655701846180823e-16,2.148714660336686e-16,46633068373.09864,46633068373.09864,rank1
AR-S1,1,1,fit,discrete_identity,64,32,0.0,4.246166782771029e-15,4.246166782771029e-15,0.0,4.263700370881924e-15,6.134627917614088e-16,0.14451208980615313,3.1051524596237295e-17,5.468970351822495e-18,2.2655701846180823e-16,2.148714660336686e-16,2.7627908003823447,2.7627908003823447,rank1
AR-S1,1,2,core,cubic_bspline,32,24,0.0003030215121762164,0.00011610368060629594,0.00011610367527585266,0.0003030215101338418,0.00032450285091833623,5.6666725499107024e-06,0.01870056189292414,6.220891945022339e-18,6.41342083598901e-19,3.4118082471726022e-16,3.3265802282530245e-16,25520424384.208458,25520424384.208458,rank1
AR-S1,1,2,core,cubic_bspline,40,24,4.9209538976428e-05,0.00011610368060629594,0.00011610368046572216,4.9209538644754135e-05,0.0001261017182434728,2.1712040657498646e-06,0.01870056189292414,6.220891945022339e-18,6.41342083598901e-19,3.4118082471726022e-16,3.3265802282530245e-16,9778233821.456396,9778233821.456396,rank1
AR-S1,1,2,core,cubic_bspline,48,24,1.7793614804802256e-05,0.00011610368060629594,0.00011610368058790771,1.779361468487272e-05,0.00011745925835743828,2.171204065182355e-06,0.01870056189292414,6.220891945022339e-18,6.41342083598901e-19,3.4118082471726022e-16,3.3265802282530245e-16,9778233818.90056,9778233818.90056,rank1
AR-S1,1,2,core,discrete_identity,64,24,0.0,0.00011610368060629594,0.00011610368060629594,0.0,0.00011610368060628625,2.1712040651741516e-06,0.01870056189292414,6.220891945022339e-18,6.41342083598901e-19,3.4118082471726022e-16,3.3265802282530245e-16,9778233818.863615,9778233818.863615,rank1
AR-S1,1,2,core,cubic_bspline,32,28,0.0003030215121762164,5.553664780974948e-05,5.5536645260003854e-05,0.00030302151170890853,0.00030806875175567067,5.6666725436425595e-06,0.01870056189292414,6.220891945022339e-18,6.41342083598901e-19,3.4118082471726022e-16,3.3265802282530245e-16,25520424355.97925,25520424355.97925,rank1
AR-S1,1,2,core,cubic_bspline,40,28,4.9209538976428e-05,5.553664780974948e-05,5.5536647742496764e-05,4.920953890053899e-05,7.420173831351605e-05,1.0385665242864248e-06,0.01870056189292414,6.220891945022339e-18,6.41342083598901e-19,3.4118082471726022e-16,3.3265802282530245e-16,4677287811.775814,4677287811.775814,rank1
AR-S1,1,2,core,cubic_bspline,48,28,1.7793614804802256e-05,5.553664780974948e-05,5.553664780095129e-05,1.7793614777361645e-05,5.831751003591398e-05,1.038566519710469e-06,0.01870056189292414,6.220891945022339e-18,6.41342083598901e-19,3.4118082471726022e-16,3.3265802282530245e-16,4677287791.1675415,4677287791.1675415,rank1
AR-S1,1,2,core,discrete_identity,64,28,0.0,5.553664780974948e-05,5.553664780974948e-05,0.0,5.5536647809756065e-05,1.038566519691873e-06,0.01870056189292414,6.220891945022339e-18,6.41342083598901e-19,3.4118082471726022e-16,3.3265802282530245e-16,4677287791.083792,4677287791.083792,rank1
AR-S1,1,2,core,cubic_bspline,32,32,0.0003030215121762164,2.993404502651889e-05,2.9934043652220024e-05,0.0003030215120387971,0.00030449644301852634,5.666672543364158e-06,0.01870056189292414,6.220891945022339e-18,6.41342083598901e-19,3.4118082471726022e-16,3.3265802282530245e-16,25520424354.72544,25520424354.72544,rank1
AR-S1,1,2,core,cubic_bspline,40,32,4.9209538976428e-05,2.993404502651889e-05,2.993404499027572e-05,4.9209538954111614e-05,5.75988348471707e-05,9.202460295960955e-07,0.01870056189292414,6.220891945022339e-18,6.41342083598901e-19,3.4118082471726022e-16,3.3265802282530245e-16,4144419675.978154,4144419675.978154,rank1
AR-S1,1,2,core,cubic_bspline,48,32,1.7793614804802256e-05,2.993404502651889e-05,2.9934045021794257e-05,1.7793614796732902e-05,3.482326491280902e-05,5.597834617740477e-07,0.01870056189292414,6.220891945022339e-18,6.41342083598901e-19,3.4118082471726022e-16,3.3265802282530245e-16,2521040589.8537674,2521040589.8537674,rank1
AR-S1,1,2,core,discrete_identity,64,32,0.0,2.993404502651889e-05,2.993404502651889e-05,0.0,2.993404502653111e-05,5.597834617242231e-07,0.01870056189292414,6.220891945022339e-18,6.41342083598901e-19,3.4118082471726022e-16,3.3265802282530245e-16,2521040589.6293774,2521040589.6293774,rank1
AR-S1,1,2,fit,cubic_bspline,32,24,0.00030302151217621566,0.00011585691967448431,0.00011585691435538322,0.0003030215101425133,0.000324414644314201,6.0514800919712e-06,0.01997046362008306,4.979324977911569e-18,6.5517275945215265e-19,2.6006797416869737e-16,2.493344707783434e-16,27253443487.24147,27253443487.24147,rank1
AR-S1,1,2,fit,cubic_bspline,40,24,4.920953897642878e-05,0.00011585691967448431,0.00011585691953421007,4.920953864616325e-05,0.00012587455870917882,2.3137164001109996e-06,0.01997046362008306,4.979324977911569e-18,6.5517275945215265e-19,2.6006797416869737e-16,2.493344707783434e-16,10420052317.380903,10420052317.380903,rank1
AR-S1,1,2,fit,cubic_bspline,48,24,1.7793614804802615e-05,0.00011585691967448431,0.00011585691965615025,1.7793614685382324e-05,0.00011721535121319723,2.3137163995031484e-06,0.01997046362008306,4.979324977911569e-18,6.5517275945215265e-19,2.6006797416869737e-16,2.493344707783434e-16,10420052314.643385,10420052314.643385,rank1
AR-S1,1,2,fit,discrete_identity,64,24,0.0,0.00011585691967448431,0.00011585691967448431,0.0,0.00011585691967447897,2.313716399494068e-06,0.01997046362008306,4.979324977911569e-18,6.5517275945215265e-19,2.6006797416869737e-16,2.493344707783434e-16,10420052314.60249,10420052314.60249,rank1
AR-S1,1,2,fit,cubic_bspline,32,28,0.00030302151217621566,5.556323888565522e-05,5.556323633469074e-05,0.0003030215117084606,0.0003080735465332024,6.051480085342639e-06,0.01997046362008306,4.979324977911569e-18,6.5517275945215265e-19,2.6006797416869737e-16,2.493344707783434e-16,27253443457.389088,27253443457.389088,rank1
AR-S1,1,2,fit,cubic_bspline,40,28,4.920953897642878e-05,5.556323888565522e-05,5.556323881837666e-05,4.9209538900467134e-05,7.422164262707565e-05,1.1096236456673879e-06,0.01997046362008306,4.979324977911569e-18,6.5517275945215265e-19,2.6006797416869737e-16,2.493344707783434e-16,4997300637.149139,4997300637.149139,rank1
AR-S1,1,2,fit,cubic_bspline,48,28,1.7793614804802615e-05,5.556323888565522e-05,5.5563238876859967e-05,1.7793614777335736e-05,5.834283368426378e-05,1.1096236408002413e-06,0.01997046362008306,4.979324977911569e-18,6.5517275945215265e-19,2.6006797416869737e-16,2.493344707783434e-16,4997300615.22946,4997300615.22946,rank1
AR-S1,1,2,fit,discrete_identity,64,28,0.0,5.556323888565522e-05,5.556323888565522e-05,0.0,5.5563238885663146e-05,1.1096236407801202e-06,0.01997046362008306,4.979324977911569e-18,6.5517275945215265e-19,2.6006797416869737e-16,2.493344707783434e-16,4997300615.138843,4997300615.138843,rank1
AR-S1,1,2,fit,cubic_bspline,32,32,0.00030302151217621566,2.996461513499961e-05,2.9964613759290295e-05,0.0003030215120401776,0.0003044994497848866,6.051480085044318e-06,0.01997046362008306,4.979324977911569e-18,6.5517275945215265e-19,2.6006797416869737e-16,2.493344707783434e-16,27253443456.045567,27253443456.045567,rank1
AR-S1,1,2,fit,cubic_bspline,40,32,4.920953897642878e-05,2.996461513499961e-05,2.996461509872701e-05,4.92095389543367e-05,5.7614728015392045e-05,9.82737308149842e-07,0.01997046362008306,4.979324977911569e-18,6.5517275945215265e-19,2.6006797416869737e-16,2.493344707783434e-16,4425855374.786713,4425855374.786713,rank1
AR-S1,1,2,fit,cubic_bspline,48,32,1.7793614804802615e-05,2.996461513499961e-05,2.996461513025448e-05,1.7793614796814366e-05,3.484954644936897e-05,5.984072564951252e-07,0.01997046362008306,4.979324977911569e-18,6.5517275945215265e-19,2.6006797416869737e-16,2.493344707783434e-16,2694986697.3672466,2694986697.3672466,rank1
AR-S1,1,2,fit,discrete_identity,64,32,0.0,2.996461513499961e-05,2.996461513499961e-05,0.0,2.996461513501059e-05,5.984072564435193e-07,0.01997046362008306,4.979324977911569e-18,6.5517275945215265e-19,2.6006797416869737e-16,2.493344707783434e-16,2694986697.1348343,2694986697.1348343,rank1
AR-S1,2,0,core,cubic_bspline,32,24,0.003873704213291832,0.00014673145425640806,0.00014673035335666934,0.0038737041715911536,0.0038764821847483357,0.00010856728146500786,0.028026735002327056,6.3219321282995534e-18,1.0988725726652412e-18,2.348667413637827e-16,2.2556791320054385e-16,488943568350.43713,488943568350.43713,rank1
AR-S1,2,0,core,cubic_bspline,40,24,0.00030921278848323195,0.00014673145425640806,0.00014673144724172184,0.00030921278515453623,0.0003422611081779965,8.666224909263463e-06,0.028026735002327056,6.3219321282995534e-18,1.0988725726652412e-18,2.348667413637827e-16,2.2556791320054385e-16,39029207272.06784,39029207272.06784,rank1
AR-S1,2,0,core,cubic_bspline,48,24,1.0429914047177794e-05,0.00014673145425640806,0.0001467314542484262,1.0429913934899089e-05,0.0001471016749492911,4.11240358495132e-06,0.028026735002327056,6.3219321282995534e-18,1.0988725726652412e-18,2.348667413637827e-16,2.2556791320054385e-16,18520619252.783855,18520619252.783855,rank1
AR-S1,2,0,core,discrete_identity,64,24,0.0,0.00014673145425640806,0.00014673145425640806,0.0,0.00014673145425641164,4.1124035849505235e-06,0.028026735002327056,6.3219321282995534e-18,1.0988725726652412e-18,2.348667413637827e-16,2.2556791320054385e-16,18520619252.78027,18520619252.78027,rank1
AR-S1,2,0,core,cubic_bspline,32,28,0.003873704213291832,6.0760798965382726e-05,6.076034308802782e-05,0.0038737042061411904,0.003874180707113091,0.00010856728146337811,0.028026735002327056,6.3219321282995534e-18,1.0988725726652412e-18,2.348667413637827e-16,2.2556791320054385e-16,488943568343.0974,488943568343.0974,rank1
AR-S1,2,0,core,cubic_bspline,40,28,0.00030921278848323195,6.0760798965382726e-05,6.076079606063798e-05,0.0003092127879124425,0.00031512604287728396,8.666224882792582e-06,0.028026735002327056,6.3219321282995534e-18,1.0988725726652412e-18,2.348667413637827e-16,2.2556791320054385e-16,39029207152.85359,39029207152.85359,rank1
AR-S1,2,0,core,cubic_bspline,48,28,1.0429914047177794e-05,6.0760798965382726e-05,6.076079896208119e-05,1.0429914027924755e-05,6.164947524140586e-05,1.702926811135124e-06,0.028026735002327056,6.3219321282995534e-18,1.0988725726652412e-18,2.348667413637827e-16,2.2556791320054385e-16,7669300552.067371,7669300552.067371,rank1
AR-S1,2,0,core,discrete_identity,64,28,0.0,6.0760798965382726e-05,6.0760798965382726e-05,0.0,6.076079896537883e-05,1.7029268111323404e-06,0.028026735002327056,6.3219321282995534e-18,1.0988725726652412e-18,2.348667413637827e-16,2.2556791320054385e-16,7669300552.054835,7669300552.054835,rank1
AR-S1,2,0,core,cubic_bspline,32,32,0.003873704213291832,2.9747286020894013e-05,2.9747062832357906e-05,0.00387370421157792,0.0038738184288660514,0.00010856728146333152,0.028026735002327056,6.3219321282995534e-18,1.0988725726652412e-18,2.348667413637827e-16,2.2556791320054385e-16,488943568342.8876,488943568342.8876,rank1
AR-S1,2,0,core,cubic_bspline,40,32,0.00030921278848323195,2.9747286020894013e-05,2.9747284598785563e-05,0.00030921278834642157,0.0003106403861422025,8.666224882185964e-06,0.028026735002327056,6.3219321282995534e-18,1.0988725726652412e-18,2.348667413637827e-16,2.2556791320054385e-16,39029207150.12163,39029207150.12163,rank1
AR-S1,2,0,core,cubic_bspline,48,32,1.0429914047177794e-05,2.9747286020894013e-05,2.9747286019277237e-05,1.04299140425631e-05,3.152275578917161e-05,8.33719302352397e-07,0.028026735002327056,6.3219321282995534e-18,1.0988725726652412e-18,2.348667413637827e-16,2.2556791320054385e-16,3754737939.405845,3754737939.405845,rank1
AR-S1,2,0,core,discrete_identity,64,32,0.0,2.9747286020894013e-05,2.9747286020894013e-05,0.0,2.9747286020892593e-05,8.337193023459852e-07,0.028026735002327056,6.3219321282995534e-18,1.0988725726652412e-18,2.348667413637827e-16,2.2556791320054385e-16,3754737939.376969,3754737939.376969,rank1
AR-S1,2,0,fit,cubic_bspline,32,24,0.003873704213291836,9.149673857213868e-05,9.149605208854431e-05,0.0038737041970771783,0.003874784621062569,0.00012574747062151463,0.03246181527999543,9.756415735846217e-18,1.0551758689349918e-18,3.0687746883980953e-16,3.0055052841911163e-16,566316261833.8357,566316261833.8357,rank1
AR-S1,2,0,fit,cubic_bspline,40,24,0.000309212788483231,9.149673857213868e-05,9.149673419801019e-05,0.00030921278718891963,0.0003224658135841197,1.0037608425986275e-05,0.03246181527999543,9.756415735846217e-18,1.0551758689349918e-18,3.0687746883980953e-16,3.0055052841911163e-16,45205369566.96274,45205369566.96274,rank1
AR-S1,2,0,fit,cubic_bspline,48,24,1.042991404718174e-05,9.149673857213868e-05,9.14967385671603e-05,1.0429914003523918e-05,9.208928425967127e-05,2.970150226252749e-06,0.03246181527999543,9.756415735846217e-18,1.0551758689349918e-18,3.0687746883980953e-16,3.0055052841911163e-16,13376367452.186275,13376367452.186275,rank1
AR-S1,2,0,fit,discrete_identity,64,24,0.0,9.149673857213868e-05,9.149673857213868e-05,0.0,9.149673857213733e-05,2.9701502262507552e-06,0.03246181527999543,9.756415735846217e-18,1.0551758689349918e-18,3.0687746883980953e-16,3.0055052841911163e-16,13376367452.177296,13376367452.177296,rank1
AR-S1,2,0,fit,cubic_bspline,32,28,0.003873704213291836,3.789958657100167e-05,3.789930221720273e-05,0.0038737042105097823,0.0038738896072531277,0.00012574747062122957,0.03246181527999543,9.756415735846217e-18,1.0551758689349918e-18,3.0687746883980953e-16,3.0055052841911163e-16,566316261832.5519,566316261832.5519,rank1
AR-S1,2,0,fit,cubic_bspline,40,28,0.000309212788483231,3.789958657100167e-05,3.7899584759163384e-05,0.00030921278826115763,0.0003115267678490587,1.0037608422064307e-05,0.03246181527999543,9.756415735846217e-18,1.0551758689349918e-18,3.0687746883980953e-16,3.0055052841911163e-16,45205369549.29977,45205369549.29977,rank1
AR-S1,2,0,fit,cubic_bspline,48,28,1.042991404718174e-05,3.789958657100167e-05,3.7899586568938655e-05,1.0429914039691081e-05,3.930854575189115e-05,1.2302893784614575e-06,0.03246181527999543,9.756415735846217e-18,1.0551758689349918e-18,3.0687746883980953e-16,3.0055052841911163e-16,5540730786.396899,5540730786.396899,rank1
AR-S1,2,0,fit,discrete_identity,64,28,0.0,3.789958657100167e-05,3.789958657100167e-05,0.0,3.789958657100276e-05,1.2302893784560867e-06,0.03246181527999543,9.756415735846217e-18,1.0551758689349918e-18,3.0687746883980953e-16,3.0055052841911163e-16,5540730786.372711,5540730786.372711,rank1
AR-S1,2,0,fit,cubic_bspline,32,32,0.003873704213291836,1.855611304631762e-05,1.8555973823129846e-05,0.0038737042126249237,0.0038737486568232345,0.00012574747062122165,0.03246181527999543,9.756415735846217e-18,1.0551758689349918e-18,3.0687746883980953e-16,3.0055052841911163e-16,566316261832.5162,566316261832.5162,rank1
AR-S1,2,0,fit,cubic_bspline,40,32,0.000309212788483231,1.855611304631762e-05,1.8556112159220296e-05,0.0003092127884299958,0.00030976907182612707,1.0037608421960098e-05,0.03246181527999543,9.756415735846217e-18,1.0551758689349918e-18,3.0687746883980953e-16,3.0055052841911163e-16,45205369548.83045,45205369548.83045,rank1
AR-S1,2,0,fit,cubic_bspline,48,32,1.042991404718174e-05,1.855611304631762e-05,1.8556113045312616e-05,1.0429914045386087e-05,2.1286437897930474e-05,6.02365114039578e-07,0.03246181527999543,9.756415735846217e-18,1.0551758689349918e-18,3.0687746883980953e-16,3.0055052841911163e-16,2712811303.1296296,2712811303.1296296,rank1
AR-S1,2,0,fit,discrete_identity,64,32,0.0,1.855611304631762e-05,1.855611304631762e-05,0.0,1.8556113046318305e-05,6.023651140242985e-07,0.03246181527999543,9.756415735846217e-18,1.0551758689349918e-18,3.0687746883980953e-16,3.0055052841911163e-16,2712811303.0608172,2712811303.0608172,rank1
AR-S1,2,1,core,cubic_bspline,32,24,0.000772104757859287,3.4673744170735664e-06,3.4673733835405385e-06,0.0007721047240716784,0.0007721125434721807,2.4180715671906884e-05,0.03131792077036519,8.594259670140518e-18,9.875407951323225e-19,2.8229661672740757e-16,2.7441986756262885e-16,108900262089.55176,108900262089.55176,rank1
AR-S1,2,1,core,cubic_bspline,40,24,0.00048286160729893874,3.4673744170735664e-06,3.4673740128555666e-06,0.00048286158616872457,0.00048287405654671626,1.5122221622561898e-05,0.03131792077036519,8.594259670140518e-18,9.875407951323225e-19,2.8229661672740757e-16,2.7441986756262885e-16,68104431664.38382,68104431664.38382,rank1
AR-S1,2,1,core,cubic_bspline,48,24,7.165228360642529e-05,3.4673744170735664e-06,3.4673744081718956e-06,7.165228047089312e-05,7.173613058496463e-05,2.2440009605992747e-06,0.03131792077036519,8.594259670140518e-18,9.875407951323225e-19,2.8229661672740757e-16,2.7441986756262885e-16,10106081889.973928,10106081889.973928,rank1
AR-S1,2,1,core,discrete_identity,64,24,0.0,3.4673744170735664e-06,3.4673744170735664e-06,0.0,3.4673744170462394e-06,1.0859095727424529e-07,0.03131792077036519,8.594259670140518e-18,9.875407951323225e-19,2.8229661672740757e-16,2.7441986756262885e-16,489050194.7160965,489050194.7160965,rank1
AR-S1,2,1,core,cubic_bspline,32,28,0.000772104757859287,2.7513213259384465e-12,2.7513228094371966e-12,0.0007721047578591245,0.0007721047578592778,2.4180715633058867e-05,0.03131792077036519,8.594259670140518e-18,9.875407951323225e-19,2.8229661672740757e-16,2.7441986756262885e-16,108900261914.59584,108900261914.59584,rank1
AR-S1,2,1,core,cubic_bspline,40,28,0.00048286160729893874,2.7513213259384465e-12,2.7513211972144244e-12,0.0004828616072988372,0.00048286160729895907,1.5122221560439996e-05,0.03131792077036519,8.594259670140518e-18,9.875407951323225e-19,2.8229661672740757e-16,2.7441986756262885e-16,68104431384.61165,68104431384.61165,rank1
AR-S1,2,1,core,cubic_bspline,48,28,7.165228360642529e-05,2.7513213259384465e-12,2.751320166725323e-12,7.165228360641025e-05,7.165228360643246e-05,2.244000541001985e-06,0.03131792077036519,8.594259670140518e-18,9.875407951323225e-19,2.8229661672740757e-16,2.7441986756262885e-16,10106080000.27573,10106080000.27573,rank1
AR-S1,2,1,core,discrete_identity,64,28,0.0,2.7513213259384465e-12,2.7513213259384465e-12,0.0,2.75133205298241e-12,8.61659981878642e-14,0.03131792077036519,8.594259670140518e-18,9.875407951323225e-19,2.8229661672740757e-16,2.7441986756262885e-16,388.05715733087203,388.05715733087203,rank1
AR-S1,2,1,core,cubic_bspline,32,32,0.000772104757859287,4.004581757991194e-12,4.004580339980525e-12,0.0007721047578592786,0.0007721047578592746,2.4180715633058755e-05,0.03131792077036519,8.594259670140518e-18,9.875407951323225e-19,2.8229661672740757e-16,2.7441986756262885e-16,108900261914.59534,108900261914.59534,rank1
AR-S1,2,1,core,cubic_bspline,40,32,0.00048286160729893874,4.004581757991194e-12,4.00458026446285e-12,0.00048286160729893365,0.0004828616072989606,1.5122221560440039e-05,0.03131792077036519,8.594259670140518e-18,9.875407951323225e-19,2.8229661672740757e-16,2.7441986756262885e-16,68104431384.61184,68104431384.61184,rank1
AR-S1,2,1,core,cubic_bspline,48,32,7.165228360642529e-05,4.004581757991194e-12,4.004581094761858e-12,7.165228360642453e-05,7.165228360642017e-05,2.2440005410015994e-06,0.03131792077036519,8.594259670140518e-18,9.875407951323225e-19,2.8229661672740757e-16,2.7441986756262885e-16,10106080000.273994,10106080000.273994,rank1
AR-S1,2,1,core,discrete_identity,64,32,0.0,4.004581757991194e-12,4.004581757991194e-12,0.0,4.004600561329251e-12,1.2541576234728187e-13,0.03131792077036519,8.594259670140518e-18,9.875407951323225e-19,2.8229661672740757e-16,2.7441986756262885e-16,564.8223805736053,564.8223805736053,rank1
AR-S1,2,1,fit,cubic_bspline,32,24,0.0007721047578592858,6.813571830299038e-15,6.8187313314959e-15,0.0007721047578592858,0.000772104757859267,9.347957066200617e-05,0.12107109781474099,4.016124931040278e-17,4.354540701666124e-18,3.3902868276619894e-16,3.3171623975737136e-16,420994559600.1649,420994559600.1649,rank1
AR-S1,2,1,fit,cubic_bspline,40,24,0.00048286160729894405,6.813571830299038e-15,6.819065008462028e-15,0.0004828616072989441,0.00048286160729896455,5.8460584888275974e-05,0.12107109781474099,4.016124931040278e-17,4.354540701666124e-18,3.3902868276619894e-16,3.3171623975737136e-16,263283068318.70093,263283068318.70093,rank1
AR-S1,2,1,fit,cubic_bspline,48,24,7.1652283606413e-05,6.813571830299038e-15,6.8211904244157584e-15,7.1652283606413e-05,7.165228360640591e-05,8.675020637160725e-06,0.12107109781474099,4.016124931040278e-17,4.354540701666124e-18,3.3902868276619894e-16,3.3171623975737136e-16,39068819708.9484,39068819708.9484,rank1
AR-S1,2,1,fit,discrete_identity,64,24,0.0,6.813571830299038e-15,6.813571830299038e-15,0.0,6.830720720490505e-15,8.248663630734174e-16,0.12107109781474099,4.016124931040278e-17,4.354540701666124e-18,3.3902868276619894e-16,3.3171623975737136e-16,3.7148678453678987,3.7148678453678987,rank1
AR-S1,2,1,fit,cubic_bspline,32,28,0.0007721047578592858,1.0294454082757792e-14,1.0295789781229538e-14,0.0007721047578592859,0.0007721047578592552,9.34795706620048e-05,0.12107109781474099,4.016124931040278e-17,4.354540701666124e-18,3.3902868276619894e-16,3.3171623975737136e-16,420994559600.15875,420994559600.15875,rank1
AR-S1,2,1,fit,cubic_bspline,40,28,0.00048286160729894405,1.0294454082757792e-14,1.0297329952027242e-14,0.0004828616072989441,0.0004828616072989586,5.846058488827526e-05,0.12107109781474099,4.016124931040278e-17,4.354540701666124e-18,3.3902868276619894e-16,3.3171623975737136e-16,263283068318.69772,263283068318.69772,rank1
AR-S1,2,1,fit,cubic_bspline,48,28,7.1652283606413e-05,1.0294454082757792e-14,1.0298159071172543e-14,7.1652283606413e-05,7.165228360640173e-05,8.675020637160223e-06,0.12107109781474099,4.016124931040278e-17,4.354540701666124e-18,3.3902868276619894e-16,3.3171623975737136e-16,39068819708.946144,39068819708.946144,rank1
AR-S1,2,1,fit,discrete_identity,64,28,0.0,1.0294454082757792e-14,1.0294454082757792e-14,0.0,1.0313824144060488e-14,1.247354227760348e-15,0.12107109781474099,4.016124931040278e-17,4.354540701666124e-18,3.3902868276619894e-16,3.3171623975737136e-16,5.617584035340516,5.617584035340516,rank1
AR-S1,2,1,fit,cubic_bspline,32,32,0.0007721047578592858,5.025899643744073e-15,5.037496754420306e-15,0.0007721047578592861,0.0007721047578592784,9.347957066200755e-05,0.12107109781474099,4.016124931040278e-17,4.354540701666124e-18,3.3902868276619894e-16,3.3171623975737136e-16,420994559600.17114,420994559600.17114,rank1
AR-S1,2,1,fit,cubic_bspline,40,32,0.00048286160729894405,5.025899643744073e-15,5.0376683198849564e-15,0.00048286160729894427,0.0004828616072989555,5.8460584888274883e-05,0.12107109781474099,4.016124931040278e-17,4.354540701666124e-18,3.3902868276619894e-16,3.3171623975737136e-16,263283068318.696,263283068318.696,rank1
AR-S1,2,1,fit,cubic_bspline,48,32,7.1652283606413e-05,5.025899643744073e-15,5.034616249405035e-15,7.165228360641301e-05,7.165228360642111e-05,8.67502063716257e-06,0.12107109781474099,4.016124931040278e-17,4.354540701666124e-18,3.3902868276619894e-16,3.3171623975737136e-16,39068819708.95671,39068819708.95671,rank1
AR-S1,2,1,fit,discrete_identity,64,32,0.0,5.025899643744073e-15,5.025899643744073e-15,0.0,5.061234636639498e-15,6.097868961610078e-16,0.12107109781474099,4.016124931040278e-17,4.354540701666124e-18,3.3902868276619894e-16,3.3171623975737136e-16,2.746236038326126,2.746236038326126,rank1
AR-S1,2,2,core,cubic_bspline,32,24,0.0003030215121762172,0.00027813955817157726,0.0002781395454019113,0.0003030215004551,0.000411319393607854,5.6521127725012426e-06,0.01865250939537929,6.014372322110542e-18,9.002972463594101e-19,3.323889625639493e-16,3.224430662182354e-16,25454852976.092617,25454852976.092617,rank1
AR-S1,2,2,core,cubic_bspline,40,24,4.9209538976427084e-05,0.00027813955817157726,0.00027813955783480754,4.9209537072962305e-05,0.0002824591870674598,5.188000722224782e-06,0.01865250939537929,6.014372322110542e-18,9.002972463594101e-19,3.323889625639493e-16,3.224430662182354e-16,23364678119.409393,23364678119.409393,rank1
AR-S1,2,2,core,cubic_bspline,48,24,1.7793614804803405e-05,0.00027813955817157726,0.00027813955812753974,1.779361411653199e-05,0.00027870813860237964,5.188000722025192e-06,0.01865250939537929,6.014372322110542e-18,9.002972463594101e-19,3.323889625639493e-16,3.224430662182354e-16,23364678118.510517,23364678118.510517,rank1
AR-S1,2,2,core,discrete_identity,64,24,0.0,0.00027813955817157726,0.00027813955817157726,0.0,0.0002781395581715889,5.188000722022207e-06,0.01865250939537929,6.014372322110542e-18,9.002972463594101e-19,3.323889625639493e-16,3.224430662182354e-16,23364678118.497074,23364678118.497074,rank1
AR-S1,2,2,core,cubic_bspline,32,28,0.0003030215121762172,0.00013128053416395876,0.0001312805281367296,0.0003030215095649914,0.0003302372085477679,5.652111614123224e-06,0.01865250939537929,6.014372322110542e-18,9.002972463594101e-19,3.323889625639493e-16,3.224430662182354e-16,25454847759.221806,25454847759.221806,rank1
AR-S1,2,2,core,cubic_bspline,40,28,4.9209538976427084e-05,0.00013128053416395876,0.00013128053400500818,4.920953855237396e-05,0.00014020041845483507,2.4487113974082624e-06,0.01865250939537929,6.014372322110542e-18,9.002972463594101e-19,3.323889625639493e-16,3.224430662182354e-16,11028015736.905737,11028015736.905737,rank1
AR-S1,2,2,core,cubic_bspline,48,28,1.7793614804803405e-05,0.00013128053416395876,0.0001312805341431796,1.7793614651470577e-05,0.00013248090946525528,2.4487113969310254e-06,0.01865250939537929,6.014372322110542e-18,9.002972463594101e-19,3.323889625639493e-16,3.224430662182354e-16,11028015734.756453,11028015734.756453,rank1
AR-S1,2,2,core,discrete_identity,64,28,0.0,0.00013128053416395876,0.00013128053416395876,0.0,0.00013128053416396017,2.448711396923678e-06,0.01865250939537929,6.014372322110542e-18,9.002972463594101e-19,3.323889625639493e-16,3.224430662182354e-16,11028015734.723364,11028015734.723364,rank1
AR-S1,2,2,core,cubic_bspline,32,32,0.0003030215121762172,6.997641323178212e-05,6.99764100190907e-05,0.0003030215114343147,0.0003109963581791929,5.652111603648462e-06,0.01865250939537929,6.014372322110542e-18,9.002972463594101e-19,3.323889625639493e-16,3.224430662182354e-16,25454847712.04767,25454847712.04767,rank1
AR-S1,2,2,core,cubic_bspline,40,32,4.9209538976427084e-05,6.997641323178212e-05,6.997641314705991e-05,4.9209538855944934e-05,8.554692936159725e-05,1.3052357068067313e-06,0.01865250939537929,6.014372322110542e-18,9.002972463594101e-19,3.323889625639493e-16,3.224430662182354e-16,5878259042.805461,5878259042.805461,rank1
AR-S1,2,2,core,cubic_bspline,48,32,1.7793614804803405e-05,6.997641323178212e-05,6.997641322071044e-05,1.779361476123842e-05,7.220326263442656e-05,1.3052357052749205e-06,0.01865250939537929,6.014372322110542e-18,9.002972463594101e-19,3.323889625639493e-16,3.224430662182354e-16,5878259035.906798,5878259035.906798,rank1
AR-S1,2,2,core,discrete_identity,64,32,0.0,6.997641323178212e-05,6.997641323178212e-05,0.0,6.99764132317662e-05,1.3052357052604627e-06,0.01865250939537929,6.014372322110542e-18,9.002972463594101e-19,3.323889625639493e-16,3.224430662182354e-16,5878259035.841686,5878259035.841686,rank1
AR-S1,2,2,fit,cubic_bspline,32,24,0.0003030215121762172,0.0002726673111570602,0.00027266729863863843,0.0003030215009117768,0.0004076389242803566,5.796411047761463e-06,0.019128708352674634,5.181465716207253e-18,8.452088742662033e-19,2.819936452437138e-16,2.708737893158774e-16,26104714634.78475,26104714634.78475,rank1
AR-S1,2,2,fit,cubic_bspline,40,24,4.9209538976427104e-05,0.0002726673111570602,0.0002726673108269277,4.920953714712492e-05,0.0002770722669627089,5.215773472643966e-06,0.019128708352674634,5.181465716207253e-18,8.452088742662033e-19,2.819936452437138e-16,2.708737893158774e-16,23489755467.84828,23489755467.84828,rank1
AR-S1,2,2,fit,cubic_bspline,48,24,1.779361480480246e-05,0.0002726673111570602,0.00027266731111390627,1.77936141433474e-05,0.00027324727862855085,5.215773472435107e-06,0.019128708352674634,5.181465716207253e-18,8.452088742662033e-19,2.819936452437138e-16,2.708737893158774e-16,23489755466.907665,23489755466.907665,rank1
AR-S1,2,2,fit,discrete_identity,64,24,0.0,0.0002726673111570602,0.0002726673111570602,0.0,0.00027266731115706754,5.215773472431531e-06,0.019128708352674634,5.181465716207253e-18,8.452088742662033e-19,2.819936452437138e-16,2.708737893158774e-16,23489755466.89156,23489755466.89156,rank1
AR-S1,2,2,fit,cubic_bspline,32,28,0.0003030215121762172,0.0001288854925215436,0.0001288854866042755,0.00030302150965940067,0.00032929243158441726,5.796410141638532e-06,0.019128708352674634,5.181465716207253e-18,8.452088742662033e-19,2.819936452437138e-16,2.708737893158774e-16,26104710553.969856,26104710553.969856,rank1
AR-S1,2,2,fit,cubic_bspline,40,28,4.9209538976427104e-05,0.0001288854925215436,0.00012888549236547863,4.9209538567705694e-05,0.000137960316281777,2.4654129978448397e-06,0.019128708352674634,5.181465716207253e-18,8.452088742662033e-19,2.819936452437138e-16,2.708737893158774e-16,11103233058.408398,11103233058.408398,rank1
AR-S1,2,2,fit,cubic_bspline,48,28,1.779361480480246e-05,0.0001288854925215436,0.00012888549250112964,1.779361465701341e-05,0.0001301079663398048,2.4654129973427703e-06,0.019128708352674634,5.181465716207253e-18,8.452088742662033e-19,2.819936452437138e-16,2.708737893158774e-16,11103233056.147278,11103233056.147278,rank1
AR-S1,2,2,fit,discrete_identity,64,28,0.0,0.0001288854925215436,0.0001288854925215436,0.0,0.00012888549252154365,2.4654129973354362e-06,0.019128708352674634,5.181465716207253e-18,8.452088742662033e-19,2.819936452437138e-16,2.708737893158774e-16,11103233056.114248,11103233056.114248,rank1
AR-S1,2,2,fit,cubic_bspline,32,32,0.0003030215121762172,6.88705548602193e-05,6.887055169829784e-05,0.0003030215114575782,0.00031074940021308,5.796410131754052e-06,0.019128708352674634,5.181465716207253e-18,8.452088742662033e-19,2.819936452437138e-16,2.708737893158774e-16,26104710509.454117,26104710509.454117,rank1
AR-S1,2,2,fit,cubic_bspline,40,32,4.9209538976427104e-05,6.88705548602193e-05,6.887055477683041e-05,4.920953885972288e-05,8.46447401882778e-05,1.3174047596717722e-06,0.019128708352674634,5.181465716207253e-18,8.452088742662033e-19,2.819936452437138e-16,2.708737893158774e-16,5933063584.753911,5933063584.753911,rank1
AR-S1,2,2,fit,cubic_bspline,48,32,1.779361480480246e-05,6.88705548602193e-05,6.887055484931582e-05,1.7793614762603532e-05,7.113203253860993e-05,1.3174047580228525e-06,0.019128708352674634,5.181465716207253e-18,8.452088742662033e-19,2.819936452437138e-16,2.708737893158774e-16,5933063577.327837,5933063577.327837,rank1
AR-S1,2,2,fit,discrete_identity,64,32,0.0,6.88705548602193e-05,6.88705548602193e-05,0.0,6.887055486021715e-05,1.3174047580079723e-06,0.019128708352674634,5.181465716207253e-18,8.452088742662033e-19,2.819936452437138e-16,2.708737893158774e-16,5933063577.260822,5933063577.260822,rank1
AR-S1,3,0,core,cubic_bspline,32,24,0.003873704213291833,9.29235846354461e-05,9.292288744648909e-05,0.0038737041965675226,0.0038748185757640895,0.00010877229279714378,0.02807965885047257,1.0824264517482415e-17,1.2365426230610688e-18,3.918848856668063e-16,3.8548418893273863e-16,489866857309.45123,489866857309.45123,rank1
AR-S1,3,0,core,cubic_bspline,40,24,0.00030921278848323146,9.29235846354461e-05,9.292358019311796e-05,0.00030921278714823766,0.00032287356707767887,8.682589616533118e-06,0.02807965885047257,1.0824264517482415e-17,1.2365426230610688e-18,3.918848856668063e-16,3.8548418893273863e-16,39102907361.629486,39102907361.629486,rank1
AR-S1,3,0,core,cubic_bspline,48,24,1.0429914047174915e-05,9.29235846354461e-05,9.29235846303842e-05,1.0429914002144857e-05,9.350708896972782e-05,2.609262555728104e-06,0.02807965885047257,1.0824264517482415e-17,1.2365426230610688e-18,3.918848856668063e-16,3.8548418893273863e-16,11751073873.688877,11751073873.688877,rank1
AR-S1,3,0,core,discrete_identity,64,24,0.0,9.29235846354461e-05,9.29235846354461e-05,0.0,9.292358463544396e-05,2.6092625557262807e-06,0.02807965885047257,1.0824264517482415e-17,1.2365426230610688e-18,3.918848856668063e-16,3.8548418893273863e-16,11751073873.680666,11751073873.680666,rank1
AR-S1,3,0,core,cubic_bspline,32,28,0.003873704213291833,3.943794112442688e-05,3.943764522863551e-05,0.0038737042102793464,0.003873904962687697,0.00010877229279688271,0.02807965885047257,1.0824264517482415e-17,1.2365426230610688e-18,3.918848856668063e-16,3.8548418893273863e-16,489866857308.27545,489866857308.27545,rank1
AR-S1,3,0,core,cubic_bspline,40,28,0.00030921278848323146,3.943794112442688e-05,3.9437939239044764e-05,0.00030921278824276414,0.00031171766009161715,8.682589612923895e-06,0.02807965885047257,1.0824264517482415e-17,1.2365426230610688e-18,3.918848856668063e-16,3.8548418893273863e-16,39102907345.37499,39102907345.37499,rank1
AR-S1,3,0,core,cubic_bspline,48,28,1.0429914047174915e-05,3.943794112442688e-05,3.9437941122281115e-05,1.0429914039063823e-05,4.079380231108217e-05,1.1074039325435176e-06,0.02807965885047257,1.0824264517482415e-17,1.2365426230610688e-18,3.918848856668063e-16,3.8548418893273863e-16,4987303937.951608,4987303937.951608,rank1
AR-S1,3,0,core,discrete_identity,64,28,0.0,3.943794112442688e-05,3.943794112442688e-05,0.0,3.9437941124429434e-05,1.1074039325390004e-06,0.02807965885047257,1.0824264517482415e-17,1.2365426230610688e-18,3.918848856668063e-16,3.8548418893273863e-16,4987303937.931264,4987303937.931264,rank1
AR-S1,3,0,core,cubic_bspline,32,32,0.003873704213291833,1.9669641236356908e-05,1.96694936585738e-05,0.0038737042125424736,0.003873754150827834,0.00010877229279687412,0.02807965885047257,1.0824264517482415e-17,1.2365426230610688e-18,3.918848856668063e-16,3.8548418893273863e-16,489866857308.23676,489866857308.23676,rank1
AR-S1,3,0,core,cubic_bspline,40,32,0.00030921278848323146,1.9669641236356908e-05,1.9669640296025437e-05,0.00030921278842341494,0.00030983776934219117,8.682589612819042e-06,0.02807965885047257,1.0824264517482415e-17,1.2365426230610688e-18,3.918848856668063e-16,3.8548418893273863e-16,39102907344.90278,39102907344.90278,rank1
AR-S1,3,0,core,cubic_bspline,48,32,1.0429914047174915e-05,1.9669641236356908e-05,1.9669641235293428e-05,1.0429914045157274e-05,2.2263824769271315e-05,5.523168156400939e-07,0.02807965885047257,1.0824264517482415e-17,1.2365426230610688e-18,3.918848856668063e-16,3.8548418893273863e-16,2487413805.107186,2487413805.107186,rank1
AR-S1,3,0,core,discrete_identity,64,32,0.0,1.9669641236356908e-05,1.9669641236356908e-05,0.0,1.9669641236364254e-05,5.523168156282957e-07,0.02807965885047257,1.0824264517482415e-17,1.2365426230610688e-18,3.918848856668063e-16,3.8548418893273863e-16,2487413805.0540514,2487413805.0540514,rank1
AR-S1,3,0,fit,cubic_bspline,32,24,0.0038737042132918303,6.171799800533035e-05,6.171753494627859e-05,0.0038737042059141494,0.0038741958373571055,0.00012404499895264277,0.032022320787154036,1.1028499029598496e-17,1.667704164014267e-18,3.524410992415123e-16,3.444003669472529e-16,558649011060.2955,558649011060.2955,rank1
AR-S1,3,0,fit,cubic_bspline,40,24,0.0003092127884832347,6.171799800533035e-05,6.171799505483317e-05,0.0003092127878943221,0.0003153120033794476,9.9017111050828e-06,0.032022320787154036,1.1028499029598496e-17,1.667704164014267e-18,3.524410992415123e-16,3.444003669472529e-16,44593342443.1812,44593342443.1812,rank1
AR-S1,3,0,fit,cubic_bspline,48,24,1.0429914047173397e-05,6.171799800533035e-05,6.171799800196871e-05,1.0429914027309059e-05,6.259308575556491e-05,1.9763535304709012e-06,0.032022320787154036,1.1028499029598496e-17,1.667704164014267e-18,3.524410992415123e-16,3.444003669472529e-16,8900705023.381115,8900705023.381115,rank1
AR-S1,3,0,fit,discrete_identity,64,24,0.0,6.171799800533035e-05,6.171799800533035e-05,0.0,6.171799800532842e-05,1.9763535304675593e-06,0.032022320787154036,1.1028499029598496e-17,1.667704164014267e-18,3.524410992415123e-16,3.444003669472529e-16,8900705023.366064,8900705023.366064,rank1
AR-S1,3,0,fit,cubic_bspline,32,28,0.0038737042132918303,2.619743446031488e-05,2.6197237905677868e-05,0.0038737042119625534,0.0038737927961300426,0.00012404499895258414,0.032022320787154036,1.1028499029598496e-17,1.667704164014267e-18,3.524410992415123e-16,3.444003669472529e-16,558649011060.0315,558649011060.0315,rank1
AR-S1,3,0,fit,cubic_bspline,40,28,0.0003092127884832347,2.619743446031488e-05,2.6197433207908934e-05,0.0003092127883771271,0.0003103205666214581,9.901711104325212e-06,0.032022320787154036,1.1028499029598496e-17,1.667704164014267e-18,3.524410992415123e-16,3.444003669472529e-16,44593342439.769325,44593342439.769325,rank1
AR-S1,3,0,fit,cubic_bspline,48,28,1.0429914047173397e-05,2.619743446031488e-05,2.6197434458890566e-05,1.0429914043594331e-05,2.8197316880508163e-05,8.38902650097492e-07,0.032022320787154036,1.1028499029598496e-17,1.667704164014267e-18,3.524410992415123e-16,3.444003669472529e-16,3778081662.3791866,3778081662.3791866,rank1
AR-S1,3,0,fit,discrete_identity,64,28,0.0,2.619743446031488e-05,2.619743446031488e-05,0.0,2.6197434460320625e-05,8.389026500888305e-07,0.032022320787154036,1.1028499029598496e-17,1.667704164014267e-18,3.524410992415123e-16,3.444003669472529e-16,3778081662.3401785,3778081662.3401785,rank1
AR-S1,3,0,fit,cubic_bspline,32,32,0.0038737042132918303,1.3065904357903107e-05,1.3065806326772161e-05,0.0038737042129611695,0.003873726248377669,0.00012404499895258254,0.032022320787154036,1.1028499029598496e-17,1.667704164014267e-18,3.524410992415123e-16,3.444003669472529e-16,558649011060.0243,558649011060.0243,rank1
AR-S1,3,0,fit,cubic_bspline,40,32,0.0003092127884832347,1.3065904357903107e-05,1.3065903733273437e-05,0.00030921278845684013,0.00030948871772965936,9.90171110430227e-06,0.032022320787154036,1.1028499029598496e-17,1.667704164014267e-18,3.524410992415123e-16,3.444003669472529e-16,44593342439.66601,44593342439.66601,rank1
AR-S1,3,0,fit,cubic_bspline,48,32,1.0429914047173397e-05,1.3065904357903107e-05,1.3065904357201026e-05,1.0429914046283098e-05,1.671828231915258e-05,4.1840058076276977e-07,0.032022320787154036,1.1028499029598496e-17,1.667704164014267e-18,3.524410992415123e-16,3.444003669472529e-16,1884308699.614809,1884308699.614809,rank1
AR-S1,3,0,fit,discrete_identity,64,32,0.0,1.3065904357903107e-05,1.3065904357903107e-05,0.0,1.3065904357903476e-05,4.184005807230591e-07,0.032022320787154036,1.1028499029598496e-17,1.667704164014267e-18,3.524410992415123e-16,3.444003669472529e-16,1884308699.4359682,1884308699.4359682,rank1
AR-S1,3,1,core,cubic_bspline,32,24,0.0007721047578592833,3.092311001344105e-14,3.092396525202222e-14,0.000772104757859283,0.0007721047578592561,2.2280061732253055e-05,0.02885626789041805,7.675111083622063e-18,8.812114495185124e-19,2.740860605327433e-16,2.659772605649618e-16,100340477715.1665,100340477715.1665,rank1
AR-S1,3,1,core,cubic_bspline,40,24,0.0004828616072989464,3.092311001344105e-14,3.092638361949353e-14,0.00048286160729894633,0.00048286160729896113,1.3933583894216662e-05,0.02885626789041805,7.675111083622063e-18,8.812114495185124e-19,2.740860605327433e-16,2.659772605649618e-16,62751283233.9297,62751283233.9297,rank1
AR-S1,3,1,core,cubic_bspline,48,24,7.165228360643007e-05,3.092311001344105e-14,3.092335083730726e-14,7.165228360643007e-05,7.165228360644498e-05,2.0676174907077867e-06,0.02885626789041805,7.675111083622063e-18,8.812114495185124e-19,2.740860605327433e-16,2.659772605649618e-16,9311721360.696308,9311721360.696308,rank1
AR-S1,3,1,core,discrete_identity,64,24,0.0,3.092311001344105e-14,3.092311001344105e-14,0.0,3.0907158580057475e-14,8.9176315751892e-16,0.02885626789041805,7.675111083622063e-18,8.812114495185124e-19,2.740860605327433e-16,2.659772605649618e-16,4.016144223904945,4.016144223904945,rank1
AR-S1,3,1,core,cubic_bspline,32,28,0.0007721047578592833,6.5911138853125846e-15,6.6032525080538625e-15,0.0007721047578592824,0.0007721047578592725,2.2280061732253512e-05,0.02885626789041805,7.675111083622063e-18,8.812114495185124e-19,2.740860605327433e-16,2.659772605649618e-16,100340477715.16856,100340477715.16856,rank1
AR-S1,3,1,core,cubic_bspline,40,28,0.0004828616072989464,6.5911138853125846e-15,6.596771323917705e-15,0.00048286160729894584,0.0004828616072989528,1.393358389421642e-05,0.02885626789041805,7.675111083622063e-18,8.812114495185124e-19,2.740860605327433e-16,2.659772605649618e-16,62751283233.92861,62751283233.92861,rank1
AR-S1,3,1,core,cubic_bspline,48,28,7.165228360643007e-05,6.5911138853125846e-15,6.5941460431205255e-15,7.165228360643002e-05,7.165228360643716e-05,2.0676174907075605e-06,0.02885626789041805,7.675111083622063e-18,8.812114495185124e-19,2.740860605327433e-16,2.659772605649618e-16,9311721360.69529,9311721360.69529,rank1
AR-S1,3,1,core,discrete_identity,64,28,0.0,6.5911138853125846e-15,6.5911138853125846e-15,0.0,6.599890118512185e-15,1.9003514697200348e-16,0.02885626789041805,7.675111083622063e-18,8.812114495185124e-19,2.740860605327433e-16,2.659772605649618e-16,0.8558422170904123,0.8558422170904123,rank1
AR-S1,3,1,core,cubic_bspline,32,32,0.0007721047578592833,1.1736130832261968e-09,1.1736127325060398e-09,0.0007721047578715825,0.000772104757860161,2.228006173225343e-05,0.02885626789041805,7.675111083622063e-18,8.812114495185124e-19,2.740860605327433e-16,2.659772605649618e-16,100340477715.1682,100340477715.1682,rank1
AR-S1,3,1,core,cubic_bspline,40,32,0.0004828616072989464,1.1736130832261968e-09,1.1736129450137157e-09,0.00048286160730663815,0.00048286160730039027,1.3933583894216755e-05,0.02885626789041805,7.675111083622063e-18,8.812114495185124e-19,2.740860605327433e-16,2.659772605649618e-16,62751283233.93012,62751283233.93012,rank1
AR-S1,3,1,core,cubic_bspline,48,32,7.165228360643007e-05,1.1736130832261968e-09,1.173613081691442e-09,7.165228360757147e-05,7.16522836160581e-05,2.0676174907078845e-06,0.02885626789041805,7.675111083622063e-18,8.812114495185124e-19,2.740860605327433e-16,2.659772605649618e-16,9311721360.696749,9311721360.696749,rank1
AR-S1,3,1,core,discrete_identity,64,32,0.0,1.1736130832261968e-09,1.1736130832261968e-09,0.0,1.173613084182423e-09,3.386609355686523e-11,0.02885626789041805,7.675111083622063e-18,8.812114495185124e-19,2.740860605327433e-16,2.659772605649618e-16,152519.3263231926,152519.3263231926,rank1
AR-S1,3,1,fit,cubic_bspline,32,24,0.0007721047578592751,8.583475941544128e-15,8.588977583567438e-15,0.0007721047578592758,0.0007721047578592653,8.964564234406058e-05,0.11610554323303447,2.910285749465408e-17,4.253034923729891e-18,2.5983253422730444e-16,2.506586394091622e-16,403728081456.1,403728081456.1,rank1
AR-S1,3,1,fit,cubic_bspline,40,24,0.0004828616072989466,8.583475941544128e-15,8.587921868707981e-15,0.0004828616072989469,0.0004828616072989705,5.606290922182316e-05,0.11610554323303447,2.910285749465408e-17,4.253034923729891e-18,2.5983253422730444e-16,2.506586394091622e-16,252484897080.70874,252484897080.70874,rank1
AR-S1,3,1,fit,cubic_bspline,48,24,7.165228360643734e-05,8.583475941544128e-15,8.585471251949177e-15,7.165228360643738e-05,7.16522836064477e-05,8.319227312014058e-06,0.11610554323303447,2.910285749465408e-17,4.253034923729891e-18,2.5983253422730444e-16,2.506586394091622e-16,37466469022.396965,37466469022.396965,rank1
AR-S1,3,1,fit,discrete_identity,64,24,0.0,8.583475941544128e-15,8.583475941544128e-15,0.0,8.583234459229349e-15,9.95367448352443e-16,0.11610554323303447,2.910285749465408e-17,4.253034923729891e-18,2.5983253422730444e-16,2.506586394091622e-16,4.482736469496784,4.482736469496784,rank1
AR-S1,3,1,fit,cubic_bspline,32,28,0.0007721047578592751,1.2642447703239604e-14,1.2648276861253339e-14,0.0007721047578592747,0.0007721047578592719,8.964564234406131e-05,0.11610554323303447,2.910285749465408e-17,4.253034923729891e-18,2.5983253422730444e-16,2.506586394091622e-16,403728081456.1033,403728081456.1033,rank1
AR-S1,3,1,fit,cubic_bspline,40,28,0.0004828616072989466,1.2642447703239604e-14,1.2646649603693387e-14,0.0004828616072989464,0.0004828616072989629,5.606290922182226e-05,0.11610554323303447,2.910285749465408e-17,4.253034923729891e-18,2.5983253422730444e-16,2.506586394091622e-16,252484897080.70468,252484897080.70468,rank1
AR-S1,3,1,fit,cubic_bspline,48,28,7.165228360643734e-05,1.2642447703239604e-14,1.2646937296962978e-14,7.16522836064373e-05,7.165228360643875e-05,8.31922731201302e-06,0.11610554323303447,2.910285749465408e-17,4.253034923729891e-18,2.5983253422730444e-16,2.506586394091622e-16,37466469022.39229,37466469022.39229,rank1
AR-S1,3,1,fit,discrete_identity,64,28,0.0,1.2642447703239604e-14,1.2642447703239604e-14,0.0,1.2657345735505968e-14,1.468721743636822e-15,0.11610554323303447,2.910285749465408e-17,4.253034923729891e-18,2.5983253422730444e-16,2.506586394091622e-16,6.6145346973537364,6.6145346973537364,rank1
AR-S1,3,1,fit,cubic_bspline,32,32,0.0007721047578592751,4.381628291382249e-15,4.392719259617714e-15,0.0007721047578592743,0.0007721047578592723,8.964564234406135e-05,0.11610554323303447,2.910285749465408e-17,4.253034923729891e-18,2.5983253422730444e-16,2.506586394091622e-16,403728081456.10345,403728081456.10345,rank1
AR-S1,3,1,fit,cubic_bspline,40,32,0.0004828616072989466,4.381628291382249e-15,4.3938534450060036e-15,0.000482861607298946,0.0004828616072989607,5.606290922182201e-05,0.11610554323303447,2.910285749465408e-17,4.253034923729891e-18,2.5983253422730444e-16,2.506586394091622e-16,252484897080.70355,252484897080.70355,rank1
AR-S1,3,1,fit,cubic_bspline,48,32,7.165228360643734e-05,4.381628291382249e-15,4.392595454109517e-15,7.165228360643726e-05,7.165228360644638e-05,8.319227312013906e-06,0.11610554323303447,2.910285749465408e-17,4.253034923729891e-18,2.5983253422730444e-16,2.506586394091622e-16,37466469022.39628,37466469022.39628,rank1
AR-S1,3,1,fit,discrete_identity,64,32,0.0,4.381628291382249e-15,4.381628291382249e-15,0.0,4.395343028502982e-15,5.077172548868115e-16,0.11610554323303447,2.910285749465408e-17,4.253034923729891e-18,2.5983253422730444e-16,2.506586394091622e-16,2.2865552399178153,2.2865552399178153,rank1
AR-S1,3,2,core,cubic_bspline,32,24,0.0003030215121762182,0.00012181956496070306,0.000121819559367842,0.00030302150992779785,0.0003265915520740479,5.703860073439832e-06,0.01882328427548826,4.712390298091173e-18,8.018503014943004e-19,2.6259920370149724e-16,2.5034899484717777e-16,25687902101.317078,25687902101.317078,rank1
AR-S1,3,2,core,cubic_bspline,40,24,4.9209538976427626e-05,0.00012181956496070306,0.00012181956481321227,4.92095386112927e-05,0.000131383351675748,2.293044302113238e-06,0.01882328427548826,4.712390298091173e-18,8.018503014943004e-19,2.6259920370149724e-16,2.5034899484717777e-16,10326953464.541218,10326953464.541218,rank1
AR-S1,3,2,core,cubic_bspline,48,24,1.779361480480105e-05,0.00012181956496070306,0.0001218195649414131,1.7793614672772378e-05,0.00012311222169361758,2.2930443015795535e-06,0.01882328427548826,4.712390298091173e-18,8.018503014943004e-19,2.6259920370149724e-16,2.5034899484717777e-16,10326953462.137716,10326953462.137716,rank1
AR-S1,3,2,core,discrete_identity,64,24,0.0,0.00012181956496070306,0.00012181956496070306,0.0,0.00012181956496070964,2.2930443015717472e-06,0.01882328427548826,4.712390298091173e-18,8.018503014943004e-19,2.6259920370149724e-16,2.5034899484717777e-16,10326953462.10256,10326953462.10256,rank1
AR-S1,3,2,core,cubic_bspline,32,28,0.0003030215121762182,5.8365839838077e-05,5.836583715843902e-05,0.0003030215116600858,0.0003085913281165999,5.7038600656555535e-06,0.01882328427548826,4.712390298091173e-18,8.018503014943004e-19,2.6259920370149724e-16,2.5034899484717777e-16,25687902066.259804,25687902066.259804,rank1
AR-S1,3,2,core,cubic_bspline,40,28,4.9209538976427626e-05,5.8365839838077e-05,5.83658397674052e-05,4.9209538892609684e-05,7.634232101545912e-05,1.0986367985201596e-06,0.01882328427548826,4.712390298091173e-18,8.018503014943004e-19,2.6259920370149724e-16,2.5034899484717777e-16,4947820276.430905,4947820276.430905,rank1
AR-S1,3,2,core,cubic_bspline,48,28,1.779361480480105e-05,5.8365839838077e-05,5.8365839828836074e-05,1.779361477449343e-05,6.1017898904723235e-05,1.0986367952675204e-06,0.01882328427548826,4.712390298091173e-18,8.018503014943004e-19,2.6259920370149724e-16,2.5034899484717777e-16,4947820261.782321,4947820261.782321,rank1
AR-S1,3,2,core,discrete_identity,64,28,0.0,5.8365839838077e-05,5.8365839838077e-05,0.0,5.83658398380795e-05,1.0986367952497884e-06,0.01882328427548826,4.712390298091173e-18,8.018503014943004e-19,2.6259920370149724e-16,2.5034899484717777e-16,4947820261.702463,4947820261.702463,rank1
AR-S1,3,2,core,cubic_bspline,32,32,0.0003030215121762182,3.147101018015574e-05,3.1471008735291615e-05,0.0003030215120261583,0.0003046513765476452,5.7038600653119555e-06,0.01882328427548826,4.712390298091173e-18,8.018503014943004e-19,2.6259920370149724e-16,2.5034899484717777e-16,25687902064.712376,25687902064.712376,rank1
AR-S1,3,2,core,cubic_bspline,40,32,4.9209538976427626e-05,3.147101018015574e-05,3.147101014205222e-05,4.920953895205844e-05,5.841235490573226e-05,9.262851415363969e-07,0.01882328427548826,4.712390298091173e-18,8.018503014943004e-19,2.6259920370149724e-16,2.5034899484717777e-16,4171617418.262144,4171617418.262144,rank1
AR-S1,3,2,core,cubic_bspline,48,32,1.779361480480105e-05,3.147101018015574e-05,3.147101017517255e-05,1.7793614795989434e-05,3.6152969577450745e-05,5.923877711020662e-07,0.01882328427548826,4.712390298091173e-18,8.018503014943004e-19,2.6259920370149724e-16,2.5034899484717777e-16,2667877345.194104,2667877345.194104,rank1
AR-S1,3,2,core,discrete_identity,64,32,0.0,3.147101018015574e-05,3.147101018015574e-05,0.0,3.1471010180175514e-05,5.923877710582288e-07,0.01882328427548826,4.712390298091173e-18,8.018503014943004e-19,2.6259920370149724e-16,2.5034899484717777e-16,2667877344.996678,2667877344.996678,rank1
AR-S1,3,2,fit,cubic_bspline,32,24,0.0003030215121762172,0.00012181978245381673,0.00012181977686094506,0.0003030215099277884,0.0003265916331996472,6.009729619713744e-06,0.019832683059223404,5.850863426234744e-18,8.262779966127548e-19,3.050633517912927e-16,2.950111898003501e-16,27065416075.94025,27065416075.94025,rank1
AR-S1,3,2,fit,cubic_bspline,40,24,4.9209538976427904e-05,0.00012181978245381673,0.00012181978230632488,4.920953861129165e-05,0.00013138355333689966,2.416013136320365e-06,0.019832683059223404,5.850863426234744e-18,8.262779966127548e-19,3.050633517912927e-16,2.950111898003501e-16,10880755860.454618,10880755860.454618,rank1
AR-S1,3,2,fit,cubic_bspline,48,24,1.7793614804801877e-05,0.00012181978245381673,0.00012181978243453942,1.7793614672772713e-05,0.0001231124369030956,2.4160131357584326e-06,0.019832683059223404,5.850863426234744e-18,8.262779966127548e-19,3.050633517912927e-16,2.950111898003501e-16,10880755857.9239,10880755857.9239,rank1
AR-S1,3,2,fit,discrete_identity,64,24,0.0,0.00012181978245381673,0.00012181978245381673,0.0,0.00012181978245381926,2.4160131357501423e-06,0.019832683059223404,5.850863426234744e-18,8.262779966127548e-19,3.050633517912927e-16,2.950111898003501e-16,10880755857.886564,10880755857.886564,rank1
AR-S1,3,2,fit,cubic_bspline,32,28,0.0003030215121762172,5.8367351413292304e-05,5.8367348733591956e-05,0.0003030215116600581,0.00030859161401397675,6.009729611511986e-06,0.019832683059223404,5.850863426234744e-18,8.262779966127548e-19,3.050633517912927e-16,2.950111898003501e-16,27065416039.002815,27065416039.002815,rank1
AR-S1,3,2,fit,cubic_bspline,40,28,4.9209538976427904e-05,5.8367351413292304e-05,5.8367351342624325e-05,4.920953889260566e-05,7.634347666320908e-05,1.1575811850313516e-06,0.019832683059223404,5.850863426234744e-18,8.262779966127548e-19,3.050633517912927e-16,2.950111898003501e-16,5213282193.558292,5213282193.558292,rank1
AR-S1,3,2,fit,cubic_bspline,48,28,1.7793614804801877e-05,5.8367351413292304e-05,5.836735140405297e-05,1.7793614774492697e-05,6.1019344783001824e-05,1.157581181605041e-06,0.019832683059223404,5.850863426234744e-18,8.262779966127548e-19,3.050633517912927e-16,2.950111898003501e-16,5213282178.127562,5213282178.127562,rank1
AR-S1,3,2,fit,discrete_identity,64,28,0.0,5.8367351413292304e-05,5.8367351413292304e-05,0.0,5.8367351413313134e-05,1.157581181586555e-06,0.019832683059223404,5.850863426234744e-18,8.262779966127548e-19,3.050633517912927e-16,2.950111898003501e-16,5213282178.044308,5213282178.044308,rank1
AR-S1,3,2,fit,cubic_bspline,32,32,0.0003030215121762172,3.145673069565021e-05,3.145672925143722e-05,0.0003030215120262932,0.0003046499017836011,6.009729611149856e-06,0.019832683059223404,5.850863426234744e-18,8.262779966127548e-19,3.050633517912927e-16,2.950111898003501e-16,27065416037.37193,27065416037.37193,rank1
AR-S1,3,2,fit,cubic_bspline,40,32,4.9209538976427904e-05,3.145673069565021e-05,3.1456730657552275e-05,4.920953895208084e-05,5.8404662741379136e-05,9.759571903435695e-07,0.019832683059223404,5.850863426234744e-18,8.262779966127548e-19,3.050633517912927e-16,2.950111898003501e-16,4395320438.760856,4395320438.760856,rank1
AR-S1,3,2,fit,cubic_bspline,48,32,1.7793614804801877e-05,3.145673069565021e-05,3.145673069066712e-05,1.7793614795998243e-05,3.614054002871209e-05,6.238713700124854e-07,0.019832683059223404,5.850863426234744e-18,8.262779966127548e-19,3.050633517912927e-16,2.950111898003501e-16,2809666869.51535,2809666869.51535,rank1
AR-S1,3,2,fit,discrete_identity,64,32,0.0,3.145673069565021e-05,3.145673069565021e-05,0.0,3.1456730695651085e-05,6.238713699661922e-07,0.019832683059223404,5.850863426234744e-18,8.262779966127548e-19,3.050633517912927e-16,2.950111898003501e-16,2809666869.3068643,2809666869.3068643,rank1
AR-S1,4,0,core,cubic_bspline,32,24,0.0038737042132918334,0.00010757070429410378,0.0001075698972104367,0.003873704190879637,0.0038751974936589856,0.00010765646553819525,0.027791607105238644,5.440103370815455e-18,1.1720331301635875e-18,2.0766860034182148e-16,1.9574626793676892e-16,484841618081.84076,484841618081.84076,rank1
AR-S1,4,0,core,cubic_bspline,40,24,0.00030921278848322815,0.00010757070429410378,0.00010757069915154631,0.00030921278669420734,0.00032738968199614254,8.59352033628729e-06,0.027791607105238644,5.440103370815455e-18,1.1720331301635875e-18,2.0766860034182148e-16,1.9574626793676892e-16,38701774984.30422,38701774984.30422,rank1
AR-S1,4,0,core,cubic_bspline,48,24,1.0429914047180614e-05,0.00010757070429410378,0.00010757070428826127,1.0429913986835976e-05,0.00010807515684977233,2.989562749777112e-06,0.027791607105238644,5.440103370815455e-18,1.1720331301635875e-18,2.0766860034182148e-16,1.9574626793676892e-16,13463793685.896917,13463793685.896917,rank1
AR-S1,4,0,core,discrete_identity,64,24,0.0,0.00010757070429410378,0.00010757070429410378,0.0,0.00010757070429410619,2.9895627497756056e-06,0.027791607105238644,5.440103370815455e-18,1.1720331301635875e-18,2.0766860034182148e-16,1.9574626793676892e-16,13463793685.890133,13463793685.890133,rank1
AR-S1,4,0,core,cubic_bspline,32,28,0.0038737042132918334,4.4949694456481855e-05,4.494935720700595e-05,0.003873704209378468,0.003873964994264722,0.00010765646553772966,0.027791607105238644,5.440103370815455e-18,1.1720331301635875e-18,2.0766860034182148e-16,1.9574626793676892e-16,484841618079.74396,484841618079.74396,rank1
AR-S1,4,0,core,cubic_bspline,40,28,0.00030921278848322815,4.4949694456481855e-05,4.4949692307604296e-05,0.00030921278817084934,0.0003124628352302471,8.593520329628699e-06,0.027791607105238644,5.440103370815455e-18,1.1720331301635875e-18,2.0766860034182148e-16,1.9574626793676892e-16,38701774954.31659,38701774954.31659,rank1
AR-S1,4,0,core,cubic_bspline,48,28,1.0429914047180614e-05,4.4949694456481855e-05,4.494969445403297e-05,1.0429914036643909e-05,4.6143885169567833e-05,1.2492242478387051e-06,0.027791607105238644,5.440103370815455e-18,1.1720331301635875e-18,2.0766860034182148e-16,1.9574626793676892e-16,5626005857.068581,5626005857.068581,rank1
AR-S1,4,0,core,discrete_identity,64,28,0.0,4.4949694456481855e-05,4.4949694456481855e-05,0.0,4.494969445648664e-05,1.2492242478351993e-06,0.027791607105238644,5.440103370815455e-18,1.1720331301635875e-18,2.0766860034182148e-16,1.9574626793676892e-16,5626005857.052792,5626005857.052792,rank1
AR-S1,4,0,core,cubic_bspline,32,32,0.0038737042132918334,2.230469551527096e-05,2.2304528167151123e-05,0.0038737042123283545,0.0038737684267457022,0.00010765646553771579,0.027791607105238644,5.440103370815455e-18,1.1720331301635875e-18,2.0766860034182148e-16,1.9574626793676892e-16,484841618079.68146,484841618079.68146,rank1
AR-S1,4,0,core,cubic_bspline,40,32,0.00030921278848322815,2.230469551527096e-05,2.2304694448967188e-05,0.0003092127884063198,0.00031001620595711777,8.593520329452795e-06,0.027791607105238644,5.440103370815455e-18,1.1720331301635875e-18,2.0766860034182148e-16,1.9574626793676892e-16,38701774953.52439,38701774953.52439,rank1
AR-S1,4,0,core,cubic_bspline,48,32,1.0429914047180614e-05,2.230469551527096e-05,2.2304695514055805e-05,1.0429914044586452e-05,2.46228054657995e-05,6.198833343719505e-07,0.027791607105238644,5.440103370815455e-18,1.1720331301635875e-18,2.0766860034182148e-16,1.9574626793676892e-16,2791706353.6906967,2791706353.6906967,rank1
AR-S1,4,0,core,discrete_identity,64,32,0.0,2.230469551527096e-05,2.230469551527096e-05,0.0,2.2304695515271233e-05,6.198833343623962e-07,0.027791607105238644,5.440103370815455e-18,1.1720331301635875e-18,2.0766860034182148e-16,1.9574626793676892e-16,2791706353.647668,2791706353.647668,rank1
AR-S1,4,0,fit,cubic_bspline,32,24,0.003873704213291833,6.866247989030404e-05,6.86619647280594e-05,0.0038737042041604728,0.0038743126871066272,0.0001244757084892385,0.03213350881619517,1.2073006391123288e-17,1.12406695869074e-18,3.80747138597742e-16,3.757139147231421e-16,560588754368.813,560588754368.813,rank1
AR-S1,4,0,fit,cubic_bspline,40,24,0.00030921278848323124,6.866247989030404e-05,6.866247660780766e-05,0.00030921278775433367,0.0003167445094322652,9.936091866020638e-06,0.03213350881619517,1.2073006391123288e-17,1.12406695869074e-18,3.80747138597742e-16,3.757139147231421e-16,44748179625.32956,44748179625.32956,rank1
AR-S1,4,0,fit,cubic_bspline,48,24,1.0429914047178034e-05,6.866247989030404e-05,6.866247988656338e-05,1.0429914022591924e-05,6.945012059891434e-05,2.2063664028994427e-06,0.03213350881619517,1.2073006391123288e-17,1.12406695869074e-18,3.80747138597742e-16,3.757139147231421e-16,9936590909.940712,9936590909.940712,rank1
AR-S1,4,0,fit,discrete_identity,64,24,0.0,6.866247989030404e-05,6.866247989030404e-05,0.0,6.866247989029974e-05,2.2063664028967708e-06,0.03213350881619517,1.2073006391123288e-17,1.12406695869074e-18,3.80747138597742e-16,3.757139147231421e-16,9936590909.928679,9936590909.928679,rank1
AR-S1,4,0,fit,cubic_bspline,32,28,0.003873704213291833,2.869510772372053e-05,2.869489242948094e-05,0.0038737042116970084,0.0038738104921287216,0.00012447570848914886,0.03213350881619517,1.2073006391123288e-17,1.12406695869074e-18,3.80747138597742e-16,3.757139147231421e-16,560588754368.4093,560588754368.4093,rank1
AR-S1,4,0,fit,cubic_bspline,40,28,0.00030921278848323124,2.869510772372053e-05,2.8695106351910147e-05,0.00030921278835592666,0.00031054139448730096,9.936091864841456e-06,0.03213350881619517,1.2073006391123288e-17,1.12406695869074e-18,3.80747138597742e-16,3.757139147231421e-16,44748179620.019,44748179620.019,rank1
AR-S1,4,0,fit,cubic_bspline,48,28,1.0429914047178034e-05,2.869510772372053e-05,2.8695107722167367e-05,1.0429914042883984e-05,3.053182461330387e-05,9.220744970294008e-07,0.03213350881619517,1.2073006391123288e-17,1.12406695869074e-18,3.80747138597742e-16,3.757139147231421e-16,4152654361.229447,4152654361.229447,rank1
AR-S1,4,0,fit,discrete_identity,64,28,0.0,2.869510772372053e-05,2.869510772372053e-05,0.0,2.869510772371708e-05,9.220744970217333e-07,0.03213350881619517,1.2073006391123288e-17,1.12406695869074e-18,3.80747138597742e-16,3.757139147231421e-16,4152654361.194916,4152654361.194916,rank1
AR-S1,4,0,fit,cubic_bspline,32,32,0.003873704213291833,1.424196463975722e-05,1.4241857784848066e-05,0.0038737042128989757,0.0038737303936371673,0.0001244757084891469,0.03213350881619517,1.2073006391123288e-17,1.12406695869074e-18,3.80747138597742e-16,3.757139147231421e-16,560588754368.4005,560588754368.4005,rank1
AR-S1,4,0,fit,cubic_bspline,40,32,0.00030921278848323124,1.424196463975722e-05,1.4241963958899519e-05,0.0003092127884518719,0.00030954059846644813,9.93609186480756e-06,0.03213350881619517,1.2073006391123288e-17,1.12406695869074e-18,3.80747138597742e-16,3.757139147231421e-16,44748179619.86634,44748179619.86634,rank1
AR-S1,4,0,fit,cubic_bspline,48,32,1.0429914047178034e-05,1.424196463975722e-05,1.424196463898323e-05,1.0429914046120266e-05,1.765266732845801e-05,4.5764429634051596e-07,0.03213350881619517,1.2073006391123288e-17,1.12406695869074e-18,3.80747138597742e-16,3.757139147231421e-16,2061046682.4673805,2061046682.4673805,rank1
AR-S1,4,0,fit,discrete_identity,64,32,0.0,1.424196463975722e-05,1.424196463975722e-05,0.0,1.4241964639758215e-05,4.5764429631161064e-07,0.03213350881619517,1.2073006391123288e-17,1.12406695869074e-18,3.80747138597742e-16,3.757139147231421e-16,2061046682.3372025,2061046682.3372025,rank1
AR-S1,4,1,core,cubic_bspline,32,24,0.0007721047578592935,4.927937439549006e-13,4.927949904870549e-13,0.0007721047578592889,0.0007721047578592709,2.181793943278102e-05,0.028257745093131136,4.8322343552670685e-18,1.1312932571438451e-18,1.8647556312193879e-16,1.710056601947932e-16,98259263899.46465,98259263899.46465,rank1
AR-S1,4,1,core,cubic_bspline,40,24,0.00048286160729893587,4.927937439549006e-13,4.927923204161442e-13,0.00048286160729893305,0.0004828616072989338,1.364458021431286e-05,0.028257745093131136,4.8322343552670685e-18,1.1312932571438451e-18,1.8647556312193879e-16,1.710056601947932e-16,61449726368.80624,61449726368.80624,rank1
AR-S1,4,1,core,cubic_bspline,48,24,7.165228360642483e-05,4.927937439549006e-13,4.927888576293773e-13,7.165228360642441e-05,7.165228360642342e-05,2.0247319654910526e-06,0.028257745093131136,4.8322343552670685e-18,1.1312932571438451e-18,1.8647556312193879e-16,1.710056601947932e-16,9118582125.310637,9118582125.310637,rank1
AR-S1,4,1,core,discrete_identity,64,24,0.0,4.927937439549006e-13,4.927937439549006e-13,0.0,4.927870045973929e-13,1.3925042778362337e-14,0.028257745093131136,4.8322343552670685e-18,1.1312932571438451e-18,1.8647556312193879e-16,1.710056601947932e-16,62.71281746775084,62.71281746775084,rank1
AR-S1,4,1,core,cubic_bspline,32,28,0.0007721047578592935,3.074630173296159e-10,3.074629262563361e-10,0.0007721047578577059,0.0007721047578593352,2.1817939432781113e-05,0.028257745093131136,4.8322343552670685e-18,1.1312932571438451e-18,1.8647556312193879e-16,1.710056601947932e-16,98259263899.46507,98259263899.46507,rank1
AR-S1,4,1,core,cubic_bspline,40,28,0.00048286160729893587,3.074630173296159e-10,3.074629797951231e-10,0.00048286160729794306,0.0004828616072990495,1.3644580214313364e-05,0.028257745093131136,4.8322343552670685e-18,1.1312932571438451e-18,1.8647556312193879e-16,1.710056601947932e-16,61449726368.80851,61449726368.80851,rank1
AR-S1,4,1,core,cubic_bspline,48,28,7.165228360642483e-05,3.074630173296159e-10,3.0746301468768517e-10,7.165228360627748e-05,7.165228360709964e-05,2.0247319654915214e-06,0.028257745093131136,4.8322343552670685e-18,1.1312932571438451e-18,1.8647556312193879e-16,1.710056601947932e-16,9118582125.312748,9118582125.312748,rank1
AR-S1,4,1,core,discrete_identity,64,28,0.0,3.074630173296159e-10,3.074630173296159e-10,0.0,3.0746301719533515e-10,8.688211565460587e-12,0.028257745093131136,4.8322343552670685e-18,1.1312932571438451e-18,1.8647556312193879e-16,1.710056601947932e-16,39128.22636872433,39128.22636872433,rank1
AR-S1,4,1,core,cubic_bspline,32,32,0.0007721047578592935,3.3483128050013024e-10,3.34831182569853e-10,0.0007721047578577704,0.0007721047578593379,2.181793943278087e-05,0.028257745093131136,4.8322343552670685e-18,1.1312932571438451e-18,1.8647556312193879e-16,1.710056601947932e-16,98259263899.46397,98259263899.46397,rank1
AR-S1,4,1,core,cubic_bspline,40,32,0.00048286160729893587,3.3483128050013024e-10,3.3483124374185445e-10,0.0004828616072979834,0.00048286160729905513,1.3644580214313014e-05,0.028257745093131136,4.8322343552670685e-18,1.1312932571438451e-18,1.8647556312193879e-16,1.710056601947932e-16,61449726368.80693,61449726368.80693,rank1
AR-S1,4,1,core,cubic_bspline,48,32,7.165228360642483e-05,3.3483128050013024e-10,3.3483127997510247e-10,7.165228360628349e-05,7.165228360722673e-05,2.024731965491645e-06,0.028257745093131136,4.8322343552670685e-18,1.1312932571438451e-18,1.8647556312193879e-16,1.710056601947932e-16,9118582125.313305,9118582125.313305,rank1
AR-S1,4,1,core,discrete_identity,64,32,0.0,3.3483128050013024e-10,3.3483128050013024e-10,0.0,3.3483128834122735e-10,9.461577195142454e-12,0.028257745093131136,4.8322343552670685e-18,1.1312932571438451e-18,1.8647556312193879e-16,1.710056601947932e-16,42611.15553038074,42611.15553038074,rank1
AR-S1,4,1,fit,cubic_bspline,32,24,0.0007721047578592747,9.40573945428924e-15,9.410517068115128e-15,0.0007721047578592751,0.0007721047578592677,0.00010529098607363327,0.13636878286511583,2.5536647061265212e-17,4.217320872188238e-18,1.9945954633128832e-16,1.8726167767093623e-16,474188445646.6869,474188445646.6869,rank1
AR-S1,4,1,fit,cubic_bspline,40,24,0.000482861607298944,9.40573945428924e-15,9.408197191575843e-15,0.0004828616072989444,0.0004828616072989711,6.584724967965423e-05,0.13636878286511583,2.5536647061265212e-17,4.217320872188238e-18,1.9945954633128832e-16,1.8726167767093623e-16,296549649120.6628,296549649120.6628,rank1
AR-S1,4,1,fit,cubic_bspline,48,24,7.165228360641994e-05,9.40573945428924e-15,9.40889277435786e-15,7.165228360641996e-05,7.165228360639566e-05,9.771134704910263e-06,0.13636878286511583,2.5536647061265212e-17,4.217320872188238e-18,1.9945954633128832e-16,1.8726167767093623e-16,44005278616.02078,44005278616.02078,rank1
AR-S1,4,1,fit,discrete_identity,64,24,0.0,9.40573945428924e-15,9.40573945428924e-15,0.0,9.404771563901139e-15,1.2814751500969983e-15,0.13636878286511583,2.5536647061265212e-17,4.217320872188238e-18,1.9945954633128832e-16,1.8726167767093623e-16,5.771251008461392,5.771251008461392,rank1
AR-S1,4,1,fit,cubic_bspline,32,28,0.0007721047578592747,4.540506380717211e-15,4.5540419090043966e-15,0.0007721047578592748,0.0007721047578592745,0.00010529098607363418,0.13636878286511583,2.5536647061265212e-17,4.217320872188238e-18,1.9945954633128832e-16,1.8726167767093623e-16,474188445646.691,474188445646.691,rank1
AR-S1,4,1,fit,cubic_bspline,40,28,0.000482861607298944,4.540506380717211e-15,4.550850966414652e-15,0.0004828616072989442,0.00048286160729896986,6.584724967965404e-05,0.13636878286511583,2.5536647061265212e-17,4.217320872188238e-18,1.9945954633128832e-16,1.8726167767093623e-16,296549649120.6619,296549649120.6619,rank1
AR-S1,4,1,fit,cubic_bspline,48,28,7.165228360641994e-05,4.540506380717211e-15,4.546972273057848e-15,7.165228360641995e-05,7.165228360641373e-05,9.77113470491273e-06,0.13636878286511583,2.5536647061265212e-17,4.217320872188238e-18,1.9945954633128832e-16,1.8726167767093623e-16,44005278616.03189,44005278616.03189,rank1
AR-S1,4,1,fit,discrete_identity,64,28,0.0,4.540506380717211e-15,4.540506380717211e-15,0.0,4.566971533476849e-15,6.20406242220912e-16,0.13636878286511583,2.5536647061265212e-17,4.217320872188238e-18,1.9945954633128832e-16,1.8726167767093623e-16,2.794061321284429,2.794061321284429,rank1
AR-S1,4,1,fit,cubic_bspline,32,32,0.0007721047578592747,8.534779631121944e-15,8.540158303131318e-15,0.0007721047578592754,0.0007721047578592651,0.00010529098607363293,0.13636878286511583,2.5536647061265212e-17,4.217320872188238e-18,1.9945954633128832e-16,1.8726167767093623e-16,474188445646.68536,474188445646.68536,rank1
AR-S1,4,1,fit,cubic_bspline,40,32,0.000482861607298944,8.534779631121944e-15,8.53914803425043e-15,0.0004828616072989445,0.0004828616072989632,6.584724967965314e-05,0.13636878286511583,2.5536647061265212e-17,4.217320872188238e-18,1.9945954633128832e-16,1.8726167767093623e-16,296549649120.6579,296549649120.6579,rank1
AR-S1,4,1,fit,cubic_bspline,48,32,7.165228360641994e-05,8.534779631121944e-15,8.537899066621296e-15,7.165228360641999e-05,7.165228360641911e-05,9.77113470491346e-06,0.13636878286511583,2.5536647061265212e-17,4.217320872188238e-18,1.9945954633128832e-16,1.8726167767093623e-16,44005278616.03518,44005278616.03518,rank1
AR-S1,4,1,fit,discrete_identity,64,32,0.0,8.534779631121944e-15,8.534779631121944e-15,0.0,8.542939088397098e-15,1.1636293388093703e-15,0.13636878286511583,2.5536647061265212e-17,4.217320872188238e-18,1.9945954633128832e-16,1.8726167767093623e-16,5.240520656659257,5.240520656659257,rank1
AR-S1,4,2,core,cubic_bspline,32,24,0.00030302151217621664,0.00015649612944079633,0.0001564961222559046,0.0003030215084655611,0.0003410470247967133,5.667411115404807e-06,0.01870299916814265,4.149746785689427e-18,6.52146018941724e-19,2.3388414681488846e-16,2.218760076061923e-16,25523750587.492496,25523750587.492496,rank1
AR-S1,4,2,core,cubic_bspline,40,24,4.920953897642772e-05,0.00015649612944079633,0.00015649612925130557,4.920953837383139e-05,0.00016405065436296583,2.926946979137692e-06,0.01870299916814265,4.149746785689427e-18,6.52146018941724e-19,2.3388414681488846e-16,2.218760076061923e-16,13181797324.57771,13181797324.57771,rank1
AR-S1,4,2,core,cubic_bspline,48,24,1.779361480480283e-05,0.00015649612944079633,0.00015649612941602428,1.7793614586910786e-05,0.00015750444834994155,2.9269469787549027e-06,0.01870299916814265,4.149746785689427e-18,6.52146018941724e-19,2.3388414681488846e-16,2.218760076061923e-16,13181797322.853779,13181797322.853779,rank1
AR-S1,4,2,core,discrete_identity,64,24,0.0,0.00015649612944079633,0.00015649612944079633,0.0,0.0001564961294408067,2.926946978748952e-06,0.01870299916814265,4.149746785689427e-18,6.52146018941724e-19,2.3388414681488846e-16,2.218760076061923e-16,13181797322.826979,13181797322.826979,rank1
AR-S1,4,2,core,cubic_bspline,32,28,0.00030302151217621664,7.479064677926663e-05,7.479064334554485e-05,0.0003030215113287199,0.0003121148461281471,5.667411091189183e-06,0.01870299916814265,4.149746785689427e-18,6.52146018941724e-19,2.3388414681488846e-16,2.218760076061923e-16,25523750478.43502,25523750478.43502,rank1
AR-S1,4,2,core,cubic_bspline,40,28,4.920953897642772e-05,7.479064677926663e-05,7.479064668871524e-05,4.9209538838797484e-05,8.952775859133643e-05,1.3988094057904602e-06,0.01870299916814265,4.149746785689427e-18,6.52146018941724e-19,2.3388414681488846e-16,2.218760076061923e-16,6299677518.680262,6299677518.680262,rank1
AR-S1,4,2,core,cubic_bspline,48,28,1.779361480480283e-05,7.479064677926663e-05,7.479064676741933e-05,1.7793614755037285e-05,7.687817357165177e-05,1.398809404510887e-06,0.01870299916814265,4.149746785689427e-18,6.52146018941724e-19,2.3388414681488846e-16,2.218760076061923e-16,6299677512.917576,6299677512.917576,rank1
AR-S1,4,2,core,discrete_identity,64,28,0.0,7.479064677926663e-05,7.479064677926663e-05,0.0,7.479064677927694e-05,1.398809404497667e-06,0.01870299916814265,4.149746785689427e-18,6.52146018941724e-19,2.3388414681488846e-16,2.218760076061923e-16,6299677512.858039,6299677512.858039,rank1
AR-S1,4,2,core,cubic_bspline,32,32,0.00030302151217621664,4.026208986160828e-05,4.0262088013135817e-05,0.0003030215119306123,0.00030568459655784975,5.667411090243588e-06,0.01870299916814265,4.149746785689427e-18,6.52146018941724e-19,2.3388414681488846e-16,2.218760076061923e-16,25523750474.17644,25523750474.17644,rank1
AR-S1,4,2,core,cubic_bspline,40,32,4.920953897642772e-05,4.026208986160828e-05,4.0262089812862295e-05,4.920953893654252e-05,6.358155866579558e-05,9.203659680514688e-07,0.01870299916814265,4.149746785689427e-18,6.52146018941724e-19,2.3388414681488846e-16,2.218760076061923e-16,4144959830.7610807,4144959830.7610807,rank1
AR-S1,4,2,core,cubic_bspline,48,32,1.779361480480283e-05,4.026208986160828e-05,4.026208985523719e-05,1.779361479038079e-05,4.401873018763535e-05,7.530218332180311e-07,0.01870299916814265,4.149746785689427e-18,6.52146018941724e-19,2.3388414681488846e-16,2.218760076061923e-16,3391308847.4825726,3391308847.4825726,rank1
AR-S1,4,2,core,discrete_identity,64,32,0.0,4.026208986160828e-05,4.026208986160828e-05,0.0,4.026208986160196e-05,7.530218331892261e-07,0.01870299916814265,4.149746785689427e-18,6.52146018941724e-19,2.3388414681488846e-16,2.218760076061923e-16,3391308847.3528466,3391308847.3528466,rank1
AR-S1,4,2,fit,cubic_bspline,32,24,0.0003030215121762173,0.00015699724361592835,0.00015699723640802868,0.0003030215084417598,0.000341277261301302,5.868984954072218e-06,0.019368212129174712,5.7258840377957194e-18,6.952776573651011e-19,3.0529136016059165e-16,2.9563307132364117e-16,26431558452.20269,26431558452.20269,rank1
AR-S1,4,2,fit,cubic_bspline,40,24,4.920953897642732e-05,0.00015699724361592835,0.00015699724342583684,4.9209538369965635e-05,0.00016452876091911837,3.0407559184499055e-06,0.019368212129174712,5.7258840377957194e-18,6.952776573651011e-19,3.0529136016059165e-16,2.9563307132364117e-16,13694347221.255625,13694347221.255625,rank1
AR-S1,4,2,fit,cubic_bspline,48,24,1.7793614804802988e-05,0.00015699724361592835,0.00015699724359106486,1.779361458551328e-05,0.0001580023646121002,3.0407559180551623e-06,0.019368212129174712,5.7258840377957194e-18,6.952776573651011e-19,3.0529136016059165e-16,2.9563307132364117e-16,13694347219.47786,13694347219.47786,rank1
AR-S1,4,2,fit,discrete_identity,64,24,0.0,0.00015699724361592835,0.00015699724361592835,0.0,0.0001569972436159295,3.040755918049042e-06,0.019368212129174712,5.7258840377957194e-18,6.952776573651011e-19,3.0529136016059165e-16,2.9563307132364117e-16,13694347219.450296,13694347219.450296,rank1
AR-S1,4,2,fit,cubic_bspline,32,28,0.0003030215121762173,7.484943927739831e-05,7.484943584097918e-05,0.0003030215113273875,0.0003121289395222372,5.868984928600537e-06,0.019368212129174712,5.7258840377957194e-18,6.952776573651011e-19,3.0529136016059165e-16,2.9563307132364117e-16,26431558337.488434,26431558337.488434,rank1
AR-S1,4,2,fit,cubic_bspline,40,28,4.920953897642732e-05,7.484943927739831e-05,7.48494391867726e-05,4.9209538838580596e-05,8.957687911982278e-05,1.4496998190108523e-06,0.019368212129174712,5.7258840377957194e-18,6.952776573651011e-19,3.0529136016059165e-16,2.9563307132364117e-16,6528867564.69635,6528867564.69635,rank1
AR-S1,4,2,fit,cubic_bspline,48,28,1.7793614804802988e-05,7.484943927739831e-05,7.484943926554789e-05,1.779361475495917e-05,7.693537083935892e-05,1.4496998176882947e-06,0.019368212129174712,5.7258840377957194e-18,6.952776573651011e-19,3.0529136016059165e-16,2.9563307132364117e-16,6528867558.74008,6528867558.74008,rank1
AR-S1,4,2,fit,discrete_identity,64,28,0.0,7.484943927739831e-05,7.484943927739831e-05,0.0,7.484943927740036e-05,1.4496998176744717e-06,0.019368212129174712,5.7258840377957194e-18,6.952776573651011e-19,3.0529136016059165e-16,2.9563307132364117e-16,6528867558.677827,6528867558.677827,rank1
AR-S1,4,2,fit,cubic_bspline,32,32,0.0003030215121762173,4.021111577319022e-05,4.0211113927052205e-05,0.0003030215119312344,0.00030567788687573097,5.868984927617232e-06,0.019368212129174712,5.7258840377957194e-18,6.952776573651011e-19,3.0529136016059165e-16,2.9563307132364117e-16,26431558333.060024,26431558333.060024,rank1
AR-S1,4,2,fit,cubic_bspline,40,32,4.920953897642732e-05,4.021111577319022e-05,4.021111572450847e-05,4.920953893664302e-05,6.354929231771564e-05,9.531007912226688e-07,0.019368212129174712,5.7258840377957194e-18,6.952776573651011e-19,3.0529136016059165e-16,2.9563307132364117e-16,4292384368.196936,4292384368.196936,rank1
AR-S1,4,2,fit,cubic_bspline,48,32,1.7793614804802988e-05,4.021111577319022e-05,4.0211115766830636e-05,1.7793614790417438e-05,4.397211115054275e-05,7.788174202761677e-07,0.019368212129174712,5.7258840377957194e-18,6.952776573651011e-19,3.0529136016059165e-16,2.9563307132364117e-16,3507481843.7454,3507481843.7454,rank1
AR-S1,4,2,fit,discrete_identity,64,32,0.0,4.021111577319022e-05,4.021111577319022e-05,0.0,4.021111577319381e-05,7.788174202460207e-07,0.019368212129174712,5.7258840377957194e-18,6.952776573651011e-19,3.0529136016059165e-16,2.9563307132364117e-16,3507481843.6096296,3507481843.6096296,rank1
AR-S2,0,0,core,cubic_bspline,32,24,0.012317454882003013,0.00013217382072801286,0.00013216379366180227,0.012317454774410555,0.01231816390695199,0.0003109101206066346,0.025241425569221414,8.234784961291828e-18,1.0038012470079825e-18,3.3387483270331387e-16,3.2624088281816623e-16,1400214703309.7556,1400214703309.7556,rank1
AR-S2,0,0,core,cubic_bspline,40,24,0.0038435900267352087,0.00013217382072801286,0.00013217284441030484,0.0038435899931616095,0.0038458619260729886,9.701769157944178e-05,0.025241425569221414,8.234784961291828e-18,1.0038012470079825e-18,3.3387483270331387e-16,3.2624088281816623e-16,436928839645.5197,436928839645.5197,rank1
AR-S2,0,0,core,cubic_bspline,48,24,0.001082530516176886,0.00013217382072801286,0.0001321737432825678,0.001082530506721027,0.0010905696753841507,2.732461345410137e-05,0.025241425569221414,8.234784961291828e-18,1.0038012470079825e-18,3.3387483270331387e-16,3.2624088281816623e-16,123059118969.93378,123059118969.93378,rank1
AR-S2,0,0,core,discrete_identity,64,24,0.0,0.00013217382072801286,0.00013217382072801286,0.0,0.00013217382072800706,3.3362556581056064e-06,0.025241425569221414,8.234784961291828e-18,1.0038012470079825e-18,3.3387483270331387e-16,3.2624088281816623e-16,15025159738.657118,15025159738.657118,rank1
AR-S2,0,0,core,cubic_bspline,32,28,0.012317454882003013,5.461320091568212e-05,5.4609057809443734e-05,0.012317454863633977,0.012317575935198236,0.0003109101206063313,0.025241425569221414,8.234784961291828e-18,1.0038012470079825e-18,3.3387483270331387e-16,3.2624088281816623e-16,1400214703308.3896,1400214703308.3896,rank1
AR-S2,0,0,core,cubic_bspline,40,28,0.0038435900267352087,5.461320091568212e-05,5.461279750875198e-05,0.0038435900210032595,0.0038439779982812347,9.701769157846818e-05,0.025241425569221414,8.234784961291828e-18,1.0038012470079825e-18,3.3387483270331387e-16,3.2624088281816623e-16,436928839641.135,436928839641.135,rank1
AR-S2,0,0,core,cubic_bspline,48,28,0.001082530516176886,5.461320091568212e-05,5.461316891582679e-05,0.0010825305145625074,0.0010839072454196547,2.7324613450593696e-05,0.025241425569221414,8.234784961291828e-18,1.0038012470079825e-18,3.3387483270331387e-16,3.2624088281816623e-16,123059118954.13661,123059118954.13661,rank1
AR-S2,0,0,core,discrete_identity,64,28,0.0,5.461320091568212e-05,5.461320091568212e-05,0.0,5.461320091568118e-05,1.378515046010102e-06,0.025241425569221414,8.234784961291828e-18,1.0038012470079825e-18,3.3387483270331387e-16,3.2624088281816623e-16,6208279847.535718,6208279847.535718,rank1
AR-S2,0,0,core,cubic_bspline,32,32,0.012317454882003013,2.688517591413514e-05,2.688313633142851e-05,0.01231745487755139,0.012317484218508219,0.0003109101206063228,0.025241425569221414,8.234784961291828e-18,1.0038012470079825e-18,3.3387483270331387e-16,3.2624088281816623e-16,1400214703308.3513,1400214703308.3513,rank1
AR-S2,0,0,core,cubic_bspline,40,32,0.0038435900267352087,2.688517591413514e-05,2.6884977323571375e-05,0.0038435900253461068,0.0038436840525235666,9.70176915784401e-05,0.025241425569221414,8.234784961291828e-18,1.0038012470079825e-18,3.3387483270331387e-16,3.2624088281816623e-16,436928839641.00854,436928839641.00854,rank1
AR-S2,0,0,core,cubic_bspline,48,32,0.001082530516176886,2.688517591413514e-05,2.688516016112878e-05,0.0010825305157856511,0.0010828643175814067,2.7324613450495355e-05,0.025241425569221414,8.234784961291828e-18,1.0038012470079825e-18,3.3387483270331387e-16,3.2624088281816623e-16,123059118953.69373,123059118953.69373,rank1
AR-S2,0,0,core,discrete_identity,64,32,0.0,2.688517591413514e-05,2.688517591413514e-05,0.0,2.6885175914140264e-05,6.786201667521962e-07,0.025241425569221414,8.234784961291828e-18,1.0038012470079825e-18,3.3387483270331387e-16,3.2624088281816623e-16,3056233530.1112947,3056233530.1112947,rank1
AR-S2,0,0,fit,cubic_bspline,32,24,0.012317454882003014,8.244470828997754e-05,8.243845380974561e-05,0.012317454840141368,0.012317730751597346,0.0003612156571613574,0.02932551088042325,7.580977204959109e-18,1.309731850947338e-18,2.6855179625897173e-16,2.585113431057026e-16,1626770698992.278,1626770698992.278,rank1
AR-S2,0,0,fit,cubic_bspline,40,24,0.003843590026735209,8.244470828997754e-05,8.244409930228563e-05,0.0038435900136725262,0.003844474128294829,0.00011271524114908659,0.02932551088042325,7.580977204959109e-18,1.309731850947338e-18,2.6855179625897173e-16,2.585113431057026e-16,507624318038.00195,507624318038.00195,rank1
AR-S2,0,0,fit,cubic_bspline,48,24,0.0010825305161768896,8.244470828997754e-05,8.244465998262646e-05,0.0010825305124978416,0.0010856654366856444,3.17457604311647e-05,0.02932551088042325,7.580977204959109e-18,1.309731850947338e-18,2.6855179625897173e-16,2.585113431057026e-16,142970194848.38638,142970194848.38638,rank1
AR-S2,0,0,fit,discrete_identity,64,24,0.0,8.244470828997754e-05,8.244470828997754e-05,0.0,8.244470828997974e-05,2.4177331899911227e-06,0.02932551088042325,7.580977204959109e-18,1.309731850947338e-18,2.6855179625897173e-16,2.585113431057026e-16,10888502293.525301,10888502293.525301,rank1
AR-S2,0,0,fit,cubic_bspline,32,28,0.012317454882003014,3.4067208399982185e-05,3.406462396871677e-05,0.012317454874855352,0.012317501985743157,0.0003612156571613042,0.02932551088042325,7.580977204959109e-18,1.309731850947338e-18,2.6855179625897173e-16,2.585113431057026e-16,1626770698992.0383,1626770698992.0383,rank1
AR-S2,0,0,fit,cubic_bspline,40,28,0.003843590026735209,3.4067208399982185e-05,3.406695675847391e-05,0.0038435900245048222,0.0038437409968884793,0.00011271524114891512,0.02932551088042325,7.580977204959109e-18,1.309731850947338e-18,2.6855179625897173e-16,2.585113431057026e-16,507624318037.22974,507624318037.22974,rank1
AR-S2,0,0,fit,cubic_bspline,48,28,0.0010825305161768896,3.4067208399982185e-05,3.4067188438765654e-05,0.0010825305155487109,0.001083066429995095,3.174576043055378e-05,0.02932551088042325,7.580977204959109e-18,1.309731850947338e-18,2.6855179625897173e-16,2.585113431057026e-16,142970194845.63504,142970194845.63504,rank1
AR-S2,0,0,fit,discrete_identity,64,28,0.0,3.4067208399982185e-05,3.4067208399982185e-05,0.0,3.406720839997878e-05,9.990382905992238e-07,0.02932551088042325,7.580977204959109e-18,1.309731850947338e-18,2.6855179625897173e-16,2.585113431057026e-16,4499268473.271522,4499268473.271522,rank1
AR-S2,0,0,fit,cubic_bspline,32,32,0.012317454882003014,1.6771840016499213e-05,1.677056765902099e-05,0.01231745488027062,0.012317466298801875,0.00036121565716130255,0.02932551088042325,7.580977204959109e-18,1.309731850947338e-18,2.6855179625897173e-16,2.585113431057026e-16,1626770698992.031,1626770698992.031,rank1
AR-S2,0,0,fit,cubic_bspline,40,32,0.003843590026735209,1.6771840016499213e-05,1.677171612930301e-05,0.003843590026194625,0.0038436266187131776,0.00011271524114891076,0.02932551088042325,7.580977204959109e-18,1.309731850947338e-18,2.6855179625897173e-16,2.585113431057026e-16,507624318037.2101,507624318037.2101,rank1
AR-S2,0,0,fit,cubic_bspline,48,32,0.0010825305161768896,1.6771840016499213e-05,1.6771830189274252e-05,0.0010825305160246368,0.0010826604327960386,3.174576043053671e-05,0.02932551088042325,7.580977204959109e-18,1.309731850947338e-18,2.6855179625897173e-16,2.585113431057026e-16,142970194845.55817,142970194845.55817,rank1
AR-S2,0,0,fit,discrete_identity,64,32,0.0,1.6771840016499213e-05,1.6771840016499213e-05,0.0,1.6771840016499806e-05,4.918427768885827e-07,0.02932551088042325,7.580977204959109e-18,1.309731850947338e-18,2.6855179625897173e-16,2.585113431057026e-16,2215062946.720291,2215062946.720291,rank1
AR-S2,0,1,core,cubic_bspline,32,24,0.01434667295308954,1.2098212213337113e-12,1.2096969233099763e-12,0.014346672953089543,0.014346672953089556,0.0004396664627342155,0.0306458831376325,3.732061545430903e-18,1.1847276343165435e-18,1.3809088868428686e-16,1.217801924216049e-16,1980081717737.117,1980081717737.117,rank1
AR-S2,0,1,core,cubic_bspline,40,24,0.0038478646957595783,1.2098212213337113e-12,1.2098151001723215e-12,0.0038478646957595796,0.003847864695759583,0.00011792121179566996,0.0306458831376325,3.732061545430903e-18,1.1847276343165435e-18,1.3809088868428686e-16,1.217801924216049e-16,531069925502.0566,531069925502.0566,rank1
AR-S2,0,1,core,cubic_bspline,48,24,0.0012551015671772073,1.2098212213337113e-12,1.2098200626506919e-12,0.0012551015671772078,0.0012551015671772212,3.846369595357252e-05,0.0306458831376325,3.732061545430903e-18,1.1847276343165435e-18,1.3809088868428686e-16,1.217801924216049e-16,173225086763.80127,173225086763.80127,rank1
AR-S2,0,1,core,discrete_identity,64,24,0.0,1.2098212213337113e-12,1.2098212213337113e-12,0.0,1.2098689145954775e-12,3.707749922712133e-14,0.0306458831376325,3.732061545430903e-18,1.1847276343165435e-18,1.3809088868428686e-16,1.217801924216049e-16,166.98221170309347,166.98221170309347,rank1
AR-S2,0,1,core,cubic_bspline,32,28,0.01434667295308954,1.5268730880177917e-13,1.5266979982222994e-13,0.014346672953089515,0.014346672953089555,0.00043966646273421544,0.0306458831376325,3.732061545430903e-18,1.1847276343165435e-18,1.3809088868428686e-16,1.217801924216049e-16,1980081717737.1167,1980081717737.1167,rank1
AR-S2,0,1,core,cubic_bspline,40,28,0.0038478646957595783,1.5268730880177917e-13,1.52684135564981e-13,0.0038478646957595714,0.0038478646957595952,0.00011792121179567034,0.0306458831376325,3.732061545430903e-18,1.1847276343165435e-18,1.3809088868428686e-16,1.217801924216049e-16,531069925502.0583,531069925502.0583,rank1
AR-S2,0,1,core,cubic_bspline,48,28,0.0012551015671772073,1.5268730880177917e-13,1.5268411596598573e-13,0.0012551015671772052,0.0012551015671772075,3.84636959535721e-05,0.0306458831376325,3.732061545430903e-18,1.1847276343165435e-18,1.3809088868428686e-16,1.217801924216049e-16,173225086763.79938,173225086763.79938,rank1
AR-S2,0,1,core,discrete_identity,64,28,0.0,1.5268730880177917e-13,1.5268730880177917e-13,0.0,1.5272858125126726e-13,4.68048503007384e-15,0.0306458831376325,3.732061545430903e-18,1.1847276343165435e-18,1.3809088868428686e-16,1.217801924216049e-16,21.079030637353732,21.079030637353732,rank1
AR-S2,0,1,core,cubic_bspline,32,32,0.01434667295308954,5.6689940669888015e-14,5.6681896417680945e-14,0.014346672953089515,0.014346672953089576,0.0004396664627342159,0.0306458831376325,3.732061545430903e-18,1.1847276343165435e-18,1.3809088868428686e-16,1.217801924216049e-16,1980081717737.119,1980081717737.119,rank1
AR-S2,0,1,core,cubic_bspline,40,32,0.0038478646957595783,5.6689940669888015e-14,5.66855055691626e-14,0.003847864695759572,0.003847864695759578,0.00011792121179566984,0.0306458831376325,3.732061545430903e-18,1.1847276343165435e-18,1.3809088868428686e-16,1.217801924216049e-16,531069925502.056,531069925502.056,rank1
AR-S2,0,1,core,cubic_bspline,48,32,0.0012551015671772073,5.6689940669888015e-14,5.6683986370688844e-14,0.0012551015671772052,0.0012551015671772147,3.8463695953572327e-05,0.0306458831376325,3.732061545430903e-18,1.1847276343165435e-18,1.3809088868428686e-16,1.217801924216049e-16,173225086763.80038,173225086763.80038,rank1
AR-S2,0,1,core,discrete_identity,64,32,0.0,5.6689940669888015e-14,5.6689940669888015e-14,0.0,5.665693607585171e-14,1.7362585719624493e-15,0.0306458831376325,3.732061545430903e-18,1.1847276343165435e-18,1.3809088868428686e-16,1.217801924216049e-16,7.819413457708916,7.819413457708916,rank1
AR-S2,0,1,fit,cubic_bspline,32,24,0.014346672953089546,8.299799249243484e-15,8.302356231564923e-15,0.01434667295308955,0.014346672953089546,0.0024126001125362503,0.16816443229903683,3.5132512277832476e-17,5.988060910390618e-18,2.1785064041525287e-16,2.0891761591629802e-16,10865384967812.273,10865384967812.273,rank1
AR-S2,0,1,fit,cubic_bspline,40,24,0.0038478646957595974,8.299799249243484e-15,8.302520799407665e-15,0.003847864695759598,0.003847864695759618,0.0006470739821259223,0.16816443229903683,3.5132512277832476e-17,5.988060910390618e-18,2.1785064041525287e-16,2.0891761591629802e-16,2914162144783.447,2914162144783.447,rank1
AR-S2,0,1,fit,cubic_bspline,48,24,0.0012551015671771807,8.299799249243484e-15,8.302589009235831e-15,0.001255101567177181,0.001255101567177165,0.00021106344252197934,0.16816443229903683,3.5132512277832476e-17,5.988060910390618e-18,2.1785064041525287e-16,2.0891761591629802e-16,950545241093.5203,950545241093.5203,rank1
AR-S2,0,1,fit,discrete_identity,64,24,0.0,8.299799249243484e-15,8.299799249243484e-15,0.0,8.316205989447028e-15,1.3970161811166013e-15,0.16816443229903683,3.5132512277832476e-17,5.988060910390618e-18,2.1785064041525287e-16,2.0891761591629802e-16,6.291601552707279,6.291601552707279,rank1
AR-S2,0,1,fit,cubic_bspline,32,28,0.014346672953089546,4.059613397243291e-15,4.06444854582362e-15,0.014346672953089555,0.014346672953089567,0.002412600112536253,0.16816443229903683,3.5132512277832476e-17,5.988060910390618e-18,2.1785064041525287e-16,2.0891761591629802e-16,10865384967812.285,10865384967812.285,rank1
AR-S2,0,1,fit,cubic_bspline,40,28,0.0038478646957595974,4.059613397243291e-15,4.065818235434975e-15,0.0038478646957596,0.0038478646957595957,0.0006470739821259184,0.16816443229903683,3.5132512277832476e-17,5.988060910390618e-18,2.1785064041525287e-16,2.0891761591629802e-16,2914162144783.429,2914162144783.429,rank1
AR-S2,0,1,fit,cubic_bspline,48,28,0.0012551015671771807,4.059613397243291e-15,4.063964051378e-15,0.0012551015671771817,0.0012551015671771768,0.0002110634425219814,0.16816443229903683,3.5132512277832476e-17,5.988060910390618e-18,2.1785064041525287e-16,2.0891761591629802e-16,950545241093.5295,950545241093.5295,rank1
AR-S2,0,1,fit,discrete_identity,64,28,0.0,4.059613397243291e-15,4.059613397243291e-15,0.0,4.078634871983226e-15,6.831099284684956e-16,0.16816443229903683,3.5132512277832476e-17,5.988060910390618e-18,2.1785064041525287e-16,2.0891761591629802e-16,3.076453619303803,3.076453619303803,rank1
AR-S2,0,1,fit,cubic_bspline,32,32,0.014346672953089546,6.068234135328628e-15,6.072185229435246e-15,0.014346672953089544,0.014346672953089546,0.0024126001125362485,0.16816443229903683,3.5132512277832476e-17,5.988060910390618e-18,2.1785064041525287e-16,2.0891761591629802e-16,10865384967812.266,10865384967812.266,rank1
AR-S2,0,1,fit,cubic_bspline,40,32,0.0038478646957595974,6.068234135328628e-15,6.0732210280203925e-15,0.003847864695759597,0.0038478646957596082,0.0006470739821259205,0.16816443229903683,3.5132512277832476e-17,5.988060910390618e-18,2.1785064041525287e-16,2.0891761591629802e-16,2914162144783.4385,2914162144783.4385,rank1
AR-S2,0,1,fit,cubic_bspline,48,32,0.0012551015671771807,6.068234135328628e-15,6.072062038708285e-15,0.0012551015671771804,0.0012551015671771735,0.0002110634425219808,0.16816443229903683,3.5132512277832476e-17,5.988060910390618e-18,2.1785064041525287e-16,2.0891761591629802e-16,950545241093.5269,950545241093.5269,rank1
AR-S2,0,1,fit,discrete_identity,64,32,0.0,6.068234135328628e-15,6.068234135328628e-15,0.0,6.062195296371487e-15,1.0176336407904973e-15,0.16816443229903683,3.5132512277832476e-17,5.988060910390618e-18,2.1785064041525287e-16,2.0891761591629802e-16,4.583014485463765,4.583014485463765,rank1
AR-S2,0,2,core,cubic_bspline,32,24,0.01710032803128387,0.00018109783075914696,0.000181071350398952,0.017100327750870142,0.017101286665378367,0.00038468312807025945,0.02249565782397865,7.05655836241552e-18,1.024389591857987e-18,3.2102137078819864e-16,3.1368535286368773e-16,1732458792232.9373,1732458792232.9373,rank1
AR-S2,0,2,core,cubic_bspline,40,24,0.0036792162792708746,0.00018109783075914696,0.00018109660502762482,0.0036792162189385373,0.003683670507795734,8.276639048218485e-05,0.02249565782397865,7.05655836241552e-18,1.024389591857987e-18,3.2102137078819864e-16,3.1368535286368773e-16,372746685334.36865,372746685334.36865,rank1
AR-S2,0,2,core,cubic_bspline,48,24,0.0015119474805475133,0.00018109783075914696,0.0001810976237655662,0.001511947455754373,0.0015227545873408297,3.4012253178341985e-05,0.02249565782397865,7.05655836241552e-18,1.024389591857987e-18,3.2102137078819864e-16,3.1368535286368773e-16,153177570740.01193,153177570740.01193,rank1
AR-S2,0,2,core,discrete_identity,64,24,0.0,0.00018109783075914696,0.00018109783075914696,0.0,0.00018109783075913175,4.073914833422222e-06,0.02249565782397865,7.05655836241552e-18,1.024389591857987e-18,3.2102137078819864e-16,3.1368535286368773e-16,18347281325.739456,18347281325.739456,rank1
AR-S2,0,2,core,cubic_bspline,32,28,0.01710032803128387,8.636764816562082e-05,8.63550193758503e-05,0.01710032796750504,0.0171005460721839,0.0003846831280695889,0.02249565782397865,7.05655836241552e-18,1.024389591857987e-18,3.2102137078819864e-16,3.1368535286368773e-16,1732458792229.9175,1732458792229.9175,rank1
AR-S2,0,2,core,cubic_bspline,40,28,0.0036792162792708746,8.636764816562082e-05,8.63670636000811e-05,0.0036792162655485583,0.003680229843274263,8.276639047905897e-05,0.02249565782397865,7.05655836241552e-18,1.024389591857987e-18,3.2102137078819864e-16,3.1368535286368773e-16,372746685320.29095,372746685320.29095,rank1
AR-S2,0,2,core,cubic_bspline,48,28,0.0015119474805475133,8.636764816562082e-05,8.636754944797599e-05,0.0015119474749084262,0.0015144122746239186,3.401225317063851e-05,0.02249565782397865,7.05655836241552e-18,1.024389591857987e-18,3.2102137078819864e-16,3.1368535286368773e-16,153177570705.31857,153177570705.31857,rank1
AR-S2,0,2,core,discrete_identity,64,28,0.0,8.636764816562082e-05,8.636764816562082e-05,0.0,8.636764816562396e-05,1.942897060195654e-06,0.02249565782397865,7.05655836241552e-18,1.024389591857987e-18,3.2102137078819864e-16,3.1368535286368773e-16,8750030476.31638,8750030476.31638,rank1
AR-S2,0,2,core,cubic_bspline,32,32,0.01710032803128387,4.637295085993175e-05,4.6366170146791014e-05,0.01710032801289714,0.017100390890247136,0.00038468312806955553,0.02249565782397865,7.05655836241552e-18,1.024389591857987e-18,3.2102137078819864e-16,3.1368535286368773e-16,1732458792229.767,1732458792229.767,rank1
AR-S2,0,2,core,cubic_bspline,40,32,0.0036792162792708746,4.637295085993175e-05,4.6372636992076466e-05,0.0036792162753148823,0.003679508506732036,8.276639047890359e-05,0.02249565782397865,7.05655836241552e-18,1.024389591857987e-18,3.2102137078819864e-16,3.1368535286368773e-16,372746685319.5912,372746685319.5912,rank1
AR-S2,0,2,core,cubic_bspline,48,32,0.0015119474805475133,4.637295085993175e-05,4.6372897855971364e-05,0.001511947478921827,0.0015126584642904239,3.4012253170257394e-05,0.02249565782397865,7.05655836241552e-18,1.024389591857987e-18,3.2102137078819864e-16,3.1368535286368773e-16,153177570703.60217,153177570703.60217,rank1
AR-S2,0,2,core,discrete_identity,64,32,0.0,4.637295085993175e-05,4.637295085993175e-05,0.0,4.637295085991975e-05,1.0431900348329306e-06,0.02249565782397865,7.05655836241552e-18,1.024389591857987e-18,3.2102137078819864e-16,3.1368535286368773e-16,4698110252.150201,4698110252.150201,rank1
AR-S2,0,2,fit,cubic_bspline,32,24,0.017100328031283866,0.0001819542364836341,0.0001819276308986737,0.017100327748210648,0.017101295753257903,0.00038983454197669435,0.02279690432036093,5.6519220800119275e-18,1.0988501452897414e-18,2.575224112784992e-16,2.479249814179351e-16,1755658697982.3887,1755658697982.3887,rank1
AR-S2,0,2,fit,cubic_bspline,40,24,0.0036792162792708767,0.0001819542364836341,0.00018195300495564822,0.003679216218366339,0.003683712709436508,8.387474149585604e-05,0.02279690432036093,5.6519220800119275e-18,1.0988501452897414e-18,2.575224112784992e-16,2.479249814179351e-16,377738254546.53394,377738254546.53394,rank1
AR-S2,0,2,fit,cubic_bspline,48,24,0.0015119474805475118,0.0001819542364836341,0.0001819540285111563,0.0015119474555192296,0.0015228566749452847,3.4467722059837235e-05,0.02279690432036093,5.6519220800119275e-18,1.0988501452897414e-18,2.575224112784992e-16,2.479249814179351e-16,155228820224.9928,155228820224.9928,rank1
AR-S2,0,2,fit,discrete_identity,64,24,0.0,0.0001819542364836341,0.0001819542364836341,0.0,0.0001819542364836337,4.1479933198017226e-06,0.02279690432036093,5.6519220800119275e-18,1.0988501452897414e-18,2.575224112784992e-16,2.479249814179351e-16,18680901169.394344,18680901169.394344,rank1
AR-S2,0,2,fit,cubic_bspline,32,28,0.017100328031283866,8.643766027833773e-05,8.642502125129861e-05,0.01710032796740158,0.01710054642582542,0.0003898345419760009,0.02279690432036093,5.6519220800119275e-18,1.0988501452897414e-18,2.575224112784992e-16,2.479249814179351e-16,1755658697979.2656,1755658697979.2656,rank1
AR-S2,0,2,fit,cubic_bspline,40,28,0.0036792162792708767,8.643766027833773e-05,8.643707523893585e-05,0.0036792162655263022,0.0036802314869621403,8.387474149262508e-05,0.02279690432036093,5.6519220800119275e-18,1.0988501452897414e-18,2.575224112784992e-16,2.479249814179351e-16,377738254531.983,377738254531.983,rank1
AR-S2,0,2,fit,cubic_bspline,48,28,0.0015119474805475118,8.643766027833773e-05,8.643756148067536e-05,0.0015119474748992775,0.0015144162690517815,3.446772205187477e-05,0.02279690432036093,5.6519220800119275e-18,1.0988501452897414e-18,2.575224112784992e-16,2.479249814179351e-16,155228820189.13306,155228820189.13306,rank1
AR-S2,0,2,fit,discrete_identity,64,28,0.0,8.643766027833773e-05,8.643766027833773e-05,0.0,8.64376602783248e-05,1.970511071040832e-06,0.02279690432036093,5.6519220800119275e-18,1.0988501452897414e-18,2.575224112784992e-16,2.479249814179351e-16,8874392925.268929,8874392925.268929,rank1
AR-S2,0,2,fit,cubic_bspline,32,32,0.017100328031283866,4.6328112575915753e-05,4.6321338419089e-05,0.017100328012932695,0.017100390768748704,0.0003898345419759672,0.02279690432036093,5.6519220800119275e-18,1.0988501452897414e-18,2.575224112784992e-16,2.479249814179351e-16,1755658697979.1138,1755658697979.1138,rank1
AR-S2,0,2,fit,cubic_bspline,40,32,0.0036792162792708767,4.6328112575915753e-05,4.6327799011554645e-05,0.003679216275322537,0.0036795079419146503,8.387474149246642e-05,0.02279690432036093,5.6519220800119275e-18,1.0988501452897414e-18,2.575224112784992e-16,2.479249814179351e-16,377738254531.26843,377738254531.26843,rank1
AR-S2,0,2,fit,cubic_bspline,48,32,0.0015119474805475118,4.6328112575915753e-05,4.63280596232091e-05,0.0015119474789249696,0.0015126570903685984,3.4467722051486954e-05,0.02279690432036093,5.6519220800119275e-18,1.0988501452897414e-18,2.575224112784992e-16,2.479249814179351e-16,155228820187.38647,155228820187.38647,rank1
AR-S2,0,2,fit,discrete_identity,64,32,0.0,4.6328112575915753e-05,4.6328112575915753e-05,0.0,4.632811257591168e-05,1.0561375497359682e-06,0.02279690432036093,5.6519220800119275e-18,1.0988501452897414e-18,2.575224112784992e-16,2.479249814179351e-16,4756420675.442895,4756420675.442895,rank1
AR-S2,1,0,core,cubic_bspline,32,24,0.012317454882003014,0.0001833937486772094,0.00018337983592769537,0.012317454674864321,0.012318819867763509,0.00031008057789616507,0.02517407864412529,5.034134848199423e-18,1.2093226681535726e-18,2.142956158065731e-16,1.9997295310643695e-16,1396478775067.997,1396478775067.997,rank1
AR-S2,1,0,core,cubic_bspline,40,24,0.0038435900267352113,0.0001833937486772094,0.0001833923940173789,0.0038435899620987883,0.0038479627160098303,9.675883761252052e-05,0.02517407864412529,5.034134848199423e-18,1.2093226681535726e-18,2.142956158065731e-16,1.9997295310643695e-16,435763065016.54974,435763065016.54974,rank1
AR-S2,1,0,core,cubic_bspline,48,24,0.001082530516176886,0.0001833937486772094,0.00018339364122014874,0.0010825304979723172,0.0010979551657942027,2.7251708362443972e-05,0.02517407864412529,5.034134848199423e-18,1.2093226681535726e-18,2.142956158065731e-16,1.9997295310643695e-16,122730783626.3121,122730783626.3121,rank1
AR-S2,1,0,core,discrete_identity,64,24,0.0,0.0001833937486772094,0.0001833937486772094,0.0,0.00018339374867721168,4.616768652041073e-06,0.02517407864412529,5.034134848199423e-18,1.2093226681535726e-18,2.142956158065731e-16,1.9997295310643695e-16,20792077580.987965,20792077580.987965,rank1
AR-S2,1,0,core,cubic_bspline,32,28,0.012317454882003014,7.382851645050161e-05,7.382291561806143e-05,0.012317454848434042,0.012317676103594,0.0003100805778950396,0.02517407864412529,5.034134848199423e-18,1.2093226681535726e-18,2.142956158065731e-16,1.9997295310643695e-16,1396478775062.9285,1396478775062.9285,rank1
AR-S2,1,0,core,cubic_bspline,40,28,0.0038435900267352113,7.382851645050161e-05,7.382797110735124e-05,0.0038435900162602102,0.0038442990080034445,9.675883760890534e-05,0.02517407864412529,5.034134848199423e-18,1.2093226681535726e-18,2.142956158065731e-16,1.9997295310643695e-16,435763065000.26843,435763065000.26843,rank1
AR-S2,1,0,core,cubic_bspline,48,28,0.001082530516176886,7.382851645050161e-05,7.382847319169034e-05,0.001082530513226647,0.00108504514279729,2.72517083492493e-05,0.02517407864412529,5.034134848199423e-18,1.2093226681535726e-18,2.142956158065731e-16,1.9997295310643695e-16,122730783566.88858,122730783566.88858,rank1
AR-S2,1,0,core,discrete_identity,64,28,0.0,7.382851645050161e-05,7.382851645050161e-05,0.0,7.382851645050019e-05,1.858564879303989e-06,0.02517407864412529,5.034134848199423e-18,1.2093226681535726e-18,2.142956158065731e-16,1.9997295310643695e-16,8370232097.877336,8370232097.877336,rank1
AR-S2,1,0,core,cubic_bspline,32,32,0.012317454882003014,3.577675765061045e-05,3.577404352828615e-05,0.01231745487574469,0.012317506831837785,0.00031008057789501045,0.02517407864412529,5.034134848199423e-18,1.2093226681535726e-18,2.142956158065731e-16,1.9997295310643695e-16,1396478775062.797,1396478775062.797,rank1
AR-S2,1,0,core,cubic_bspline,40,32,0.0038435900267352113,3.577675765061045e-05,3.577649338131736e-05,0.0038435900247823377,0.0038437565285924366,9.675883760881192e-05,0.02517407864412529,5.034134848199423e-18,1.2093226681535726e-18,2.142956158065731e-16,1.9997295310643695e-16,435763064999.8477,435763064999.8477,rank1
AR-S2,1,0,core,cubic_bspline,48,32,0.001082530516176886,3.577675765061045e-05,3.577673668770432e-05,0.0010825305156268675,0.0010831215505852456,2.725170834891746e-05,0.02517407864412529,5.034134848199423e-18,1.2093226681535726e-18,2.142956158065731e-16,1.9997295310643695e-16,122730783565.3941,122730783565.3941,rank1
AR-S2,1,0,core,discrete_identity,64,32,0.0,3.577675765061045e-05,3.577675765061045e-05,0.0,3.577675765061262e-05,9.006469107283336e-07,0.02517407864412529,5.034134848199423e-18,1.2093226681535726e-18,2.142956158065731e-16,1.9997295310643695e-16,4056153091.5485115,4056153091.5485115,rank1
AR-S2,1,0,fit,cubic_bspline,32,24,0.01231745488200301,0.00010915112253470635,0.00010914284203311886,0.012317454808628132,0.012317938420456066,0.0003650460215973275,0.02963648132622942,4.943316657357684e-18,1.3057858153756198e-18,1.8296819877539838e-16,1.6679836593768165e-16,1644021126838.8062,1644021126838.8062,rank1
AR-S2,1,0,fit,cubic_bspline,40,24,0.0038435900267352113,0.00010915112253470635,0.00010915031627689809,0.0038435900038390077,0.003845139540401863,0.00011391048405356792,0.02963648132622942,4.943316657357684e-18,1.3057858153756198e-18,1.8296819877539838e-16,1.6679836593768165e-16,513007213537.24133,513007213537.24133,rank1
AR-S2,1,0,fit,cubic_bspline,48,24,0.0010825305161768868,0.00010915112253470635,0.00010915105857908856,0.0010825305097282702,0.001088019426316979,3.208239542971271e-05,0.02963648132622942,4.943316657357684e-18,1.3057858153756198e-18,1.8296819877539838e-16,1.6679836593768165e-16,144486264102.40707,144486264102.40707,rank1
AR-S2,1,0,fit,discrete_identity,64,24,0.0,0.00010915112253470635,0.00010915112253470635,0.0,0.0001091511225347036,3.2348552047367246e-06,0.02963648132622942,4.943316657357684e-18,1.3057858153756198e-18,1.8296819877539838e-16,1.6679836593768165e-16,14568492694.649822,14568492694.649822,rank1
AR-S2,1,0,fit,cubic_bspline,32,28,0.01231745488200301,4.394628279578916e-05,4.39429489110257e-05,0.012317454870108798,0.012317533265753312,0.00036504602159716096,0.02963648132622942,4.943316657357684e-18,1.3057858153756198e-18,1.8296819877539838e-16,1.6679836593768165e-16,1644021126838.0562,1644021126838.0562,rank1
AR-S2,1,0,fit,cubic_bspline,40,28,0.0038435900267352113,4.394628279578916e-05,4.3945958181325415e-05,0.0038435900230236924,0.003843841248134332,0.0001139104840530343,0.02963648132622942,4.943316657357684e-18,1.3057858153756198e-18,1.8296819877539838e-16,1.6679836593768165e-16,513007213534.8381,513007213534.8381,rank1
AR-S2,1,0,fit,cubic_bspline,48,28,0.0010825305161768868,4.394628279578916e-05,4.394625704606342e-05,0.0010825305151315535,0.0010834221670071847,3.208239542780078e-05,0.02963648132622942,4.943316657357684e-18,1.3057858153756198e-18,1.8296819877539838e-16,1.6679836593768165e-16,144486264093.7965,144486264093.7965,rank1
AR-S2,1,0,fit,discrete_identity,64,28,0.0,4.394628279578916e-05,4.394628279578916e-05,0.0,4.394628279578588e-05,1.3024131894345056e-06,0.02963648132622942,4.943316657357684e-18,1.3057858153756198e-18,1.8296819877539838e-16,1.6679836593768165e-16,5865547554.619658,5865547554.619658,rank1
AR-S2,1,0,fit,cubic_bspline,32,32,0.01231745488200301,2.129921858347402e-05,2.1297602766721826e-05,0.012317454879209083,0.012317473294392155,0.0003650460215971568,0.02963648132622942,4.943316657357684e-18,1.3057858153756198e-18,1.8296819877539838e-16,1.6679836593768165e-16,1644021126838.0374,1644021126838.0374,rank1
AR-S2,1,0,fit,cubic_bspline,40,32,0.0038435900267352113,2.129921858347402e-05,2.1299061254254477e-05,0.003843590025863383,0.003843649040121723,0.00011391048405302033,0.02963648132622942,4.943316657357684e-18,1.3057858153756198e-18,1.8296819877539838e-16,1.6679836593768165e-16,513007213534.7752,513007213534.7752,rank1
AR-S2,1,0,fit,cubic_bspline,48,32,0.0010825305161768868,2.129921858347402e-05,2.1299206103491496e-05,0.00108253051593134,0.0010827400309561047,3.20823954277525e-05,0.02963648132622942,4.943316657357684e-18,1.3057858153756198e-18,1.8296819877539838e-16,1.6679836593768165e-16,144486264093.57907,144486264093.57907,rank1
AR-S2,1,0,fit,discrete_identity,64,32,0.0,2.129921858347402e-05,2.129921858347402e-05,0.0,2.129921858347262e-05,6.312338938123651e-07,0.02963648132622942,4.943316657357684e-18,1.3057858153756198e-18,1.8296819877539838e-16,1.6679836593768165e-16,2842824728.9569945,2842824728.9569945,rank1
AR-S2,1,1,core,cubic_bspline,32,24,0.014346672953089537,8.147263632518643e-15,8.151778837421635e-15,0.014346672953089543,0.014346672953089574,0.000417142500290029,0.029075905030664068,7.135559685139801e-18,9.711501835801124e-19,2.5281651849852443e-16,2.454114387020623e-16,1878642808866.5715,1878642808866.5715,rank1
AR-S2,1,1,core,cubic_bspline,40,24,0.0038478646957595996,8.147263632518643e-15,8.155992240579231e-15,0.003847864695759601,0.0038478646957595796,0.00011188014846475056,0.029075905030664068,7.135559685139801e-18,9.711501835801124e-19,2.5281651849852443e-16,2.454114387020623e-16,503863394936.0064,503863394936.0064,rank1
AR-S2,1,1,core,cubic_bspline,48,24,0.0012551015671771776,8.147263632518643e-15,8.156547918266518e-15,0.001255101567177178,0.0012551015671771585,3.649321397108067e-05,0.029075905030664068,7.135559685139801e-18,9.711501835801124e-19,2.5281651849852443e-16,2.454114387020623e-16,164350824841.7107,164350824841.7107,rank1
AR-S2,1,1,core,discrete_identity,64,24,0.0,8.147263632518643e-15,8.147263632518643e-15,0.0,8.165294027267626e-15,2.3703111302978195e-16,0.029075905030664068,7.135559685139801e-18,9.711501835801124e-19,2.5281651849852443e-16,2.454114387020623e-16,1.06749323231614,1.06749323231614,rank1
AR-S2,1,1,core,cubic_bspline,32,28,0.014346672953089537,2.2617521860572802e-14,2.261701904150047e-14,0.014346672953089543,0.014346672953089572,0.00041714250029002903,0.029075905030664068,7.135559685139801e-18,9.711501835801124e-19,2.5281651849852443e-16,2.454114387020623e-16,1878642808866.5718,1878642808866.5718,rank1
AR-S2,1,1,core,cubic_bspline,40,28,0.0038478646957595996,2.2617521860572802e-14,2.2619027568294908e-14,0.0038478646957596004,0.003847864695759615,0.00011188014846475161,0.029075905030664068,7.135559685139801e-18,9.711501835801124e-19,2.5281651849852443e-16,2.454114387020623e-16,503863394936.0111,503863394936.0111,rank1
AR-S2,1,1,core,cubic_bspline,48,28,0.0012551015671771776,2.2617521860572802e-14,2.261643036485785e-14,0.0012551015671771778,0.001255101567177184,3.649321397108143e-05,0.029075905030664068,7.135559685139801e-18,9.711501835801124e-19,2.5281651849852443e-16,2.454114387020623e-16,164350824841.7141,164350824841.7141,rank1
AR-S2,1,1,core,discrete_identity,64,28,0.0,2.2617521860572802e-14,2.2617521860572802e-14,0.0,2.2615421398625656e-14,6.574135747522078e-16,0.029075905030664068,7.135559685139801e-18,9.711501835801124e-19,2.5281651849852443e-16,2.454114387020623e-16,2.9607275302823486,2.9607275302823486,rank1
AR-S2,1,1,core,cubic_bspline,32,32,0.014346672953089537,7.77341644298296e-15,7.774461464034335e-15,0.014346672953089551,0.01434667295308954,0.00041714250029002806,0.029075905030664068,7.135559685139801e-18,9.711501835801124e-19,2.5281651849852443e-16,2.454114387020623e-16,1878642808866.5674,1878642808866.5674,rank1
AR-S2,1,1,core,cubic_bspline,40,32,0.0038478646957595996,7.77341644298296e-15,7.77395136034499e-15,0.0038478646957596026,0.00384786469575961,0.0001118801484647515,0.029075905030664068,7.135559685139801e-18,9.711501835801124e-19,2.5281651849852443e-16,2.454114387020623e-16,503863394936.0106,503863394936.0106,rank1
AR-S2,1,1,core,cubic_bspline,48,32,0.0012551015671771776,7.77341644298296e-15,7.781111887705022e-15,0.0012551015671771787,0.0012551015671771637,3.649321397108083e-05,0.029075905030664068,7.135559685139801e-18,9.711501835801124e-19,2.5281651849852443e-16,2.454114387020623e-16,164350824841.7114,164350824841.7114,rank1
AR-S2,1,1,core,discrete_identity,64,32,0.0,7.77341644298296e-15,7.77341644298296e-15,0.0,7.830041817815485e-15,2.272346000617125e-16,0.029075905030664068,7.135559685139801e-18,9.711501835801124e-19,2.5281651849852443e-16,2.454114387020623e-16,1.023373660163612,1.023373660163612,rank1
AR-S2,1,1,fit,cubic_bspline,32,24,0.014346672953089544,1.1213674065591503e-14,1.121393467726143e-14,0.014346672953089544,0.014346672953089558,0.002105847178418627,0.14678296391813495,2.6664449966397488e-17,5.073768576336953e-18,1.9226360864225504e-16,1.8165902400818814e-16,9483892568025.34,9483892568025.34,rank1
AR-S2,1,1,fit,cubic_bspline,40,24,0.0038478646957596,1.1213674065591503e-14,1.1214909366255437e-14,0.0038478646957596,0.0038478646957596356,0.000564800984799552,0.14678296391813495,2.6664449966397488e-17,5.073768576336953e-18,1.9226360864225504e-16,1.8165902400818814e-16,2543637504681.7515,2543637504681.7515,rank1
AR-S2,1,1,fit,cubic_bspline,48,24,0.0012551015671771893,1.1213674065591503e-14,1.121663932981828e-14,0.0012551015671771895,0.0012551015671772032,0.00018422752804856608,0.14678296391813495,2.6664449966397488e-17,5.073768576336953e-18,1.9226360864225504e-16,1.8165902400818814e-16,829687026670.9098,829687026670.9098,rank1
AR-S2,1,1,fit,discrete_identity,64,24,0.0,1.1213674065591503e-14,1.1213674065591503e-14,0.0,1.1219879251782862e-14,1.6458759959816932e-15,0.14678296391813495,2.6664449966397488e-17,5.073768576336953e-18,1.9226360864225504e-16,1.8165902400818814e-16,7.412366522201197,7.412366522201197,rank1
AR-S2,1,1,fit,cubic_bspline,32,28,0.014346672953089544,1.2314488516953159e-14,1.2314777159819445e-14,0.01434667295308955,0.01434667295308955,0.002105847178418626,0.14678296391813495,2.6664449966397488e-17,5.073768576336953e-18,1.9226360864225504e-16,1.8165902400818814e-16,9483892568025.334,9483892568025.334,rank1
AR-S2,1,1,fit,cubic_bspline,40,28,0.0038478646957596,1.2314488516953159e-14,1.2317128633164991e-14,0.0038478646957596013,0.003847864695759619,0.0005648009847995496,0.14678296391813495,2.6664449966397488e-17,5.073768576336953e-18,1.9226360864225504e-16,1.8165902400818814e-16,2543637504681.7407,2543637504681.7407,rank1
AR-S2,1,1,fit,cubic_bspline,48,28,0.0012551015671771893,1.2314488516953159e-14,1.231672195436548e-14,0.00125510156717719,0.0012551015671771835,0.00018422752804856312,0.14678296391813495,2.6664449966397488e-17,5.073768576336953e-18,1.9226360864225504e-16,1.8165902400818814e-16,829687026670.8965,829687026670.8965,rank1
AR-S2,1,1,fit,discrete_identity,64,28,0.0,1.2314488516953159e-14,1.2314488516953159e-14,0.0,1.2314736633885496e-14,1.806696325977813e-15,0.14678296391813495,2.6664449966397488e-17,5.073768576336953e-18,1.9226360864225504e-16,1.8165902400818814e-16,8.136636900445323,8.136636900445323,rank1
AR-S2,1,1,fit,cubic_bspline,32,32,0.014346672953089544,4.24725219718015e-15,4.250852645901527e-15,0.014346672953089555,0.014346672953089567,0.002105847178418629,0.14678296391813495,2.6664449966397488e-17,5.073768576336953e-18,1.9226360864225504e-16,1.8165902400818814e-16,9483892568025.348,9483892568025.348,rank1
AR-S2,1,1,fit,cubic_bspline,40,32,0.0038478646957596,4.24725219718015e-15,4.2531462767783946e-15,0.003847864695759603,0.003847864695759624,0.0005648009847995502,0.14678296391813495,2.6664449966397488e-17,5.073768576336953e-18,1.9226360864225504e-16,1.8165902400818814e-16,2543637504681.7437,2543637504681.7437,rank1
AR-S2,1,1,fit,cubic_bspline,48,32,0.0012551015671771893,4.24725219718015e-15,4.252426990048321e-15,0.0012551015671771904,0.0012551015671771906,0.0001842275280485642,0.14678296391813495,2.6664449966397488e-17,5.073768576336953e-18,1.9226360864225504e-16,1.8165902400818814e-16,829687026670.9014,829687026670.9014,rank1
AR-S2,1,1,fit,discrete_identity,64,32,0.0,4.24725219718015e-15,4.24725219718015e-15,0.0,4.2643817005928635e-15,6.231630249759292e-16,0.14678296391813495,2.6664449966397488e-17,5.073768576336953e-18,1.9226360864225504e-16,1.8165902400818814e-16,2.806476767072666,2.806476767072666,rank1
AR-S2,1,2,core,cubic_bspline,32,24,0.017100328031283866,0.0001161036806062945,0.00011608670377522022,0.01710032791602711,0.017100722057863685,0.00038279023931891125,0.02238496469883528,8.188178335975771e-18,9.19664269111503e-19,3.71919217268414e-16,3.65789200302014e-16,1723933979157.7117,1723933979157.7117,rank1
AR-S2,1,2,core,cubic_bspline,40,24,0.003679216279270878,0.0001161036806062945,0.00011610289477721563,0.0036792162544728433,0.00368104771930866,8.235912653141202e-05,0.02238496469883528,8.188178335975771e-18,9.19664269111503e-19,3.71919217268414e-16,3.65789200302014e-16,370912531557.4267,370912531557.4267,rank1
AR-S2,1,2,core,cubic_bspline,48,24,0.0015119474805475109,0.0001161036806062945,0.00011610354790057437,0.001511947470356937,0.0015163987660800381,3.3844890979902084e-05,0.02238496469883528,8.188178335975771e-18,9.19664269111503e-19,3.71919217268414e-16,3.65789200302014e-16,152423838405.4821,152423838405.4821,rank1
AR-S2,1,2,core,discrete_identity,64,24,0.0,0.0001161036806062945,0.0001161036806062945,0.0,0.00011610368060630554,2.5989767917769954e-06,0.02238496469883528,8.188178335975771e-18,9.19664269111503e-19,3.71919217268414e-16,3.65789200302014e-16,11704750910.991444,11704750910.991444,rank1
AR-S2,1,2,core,cubic_bspline,32,28,0.017100328031283866,5.553664780974712e-05,5.55285271689287e-05,0.01710032800491242,0.017100418187718174,0.00038279023931879914,0.02238496469883528,8.188178335975771e-18,9.19664269111503e-19,3.71919217268414e-16,3.65789200302014e-16,1723933979157.2068,1723933979157.2068,rank1
AR-S2,1,2,core,cubic_bspline,40,28,0.003679216279270878,5.553664780974712e-05,5.553627191888773e-05,0.0036792162735969362,0.0036796354041060196,8.235912653088758e-05,0.02238496469883528,8.188178335975771e-18,9.19664269111503e-19,3.71919217268414e-16,3.65789200302014e-16,370912531555.0648,370912531555.0648,rank1
AR-S2,1,2,core,cubic_bspline,48,28,0.0015119474805475109,5.553664780974712e-05,5.553658433173995e-05,0.0015119474782158456,0.0015129671166727945,3.3844890978619405e-05,0.02238496469883528,8.188178335975771e-18,9.19664269111503e-19,3.71919217268414e-16,3.65789200302014e-16,152423838399.7054,152423838399.7054,rank1
AR-S2,1,2,core,discrete_identity,64,28,0.0,5.553664780974712e-05,5.553664780974712e-05,0.0,5.553664780974195e-05,1.2431859007127218e-06,0.02238496469883528,8.188178335975771e-18,9.19664269111503e-19,3.71919217268414e-16,3.65789200302014e-16,5598811559.202068,5598811559.202068,rank1
AR-S2,1,2,core,cubic_bspline,32,32,0.017100328031283866,2.9934045026521786e-05,2.9929668031547283e-05,0.017100328023528923,0.017100354223306035,0.00038279023931879285,0.02238496469883528,8.188178335975771e-18,9.19664269111503e-19,3.71919217268414e-16,3.65789200302014e-16,1723933979157.1785,1723933979157.1785,rank1
AR-S2,1,2,core,cubic_bspline,40,32,0.003679216279270878,2.9934045026521786e-05,2.9933842422751938e-05,0.0036792162776023655,0.003679338047064165,8.23591265308609e-05,0.02238496469883528,8.188178335975771e-18,9.19664269111503e-19,3.71919217268414e-16,3.65789200302014e-16,370912531554.9447,370912531554.9447,rank1
AR-S2,1,2,core,cubic_bspline,48,32,0.0015119474805475109,2.9934045026521786e-05,2.993401081209877e-05,0.0015119474798618476,0.001512243772986779,3.384489097855518e-05,0.02238496469883528,8.188178335975771e-18,9.19664269111503e-19,3.71919217268414e-16,3.65789200302014e-16,152423838399.41617,152423838399.41617,rank1
AR-S2,1,2,core,discrete_identity,64,32,0.0,2.9934045026521786e-05,2.9934045026521786e-05,0.0,2.993404502652429e-05,6.700725412120921e-07,0.02238496469883528,8.188178335975771e-18,9.19664269111503e-19,3.71919217268414e-16,3.65789200302014e-16,3017738446.9139795,3017738446.9139795,rank1
AR-S2,1,2,fit,cubic_bspline,32,24,0.017100328031283873,0.00011585691967448514,0.0001158399789251083,0.017100327916516514,0.017100720384774157,0.000408784430768024,0.023905063693518344,3.697393153463079e-18,8.933346923055987e-19,1.6774703999847166e-16,1.546698724950729e-16,1841001410081.7332,1841001410081.7332,rank1
AR-S2,1,2,fit,cubic_bspline,40,24,0.0036792162792708754,0.00011585691967448514,0.00011585613551556312,0.0036792162545781363,0.003681039944606443,8.795189949878503e-05,0.023905063693518344,3.697393153463079e-18,8.933346923055987e-19,1.6774703999847166e-16,1.546698724950729e-16,396100141809.25555,396100141809.25555,rank1
AR-S2,1,2,fit,cubic_bspline,48,24,0.0015119474805475144,0.00011585691967448514,0.0001158567872508044,0.0015119474704002108,0.0015163798927333553,3.61432008251754e-05,0.023905063693518344,3.697393153463079e-18,8.933346923055987e-19,1.6774703999847166e-16,1.546698724950729e-16,162774505768.23694,162774505768.23694,rank1
AR-S2,1,2,fit,discrete_identity,64,24,0.0,0.00011585691967448514,0.00011585691967448514,0.0,0.00011585691967447747,2.769567044153222e-06,0.023905063693518344,3.697393153463079e-18,8.933346923055987e-19,1.6774703999847166e-16,1.546698724950729e-16,12473021108.026056,12473021108.026056,rank1
AR-S2,1,2,fit,cubic_bspline,32,28,0.017100328031283873,5.5563238885655286e-05,5.555511435664618e-05,0.01710032800488718,0.017100418274072833,0.00040878443076790456,0.023905063693518344,3.697393153463079e-18,8.933346923055987e-19,1.6774703999847166e-16,1.546698724950729e-16,1841001410081.1953,1841001410081.1953,rank1
AR-S2,1,2,fit,cubic_bspline,40,28,0.0036792162792708754,5.5563238885655286e-05,5.5562862814818914e-05,0.0036792162735915022,0.0036796358055350975,8.795189949823059e-05,0.023905063693518344,3.697393153463079e-18,8.933346923055987e-19,1.6774703999847166e-16,1.546698724950729e-16,396100141806.7586,396100141806.7586,rank1
AR-S2,1,2,fit,cubic_bspline,48,28,0.0015119474805475144,5.5563238885655286e-05,5.5563175377259335e-05,0.0015119474782136167,0.001512968092985426,3.614320082381816e-05,0.023905063693518344,3.697393153463079e-18,8.933346923055987e-19,1.6774703999847166e-16,1.546698724950729e-16,162774505762.12448,162774505762.12448,rank1
AR-S2,1,2,fit,discrete_identity,64,28,0.0,5.5563238885655286e-05,5.5563238885655286e-05,0.0,5.556323888566798e-05,1.3282427645800682e-06,0.023905063693518344,3.697393153463079e-18,8.933346923055987e-19,1.6774703999847166e-16,1.546698724950729e-16,5981873619.620353,5981873619.620353,rank1
AR-S2,1,2,fit,cubic_bspline,32,32,0.017100328031283873,2.9964615134998063e-05,2.9960233670022104e-05,0.01710032802360687,0.017100354276830477,0.0004087844307678985,0.023905063693518344,3.697393153463079e-18,8.933346923055987e-19,1.6774703999847166e-16,1.546698724950729e-16,1841001410081.168,1841001410081.168,rank1
AR-S2,1,2,fit,cubic_bspline,40,32,0.0036792162792708754,2.9964615134998063e-05,2.996441232432917e-05,0.003679216277619133,0.0036793382958974514,8.795189949820179e-05,0.023905063693518344,3.697393153463079e-18,8.933346923055987e-19,1.6774703999847166e-16,1.546698724950729e-16,396100141806.6289,396100141806.6289,rank1
AR-S2,1,2,fit,cubic_bspline,48,32,0.0015119474805475144,2.9964615134998063e-05,2.9964580885640732e-05,0.0015119474798687426,0.0015122443784129716,3.614320082374935e-05,0.023905063693518344,3.697393153463079e-18,8.933346923055987e-19,1.6774703999847166e-16,1.546698724950729e-16,162774505761.81458,162774505761.81458,rank1
AR-S2,1,2,fit,discrete_identity,64,32,0.0,2.9964615134998063e-05,2.9964615134998063e-05,0.0,2.9964615134994848e-05,7.163060333538156e-07,0.023905063693518344,3.697393153463079e-18,8.933346923055987e-19,1.6774703999847166e-16,1.546698724950729e-16,3225955584.895482,3225955584.895482,rank1
AR-S2,2,0,core,cubic_bspline,32,24,0.01231745488200301,0.0001467314542564065,0.00014672032280844594,0.012317454749404806,0.012318328686283096,0.00031297105166015743,0.02540874349919154,5.707342922291241e-18,1.0963212826846423e-18,2.3636528023299213e-16,2.2462121837991864e-16,1409496311634.4373,1409496311634.4373,rank1
AR-S2,2,0,core,cubic_bspline,40,24,0.0038435900267352113,0.0001467314542564065,0.00014673037040699655,0.0038435899853587144,0.0038463897482208095,9.766079310690011e-05,0.02540874349919154,5.707342922291241e-18,1.0963212826846423e-18,2.3636528023299213e-16,2.2462121837991864e-16,439825111444.94244,439825111444.94244,rank1
AR-S2,2,0,core,cubic_bspline,48,24,0.0010825305161768876,0.0001467314542564065,0.00014673136828111295,0.001082530504523376,0.0010924295917320572,2.750574022112813e-05,0.02540874349919154,5.707342922291241e-18,1.0963212826846423e-18,2.3636528023299213e-16,2.2462121837991864e-16,123874841410.42232,123874841410.42232,rank1
AR-S2,2,0,core,discrete_identity,64,24,0.0,0.0001467314542564065,0.0001467314542564065,0.0,0.00014673145425641464,3.7282618844645986e-06,0.02540874349919154,5.707342922291241e-18,1.0963212826846423e-18,2.3636528023299213e-16,2.2462121837991864e-16,16790598833.61439,16790598833.61439,rank1
AR-S2,2,0,core,cubic_bspline,32,28,0.01231745488200301,6.076079896538512e-05,6.07561894855991e-05,0.012317454859265678,0.012317604721890566,0.0003129710516596934,0.02540874349919154,5.707342922291241e-18,1.0963212826846423e-18,2.3636528023299213e-16,2.2462121837991864e-16,1409496311632.3474,1409496311632.3474,rank1
AR-S2,2,0,core,cubic_bspline,40,28,0.0038435900267352113,6.076079896538512e-05,6.076035014848518e-05,0.0038435900196401585,0.0038440702534902373,9.766079310541063e-05,0.02540874349919154,5.707342922291241e-18,1.0963212826846423e-18,2.3636528023299213e-16,2.2462121837991864e-16,439825111438.23444,439825111438.23444,rank1
AR-S2,2,0,core,cubic_bspline,48,28,0.0010825305161768876,6.076079896538512e-05,6.0760763363417936e-05,0.0010825305141785966,0.001084234379098315,2.7505740215746474e-05,0.02540874349919154,5.707342922291241e-18,1.0963212826846423e-18,2.3636528023299213e-16,2.2462121837991864e-16,123874841386.18549,123874841386.18549,rank1
AR-S2,2,0,core,discrete_identity,64,28,0.0,6.076079896538512e-05,6.076079896538512e-05,0.0,6.076079896537972e-05,1.5438555557172757e-06,0.02540874349919154,5.707342922291241e-18,1.0963212826846423e-18,2.3636528023299213e-16,2.2462121837991864e-16,6952907305.442193,6952907305.442193,rank1
AR-S2,2,0,core,cubic_bspline,32,32,0.01231745488200301,2.974728602089469e-05,2.97450293107195e-05,0.012317454876553181,0.012317490797112406,0.00031297105165968027,0.02540874349919154,5.707342922291241e-18,1.0963212826846423e-18,2.3636528023299213e-16,2.2462121837991864e-16,1409496311632.2883,1409496311632.2883,rank1
AR-S2,2,0,core,cubic_bspline,40,32,0.0038435900267352113,2.974728602089469e-05,2.9747066289012845e-05,0.0038435900250346224,0.003843705137178358,9.766079310536876e-05,0.02540874349919154,5.707342922291241e-18,1.0963212826846423e-18,2.3636528023299213e-16,2.2462121837991864e-16,439825111438.04584,439825111438.04584,rank1
AR-S2,2,0,core,cubic_bspline,48,32,0.0010825305161768876,2.974728602089469e-05,2.9747268590884473e-05,0.0010825305156979244,0.0010829391573134789,2.7505740215595295e-05,0.02540874349919154,5.707342922291241e-18,1.0963212826846423e-18,2.3636528023299213e-16,2.2462121837991864e-16,123874841385.50464,123874841385.50464,rank1
AR-S2,2,0,core,discrete_identity,64,32,0.0,2.974728602089469e-05,2.974728602089469e-05,0.0,2.974728602089473e-05,7.558411603020005e-07,0.02540874349919154,5.707342922291241e-18,1.0963212826846423e-18,2.3636528023299213e-16,2.2462121837991864e-16,3404005967.887373,3404005967.887373,rank1
AR-S2,2,0,fit,cubic_bspline,32,24,0.012317454882003013,9.149673857213607e-05,9.148979738022214e-05,0.012317454830444271,0.0123177946546127,0.00036249703956316116,0.02942954068317471,5.878415254782763e-18,1.215640563874974e-18,2.1212674190051307e-16,1.9974539589547645e-16,1632541532299.5605,1632541532299.5605,rank1
AR-S2,2,0,fit,cubic_bspline,40,24,0.003843590026735212,9.149673857213607e-05,9.149606272054534e-05,0.003843590010646607,0.0038446788972698476,0.00011311508906151828,0.02942954068317471,5.878415254782763e-18,1.215640563874974e-18,2.1212674190051307e-16,1.9974539589547645e-16,509425072947.4342,509425072947.4342,rank1
AR-S2,2,0,fit,cubic_bspline,48,24,0.0010825305161768866,9.149673857213607e-05,9.149668496087131e-05,0.0010825305116456006,0.0010863903358429852,3.185837586756543e-05,0.02942954068317471,5.878415254782763e-18,1.215640563874974e-18,2.1212674190051307e-16,1.9974539589547645e-16,143477369685.79688,143477369685.79688,rank1
AR-S2,2,0,fit,discrete_identity,64,24,0.0,9.149673857213607e-05,9.149673857213607e-05,0.0,9.149673857213278e-05,2.692706990186383e-06,0.02942954068317471,5.878415254782763e-18,1.215640563874974e-18,2.1212674190051307e-16,1.9974539589547645e-16,12126874197.621325,12126874197.621325,rank1
AR-S2,2,0,fit,cubic_bspline,32,28,0.012317454882003013,3.789958657099715e-05,3.789671140509078e-05,0.012317454873156743,0.012317513179652616,0.00036249703956308,0.02942954068317471,5.878415254782763e-18,1.215640563874974e-18,2.1212674190051307e-16,1.9974539589547645e-16,1632541532299.195,1632541532299.195,rank1
AR-S2,2,0,fit,cubic_bspline,40,28,0.003843590026735212,3.789958657099715e-05,3.789930662118736e-05,0.003843590023974785,0.003843776873214807,0.00011311508906125734,0.02942954068317471,5.878415254782763e-18,1.215640563874974e-18,2.1212674190051307e-16,1.9974539589547645e-16,509425072946.25903,509425072946.25903,rank1
AR-S2,2,0,fit,cubic_bspline,48,28,0.0010825305161768866,3.789958657099715e-05,3.78995643642562e-05,0.0010825305153994245,0.0010831937478739545,3.185837586663423e-05,0.02942954068317471,5.878415254782763e-18,1.215640563874974e-18,2.1212674190051307e-16,1.9974539589547645e-16,143477369681.60312,143477369681.60312,rank1
AR-S2,2,0,fit,discrete_identity,64,28,0.0,3.789958657099715e-05,3.789958657099715e-05,0.0,3.789958657099846e-05,1.115367424866701e-06,0.02942954068317471,5.878415254782763e-18,1.215640563874974e-18,2.1212674190051307e-16,1.9974539589547645e-16,5023168319.010864,5023168319.010864,rank1
AR-S2,2,0,fit,cubic_bspline,32,32,0.012317454882003013,1.8556113046315154e-05,1.8554705329015627e-05,0.012317454879882391,0.012317468857166659,0.0003624970395630776,0.02942954068317471,5.878415254782763e-18,1.215640563874974e-18,2.1212674190051307e-16,1.9974539589547645e-16,1632541532299.1843,1632541532299.1843,rank1
AR-S2,2,0,fit,cubic_bspline,40,32,0.003843590026735212,1.8556113046315154e-05,1.8555975979375118e-05,0.003843590026073484,0.003843634818484091,0.0001131150890612501,0.02942954068317471,5.878415254782763e-18,1.215640563874974e-18,2.1212674190051307e-16,1.9974539589547645e-16,509425072946.22644,509425072946.22644,rank1
AR-S2,2,0,fit,cubic_bspline,48,32,0.0010825305161768866,1.8556113046315154e-05,1.8556102173619412e-05,0.0010825305159905137,0.001082689543397411,3.185837586660768e-05,0.02942954068317471,5.878415254782763e-18,1.215640563874974e-18,2.1212674190051307e-16,1.9974539589547645e-16,143477369681.48355,143477369681.48355,rank1
AR-S2,2,0,fit,discrete_identity,64,32,0.0,1.8556113046315154e-05,1.8556113046315154e-05,0.0,1.8556113046321547e-05,5.460978838183089e-07,0.02942954068317471,5.878415254782763e-18,1.215640563874974e-18,2.1212674190051307e-16,1.9974539589547645e-16,2459406226.0719523,2459406226.0719523,rank1
AR-S2,2,1,core,cubic_bspline,32,24,0.014346672953089555,3.4673744170722852e-06,3.46701755903018e-06,0.014346672325273493,0.014346673372009367,0.0004563684268699184,0.03181005298998721,7.082063194342802e-18,1.16007056575426e-18,2.3135997243836667e-16,2.2263600744619977e-16,2055300677195.024,2055300677195.024,rank1
AR-S2,2,1,core,cubic_bspline,40,24,0.0038478646957595844,3.4673744170722852e-06,3.4673487478960407e-06,0.003847864527375508,0.003847866257990322,0.00012240077987833134,0.03181005298998721,7.082063194342802e-18,1.16007056575426e-18,2.3135997243836667e-16,2.2263600744619977e-16,551244106649.9111,551244106649.9111,rank1
AR-S2,2,1,core,cubic_bspline,48,24,0.0012551015671771926,3.4673744170722852e-06,3.4673716860296995e-06,0.0012551015122534534,0.0012551063566873942,3.992484738399705e-05,0.03181005298998721,7.082063194342802e-18,1.16007056575426e-18,2.3135997243836667e-16,2.2263600744619977e-16,179805527801.39304,179805527801.39304,rank1
AR-S2,2,1,core,discrete_identity,64,24,0.0,3.4673744170722852e-06,3.4673744170722852e-06,0.0,3.467374417073184e-06,1.1029736394322392e-07,0.03181005298998721,7.082063194342802e-18,1.16007056575426e-18,2.3135997243836667e-16,2.2263600744619977e-16,496735167.1546512,496735167.1546512,rank1
AR-S2,2,1,core,cubic_bspline,32,28,0.014346672953089555,2.7513218616108833e-12,2.7510396581343634e-12,0.014346672953086535,0.014346672953089565,0.00045636842686779525,0.03181005298998721,7.082063194342802e-18,1.16007056575426e-18,2.3135997243836667e-16,2.2263600744619977e-16,2055300677185.4622,2055300677185.4622,rank1
AR-S2,2,1,core,cubic_bspline,40,28,0.0038478646957595844,2.7513218616108833e-12,2.7513024806131786e-12,0.0038478646957587747,0.003847864695759632,0.00012240077987041488,0.03181005298998721,7.082063194342802e-18,1.16007056575426e-18,2.3135997243836667e-16,2.2263600744619977e-16,551244106614.2585,551244106614.2585,rank1
AR-S2,2,1,core,cubic_bspline,48,28,0.0012551015671771926,2.7513218616108833e-12,2.751321966349797e-12,0.0012551015671769287,0.0012551015671771978,3.992484735972266e-05,0.03181005298998721,7.082063194342802e-18,1.16007056575426e-18,2.3135997243836667e-16,2.2263600744619977e-16,179805527692.0709,179805527692.0709,rank1
AR-S2,2,1,core,discrete_identity,64,28,0.0,2.7513218616108833e-12,2.7513218616108833e-12,0.0,2.7513312500117466e-12,8.751999175792761e-14,0.03181005298998721,7.082063194342802e-18,1.16007056575426e-18,2.3135997243836667e-16,2.2263600744619977e-16,394.15500226847166,394.15500226847166,rank1
AR-S2,2,1,core,cubic_bspline,32,32,0.014346672953089555,4.004582206452392e-12,4.00416892276546e-12,0.014346672953089399,0.01434667295308958,0.00045636842686779585,0.03181005298998721,7.082063194342802e-18,1.16007056575426e-18,2.3135997243836667e-16,2.2263600744619977e-16,2055300677185.4648,2055300677185.4648,rank1
AR-S2,2,1,core,cubic_bspline,40,32,0.0038478646957595844,4.004582206452392e-12,4.004551611439734e-12,0.0038478646957595427,0.0038478646957595852,0.00012240077987041344,0.03181005298998721,7.082063194342802e-18,1.16007056575426e-18,2.3135997243836667e-16,2.2263600744619977e-16,551244106614.2521,551244106614.2521,rank1
AR-S2,2,1,core,cubic_bspline,48,32,0.0012551015671771926,4.004582206452392e-12,4.004578654387934e-12,0.0012551015671771791,0.0012551015671772043,3.9924847359722854e-05,0.03181005298998721,7.082063194342802e-18,1.16007056575426e-18,2.3135997243836667e-16,2.2263600744619977e-16,179805527692.07178,179805527692.07178,rank1
AR-S2,2,1,core,discrete_identity,64,32,0.0,4.004582206452392e-12,4.004582206452392e-12,0.0,4.0045684151089956e-12,1.2738553281385358e-13,0.03181005298998721,7.082063194342802e-18,1.16007056575426e-18,2.3135997243836667e-16,2.2263600744619977e-16,573.6934381128631,573.6934381128631,rank1
AR-S2,2,1,fit,cubic_bspline,32,24,0.014346672953089537,6.8119647181098525e-15,6.81626322904768e-15,0.014346672953089537,0.01434667295308956,0.0017642622846518552,0.12297361837274763,4.68656265818588e-17,4.858603078551071e-18,3.867710420094743e-16,3.8110309513544215e-16,7945530967741.915,7945530967741.915,rank1
AR-S2,2,1,fit,cubic_bspline,40,24,0.003847864695759592,6.8119647181098525e-15,6.817041487408993e-15,0.003847864695759592,0.0038478646957595783,0.00047318584464630693,0.12297361837274763,4.68656265818588e-17,4.858603078551071e-18,3.867710420094743e-16,3.8110309513544215e-16,2131039593626.1013,2131039593626.1013,rank1
AR-S2,2,1,fit,cubic_bspline,48,24,0.0012551015671771846,6.8119647181098525e-15,6.817676337847757e-15,0.0012551015671771846,0.0012551015671771928,0.0001543443811410855,0.12297361837274763,4.68656265818588e-17,4.858603078551071e-18,3.867710420094743e-16,3.8110309513544215e-16,695105297393.7224,695105297393.7224,rank1
AR-S2,2,1,fit,discrete_identity,64,24,0.0,6.8119647181098525e-15,6.8119647181098525e-15,0.0,6.8432704633334205e-15,8.397654637601822e-16,0.12297361837274763,4.68656265818588e-17,4.858603078551071e-18,3.867710420094743e-16,3.8110309513544215e-16,3.7819674296689683,3.7819674296689683,rank1
AR-S2,2,1,fit,cubic_bspline,32,28,0.014346672953089537,1.0291477614307452e-14,1.029378544053468e-14,0.014346672953089539,0.014346672953089553,0.0017642622846518541,0.12297361837274763,4.68656265818588e-17,4.858603078551071e-18,3.867710420094743e-16,3.8110309513544215e-16,7945530967741.91,7945530967741.91,rank1
AR-S2,2,1,fit,cubic_bspline,40,28,0.003847864695759592,1.0291477614307452e-14,1.0295561831033315e-14,0.003847864695759592,0.003847864695759569,0.0004731858446463057,0.12297361837274763,4.68656265818588e-17,4.858603078551071e-18,3.867710420094743e-16,3.8110309513544215e-16,2131039593626.0957,2131039593626.0957,rank1
AR-S2,2,1,fit,cubic_bspline,48,28,0.0012551015671771846,1.0291477614307452e-14,1.029424013920521e-14,0.0012551015671771848,0.0012551015671771768,0.00015434438114108354,0.12297361837274763,4.68656265818588e-17,4.858603078551071e-18,3.867710420094743e-16,3.8110309513544215e-16,695105297393.7136,695105297393.7136,rank1
AR-S2,2,1,fit,discrete_identity,64,28,0.0,1.0291477614307452e-14,1.0291477614307452e-14,0.0,1.0306731394422677e-14,1.2661162225282142e-15,0.12297361837274763,4.68656265818588e-17,4.858603078551071e-18,3.867710420094743e-16,3.8110309513544215e-16,5.702080547985806,5.702080547985806,rank1
AR-S2,2,1,fit,cubic_bspline,32,32,0.014346672953089537,5.0225011525880874e-15,5.029589060143468e-15,0.014346672953089543,0.014346672953089553,0.0017642622846518546,0.12297361837274763,4.68656265818588e-17,4.858603078551071e-18,3.867710420094743e-16,3.8110309513544215e-16,7945530967741.912,7945530967741.912,rank1
AR-S2,2,1,fit,cubic_bspline,40,32,0.003847864695759592,5.0225011525880874e-15,5.031401653560603e-15,0.003847864695759594,0.00384786469575962,0.00047318584464631225,0.12297361837274763,4.68656265818588e-17,4.858603078551071e-18,3.867710420094743e-16,3.8110309513544215e-16,2131039593626.1252,2131039593626.1252,rank1
AR-S2,2,1,fit,cubic_bspline,48,32,0.0012551015671771846,5.0225011525880874e-15,5.027959397975283e-15,0.0012551015671771852,0.0012551015671771859,0.00015434438114108465,0.12297361837274763,4.68656265818588e-17,4.858603078551071e-18,3.867710420094743e-16,3.8110309513544215e-16,695105297393.7186,695105297393.7186,rank1
AR-S2,2,1,fit,discrete_identity,64,32,0.0,5.0225011525880874e-15,5.0225011525880874e-15,0.0,5.066438398614063e-15,6.202944996779664e-16,0.12297361837274763,4.68656265818588e-17,4.858603078551071e-18,3.867710420094743e-16,3.8110309513544215e-16,2.793558077609658,2.793558077609658,rank1
AR-S2,2,2,core,cubic_bspline,32,24,0.01710032803128387,0.00027813955817157607,0.0002780988882438748,0.017100327369829346,0.01710258921243082,0.0003818066310685533,0.022327444851710294,6.6585573241805535e-18,9.044769045603613e-19,3.050802377066138e-16,2.982229882731299e-16,1719504201407.9211,1719504201407.9211,rank1
AR-S2,2,2,core,cubic_bspline,40,24,0.0036792162792708763,0.00027813955817157607,0.0002781376756287213,0.0036792161369558142,0.0036897144870919147,8.21474985911988e-05,0.022327444851710294,6.6585573241805535e-18,9.044769045603613e-19,3.050802377066138e-16,2.982229882731299e-16,369959444044.7413,369959444044.7413,rank1
AR-S2,2,2,core,cubic_bspline,48,24,0.0015119474805475113,0.00027813955817157607,0.0002781392402599395,0.0015119474220641597,0.0015373179960263045,3.375792403634442e-05,0.022327444851710294,6.6585573241805535e-18,9.044769045603613e-19,3.050802377066138e-16,2.982229882731299e-16,152032174110.88223,152032174110.88223,rank1
AR-S2,2,2,core,discrete_identity,64,24,0.0,0.00027813955817157607,0.00027813955817157607,0.0,0.0002781395581715927,6.210145646155303e-06,0.022327444851710294,6.6585573241805535e-18,9.044769045603613e-19,3.050802377066138e-16,2.982229882731299e-16,27968009617.941532,27968009617.941532,rank1
AR-S2,2,2,core,cubic_bspline,32,28,0.01710032803128387,0.00013128053416396046,0.00013126133815361882,0.017100327883925296,0.017100831801886308,0.00038180663106483965,0.022327444851710294,6.6585573241805535e-18,9.044769045603613e-19,3.050802377066138e-16,2.982229882731299e-16,1719504201391.1963,1719504201391.1963,rank1
AR-S2,2,2,core,cubic_bspline,40,28,0.0036792162792708763,0.00013128053416396046,0.00013127964561279105,0.0036792162475659837,0.0036815576560749173,8.214749857383701e-05,0.022327444851710294,6.6585573241805535e-18,9.044769045603613e-19,3.050802377066138e-16,2.982229882731299e-16,369959443966.5507,369959443966.5507,rank1
AR-S2,2,2,core,cubic_bspline,48,28,0.0015119474805475113,0.00013128053416396046,0.00013128038411119695,0.0015119474675186135,0.0015176362288724893,3.3757923992816405e-05,0.022327444851710294,6.6585573241805535e-18,9.044769045603613e-19,3.050802377066138e-16,2.982229882731299e-16,152032173914.8495,152032173914.8495,rank1
AR-S2,2,2,core,discrete_identity,64,28,0.0,0.00013128053416396046,0.00013128053416396046,0.0,0.0001312805341639728,2.9311588866491725e-06,0.022327444851710294,6.6585573241805535e-18,9.044769045603613e-19,3.050802377066138e-16,2.982229882731299e-16,13200766069.676931,13200766069.676931,rank1
AR-S2,2,2,core,cubic_bspline,32,32,0.01710032803128387,6.997641323178546e-05,6.996618118969946e-05,0.017100327989416294,0.017100471164386757,0.0003818066310646617,0.022327444851710294,6.6585573241805535e-18,9.044769045603613e-19,3.050802377066138e-16,2.982229882731299e-16,1719504201390.3948,1719504201390.3948,rank1
AR-S2,2,2,core,cubic_bspline,40,32,0.0036792162792708763,6.997641323178546e-05,6.997593960767078e-05,0.0036792162702628693,0.003679881664099495,8.214749857300754e-05,0.022327444851710294,6.6585573241805535e-18,9.044769045603613e-19,3.050802377066138e-16,2.982229882731299e-16,369959443962.8151,369959443962.8151,rank1
AR-S2,2,2,core,cubic_bspline,48,32,0.0015119474805475113,6.997641323178546e-05,6.997633324921877e-05,0.0015119474768457357,0.0015135659454245632,3.3757923990784156e-05,0.022327444851710294,6.6585573241805535e-18,9.044769045603613e-19,3.050802377066138e-16,2.982229882731299e-16,152032173905.69705,152032173905.69705,rank1
AR-S2,2,2,core,discrete_identity,64,32,0.0,6.997641323178546e-05,6.997641323178546e-05,0.0,6.997641323179574e-05,1.56239450735341e-06,0.022327444851710294,6.6585573241805535e-18,9.044769045603613e-19,3.050802377066138e-16,2.982229882731299e-16,7036399321.122527,7036399321.122527,rank1
AR-S2,2,2,fit,cubic_bspline,32,24,0.017100328031283866,0.00027266731115706754,0.00027262744138844045,0.017100327395600863,0.017102501118237388,0.0003915541623922811,0.022897464988522964,4.71551454658529e-18,9.911002592807249e-19,2.1700240100714598e-16,2.0594046323245285e-16,1763403179845.244,1763403179845.244,rank1
AR-S2,2,2,fit,cubic_bspline,40,24,0.003679216279270876,0.00027266731115706754,0.0002726654656522481,0.0036792161425006774,0.0036893060168290614,8.424472595710339e-05,0.022897464988522964,4.71551454658529e-18,9.911002592807249e-19,2.1700240100714598e-16,2.0594046323245285e-16,379404516428.3404,379404516428.3404,rank1
AR-S2,2,2,fit,cubic_bspline,48,24,0.0015119474805475141,0.00027266731115706754,0.00027266699950017807,0.0015119474243427845,0.0015363373576628284,3.461976454358471e-05,0.022897464988522964,4.71551454658529e-18,9.911002592807249e-19,2.1700240100714598e-16,2.0594046323245285e-16,155913558698.1424,155913558698.1424,rank1
AR-S2,2,2,fit,discrete_identity,64,24,0.0,0.00027266731115706754,0.00027266731115706754,0.0,0.0002726673111570652,6.243390210733598e-06,0.022897464988522964,4.71551454658529e-18,9.911002592807249e-19,2.1700240100714598e-16,2.0594046323245285e-16,28117729826.588436,28117729826.588436,rank1
AR-S2,2,2,fit,cubic_bspline,32,28,0.017100328031283866,0.00012888549252153421,0.0001288666467173059,0.01710032788925307,0.017100813588544542,0.0003915541623887654,0.022897464988522964,4.71551454658529e-18,9.911002592807249e-19,2.1700240100714598e-16,2.0594046323245285e-16,1763403179829.4106,1763403179829.4106,rank1
AR-S2,2,2,fit,cubic_bspline,40,28,0.003679216279270876,0.00012888549252153421,0.00012888462018081378,0.003679216248712279,0.0036814730305912645,8.424472594066786e-05,0.022897464988522964,4.71551454658529e-18,9.911002592807249e-19,2.1700240100714598e-16,2.0594046323245285e-16,379404516354.32135,379404516354.32135,rank1
AR-S2,2,2,fit,cubic_bspline,48,28,0.0015119474805475141,0.00012888549252153421,0.00012888534520629044,0.0015119474679896785,0.001517430926316877,3.461976450242677e-05,0.022897464988522964,4.71551454658529e-18,9.911002592807249e-19,2.1700240100714598e-16,2.0594046323245285e-16,155913558512.78354,155913558512.78354,rank1
AR-S2,2,2,fit,discrete_identity,64,28,0.0,0.00012888549252153421,0.00012888549252153421,0.0,0.00012888549252152855,2.95115105254024e-06,0.022897464988522964,4.71551454658529e-18,9.911002592807249e-19,2.1700240100714598e-16,2.0594046323245285e-16,13290802780.534271,13290802780.534271,rank1
AR-S2,2,2,fit,cubic_bspline,32,32,0.017100328031283866,6.887055486021993e-05,6.886048451816172e-05,0.017100327990729112,0.017100466676200413,0.00039155416238859515,0.022897464988522964,4.71551454658529e-18,9.911002592807249e-19,2.1700240100714598e-16,2.0594046323245285e-16,1763403179828.6438,1763403179828.6438,rank1
AR-S2,2,2,fit,cubic_bspline,40,32,0.003679216279270876,6.887055486021993e-05,6.887008872093631e-05,0.0036792162705453295,0.0036798608015483594,8.424472593987825e-05,0.022897464988522964,4.71551454658529e-18,9.911002592807249e-19,2.1700240100714598e-16,2.0594046323245285e-16,379404516350.76526,379404516350.76526,rank1
AR-S2,2,2,fit,cubic_bspline,48,32,0.0015119474805475141,6.887055486021993e-05,6.887047614163537e-05,0.0015119474769618136,0.0015135152217331486,3.461976450049287e-05,0.022897464988522964,4.71551454658529e-18,9.911002592807249e-19,2.1700240100714598e-16,2.0594046323245285e-16,155913558504.074,155913558504.074,rank1
AR-S2,2,2,fit,discrete_identity,64,32,0.0,6.887055486021993e-05,6.887055486021993e-05,0.0,6.887055486022428e-05,1.5769611186521356e-06,0.022897464988522964,4.71551454658529e-18,9.911002592807249e-19,2.1700240100714598e-16,2.0594046323245285e-16,7102001506.339519,7102001506.339519,rank1
AR-S2,3,0,core,cubic_bspline,32,24,0.012317454882003013,9.292358463544626e-05,9.291653519910438e-05,0.012317454828823694,0.012317805334258749,0.00031356204566639333,0.025456723703892795,4.486585663234778e-18,1.1653650022397147e-18,1.9211323078173529e-16,1.7624364059655867e-16,1412157912020.6995,1412157912020.6995,rank1
AR-S2,3,0,core,cubic_bspline,40,24,0.003843590026735208,9.292358463544626e-05,9.292289824428654e-05,0.0038435900101409107,0.0038447131178589258,9.78452093418833e-05,0.025456723703892795,4.486585663234778e-18,1.1653650022397147e-18,1.9211323078173529e-16,1.7624364059655867e-16,440655648332.0938,440655648332.0938,rank1
AR-S2,3,0,core,cubic_bspline,48,24,0.0010825305161768861,9.292358463544626e-05,9.292353018814381e-05,0.0010825305115031742,0.0010865114361647606,2.75576802522305e-05,0.025456723703892795,4.486585663234778e-18,1.1653650022397147e-18,1.9211323078173529e-16,1.7624364059655867e-16,124108758515.14055,124108758515.14055,rank1
AR-S2,3,0,core,discrete_identity,64,24,0.0,9.292358463544626e-05,9.292358463544626e-05,0.0,9.292358463544112e-05,2.365530019639723e-06,0.025456723703892795,4.486585663234778e-18,1.1653650022397147e-18,1.9211323078173529e-16,1.7624364059655867e-16,10653400114.98318,10653400114.98318,rank1
AR-S2,3,0,core,cubic_bspline,32,28,0.012317454882003013,3.943794112442337e-05,3.943494925474228e-05,0.012317454872424022,0.012317518008324672,0.00031356204566631874,0.025456723703892795,4.486585663234778e-18,1.1653650022397147e-18,1.9211323078173529e-16,1.7624364059655867e-16,1412157912020.3635,1412157912020.3635,rank1
AR-S2,3,0,core,cubic_bspline,40,28,0.003843590026735208,3.943794112442337e-05,3.943764981136301e-05,0.00384359002374614,0.0038437923489492752,9.78452093416441e-05,0.025456723703892795,4.486585663234778e-18,1.1653650022397147e-18,1.9211323078173529e-16,1.7624364059655867e-16,440655648331.01654,440655648331.01654,rank1
AR-S2,3,0,core,cubic_bspline,48,28,0.0010825305161768861,3.943794112442337e-05,3.9437918016301976e-05,0.0010825305153350279,0.0010832486638956242,2.7557680251375923e-05,0.025456723703892795,4.486585663234778e-18,1.1653650022397147e-18,1.9211323078173529e-16,1.7624364059655867e-16,124108758511.29189,124108758511.29189,rank1
AR-S2,3,0,core,discrete_identity,64,28,0.0,3.943794112442337e-05,3.943794112442337e-05,0.0,3.943794112442034e-05,1.00396077065476e-06,0.025456723703892795,4.486585663234778e-18,1.1653650022397147e-18,1.9211323078173529e-16,1.7624364059655867e-16,4521437352.615373,4521437352.615373,rank1
AR-S2,3,0,core,cubic_bspline,32,32,0.012317454882003013,1.9669641236355973e-05,1.966814904377176e-05,0.012317454879620224,0.01231747058475346,0.00031356204566631635,0.025456723703892795,4.486585663234778e-18,1.1653650022397147e-18,1.9211323078173529e-16,1.7624364059655867e-16,1412157912020.3528,1412157912020.3528,rank1
AR-S2,3,0,core,cubic_bspline,40,32,0.003843590026735208,1.9669641236355973e-05,1.9669495944205155e-05,0.0038435900259916733,0.0038436403555339475,9.784520934163686e-05,0.025456723703892795,4.486585663234778e-18,1.1653650022397147e-18,1.9211323078173529e-16,1.7624364059655867e-16,440655648330.98395,440655648330.98395,rank1
AR-S2,3,0,core,cubic_bspline,48,32,0.0010825305161768861,1.9669641236355973e-05,1.9669629711199283e-05,0.001082530515967473,0.0010827092004722185,2.755768025134943e-05,0.025456723703892795,4.486585663234778e-18,1.1653650022397147e-18,1.9211323078173529e-16,1.7624364059655867e-16,124108758511.17258,124108758511.17258,rank1
AR-S2,3,0,core,discrete_identity,64,32,0.0,1.9669641236355973e-05,1.9669641236355973e-05,0.0,1.9669641236349264e-05,5.007246223084396e-07,0.025456723703892795,4.486585663234778e-18,1.1653650022397147e-18,1.9211323078173529e-16,1.7624364059655867e-16,2255063222.443521,2255063222.443521,rank1
AR-S2,3,0,fit,cubic_bspline,32,24,0.01231745488200301,6.171799800532998e-05,6.17133159098227e-05,0.012317454858543747,0.012317609480071243,0.00035758925941632426,0.029031099593372887,5.2747312528993364e-18,1.2894858537667846e-18,1.9590567988769424e-16,1.8169243765411604e-16,1610438855459.0496,1610438855459.0496,rank1
AR-S2,3,0,fit,cubic_bspline,40,24,0.003843590026735209,6.171799800532998e-05,6.17175421179638e-05,0.0038435900194148825,0.003844085502251929,0.00011158364486229942,0.029031099593372887,5.2747312528993364e-18,1.2894858537667846e-18,1.9590567988769424e-16,1.8169243765411604e-16,502528061422.4934,502528061422.4934,rank1
AR-S2,3,0,fit,cubic_bspline,48,24,0.0010825305161768872,6.171799800532998e-05,6.17179618425123e-05,0.001082530514115149,0.0010842884419139454,3.1427051228191484e-05,0.029031099593372887,5.2747312528993364e-18,1.2894858537667846e-18,1.9590567988769424e-16,1.8169243765411604e-16,141534856200.63666,141534856200.63666,rank1
AR-S2,3,0,fit,discrete_identity,64,24,0.0,6.171799800532998e-05,6.171799800532998e-05,0.0,6.171799800533283e-05,1.791741346796406e-06,0.029031099593372887,5.2747312528993364e-18,1.2894858537667846e-18,1.9590567988769424e-16,1.8169243765411604e-16,8069285661.776605,8069285661.776605,rank1
AR-S2,3,0,fit,cubic_bspline,32,28,0.01231745488200301,2.6197434460321042e-05,2.6195447051547036e-05,0.012317454877776229,0.012317482736810593,0.0003575892594163081,0.029031099593372887,5.2747312528993364e-18,1.2894858537667846e-18,1.9590567988769424e-16,1.8169243765411604e-16,1610438855458.9768,1610438855458.9768,rank1
AR-S2,3,0,fit,cubic_bspline,40,28,0.003843590026735209,2.6197434460321042e-05,2.6197240949839626e-05,0.0038435900254162668,0.003843679303616757,0.0001115836448622466,0.029031099593372887,5.2747312528993364e-18,1.2894858537667846e-18,1.9590567988769424e-16,1.8169243765411604e-16,502528061422.25555,502528061422.25555,rank1
AR-S2,3,0,fit,cubic_bspline,48,28,0.0010825305161768872,2.6197434460321042e-05,2.6197419110285048e-05,0.0010825305158054127,0.001082847460735916,3.1427051228002664e-05,0.029031099593372887,5.2747312528993364e-18,1.2894858537667846e-18,1.9590567988769424e-16,1.8169243765411604e-16,141534856199.7863,141534856199.7863,rank1
AR-S2,3,0,fit,discrete_identity,64,28,0.0,2.6197434460321042e-05,2.6197434460321042e-05,0.0,2.6197434460316414e-05,7.605403289083047e-07,0.029031099593372887,5.2747312528993364e-18,1.2894858537667846e-18,1.9590567988769424e-16,1.8169243765411604e-16,3425169141.8716755,3425169141.8716755,rank1
AR-S2,3,0,fit,cubic_bspline,32,32,0.01231745488200301,1.3065904357903139e-05,1.3064913142798355e-05,0.01231745488095159,0.01231746181086575,0.0003575892594163074,0.029031099593372887,5.2747312528993364e-18,1.2894858537667846e-18,1.9590567988769424e-16,1.8169243765411604e-16,1610438855458.9736,1610438855458.9736,rank1
AR-S2,3,0,fit,cubic_bspline,40,32,0.003843590026735209,1.3065904357903139e-05,1.3065807845041871e-05,0.0038435900264071187,0.003843612234468139,0.00011158364486224527,0.029031099593372887,5.2747312528993364e-18,1.2894858537667846e-18,1.9590567988769424e-16,1.8169243765411604e-16,502528061422.2496,502528061422.2496,rank1
AR-S2,3,0,fit,cubic_bspline,48,32,0.0010825305161768872,1.3065904357903139e-05,1.3065896702113154e-05,0.0010825305160844822,0.001082609364503578,3.142705122799713e-05,0.029031099593372887,5.2747312528993364e-18,1.2894858537667846e-18,1.9590567988769424e-16,1.8169243765411604e-16,141534856199.76135,141534856199.76135,rank1
AR-S2,3,0,fit,discrete_identity,64,32,0.0,1.3065904357903139e-05,1.3065904357903139e-05,0.0,1.3065904357900806e-05,3.7931757069170294e-07,0.029031099593372887,5.2747312528993364e-18,1.2894858537667846e-18,1.9590567988769424e-16,1.8169243765411604e-16,1708294470.0222352,1708294470.0222352,rank1
AR-S2,3,1,core,cubic_bspline,32,24,0.01434667295308955,3.0922020518554906e-14,3.0923992752722256e-14,0.014346672953089548,0.014346672953089562,0.0004204969314210381,0.029309717507046397,7.093235241795341e-18,1.0345674731193385e-18,2.5048127896254496e-16,2.420096761454642e-16,1893749823658.224,1893749823658.224,rank1
AR-S2,3,1,core,cubic_bspline,40,24,0.0038478646957595913,3.0922020518554906e-14,3.092214774837424e-14,0.003847864695759591,0.0038478646957595987,0.00011277982723805087,0.029309717507046397,7.093235241795341e-18,1.0345674731193385e-18,2.5048127896254496e-16,2.420096761454642e-16,507915187924.1948,507915187924.1948,rank1
AR-S2,3,1,core,cubic_bspline,48,24,0.0012551015671771765,3.0922020518554906e-14,3.092148332904853e-14,0.0012551015671771763,0.0012551015671771841,3.6786672376614485e-05,0.029309717507046397,7.093235241795341e-18,1.0345674731193385e-18,2.5048127896254496e-16,2.420096761454642e-16,165672444007.5215,165672444007.5215,rank1
AR-S2,3,1,core,discrete_identity,64,24,0.0,3.0922020518554906e-14,3.0922020518554906e-14,0.0,3.091927619152137e-14,9.061316047902893e-16,0.029309717507046397,7.093235241795341e-18,1.0345674731193385e-18,2.5048127896254496e-16,2.420096761454642e-16,4.0808539576821765,4.0808539576821765,rank1
AR-S2,3,1,core,cubic_bspline,32,28,0.01434667295308955,6.5952097516863994e-15,6.597450062581275e-15,0.014346672953089537,0.014346672953089567,0.00042049693142103825,0.029309717507046397,7.093235241795341e-18,1.0345674731193385e-18,2.5048127896254496e-16,2.420096761454642e-16,1893749823658.2249,1893749823658.2249,rank1
AR-S2,3,1,core,cubic_bspline,40,28,0.0038478646957595913,6.5952097516863994e-15,6.5978599752657454e-15,0.0038478646957595874,0.003847864695759589,0.00011277982723805057,0.029309717507046397,7.093235241795341e-18,1.0345674731193385e-18,2.5048127896254496e-16,2.420096761454642e-16,507915187924.1935,507915187924.1935,rank1
AR-S2,3,1,core,cubic_bspline,48,28,0.0012551015671771765,6.5952097516863994e-15,6.595012635642032e-15,0.0012551015671771748,0.0012551015671771527,3.6786672376613564e-05,0.029309717507046397,7.093235241795341e-18,1.0345674731193385e-18,2.5048127896254496e-16,2.420096761454642e-16,165672444007.51736,165672444007.51736,rank1
AR-S2,3,1,core,discrete_identity,64,28,0.0,6.5952097516863994e-15,6.5952097516863994e-15,0.0,6.6269304877852475e-15,1.9380844495839493e-16,0.029309717507046397,7.093235241795341e-18,1.0345674731193385e-18,2.5048127896254496e-16,2.420096761454642e-16,0.8728356404958827,0.8728356404958827,rank1
AR-S2,3,1,core,cubic_bspline,32,32,0.01434667295308955,1.1736130817747974e-09,1.1734922944769855e-09,0.014346672953318087,0.014346672953089603,0.0004204969314210378,0.029309717507046397,7.093235241795341e-18,1.0345674731193385e-18,2.5048127896254496e-16,2.420096761454642e-16,1893749823658.223,1893749823658.223,rank1
AR-S2,3,1,core,cubic_bspline,40,32,0.0038478646957595913,1.1736130817747974e-09,1.1736043945770938e-09,0.003847864695820886,0.0038478646957597652,0.00011277982723805049,0.029309717507046397,7.093235241795341e-18,1.0345674731193385e-18,2.5048127896254496e-16,2.420096761454642e-16,507915187924.1931,507915187924.1931,rank1
AR-S2,3,1,core,cubic_bspline,48,32,0.0012551015671771765,1.1736130817747974e-09,1.1736121583653897e-09,0.0012551015671971697,0.0012551015671777282,3.678667237661433e-05,0.029309717507046397,7.093235241795341e-18,1.0345674731193385e-18,2.5048127896254496e-16,2.420096761454642e-16,165672444007.5208,165672444007.5208,rank1
AR-S2,3,1,core,discrete_identity,64,32,0.0,1.1736130817747974e-09,1.1736130817747974e-09,0.0,1.1736130116609915e-09,3.439826583437474e-11,0.029309717507046397,7.093235241795341e-18,1.0345674731193385e-18,2.5048127896254496e-16,2.420096761454642e-16,154916.01719388133,154916.01719388133,rank1
AR-S2,3,1,fit,cubic_bspline,32,24,0.014346672953089546,8.584409949104136e-15,8.585296632914862e-15,0.014346672953089556,0.014346672953089556,0.0016919036389551757,0.11793003468381315,2.113097811163855e-17,3.714087582957078e-18,1.883806397922916e-16,1.7918232762581344e-16,7619656597945.315,7619656597945.315,rank1
AR-S2,3,1,fit,cubic_bspline,40,24,0.003847864695759579,8.584409949104136e-15,8.586208359382837e-15,0.0038478646957595826,0.003847864695759575,0.0004537788170295467,0.11793003468381315,2.113097811163855e-17,3.714087582957078e-18,1.883806397922916e-16,1.7918232762581344e-16,2043638111282.891,2043638111282.891,rank1
AR-S2,3,1,fit,cubic_bspline,48,24,0.0012551015671771937,8.584409949104136e-15,8.58558655255226e-15,0.001255101567177195,0.001255101567177195,0.00014801417134891484,0.11793003468381315,2.113097811163855e-17,3.714087582957078e-18,1.883806397922916e-16,1.7918232762581344e-16,666596566932.5256,666596566932.5256,rank1
AR-S2,3,1,fit,discrete_identity,64,24,0.0,8.584409949104136e-15,8.584409949104136e-15,0.0,8.596552109740747e-15,1.0124127118535858e-15,0.11793003468381315,2.113097811163855e-17,3.714087582957078e-18,1.883806397922916e-16,1.7918232762581344e-16,4.559501511848962,4.559501511848962,rank1
AR-S2,3,1,fit,cubic_bspline,32,28,0.014346672953089546,1.2642631648453968e-14,1.2643531323792306e-14,0.014346672953089539,0.014346672953089558,0.0016919036389551753,0.11793003468381315,2.113097811163855e-17,3.714087582957078e-18,1.883806397922916e-16,1.7918232762581344e-16,7619656597945.313,7619656597945.313,rank1
AR-S2,3,1,fit,cubic_bspline,40,28,0.003847864695759579,1.2642631648453968e-14,1.2644557078224522e-14,0.003847864695759578,0.0038478646957595826,0.00045377881702954754,0.11793003468381315,2.113097811163855e-17,3.714087582957078e-18,1.883806397922916e-16,1.7918232762581344e-16,2043638111282.8948,2043638111282.8948,rank1
AR-S2,3,1,fit,cubic_bspline,48,28,0.0012551015671771937,1.2642631648453968e-14,1.2644034112545084e-14,0.0012551015671771932,0.0012551015671771954,0.00014801417134891492,0.11793003468381315,2.113097811163855e-17,3.714087582957078e-18,1.883806397922916e-16,1.7918232762581344e-16,666596566932.526,666596566932.526,rank1
AR-S2,3,1,fit,discrete_identity,64,28,0.0,1.2642631648453968e-14,1.2642631648453968e-14,0.0,1.265493494885446e-14,1.4915457924790432e-15,0.11793003468381315,2.113097811163855e-17,3.714087582957078e-18,1.883806397922916e-16,1.7918232762581344e-16,6.71732507521465,6.71732507521465,rank1
AR-S2,3,1,fit,cubic_bspline,32,32,0.014346672953089546,4.382731209019881e-15,4.389643755772772e-15,0.014346672953089529,0.014346672953089562,0.001691903638955176,0.11793003468381315,2.113097811163855e-17,3.714087582957078e-18,1.883806397922916e-16,1.7918232762581344e-16,7619656597945.316,7619656597945.316,rank1
AR-S2,3,1,fit,cubic_bspline,40,32,0.003847864695759579,4.382731209019881e-15,4.3876233206171995e-15,0.0038478646957595753,0.0038478646957595727,0.00045377881702954645,0.11793003468381315,2.113097811163855e-17,3.714087582957078e-18,1.883806397922916e-16,1.7918232762581344e-16,2043638111282.89,2043638111282.89,rank1
AR-S2,3,1,fit,cubic_bspline,48,32,0.0012551015671771937,4.382731209019881e-15,4.388365732328516e-15,0.0012551015671771924,0.0012551015671772097,0.0001480141713489166,0.11793003468381315,2.113097811163855e-17,3.714087582957078e-18,1.883806397922916e-16,1.7918232762581344e-16,666596566932.5336,666596566932.5336,rank1
AR-S2,3,1,fit,discrete_identity,64,32,0.0,4.382731209019881e-15,4.382731209019881e-15,0.0,4.380147983109253e-15,5.143670141978128e-16,0.11793003468381315,2.113097811163855e-17,3.714087582957078e-18,1.883806397922916e-16,1.7918232762581344e-16,2.3165030934729445,2.3165030934729445,rank1
AR-S2,3,2,core,cubic_bspline,32,24,0.01710032803128387,0.0001218195649607053,0.00012180175234558384,0.017100327904399387,0.017100761808889888,0.00038530229914155025,0.02253186596400499,6.108050979763351e-18,8.63918484674363e-19,2.7799644383721925e-16,2.7108500421230355e-16,1735247290838.881,1735247290838.881,rank1
AR-S2,3,2,core,cubic_bspline,40,24,0.003679216279270877,0.0001218195649607053,0.00012181874044457937,0.003679216251971081,0.0036812324342773055,8.289960805779122e-05,0.02253186596400499,6.108050979763351e-18,8.63918484674363e-19,2.7799644383721925e-16,2.7108500421230355e-16,373346643958.2287,373346643958.2287,rank1
AR-S2,3,2,core,cubic_bspline,48,24,0.0015119474805475107,0.0001218195649607053,0.00012181942572176773,0.001511947469328856,0.0015168471104290962,3.406699797796289e-05,0.02253186596400499,6.108050979763351e-18,8.63918484674363e-19,2.7799644383721925e-16,2.7108500421230355e-16,153424119399.18512,153424119399.18512,rank1
AR-S2,3,2,core,discrete_identity,64,24,0.0,0.0001218195649607053,0.0001218195649607053,0.0,0.00012181956496069142,2.7448221094876974e-06,0.02253186596400499,6.108050979763351e-18,8.63918484674363e-19,2.7799644383721925e-16,2.7108500421230355e-16,12361579829.487093,12361579829.487093,rank1
AR-S2,3,2,core,cubic_bspline,32,28,0.01710032803128387,5.836583983808103e-05,5.8357305509126376e-05,0.017100328002157113,0.017100427607303237,0.0003853022991414127,0.02253186596400499,6.108050979763351e-18,8.63918484674363e-19,2.7799644383721925e-16,2.7108500421230355e-16,1735247290838.2617,1735247290838.2617,rank1
AR-S2,3,2,core,cubic_bspline,40,28,0.003679216279270877,5.836583983808103e-05,5.836544479828029e-05,0.003679216273004118,0.003679679191831567,8.289960805715172e-05,0.02253186596400499,6.108050979763351e-18,8.63918484674363e-19,2.7799644383721925e-16,2.7108500421230355e-16,373346643955.34863,373346643955.34863,rank1
AR-S2,3,2,core,cubic_bspline,48,28,0.0015119474805475107,5.836583983808103e-05,5.836577312631387e-05,0.001511947477972231,0.0015130736093814429,3.406699797639806e-05,0.02253186596400499,6.108050979763351e-18,8.63918484674363e-19,2.7799644383721925e-16,2.7108500421230355e-16,153424119392.13776,153424119392.13776,rank1
AR-S2,3,2,core,discrete_identity,64,28,0.0,5.836583983808103e-05,5.836583983808103e-05,0.0,5.836583983807861e-05,1.31509128010817e-06,0.02253186596400499,6.108050979763351e-18,8.63918484674363e-19,2.7799644383721925e-16,2.7108500421230355e-16,5922644599.053343,5922644599.053343,rank1
AR-S2,3,2,core,cubic_bspline,32,32,0.01710032803128387,3.147101018015454e-05,3.1466408448138694e-05,0.017100328022815574,0.017100356982015702,0.00038530229914140584,0.02253186596400499,6.108050979763351e-18,8.63918484674363e-19,2.7799644383721925e-16,2.7108500421230355e-16,1735247290838.2307,1735247290838.2307,rank1
AR-S2,3,2,core,cubic_bspline,40,32,0.003679216279270877,3.147101018015454e-05,3.1470797173685104e-05,0.0036792162774488837,0.003679350872195599,8.289960805711934e-05,0.02253186596400499,6.108050979763351e-18,8.63918484674363e-19,2.7799644383721925e-16,2.7108500421230355e-16,373346643955.2028,373346643955.2028,rank1
AR-S2,3,2,core,cubic_bspline,48,32,0.0015119474805475107,3.147101018015454e-05,3.14709742090001e-05,0.0015119474797987756,0.0015122749770301908,3.406699797631912e-05,0.02253186596400499,6.108050979763351e-18,8.63918484674363e-19,2.7799644383721925e-16,2.7108500421230355e-16,153424119391.78223,153424119391.78223,rank1
AR-S2,3,2,core,discrete_identity,64,32,0.0,3.147101018015454e-05,3.147101018015454e-05,0.0,3.147101018016195e-05,7.091005831312455e-07,0.02253186596400499,6.108050979763351e-18,8.63918484674363e-19,2.7799644383721925e-16,2.7108500421230355e-16,3193505121.958079,3193505121.958079,rank1
AR-S2,3,2,fit,cubic_bspline,32,24,0.017100328031283866,0.00012181978245381473,0.00012180196980689672,0.017100327904398922,0.017100761810438785,0.0004059641382994647,0.02374013747318931,5.672736888248031e-18,8.96801512270806e-19,2.4782766718134196e-16,2.3895130744944e-16,1828299941971.2537,1828299941971.2537,rank1
AR-S2,3,2,fit,cubic_bspline,40,24,0.0036792162792708767,0.00012181978245381473,0.0001218189579362241,0.0036792162519709813,0.0036812324414745154,8.734510026419774e-05,0.02374013747318931,5.672736888248031e-18,8.96801512270806e-19,2.4782766718134196e-16,2.3895130744944e-16,393367361002.47955,393367361002.47955,rank1
AR-S2,3,2,fit,cubic_bspline,48,24,0.0015119474805475113,0.00012181978245381473,0.0001218196432146325,0.0015119474693288154,0.0015168471278961882,3.589384104218047e-05,0.02374013747318931,5.672736888248031e-18,8.96801512270806e-19,2.4782766718134196e-16,2.3895130744944e-16,161651489142.45978,161651489142.45978,rank1
AR-S2,3,2,fit,discrete_identity,64,24,0.0,0.00012181978245381473,0.00012181978245381473,0.0,0.00012181978245379865,2.892018382407195e-06,0.02374013747318931,5.672736888248031e-18,8.96801512270806e-19,2.4782766718134196e-16,2.3895130744944e-16,13024492909.357668,13024492909.357668,rank1
AR-S2,3,2,fit,cubic_bspline,32,28,0.017100328031283866,5.836735141329708e-05,5.8358816863305234e-05,0.01710032800215561,0.01710042761246099,0.0004059641382993196,0.02374013747318931,5.672736888248031e-18,8.96801512270806e-19,2.4782766718134196e-16,2.3895130744944e-16,1828299941970.6003,1828299941970.6003,rank1
AR-S2,3,2,fit,cubic_bspline,40,28,0.0036792162792708767,5.836735141329708e-05,5.8366956363266e-05,0.0036792162730037953,0.003679679215807668,8.734510026352417e-05,0.02374013747318931,5.672736888248031e-18,8.96801512270806e-19,2.4782766718134196e-16,2.3895130744944e-16,393367360999.44604,393367360999.44604,rank1
AR-S2,3,2,fit,cubic_bspline,48,28,0.0015119474805475113,5.836735141329708e-05,5.836728469981518e-05,0.001511947477972099,0.0015130736676901137,3.589384104053154e-05,0.02374013747318931,5.672736888248031e-18,8.96801512270806e-19,2.4782766718134196e-16,2.3895130744944e-16,161651489135.03366,161651489135.03366,rank1
AR-S2,3,2,fit,discrete_identity,64,28,0.0,5.836735141329708e-05,5.836735141329708e-05,0.0,5.836735141329392e-05,1.3856489464975484e-06,0.02374013747318931,5.672736888248031e-18,8.96801512270806e-19,2.4782766718134196e-16,2.3895130744944e-16,6240408079.1126795,6240408079.1126795,rank1
AR-S2,3,2,fit,cubic_bspline,32,32,0.017100328031283866,3.14567306956486e-05,3.145213105159386e-05,0.017100328022823255,0.0171003569557498,0.00040596413829931246,0.02374013747318931,5.672736888248031e-18,8.96801512270806e-19,2.4782766718134196e-16,2.3895130744944e-16,1828299941970.568,1828299941970.568,rank1
AR-S2,3,2,fit,cubic_bspline,40,32,0.0036792162792708767,3.14567306956486e-05,3.145651778581639e-05,0.0036792162774505364,0.003679350750086609,8.73451002634894e-05,0.02374013747318931,5.672736888248031e-18,8.96801512270806e-19,2.4782766718134196e-16,2.3895130744944e-16,393367360999.2895,393367360999.2895,rank1
AR-S2,3,2,fit,cubic_bspline,48,32,0.0015119474805475113,3.14567306956486e-05,3.1456694740810825e-05,0.001511947479799455,0.0015122746799368081,3.5893841040447786e-05,0.02374013747318931,5.672736888248031e-18,8.96801512270806e-19,2.4782766718134196e-16,2.3895130744944e-16,161651489134.65646,161651489134.65646,rank1
AR-S2,3,2,fit,discrete_identity,64,32,0.0,3.14567306956486e-05,3.14567306956486e-05,0.0,3.145673069565191e-05,7.467871111718705e-07,0.02374013747318931,5.672736888248031e-18,8.96801512270806e-19,2.4782766718134196e-16,2.3895130744944e-16,3363230155.5987253,3363230155.5987253,rank1
AR-S2,4,0,core,cubic_bspline,32,24,0.012317454882003013,0.00010757070429410371,0.00010756254368734539,0.01231745481073758,0.012317924519617118,0.0003103454077801356,0.025195579017987156,7.306718391205634e-18,9.677325854280129e-19,2.9803894365273335e-16,2.900000188917809e-16,1397671462834.7634,1397671462834.7634,rank1
AR-S2,4,0,core,cubic_bspline,40,24,0.003843590026735209,0.00010757070429410371,0.00010756990971024634,0.0038435900044972446,0.003845095002609632,9.684147623179391e-05,0.025195579017987156,7.306718391205634e-18,9.677325854280129e-19,2.9803894365273335e-16,2.900000188917809e-16,436135236271.5158,436135236271.5158,rank1
AR-S2,4,0,core,cubic_bspline,48,24,0.0010825305161768879,0.00010757070429410371,0.00010757064126451443,0.0010825305099136616,0.0010878620139136452,2.727498316129086e-05,0.025195579017987156,7.306718391205634e-18,9.677325854280129e-19,2.9803894365273335e-16,2.900000188917809e-16,122835604001.72607,122835604001.72607,rank1
AR-S2,4,0,core,discrete_identity,64,24,0.0,0.00010757070429410371,0.00010757070429410371,0.0,0.00010757070429411028,2.710306180062785e-06,0.025195579017987156,7.306718391205634e-18,9.677325854280129e-19,2.9803894365273335e-16,2.900000188917809e-16,12206133902.590712,12206133902.590712,rank1
AR-S2,4,0,core,cubic_bspline,32,28,0.012317454882003013,4.494969445648166e-05,4.494628445017829e-05,0.012317454869559444,0.012317536886028243,0.0003103454077800033,0.025195579017987156,7.306718391205634e-18,9.677325854280129e-19,2.9803894365273335e-16,2.900000188917809e-16,1397671462834.1675,1397671462834.1675,rank1
AR-S2,4,0,core,cubic_bspline,40,28,0.003843590026735209,4.494969445648166e-05,4.494936243019425e-05,0.003843590022852266,0.0038438528508257784,9.684147623136839e-05,0.025195579017987156,7.306718391205634e-18,9.677325854280129e-19,2.9803894365273335e-16,2.900000188917809e-16,436135236269.5994,436135236269.5994,rank1
AR-S2,4,0,core,cubic_bspline,48,28,0.0010825305161768879,4.494969445648166e-05,4.4949668118822e-05,0.0010825305150832735,0.0010834633316906446,2.7274983159764792e-05,0.025195579017987156,7.306718391205634e-18,9.677325854280129e-19,2.9803894365273335e-16,2.900000188917809e-16,122835603994.85327,122835603994.85327,rank1
AR-S2,4,0,core,discrete_identity,64,28,0.0,4.494969445648166e-05,4.494969445648166e-05,0.0,4.494969445648564e-05,1.132533578512763e-06,0.025195579017987156,7.306718391205634e-18,9.677325854280129e-19,2.9803894365273335e-16,2.900000188917809e-16,5100477802.174654,5100477802.174654,rank1
AR-S2,4,0,core,cubic_bspline,32,32,0.012317454882003013,2.230469551526917e-05,2.2303003420287545e-05,0.012317454878939376,0.01231747507381857,0.00031034540777999907,0.025195579017987156,7.306718391205634e-18,9.677325854280129e-19,2.9803894365273335e-16,2.900000188917809e-16,1397671462834.1484,1397671462834.1484,rank1
AR-S2,4,0,core,cubic_bspline,40,32,0.003843590026735209,2.230469551526917e-05,2.2304530758972277e-05,0.0038435900257792195,0.0038436547433023808,9.684147623135562e-05,0.025195579017987156,7.306718391205634e-18,9.677325854280129e-19,2.9803894365273335e-16,2.900000188917809e-16,436135236269.54193,436135236269.54193,rank1
AR-S2,4,0,core,cubic_bspline,48,32,0.0010825305161768879,2.230469551526917e-05,2.230468244613556e-05,0.0010825305159076375,0.0010827602769372328,2.7274983159719733e-05,0.025195579017987156,7.306718391205634e-18,9.677325854280129e-19,2.9803894365273335e-16,2.900000188917809e-16,122835603994.65034,122835603994.65034,rank1
AR-S2,4,0,core,discrete_identity,64,32,0.0,2.230469551526917e-05,2.230469551526917e-05,0.0,2.230469551526546e-05,5.619797183270145e-07,0.025195579017987156,7.306718391205634e-18,9.677325854280129e-19,2.9803894365273335e-16,2.900000188917809e-16,2530931650.047319,2530931650.047319,rank1
AR-S2,4,0,fit,cubic_bspline,32,24,0.012317454882003013,6.866247989030722e-05,6.865727096746998e-05,0.012317454852967464,0.012317646227710768,0.00035883088225888317,0.02913190149234015,4.261452078411212e-18,1.3052697414823037e-18,1.636779141119933e-16,1.4628128821359995e-16,1616030627630.1326,1616030627630.1326,rank1
AR-S2,4,0,fit,cubic_bspline,40,24,0.00384359002673521,6.866247989030722e-05,6.866197270669333e-05,0.0038435900176748356,0.0038442032672732843,0.00011197108603587636,0.02913190149234015,4.261452078411212e-18,1.3052697414823037e-18,1.636779141119933e-16,1.4628128821359995e-16,504272941347.4425,504272941347.4425,rank1
AR-S2,4,0,fit,cubic_bspline,48,24,0.0010825305161768883,6.866247989030722e-05,6.866243965846641e-05,0.001082530513625073,0.0010847058813678822,3.153617236001783e-05,0.02913190149234015,4.261452078411212e-18,1.3052697414823037e-18,1.636779141119933e-16,1.4628128821359995e-16,142026294089.26804,142026294089.26804,rank1
AR-S2,4,0,fit,discrete_identity,64,24,0.0,6.866247989030722e-05,6.866247989030722e-05,0.0,6.866247989030616e-05,2.000268600384186e-06,0.02913190149234015,4.261452078411212e-18,1.3052697414823037e-18,1.636779141119933e-16,1.4628128821359995e-16,9008408923.331123,9008408923.331123,rank1
AR-S2,4,0,fit,cubic_bspline,32,28,0.012317454882003013,2.86951077237206e-05,2.8692930834660388e-05,0.012317454876931852,0.012317488301372992,0.0003588308822588578,0.02913190149234015,4.261452078411212e-18,1.3052697414823037e-18,1.636779141119933e-16,1.4628128821359995e-16,1616030627630.0183,1616030627630.0183,rank1
AR-S2,4,0,fit,cubic_bspline,40,28,0.00384359002673521,2.86951077237206e-05,2.8694895763872105e-05,0.0038435900251527827,0.0038436971382591425,0.00011197108603579473,0.02913190149234015,4.261452078411212e-18,1.3052697414823037e-18,1.636779141119933e-16,1.4628128821359995e-16,504272941347.0749,504272941347.0749,rank1
AR-S2,4,0,fit,cubic_bspline,48,28,0.0010825305161768883,2.86951077237206e-05,2.8695090910216196e-05,0.0010825305157312047,0.0010829107658050761,3.153617235972627e-05,0.02913190149234015,4.261452078411212e-18,1.3052697414823037e-18,1.636779141119933e-16,1.4628128821359995e-16,142026294087.95496,142026294087.95496,rank1
AR-S2,4,0,fit,discrete_identity,64,28,0.0,2.86951077237206e-05,2.86951077237206e-05,0.0,2.8695107723715143e-05,8.359430515193586e-07,0.02913190149234015,4.261452078411212e-18,1.3052697414823037e-18,1.636779141119933e-16,1.4628128821359995e-16,3764752815.3255386,3764752815.3255386,rank1
AR-S2,4,0,fit,cubic_bspline,32,32,0.012317454882003013,1.4241964639755078e-05,1.4240884205512948e-05,0.012317454880753817,0.012317463114333375,0.0003588308822588566,0.02913190149234015,4.261452078411212e-18,1.3052697414823037e-18,1.636779141119933e-16,1.4628128821359995e-16,1616030627630.013,1616030627630.013,rank1
AR-S2,4,0,fit,cubic_bspline,40,32,0.00384359002673521,1.4241964639755078e-05,1.424185943977763e-05,0.003843590026345406,0.003843616412205955,0.00011197108603579249,0.02913190149234015,4.261452078411212e-18,1.3052697414823037e-18,1.636779141119933e-16,1.4628128821359995e-16,504272941347.0648,504272941347.0648,rank1
AR-S2,4,0,fit,cubic_bspline,48,32,0.0010825305161768883,1.4241964639755078e-05,1.4241956294874488e-05,0.0010825305160671015,0.0010826241969276854,3.1536172359717926e-05,0.02913190149234015,4.261452078411212e-18,1.3052697414823037e-18,1.636779141119933e-16,1.4628128821359995e-16,142026294087.9174,142026294087.9174,rank1
AR-S2,4,0,fit,discrete_identity,64,32,0.0,1.4241964639755078e-05,1.4241964639755078e-05,0.0,1.4241964639752523e-05,4.1489551094266223e-07,0.02913190149234015,4.261452078411212e-18,1.3052697414823037e-18,1.636779141119933e-16,1.4628128821359995e-16,1868523268.4790652,1868523268.4790652,rank1
AR-S2,4,1,core,cubic_bspline,32,24,0.014346672953089536,4.927985874105684e-13,4.92743212396207e-13,0.014346672953089452,0.01434667295308956,0.0004117751867865474,0.02870178947641457,3.4208883298478487e-18,1.049250536570452e-18,1.3561608440693382e-16,1.191872838680993e-16,1854470577772.3113,1854470577772.3113,rank1
AR-S2,4,1,core,cubic_bspline,40,24,0.003847864695759591,4.927985874105684e-13,4.92793598632341e-13,0.0038478646957595688,0.0038478646957596048,0.00011044060243142014,0.02870178947641457,3.4208883298478487e-18,1.049250536570452e-18,1.3561608440693382e-16,1.191872838680993e-16,497380255956.71686,497380255956.71686,rank1
AR-S2,4,1,core,cubic_bspline,48,24,0.0012551015671771945,4.927985874105684e-13,4.927991409719945e-13,0.0012551015671771876,0.0012551015671772021,3.602366095263805e-05,0.02870178947641457,3.4208883298478487e-18,1.049250536570452e-18,1.3561608440693382e-16,1.191872838680993e-16,162236146042.8218,162236146042.8218,rank1
AR-S2,4,1,core,discrete_identity,64,24,0.0,4.927985874105684e-13,4.927985874105684e-13,0.0,4.927975018581457e-13,1.4144164000448499e-14,0.02870178947641457,3.4208883298478487e-18,1.049250536570452e-18,1.3561608440693382e-16,1.191872838680993e-16,63.699651721887044,63.699651721887044,rank1
AR-S2,4,1,core,cubic_bspline,32,28,0.014346672953089536,3.074630155903653e-10,3.074313722973483e-10,0.014346672953060037,0.014346672953089544,0.0004117751867865467,0.02870178947641457,3.4208883298478487e-18,1.049250536570452e-18,1.3561608440693382e-16,1.191872838680993e-16,1854470577772.308,1854470577772.308,rank1
AR-S2,4,1,core,cubic_bspline,40,28,0.003847864695759591,3.074630155903653e-10,3.0746074247349045e-10,0.0038478646957516792,0.003847864695759598,0.0001104406024314196,0.02870178947641457,3.4208883298478487e-18,1.049250536570452e-18,1.3561608440693382e-16,1.191872838680993e-16,497380255956.7144,497380255956.7144,rank1
AR-S2,4,1,core,cubic_bspline,48,28,0.0012551015671771945,3.074630155903653e-10,3.074627755796527e-10,0.0012551015671746141,0.0012551015671772307,3.6023660952637785e-05,0.02870178947641457,3.4208883298478487e-18,1.049250536570452e-18,1.3561608440693382e-16,1.191872838680993e-16,162236146042.82062,162236146042.82062,rank1
AR-S2,4,1,core,discrete_identity,64,28,0.0,3.074630155903653e-10,3.074630155903653e-10,0.0,3.074630186525827e-10,8.82473883314008e-12,0.02870178947641457,3.4208883298478487e-18,1.049250536570452e-18,1.3561608440693382e-16,1.191872838680993e-16,39743.09052057161,39743.09052057161,rank1
AR-S2,4,1,core,cubic_bspline,32,32,0.014346672953089536,3.3483128262869317e-10,3.3479681906683576e-10,0.014346672953061235,0.01434667295308955,0.0004117751867865472,0.02870178947641457,3.4208883298478487e-18,1.049250536570452e-18,1.3561608440693382e-16,1.191872838680993e-16,1854470577772.3103,1854470577772.3103,rank1
AR-S2,4,1,core,cubic_bspline,40,32,0.003847864695759591,3.3483128262869317e-10,3.348288007830503e-10,0.0038478646957520015,0.0038478646957596143,0.00011044060243141998,0.02870178947641457,3.4208883298478487e-18,1.049250536570452e-18,1.3561608440693382e-16,1.191872838680993e-16,497380255956.7161,497380255956.7161,rank1
AR-S2,4,1,core,cubic_bspline,48,32,0.0012551015671771945,3.3483128262869317e-10,3.34831018784557e-10,0.0012551015671747189,0.0012551015671772327,3.602366095263764e-05,0.02870178947641457,3.4208883298478487e-18,1.049250536570452e-18,1.3561608440693382e-16,1.191872838680993e-16,162236146042.81998,162236146042.81998,rank1
AR-S2,4,1,core,discrete_identity,64,32,0.0,3.3483128262869317e-10,3.3483128262869317e-10,0.0,3.348312654349059e-10,9.61025649062577e-12,0.02870178947641457,3.4208883298478487e-18,1.049250536570452e-18,1.3561608440693382e-16,1.191872838680993e-16,43280.74755011711,43280.74755011711,rank1
AR-S2,4,1,fit,cubic_bspline,32,24,0.014346672953089546,9.406188666398158e-15,9.406001558717924e-15,0.014346672953089556,0.014346672953089558,0.001987181951393101,0.13851169242449077,1.8861628350608142e-17,5.392099112901499e-18,1.5215934634693945e-16,1.3617354622167006e-16,8949471895811.346,8949471895811.346,rank1
AR-S2,4,1,fit,cubic_bspline,40,24,0.0038478646957596056,9.406188666398158e-15,9.407141963413712e-15,0.0038478646957596087,0.0038478646957596156,0.0005329742512301126,0.13851169242449077,1.8861628350608142e-17,5.392099112901499e-18,1.5215934634693945e-16,1.3617354622167006e-16,2400302639238.0044,2400302639238.0044,rank1
AR-S2,4,1,fit,cubic_bspline,48,24,0.001255101567177167,9.406188666398158e-15,9.406428117503028e-15,0.0012551015671771674,0.001255101567177173,0.00017384624223434095,0.13851169242449077,1.8861628350608142e-17,5.392099112901499e-18,1.5215934634693945e-16,1.3617354622167006e-16,782933871746.3389,782933871746.3389,rank1
AR-S2,4,1,fit,discrete_identity,64,24,0.0,9.406188666398158e-15,9.406188666398158e-15,0.0,9.413252785684078e-15,1.30273494657746e-15,0.13851169242449077,1.8861628350608142e-17,5.392099112901499e-18,1.5215934634693945e-16,1.3617354622167006e-16,5.866996619968772,5.866996619968772,rank1
AR-S2,4,1,fit,cubic_bspline,32,28,0.014346672953089546,4.540270060512993e-15,4.545471544802773e-15,0.01434667295308955,0.014346672953089553,0.0019871819513931003,0.13851169242449077,1.8861628350608142e-17,5.392099112901499e-18,1.5215934634693945e-16,1.3617354622167006e-16,8949471895811.342,8949471895811.342,rank1
AR-S2,4,1,fit,cubic_bspline,40,28,0.0038478646957596056,4.540270060512993e-15,4.5448866613522884e-15,0.003847864695759607,0.003847864695759603,0.000532974251230111,0.13851169242449077,1.8861628350608142e-17,5.392099112901499e-18,1.5215934634693945e-16,1.3617354622167006e-16,2400302639237.997,2400302639237.997,rank1
AR-S2,4,1,fit,cubic_bspline,48,28,0.001255101567177167,4.540270060512993e-15,4.545231790375711e-15,0.001255101567177167,0.0012551015671771726,0.0001738462422343409,0.13851169242449077,1.8861628350608142e-17,5.392099112901499e-18,1.5215934634693945e-16,1.3617354622167006e-16,782933871746.3386,782933871746.3386,rank1
AR-S2,4,1,fit,discrete_identity,64,28,0.0,4.540270060512993e-15,4.540270060512993e-15,0.0,4.550737516103298e-15,6.281260520165106e-16,0.13851169242449077,1.8861628350608142e-17,5.392099112901499e-18,1.5215934634693945e-16,1.3617354622167006e-16,2.828828253803258,2.828828253803258,rank1
AR-S2,4,1,fit,cubic_bspline,32,32,0.014346672953089546,8.534190161915297e-15,8.53566433252047e-15,0.014346672953089558,0.014346672953089556,0.0019871819513931008,0.13851169242449077,1.8861628350608142e-17,5.392099112901499e-18,1.5215934634693945e-16,1.3617354622167006e-16,8949471895811.344,8949471895811.344,rank1
AR-S2,4,1,fit,cubic_bspline,40,32,0.0038478646957596056,8.534190161915297e-15,8.536544931929399e-15,0.0038478646957596104,0.0038478646957596026,0.0005329742512301108,0.13851169242449077,1.8861628350608142e-17,5.392099112901499e-18,1.5215934634693945e-16,1.3617354622167006e-16,2400302639237.996,2400302639237.996,rank1
AR-S2,4,1,fit,cubic_bspline,48,32,0.001255101567177167,8.534190161915297e-15,8.537286687065477e-15,0.0012551015671771679,0.0012551015671771783,0.00017384624223434165,0.13851169242449077,1.8861628350608142e-17,5.392099112901499e-18,1.5215934634693945e-16,1.3617354622167006e-16,782933871746.342,782933871746.342,rank1
AR-S2,4,1,fit,discrete_identity,64,32,0.0,8.534190161915297e-15,8.534190161915297e-15,0.0,8.540201725199167e-15,1.181525819277293e-15,0.13851169242449077,1.8861628350608142e-17,5.392099112901499e-18,1.5215934634693945e-16,1.3617354622167006e-16,5.321119239425837,5.321119239425837,rank1
AR-S2,4,2,core,cubic_bspline,32,24,0.01710032803128387,0.00015649612944079508,0.00015647324637335725,0.017100327821881485,0.017101043905397798,0.00038284012900536256,0.022387882168376578,1.0151493770070262e-17,7.069514192441907e-19,4.5740157181901465e-16,4.534369840667417e-16,1724158662331.0234,1724158662331.0234,rank1
AR-S2,4,2,core,cubic_bspline,40,24,0.0036792162792708754,0.00015649612944079508,0.00015649507022192402,0.0036792162342169647,0.0036825430257711117,8.236986053411706e-05,0.022387882168376578,1.0151493770070262e-17,7.069514192441907e-19,4.5740157181901465e-16,4.534369840667417e-16,370960873208.00934,370960873208.00934,rank1
AR-S2,4,2,core,cubic_bspline,48,24,0.0015119474805475126,0.00015649612944079508,0.00015649595056678266,0.0015119474620329315,0.0015200250545559309,3.384930204376032e-05,0.022387882168376578,1.0151493770070262e-17,7.069514192441907e-19,4.5740157181901465e-16,4.534369840667417e-16,152443704071.03033,152443704071.03033,rank1
AR-S2,4,2,core,discrete_identity,64,24,0.0,0.00015649612944079508,0.00015649612944079508,0.0,0.0001564961294408041,3.5036169057277313e-06,0.022387882168376578,1.0151493770070262e-17,7.069514192441907e-19,4.5740157181901465e-16,4.534369840667417e-16,15778887791.084381,15778887791.084381,rank1
AR-S2,4,2,core,cubic_bspline,32,28,0.01710032803128387,7.479064677926863e-05,7.477971079368975e-05,0.01710032798345732,0.017100491536288048,0.00038284012900499057,0.022387882168376578,1.0151493770070262e-17,7.069514192441907e-19,4.5740157181901465e-16,4.534369840667417e-16,1724158662329.3481,1724158662329.3481,rank1
AR-S2,4,2,core,cubic_bspline,40,28,0.0036792162792708754,7.479064677926863e-05,7.479014057081227e-05,0.003679216268980768,0.0036799763579102524,8.23698605323844e-05,0.022387882168376578,1.0151493770070262e-17,7.069514192441907e-19,4.5740157181901465e-16,4.534369840667417e-16,370960873200.2061,370960873200.2061,rank1
AR-S2,4,2,core,cubic_bspline,48,28,0.0015119474805475126,7.479064677926863e-05,7.479056129406257e-05,0.0015119474763188672,0.0015137961593268392,3.384930203950405e-05,0.022387882168376578,1.0151493770070262e-17,7.069514192441907e-19,4.5740157181901465e-16,4.534369840667417e-16,152443704051.86182,152443704051.86182,rank1
AR-S2,4,2,core,discrete_identity,64,28,0.0,7.479064677926863e-05,7.479064677926863e-05,0.0,7.479064677926684e-05,1.6744041873908994e-06,0.022387882168376578,1.0151493770070262e-17,7.069514192441907e-19,4.5740157181901465e-16,4.534369840667417e-16,7540846074.401253,7540846074.401253,rank1
AR-S2,4,2,core,cubic_bspline,32,32,0.01710032803128387,4.026208986160809e-05,4.025620268649397e-05,0.01710032801742375,0.017100375415158787,0.00038284012900497154,0.022387882168376578,1.0151493770070262e-17,7.069514192441907e-19,4.5740157181901465e-16,4.534369840667417e-16,1724158662329.2625,1724158662329.2625,rank1
AR-S2,4,2,core,cubic_bspline,40,32,0.0036792162792708754,4.026208986160809e-05,4.026181735413836e-05,0.0036792162762888055,0.003679436566050331,8.236986053229655e-05,0.022387882168376578,1.0151493770070262e-17,7.069514192441907e-19,4.5740157181901465e-16,4.534369840667417e-16,370960873199.8105,370960873199.8105,rank1
AR-S2,4,2,core,cubic_bspline,48,32,0.0015119474805475126,4.026208986160809e-05,4.026204384230555e-05,0.0015119474793220526,0.0015124834597800934,3.384930203929124e-05,0.022387882168376578,1.0151493770070262e-17,7.069514192441907e-19,4.5740157181901465e-16,4.534369840667417e-16,152443704050.9034,152443704050.9034,rank1
AR-S2,4,2,core,discrete_identity,64,32,0.0,4.026208986160809e-05,4.026208986160809e-05,0.0,4.0262089861615485e-05,9.013829236744367e-07,0.022387882168376578,1.0151493770070262e-17,7.069514192441907e-19,4.5740157181901465e-16,4.534369840667417e-16,4059467799.1783214,4059467799.1783214,rank1
AR-S2,4,2,fit,cubic_bspline,32,24,0.01710032803128387,0.00015699724361592642,0.00015697428727492785,0.017100327820538275,0.01710104849722316,0.00039645667325733703,0.02318415603090392,7.336360348353819e-18,9.588687553848997e-19,3.236351599869619e-16,3.1643853408226845e-16,1785482125950.2896,1785482125950.2896,rank1
AR-S2,4,2,fit,cubic_bspline,40,24,0.0036792162792708763,0.00015699724361592642,0.00015699618100535042,0.0036792162339279668,0.00368256435524242,8.529952429197518e-05,0.02318415603090392,7.336360348353819e-18,9.588687553848997e-19,3.236351599869619e-16,3.1643853408226845e-16,384154905816.22,384154905816.22,rank1
AR-S2,4,2,fit,cubic_bspline,48,24,0.0015119474805475118,0.00015699724361592642,0.0001569970641691416,0.0015119474619141693,0.0015200767290145887,3.505322630425421e-05,0.02318415603090392,7.336360348353819e-18,9.588687553848997e-19,3.236351599869619e-16,3.1643853408226845e-16,157865696921.97293,157865696921.97293,rank1
AR-S2,4,2,fit,discrete_identity,64,24,0.0,0.00015699724361592642,0.00015699724361592642,0.0,0.00015699724361592537,3.6398485924134486e-06,0.02318415603090392,7.336360348353819e-18,9.588687553848997e-19,3.236351599869619e-16,3.1643853408226845e-16,16392420764.478231,16392420764.478231,rank1
AR-S2,4,2,fit,cubic_bspline,32,28,0.01710032803128387,7.48494392774005e-05,7.48384946950987e-05,0.017100327983382093,0.01710049179344854,0.0003964566732569463,0.02318415603090392,7.336360348353819e-18,9.588687553848997e-19,3.236351599869619e-16,3.1643853408226845e-16,1785482125948.5298,1785482125948.5298,rank1
AR-S2,4,2,fit,cubic_bspline,40,28,0.0036792162792708763,7.48494392774005e-05,7.484893267101423e-05,0.0036792162689645845,0.0036799775532431966,8.529952429015658e-05,0.02318415603090392,7.336360348353819e-18,9.588687553848997e-19,3.236351599869619e-16,3.1643853408226845e-16,384154905808.0297,384154905808.0297,rank1
AR-S2,4,2,fit,cubic_bspline,48,28,0.0015119474805475118,7.48494392774005e-05,7.484935372498821e-05,0.001511947476312215,0.0015137990651625563,3.505322629978689e-05,0.02318415603090392,7.336360348353819e-18,9.588687553848997e-19,3.236351599869619e-16,3.1643853408226845e-16,157865696901.8539,157865696901.8539,rank1
AR-S2,4,2,fit,discrete_identity,64,28,0.0,7.48494392774005e-05,7.48494392774005e-05,0.0,7.48494392774034e-05,1.735321079032989e-06,0.02318415603090392,7.336360348353819e-18,9.588687553848997e-19,3.236351599869619e-16,3.1643853408226845e-16,7815191364.901136,7815191364.901136,rank1
AR-S2,4,2,fit,cubic_bspline,32,32,0.01710032803128387,4.021111577319478e-05,4.020523605158263e-05,0.017100328017458817,0.017100375295253583,0.00039645667325692726,0.02318415603090392,7.336360348353819e-18,9.588687553848997e-19,3.236351599869619e-16,3.1643853408226845e-16,1785482125948.444,1785482125948.444,rank1
AR-S2,4,2,fit,cubic_bspline,40,32,0.0036792162792708763,4.021111577319478e-05,4.021084361073281e-05,0.0036792162762963516,0.0036794360086290115,8.529952429006623e-05,0.02318415603090392,7.336360348353819e-18,9.588687553848997e-19,3.236351599869619e-16,3.1643853408226845e-16,384154905807.62286,384154905807.62286,rank1
AR-S2,4,2,fit,cubic_bspline,48,32,0.0015119474805475118,4.021111577319478e-05,4.02110698121638e-05,0.0015119474793251519,0.0015124821037187164,3.505322629956555e-05,0.02318415603090392,7.336360348353819e-18,9.588687553848997e-19,3.236351599869619e-16,3.1643853408226845e-16,157865696900.8571,157865696900.8571,rank1
AR-S2,4,2,fit,discrete_identity,64,32,0.0,4.021111577319478e-05,4.021111577319478e-05,0.0,4.02111157732014e-05,9.322607822626428e-07,0.02318415603090392,7.336360348353819e-18,9.588687553848997e-19,3.236351599869619e-16,3.1643853408226845e-16,4198529311.610165,4198529311.610165,rank1
AR-S3,0,0,core,cubic_bspline,32,24,0.008149302499045606,0.00011134382898313123,0.00011134157987300395,0.008149302468316357,0.008150063077569361,0.00020838106679991214,0.025572831551863448,0.0008838393399799277,5.169697364660186e-18,0.03454102976836085,0.03456165337762622,0.23576803766694132,0.2357680376669427,weak_rank2
AR-S3,0,0,core,cubic_bspline,40,24,0.0037278324390149714,0.00011134382898313123,0.00011134304611318847,0.003727832415632103,0.0037294948675779204,9.533222041983327e-05,0.025572831551863448,0.0008838393399799277,5.169697364660186e-18,0.03454102976836085,0.03456165337762622,0.10786148127554301,0.10786148127554365,weak_rank2
AR-S3,0,0,core,cubic_bspline,48,24,0.0010737769340145613,0.00011134382898313123,0.00011134376618959538,0.0010737769275032754,0.0010795343154763513,2.745901494601815e-05,0.025572831551863448,0.0008838393399799277,5.169697364660186e-18,0.03454102976836085,0.03456165337762622,0.031067880443793956,0.031067880443794136,weak_rank2
AR-S3,0,0,core,discrete_identity,64,24,0.0,0.00011134382898313123,0.00011134382898313123,0.0,0.00011134382898313387,2.846822914902835e-06,0.025572831551863448,0.0008838393399799277,5.169697364660186e-18,0.03454102976836085,0.03456165337762622,0.0032209732992508427,0.0032209732992508617,weak_rank2
AR-S3,0,0,core,cubic_bspline,32,28,0.008149302499045606,4.6023547617205356e-05,4.602261640797924e-05,0.008149302493786613,0.008149432452764543,0.00020838106679984855,0.025572831551863448,0.0008838393399799277,5.169697364660186e-18,0.03454102976836085,0.03456165337762622,0.23576803766686938,0.23576803766687077,weak_rank2
AR-S3,0,0,core,cubic_bspline,40,28,0.0037278324390149714,4.6023547617205356e-05,4.602322403067277e-05,0.0037278324350200095,0.0037281165258777086,9.533222041945999e-05,0.025572831551863448,0.0008838393399799277,5.169697364660186e-18,0.03454102976836085,0.03456165337762622,0.10786148127512069,0.10786148127512132,weak_rank2
AR-S3,0,0,core,cubic_bspline,48,28,0.0010737769340145613,4.6023547617205356e-05,4.602352166026384e-05,0.0010737769329020115,0.001074762796419609,2.745901494479421e-05,0.025572831551863448,0.0008838393399799277,5.169697364660186e-18,0.03454102976836085,0.03456165337762622,0.031067880442409157,0.031067880442409337,weak_rank2
AR-S3,0,0,core,discrete_identity,64,28,0.0,4.6023547617205356e-05,4.6023547617205356e-05,0.0,4.6023547617210844e-05,1.1762926010832663e-06,0.025572831551863448,0.0008838393399799277,5.169697364660186e-18,0.03454102976836085,0.03456165337762622,0.00133088961746145,0.0013308896174614579,weak_rank2
AR-S3,0,0,core,cubic_bspline,32,32,0.008149302499045606,2.2663185048511358e-05,2.266272590452088e-05,0.008149302497768731,0.008149334010831583,0.000208381066799847,0.025572831551863448,0.0008838393399799277,5.169697364660186e-18,0.03454102976836085,0.03456165337762622,0.23576803766686763,0.23576803766686902,weak_rank2
AR-S3,0,0,core,cubic_bspline,40,32,0.0037278324390149714,2.2663185048511358e-05,2.2663025709862587e-05,0.003727832438046279,0.0037279013273029036,9.533222041944988e-05,0.025572831551863448,0.0008838393399799277,5.169697364660186e-18,0.03454102976836085,0.03456165337762622,0.10786148127510924,0.10786148127510987,weak_rank2
AR-S3,0,0,core,cubic_bspline,48,32,0.0010737769340145613,2.2663185048511358e-05,2.2663172266077342e-05,0.0010737769337447734,0.0010740160722255726,2.745901494475986e-05,0.025572831551863448,0.0008838393399799277,5.169697364660186e-18,0.03454102976836085,0.03456165337762622,0.03106788044237029,0.031067880442370473,weak_rank2
AR-S3,0,0,core,discrete_identity,64,32,0.0,2.2663185048511358e-05,2.2663185048511358e-05,0.0,2.266318504850931e-05,5.790732065015355e-07,0.025572831551863448,0.0008838393399799277,5.169697364660186e-18,0.03454102976836085,0.03456165337762622,0.0006551792620078288,0.0006551792620078326,weak_rank2
AR-S3,0,0,fit,cubic_bspline,32,24,0.007713064283213415,7.322357729795116e-05,7.322209335443257e-05,0.007713064269125828,0.007713411833419599,0.0002116640709401992,0.02769272454140509,0.00542430030805398,4.4376846434019655e-18,0.1922217972728157,0.1958745626470872,0.03902145141667787,0.039021451416677906,strong_rank2
AR-S3,0,0,fit,cubic_bspline,40,24,0.0037337793163421174,7.322357729795116e-05,7.322306248781711e-05,0.0037337793062461586,0.003734497235241229,0.00010344714685203822,0.02769272454140509,0.00542430030805398,4.4376846434019655e-18,0.1922217972728157,0.1958745626470872,0.01907105819684067,0.019071058196840684,strong_rank2
AR-S3,0,0,fit,cubic_bspline,48,24,0.0010706331385730778,7.322357729795116e-05,7.322353599777802e-05,0.0010706331357484462,0.001073134196470715,2.962343079042871e-05,0.02769272454140509,0.00542430030805398,4.4376846434019655e-18,0.1922217972728157,0.1958745626470872,0.0054612446044781035,0.005461244604478108,strong_rank2
AR-S3,0,0,fit,discrete_identity,64,24,0.0,7.322357729795116e-05,7.322357729795116e-05,0.0,7.322357729795202e-05,2.063041443036527e-06,0.02769272454140509,0.00542430030805398,4.4376846434019655e-18,0.1922217972728157,0.1958745626470872,0.00038033319061876633,0.0003803331906187666,strong_rank2
AR-S3,0,0,fit,cubic_bspline,32,28,0.007713064283213415,3.027681757506551e-05,3.027620223887241e-05,0.0077130642807980015,0.007713123704790715,0.00021166407094017886,0.02769272454140509,0.00542430030805398,4.4376846434019655e-18,0.1922217972728157,0.1958745626470872,0.039021451416674124,0.03902145141667415,strong_rank2
AR-S3,0,0,fit,cubic_bspline,40,28,0.0037337793163421174,3.027681757506551e-05,3.0276604720322844e-05,0.0037337793146161075,0.003733902068337846,0.00010344714685194671,0.02769272454140509,0.00542430030805398,4.4376846434019655e-18,0.1922217972728157,0.1958745626470872,0.0190710581968238,0.019071058196823816,strong_rank2
AR-S3,0,0,fit,cubic_bspline,48,28,0.0010706331385730778,3.027681757506551e-05,3.027680049637127e-05,0.001070633138090103,0.001071061157011649,2.9623430790122657e-05,0.02769272454140509,0.00542430030805398,4.4376846434019655e-18,0.1922217972728157,0.1958745626470872,0.005461244604421681,0.005461244604421685,strong_rank2
AR-S3,0,0,fit,discrete_identity,64,28,0.0,3.027681757506551e-05,3.027681757506551e-05,0.0,3.0276817575071113e-05,8.524777011121075e-07,0.02769272454140509,0.00542430030805398,4.4376846434019655e-18,0.1922217972728157,0.1958745626470872,0.00015715901640739763,0.00015715901640739777,strong_rank2
AR-S3,0,0,fit,cubic_bspline,32,32,0.007713064283213415,1.4913740619829663e-05,1.4913436818260958e-05,0.0077130642826260115,0.0077130787009844545,0.00021166407094017797,0.02769272454140509,0.00542430030805398,4.4376846434019655e-18,0.1922217972728157,0.1958745626470872,0.03902145141667396,0.03902145141667399,strong_rank2
AR-S3,0,0,fit,cubic_bspline,40,32,0.0037337793163421174,1.4913740619829663e-05,1.4913635776463281e-05,0.0037337793159233526,0.003733809100593719,0.00010344714685194468,0.02769272454140509,0.00542430030805398,4.4376846434019655e-18,0.1922217972728157,0.1958745626470872,0.019071058196823424,0.01907105819682344,strong_rank2
AR-S3,0,0,fit,cubic_bspline,48,32,0.0010706331385730778,1.4913740619829663e-05,1.4913732206508352e-05,0.0010706331384558838,0.0010707370063741855,2.9623430790113946e-05,0.02769272454140509,0.00542430030805398,4.4376846434019655e-18,0.1922217972728157,0.1958745626470872,0.005461244604420074,0.005461244604420079,strong_rank2
AR-S3,0,0,fit,discrete_identity,64,32,0.0,1.4913740619829663e-05,1.4913740619829663e-05,0.0,1.4913740619831096e-05,4.1968997454627456e-07,0.02769272454140509,0.00542430030805398,4.4376846434019655e-18,0.1922217972728157,0.1958745626470872,7.73721864040456e-05,7.737218640404567e-05,strong_rank2
AR-S3,0,1,core,cubic_bspline,32,24,0.016294310543039012,0.0008255411650745477,0.0008254371216083278,0.01629430527207247,0.016315204642134342,0.000428423528268738,0.02605269957743818,0.015810567758016248,6.194647909978962e-18,0.5188068713000926,0.6068686936269864,0.02709728928308216,0.04182952688192587,strong_rank2
AR-S3,0,1,core,cubic_bspline,40,24,0.003712127516194218,0.0008255411650745477,0.000825535646482426,0.003712126288916741,0.0038028147207166507,9.723571931513998e-05,0.02605269957743818,0.015810567758016248,6.194647909978962e-18,0.5188068713000926,0.6068686936269864,0.006150046020063997,0.009493699263931949,strong_rank2
AR-S3,0,1,core,cubic_bspline,48,24,0.0007573785230443616,0.0008255411650745477,0.0008255406636447288,0.0007573779764867709,0.001120330136388297,2.5158267470362755e-05,0.02605269957743818,0.015810567758016248,6.194647909978962e-18,0.5188068713000926,0.6068686936269864,0.0015912311218303373,0.0024563506810814212,strong_rank2
AR-S3,0,1,core,discrete_identity,64,24,0.0,0.0008255411650745477,0.0008255411650745477,0.0,0.0008255411650745484,2.5158253002190906e-05,0.02605269957743818,0.015810567758016248,6.194647909978962e-18,0.5188068713000926,0.6068686936269864,0.0015912302067353154,0.0024563492684680993,strong_rank2
AR-S3,0,1,core,cubic_bspline,32,28,0.016294310543039012,0.00027866789828266404,0.00027863277759421353,0.016294309942437222,0.016296692679735415,0.00042842352826553645,0.02605269957743818,0.015810567758016248,6.194647909978962e-18,0.5188068713000926,0.6068686936269864,0.027097289282879664,0.04182952688161328,strong_rank2
AR-S3,0,1,core,cubic_bspline,40,28,0.003712127516194218,0.00027866789828266404,0.00027866603543858816,0.003712127376351734,0.0037225724245195167,9.723571929844248e-05,0.02605269957743818,0.015810567758016248,6.194647909978962e-18,0.5188068713000926,0.6068686936269864,0.0061500460190079,0.009493699262301673,strong_rank2
AR-S3,0,1,core,cubic_bspline,48,28,0.0007573785230443616,0.00027866789828266404,0.0002786677290210943,0.0007573784607667128,0.0008070179244395106,1.7659385256803874e-05,0.02605269957743818,0.015810567758016248,6.194647909978962e-18,0.5188068713000926,0.6068686936269864,0.0011169355539335545,0.0017241903900628156,strong_rank2
AR-S3,0,1,core,discrete_identity,64,28,0.0,0.00027866789828266404,0.00027866789828266404,0.0,0.00027866789828266366,8.492365717403036e-06,0.02605269957743818,0.015810567758016248,6.194647909978962e-18,0.5188068713000926,0.6068686936269864,0.0005371322426481017,0.0008291599705150395,strong_rank2
AR-S3,0,1,core,cubic_bspline,32,32,0.016294310543039012,0.0001312047787583816,0.00013118824293855278,0.01629431040989793,0.016294838643818414,0.0004284235282654971,0.02605269957743818,0.015810567758016248,6.194647909978962e-18,0.5188068713000926,0.6068686936269864,0.027097289282877177,0.041829526881609444,strong_rank2
AR-S3,0,1,core,cubic_bspline,40,32,0.003712127516194218,0.0001312047787583816,0.00013120390167836518,0.0037121274851940112,0.0037144454714400955,9.723571929824686e-05,0.02605269957743818,0.015810567758016248,6.194647909978962e-18,0.5188068713000926,0.6068686936269864,0.006150046018995527,0.009493699262282574,strong_rank2
AR-S3,0,1,core,cubic_bspline,48,32,0.0007573785230443616,0.0001312047787583816,0.00013120469906521836,0.000757378509238687,0.000768659157380985,1.7659384580509482e-05,0.02605269957743818,0.015810567758016248,6.194647909978962e-18,0.5188068713000926,0.6068686936269864,0.0011169355111587216,0.001724190324032188,strong_rank2
AR-S3,0,1,core,discrete_identity,64,32,0.0,0.0001312047787583816,0.0001312047787583816,0.0,0.0001312047787583829,3.998447513882364e-06,0.02605269957743818,0.015810567758016248,6.194647909978962e-18,0.5188068713000926,0.6068686936269864,0.00025289714924089793,0.00039039211605343676,strong_rank2
AR-S3,0,1,fit,cubic_bspline,32,24,0.016439673443961633,0.00012210064800174912,0.0001220852595811823,0.016439673329676052,0.016440126756041257,0.0023474597466609723,0.14272264162389325,0.017189146562850553,4.988333902400828e-17,0.11957332516988926,0.12043741880946877,0.1365663931061207,0.1365663931061211,weak_rank2
AR-S3,0,1,fit,cubic_bspline,40,24,0.0037315979493110205,0.00012210064800174912,0.00012209983178118952,0.00373159792260377,0.003733595000026546,0.000532737445698422,0.14272264162389325,0.017189146562850553,4.988333902400828e-17,0.11957332516988926,0.12043741880946877,0.030992664106418308,0.030992664106418398,weak_rank2
AR-S3,0,1,fit,cubic_bspline,48,24,0.0005891948450607874,0.00012210064800174912,0.00012210057383839294,0.0005891948296916924,0.0006017134829616809,8.255560766651412e-05,0.14272264162389325,0.017189146562850553,4.988333902400828e-17,0.11957332516988926,0.12043741880946877,0.004802775249175812,0.004802775249175826,weak_rank2
AR-S3,0,1,fit,discrete_identity,64,24,0.0,0.00012210064800174912,0.00012210064800174912,0.0,0.00012210064800175126,1.755245938790406e-05,0.14272264162389325,0.017189146562850553,4.988333902400828e-17,0.11957332516988926,0.12043741880946877,0.0010211361758843051,0.001021136175884308,weak_rank2
AR-S3,0,1,fit,cubic_bspline,32,28,0.016439673443961633,4.109553358090083e-05,4.109035428525904e-05,0.01643967343101537,0.016439724795790017,0.002347459746660979,0.14272264162389325,0.017189146562850553,4.988333902400828e-17,0.11957332516988926,0.12043741880946877,0.1365663931061211,0.13656639310612148,weak_rank2
AR-S3,0,1,fit,cubic_bspline,40,28,0.0037315979493110205,4.109553358090083e-05,4.1095258864753315e-05,0.003731597946285626,0.0037318242289265534,0.0005327374456984179,0.14272264162389325,0.017189146562850553,4.988333902400828e-17,0.11957332516988926,0.12043741880946877,0.03099266410641807,0.03099266410641816,weak_rank2
AR-S3,0,1,fit,cubic_bspline,48,28,0.0005891948450607874,4.109553358090083e-05,4.1095508619666544e-05,0.0005891948433197764,0.0005906262830884908,8.255560766633855e-05,0.14272264162389325,0.017189146562850553,4.988333902400828e-17,0.11957332516988926,0.12043741880946877,0.004802775249165598,0.004802775249165611,weak_rank2
AR-S3,0,1,fit,discrete_identity,64,28,0.0,4.109553358090083e-05,4.109553358090083e-05,0.0,4.109553358089973e-05,5.907648288587663e-06,0.14272264162389325,0.017189146562850553,4.988333902400828e-17,0.11957332516988926,0.12043741880946877,0.00034368479359850025,0.00034368479359850123,weak_rank2
AR-S3,0,1,fit,cubic_bspline,32,32,0.016439673443961633,1.9326089188639202e-05,1.9323653509604746e-05,0.016439673441098486,0.016439684800740022,0.0023474597466609775,0.14272264162389325,0.017189146562850553,4.988333902400828e-17,0.11957332516988926,0.12043741880946877,0.136566393106121,0.1365663931061214,weak_rank2
AR-S3,0,1,fit,cubic_bspline,40,32,0.0037315979493110205,1.9326089188639202e-05,1.9325959997257556e-05,0.003731597948641936,0.0037316479935856706,0.0005327374456984186,0.14272264162389325,0.017189146562850553,4.988333902400828e-17,0.11957332516988926,0.12043741880946877,0.030992664106418114,0.0309926641064182,weak_rank2
AR-S3,0,1,fit,cubic_bspline,48,32,0.0005891948450607874,1.9326089188639202e-05,1.9326077450065185e-05,0.0005891948446757521,0.0005895117155034449,8.255560766633531e-05,0.14272264162389325,0.017189146562850553,4.988333902400828e-17,0.11957332516988926,0.12043741880946877,0.00480277524916541,0.004802775249165423,weak_rank2
AR-S3,0,1,fit,discrete_identity,64,32,0.0,1.9326089188639202e-05,1.9326089188639202e-05,0.0,1.9326089188639473e-05,2.778203073956992e-06,0.14272264162389325,0.017189146562850553,4.988333902400828e-17,0.11957332516988926,0.12043741880946877,0.00016162542240237145,0.0001616254224023719,weak_rank2
AR-S3,0,2,core,cubic_bspline,32,24,0.016920073218588103,0.00012056682834908664,0.00012054594376777905,0.016920073069776977,0.016920502623945337,0.00039134444298266163,0.02322940215419583,0.01680623611305661,5.70469429154707e-18,0.5861652971114201,0.7234898255881704,0.02328566850721737,0.06092703200822946,strong_rank2
AR-S3,0,2,core,cubic_bspline,40,24,0.0036752452484113463,0.00012056682834908664,0.00012056599681321682,0.00367524522113087,0.0036772222934652312,8.518595718418604e-05,0.02322940215419583,0.01680623611305661,5.70469429154707e-18,0.5861652971114201,0.7234898255881704,0.005068711198101391,0.013262300342009746,strong_rank2
AR-S3,0,2,core,cubic_bspline,48,24,0.001511948486365879,0.00012056682834908664,0.00012056669054315721,0.001511948475376056,0.001516748018720509,3.512169246569594e-05,0.02322940215419583,0.01680623611305661,5.70469429154707e-18,0.5861652971114201,0.7234898255881704,0.0020898012041143596,0.0054679720624918994,strong_rank2
AR-S3,0,2,core,discrete_identity,64,24,0.0,0.00012056682834908664,0.00012056682834908664,0.0,0.0001205668283490901,3.4568313658663926e-06,0.02322940215419583,0.01680623611305661,5.70469429154707e-18,0.5861652971114201,0.7234898255881704,0.00020568742118176072,0.0005381818473516039,strong_rank2
AR-S3,0,2,core,cubic_bspline,32,28,0.016920073218588103,5.749971365006426e-05,5.7489753551918237e-05,0.016920073184743773,0.016920170885488885,0.0003913444429824189,0.02322940215419583,0.01680623611305661,5.70469429154707e-18,0.5861652971114201,0.7234898255881704,0.023285668507202928,0.06092703200819167,strong_rank2
AR-S3,0,2,core,cubic_bspline,40,28,0.0036752452484113463,5.749971365006426e-05,5.749931708100014e-05,0.0036752452422070614,0.0036756950101218965,8.518595718366312e-05,0.02322940215419583,0.01680623611305661,5.70469429154707e-18,0.5861652971114201,0.7234898255881704,0.005068711198070276,0.013262300341928334,strong_rank2
AR-S3,0,2,core,cubic_bspline,48,28,0.001511948486365879,5.749971365006426e-05,5.7499647928826104e-05,0.0015119484838665178,0.0015130414518234943,3.512169246454749e-05,0.02322940215419583,0.01680623611305661,5.70469429154707e-18,0.5861652971114201,0.7234898255881704,0.002089801204046025,0.005467972062313102,strong_rank2
AR-S3,0,2,core,discrete_identity,64,28,0.0,5.749971365006426e-05,5.749971365006426e-05,0.0,5.7499713650067744e-05,1.6486028238080677e-06,0.02322940215419583,0.01680623611305661,5.70469429154707e-18,0.5861652971114201,0.7234898255881704,9.809470798326362e-05,0.0002566651419641131,strong_rank2
AR-S3,0,2,core,cubic_bspline,32,32,0.016920073218588103,3.087303466271255e-05,3.086768683685515e-05,0.016920073208831075,0.016920101374887607,0.00039134444298240674,0.02322940215419583,0.01680623611305661,5.70469429154707e-18,0.5861652971114201,0.7234898255881704,0.023285668507202206,0.060927032008189774,strong_rank2
AR-S3,0,2,core,cubic_bspline,40,32,0.0036752452484113463,3.087303466271255e-05,3.0872821734862527e-05,0.0036752452466226973,0.0036753749151742397,8.518595718363672e-05,0.02322940215419583,0.01680623611305661,5.70469429154707e-18,0.5861652971114201,0.7234898255881704,0.005068711198068706,0.013262300341924224,strong_rank2
AR-S3,0,2,core,cubic_bspline,48,32,0.001511948486365879,3.087303466271255e-05,3.0872999375330814e-05,0.0015119484856453314,0.0015122636567458819,3.512169246448879e-05,0.02322940215419583,0.01680623611305661,5.70469429154707e-18,0.5861652971114201,0.7234898255881704,0.002089801204042532,0.005467972062303963,strong_rank2
AR-S3,0,2,core,discrete_identity,64,32,0.0,3.087303466271255e-05,3.087303466271255e-05,0.0,3.0873034662728214e-05,8.851760972976268e-07,0.02322940215419583,0.01680623611305661,5.70469429154707e-18,0.5861652971114201,0.7234898255881704,5.2669502638365385e-05,0.0001378099354163093,strong_rank2
AR-S3,0,2,fit,cubic_bspline,32,24,0.015490641978246683,2.1684785738705333e-05,2.16810295009659e-05,0.015490641972988928,0.015490657150852535,0.0024913677622025224,0.16128626627306628,0.018213938568876074,5.608705341397495e-17,0.11221597992570188,0.1129292591970534,0.13678358213306838,0.1367835821330688,weak_rank2
AR-S3,0,2,fit,cubic_bspline,40,24,0.0036451069627390304,2.1684785738705333e-05,2.16846361811759e-05,0.003645106961849316,0.0036451714628059446,0.0005877628985099318,0.16128626627306628,0.018213938568876074,5.608705341397495e-17,0.11221597992570188,0.1129292591970534,0.032269950636283545,0.03226995063628364,weak_rank2
AR-S3,0,2,fit,cubic_bspline,48,24,0.001511954301446018,2.1684785738705333e-05,2.1684760953346428e-05,0.0015119543010905419,0.0015121097971108697,0.00024385749098435524,0.16128626627306628,0.018213938568876074,5.608705341397495e-17,0.11221597992570188,0.1129292591970534,0.013388509578101808,0.01338850957810185,weak_rank2
AR-S3,0,2,fit,discrete_identity,64,24,0.0,2.1684785738705333e-05,2.1684785738705333e-05,0.0,2.1684785738703195e-05,3.5196890459405737e-06,0.16128626627306628,0.018213938568876074,5.608705341397495e-17,0.11221597992570188,0.1129292591970534,0.00019324151295618228,0.00019324151295618285,weak_rank2
AR-S3,0,2,fit,cubic_bspline,32,28,0.015490641978246683,1.0301393246535277e-05,1.0299608839600298e-05,0.015490641977060132,0.01549064540231171,0.002491367762202525,0.16128626627306628,0.018213938568876074,5.608705341397495e-17,0.11221597992570188,0.1129292591970534,0.13678358213306852,0.13678358213306893,weak_rank2
AR-S3,0,2,fit,cubic_bspline,40,28,0.0036451069627390304,1.0301393246535277e-05,1.0301322198980088e-05,0.0036451069625382418,0.0036451215188314026,0.0005877628985099361,0.16128626627306628,0.018213938568876074,5.608705341397495e-17,0.11221597992570188,0.1129292591970534,0.032269950636283774,0.03226995063628388,weak_rank2
AR-S3,0,2,fit,cubic_bspline,48,28,0.001511954301446018,1.0301393246535277e-05,1.0301381472209444e-05,0.001511954301365795,0.0015119893941828212,0.00024385749098435682,0.16128626627306628,0.018213938568876074,5.608705341397495e-17,0.11221597992570188,0.1129292591970534,0.013388509578101894,0.013388509578101934,weak_rank2
AR-S3,0,2,fit,discrete_identity,64,28,0.0,1.0301393246535277e-05,1.0301393246535277e-05,0.0,1.0301393246530835e-05,1.6720340889985235e-06,0.16128626627306628,0.018213938568876074,5.608705341397495e-17,0.11221597992570188,0.1129292591970534,9.179969959137178e-05,9.179969959137206e-05,weak_rank2
AR-S3,0,2,fit,cubic_bspline,32,32,0.015490641978246683,5.521252015356438e-06,5.520295624295469e-06,0.01549064197790582,0.015490642961861954,0.002491367762202529,0.16128626627306628,0.018213938568876074,5.608705341397495e-17,0.11221597992570188,0.1129292591970534,0.13678358213306874,0.13678358213306915,weak_rank2
AR-S3,0,2,fit,cubic_bspline,40,32,0.0036451069627390304,5.521252015356438e-06,5.521213935901311e-06,0.0036451069626813482,0.003645111144205606,0.0005877628985099329,0.16128626627306628,0.018213938568876074,5.608705341397495e-17,0.11221597992570188,0.1129292591970534,0.0322699506362836,0.032269950636283705,weak_rank2
AR-S3,0,2,fit,cubic_bspline,48,32,0.001511954301446018,5.521252015356438e-06,5.521245704653976e-06,0.0015119543014229717,0.0015119643824558749,0.0002438574909843539,0.16128626627306628,0.018213938568876074,5.608705341397495e-17,0.11221597992570188,0.1129292591970534,0.013388509578101733,0.013388509578101775,weak_rank2
AR-S3,0,2,fit,discrete_identity,64,32,0.0,5.521252015356438e-06,5.521252015356438e-06,0.0,5.521252015355519e-06,8.9616242800314e-07,0.16128626627306628,0.018213938568876074,5.608705341397495e-17,0.11221597992570188,0.1129292591970534,4.920201221796695e-05,4.92020122179671e-05,weak_rank2
AR-S3,1,0,core,cubic_bspline,32,24,0.008148064755114544,0.00015449202544656586,0.0001544889069804665,0.00814806469598682,0.00814952919351295,0.0002077578425591317,0.02550026382077826,0.0008870389911160411,2.637271272708451e-18,0.03476445624570764,0.034785482901289015,0.23421500592407798,0.23421500592407868,weak_rank2
AR-S3,1,0,core,cubic_bspline,40,24,0.0037278500114109893,0.00015449202544656586,0.00015449093918308427,0.003727849966393321,0.003731049873409186,9.506215927899775e-05,0.02550026382077826,0.0008870389911160411,2.637271272708451e-18,0.03476445624570764,0.034785482901289015,0.10716796018108957,0.10716796018108989,weak_rank2
AR-S3,1,0,core,cubic_bspline,48,24,0.0010737676338177817,0.00015449202544656586,0.00015449193832128787,0.0010737676212822843,0.0010848247279818494,2.7380850562896606e-05,0.02550026382077826,0.0008870389911160411,2.637271272708451e-18,0.03476445624570764,0.034785482901289015,0.03086769672711567,0.03086769672711576,weak_rank2
AR-S3,1,0,core,discrete_identity,64,24,0.0,0.00015449202544656586,0.00015449202544656586,0.0,0.00015449202544656299,3.9394761684319725e-06,0.02550026382077826,0.0008870389911160411,2.637271272708451e-18,0.03476445624570764,0.034785482901289015,0.004441153329094883,0.004441153329094896,weak_rank2
AR-S3,1,0,core,cubic_bspline,32,28,0.008148064755114544,6.221522562482966e-05,6.221396782708067e-05,0.008148064745510686,0.008148302266811937,0.0002077578425588954,0.02550026382077826,0.0008870389911160411,2.637271272708451e-18,0.03476445624570764,0.034785482901289015,0.2342150059238116,0.23421500592381228,weak_rank2
AR-S3,1,0,core,cubic_bspline,40,28,0.0037278500114109893,6.221522562482966e-05,6.221478818981574e-05,0.0037278500041105574,0.003728369132401801,9.506215927761247e-05,0.02550026382077826,0.0008870389911160411,2.637271272708451e-18,0.03476445624570764,0.034785482901289015,0.10716796017952787,0.10716796017952819,weak_rank2
AR-S3,1,0,core,cubic_bspline,48,28,0.0010737676338177817,6.221522562482966e-05,6.221519053689124e-05,0.0010737676317847586,0.0010755685293686401,2.7380850558312837e-05,0.02550026382077826,0.0008870389911160411,2.637271272708451e-18,0.03476445624570764,0.034785482901289015,0.030867696721948175,0.030867696721948265,weak_rank2
AR-S3,1,0,core,discrete_identity,64,28,0.0,6.221522562482966e-05,6.221522562482966e-05,0.0,6.221522562482147e-05,1.5859177234983113e-06,0.02550026382077826,0.0008870389911160411,2.637271272708451e-18,0.03476445624570764,0.034785482901289015,0.0017878782549377744,0.0017878782549377796,weak_rank2
AR-S3,1,0,core,cubic_bspline,32,32,0.008148064755114544,3.0158596707043465e-05,3.0157986130798333e-05,0.008148064754080933,0.008148120565975147,0.00020775784255888901,0.02550026382077826,0.0008870389911160411,2.637271272708451e-18,0.03476445624570764,0.034785482901289015,0.23421500592380437,0.23421500592380506,weak_rank2
AR-S3,1,0,core,cubic_bspline,40,32,0.0037278500114109893,3.0158596707043465e-05,3.015838466751144e-05,0.003727850010222095,0.003727972000396853,9.5062159277577e-05,0.02550026382077826,0.0008870389911160411,2.637271272708451e-18,0.03476445624570764,0.034785482901289015,0.10716796017948789,0.10716796017948821,weak_rank2
AR-S3,1,0,core,cubic_bspline,48,32,0.0010737676338177817,3.0158596707043465e-05,3.01585796974749e-05,0.001073767633492547,0.0010741910776784706,2.7380850558195912e-05,0.02550026382077826,0.0008870389911160411,2.637271272708451e-18,0.03476445624570764,0.034785482901289015,0.03086769672181636,0.03086769672181645,weak_rank2
AR-S3,1,0,core,discrete_identity,64,32,0.0,3.0158596707043465e-05,3.0158596707043465e-05,0.0,3.0158596707032884e-05,7.685291608311724e-07,0.02550026382077826,0.0008870389911160411,2.637271272708451e-18,0.03476445624570764,0.034785482901289015,0.0008663983979602027,0.0008663983979602051,weak_rank2
AR-S3,1,0,fit,cubic_bspline,32,24,0.007641476770115852,9.76621713585478e-05,9.76601940571571e-05,0.0076414767448451364,0.007642100806828152,0.00020778036605166933,0.027586431951773925,0.006323417902812095,4.477135042470703e-18,0.2234274261796815,0.22922202892590726,0.03285886987783412,0.03285886987783414,strong_rank2
AR-S3,1,0,fit,cubic_bspline,40,24,0.0037347023553123606,9.76621713585478e-05,9.766148471657443e-05,0.0037347023373567913,0.0037359790481710283,0.00010309717052710809,0.027586431951773925,0.006323417902812095,4.477135042470703e-18,0.2234274261796815,0.22922202892590726,0.016304026099755266,0.016304026099755276,strong_rank2
AR-S3,1,0,fit,cubic_bspline,48,24,0.0010701468516093192,9.76621713585478e-05,9.766211627617004e-05,0.0010701468465824748,0.0010745939572531164,2.9484899298026432e-05,0.027586431951773925,0.006323417902812095,4.477135042470703e-18,0.2234274261796815,0.22922202892590726,0.004662810484961648,0.0046628104849616514,strong_rank2
AR-S3,1,0,fit,discrete_identity,64,24,0.0,9.76621713585478e-05,9.76621713585478e-05,0.0,9.7662171358545e-05,2.7602859850097993e-06,0.027586431951773925,0.006323417902812095,4.477135042470703e-18,0.2234274261796815,0.22922202892590726,0.00043651803936321673,0.000436518039363217,strong_rank2
AR-S3,1,0,fit,cubic_bspline,32,28,0.007641476770115852,3.934659530004074e-05,3.93457963919202e-05,0.007641476766002243,0.007641578064766064,0.0002077803660515961,0.027586431951773925,0.006323417902812095,4.477135042470703e-18,0.2234274261796815,0.22922202892590726,0.032858869877822536,0.03285886987782256,strong_rank2
AR-S3,1,0,fit,cubic_bspline,40,28,0.0037347023553123606,3.934659530004074e-05,3.9346318677261756e-05,0.0037347023523980364,0.0037349096127710004,0.0001030971705268031,0.027586431951773925,0.006323417902812095,4.477135042470703e-18,0.2234274261796815,0.22922202892590726,0.016304026099707034,0.016304026099707044,strong_rank2
AR-S3,1,0,fit,cubic_bspline,48,28,0.0010701468516093192,3.934659530004074e-05,3.934657310595563e-05,0.001070146850793298,0.0010708699439355566,2.948489929699583e-05,0.027586431951773925,0.006323417902812095,4.477135042470703e-18,0.2234274261796815,0.22922202892590726,0.004662810484798666,0.00466281048479867,strong_rank2
AR-S3,1,0,fit,discrete_identity,64,28,0.0,3.934659530004074e-05,3.934659530004074e-05,0.0,3.934659530004395e-05,1.1113457114514664e-06,0.027586431951773925,0.006323417902812095,4.477135042470703e-18,0.2234274261796815,0.22922202892590726,0.00017575079308885128,0.00017575079308885142,strong_rank2
AR-S3,1,0,fit,cubic_bspline,32,32,0.007641476770115852,1.9080521172413362e-05,1.9080132823105952e-05,0.007641476769146176,0.007641500590832184,0.0002077803660515941,0.027586431951773925,0.006323417902812095,4.477135042470703e-18,0.2234274261796815,0.22922202892590726,0.032858869877822224,0.032858869877822244,strong_rank2
AR-S3,1,0,fit,cubic_bspline,40,32,0.0037347023553123606,1.9080521172413362e-05,1.9080387034518004e-05,0.003734702354627061,0.0037347510953134647,0.00010309717052679516,0.027586431951773925,0.006323417902812095,4.477135042470703e-18,0.2234274261796815,0.22922202892590726,0.016304026099705778,0.016304026099705788,strong_rank2
AR-S3,1,0,fit,cubic_bspline,48,32,0.0010701468516093192,1.9080521172413362e-05,1.908051040882186e-05,0.0010701468514174078,0.0010703169389890256,2.9484899296969853e-05,0.027586431951773925,0.006323417902812095,4.477135042470703e-18,0.2234274261796815,0.22922202892590726,0.0046628104847945585,0.004662810484794562,strong_rank2
AR-S3,1,0,fit,discrete_identity,64,32,0.0,1.9080521172413362e-05,1.9080521172413362e-05,0.0,1.908052117241209e-05,5.38631830944991e-07,0.027586431951773925,0.006323417902812095,4.477135042470703e-18,0.2234274261796815,0.22922202892590726,8.518048928973291e-05,8.518048928973298e-05,strong_rank2
AR-S3,1,1,core,cubic_bspline,32,24,0.016283513781609433,0.0007541551990665039,0.0007540601524179551,0.016283509379892598,0.016300964014110606,0.0004076802144630848,0.024798838539230195,0.015631947266580064,8.685377627248383e-18,0.5332495836558291,0.6303499755382217,0.02607993793164046,0.04447311551293498,strong_rank2
AR-S3,1,1,core,cubic_bspline,40,24,0.003710629384357262,0.0007541551990665039,0.0007541501576765469,0.003710628359739102,0.0037864908409210745,9.253603550545125e-05,0.024798838539230195,0.015631947266580064,8.685377627248383e-18,0.5332495836558291,0.6303499755382217,0.005919674236829495,0.010094592894489437,strong_rank2
AR-S3,1,1,core,cubic_bspline,48,24,0.0007687893597321019,0.0007541551990665039,0.0007541547409961872,0.0007687889103813091,0.0010769338201599564,2.2107708729426146e-05,0.024798838539230195,0.015631947266580064,8.685377627248383e-18,0.5332495836558291,0.6303499755382217,0.0014142645412251855,0.0024116909508227263,strong_rank2
AR-S3,1,1,core,discrete_identity,64,24,0.0,0.0007541551990665039,0.0007541551990665039,0.0,0.0007541551990665052,2.2107685901605156e-05,0.024798838539230195,0.015631947266580064,8.685377627248383e-18,0.5332495836558291,0.6303499755382217,0.001414263080893942,0.002411688460575999,strong_rank2
AR-S3,1,1,core,cubic_bspline,32,28,0.016283513781609433,0.00025177557975445466,0.0002517438483216229,0.01628351329100915,0.016285459650898167,0.0004076802144566592,0.024798838539230195,0.015631947266580064,8.685377627248383e-18,0.5332495836558291,0.6303499755382217,0.026079937931229404,0.04447311551223402,strong_rank2
AR-S3,1,1,core,cubic_bspline,40,28,0.003710629384357262,0.00025177557975445466,0.00025177389668062315,0.0037106292701568314,0.0037191612660794028,9.253603547280047e-05,0.024798838539230195,0.015631947266580064,8.685377627248383e-18,0.5332495836558291,0.6303499755382217,0.005919674234740774,0.010094592890927621,strong_rank2
AR-S3,1,1,core,cubic_bspline,48,28,0.0007687893597321019,0.00025177557975445466,0.0002517754268271539,0.0007687893096490086,0.0008089672089715989,1.769067883488347e-05,0.024798838539230195,0.015631947266580064,8.685377627248383e-18,0.5332495836558291,0.6303499755382217,0.001131700263133872,0.001929844950562954,strong_rank2
AR-S3,1,1,core,discrete_identity,64,28,0.0,0.00025177557975445466,0.00025177557975445466,0.0,0.00025177557975445666,7.38067634062046e-06,0.024798838539230195,0.015631947266580064,8.685377627248383e-18,0.5332495836558291,0.6303499755382217,0.00047215335458556686,0.0008051449636629889,strong_rank2
AR-S3,1,1,core,cubic_bspline,32,32,0.016283513781609433,0.0001053833805446777,0.00010537009901171739,0.016283513695659654,0.016283854701317838,0.00040768021445658205,0.024798838539230195,0.015631947266580064,8.685377627248383e-18,0.5332495836558291,0.6303499755382217,0.026079937931224467,0.0444731155122256,strong_rank2
AR-S3,1,1,core,cubic_bspline,40,32,0.003710629384357262,0.0001053833805446777,0.00010538267607599987,0.003710629364350136,0.003712125528113587,9.253603547242321e-05,0.024798838539230195,0.015631947266580064,8.685377627248383e-18,0.5332495836558291,0.6303499755382217,0.00591967423471664,0.010094592890886466,strong_rank2
AR-S3,1,1,core,cubic_bspline,48,32,0.0007687893597321019,0.0001053833805446777,0.0001053833165353114,0.0007687893509578894,0.0007759785583643904,1.769067847862329e-05,0.024798838539230195,0.015631947266580064,8.685377627248383e-18,0.5332495836558291,0.6303499755382217,0.001131700240343354,0.0019298449116991597,strong_rank2
AR-S3,1,1,core,discrete_identity,64,32,0.0,0.0001053833805446777,0.0001053833805446777,0.0,0.00010538338054467593,3.0892615727039112e-06,0.024798838539230195,0.015631947266580064,8.685377627248383e-18,0.5332495836558291,0.6303499755382217,0.0001976248716823989,0.0003370020960018228,strong_rank2
AR-S3,1,1,fit,cubic_bspline,32,24,0.01643725618474881,0.00012462187643995801,0.000124606170267399,0.01643725606567728,0.016437728479955234,0.002048892245144932,0.12456957352708761,0.01720615260470211,1.3746040822271387e-17,0.13682579469169603,0.13812484154455773,0.11907904644441021,0.11907904644441031,weak_rank2
AR-S3,1,1,fit,cubic_bspline,40,24,0.0037312718076004197,0.00012462187643995801,0.00012462104336544185,0.0037312717797764053,0.0037333523416151547,0.0004649788978370137,0.12456957352708761,0.01720615260470211,1.3746040822271387e-17,0.13682579469169603,0.13812484154455773,0.02702399011095275,0.027023990110952772,weak_rank2
AR-S3,1,1,fit,cubic_bspline,48,24,0.000592414649057569,0.00012462187643995801,0.00012462180074521558,0.0005924146331342323,0.0006053806320315966,7.20454938405838e-05,0.12456957352708761,0.01720615260470211,1.3746040822271387e-17,0.13682579469169603,0.13812484154455773,0.004187193703076605,0.004187193703076609,weak_rank2
AR-S3,1,1,fit,discrete_identity,64,24,0.0,0.00012462187643995801,0.00012462187643995801,0.0,0.00012462187643995788,1.567148233081214e-05,0.12456957352708761,0.01720615260470211,1.3746040822271387e-17,0.13682579469169603,0.13812484154455773,0.0009108068893059467,0.0009108068893059475,weak_rank2
AR-S3,1,1,fit,cubic_bspline,32,28,0.01643725618474881,4.1495338789005735e-05,4.149010910566169e-05,0.01643725617154749,0.01643730854830609,0.002048892245144932,0.12456957352708761,0.01720615260470211,1.3746040822271387e-17,0.13682579469169603,0.13812484154455773,0.11907904644441021,0.11907904644441031,weak_rank2
AR-S3,1,1,fit,cubic_bspline,40,28,0.0037312718076004197,4.1495338789005735e-05,4.149506140023285e-05,0.0037312718045156017,0.0037315025314629395,0.00046497889783700993,0.12456957352708761,0.01720615260470211,1.3746040822271387e-17,0.13682579469169603,0.13812484154455773,0.02702399011095253,0.02702399011095255,weak_rank2
AR-S3,1,1,fit,cubic_bspline,48,28,0.000592414649057569,4.1495338789005735e-05,4.149531358492874e-05,0.0005924146472921652,0.0005938661275637074,7.204549384045322e-05,0.12456957352708761,0.01720615260470211,1.3746040822271387e-17,0.13682579469169603,0.13812484154455773,0.004187193703069016,0.004187193703069019,weak_rank2
AR-S3,1,1,fit,discrete_identity,64,28,0.0,4.1495338789005735e-05,4.1495338789005735e-05,0.0,4.149533878900485e-05,5.218132539965894e-06,0.12456957352708761,0.01720615260470211,1.3746040822271387e-17,0.13682579469169603,0.13812484154455773,0.00030327131578153496,0.00030327131578153523,weak_rank2
AR-S3,1,1,fit,cubic_bspline,32,32,0.01643725618474881,1.7355740566679153e-05,1.735355321190697e-05,0.016437256182439394,0.016437265345210922,0.0020488922451449318,0.12456957352708761,0.01720615260470211,1.3746040822271387e-17,0.13682579469169603,0.13812484154455773,0.11907904644441018,0.11907904644441028,weak_rank2
AR-S3,1,1,fit,cubic_bspline,40,32,0.0037312718076004197,1.7355740566679153e-05,1.7355624546719018e-05,0.0037312718070607663,0.003731312171327574,0.0004649788978370129,0.12456957352708761,0.01720615260470211,1.3746040822271387e-17,0.13682579469169603,0.13812484154455773,0.027023990110952703,0.027023990110952724,weak_rank2
AR-S3,1,1,fit,cubic_bspline,48,32,0.000592414649057569,1.7355740566679153e-05,1.7355730024882602e-05,0.0005924146487487307,0.0005926688263969212,7.20454938404524e-05,0.12456957352708761,0.01720615260470211,1.3746040822271387e-17,0.13682579469169603,0.13812484154455773,0.004187193703068968,0.004187193703068972,weak_rank2
AR-S3,1,1,fit,discrete_identity,64,32,0.0,1.7355740566679153e-05,1.7355740566679153e-05,0.0,1.7355740566677998e-05,2.1825235616629253e-06,0.12456957352708761,0.01720615260470211,1.3746040822271387e-17,0.13682579469169603,0.13812484154455773,0.00012684553088681102,0.00012684553088681112,weak_rank2
AR-S3,1,2,core,cubic_bspline,32,24,0.016821495332163285,7.456249818726763e-05,7.454958247423323e-05,0.016821495274918417,0.016821660525948034,0.0003928793788477041,0.0238423203550255,0.017501966500296173,7.059646881967943e-18,0.5917505211461024,0.7340714426986171,0.022447727736254988,0.06196489783526071,strong_rank2
AR-S3,1,2,core,cubic_bspline,40,24,0.0036730897076592685,7.456249818726763e-05,7.45619839380865e-05,0.0036730896972202187,0.00367384641621845,8.724548229167393e-05,0.0238423203550255,0.017501966500296173,7.059646881967943e-18,0.5917505211461024,0.7340714426986171,0.004984895970986891,0.013760349073671458,strong_rank2
AR-S3,1,2,core,cubic_bspline,48,24,0.0015119489116368159,7.456249818726763e-05,7.456241296354464e-05,0.001511948907433969,0.0015137863339410433,3.604843008494096e-05,0.0238423203550255,0.017501966500296173,7.059646881967943e-18,0.5917505211461024,0.7340714426986171,0.002059678841479381,0.005685554924990838,strong_rank2
AR-S3,1,2,core,discrete_identity,64,24,0.0,7.456249818726763e-05,7.456249818726763e-05,0.0,7.456249818726384e-05,2.2053049364863765e-06,0.0238423203550255,0.017501966500296173,7.059646881967943e-18,0.5917505211461024,0.7340714426986171,0.0001260032657729666,0.00034782048242329883,strong_rank2
AR-S3,1,2,core,cubic_bspline,32,28,0.016821495332163285,3.5665976995885565e-05,3.565979893674597e-05,0.016821495319065304,0.01682153312963034,0.00039287937884767047,0.0238423203550255,0.017501966500296173,7.059646881967943e-18,0.5917505211461024,0.7340714426986171,0.02244772773625307,0.06196489783525541,strong_rank2
AR-S3,1,2,core,cubic_bspline,40,28,0.0036730897076592685,3.5665976995885565e-05,3.566573101164323e-05,0.0036730897052707485,0.0036732628608474186,8.724548229162043e-05,0.0238423203550255,0.017501966500296173,7.059646881967943e-18,0.5917505211461024,0.7340714426986171,0.004984895970983834,0.01376034907366302,strong_rank2
AR-S3,1,2,core,cubic_bspline,48,28,0.0015119489116368159,3.5665976995885565e-05,3.5665936230254453e-05,0.001511948910675178,0.0015123695217792927,3.604843008482732e-05,0.0238423203550255,0.017501966500296173,7.059646881967943e-18,0.5917505211461024,0.7340714426986171,0.002059678841472888,0.005685554924972915,strong_rank2
AR-S3,1,2,core,discrete_identity,64,28,0.0,3.5665976995885565e-05,3.5665976995885565e-05,0.0,3.5665976995873266e-05,1.0548782168761074e-06,0.0238423203550255,0.017501966500296173,7.059646881967943e-18,0.5917505211461024,0.7340714426986171,6.027198240027807e-05,0.00016637529088211133,strong_rank2
AR-S3,1,2,core,cubic_bspline,32,32,0.016821495332163285,1.922382793115203e-05,1.9220497980415963e-05,0.016821495328655258,0.016821506312977262,0.0003928793788476691,0.0238423203550255,0.017501966500296173,7.059646881967943e-18,0.5917505211461024,0.7340714426986171,0.022447727736252993,0.061964897835255196,strong_rank2
AR-S3,1,2,core,cubic_bspline,40,32,0.0036730897076592685,1.922382793115203e-05,1.922369534656819e-05,0.00367308970704454,0.003673140012438293,8.724548229161803e-05,0.0238423203550255,0.017501966500296173,7.059646881967943e-18,0.5917505211461024,0.7340714426986171,0.004984895970983697,0.013760349073662642,strong_rank2
AR-S3,1,2,core,cubic_bspline,48,32,0.0015119489116368159,1.922382793115203e-05,1.9223805958628604e-05,0.0015119489113906883,0.0015120711180745927,3.604843008482207e-05,0.0238423203550255,0.017501966500296173,7.059646881967943e-18,0.5917505211461024,0.7340714426986171,0.002059678841472588,0.0056855549249720866,strong_rank2
AR-S3,1,2,core,discrete_identity,64,32,0.0,1.922382793115203e-05,1.922382793115203e-05,0.0,1.9223827931155097e-05,5.685754053729001e-07,0.0238423203550255,0.017501966500296173,7.059646881967943e-18,0.5917505211461024,0.7340714426986171,3.2486372623515106e-05,8.967565823614004e-05,strong_rank2
AR-S3,1,2,fit,cubic_bspline,32,24,0.015541792598563529,1.9697686685280318e-05,1.969427465275911e-05,0.015541792594239486,0.015541805076670412,0.0018277949677021547,0.11811752316242509,0.016799197452146697,3.327510861415298e-17,0.14080744847871854,0.14222443040094807,0.10880251707908753,0.10880251707908775,weak_rank2
AR-S3,1,2,fit,cubic_bspline,40,24,0.0036461436384913086,1.9697686685280318e-05,1.9697550832544966e-05,0.0036461436377573883,0.0036461968441129844,0.0004305114667674203,0.11811752316242509,0.016799197452146697,3.327510861415298e-17,0.14080744847871854,0.14222443040094807,0.025626906761096916,0.02562690676109697,weak_rank2
AR-S3,1,2,fit,cubic_bspline,48,24,0.0015119541449511618,1.9697686685280318e-05,1.9697664171142117e-05,0.0015119541446578482,0.0015120824496068002,0.00017858830949217907,0.11811752316242509,0.016799197452146697,3.327510861415298e-17,0.14080744847871854,0.14222443040094807,0.010630764356505498,0.010630764356505519,weak_rank2
AR-S3,1,2,fit,discrete_identity,64,24,0.0,1.9697686685280318e-05,1.9697686685280318e-05,0.0,1.9697686685279945e-05,2.350055565608458e-06,0.11811752316242509,0.016799197452146697,3.327510861415298e-17,0.14080744847871854,0.14222443040094807,0.00013989094254667235,0.00013989094254667262,weak_rank2
AR-S3,1,2,fit,cubic_bspline,32,28,0.015541792598563529,9.446714739732176e-06,9.445078380175727e-06,0.015541792597568998,0.015541795468550931,0.001827794967702157,0.11811752316242509,0.016799197452146697,3.327510861415298e-17,0.14080744847871854,0.14222443040094807,0.10880251707908765,0.10880251707908789,weak_rank2
AR-S3,1,2,fit,cubic_bspline,40,28,0.0036461436384913086,9.446714739732176e-06,9.446649586802233e-06,0.0036461436383225074,0.0036461558759464953,0.00043051146676742106,0.11811752316242509,0.016799197452146697,3.327510861415298e-17,0.14080744847871854,0.14222443040094807,0.02562690676109696,0.025626906761097017,weak_rank2
AR-S3,1,2,fit,cubic_bspline,48,28,0.0015119541449511618,9.446714739732176e-06,9.44670394229047e-06,0.0015119541448836997,0.0015119836562113825,0.0001785883094921737,0.11811752316242509,0.016799197452146697,3.327510861415298e-17,0.14080744847871854,0.14222443040094807,0.010630764356505177,0.0106307643565052,weak_rank2
AR-S3,1,2,fit,discrete_identity,64,28,0.0,9.446714739732176e-06,9.446714739732176e-06,0.0,9.44671473972969e-06,1.127051359153127e-06,0.11811752316242509,0.016799197452146697,3.327510861415298e-17,0.14080744847871854,0.14222443040094807,6.708959534308622e-05,6.708959534308636e-05,weak_rank2
AR-S3,1,2,fit,cubic_bspline,32,32,0.015541792598563529,5.094504516714319e-06,5.093622046840263e-06,0.01554179259827429,0.015541793433247993,0.001827794967702158,0.11811752316242509,0.016799197452146697,3.327510861415298e-17,0.14080744847871854,0.14222443040094807,0.10880251707908772,0.10880251707908795,weak_rank2
AR-S3,1,2,fit,cubic_bspline,40,32,0.0036461436384913086,5.094504516714319e-06,5.094469380489776e-06,0.0036461436384422163,0.0036461471975400388,0.0004305114667674223,0.11811752316242509,0.016799197452146697,3.327510861415298e-17,0.14080744847871854,0.14222443040094807,0.025626906761097037,0.02562690676109709,weak_rank2
AR-S3,1,2,fit,cubic_bspline,48,32,0.0015119541449511618,5.094504516714319e-06,5.094498693778926e-06,0.0015119541449315423,0.0015119627278315625,0.00017858830949217172,0.11811752316242509,0.016799197452146697,3.327510861415298e-17,0.14080744847871854,0.14222443040094807,0.01063076435650506,0.010630764356505082,weak_rank2
AR-S3,1,2,fit,discrete_identity,64,32,0.0,5.094504516714319e-06,5.094504516714319e-06,0.0,5.094504516716423e-06,6.078058243496072e-07,0.11811752316242509,0.016799197452146697,3.327510861415298e-17,0.14080744847871854,0.14222443040094807,3.6180646491058315e-05,3.618064649105839e-05,weak_rank2
AR-S3,2,0,core,cubic_bspline,32,24,0.008151909535066873,0.00012356619914163328,0.0001235637031107269,0.008151909497232511,0.008152845948295634,0.00020990465295148226,0.025751494372927522,0.0008801907478476186,5.769838856875221e-18,0.03416023274014641,0.03418018135572593,0.23847632284794434,0.2384763228479459,weak_rank2
AR-S3,2,0,core,cubic_bspline,40,24,0.0037277954054027057,0.00012356619914163328,0.00012356533033562275,0.0037277953766042494,0.0037298427547823873,9.599727462259491e-05,0.025751494372927522,0.0008801907478476186,5.769838856875221e-18,0.03416023274014641,0.03418018135572593,0.10906417143936425,0.10906417143936498,weak_rank2
AR-S3,2,0,core,cubic_bspline,48,24,0.0010737965353670377,0.00012356619914163328,0.0001235661294550484,0.0010737965273479107,0.0010808827816718857,2.7651372534321794e-05,0.025751494372927522,0.0008801907478476186,5.769838856875221e-18,0.03416023274014641,0.03418018135572593,0.031415204717772025,0.03141520471777223,weak_rank2
AR-S3,2,0,core,discrete_identity,64,24,0.0,0.00012356619914163328,0.00012356619914163328,0.0,0.00012356619914163442,3.181314931624051e-06,0.025751494372927522,0.0008801907478476186,5.769838856875221e-18,0.03416023274014641,0.03418018135572593,0.003614347162139008,0.0036143471621390313,weak_rank2
AR-S3,2,0,core,cubic_bspline,32,28,0.008151909535066873,5.118601797056598e-05,5.118498238751522e-05,0.008151909528564436,0.008152070226042965,0.0002099046529513855,0.025751494372927522,0.0008801907478476186,5.769838856875221e-18,0.03416023274014641,0.03418018135572593,0.2384763228478344,0.23847632284783596,weak_rank2
AR-S3,2,0,core,cubic_bspline,40,28,0.0037277954054027057,5.118601797056598e-05,5.118565808685059e-05,0.0037277954004611676,0.0037281467991664907,9.599727462202512e-05,0.025751494372927522,0.0008801907478476186,5.769838856875221e-18,0.03416023274014641,0.03418018135572593,0.10906417143871691,0.10906417143871763,weak_rank2
AR-S3,2,0,core,cubic_bspline,48,28,0.0010737965353670377,5.118601797056598e-05,5.1185989102081576e-05,0.0010737965339909202,0.0010750158160913901,2.7651372532452064e-05,0.025751494372927522,0.0008801907478476186,5.769838856875221e-18,0.03416023274014641,0.03418018135572593,0.03141520471564779,0.031415204715648,weak_rank2
AR-S3,2,0,core,discrete_identity,64,28,0.0,5.118601797056598e-05,5.118601797056598e-05,0.0,5.118601797055714e-05,1.3173759123922313e-06,0.025751494372927522,0.0008801907478476186,5.769838856875221e-18,0.03416023274014641,0.03418018135572593,0.0014966936605658341,0.0014966936605658439,weak_rank2
AR-S3,2,0,core,cubic_bspline,32,32,0.008151909535066873,2.5067443199012482e-05,2.506693533926687e-05,0.008151909533505225,0.008151948075102142,0.00020990465295138273,0.025751494372927522,0.0008801907478476186,5.769838856875221e-18,0.03416023274014641,0.03418018135572593,0.23847632284783127,0.23847632284783282,weak_rank2
AR-S3,2,0,core,cubic_bspline,40,32,0.0037277954054027057,2.5067443199012482e-05,2.506726695678335e-05,0.0037277954042175846,0.0037278796858823534,9.599727462200903e-05,0.025751494372927522,0.0008801907478476186,5.769838856875221e-18,0.03416023274014641,0.03418018135572593,0.10906417143869863,0.10906417143869936,weak_rank2
AR-S3,2,0,core,cubic_bspline,48,32,0.0010737965353670377,2.5067443199012482e-05,2.506742906051416e-05,0.001073796535036982,0.0010740890909817211,2.765137253239862e-05,0.025751494372927522,0.0008801907478476186,5.769838856875221e-18,0.03416023274014641,0.03418018135572593,0.03141520471558707,0.03141520471558728,weak_rank2
AR-S3,2,0,core,discrete_identity,64,32,0.0,2.5067443199012482e-05,2.5067443199012482e-05,0.0,2.5067443199013153e-05,6.449651607379011e-07,0.025751494372927522,0.0008801907478476186,5.769838856875221e-18,0.03416023274014641,0.03418018135572593,0.0007327561239595756,0.0007327561239595803,weak_rank2
AR-S3,2,0,fit,cubic_bspline,32,24,0.007680664423986035,8.154717941625113e-05,8.154552717701342e-05,0.0076806644064440445,0.00768109729575711,0.00021030964129416894,0.027662690981944463,0.005575148009249288,3.596907520529208e-18,0.19756781810442722,0.20154033506314362,0.03772270098394891,0.037722700983948934,strong_rank2
AR-S3,2,0,fit,cubic_bspline,40,24,0.0037342064018350235,8.154717941625113e-05,8.154660608316321e-05,0.003734206389314681,0.003735096692251674,0.00010335071706722094,0.027662690981944463,0.005575148009249288,3.596907520529208e-18,0.19756781810442722,0.20154033506314362,0.01853775305978602,0.018537753059786034,strong_rank2
AR-S3,2,0,fit,cubic_bspline,48,24,0.0010704069807425678,8.154717941625113e-05,8.154713342169429e-05,0.0010704069772385495,0.001073508751427633,2.9582946866771827e-05,0.027662690981944463,0.005575148009249288,3.596907520529208e-18,0.19756781810442722,0.20154033506314362,0.005306217308974236,0.00530621730897424,strong_rank2
AR-S3,2,0,fit,discrete_identity,64,24,0.0,8.154717941625113e-05,8.154717941625113e-05,0.0,8.154717941623995e-05,2.2976749529090466e-06,0.027662690981944463,0.005575148009249288,3.596907520529208e-18,0.19756781810442722,0.20154033506314362,0.0004121280635235433,0.00041212806352354357,strong_rank2
AR-S3,2,0,fit,cubic_bspline,32,28,0.007680664423986035,3.379925332853594e-05,3.3798566675787746e-05,0.007680664420964405,0.0076807387884886376,0.00021030964129413574,0.027662690981944463,0.005575148009249288,3.596907520529208e-18,0.19756781810442722,0.20154033506314362,0.03772270098394295,0.03772270098394298,strong_rank2
AR-S3,2,0,fit,cubic_bspline,40,28,0.0037342064018350235,3.379925332853594e-05,3.379901570830163e-05,0.0037342063996842695,0.003734359359377274,0.0001033507170670791,0.027662690981944463,0.005575148009249288,3.596907520529208e-18,0.19756781810442722,0.20154033506314362,0.01853775305976058,0.018537753059760593,strong_rank2
AR-S3,2,0,fit,cubic_bspline,48,28,0.0010704069807425678,3.379925332853594e-05,3.3799234263141776e-05,0.0010704069801405573,0.001070940471109007,2.9582946866293775e-05,0.027662690981944463,0.005575148009249288,3.596907520529208e-18,0.19756781810442722,0.20154033506314362,0.005306217308888489,0.005306217308888492,strong_rank2
AR-S3,2,0,fit,discrete_identity,64,28,0.0,3.379925332853594e-05,3.379925332853594e-05,0.0,3.37992533285382e-05,9.517406845839969e-07,0.027662690981944463,0.005575148009249288,3.596907520529208e-18,0.19756781810442722,0.20154033506314362,0.00017071128569233303,0.00017071128569233314,strong_rank2
AR-S3,2,0,fit,cubic_bspline,32,32,0.007680664423986035,1.655745918977995e-05,1.6557122031773434e-05,0.007680664423259224,0.007680682269966297,0.000210309641294135,0.027662690981944463,0.005575148009249288,3.596907520529208e-18,0.19756781810442722,0.20154033506314362,0.03772270098394283,0.03772270098394285,strong_rank2
AR-S3,2,0,fit,cubic_bspline,40,32,0.0037342064018350235,1.655745918977995e-05,1.6557342790287198e-05,0.003734206401318913,0.0037342431089989283,0.00010335071706707467,0.027662690981944463,0.005575148009249288,3.596907520529208e-18,0.19756781810442722,0.20154033506314362,0.018537753059759784,0.0185377530597598,strong_rank2
AR-S3,2,0,fit,cubic_bspline,48,32,0.0010704069807425678,1.655745918977995e-05,1.655744984931478e-05,0.001070406980598087,0.001070535031452923,2.9582946866280047e-05,0.027662690981944463,0.005575148009249288,3.596907520529208e-18,0.19756781810442722,0.20154033506314362,0.005306217308886026,0.00530621730888603,strong_rank2
AR-S3,2,0,fit,discrete_identity,64,32,0.0,1.655745918977995e-05,1.655745918977995e-05,0.0,1.6557459189781923e-05,4.659856402426925e-07,0.027662690981944463,0.005575148009249288,3.596907520529208e-18,0.19756781810442722,0.20154033506314362,8.358264919058875e-05,8.358264919058879e-05,strong_rank2
AR-S3,2,1,core,cubic_bspline,32,24,0.016301801334135092,0.0004083848202220569,0.0004083333510319336,0.016301799561205,0.016306914572143096,0.0004441661109944682,0.027005919086656005,0.01592646624692209,8.030519463402571e-18,0.5079826198578092,0.5897398342866093,0.02788855381402052,0.04008917384453936,strong_rank2
AR-S3,2,1,core,cubic_bspline,40,24,0.003713120045022989,0.0004083848202220569,0.0004083820902378798,0.0037131196357926633,0.003735510192782057,0.00010080201405088586,0.027005919086656005,0.01592646624692209,8.030519463402571e-18,0.5079826198578092,0.5897398342866093,0.006329214057158888,0.009098103986632135,strong_rank2
AR-S3,2,1,core,cubic_bspline,48,24,0.000749741665881367,0.0004083848202220569,0.0004083845721806492,0.0007497415220388212,0.0008537508561364636,1.7641474512931e-05,0.027005919086656005,0.01592646624692209,8.030519463402571e-18,0.5079826198578092,0.5897398342866093,0.0011076829121676847,0.0015922694710756745,strong_rank2
AR-S3,2,1,core,discrete_identity,64,24,0.0,0.0004083848202220569,0.0004083848202220569,0.0,0.00040838482022205426,1.280349583753776e-05,0.027005919086656005,0.01592646624692209,8.030519463402571e-18,0.5079826198578092,0.5897398342866093,0.0008039131618422971,0.0011556072328428495,strong_rank2
AR-S3,2,1,core,cubic_bspline,32,28,0.016301801334135092,0.00015283481143282284,0.0001528155495665293,0.016301801153557678,0.016302517576429653,0.000444166110992789,0.027005919086656005,0.01592646624692209,8.030519463402571e-18,0.5079826198578092,0.5897398342866093,0.027888553813915088,0.0400891738443878,strong_rank2
AR-S3,2,1,core,cubic_bspline,40,28,0.003713120045022989,0.00015283481143282284,0.0001528337897599825,0.0037131200029697675,0.0037162640697404777,0.00010080201404343941,0.027005919086656005,0.01592646624692209,8.030519463402571e-18,0.5079826198578092,0.5897398342866093,0.006329214056691337,0.00909810398596004,strong_rank2
AR-S3,2,1,core,cubic_bspline,48,28,0.000749741665881367,0.00015283481143282284,0.00015283471860167564,0.0007497416469576978,0.0007651607783783906,1.7641468706499054e-05,0.027005919086656005,0.01592646624692209,8.030519463402571e-18,0.5079826198578092,0.5897398342866093,0.001107682547590141,0.00159226894700359,strong_rank2
AR-S3,2,1,core,discrete_identity,64,28,0.0,0.00015283481143282284,0.00015283481143282284,0.0,0.00015283481143281926,4.791735721826152e-06,0.027005919086656005,0.01592646624692209,8.030519463402571e-18,0.5079826198578092,0.5897398342866093,0.00030086622151679075,0.00043248848035542804,strong_rank2
AR-S3,2,1,core,cubic_bspline,32,32,0.016301801334135092,6.626456212336814e-05,6.625621075940896e-05,0.01630180130019006,0.01630193597776266,0.00044416611099278827,0.027005919086656005,0.01592646624692209,8.030519463402571e-18,0.5079826198578092,0.5897398342866093,0.027888553813915043,0.04008917384438774,strong_rank2
AR-S3,2,1,core,cubic_bspline,40,32,0.003713120045022989,6.626456212336814e-05,6.62641191568545e-05,0.003713120037117801,0.0037137112707155036,0.00010080201404343478,0.027005919086656005,0.01592646624692209,8.030519463402571e-18,0.5079826198578092,0.5897398342866093,0.006329214056691046,0.009098103985959623,strong_rank2
AR-S3,2,1,core,cubic_bspline,48,32,0.000749741665881367,6.626456212336814e-05,6.626452187458355e-05,0.0007497416623240585,0.000752664302606314,1.7641468647504948e-05,0.027005919086656005,0.01592646624692209,8.030519463402571e-18,0.5079826198578092,0.5897398342866093,0.0011076825438859855,0.0015922689416789492,strong_rank2
AR-S3,2,1,core,discrete_identity,64,32,0.0,6.626456212336814e-05,6.626456212336814e-05,0.0,6.626456212336938e-05,2.077552008216978e-06,0.027005919086656005,0.01592646624692209,8.030519463402571e-18,0.5079826198578092,0.5897398342866093,0.00013044651437467997,0.00018751395382688165,strong_rank2
AR-S3,2,1,fit,cubic_bspline,32,24,0.016433141421484287,9.075627263863707e-05,9.074483456917871e-05,0.016433141358318564,0.016433391968899924,0.0017164169505908078,0.10435405003155902,0.017199856529457377,2.154284755313284e-17,0.16262792736944104,0.16482212740431015,0.09979251557425389,0.09979251557425402,strong_rank2
AR-S3,2,1,fit,cubic_bspline,40,24,0.0037307026969953436,9.075627263863707e-05,9.075566594951067e-05,0.0037307026822365526,0.003731806426420113,0.0003895222720659207,0.10435405003155902,0.017199856529457377,2.154284755313284e-17,0.16262792736944104,0.16482212740431015,0.022646832629028293,0.02264683262902832,strong_rank2
AR-S3,2,1,fit,cubic_bspline,48,24,0.0005979991274330612,9.075627263863707e-05,9.075621751370759e-05,0.0005979991190669421,0.0006048467966585357,6.0338778896425396e-05,0.10435405003155902,0.017199856529457377,2.154284755313284e-17,0.16262792736944104,0.16482212740431015,0.003508097802623297,0.0035080978026233015,strong_rank2
AR-S3,2,1,fit,discrete_identity,64,24,0.0,9.075627263863707e-05,9.075627263863707e-05,0.0,9.075627263863902e-05,9.598565841565488e-06,0.10435405003155902,0.017199856529457377,2.154284755313284e-17,0.16262792736944104,0.16482212740431015,0.0005580608085379363,0.000558060808537937,strong_rank2
AR-S3,2,1,fit,cubic_bspline,32,28,0.016433141421484287,3.393854384490923e-05,3.3934266549130875e-05,0.016433141412651155,0.016433176458401134,0.0017164169505908054,0.10435405003155902,0.017199856529457377,2.154284755313284e-17,0.16262792736944104,0.16482212740431015,0.09979251557425375,0.09979251557425388,strong_rank2
AR-S3,2,1,fit,cubic_bspline,40,28,0.0037307026969953436,3.393854384490923e-05,3.393831697193339e-05,0.003730702694931467,0.0037308570627574795,0.00038952227206592014,0.10435405003155902,0.017199856529457377,2.154284755313284e-17,0.16262792736944104,0.16482212740431015,0.022646832629028262,0.02264683262902829,strong_rank2
AR-S3,2,1,fit,cubic_bspline,48,28,0.0005979991274330612,3.393854384490923e-05,3.393852323079811e-05,0.0005979991262631386,0.000598961417596993,6.033877889641296e-05,0.10435405003155902,0.017199856529457377,2.154284755313284e-17,0.16262792736944104,0.16482212740431015,0.0035080978026225743,0.0035080978026225786,strong_rank2
AR-S3,2,1,fit,discrete_identity,64,28,0.0,3.393854384490923e-05,3.393854384490923e-05,0.0,3.393854384490937e-05,3.5894086236803897e-06,0.10435405003155902,0.017199856529457377,2.154284755313284e-17,0.16262792736944104,0.16482212740431015,0.0002086882886222324,0.00020868828862223267,strong_rank2
AR-S3,2,1,fit,cubic_bspline,32,32,0.016433141421484287,1.4716879562132642e-05,1.471502478465698e-05,0.016433141419823324,0.01643314800975327,0.0017164169505908076,0.10435405003155902,0.017199856529457377,2.154284755313284e-17,0.16262792736944104,0.16482212740431015,0.09979251557425388,0.099792515574254,strong_rank2
AR-S3,2,1,fit,cubic_bspline,40,32,0.0037307026969953436,1.4716879562132642e-05,1.4716781182477801e-05,0.0037307026966072587,0.003730731724074646,0.0003895222720659218,0.10435405003155902,0.017199856529457377,2.154284755313284e-17,0.16262792736944104,0.16482212740431015,0.02264683262902836,0.022646832629028387,strong_rank2
AR-S3,2,1,fit,cubic_bspline,48,32,0.0005979991274330612,1.4716879562132642e-05,1.4716870623168501e-05,0.0005979991272130718,0.000598180192493573,6.03387788964125e-05,0.10435405003155902,0.017199856529457377,2.154284755313284e-17,0.16262792736944104,0.16482212740431015,0.0035080978026225474,0.0035080978026225517,strong_rank2
AR-S3,2,1,fit,discrete_identity,64,32,0.0,1.4716879562132642e-05,1.4716879562132642e-05,0.0,1.4716879562132506e-05,1.55648676782895e-06,0.10435405003155902,0.017199856529457377,2.154284755313284e-17,0.16262792736944104,0.16482212740431015,9.049417157423547e-05,9.049417157423558e-05,strong_rank2
AR-S3,2,2,core,cubic_bspline,32,24,0.016811764187052186,0.0001779653802422593,0.00017793455308605136,0.01681176386075142,0.01681270578420477,0.0003930366674244856,0.023898501176014227,0.017481130375395712,6.523136725621179e-18,0.5903872972374354,0.7314739215922327,0.02248348127290874,0.06124574683865926,strong_rank2
AR-S3,2,2,core,cubic_bspline,40,24,0.0036728775392318486,0.0001779653802422593,0.00017796415283503032,0.0036728774797593388,0.0036771865138836932,8.743898224675351e-05,0.023898501176014227,0.017481130375395712,6.523136725621179e-18,0.5903872972374354,0.7314739215922327,0.005001906648429432,0.013625359195128015,strong_rank2
AR-S3,2,2,core,cubic_bspline,48,24,0.001511948951940635,0.0001779653802422593,0.00017796517683071878,0.0015119489279979005,0.0015223866911657825,3.6133375030352565e-05,0.023898501176014227,0.017481130375395712,6.523136725621179e-18,0.5903872972374354,0.7314739215922327,0.0020669930521889737,0.00563055745927444,strong_rank2
AR-S3,2,2,core,discrete_identity,64,24,0.0,0.0001779653802422593,0.0001779653802422593,0.0,0.00017796538024225964,5.2694833186267755e-06,0.023898501176014227,0.017481130375395712,6.523136725621179e-18,0.5903872972374354,0.7314739215922327,0.00030143836270699357,0.0008211280729047005,strong_rank2
AR-S3,2,2,core,cubic_bspline,32,28,0.016811764187052186,8.399880381806376e-05,8.398425354853345e-05,0.016811764114359768,0.016811973960124196,0.00039303666742342516,0.023898501176014227,0.017481130375395712,6.523136725621179e-18,0.5903872972374354,0.7314739215922327,0.022483481272848077,0.06124574683849401,strong_rank2
AR-S3,2,2,core,cubic_bspline,40,28,0.0036728775392318486,8.399880381806376e-05,8.399822448773564e-05,0.003672877525982774,0.003673837927823007,8.743898224506787e-05,0.023898501176014227,0.017481130375395712,6.523136725621179e-18,0.5903872972374354,0.7314739215922327,0.005001906648333007,0.013625359194865348,strong_rank2
AR-S3,2,2,core,cubic_bspline,48,28,0.001511948951940635,8.399880381806376e-05,8.399870780879262e-05,0.0015119489466067604,0.0015142804945543992,3.613337502670621e-05,0.023898501176014227,0.017481130375395712,6.523136725621179e-18,0.5903872972374354,0.7314739215922327,0.0020669930519803857,0.00563055745870624,strong_rank2
AR-S3,2,2,core,discrete_identity,64,28,0.0,8.399880381806376e-05,8.399880381806376e-05,0.0,8.399880381806811e-05,2.4871707907536173e-06,0.023898501176014227,0.017481130375395712,6.523136725621179e-18,0.5903872972374354,0.7314739215922327,0.00014227745788420254,0.00038756850243309933,strong_rank2
AR-S3,2,2,core,cubic_bspline,32,32,0.016811764187052186,4.4773850475099186e-05,4.4766094750468e-05,0.016811764166398582,0.016811823788164395,0.0003930366674233747,0.023898501176014227,0.017481130375395712,6.523136725621179e-18,0.5903872972374354,0.7314739215922327,0.02248348127284519,0.061245746838486145,strong_rank2
AR-S3,2,2,core,cubic_bspline,40,32,0.0036728775392318486,4.4773850475099186e-05,4.477354167488006e-05,0.0036728775354674635,0.003673150430928196,8.743898224498755e-05,0.023898501176014227,0.017481130375395712,6.523136725621179e-18,0.5903872972374354,0.7314739215922327,0.005001906648328411,0.01362535919485283,strong_rank2
AR-S3,2,2,core,cubic_bspline,48,32,0.001511948951940635,4.4773850475099186e-05,4.477379929930812e-05,0.0015119489504251502,0.0015126117566573768,3.613337502653488e-05,0.023898501176014227,0.017481130375395712,6.523136725621179e-18,0.5903872972374354,0.7314739215922327,0.002066993051970585,0.005630557458679542,strong_rank2
AR-S3,2,2,core,discrete_identity,64,32,0.0,4.4773850475099186e-05,4.4773850475099186e-05,0.0,4.4773850475088866e-05,1.3257357013369566e-06,0.023898501176014227,0.017481130375395712,6.523136725621179e-18,0.5903872972374354,0.7314739215922327,7.583809930294319e-05,0.0002065854915550743,strong_rank2
AR-S3,2,2,fit,cubic_bspline,32,24,0.01546886415232078,2.4322711435052676e-05,2.4318498255927785e-05,0.0154688641456967,0.015468883267783503,0.003349787308030219,0.2169401593715296,0.019429141499458107,6.881613161646585e-17,0.08920287897010581,0.08955991161684337,0.17241046435961396,0.1724104643596146,weak_rank2
AR-S3,2,2,fit,cubic_bspline,40,24,0.003644666550773611,2.4322711435052676e-05,2.432254368404381e-05,0.003644666549654128,0.0036447477076553977,0.0007905527565373753,0.2169401593715296,0.019429141499458107,6.881613161646585e-17,0.08920287897010581,0.08955991161684337,0.040689021517467686,0.04068902151746783,weak_rank2
AR-S3,2,2,fit,cubic_bspline,48,24,0.0015119543558188354,2.4322711435052676e-05,2.4322683634586368e-05,0.0015119543553716122,0.001512149981654813,0.00032800364177680704,0.2169401593715296,0.019429141499458107,6.881613161646585e-17,0.08920287897010581,0.08955991161684337,0.016882045034566005,0.016882045034566064,weak_rank2
AR-S3,2,2,fit,discrete_identity,64,24,0.0,2.4322711435052676e-05,2.4322711435052676e-05,0.0,2.4322711435051745e-05,5.297692267090149e-06,0.2169401593715296,0.019429141499458107,6.881613161646585e-17,0.08920287897010581,0.08955991161684337,0.00027266733670336927,0.00027266733670337025,weak_rank2
AR-S3,2,2,fit,cubic_bspline,32,28,0.01546886415232078,1.1496958067555159e-05,1.1494966564928099e-05,0.015468864150840759,0.015468868423294951,0.0033497873080302193,0.2169401593715296,0.019429141499458107,6.881613161646585e-17,0.08920287897010581,0.08955991161684337,0.172410464359614,0.1724104643596146,weak_rank2
AR-S3,2,2,fit,cubic_bspline,40,28,0.003644666550773611,1.1496958067555159e-05,1.1496878774327437e-05,0.003644666550523485,0.003644684683830615,0.0007905527565373724,0.2169401593715296,0.019429141499458107,6.881613161646585e-17,0.08920287897010581,0.08955991161684337,0.04068902151746753,0.04068902151746768,weak_rank2
AR-S3,2,2,fit,cubic_bspline,48,28,0.0015119543558188354,1.1496958067555159e-05,1.1496944926719263e-05,0.001511954355718912,0.0015119980667389,0.0003280036417768116,0.2169401593715296,0.019429141499458107,6.881613161646585e-17,0.08920287897010581,0.08955991161684337,0.01688204503456624,0.0168820450345663,weak_rank2
AR-S3,2,2,fit,discrete_identity,64,28,0.0,1.1496958067555159e-05,1.1496958067555159e-05,0.0,1.1496958067553682e-05,2.5041347060412253e-06,0.2169401593715296,0.019429141499458107,6.881613161646585e-17,0.08920287897010581,0.08955991161684337,0.00012888550459684838,0.00012888550459684884,weak_rank2
AR-S3,2,2,fit,cubic_bspline,32,32,0.01546886415232078,6.143452345382481e-06,6.142388176805835e-06,0.015468864151898179,0.015468865371832776,0.0033497873080302176,0.2169401593715296,0.019429141499458107,6.881613161646585e-17,0.08920287897010581,0.08955991161684337,0.1724104643596139,0.17241046435961452,weak_rank2
AR-S3,2,2,fit,cubic_bspline,40,32,0.003644666550773611,6.143452345382481e-06,6.1434099746806455e-06,0.00364466655070219,0.003644671728402182,0.0007905527565373755,0.2169401593715296,0.019429141499458107,6.881613161646585e-17,0.08920287897010581,0.08955991161684337,0.0406890215174677,0.040689021517467845,weak_rank2
AR-S3,2,2,fit,cubic_bspline,48,32,0.0015119543558188354,6.143452345382481e-06,6.143445323514594e-06,0.0015119543557903033,0.0015119668369378834,0.0003280036417768102,0.2169401593715296,0.019429141499458107,6.881613161646585e-17,0.08920287897010581,0.08955991161684337,0.016882045034566168,0.016882045034566227,weak_rank2
AR-S3,2,2,fit,discrete_identity,64,32,0.0,6.143452345382481e-06,6.143452345382481e-06,0.0,6.1434523453822075e-06,1.3380958808920276e-06,0.2169401593715296,0.019429141499458107,6.881613161646585e-17,0.08920287897010581,0.08955991161684337,6.887056131272439e-05,6.887056131272464e-05,weak_rank2
AR-S3,3,0,core,cubic_bspline,32,24,0.008152823065508866,7.825792226340503e-05,7.825634016106498e-05,0.008152823050322628,0.008153198635644081,0.0002103514660892476,0.02580338447128807,0.0008770216389400659,7.913663264453865e-18,0.03396901282213962,0.0339886281164374,0.23984752114380004,0.2398475211438022,weak_rank2
AR-S3,3,0,core,cubic_bspline,40,24,0.0037277824321524256,7.825792226340503e-05,7.825737203232685e-05,0.0037277824206013842,0.0037286037705476023,9.619036583269458e-05,0.02580338447128807,0.0008770216389400659,7.913663264453865e-18,0.03396901282213962,0.0339886281164374,0.10967844071549535,0.10967844071549634,weak_rank2
AR-S3,3,0,core,cubic_bspline,48,24,0.0010738034008704984,7.825792226340503e-05,7.825787812773508e-05,0.0010738033976539286,0.0010766513080891608,2.770727404667859e-05,0.02580338447128807,0.0008770216389400659,7.913663264453865e-18,0.03396901282213962,0.0339886281164374,0.03159246341990435,0.03159246341990463,weak_rank2
AR-S3,3,0,core,discrete_identity,64,24,0.0,7.825792226340503e-05,7.825792226340503e-05,0.0,7.825792226340043e-05,2.0185072674031606e-06,0.02580338447128807,0.0008770216389400659,7.913663264453865e-18,0.03396901282213962,0.0339886281164374,0.0023015478498827576,0.002301547849882778,weak_rank2
AR-S3,3,0,core,cubic_bspline,32,28,0.008152823065508866,3.322755924558909e-05,3.322688625744085e-05,0.008152823062766067,0.00815289077342898,0.00021035146608923194,0.02580338447128807,0.0008770216389400659,7.913663264453865e-18,0.03396901282213962,0.0339886281164374,0.23984752114378216,0.23984752114378433,weak_rank2
AR-S3,3,0,core,cubic_bspline,40,28,0.0037277824321524256,3.322755924558909e-05,3.322732563070219e-05,0.003727782430070107,0.003727930513922298,9.619036583260313e-05,0.02580338447128807,0.0008770216389400659,7.913663264453865e-18,0.03396901282213962,0.0339886281164374,0.10967844071539107,0.10967844071539207,weak_rank2
AR-S3,3,0,core,cubic_bspline,48,28,0.0010738034008704984,3.322755924558909e-05,3.322754050480908e-05,0.0010738034002905868,0.0010743173707843568,2.7707274046380004e-05,0.02580338447128807,0.0008770216389400659,7.913663264453865e-18,0.03396901282213962,0.0339886281164374,0.03159246341956389,0.031592463419564176,weak_rank2
AR-S3,3,0,core,discrete_identity,64,28,0.0,3.322755924558909e-05,3.322755924558909e-05,0.0,3.322755924559507e-05,8.566848319675186e-07,0.02580338447128807,0.0008770216389400659,7.913663264453865e-18,0.03396901282213962,0.0339886281164374,0.0009768115106063683,0.000976811510606377,weak_rank2
AR-S3,3,0,core,cubic_bspline,32,32,0.008152823065508866,1.6577651492367396e-05,1.657731524448546e-05,0.008152823064825154,0.008152839919002087,0.00021035146608923183,0.02580338447128807,0.0008770216389400659,7.913663264453865e-18,0.03396901282213962,0.0339886281164374,0.23984752114378205,0.23984752114378421,weak_rank2
AR-S3,3,0,core,cubic_bspline,40,32,0.0037277824321524256,1.6577651492367396e-05,1.6577534942028995e-05,0.003727782431634121,0.0037278192923114097,9.61903658326002e-05,0.02580338447128807,0.0008770216389400659,7.913663264453865e-18,0.03396901282213962,0.0339886281164374,0.10967844071538774,0.10967844071538872,weak_rank2
AR-S3,3,0,core,cubic_bspline,48,32,0.0010738034008704984,1.6577651492367396e-05,1.6577642141883582e-05,0.0010738034007261427,0.0010739313581137357,2.770727404637082e-05,0.02580338447128807,0.0008770216389400659,7.913663264453865e-18,0.03396901282213962,0.0339886281164374,0.03159246341955342,0.031592463419553705,weak_rank2
AR-S3,3,0,core,discrete_identity,64,32,0.0,1.6577651492367396e-05,1.6577651492367396e-05,0.0,1.6577651492367745e-05,4.2727331210182097e-07,0.02580338447128807,0.0008770216389400659,7.913663264453865e-18,0.03396901282213962,0.0339886281164374,0.0004871867387653135,0.0004871867387653179,weak_rank2
AR-S3,3,0,fit,cubic_bspline,32,24,0.007793586276547418,5.434904781185183e-05,5.4347945192671825e-05,0.007793586268858324,0.007793775769749518,0.00021653967559641824,0.027897663224924353,0.003994536433363695,2.8694602397263364e-18,0.14173973626744735,0.1431853414086271,0.05420896246878786,0.0542089624687879,weak_rank2
AR-S3,3,0,fit,cubic_bspline,40,24,0.00373273117431192,5.434904781185183e-05,5.434866570978896e-05,0.0037327311687484896,0.0037331268123577937,0.00010415898922993408,0.027897663224924353,0.003994536433363695,2.8694602397263364e-18,0.14173973626744735,0.1431853414086271,0.026075363428898435,0.026075363428898452,weak_rank2
AR-S3,3,0,fit,cubic_bspline,48,24,0.0010711848248189622,5.434904781185183e-05,5.434901715628798e-05,0.0010711848232635823,0.0010725626996069967,2.987085306535125e-05,0.027897663224924353,0.003994536433363695,2.8694602397263364e-18,0.14173973626744735,0.1431853414086271,0.007477927304870714,0.0074779273048707195,weak_rank2
AR-S3,3,0,fit,discrete_identity,64,24,0.0,5.434904781185183e-05,5.434904781185183e-05,0.0,5.4349047811858535e-05,1.5288868826880376e-06,0.027897663224924353,0.003994536433363695,2.8694602397263364e-18,0.14173973626744735,0.1431853414086271,0.00038274450820332157,0.00038274450820332184,weak_rank2
AR-S3,3,0,fit,cubic_bspline,32,28,0.007793586276547418,2.3084142722588947e-05,2.3083673114856926e-05,0.007793586275156472,0.007793620462015882,0.000216539675596413,0.027897663224924353,0.003994536433363695,2.8694602397263364e-18,0.14173973626744735,0.1431853414086271,0.05420896246878655,0.054208962468786585,weak_rank2
AR-S3,3,0,fit,cubic_bspline,40,28,0.00373273117431192,2.3084142722588947e-05,2.3083980437354007e-05,0.003732731173308307,0.003732802551680578,0.00010415898922990783,0.027897663224924353,0.003994536433363695,2.8694602397263364e-18,0.14173973626744735,0.1431853414086271,0.026075363428891864,0.02607536342889188,weak_rank2
AR-S3,3,0,fit,cubic_bspline,48,28,0.0010711848248189622,2.3084142722588947e-05,2.3084129700710683e-05,0.0010711848245383382,0.0010714335284871593,2.9870853065264644e-05,0.027897663224924353,0.003994536433363695,2.8694602397263364e-18,0.14173973626744735,0.1431853414086271,0.007477927304849034,0.007477927304849038,weak_rank2
AR-S3,3,0,fit,discrete_identity,64,28,0.0,2.3084142722588947e-05,2.3084142722588947e-05,0.0,2.3084142722591532e-05,6.489686380646419e-07,0.027897663224924353,0.003994536433363695,2.8694602397263364e-18,0.14173973626744735,0.1431853414086271,0.00016246406783131085,0.00016246406783131096,weak_rank2
AR-S3,3,0,fit,cubic_bspline,32,32,0.007793586276547418,1.151909435426755e-05,1.1518859497104211e-05,0.007793586276200287,0.007793594788934841,0.00021653967559641282,0.027897663224924353,0.003994536433363695,2.8694602397263364e-18,0.14173973626744735,0.1431853414086271,0.0542089624687865,0.05420896246878654,weak_rank2
AR-S3,3,0,fit,cubic_bspline,40,32,0.00373273117431192,1.151909435426755e-05,1.1519013376541078e-05,0.0037327311740620217,0.0037327489478063266,0.00010415898922990649,0.027897663224924353,0.003994536433363695,2.8694602397263364e-18,0.14173973626744735,0.1431853414086271,0.026075363428891527,0.026075363428891545,weak_rank2
AR-S3,3,0,fit,cubic_bspline,48,32,0.0010711848248189622,1.151909435426755e-05,1.1519087855774208e-05,0.0010711848247490787,0.0010712467588317035,2.987085306526188e-05,0.027897663224924353,0.003994536433363695,2.8694602397263364e-18,0.14173973626744735,0.1431853414086271,0.0074779273048483415,0.007477927304848346,weak_rank2
AR-S3,3,0,fit,discrete_identity,64,32,0.0,1.151909435426755e-05,1.151909435426755e-05,0.0,1.1519094354269606e-05,3.2367257191861967e-07,0.027897663224924353,0.003994536433363695,2.8694602397263364e-18,0.14173973626744735,0.1431853414086271,8.102881956844826e-05,8.102881956844831e-05,weak_rank2
AR-S3,3,1,core,cubic_bspline,32,24,0.01628534005867831,0.0003861048696506881,0.00038605620861394753,0.016285338905059163,0.016289915292075696,0.0004092070316037713,0.02487955744019356,0.015807112216471225,5.46743760962166e-18,0.5362636261030505,0.6353453936819001,0.025887526197060334,0.04510438162071126,strong_rank2
AR-S3,3,1,core,cubic_bspline,40,24,0.003710897760841088,0.0003861048696506881,0.0003861022886100554,0.0037108974922944633,0.003730929799485032,9.286588390942422e-05,0.02487955744019356,0.015807112216471225,5.46743760962166e-18,0.5362636261030505,0.6353453936819001,0.005874943040681189,0.010236036880840188,strong_rank2
AR-S3,3,1,core,cubic_bspline,48,24,0.0007667514516172945,0.0003861048696506881,0.00038610463513240903,0.0007667513335234454,0.0008584780590253663,1.7458666450663496e-05,0.02487955744019356,0.015807112216471225,5.46743760962166e-18,0.5362636261030505,0.6353453936819001,0.0011044817175695969,0.0019243617371216687,strong_rank2
AR-S3,3,1,core,discrete_identity,64,24,0.0,0.0003861048696506881,0.0003861048696506881,0.0,0.00038610486965069045,1.1380975148819149e-05,0.02487955744019356,0.015807112216471225,5.46743760962166e-18,0.5362636261030505,0.6353453936819001,0.0007199907859805043,0.0012544550965224398,strong_rank2
AR-S3,3,1,core,cubic_bspline,32,28,0.01628534005867831,0.0001453528501902876,0.0001453345312802211,0.016285339895185356,0.01628598854699262,0.0004092070316037381,0.02487955744019356,0.015807112216471225,5.46743760962166e-18,0.5362636261030505,0.6353453936819001,0.025887526197058235,0.0451043816207076,strong_rank2
AR-S3,3,1,core,cubic_bspline,40,28,0.003710897760841088,0.0001453528501902876,0.00014535187853299367,0.0037108977227821843,0.003713743308308844,9.286588390926536e-05,0.02487955744019356,0.015807112216471225,5.46743760962166e-18,0.5362636261030505,0.6353453936819001,0.005874943040671139,0.010236036880822677,strong_rank2
AR-S3,3,1,core,cubic_bspline,48,28,0.0007667514516172945,0.0001453528501902876,0.0001453527619036514,0.0007667514348808264,0.0007804070822015037,1.745866318512246e-05,0.02487955744019356,0.015807112216471225,5.46743760962166e-18,0.5362636261030505,0.6353453936819001,0.0011044815109827776,0.0019243613771811063,strong_rank2
AR-S3,3,1,core,discrete_identity,64,28,0.0,0.0001453528501902876,0.0001453528501902876,0.0,0.0001453528501902901,4.284476332355855e-06,0.02487955744019356,0.015807112216471225,5.46743760962166e-18,0.5362636261030505,0.6353453936819001,0.00027104737878000086,0.00047225155145086417,strong_rank2
AR-S3,3,1,core,cubic_bspline,32,32,0.01628534005867831,6.37039959947795e-05,6.369596734056459e-05,0.01628534002744688,0.01628546462349317,0.00040920703160373723,0.02487955744019356,0.015807112216471225,5.46743760962166e-18,0.5362636261030505,0.6353453936819001,0.02588752619705818,0.045104381620707505,strong_rank2
AR-S3,3,1,core,cubic_bspline,40,32,0.003710897760841088,6.37039959947795e-05,6.370357014518597e-05,0.0037108977535695656,0.0037114445080406013,9.286588390926157e-05,0.02487955744019356,0.015807112216471225,5.46743760962166e-18,0.5362636261030505,0.6353453936819001,0.005874943040670899,0.01023603688082226,strong_rank2
AR-S3,3,1,core,cubic_bspline,48,32,0.0007667514516172945,6.37039959947795e-05,6.370395730126965e-05,0.0007667514484058492,0.0007693932562305492,1.7458663145915027e-05,0.02487955744019356,0.015807112216471225,5.46743760962166e-18,0.5362636261030505,0.6353453936819001,0.001104481508502411,0.0019243613728595111,strong_rank2
AR-S3,3,1,core,discrete_identity,64,32,0.0,6.37039959947795e-05,6.37039959947795e-05,0.0,6.370399599478167e-05,1.8777634062616672e-06,0.02487955744019356,0.015807112216471225,5.46743760962166e-18,0.5362636261030505,0.6353453936819001,0.00011879231200149338,0.0002069743448383411,strong_rank2
AR-S3,3,1,fit,cubic_bspline,32,24,0.016431795588852216,8.329664879006481e-05,8.328615086163689e-05,0.01643179553563911,0.016432006659466397,0.001646062199539936,0.10007764301076007,0.017161281529866027,2.214216008147041e-17,0.16901274372466332,0.17147967331745506,0.0959172073877624,0.09591720738776251,strong_rank2
AR-S3,3,1,fit,cubic_bspline,40,24,0.0037305367327551274,8.329664879006481e-05,8.32960919671571e-05,0.0037305367203222463,0.003731466541907144,0.000373559087153301,0.10007764301076007,0.017161281529866027,2.214216008147041e-17,0.16901274372466332,0.17147967331745506,0.02176755194553453,0.021767551945534556,strong_rank2
AR-S3,3,1,fit,cubic_bspline,48,24,0.0005996062575656059,8.329664879006481e-05,8.329659819607154e-05,0.000599606250537146,0.0006053643426754397,5.787222913600789e-05,0.10007764301076007,0.017161281529866027,2.214216008147041e-17,0.16901274372466332,0.17147967331745506,0.00337225568121425,0.0033722556812142545,strong_rank2
AR-S3,3,1,fit,discrete_identity,64,24,0.0,8.329664879006481e-05,8.329664879006481e-05,0.0,8.329664879006317e-05,8.457807434387274e-06,0.10007764301076007,0.017161281529866027,2.214216008147041e-17,0.16901274372466332,0.17147967331745506,0.000492842415041559,0.0004928424150415597,strong_rank2
AR-S3,3,1,fit,cubic_bspline,32,28,0.016431795588852216,3.1329944321503586e-05,3.132599578914605e-05,0.01643179558132415,0.016431825449165265,0.001646062199539937,0.10007764301076007,0.017161281529866027,2.214216008147041e-17,0.16901274372466332,0.17147967331745506,0.09591720738776247,0.09591720738776258,strong_rank2
AR-S3,3,1,fit,cubic_bspline,40,28,0.0037305367327551274,3.1329944321503586e-05,3.1329734886538644e-05,0.0037305367309962457,0.0037306682868788288,0.0003735590871532993,0.10007764301076007,0.017161281529866027,2.214216008147041e-17,0.16901274372466332,0.17147967331745506,0.02176755194553443,0.021767551945534456,strong_rank2
AR-S3,3,1,fit,cubic_bspline,48,28,0.0005996062575656059,3.1329944321503586e-05,3.132992529184411e-05,0.0005996062565712897,0.0006004242069825697,5.7872229135995704e-05,0.10007764301076007,0.017161281529866027,2.214216008147041e-17,0.16901274372466332,0.17147967331745506,0.0033722556812135402,0.0033722556812135446,strong_rank2
AR-S3,3,1,fit,discrete_identity,64,28,0.0,3.1329944321503586e-05,3.1329944321503586e-05,0.0,3.132994432150353e-05,3.1811920389402615e-06,0.10007764301076007,0.017161281529866027,2.214216008147041e-17,0.16901274372466332,0.17147967331745506,0.00018537030777124582,0.00018537030777124604,strong_rank2
AR-S3,3,1,fit,cubic_bspline,32,32,0.016431795588852216,1.3729394499647762e-05,1.3727664175524573e-05,0.016431795587406536,0.016431801323123,0.0016460621995399369,0.10007764301076007,0.017161281529866027,2.214216008147041e-17,0.16901274372466332,0.17147967331745506,0.09591720738776245,0.09591720738776256,strong_rank2
AR-S3,3,1,fit,cubic_bspline,40,32,0.0037305367327551274,1.3729394499647762e-05,1.3729302721150458e-05,0.0037305367324173546,0.003730561996293397,0.0003735590871532995,0.10007764301076007,0.017161281529866027,2.214216008147041e-17,0.16901274372466332,0.17147967331745506,0.02176755194553444,0.021767551945534466,strong_rank2
AR-S3,3,1,fit,cubic_bspline,48,32,0.0005996062575656059,1.3729394499647762e-05,1.3729386160477002e-05,0.0005996062573746605,0.0005997634201551293,5.7872229135993685e-05,0.10007764301076007,0.017161281529866027,2.214216008147041e-17,0.16901274372466332,0.17147967331745506,0.0033722556812134227,0.0033722556812134266,strong_rank2
AR-S3,3,1,fit,discrete_identity,64,32,0.0,1.3729394499647762e-05,1.3729394499647762e-05,0.0,1.3729394499647886e-05,1.3940605841349305e-06,0.10007764301076007,0.017161281529866027,2.214216008147041e-17,0.16901274372466332,0.17147967331745506,8.123289520708734e-05,8.123289520708744e-05,strong_rank2
AR-S3,3,2,core,cubic_bspline,32,24,0.016834195904212586,7.860784642609252e-05,7.85942299779874e-05,0.016834195840635613,0.01683437937063299,0.00039196776423932776,0.023752291591835017,0.017711477006492626,7.40563952288573e-18,0.597778411226787,0.745674451579276,0.022130721457936077,0.06488657426937251,strong_rank2
AR-S3,3,2,core,cubic_bspline,40,24,0.0036733667797271066,7.860784642609252e-05,7.860730427660622e-05,0.003673366768125468,0.0036742077522492196,8.69155812257016e-05,0.023752291591835017,0.017711477006492626,7.40563952288573e-18,0.597778411226787,0.745674451579276,0.004907302829337177,0.01438805644467157,strong_rank2
AR-S3,3,2,core,cubic_bspline,48,24,0.00151194886349527,7.860784642609252e-05,7.860775657860525e-05,0.001511948858824003,0.0015139909330042305,3.591231123466363e-05,0.023752291591835017,0.017711477006492626,7.40563952288573e-18,0.597778411226787,0.745674451579276,0.0020276293852567458,0.005944945127400915,strong_rank2
AR-S3,3,2,core,discrete_identity,64,24,0.0,7.860784642609252e-05,7.860784642609252e-05,0.0,7.860784642608398e-05,2.3290587922843027e-06,0.023752291591835017,0.017711477006492626,7.40563952288573e-18,0.597778411226787,0.745674451579276,0.00013149997549219202,0.00038555376255639413,strong_rank2
AR-S3,3,2,core,cubic_bspline,32,28,0.016834195904212586,3.7662365450095275e-05,3.765584157663687e-05,0.016834195889618278,0.016834238019697023,0.00039196776423928455,0.023752291591835017,0.017711477006492626,7.40563952288573e-18,0.597778411226787,0.745674451579276,0.022130721457933634,0.06488657426936535,strong_rank2
AR-S3,3,2,core,cubic_bspline,40,28,0.0036733667797271066,3.7662365450095275e-05,3.766210569699299e-05,0.0036733667770639123,0.0036735598447021982,8.691558122563517e-05,0.023752291591835017,0.017711477006492626,7.40563952288573e-18,0.597778411226787,0.745674451579276,0.004907302829333425,0.014388056444660572,strong_rank2
AR-S3,3,2,core,cubic_bspline,48,28,0.00151194886349527,3.7662365450095275e-05,3.766232240261604e-05,0.0015119488624229646,0.0015124178709448651,3.5912311234520006e-05,0.023752291591835017,0.017711477006492626,7.40563952288573e-18,0.597778411226787,0.745674451579276,0.002027629385248637,0.00594494512737714,strong_rank2
AR-S3,3,2,core,discrete_identity,64,28,0.0,3.7662365450095275e-05,3.7662365450095275e-05,0.0,3.7662365450089555e-05,1.1158919545294748e-06,0.023752291591835017,0.017711477006492626,7.40563952288573e-18,0.597778411226787,0.745674451579276,6.300389030911505e-05,0.00018472541058239193,strong_rank2
AR-S3,3,2,core,cubic_bspline,32,32,0.016834195904212586,2.0307643816598917e-05,2.0304126127325646e-05,0.016834195899969456,0.016834208148854123,0.00039196776423928287,0.023752291591835017,0.017711477006492626,7.40563952288573e-18,0.597778411226787,0.745674451579276,0.02213072145793354,0.06488657426936507,strong_rank2
AR-S3,3,2,core,cubic_bspline,40,32,0.0036733667797271066,2.0307643816598917e-05,2.0307503757062622e-05,0.0036733667789528137,0.003673422912368168,8.691558122563077e-05,0.023752291591835017,0.017711477006492626,7.40563952288573e-18,0.597778411226787,0.745674451579276,0.0049073028293331765,0.014388056444659843,strong_rank2
AR-S3,3,2,core,cubic_bspline,48,32,0.00151194886349527,2.0307643816598917e-05,2.0307620605290052e-05,0.0015119488631835096,0.0015120852374384721,3.591231123451322e-05,0.023752291591835017,0.017711477006492626,7.40563952288573e-18,0.597778411226787,0.745674451579276,0.002027629385248254,0.005944945127376017,strong_rank2
AR-S3,3,2,core,discrete_identity,64,32,0.0,2.0307643816598917e-05,2.0307643816598917e-05,0.0,2.0307643816622018e-05,6.016917970924964e-07,0.023752291591835017,0.017711477006492626,7.40563952288573e-18,0.597778411226787,0.745674451579276,3.3971858861456323e-05,9.960441403920242e-05,strong_rank2
AR-S3,3,2,fit,cubic_bspline,32,24,0.015531106803003172,1.95786848435991e-05,1.957529342457412e-05,0.015531106798728265,0.015531119139276626,0.001920406208012534,0.12416045140071218,0.017142649644235633,3.6420498860928836e-17,0.13677104574871568,0.13806851900779496,0.11202505142828299,0.11202505142828323,weak_rank2
AR-S3,3,2,fit,cubic_bspline,40,24,0.0036459268095812175,1.95786848435991e-05,1.9578549811608416e-05,0.0036459268088560913,0.003645979377401322,0.0004525185707071898,0.12416045140071218,0.017142649644235633,3.6420498860928836e-17,0.13677104574871568,0.13806851900779496,0.026397236139009184,0.02639723613900924,weak_rank2
AR-S3,3,2,fit,cubic_bspline,48,24,0.001511954178207754,1.95786848435991e-05,1.9578662465480057e-05,0.0015119541779179723,0.0015120809373257039,0.0001877249438548627,0.12416045140071218,0.017142649644235633,3.6420498860928836e-17,0.13677104574871568,0.13806851900779496,0.010950754273741274,0.010950754273741297,weak_rank2
AR-S3,3,2,fit,discrete_identity,64,24,0.0,1.95786848435991e-05,1.95786848435991e-05,0.0,1.9578684843595354e-05,2.4539589715889344e-06,0.12416045140071218,0.017142649644235633,3.6420498860928836e-17,0.13677104574871568,0.13806851900779496,0.0001431493393679722,0.0001431493393679725,weak_rank2
AR-S3,3,2,fit,cubic_bspline,32,28,0.015531106803003172,9.380709400870204e-06,9.379084474755513e-06,0.015531106802021806,0.01553110963497192,0.0019204062080125342,0.12416045140071218,0.017142649644235633,3.6420498860928836e-17,0.13677104574871568,0.13806851900779496,0.112025051428283,0.11202505142828324,weak_rank2
AR-S3,3,2,fit,cubic_bspline,40,28,0.0036459268095812175,9.380709400870204e-06,9.380644703172668e-06,0.003645926809414754,0.0036459388773425515,0.00045251857070718627,0.12416045140071218,0.017142649644235633,3.6420498860928836e-17,0.13677104574871568,0.13806851900779496,0.02639723613900898,0.02639723613900903,weak_rank2
AR-S3,3,2,fit,cubic_bspline,48,28,0.001511954178207754,9.380709400870204e-06,9.380698678870044e-06,0.00151195417814123,0.001511983278514497,0.0001877249438548587,0.12416045140071218,0.017142649644235633,3.6420498860928836e-17,0.13677104574871568,0.13806851900779496,0.010950754273741042,0.010950754273741063,weak_rank2
AR-S3,3,2,fit,discrete_identity,64,28,0.0,9.380709400870204e-06,9.380709400870204e-06,0.0,9.380709400871301e-06,1.1757621197762489e-06,0.12416045140071218,0.017142649644235633,3.6420498860928836e-17,0.13677104574871568,0.13806851900779496,6.85869538360197e-05,6.858695383601984e-05,weak_rank2
AR-S3,3,2,fit,cubic_bspline,32,32,0.015531106803003172,5.055676541973783e-06,5.054800797878123e-06,0.01553110680271812,0.015531107625578518,0.0019204062080125342,0.12416045140071218,0.017142649644235633,3.6420498860928836e-17,0.13677104574871568,0.13806851900779496,0.112025051428283,0.11202505142828324,weak_rank2
AR-S3,3,2,fit,cubic_bspline,40,32,0.0036459268095812175,5.055676541973783e-06,5.055641673540645e-06,0.0036459268095328646,0.0036459303147942314,0.00045251857070718686,0.12416045140071218,0.017142649644235633,3.6420498860928836e-17,0.13677104574871568,0.13806851900779496,0.026397236139009014,0.026397236139009066,weak_rank2
AR-S3,3,2,fit,cubic_bspline,48,32,0.001511954178207754,5.055676541973783e-06,5.055670763419198e-06,0.0015119541781884308,0.0015119626307573653,0.00018772494385486363,0.12416045140071218,0.017142649644235633,3.6420498860928836e-17,0.13677104574871568,0.13806851900779496,0.010950754273741328,0.01095075427374135,weak_rank2
AR-S3,3,2,fit,discrete_identity,64,32,0.0,5.055676541973783e-06,5.055676541973783e-06,0.0,5.055676541969965e-06,6.336698765380735e-07,0.12416045140071218,0.017142649644235633,3.6420498860928836e-17,0.13677104574871568,0.13806851900779496,3.6964523553169074e-05,3.696452355316915e-05,weak_rank2
AR-S3,4,0,core,cubic_bspline,32,24,0.008149056330768381,9.063162551590484e-05,9.062979384853716e-05,0.00814905631039728,0.008149560285166868,0.00020798855249397078,0.025525452148138325,0.0008853626224837947,3.4203338935365076e-18,0.03466463650472283,0.03468548244887281,0.23491905713218397,0.2349190571321849,weak_rank2
AR-S3,4,0,core,cubic_bspline,40,24,0.0037278359244476396,9.063162551590484e-05,9.063098828166576e-05,0.003727835908955177,0.003728937470062955,9.515569238480217e-05,0.025525452148138325,0.0008853626224837947,3.4203338935365076e-18,0.03466463650472283,0.03468548244887281,0.1074765186244847,0.10747651862448511,weak_rank2
AR-S3,4,0,core,cubic_bspline,48,24,0.0010737750907094934,9.063162551590484e-05,9.063157440231271e-05,0.0010737750863952702,0.0010775931642817678,2.7408090197438398e-05,0.025525452148138325,0.0008853626224837947,3.4203338935365076e-18,0.03466463650472283,0.03468548244887281,0.030956909069131237,0.030956909069131358,weak_rank2
AR-S3,4,0,core,discrete_identity,64,24,0.0,9.063162551590484e-05,9.063162551590484e-05,0.0,9.063162551590912e-05,2.3127024624755918e-06,0.025525452148138325,0.0008853626224837947,3.4203338935365076e-18,0.03466463650472283,0.03468548244887281,0.002612152810322555,0.0026121528103225655,weak_rank2
AR-S3,4,0,core,cubic_bspline,32,28,0.008149056330768381,3.788539707757058e-05,3.788463015593327e-05,0.00814905632720295,0.008149144392341944,0.00020798855249394292,0.025525452148138325,0.0008853626224837947,3.4203338935365076e-18,0.03466463650472283,0.03468548244887281,0.2349190571321525,0.2349190571321534,weak_rank2
AR-S3,4,0,core,cubic_bspline,40,28,0.0037278359244476396,3.788539707757058e-05,3.788513071188681e-05,0.003727835921740613,0.0037280284283695594,9.515569238463874e-05,0.025525452148138325,0.0008853626224837947,3.4203338935365076e-18,0.03466463650472283,0.03468548244887281,0.1074765186243001,0.10747651862430052,weak_rank2
AR-S3,4,0,core,cubic_bspline,48,28,0.0010737750907094934,3.788539707757058e-05,3.7885375710116976e-05,0.0010737750899555967,0.001074443226569401,2.740809019690527e-05,0.025525452148138325,0.0008853626224837947,3.4203338935365076e-18,0.03466463650472283,0.03468548244887281,0.030956909068529076,0.030956909068529197,weak_rank2
AR-S3,4,0,core,discrete_identity,64,28,0.0,3.788539707757058e-05,3.788539707757058e-05,0.0,3.7885397077577945e-05,9.663965803003406e-07,0.025525452148138325,0.0008853626224837947,3.4203338935365076e-18,0.03466463650472283,0.03468548244887281,0.0010915262918929347,0.001091526291892939,weak_rank2
AR-S3,4,0,core,cubic_bspline,32,32,0.008149056330768381,1.8804362373488253e-05,1.8803981251085746e-05,0.008149056329889161,0.008149078025871838,0.00020798855249394248,0.025525452148138325,0.0008853626224837947,3.4203338935365076e-18,0.03466463650472283,0.03468548244887281,0.234919057132152,0.23491905713215291,weak_rank2
AR-S3,4,0,core,cubic_bspline,40,32,0.0037278359244476396,1.8804362373488253e-05,1.8804230166156813e-05,0.003727835923780849,0.0037278833510015663,9.515569238463383e-05,0.025525452148138325,0.0008853626224837947,3.4203338935365076e-18,0.03466463650472283,0.03468548244887281,0.10747651862429457,0.10747651862429498,weak_rank2
AR-S3,4,0,core,cubic_bspline,48,32,0.0010737750907094934,1.8804362373488253e-05,1.8804351767348338e-05,0.0010737750905237841,0.001073939732514616,2.7408090196889666e-05,0.025525452148138325,0.0008853626224837947,3.4203338935365076e-18,0.03466463650472283,0.03468548244887281,0.030956909068511455,0.030956909068511576,weak_rank2
AR-S3,4,0,core,discrete_identity,64,32,0.0,1.8804362373488253e-05,1.8804362373488253e-05,0.0,1.8804362373494365e-05,4.79543676172695e-07,0.025525452148138325,0.0008853626224837947,3.4203338935365076e-18,0.03466463650472283,0.03468548244887281,0.0005416353299706556,0.0005416353299706576,weak_rank2
AR-S3,4,0,fit,cubic_bspline,32,24,0.00776369425453235,6.065800252479944e-05,6.0656772514195425e-05,0.007763694244922331,0.007763931202806371,0.00021483370283243973,0.027825213555554403,0.0044990098459556736,2.961307119799932e-18,0.1596152841873534,0.16168824138485693,0.0477513297788316,0.047751329778831626,strong_rank2
AR-S3,4,0,fit,cubic_bspline,40,24,0.003733123756371677,6.065800252479944e-05,6.065757606361752e-05,0.0037331237494423056,0.003733616520469201,0.0001039068917533527,0.027825213555554403,0.0044990098459556736,2.961307119799932e-18,0.1596152841873534,0.16168824138485693,0.0230955021907228,0.023095502190722813,strong_rank2
AR-S3,4,0,fit,cubic_bspline,48,24,0.0010709779251654534,6.065800252479944e-05,6.065796831124714e-05,0.001070977923227668,0.0010726943205365516,2.9783618511774335e-05,0.027825213555554403,0.0044990098459556736,2.961307119799932e-18,0.1596152841873534,0.16168824138485693,0.006620038526598899,0.0066200385265989025,strong_rank2
AR-S3,4,0,fit,discrete_identity,64,24,0.0,6.065800252479944e-05,6.065800252479944e-05,0.0,6.065800252480235e-05,1.7068216605173397e-06,0.027825213555554403,0.0044990098459556736,2.961307119799932e-18,0.1596152841873534,0.16168824138485693,0.0003793771783032804,0.00037937717830328064,strong_rank2
AR-S3,4,0,fit,cubic_bspline,32,28,0.00776369425453235,2.5366749986821715e-05,2.536623412611843e-05,0.007763694252846864,0.00776373569383272,0.00021483370283243062,0.027825213555554403,0.0044990098459556736,2.961307119799932e-18,0.1596152841873534,0.16168824138485693,0.04775132977882958,0.04775132977882961,strong_rank2
AR-S3,4,0,fit,cubic_bspline,40,28,0.003733123756371677,2.5366749986821715e-05,2.5366571653312676e-05,0.0037331237551598948,0.0037332099382895666,0.00010390689175331105,0.027825213555554403,0.0044990098459556736,2.961307119799932e-18,0.1596152841873534,0.16168824138485693,0.023095502190713543,0.023095502190713553,strong_rank2
AR-S3,4,0,fit,cubic_bspline,48,28,0.0010709779251654534,2.5366749986821715e-05,2.5366735677509414e-05,0.0010709779248265282,0.0010712782959953285,2.978361851163656e-05,0.027825213555554403,0.0044990098459556736,2.961307119799932e-18,0.1596152841873534,0.16168824138485693,0.006620038526568275,0.006620038526568279,strong_rank2
AR-S3,4,0,fit,discrete_identity,64,28,0.0,2.5366749986821715e-05,2.5366749986821715e-05,0.0,2.5366749986823554e-05,7.133093955336356e-07,0.027825213555554403,0.0044990098459556736,2.961307119799932e-18,0.1596152841873534,0.16168824138485693,0.00015854808501360713,0.0001585480850136072,strong_rank2
AR-S3,4,0,fit,cubic_bspline,32,32,0.00776369425453235,1.2596638766765191e-05,1.2596382020782371e-05,0.0077636942541157855,0.007763704473168622,0.00021483370283243032,0.027825213555554403,0.0044990098459556736,2.961307119799932e-18,0.1596152841873534,0.16168824138485693,0.04775132977882951,0.04775132977882954,strong_rank2
AR-S3,4,0,fit,cubic_bspline,40,32,0.003733123756371677,1.2596638766765191e-05,1.2596550213524747e-05,0.0037331237560728745,0.003733145008362774,0.00010390689175331001,0.027825213555554403,0.0044990098459556736,2.961307119799932e-18,0.1596152841873534,0.16168824138485693,0.02309550219071331,0.023095502190713324,strong_rank2
AR-S3,4,0,fit,cubic_bspline,48,32,0.0010709779251654534,1.2596638766765191e-05,1.2596631660459201e-05,0.0010709779250818708,0.001071052002155318,2.9783618511632525e-05,0.027825213555554403,0.0044990098459556736,2.961307119799932e-18,0.1596152841873534,0.16168824138485693,0.006620038526567378,0.0066200385265673825,strong_rank2
AR-S3,4,0,fit,discrete_identity,64,32,0.0,1.2596638766765191e-05,1.2596638766765191e-05,0.0,1.2596638766764913e-05,3.540311225714629e-07,0.027825213555554403,0.0044990098459556736,2.961307119799932e-18,0.1596152841873534,0.16168824138485693,7.86908974848576e-05,7.869089748485765e-05,strong_rank2
AR-S3,4,1,core,cubic_bspline,32,24,0.016280498682121964,0.0005344858705871162,0.0005344185090005916,0.016280496470792258,0.016289267647176097,0.0004006160154986912,0.024356594475264354,0.015810306411339053,4.952546509912395e-18,0.5444682327636091,0.6491181034111895,0.025338915330026236,0.0468760252991857,strong_rank2
AR-S3,4,1,core,cubic_bspline,40,24,0.003710255017617642,0.0005344858705871162,0.0005344822976465598,0.003710254502914472,0.003748554871180973,9.091553726189949e-05,0.024356594475264354,0.015810306411339053,4.952546509912395e-18,0.5444682327636091,0.6491181034111895,0.005750396918094859,0.01063801460726121,strong_rank2
AR-S3,4,1,core,cubic_bspline,48,24,0.0007715945708576178,0.0005344858705871162,0.0005344855459429149,0.0007715943459756441,0.0009386335709950132,1.7433584241940262e-05,0.024356594475264354,0.015810306411339053,4.952546509912395e-18,0.5444682327636091,0.6491181034111895,0.001102672129708821,0.0020399013128903397,strong_rank2
AR-S3,4,1,core,discrete_identity,64,24,0.0,0.0005344858705871162,0.0005344858705871162,0.0,0.0005344858705871146,1.5520437884174013e-05,0.024356594475264354,0.015810306411339053,4.952546509912395e-18,0.5444682327636091,0.6491181034111895,0.0009816658501344954,0.0018160443186659321,strong_rank2
AR-S3,4,1,core,cubic_bspline,32,28,0.016280498682121964,0.00018878380232522659,0.00018876000978526375,0.01628049840623004,0.016281592909782167,0.0004006160154986587,0.024356594475264354,0.015810306411339053,4.952546509912395e-18,0.5444682327636091,0.6491181034111895,0.025338915330024178,0.046876025299181896,strong_rank2
AR-S3,4,1,core,cubic_bspline,40,28,0.003710255017617642,0.00018878380232522659,0.0001887825403399383,0.0037102549534019425,0.0037150546622215556,9.091553726174974e-05,0.024356594475264354,0.015810306411339053,4.952546509912395e-18,0.5444682327636091,0.6491181034111895,0.005750396918085389,0.010638014607243689,strong_rank2
AR-S3,4,1,core,cubic_bspline,48,28,0.0007715945708576178,0.00018878380232522659,0.00018878368765883234,0.0007715945428025088,0.000794353487122094,1.7433552333888974e-05,0.024356594475264354,0.015810306411339053,4.952546509912395e-18,0.5444682327636091,0.6491181034111895,0.0011026701115283723,0.002039897579333613,strong_rank2
AR-S3,4,1,core,discrete_identity,64,28,0.0,0.00018878380232522659,0.00018878380232522659,0.0,0.00018878380232522187,5.481917182030542e-06,0.024356594475264354,0.015810306411339053,4.952546509912395e-18,0.5444682327636091,0.6491181034111895,0.00034673060973055815,0.0006414383813213877,strong_rank2
AR-S3,4,1,core,cubic_bspline,32,32,0.016280498682121964,8.785764372733757e-05,8.784657097388158e-05,0.016280498622357795,0.016280735682351898,0.00040061601549865793,0.024356594475264354,0.015810306411339053,4.952546509912395e-18,0.5444682327636091,0.6491181034111895,0.02533891533002413,0.046876025299181806,strong_rank2
AR-S3,4,1,core,cubic_bspline,40,32,0.003710255017617642,8.785764372733757e-05,8.785705641501358e-05,0.0037102550037072493,0.0037112950782872,9.091553726174734e-05,0.024356594475264354,0.015810306411339053,4.952546509912395e-18,0.5444682327636091,0.6491181034111895,0.005750396918085237,0.010638014607243408,strong_rank2
AR-S3,4,1,core,cubic_bspline,48,32,0.0007715945708576178,8.785764372733757e-05,8.785759036301871e-05,0.0007715945647816225,0.0007765804130683179,1.7433552224116502e-05,0.024356594475264354,0.015810306411339053,4.952546509912395e-18,0.5444682327636091,0.6491181034111895,0.0011026701045852767,0.0020398975664891513,strong_rank2
AR-S3,4,1,core,discrete_identity,64,32,0.0,8.785764372733757e-05,8.785764372733757e-05,0.0,8.785764372733178e-05,2.551216369134552e-06,0.024356594475264354,0.015810306411339053,4.952546509912395e-18,0.5444682327636091,0.6491181034111895,0.0001613641318997357,0.0002985174791736169,strong_rank2
AR-S3,4,1,fit,cubic_bspline,32,24,0.016436014837914806,9.401227364466641e-05,9.400042521937721e-05,0.01643601477014734,0.016436283638100728,0.0019336758490463252,0.11756591651017649,0.01705574000605897,2.667834660547571e-17,0.1435708889610751,0.1450738488869997,0.11337390511108848,0.11337390511108866,weak_rank2
AR-S3,4,1,fit,cubic_bspline,40,24,0.0037311088311393456,9.401227364466641e-05,9.40116451897637e-05,0.0037311088153043014,0.0037322930350171344,0.00043883397752204136,0.11756591651017649,0.01705574000605897,2.667834660547571e-17,0.1435708889610751,0.1450738488869997,0.0257294012083995,0.025729401208399543,weak_rank2
AR-S3,4,1,fit,cubic_bspline,48,24,0.0005940143263497634,9.401227364466641e-05,9.401221654205486e-05,0.0005940143173123641,0.0006014077791048789,6.802129221685041e-05,0.11756591651017649,0.01705574000605897,2.667834660547571e-17,0.1435708889610751,0.1450738488869997,0.00398817595675627,0.003988175956756276,weak_rank2
AR-S3,4,1,fit,discrete_identity,64,24,0.0,9.401227364466641e-05,9.401227364466641e-05,0.0,9.401227364466671e-05,1.116834274876317e-05,0.11756591651017649,0.01705574000605897,2.667834660547571e-17,0.1435708889610751,0.1450738488869997,0.0006548143173380733,0.0006548143173380744,weak_rank2
AR-S3,4,1,fit,cubic_bspline,32,28,0.016436014837914806,3.311529422318692e-05,3.311112068207056e-05,0.016436014829506487,0.016436048189831683,0.0019336758490463252,0.11756591651017649,0.01705574000605897,2.667834660547571e-17,0.1435708889610751,0.1450738488869997,0.11337390511108848,0.11337390511108866,weak_rank2
AR-S3,4,1,fit,cubic_bspline,40,28,0.0037311088311393456,3.311529422318692e-05,3.311507285348404e-05,0.003731108829174595,0.003731255782957804,0.00043883397752203805,0.11756591651017649,0.01705574000605897,2.667834660547571e-17,0.1435708889610751,0.1450738488869997,0.025729401208399307,0.02572940120839935,weak_rank2
AR-S3,4,1,fit,cubic_bspline,48,28,0.0005940143263497634,3.311529422318692e-05,3.311527410911235e-05,0.0005940143252284383,0.0005949366699809805,6.802129221677895e-05,0.11756591651017649,0.01705574000605897,2.667834660547571e-17,0.1435708889610751,0.1450738488869997,0.0039881759567520795,0.0039881759567520865,weak_rank2
AR-S3,4,1,fit,discrete_identity,64,28,0.0,3.311529422318692e-05,3.311529422318692e-05,0.0,3.311529422318696e-05,3.933985869851048e-06,0.11756591651017649,0.01705574000605897,2.667834660547571e-17,0.1435708889610751,0.1450738488869997,0.00023065465752019663,0.000230654657520197,weak_rank2
AR-S3,4,1,fit,cubic_bspline,32,32,0.016436014837914806,1.5404159487318277e-05,1.5402218091520872e-05,0.01643601483609542,0.016436022054635933,0.0019336758490463258,0.11756591651017649,0.01705574000605897,2.667834660547571e-17,0.1435708889610751,0.1450738488869997,0.11337390511108851,0.1133739051110887,weak_rank2
AR-S3,4,1,fit,cubic_bspline,40,32,0.0037311088311393456,1.5404159487318277e-05,1.5404056513320614e-05,0.003731108830714214,0.0037311406291860973,0.00043883397752204103,0.11756591651017649,0.01705574000605897,2.667834660547571e-17,0.1435708889610751,0.1450738488869997,0.02572940120839948,0.025729401208399526,weak_rank2
AR-S3,4,1,fit,cubic_bspline,48,32,0.0005940143263497634,1.5404159487318277e-05,1.5404150130903474e-05,0.0005940143261071307,0.0005942140252047142,6.802129221677754e-05,0.11756591651017649,0.01705574000605897,2.667834660547571e-17,0.1435708889610751,0.1450738488869997,0.003988175956751997,0.003988175956752003,weak_rank2
AR-S3,4,1,fit,discrete_identity,64,32,0.0,1.5404159487318277e-05,1.5404159487318277e-05,0.0,1.5404159487317816e-05,1.829962474487363e-06,0.11756591651017649,0.01705574000605897,2.667834660547571e-17,0.1435708889610751,0.1450738488869997,0.00010729305640431184,0.00010729305640431201,weak_rank2
AR-S3,4,2,core,cubic_bspline,32,24,0.016828905752801868,0.0001007837422185246,0.00010076628446264462,0.01682890564826117,0.01682920742877609,0.00039251840719037236,0.023778433087418813,0.01745615543683438,7.532354452440406e-18,0.5917744617591608,0.7341171460986823,0.02248595967254714,0.06208496824780983,strong_rank2
AR-S3,4,2,core,cubic_bspline,40,24,0.003673251352541974,0.0001007837422185246,0.00010078304712437286,0.003673251333470601,0.0036746336853541177,8.702481601449949e-05,0.023778433087418813,0.01745615543683438,7.532354452440406e-18,0.5917744617591608,0.7341171460986823,0.0049853369104899065,0.013764788708141419,strong_rank2
AR-S3,4,2,core,cubic_bspline,48,24,0.0015119488799087907,0.0001007837422185246,0.00010078362702434331,0.0015119488722301617,0.0015153041790127606,3.5951833138360407e-05,0.023778433087418813,0.01745615543683438,7.532354452440406e-18,0.5917744617591608,0.7341171460986823,0.002059550470231157,0.005686531836360746,strong_rank2
AR-S3,4,2,core,discrete_identity,64,24,0.0,0.0001007837422185246,0.0001007837422185246,0.0,0.00010078374221852042,2.972917527468994e-06,0.023778433087418813,0.01745615543683438,7.532354452440406e-18,0.5917744617591608,0.7341171460986823,0.0001703076910735921,0.00047022887822621587,strong_rank2
AR-S3,4,2,core,cubic_bspline,32,28,0.016828905752801868,4.816528876651685e-05,4.815694557706792e-05,0.01682890572892526,0.016828974654686926,0.0003925184071902599,0.023778433087418813,0.01745615543683438,7.532354452440406e-18,0.5917744617591608,0.7341171460986823,0.022485959672540697,0.06208496824779204,strong_rank2
AR-S3,4,2,core,cubic_bspline,40,28,0.003673251352541974,4.816528876651685e-05,4.816495657593912e-05,0.0036732513481861624,0.003673567116848882,8.70248160143147e-05,0.023778433087418813,0.01745615543683438,7.532354452440406e-18,0.5917744617591608,0.7341171460986823,0.00498533691047932,0.01376478870811219,strong_rank2
AR-S3,4,2,core,cubic_bspline,48,28,0.0015119488799087907,4.816528876651685e-05,4.816523371437333e-05,0.0015119488781550278,0.0015127158706102648,3.595183313796594e-05,0.023778433087418813,0.01745615543683438,7.532354452440406e-18,0.5917744617591608,0.7341171460986823,0.002059550470208559,0.0056865318362983525,strong_rank2
AR-S3,4,2,core,discrete_identity,64,28,0.0,4.816528876651685e-05,4.816528876651685e-05,0.0,4.816528876652074e-05,1.4207790665197346e-06,0.023778433087418813,0.01745615543683438,7.532354452440406e-18,0.5917744617591608,0.7341171460986823,8.139129326963582e-05,0.00022472582588782653,strong_rank2
AR-S3,4,2,core,cubic_bspline,32,32,0.016828905752801868,2.5928846293459495e-05,2.592435489972572e-05,0.016828905745882437,0.016828925720581943,0.000392518407190254,0.023778433087418813,0.01745615543683438,7.532354452440406e-18,0.5917744617591608,0.7341171460986823,0.02248595967254036,0.06208496824779111,strong_rank2
AR-S3,4,2,core,cubic_bspline,40,32,0.003673251352541974,2.5928846293459495e-05,2.592866746511573e-05,0.0036732513512796614,0.0036733428637615627,8.702481601430544e-05,0.023778433087418813,0.01745615543683438,7.532354452440406e-18,0.5917744617591608,0.7341171460986823,0.00498533691047879,0.013764788708110726,strong_rank2
AR-S3,4,2,core,cubic_bspline,48,32,0.0015119488799087907,2.5928846293459495e-05,2.5928816657205476e-05,0.001511948879400551,0.001512171193678365,3.595183313794597e-05,0.023778433087418813,0.01745615543683438,7.532354452440406e-18,0.5917744617591608,0.7341171460986823,0.002059550470207415,0.0056865318362951936,strong_rank2
AR-S3,4,2,core,discrete_identity,64,32,0.0,2.5928846293459495e-05,2.5928846293459495e-05,0.0,2.5928846293470537e-05,7.648487733842326e-07,0.023778433087418813,0.01745615543683438,7.532354452440406e-18,0.5917744617591608,0.7341171460986823,4.381541950355912e-05,0.00012097677698693439,strong_rank2
AR-S3,4,2,fit,cubic_bspline,32,24,0.015499764537243166,2.036232587950344e-05,2.035879871821347e-05,0.01549976453260988,0.015499777907785197,0.0023262956105119907,0.1505743609667892,0.018262914134409804,5.24909902503457e-17,0.12040593486549052,0.12128833897849241,0.1273781168432991,0.12737811684329947,weak_rank2
AR-S3,4,2,fit,cubic_bspline,40,24,0.003645291623258752,2.036232587950344e-05,2.0362185442828044e-05,0.0036452916224742884,0.0036453484932440186,0.0005487342153566221,0.1505743609667892,0.018262914134409804,5.24909902503457e-17,0.12040593486549052,0.12128833897849241,0.030046366714429902,0.03004636671442999,weak_rank2
AR-S3,4,2,fit,cubic_bspline,48,24,0.0015119542723956202,2.036232587950344e-05,2.036230260569565e-05,0.0015119542720821802,0.0015120913812276197,0.0002276615773036528,0.1505743609667892,0.018262914134409804,5.24909902503457e-17,0.12040593486549052,0.12128833897849241,0.012465785888721206,0.01246578588872124,weak_rank2
AR-S3,4,2,fit,discrete_identity,64,24,0.0,2.036232587950344e-05,2.036232587950344e-05,0.0,2.0362325879504028e-05,3.0885139468389757e-06,0.1505743609667892,0.018262914134409804,5.24909902503457e-17,0.12040593486549052,0.12128833897849241,0.0001691139718507353,0.0001691139718507358,weak_rank2
AR-S3,4,2,fit,cubic_bspline,32,28,0.015499764537243166,9.707869000509088e-06,9.706187403817565e-06,0.015499764536190045,0.015499767576323695,0.002326295610511995,0.1505743609667892,0.018262914134409804,5.24909902503457e-17,0.12040593486549052,0.12128833897849241,0.12737811684329933,0.1273781168432997,weak_rank2
AR-S3,4,2,fit,cubic_bspline,40,28,0.003645291623258752,9.707869000509088e-06,9.707802046430063e-06,0.003645291623080448,0.003645304549694156,0.0005487342153566203,0.1505743609667892,0.018262914134409804,5.24909902503457e-17,0.12040593486549052,0.12128833897849241,0.0300463667144298,0.030046366714429885,weak_rank2
AR-S3,4,2,fit,cubic_bspline,48,28,0.0015119542723956202,9.707869000509088e-06,9.70785790457319e-06,0.001511954272324377,0.0015119854378665449,0.00022766157730365,0.1505743609667892,0.018262914134409804,5.24909902503457e-17,0.12040593486549052,0.12128833897849241,0.012465785888721052,0.012465785888721088,weak_rank2
AR-S3,4,2,fit,discrete_identity,64,28,0.0,9.707869000509088e-06,9.707869000509088e-06,0.0,9.707869000508925e-06,1.4724687631257899e-06,0.1505743609667892,0.018262914134409804,5.24909902503457e-17,0.12040593486549052,0.12128833897849241,8.062616690243641e-05,8.062616690243664e-05,weak_rank2
AR-S3,4,2,fit,cubic_bspline,32,32,0.015499764537243166,5.215326234358457e-06,5.214422835755499e-06,0.015499764536939235,0.01549976541435988,0.0023262956105119946,0.1505743609667892,0.018262914134409804,5.24909902503457e-17,0.12040593486549052,0.12128833897849241,0.1273781168432993,0.12737811684329967,weak_rank2
AR-S3,4,2,fit,cubic_bspline,40,32,0.003645291623258752,5.215326234358457e-06,5.215290264838439e-06,0.0036452916232072945,0.0036452953539943644,0.0005487342153566206,0.1505743609667892,0.018262914134409804,5.24909902503457e-17,0.12040593486549052,0.12128833897849241,0.03004636671442982,0.030046366714429906,weak_rank2
AR-S3,4,2,fit,cubic_bspline,48,32,0.0015119542723956202,5.215326234358457e-06,5.215320273324619e-06,0.0015119542723750598,0.001511963267206224,0.00022766157730364864,0.1505743609667892,0.018262914134409804,5.24909902503457e-17,0.12040593486549052,0.12128833897849241,0.012465785888720979,0.012465785888721014,weak_rank2
AR-S3,4,2,fit,discrete_identity,64,32,0.0,5.215326234358457e-06,5.215326234358457e-06,0.0,5.215326234359396e-06,7.910495052211848e-07,0.1505743609667892,0.018262914134409804,5.24909902503457e-17,0.12040593486549052,0.12128833897849241,4.331452797725968e-05,4.3314527977259805e-05,weak_rank2
AR-S4U,0,0,core,cubic_bspline,32,24,0.016090250176238875,0.018558613038045915,0.018412997058529626,0.015922075666050833,0.024452701515607144,0.0005178337253475015,0.024263921128842566,0.01317636437299274,0.0068025851723364575,0.541967111977477,0.543043488438065,0.03930019773958984,0.08124437779303402,strong_rank2
AR-S4U,0,0,core,cubic_bspline,40,24,0.004349325810850258,0.018558613038045915,0.018548468542798877,0.004305833530943703,0.01905157002171021,0.0005170067993596638,0.024263921128842566,0.01317636437299274,0.0068025851723364575,0.541967111977477,0.543043488438065,0.03923743945783403,0.08111463906789079,strong_rank2
AR-S4U,0,0,core,cubic_bspline,48,24,0.0011221112007337626,0.018558613038045915,0.018557579694694622,0.0011048890332641082,0.01859147378966377,0.0005170047585687517,0.024263921128842566,0.01317636437299274,0.0068025851723364575,0.541967111977477,0.543043488438065,0.03923728457513237,0.0811143188825113,strong_rank2
AR-S4U,0,0,core,discrete_identity,64,24,0.0,0.018558613038045915,0.018558613038045915,0.0,0.018558613038045912,0.0005170047247455609,0.024263921128842566,0.01317636437299274,0.0068025851723364575,0.541967111977477,0.543043488438065,0.039237282008173086,0.08111431357589655,strong_rank2
AR-S4U,0,0,core,cubic_bspline,32,28,0.016090250176238875,0.008950994555807994,0.008818878188796706,0.016017130195658803,0.018348535724759883,0.000270344858859105,0.024263921128842566,0.01317636437299274,0.0068025851723364575,0.541967111977477,0.543043488438065,0.02051740914308836,0.04241515909921521,strong_rank2
AR-S4U,0,0,core,cubic_bspline,40,28,0.004349325810850258,0.008950994555807994,0.008941801943169432,0.004330375672120429,0.009943463028532716,0.00024247803502877954,0.024263921128842566,0.01317636437299274,0.0068025851723364575,0.541967111977477,0.543043488438065,0.018402499214865416,0.038043055367185066,strong_rank2
AR-S4U,0,0,core,cubic_bspline,48,28,0.0011221112007337626,0.008950994555807994,0.00895039989261561,0.001117357707469472,0.00902046516453258,0.00024246860204732415,0.024263921128842566,0.01317636437299274,0.0068025851723364575,0.541967111977477,0.543043488438065,0.018401783313180525,0.03804157540040893,strong_rank2
AR-S4U,0,0,core,discrete_identity,64,28,0.0,0.008950994555807994,0.008950994555807994,0.0,0.008950994555807994,0.00024246852074893594,0.024263921128842566,0.01317636437299274,0.0068025851723364575,0.541967111977477,0.543043488438065,0.018401777143163826,0.038041562645278006,strong_rank2
AR-S4U,0,0,core,cubic_bspline,32,32,0.016090250176238875,0.0043468102603429004,0.004322767372747067,0.01608377160536106,0.016660806357821974,0.00027032498456790584,0.024263921128842566,0.01317636437299274,0.0068025851723364575,0.541967111977477,0.543043488438065,0.02051590081418696,0.0424120409662248,strong_rank2
AR-S4U,0,0,core,cubic_bspline,40,32,0.004349325810850258,0.0043468102603429004,0.004337973912003326,0.004340494583653728,0.006142853788765428,0.00011011385325307294,0.024263921128842566,0.01317636437299274,0.0068025851723364575,0.541967111977477,0.543043488438065,0.008356922299353722,0.017276069626279957,strong_rank2
AR-S4U,0,0,core,cubic_bspline,48,32,0.0011221112007337626,0.0043468102603429004,0.004346636426167239,0.0011214376169336366,0.0044891404264175245,0.00011004601841803986,0.024263921128842566,0.01317636437299274,0.0068025851723364575,0.541967111977477,0.543043488438065,0.008351774078409549,0.017265426829769826,strong_rank2
AR-S4U,0,0,core,discrete_identity,64,32,0.0,0.0043468102603429004,0.0043468102603429004,0.0,0.004346810260342901,0.00011004591792592979,0.024263921128842566,0.01317636437299274,0.0068025851723364575,0.541967111977477,0.543043488438065,0.008351766451714716,0.01726541106328233,strong_rank2
AR-S4U,0,0,fit,cubic_bspline,32,24,0.017514782747406876,0.01152626922376618,0.011435904909797885,0.01745544767618584,0.020917636955325537,0.00040551436446593074,0.028648610053782306,0.016658964608694392,0.00585507103479688,0.5360243227835141,0.5814929442447769,0.024342110928928372,0.03753409469394108,strong_rank2
AR-S4U,0,0,fit,cubic_bspline,40,24,0.0043698134459531565,0.01152626922376618,0.011519930296776431,0.004353065744539239,0.012320879172973845,0.0003772886667224923,0.028648610053782306,0.016658964608694392,0.00585507103479688,0.5360243227835141,0.5814929442447769,0.022647786077028075,0.03492154602800157,strong_rank2
AR-S4U,0,0,fit,cubic_bspline,48,24,0.0009159680048659798,0.01152626922376618,0.011525624810156817,0.0009078229076760832,0.011561964567081183,0.00037728532931403247,0.028648610053782306,0.016658964608694392,0.00585507103479688,0.5360243227835141,0.5814929442447769,0.022647585739940013,0.034921237120066013,strong_rank2
AR-S4U,0,0,fit,discrete_identity,64,24,0.0,0.01152626922376618,0.01152626922376618,0.0,0.01152626922376618,0.0003772853039052571,0.028648610053782306,0.016658964608694392,0.00585507103479688,0.5360243227835141,0.5814929442447769,0.02264758421470865,0.0349212347682495,strong_rank2
AR-S4U,0,0,fit,cubic_bspline,32,28,0.017514782747406876,0.005525928315154781,0.005444132515788861,0.017489148343876024,0.018341379270336525,0.0004036923150662053,0.028648610053782306,0.016658964608694392,0.00585507103479688,0.5360243227835141,0.5814929442447769,0.02423273742087887,0.03736544721631991,strong_rank2
AR-S4U,0,0,fit,cubic_bspline,40,28,0.0043698134459531565,0.005525928315154781,0.005520243473099495,0.0043626223547885935,0.007040479923608248,0.00017592488152072167,0.028648610053782306,0.016658964608694392,0.00585507103479688,0.5360243227835141,0.5814929442447769,0.010560373087587067,0.016283470428268637,strong_rank2
AR-S4U,0,0,fit,cubic_bspline,48,28,0.0009159680048659798,0.005525928315154781,0.005525560150660812,0.0009137442860448394,0.005600965306490386,0.0001759040882873111,0.028648610053782306,0.016658964608694392,0.00585507103479688,0.5360243227835141,0.5814929442447769,0.010559124916773396,0.016281545822730056,strong_rank2
AR-S4U,0,0,fit,discrete_identity,64,28,0.0,0.005525928315154781,0.005525928315154781,0.0,0.005525928315154781,0.00017590402610828643,0.028648610053782306,0.016658964608694392,0.00585507103479688,0.5360243227835141,0.5814929442447769,0.010559121184307055,0.01628154006748781,strong_rank2
AR-S4U,0,0,fit,cubic_bspline,32,32,0.017514782747406876,0.0026789057495747786,0.002664083170769184,0.0175125217434421,0.017716234188721838,0.000403643993075468,0.028648610053782306,0.016658964608694392,0.00585507103479688,0.5360243227835141,0.5814929442447769,0.024229836760971585,0.037360974570379187,strong_rank2
AR-S4U,0,0,fit,cubic_bspline,40,32,0.0043698134459531565,0.0026789057495747786,0.0026734540731963405,0.004366473430449142,0.005122755726552223,0.000102539069601911,0.028648610053782306,0.016658964608694392,0.00585507103479688,0.5360243227835141,0.5814929442447769,0.006155188633295696,0.009490936660987485,strong_rank2
AR-S4U,0,0,fit,cubic_bspline,48,32,0.0009159680048659798,0.0026789057495747786,0.0026787983288179963,0.0009156537868165145,0.002831070093165526,7.970524918233293e-05,0.028648610053782306,0.016658964608694392,0.00585507103479688,0.5360243227835141,0.5814929442447769,0.004784525992733929,0.007377455973363426,strong_rank2
AR-S4U,0,0,fit,discrete_identity,64,32,0.0,0.0026789057495747786,0.0026789057495747786,0.0,0.002678905749574779,7.97051569746521e-05,0.028648610053782306,0.016658964608694392,0.00585507103479688,0.5360243227835141,0.5814929442447769,0.004784520457715218,0.007377447438692088,strong_rank2
AR-S4U,0,1,core,cubic_bspline,32,24,0.01274843836302883,0.018311697926605256,0.018129265039840102,0.012484976997394776,0.022162872818764126,0.0007472006804281387,0.03161412257477008,0.026231554841090073,0.006645653176610825,0.6567674257111026,0.8297416693773557,0.028484803320072208,0.13881863032632666,strong_rank2
AR-S4U,0,1,core,cubic_bspline,40,24,0.0035921821490934964,0.018311697926605256,0.01829897010449874,0.003526726318041403,0.018648219203924135,0.0007470621968820312,0.03161412257477008,0.026231554841090073,0.006645653176610825,0.6567674257111026,0.8297416693773557,0.028479524046809666,0.13879290216962534,strong_rank2
AR-S4U,0,1,core,cubic_bspline,48,24,0.000578485433581501,0.018311697926605256,0.018310467634500747,0.0005381351463399161,0.01831960344524317,0.0007470609016896965,0.03161412257477008,0.026231554841090073,0.006645653176610825,0.6567674257111026,0.8297416693773557,0.028479474671454577,0.13879266154240077,strong_rank2
AR-S4U,0,1,core,discrete_identity,64,24,0.0,0.018311697926605256,0.018311697926605256,0.0,0.018311697926605256,0.0007470608935659917,0.03161412257477008,0.026231554841090073,0.006645653176610825,0.6567674257111026,0.8297416693773557,0.0284794743617625,0.13879266003313884,strong_rank2
AR-S4U,0,1,core,cubic_bspline,32,28,0.01274843836302883,0.00937964968064541,0.00913343922007336,0.012568395464461146,0.015682550579632117,0.0003814257226393719,0.03161412257477008,0.026231554841090073,0.006645653176610825,0.6567674257111026,0.8297416693773557,0.014540721087638032,0.07086315333343608,strong_rank2
AR-S4U,0,1,core,cubic_bspline,40,28,0.0035921821490934964,0.00937964968064541,0.009366811709101145,0.0035585258260112,0.010031995523624418,0.00037899246383886893,0.03161412257477008,0.026231554841090073,0.006645653176610825,0.6567674257111026,0.8297416693773557,0.014447960333834317,0.07041109050377999,strong_rank2
AR-S4U,0,1,core,cubic_bspline,48,28,0.000578485433581501,0.00937964968064541,0.009377665946118593,0.0005453768075623098,0.00939549168451861,0.0003789893730082482,0.03161412257477008,0.026231554841090073,0.006645653176610825,0.6567674257111026,0.8297416693773557,0.014447842505110877,0.07041051627401203,strong_rank2
AR-S4U,0,1,core,discrete_identity,64,28,0.0,0.00937964968064541,0.00937964968064541,0.0,0.00937964968064541,0.0003789892953496652,0.03161412257477008,0.026231554841090073,0.006645653176610825,0.6567674257111026,0.8297416693773557,0.014447839544608404,0.07041050184621718,strong_rank2
AR-S4U,0,1,core,cubic_bspline,32,32,0.01274843836302883,0.004792238333326505,0.004510415516082778,0.012645195948670047,0.013522815121995328,0.0003757066041605612,0.03161412257477008,0.026231554841090073,0.006645653176610825,0.6567674257111026,0.8297416693773557,0.014322696707708709,0.06980062727491111,strong_rank2
AR-S4U,0,1,core,cubic_bspline,40,32,0.0035921821490934964,0.004792238333326505,0.004780828707371348,0.003576946669729352,0.00597997455859905,0.00018551745641839446,0.03161412257477008,0.026231554841090073,0.006645653176610825,0.6567674257111026,0.8297416693773557,0.007072301186195532,0.03446634870148825,strong_rank2
AR-S4U,0,1,core,cubic_bspline,48,32,0.000578485433581501,0.004792238333326505,0.0047903158663190025,0.0005623373120908482,0.0048251188064102135,0.00018550969090778946,0.03161412257477008,0.026231554841090073,0.006645653176610825,0.6567674257111026,0.8297416693773557,0.007072005149202984,0.03446490598660026,strong_rank2
AR-S4U,0,1,core,discrete_identity,64,32,0.0,0.004792238333326505,0.004792238333326505,0.0,0.004792238333326509,0.0001855092841865906,0.03161412257477008,0.026231554841090073,0.006645653176610825,0.6567674257111026,0.8297416693773557,0.007071989644167109,0.034464830423928505,strong_rank2
AR-S4U,0,1,fit,cubic_bspline,32,24,0.014747510010343225,0.002289642839573878,0.0022668770029348026,0.01474399262475387,0.014920716566291618,0.0027188424625892503,0.1944031135693983,0.13317741746462206,0.006547626490054858,0.5658119446974827,0.6850580477821421,0.020415191361639804,0.044406885271446546,strong_rank2
AR-S4U,0,1,fit,cubic_bspline,40,24,0.003679541607333086,0.002289642839573878,0.0022880594524951727,0.003678556532858499,0.004332925397263117,0.000713145813525829,0.1944031135693983,0.13317741746462206,0.006547626490054858,0.5658119446974827,0.6850580477821421,0.00535485540343409,0.011647818790094511,strong_rank2
AR-S4U,0,1,fit,cubic_bspline,48,24,0.0005732377490174428,0.002289642839573878,0.0022894902629706716,0.0005726280191574275,0.0023601625327794896,0.0005251725417615723,0.1944031135693983,0.13317741746462206,0.006547626490054858,0.5658119446974827,0.6850580477821421,0.003943405359253808,0.008577649176300724,strong_rank2
AR-S4U,0,1,fit,discrete_identity,64,24,0.0,0.002289642839573878,0.002289642839573878,0.0,0.002289642839573879,0.0005251725101419416,0.1944031135693983,0.13317741746462206,0.006547626490054858,0.5658119446974827,0.6850580477821421,0.00394340512182894,0.00857764865985693,strong_rank2
AR-S4U,0,1,fit,cubic_bspline,32,28,0.014747510010343225,0.0011627445506075132,0.0011322142608048166,0.014745134307546207,0.014790908039655446,0.0027188410915002536,0.1944031135693983,0.13317741746462206,0.006547626490054858,0.5658119446974827,0.6850580477821421,0.020415181066433436,0.044406862877434165,strong_rank2
AR-S4U,0,1,fit,cubic_bspline,40,28,0.003679541607333086,0.0011627445506075132,0.0011611500570022659,0.003679038054302273,0.003858405874836339,0.0007131311178861341,0.1944031135693983,0.13317741746462206,0.006547626490054858,0.5658119446974827,0.6850580477821421,0.005354745057100796,0.011647578766042032,strong_rank2
AR-S4U,0,1,fit,cubic_bspline,48,28,0.0005732377490174428,0.0011627445506075132,0.0011624984715123297,0.0005727384422226443,0.00129614976494505,0.00026414090059532174,0.1944031135693983,0.13317741746462206,0.006547626490054858,0.5658119446974827,0.6850580477821421,0.001983376052967009,0.004314216373192301,strong_rank2
AR-S4U,0,1,fit,discrete_identity,64,28,0.0,0.0011627445506075132,0.0011627445506075132,0.0,0.0011627445506075134,0.00026414045518117444,0.1944031135693983,0.13317741746462206,0.006547626490054858,0.5658119446974827,0.6850580477821421,0.00198337270844993,0.004314209098237901,strong_rank2
AR-S4U,0,1,fit,cubic_bspline,32,32,0.014747510010343225,0.0005923865749856759,0.0005575100301319528,0.01474615024623878,0.014758044211170811,0.0027188409995024545,0.1944031135693983,0.13317741746462206,0.006547626490054858,0.5658119446974827,0.6850580477821421,0.02041518037564215,0.04440686137483305,strong_rank2
AR-S4U,0,1,fit,cubic_bspline,40,32,0.003679541607333086,0.0005923865749856759,0.0005909748150998014,0.003679314585347974,0.00372669795827048,0.0007131302253594641,0.1944031135693983,0.13317741746462206,0.006547626490054858,0.5658119446974827,0.6850580477821421,0.005354738355313909,0.011647564188393647,strong_rank2
AR-S4U,0,1,fit,cubic_bspline,48,32,0.0005732377490174428,0.0005923865749856759,0.0005921487030110231,0.0005729919276507845,0.0008241611513388725,0.00012894418338156726,0.1944031135693983,0.13317741746462206,0.006547626490054858,0.5658119446974827,0.6850580477821421,0.0009682135743157857,0.0021060468330307523,strong_rank2
AR-S4U,0,1,fit,discrete_identity,64,32,0.0,0.0005923865749856759,0.0005923865749856759,0.0,0.0005923865749856762,0.00012893667412240155,0.1944031135693983,0.13317741746462206,0.006547626490054858,0.5658119446974827,0.6850580477821421,0.0009681571889367277,0.0021059241842142674,strong_rank2
AR-S4U,0,2,core,cubic_bspline,32,24,0.016819155548588104,0.034126161924562685,0.0338330843312238,0.016216246823167538,0.037783086013867415,0.0008853533849447319,0.021565596663297857,0.012585893326381445,0.00751968216142427,0.5994230877084884,0.5836097893735153,0.07034489821147076,0.1747565105593493,strong_rank2
AR-S4U,0,2,core,cubic_bspline,40,24,0.004286140956832484,0.034126161924562685,0.03411114371997622,0.004164877247319301,0.03437937070667105,0.0008850341744757478,0.021565596663297857,0.012585893326381445,0.00751968216142427,0.5994230877084884,0.5836097893735153,0.07031953565192046,0.1746935028286033,strong_rank2
AR-S4U,0,2,core,cubic_bspline,48,24,0.0014062128798900306,0.034126161924562685,0.03412456537826232,0.0013669196089738966,0.03415352685915276,0.0008850335364657819,0.021565596663297857,0.012585893326381445,0.00751968216142427,0.5994230877084884,0.5836097893735153,0.07031948495945474,0.17469337689426198,strong_rank2
AR-S4U,0,2,core,discrete_identity,64,24,0.0,0.034126161924562685,0.034126161924562685,0.0,0.034126161924562685,0.000885033523706434,0.021565596663297857,0.012585893326381445,0.00751968216142427,0.5994230877084884,0.5836097893735153,0.07031948394567308,0.17469337437574325,strong_rank2
AR-S4U,0,2,core,cubic_bspline,32,28,0.016819155548588104,0.016778349335601957,0.016584339880374055,0.01662562228032006,0.023620421728567174,0.0004290083258368547,0.021565596663297857,0.012585893326381445,0.00751968216142427,0.5994230877084884,0.5836097893735153,0.03408644223430728,0.08468030878860557,strong_rank2
AR-S4U,0,2,core,cubic_bspline,40,28,0.004286140956832484,0.016778349335601957,0.016760674445784825,0.004216420964743351,0.017300035034051867,0.0004260993292299648,0.021565596663297857,0.012585893326381445,0.00751968216142427,0.5994230877084884,0.5836097893735153,0.03385531071813653,0.08410611310031461,strong_rank2
AR-S4U,0,2,core,cubic_bspline,48,28,0.0014062128798900306,0.016778349335601957,0.016777040724244408,0.0013905120276463585,0.016835870340630568,0.00042609469616680635,0.021565596663297857,0.012585893326381445,0.00751968216142427,0.5994230877084884,0.5836097893735153,0.033854942602577445,0.0841051985977391,strong_rank2
AR-S4U,0,2,core,discrete_identity,64,28,0.0,0.016778349335601957,0.016778349335601957,0.0,0.016778349335601954,0.00042609461980678865,0.021565596663297857,0.012585893326381445,0.00751968216142427,0.5994230877084884,0.5836097893735153,0.03385493653546598,0.08410518352532793,strong_rank2
AR-S4U,0,2,core,cubic_bspline,32,32,0.016819155548588104,0.008276053662185565,0.008141202641854459,0.0167532119190311,0.01868590842917036,0.00031267486004223863,0.021565596663297857,0.012585893326381445,0.00751968216142427,0.5994230877084884,0.5836097893735153,0.024843279053290323,0.0617176919519267,strong_rank2
AR-S4U,0,2,core,cubic_bspline,40,32,0.004286140956832484,0.008276053662185565,0.008260846486566567,0.00425670350824215,0.009306588471424751,0.0001980085805329615,0.021565596663297857,0.012585893326381445,0.00751968216142427,0.5994230877084884,0.5836097893735153,0.015732580548566487,0.039084154624777726,strong_rank2
AR-S4U,0,2,core,cubic_bspline,48,32,0.0014062128798900306,0.008276053662185565,0.008274703804567799,0.0013982465796569706,0.00839334008109391,0.00019798533162638398,0.021565596663297857,0.012585893326381445,0.00751968216142427,0.5994230877084884,0.5836097893735153,0.015730733329145933,0.0390795656122355,strong_rank2
AR-S4U,0,2,core,discrete_identity,64,32,0.0,0.008276053662185565,0.008276053662185565,0.0,0.008276053662185567,0.00019798489859534194,0.021565596663297857,0.012585893326381445,0.00751968216142427,0.5994230877084884,0.5836097893735153,0.015730698923082667,0.039079480137898186,strong_rank2
AR-S4U,0,2,fit,cubic_bspline,32,24,0.01265590027861399,0.018314500595937862,0.018155817112586212,0.012425158945031328,0.022131550033558427,0.0006384377441003808,0.027411851822286264,0.02169040085788071,0.007326512169483989,0.6534643621202076,0.7912782032568144,0.029434114578312142,0.11158668457918225,strong_rank2
AR-S4U,0,2,fit,cubic_bspline,40,24,0.0032508286456249314,0.018314500595937862,0.01830642810732206,0.0032050374183711008,0.018592826491197274,0.0006381466339765775,0.027411851822286264,0.02169040085788071,0.007326512169483989,0.6534643621202076,0.7912782032568144,0.02942069342829695,0.11153580410749521,strong_rank2
AR-S4U,0,2,fit,cubic_bspline,48,24,0.0008288573479799595,0.018314500595937862,0.01831363589709461,0.0008095259081983562,0.018332382940432285,0.0006381459595762935,0.027411851822286264,0.02169040085788071,0.007326512169483989,0.6534643621202076,0.7912782032568144,0.029420662336189046,0.11153568623524773,strong_rank2
AR-S4U,0,2,fit,discrete_identity,64,24,0.0,0.018314500595937862,0.018314500595937862,0.0,0.01831450059593786,0.0006381459497025417,0.027411851822286264,0.02169040085788071,0.007326512169483989,0.6534643621202076,0.7912782032568144,0.02942066188097607,0.1115356845095051,strong_rank2
AR-S4U,0,2,fit,cubic_bspline,32,28,0.01265590027861399,0.008942817561822521,0.00883911988915688,0.012582840153680285,0.015437028609065614,0.00030752960183420694,0.027411851822286264,0.02169040085788071,0.007326512169483989,0.6534643621202076,0.7912782032568144,0.01417814284988067,0.05375028183364996,strong_rank2
AR-S4U,0,2,fit,cubic_bspline,40,28,0.0032508286456249314,0.008942817561822521,0.0089333676342928,0.0032247415754761764,0.00950646854371518,0.00030517528004548445,0.027411851822286264,0.02169040085788071,0.007326512169483989,0.6534643621202076,0.7912782032568144,0.014069600743898009,0.053338791496081873,strong_rank2
AR-S4U,0,2,fit,cubic_bspline,48,28,0.0008288573479799595,0.008942817561822521,0.008942118151511204,0.0008212768076873944,0.008980449963052325,0.0003051704461534263,0.027411851822286264,0.02169040085788071,0.007326512169483989,0.6534643621202076,0.7912782032568144,0.014069377885312323,0.05333794662437219,strong_rank2
AR-S4U,0,2,fit,discrete_identity,64,28,0.0,0.008942817561822521,0.008942817561822521,0.0,0.008942817561822525,0.00030517039061564677,0.027411851822286264,0.02169040085788071,0.007326512169483989,0.6534643621202076,0.7912782032568144,0.014069375324835,0.053337936917432494,strong_rank2
AR-S4U,0,2,fit,cubic_bspline,32,32,0.01265590027861399,0.004402521810113594,0.004330726009808127,0.012631104518042929,0.013376359730294728,0.00028618317285801595,0.027411851822286264,0.02169040085788071,0.007326512169483989,0.6534643621202076,0.7912782032568144,0.013194001103674295,0.050019335067000736,strong_rank2
AR-S4U,0,2,fit,cubic_bspline,40,32,0.0032508286456249314,0.004402521810113594,0.004394421233569149,0.0032398497762601785,0.005466152656234469,0.00014156348901385544,0.027411851822286264,0.02169040085788071,0.007326512169483989,0.6534643621202076,0.7912782032568144,0.00652655015190379,0.02474258538516786,strong_rank2
AR-S4U,0,2,fit,cubic_bspline,48,32,0.0008288573479799595,0.004402521810113594,0.0044018029097936465,0.0008250303457705841,0.004479159894440946,0.00014153815699542293,0.027411851822286264,0.02169040085788071,0.007326512169483989,0.6534643621202076,0.7912782032568144,0.006525382261158087,0.024738157833732025,strong_rank2
AR-S4U,0,2,fit,discrete_identity,64,32,0.0,0.004402521810113594,0.004402521810113594,0.0,0.004402521810113587,0.00014153783514482613,0.027411851822286264,0.02169040085788071,0.007326512169483989,0.6534643621202076,0.7912782032568144,0.006525367422769488,0.024738101580414677,strong_rank2
AR-S4U,1,0,core,cubic_bspline,32,24,0.016202528014002234,0.02326023730979878,0.023116322206208816,0.01599523762491925,0.028229174029464444,0.0006456514621285783,0.024186870072663045,0.013035392613842019,0.0068082344857941565,0.540371016188098,0.5389449967970488,0.04953064945991532,0.10368316475223058,strong_rank2
AR-S4U,1,0,core,cubic_bspline,40,24,0.004352937618219907,0.02326023730979878,0.02325091691138795,0.004302855263685311,0.0236548769417298,0.0006452303457573407,0.024186870072663045,0.013035392613842019,0.0068082344857941565,0.540371016188098,0.5389449967970488,0.04949834384521597,0.10361553898095928,strong_rank2
AR-S4U,1,0,core,cubic_bspline,48,24,0.0011266271027365964,0.02326023730979878,0.023259332617950962,0.0011077918364668982,0.02328660220944864,0.0006452292229682148,0.024186870072663045,0.013035392613842019,0.0068082344857941565,0.540371016188098,0.5389449967970488,0.04949825771132194,0.10361535867573773,strong_rank2
AR-S4U,1,0,core,discrete_identity,64,24,0.0,0.02326023730979878,0.02326023730979878,0.0,0.023260237309798773,0.0006452292030497422,0.024186870072663045,0.013035392613842019,0.0068082344857941565,0.540371016188098,0.5389449967970488,0.04949825618329182,0.10361535547709202,strong_rank2
AR-S4U,1,0,core,cubic_bspline,32,28,0.016202528014002234,0.011736064141827061,0.011542661882125757,0.016062993364517445,0.019893590861621884,0.0003280263018771387,0.024186870072663045,0.013035392613842019,0.0068082344857941565,0.540371016188098,0.5389449967970488,0.025164282472690102,0.05267672590481831,strong_rank2
AR-S4U,1,0,core,cubic_bspline,40,28,0.004352937618219907,0.011736064141827061,0.011725188830380347,0.004323530672391634,0.01250712273131555,0.0003212725949221908,0.024186870072663045,0.013035392613842019,0.0068082344857941565,0.540371016188098,0.5389449967970488,0.024646177099494338,0.05159216906266452,strong_rank2
AR-S4U,1,0,core,cubic_bspline,48,28,0.0011266271027365964,0.011736064141827061,0.011734504769373023,0.0011102654051981708,0.011788464310971924,0.0003212678771724877,0.024186870072663045,0.013035392613842019,0.0068082344857941565,0.540371016188098,0.5389449967970488,0.024645815180997302,0.05159141145387957,strong_rank2
AR-S4U,1,0,core,discrete_identity,64,28,0.0,0.011736064141827061,0.011736064141827061,0.0,0.01173606414182706,0.0003212677121147177,0.024186870072663045,0.013035392613842019,0.0068082344857941565,0.540371016188098,0.5389449967970488,0.024645802518718927,0.051591384947764475,strong_rank2
AR-S4U,1,0,core,cubic_bspline,32,32,0.016202528014002234,0.005908893099652123,0.005674913127520603,0.01611867039850685,0.017167601843281227,0.00028167707800878154,0.024186870072663045,0.013035392613842019,0.0068082344857941565,0.540371016188098,0.5389449967970488,0.021608637833407055,0.04523364787222512,strong_rank2
AR-S4U,1,0,core,cubic_bspline,40,32,0.004352937618219907,0.005908893099652123,0.005899202188944063,0.004339773578964237,0.007331347241411801,0.00015387883345856947,0.024186870072663045,0.013035392613842019,0.0068082344857941565,0.540371016188098,0.5389449967970488,0.011804694957570258,0.02471092435656658,strong_rank2
AR-S4U,1,0,core,cubic_bspline,48,32,0.0011266271027365964,0.005908893099652123,0.0059072000634181185,0.001117713538763442,0.006013676181660245,0.0001538618105239596,0.024186870072663045,0.013035392613842019,0.0068082344857941565,0.540371016188098,0.5389449967970488,0.011803389056389207,0.024708190696322237,strong_rank2
AR-S4U,1,0,core,discrete_identity,64,32,0.0,0.005908893099652123,0.005908893099652123,0.0,0.005908893099652121,0.00015386105878052717,0.024186870072663045,0.013035392613842019,0.0068082344857941565,0.540371016188098,0.5389449967970488,0.011803331386976808,0.024708069976177194,strong_rank2
AR-S4U,1,0,fit,cubic_bspline,32,24,0.01772783970014198,0.01384362142457535,0.013758078105556763,0.01766111999408783,0.022440165186391352,0.00045853642930227277,0.02895419314240619,0.016781016186599603,0.005736277232164593,0.5331071525302452,0.579571190399438,0.02732471169823641,0.041516275866180403,strong_rank2
AR-S4U,1,0,fit,cubic_bspline,40,24,0.00438438349276442,0.01384362142457535,0.01383807195966237,0.004366829516417779,0.01451602749282389,0.00045701622783620366,0.02895419314240619,0.016781016186599603,0.005736277232164593,0.5331071525302452,0.579571190399438,0.027234121149418335,0.04137863554056105,strong_rank2
AR-S4U,1,0,fit,cubic_bspline,48,24,0.0009131548234091067,0.01384362142457535,0.01384308477753127,0.0009049827304825537,0.013873170073542431,0.0004570147385903784,0.02895419314240619,0.016781016186599603,0.005736277232164593,0.5331071525302452,0.579571190399438,0.027234032403551656,0.04137850070298532,strong_rank2
AR-S4U,1,0,fit,discrete_identity,64,24,0.0,0.01384362142457535,0.01384362142457535,0.0,0.013843621424575351,0.00045701472433478546,0.02895419314240619,0.016781016186599603,0.005736277232164593,0.5331071525302452,0.579571190399438,0.02723403155404452,0.04137849941227188,strong_rank2
AR-S4U,1,0,fit,cubic_bspline,32,28,0.01772783970014198,0.00692572569631132,0.006811283971629453,0.01768344461227957,0.018991310901991614,0.0004234024859566205,0.02895419314240619,0.016781016186599603,0.005736277232164593,0.5331071525302452,0.579571190399438,0.02523103972062946,0.038335218940290426,strong_rank2
AR-S4U,1,0,fit,cubic_bspline,40,28,0.00438438349276442,0.00692572569631132,0.006919287877800043,0.004374207005498129,0.008191420105665167,0.00022565485841770407,0.02895419314240619,0.016781016186599603,0.005736277232164593,0.5331071525302452,0.579571190399438,0.013447031807161931,0.02043098160568951,strong_rank2
AR-S4U,1,0,fit,cubic_bspline,48,28,0.0009131548234091067,0.00692572569631132,0.006924802769309739,0.0009061284151864285,0.006984750899305938,0.00022565100339147425,0.02895419314240619,0.016781016186599603,0.005736277232164593,0.5331071525302452,0.579571190399438,0.013446802081727728,0.020430632568356373,strong_rank2
AR-S4U,1,0,fit,discrete_identity,64,28,0.0,0.00692572569631132,0.00692572569631132,0.0,0.006925725696311325,0.0002256508824780939,0.02895419314240619,0.016781016186599603,0.005736277232164593,0.5331071525302452,0.579571190399438,0.013446794876360722,0.02043062162075672,strong_rank2
AR-S4U,1,0,fit,cubic_bspline,32,32,0.01772783970014198,0.0034780782466010823,0.0033401322275872316,0.01770129247942695,0.01803975564501072,0.00042340432709966317,0.02895419314240619,0.016781016186599603,0.005736277232164593,0.5331071525302452,0.579571190399438,0.0252311494364549,0.03833538563893765,strong_rank2
AR-S4U,1,0,fit,cubic_bspline,40,32,0.00438438349276442,0.0034780782466010823,0.0034723641172026915,0.004379851924960746,0.005592864308568707,0.00010783431621342498,0.02895419314240619,0.016781016186599603,0.005736277232164593,0.5331071525302452,0.579571190399438,0.0064259705737925174,0.009763410132036136,strong_rank2
AR-S4U,1,0,fit,cubic_bspline,48,32,0.0009131548234091067,0.0034780782466010823,0.0034770803039227013,0.0009093464037223868,0.0035949880627677354,0.00010780716297723676,0.02895419314240619,0.016781016186599603,0.005736277232164593,0.5331071525302452,0.579571190399438,0.006424352481307159,0.00976095165508161,strong_rank2
AR-S4U,1,0,fit,discrete_identity,64,32,0.0,0.0034780782466010823,0.0034780782466010823,0.0,0.003478078246601088,0.0001078065904546365,0.02895419314240619,0.016781016186599603,0.005736277232164593,0.5331071525302452,0.579571190399438,0.006424318364028807,0.009760899818401485,strong_rank2
AR-S4U,1,1,core,cubic_bspline,32,24,0.013149617028018123,0.015829215166094535,0.01569616538122368,0.0129891486589288,0.0204763775033151,0.0006119116956555135,0.030679086740064566,0.023726849378334667,0.00660588689555974,0.633975308722363,0.7733883860157152,0.025789841959137607,0.0880165137951006,strong_rank2
AR-S4U,1,1,core,cubic_bspline,40,24,0.00358149494483803,0.015829215166094535,0.015815336903170232,0.0035196497874307596,0.01621579438080905,0.0006114986845520247,0.030679086740064566,0.023726849378334667,0.00660588689555974,0.633975308722363,0.7733883860157152,0.025772435050327124,0.08795710686147629,strong_rank2
AR-S4U,1,1,core,cubic_bspline,48,24,0.0005935069943628321,0.015829215166094535,0.015828571224379306,0.0005760770634987227,0.015839694364400043,0.0006114952673320303,0.030679086740064566,0.023726849378334667,0.00660588689555974,0.633975308722363,0.7733883860157152,0.02577229102699137,0.08795661533338013,strong_rank2
AR-S4U,1,1,core,discrete_identity,64,24,0.0,0.015829215166094535,0.015829215166094535,0.0,0.01582921516609453,0.0006114952649480228,0.030679086740064566,0.023726849378334667,0.00660588689555974,0.633975308722363,0.7733883860157152,0.025772290926514167,0.08795661499046786,strong_rank2
AR-S4U,1,1,core,cubic_bspline,32,28,0.013149617028018123,0.007769811406979609,0.007679575369237411,0.013096500927167973,0.015227879229733277,0.0004200955161924677,0.030679086740064566,0.023726849378334667,0.00660588689555974,0.633975308722363,0.7733883860157152,0.017705490918489292,0.060425945538766374,strong_rank2
AR-S4U,1,1,core,cubic_bspline,40,28,0.00358149494483803,0.007769811406979609,0.0077568695289167815,0.0035533310609212267,0.00854377732203606,0.00029342359466934763,0.030679086740064566,0.023726849378334667,0.00660588689555974,0.633975308722363,0.7733883860157152,0.012366732303585027,0.04220563530879448,strong_rank2
AR-S4U,1,1,core,cubic_bspline,48,28,0.0005935069943628321,0.007769811406979609,0.007768895106106523,0.000581388357307805,0.00779153269402391,0.0002934093809523084,0.030679086740064566,0.023726849378334667,0.00660588689555974,0.633975308722363,0.7733883860157152,0.012366133247350775,0.042203590827816675,strong_rank2
AR-S4U,1,1,core,discrete_identity,64,28,0.0,0.007769811406979609,0.007769811406979609,0.0,0.007769811406979604,0.0002934093132749177,0.030679086740064566,0.023726849378334667,0.00660588689555974,0.633975308722363,0.7733883860157152,0.01236613039499606,0.04220358109319641,strong_rank2
AR-S4U,1,1,core,cubic_bspline,32,32,0.013149617028018123,0.003831493656696342,0.003698006860801178,0.013111343908416583,0.0136597101991981,0.0004200864938341726,0.030679086740064566,0.023726849378334667,0.00660588689555974,0.633975308722363,0.7733883860157152,0.01770511065905614,0.060424647775495985,strong_rank2
AR-S4U,1,1,core,cubic_bspline,40,32,0.00358149494483803,0.003831493656696342,0.0038226064485717168,0.0035719857865420057,0.005238265562241223,0.00013647941920423267,0.030679086740064566,0.023726849378334667,0.00660588689555974,0.633975308722363,0.7733883860157152,0.0057521088041657155,0.019631006840404107,strong_rank2
AR-S4U,1,1,core,cubic_bspline,48,32,0.0005935069943628321,0.003831493656696342,0.003830187611809396,0.0005850162841421642,0.003875898308007548,0.0001364249017271108,0.030679086740064566,0.023726849378334667,0.00660588689555974,0.633975308722363,0.7733883860157152,0.0057498110917196775,0.019623165123517115,strong_rank2
AR-S4U,1,1,core,discrete_identity,64,32,0.0,0.003831493656696342,0.003831493656696342,0.0,0.003831493656696343,0.0001364243627059769,0.030679086740064566,0.023726849378334667,0.00660588689555974,0.633975308722363,0.7733883860157152,0.005749788373948543,0.019623087591478742,strong_rank2
AR-S4U,1,1,fit,cubic_bspline,32,24,0.014782126684813721,0.002181177113171233,0.0021626353542508817,0.014779402132776408,0.014939486637811143,0.002301596148233844,0.16503395940518767,0.12225763222765967,0.0065707665177043096,0.5960486623285987,0.7408028788032376,0.01882578703919254,0.05380537086977768,strong_rank2
AR-S4U,1,1,fit,cubic_bspline,40,24,0.0036754919665217636,0.002181177113171233,0.0021792679669926755,0.0036743593276793766,0.004272990763847555,0.0006046580091421514,0.16503395940518767,0.12225763222765967,0.0065707665177043096,0.5960486623285987,0.7408028788032376,0.004945769013554911,0.014135341882736508,strong_rank2
AR-S4U,1,1,fit,cubic_bspline,48,24,0.0005700568370410982,0.002181177113171233,0.002181087574085592,0.0005697141425889695,0.002254353078665335,0.0004364128779036145,0.16503395940518767,0.12225763222765967,0.0065707665177043096,0.5960486623285987,0.7408028788032376,0.0035696166362109544,0.010202205441632178,strong_rank2
AR-S4U,1,1,fit,discrete_identity,64,24,0.0,0.002181177113171233,0.002181177113171233,0.0,0.0021811771131712322,0.00043641287166910675,0.16503395940518767,0.12225763222765967,0.0065707665177043096,0.5960486623285987,0.7408028788032376,0.0035696165852161198,0.010202205295885496,strong_rank2
AR-S4U,1,1,fit,cubic_bspline,32,28,0.014782126684813721,0.001062636840896949,0.0010502470748868459,0.014781241192422204,0.01481938892951362,0.002301594195255323,0.16503395940518767,0.12225763222765967,0.0065707665177043096,0.5960486623285987,0.7408028788032376,0.018825771064905412,0.05380532521418614,strong_rank2
AR-S4U,1,1,fit,cubic_bspline,40,28,0.0036754919665217636,0.001062636840896949,0.001060862607511065,0.003674979402983065,0.0038255288089336544,0.000604622898360942,0.16503395940518767,0.12225763222765967,0.0065707665177043096,0.5960486623285987,0.7408028788032376,0.004945481826730091,0.0141345210833943,strong_rank2
AR-S4U,1,1,fit,cubic_bspline,48,28,0.0005700568370410982,0.001062636840896949,0.0010625112385810852,0.0005698226688514295,0.0012057756547419662,0.000207849561692261,0.16503395940518767,0.12225763222765967,0.0065707665177043096,0.5960486623285987,0.7408028788032376,0.0017000947744940616,0.00485898569154044,strong_rank2
AR-S4U,1,1,fit,discrete_identity,64,28,0.0,0.001062636840896949,0.001062636840896949,0.0,0.001062636840896949,0.0002078492894080089,0.16503395940518767,0.12225763222765967,0.0065707665177043096,0.5960486623285987,0.7408028788032376,0.0017000925473590587,0.004858979326238179,strong_rank2
AR-S4U,1,1,fit,cubic_bspline,32,32,0.014782126684813721,0.000522875411799763,0.0005046430939014047,0.014781492999079621,0.014790738114715743,0.002301594099181311,0.16503395940518767,0.12225763222765967,0.0065707665177043096,0.5960486623285987,0.7408028788032376,0.018825770279072982,0.05380532296822398,strong_rank2
AR-S4U,1,1,fit,cubic_bspline,40,32,0.0036754919665217636,0.000522875411799763,0.0005216609468906873,0.0036753193933605497,0.003712326944044232,0.0006046209101826578,0.16503395940518767,0.12225763222765967,0.0065707665177043096,0.5960486623285987,0.7408028788032376,0.004945465564528313,0.014134474604923253,strong_rank2
AR-S4U,1,1,fit,cubic_bspline,48,32,0.0005700568370410982,0.000522875411799763,0.0005226970294994308,0.0005698932231919058,0.0007734190210389423,9.647891215890693e-05,0.16503395940518767,0.12225763222765967,0.0065707665177043096,0.5960486623285987,0.7408028788032376,0.0007891442881803125,0.0022554276751836446,strong_rank2
AR-S4U,1,1,fit,discrete_identity,64,32,0.0,0.000522875411799763,0.000522875411799763,0.0,0.0005228754117997636,9.644850498098045e-05,0.16503395940518767,0.12225763222765967,0.0065707665177043096,0.5960486623285987,0.7408028788032376,0.0007888955742360586,0.0022547168339325883,strong_rank2
AR-S4U,1,2,core,cubic_bspline,32,24,0.01666345901124015,0.022410895532364583,0.02218730477333147,0.016361513400704072,0.027747925315669594,0.0005795995753838644,0.021454161426351436,0.013018576500020728,0.007477137799650807,0.6085314898359562,0.6068089188529383,0.04452096397658696,0.10459369970927822,strong_rank2
AR-S4U,1,2,core,cubic_bspline,40,24,0.004245615288610376,0.022410895532364583,0.022394875149583233,0.004160221578443159,0.02279376410653368,0.0005790590519054618,0.021454161426351436,0.013018576500020728,0.007477137799650807,0.6085314898359562,0.6068089188529383,0.0444794445771041,0.10449615762542072,strong_rank2
AR-S4U,1,2,core,cubic_bspline,48,24,0.0013897434167994885,0.022410895532364583,0.02240999185703201,0.0013750939001466074,0.0224530425955321,0.0005790572237165812,0.021454161426351436,0.013018576500020728,0.007477137799650807,0.6085314898359562,0.6068089188529383,0.044479304147858195,0.10449582771310381,strong_rank2
AR-S4U,1,2,core,discrete_identity,64,24,0.0,0.022410895532364583,0.022410895532364583,0.0,0.022410895532364576,0.0005790572183780865,0.021454161426351436,0.013018576500020728,0.007477137799650807,0.6085314898359562,0.6068089188529383,0.04447930373779072,0.1044958267497268,strong_rank2
AR-S4U,1,2,core,cubic_bspline,32,28,0.01666345901124015,0.010184594228032485,0.010131671491278898,0.016631165738961336,0.019501836668028846,0.0003089263088773613,0.021454161426351436,0.013018576500020728,0.007477137799650807,0.6085314898359562,0.6068089188529383,0.023729653459183455,0.05574839415921695,strong_rank2
AR-S4U,1,2,core,cubic_bspline,40,28,0.004245615288610376,0.010184594228032485,0.010169314785411622,0.0042088303356159346,0.01101999148745922,0.00025009035589246585,0.021454161426351436,0.013018576500020728,0.007477137799650807,0.6085314898359562,0.6068089188529383,0.019210268948534247,0.04513094331906459,strong_rank2
AR-S4U,1,2,core,cubic_bspline,48,28,0.0013897434167994885,0.010184594228032485,0.010184366170279895,0.0013880711311769006,0.010278749975307264,0.0002500778573205221,0.021454161426351436,0.013018576500020728,0.007477137799650807,0.6085314898359562,0.6068089188529383,0.019209308891807327,0.04512868784487827,strong_rank2
AR-S4U,1,2,core,discrete_identity,64,28,0.0,0.010184594228032485,0.010184594228032485,0.0,0.010184594228032483,0.00025007784213549765,0.021454161426351436,0.013018576500020728,0.007477137799650807,0.6085314898359562,0.6068089188529383,0.01920930772539528,0.04512868510461076,strong_rank2
AR-S4U,1,2,core,cubic_bspline,32,32,0.01666345901124015,0.004735022002544177,0.004723011058266715,0.016660050009278535,0.017319864308815765,0.0003088523071036762,0.021454161426351436,0.013018576500020728,0.007477137799650807,0.6085314898359562,0.6068089188529383,0.023723969137730568,0.05573503990634393,strong_rank2
AR-S4U,1,2,core,cubic_bspline,40,32,0.004245615288610376,0.004735022002544177,0.004722969448195092,0.004232169210104866,0.006350723548342056,0.00010610156904303435,0.021454161426351436,0.013018576500020728,0.007477137799650807,0.6085314898359562,0.6068089188529383,0.008150013101882946,0.019146935440421186,strong_rank2
AR-S4U,1,2,core,cubic_bspline,48,32,0.0013897434167994885,0.004735022002544177,0.004734644787071464,0.001388457654990992,0.004934394392859219,0.00010602854244177168,0.021454161426351436,0.013018576500020728,0.007477137799650807,0.6085314898359562,0.6068089188529383,0.008144403686655208,0.019133757165750782,strong_rank2
AR-S4U,1,2,core,discrete_identity,64,32,0.0,0.004735022002544177,0.004735022002544177,0.0,0.00473502200254418,0.00010602820989378085,0.021454161426351436,0.013018576500020728,0.007477137799650807,0.6085314898359562,0.6068089188529383,0.008144378142542085,0.01913369715462212,strong_rank2
AR-S4U,1,2,fit,cubic_bspline,32,24,0.01265891174687963,0.012292622838570258,0.012169322200662391,0.012539213419807573,0.017559625549504815,0.0004423222308145188,0.028385009762174705,0.022704172255860765,0.007710182002662134,0.6559849936744617,0.7998648739630131,0.0194819800444537,0.07786215154418726,strong_rank2
AR-S4U,1,2,fit,cubic_bspline,40,24,0.003261657483465797,0.012292622838570258,0.012283806261553183,0.003228270366540317,0.012709457337385481,0.00044168055189211904,0.028385009762174705,0.022704172255860765,0.007710182002662134,0.6559849936744617,0.7998648739630131,0.019453717445175978,0.0777491965579398,strong_rank2
AR-S4U,1,2,fit,cubic_bspline,48,24,0.0008316435840596082,0.012292622838570258,0.012292124234041881,0.0008242408535666552,0.012320225210442688,0.00044167814315621375,0.028385009762174705,0.022704172255860765,0.007710182002662134,0.6559849936744617,0.7998648739630131,0.01945361135296182,0.07774877254723668,strong_rank2
AR-S4U,1,2,fit,discrete_identity,64,24,0.0,0.012292622838570258,0.012292622838570258,0.0,0.012292622838570256,0.00044167813847314233,0.028385009762174705,0.022704172255860765,0.007710182002662134,0.6559849936744617,0.7998648739630131,0.019453611146697025,0.07774877172287382,strong_rank2
AR-S4U,1,2,fit,cubic_bspline,32,28,0.01265891174687963,0.0055689964896086545,0.005540063488740135,0.01264621003199319,0.013818116734003901,0.00029790890757378766,0.028385009762174705,0.022704172255860765,0.007710182002662134,0.6559849936744617,0.7998648739630131,0.013121328723925914,0.05244101899458983,strong_rank2
AR-S4U,1,2,fit,cubic_bspline,40,28,0.003261657483465797,0.0055689964896086545,0.005560630588566212,0.0032473527958435913,0.006446628737716077,0.00019019024660596145,0.028385009762174705,0.022704172255860765,0.007710182002662134,0.6559849936744617,0.7998648739630131,0.008376885290626109,0.0334792618860468,strong_rank2
AR-S4U,1,2,fit,cubic_bspline,48,28,0.0008316435840596082,0.0055689964896086545,0.005568871472266292,0.0008308060087983506,0.00563062700998112,0.00019017350579611563,0.028385009762174705,0.022704172255860765,0.007710182002662134,0.6559849936744617,0.7998648739630131,0.008376147945540053,0.0334763149948838,strong_rank2
AR-S4U,1,2,fit,discrete_identity,64,28,0.0,0.0055689964896086545,0.0055689964896086545,0.0,0.005568996489608656,0.0001901734932259841,0.028385009762174705,0.022704172255860765,0.007710182002662134,0.6559849936744617,0.7998648739630131,0.008376147391891527,0.033476312782158735,strong_rank2
AR-S4U,1,2,fit,cubic_bspline,32,32,0.01265891174687963,0.002587501273178801,0.0025809284975240997,0.012657569896544808,0.012919335839145092,0.0002978451598885857,0.028385009762174705,0.022704172255860765,0.007710182002662134,0.6559849936744617,0.7998648739630131,0.013118520971919649,0.05242979746517078,strong_rank2
AR-S4U,1,2,fit,cubic_bspline,40,32,0.003261657483465797,0.002587501273178801,0.002580912373376125,0.0032564329226613172,0.004159268952411534,8.082553370453768e-05,0.028385009762174705,0.022704172255860765,0.007710182002662134,0.6559849936744617,0.7998648739630131,0.003559941881769052,0.014227749625773405,strong_rank2
AR-S4U,1,2,fit,cubic_bspline,48,32,0.0008316435840596082,0.002587501273178801,0.002587294922363311,0.0008310013402471399,0.0027176692341406164,8.059103885962395e-05,0.028385009762174705,0.022704172255860765,0.007710182002662134,0.6559849936744617,0.7998648739630131,0.0035496136107239277,0.014186471408494156,strong_rank2
AR-S4U,1,2,fit,discrete_identity,64,32,0.0,0.002587501273178801,0.002587501273178801,0.0,0.002587501273178801,8.059075097022893e-05,0.028385009762174705,0.022704172255860765,0.007710182002662134,0.6559849936744617,0.7998648739630131,0.0035496009307023095,0.01418642073121379,strong_rank2
AR-S4U,2,0,core,cubic_bspline,32,24,0.016163118080768,0.020106281090488447,0.0199244126867833,0.015936312864535004,0.025655966304275146,0.0005640412717852885,0.02442721641142744,0.013228451202645288,0.006800647233548573,0.5405181710435522,0.5415455850490115,0.04263849661194634,0.08775022923801952,strong_rank2
AR-S4U,2,0,core,cubic_bspline,40,24,0.004349854206869288,0.020106281090488447,0.020096766014820883,0.004305658670371348,0.020562131112204268,0.0005635333043998509,0.02442721641142744,0.013228451202645288,0.006800647233548573,0.5405181710435522,0.5415455850490115,0.04260009700055902,0.08767120265477588,strong_rank2
AR-S4U,2,0,core,cubic_bspline,48,24,0.0011108718868310127,0.020106281090488447,0.02010531937428363,0.0010933271244977748,0.020135985287313255,0.0005635321187892473,0.02442721641142744,0.013228451202645288,0.006800647233548573,0.5405181710435522,0.5415455850490115,0.042600007374752835,0.08767101820443961,strong_rank2
AR-S4U,2,0,core,discrete_identity,64,24,0.0,0.020106281090488447,0.020106281090488447,0.0,0.020106281090488443,0.0005635321061109471,0.02442721641142744,0.013228451202645288,0.006800647233548573,0.5405181710435522,0.5415455850490115,0.042600006416341304,0.08767101623202411,strong_rank2
AR-S4U,2,0,core,cubic_bspline,32,28,0.016163118080768,0.009872292700130977,0.009770756542798605,0.016101301386982108,0.018886875588923963,0.0002854740456309212,0.02442721641142744,0.013228451202645288,0.006800647233548573,0.5405181710435522,0.5415455850490115,0.021580307570234304,0.044412375829040444,strong_rank2
AR-S4U,2,0,core,cubic_bspline,40,28,0.004349854206869288,0.009872292700130977,0.009861455898200741,0.004325202989007268,0.010778197625446333,0.00027082445365546174,0.02442721641142744,0.013228451202645288,0.006800647233548573,0.5405181710435522,0.5415455850490115,0.020472876945813966,0.04213327832608437,strong_rank2
AR-S4U,2,0,core,cubic_bspline,48,28,0.0011108718868310127,0.009872292700130977,0.009871653020505721,0.001105172633189921,0.009933960424030852,0.00027081629535235575,0.02442721641142744,0.013228451202645288,0.006800647233548573,0.5405181710435522,0.5415455850490115,0.020472260221831618,0.04213200910518946,strong_rank2
AR-S4U,2,0,core,discrete_identity,64,28,0.0,0.009872292700130977,0.009872292700130977,0.0,0.009872292700130982,0.0002708162289690487,0.02442721641142744,0.013228451202645288,0.006800647233548573,0.5405181710435522,0.5415455850490115,0.02047225520360945,0.042131998777664326,strong_rank2
AR-S4U,2,0,core,cubic_bspline,32,32,0.016163118080768,0.0048649086510432135,0.004810646977328725,0.016146868868308073,0.016863828463113944,0.00027995711235809576,0.02442721641142744,0.013228451202645288,0.006800647233548573,0.5405181710435522,0.5415455850490115,0.02116325698824915,0.04355408374369536,strong_rank2
AR-S4U,2,0,core,cubic_bspline,40,32,0.004349854206869288,0.0048649086510432135,0.004855792402552699,0.004339656126320597,0.006519198683711601,0.00012572326063460887,0.02442721641142744,0.013228451202645288,0.006800647233548573,0.5405181710435522,0.5415455850490115,0.009504004566269106,0.019559286692477723,strong_rank2
AR-S4U,2,0,core,cubic_bspline,48,32,0.0011108718868310127,0.0048649086510432135,0.004864285541811139,0.00110813988206783,0.004989520035156133,0.0001256785956697489,0.02442721641142744,0.013228451202645288,0.006800647233548573,0.5405181710435522,0.5415455850490115,0.009500628134351586,0.019552337979499745,strong_rank2
AR-S4U,2,0,core,discrete_identity,64,32,0.0,0.0048649086510432135,0.0048649086510432135,0.0,0.00486490865104322,0.00012567820774711936,0.02442721641142744,0.013228451202645288,0.006800647233548573,0.5405181710435522,0.5415455850490115,0.009500598809480247,0.019552277628774768,strong_rank2
AR-S4U,2,0,fit,cubic_bspline,32,24,0.0176489110011432,0.012491776714586516,0.012377902907759433,0.017568496077726925,0.021556821192378794,0.0004300229796154428,0.028704714106869755,0.016735607878921654,0.0058086169121405375,0.5362722256442916,0.5830264609713149,0.025695091730552126,0.039354199241378104,strong_rank2
AR-S4U,2,0,fit,cubic_bspline,40,24,0.004372868524628887,0.012491776714586516,0.01248585673263846,0.004355928373444321,0.01322945945538454,0.00040998019140134947,0.028704714106869755,0.016735607878921654,0.0058086169121405375,0.5362722256442916,0.5830264609713149,0.024497478332873454,0.037519953356575514,strong_rank2
AR-S4U,2,0,fit,cubic_bspline,48,24,0.0009137494981712378,0.012491776714586516,0.01249117446002029,0.0009054789058754217,0.012524550991395711,0.00040997751583739597,0.028704714106869755,0.016735607878921654,0.0058086169121405375,0.5362722256442916,0.5830264609713149,0.0244973184603446,0.03751970849831933,strong_rank2
AR-S4U,2,0,fit,discrete_identity,64,24,0.0,0.012491776714586516,0.012491776714586516,0.0,0.012491776714586516,0.00040997750549630287,0.028704714106869755,0.016735607878921654,0.0058086169121405375,0.5362722256442916,0.5830264609713149,0.02449731784243498,0.037519707551938654,strong_rank2
AR-S4U,2,0,fit,cubic_bspline,32,28,0.0176489110011432,0.006098665317944429,0.006035821221626257,0.017627293572338578,0.01865248501797297,0.00042410252574360586,0.028704714106869755,0.016735607878921654,0.0058086169121405375,0.5362722256442916,0.5830264609713149,0.02534132783295904,0.03881238000771757,strong_rank2
AR-S4U,2,0,fit,cubic_bspline,40,28,0.004372868524628887,0.006098665317944429,0.00609195469322577,0.00436350460727467,0.0074989259976349625,0.00019594365927805673,0.028704714106869755,0.016735607878921654,0.0058086169121405375,0.5362722256442916,0.5830264609713149,0.011708188952302473,0.01793207845359627,strong_rank2
AR-S4U,2,0,fit,cubic_bspline,48,28,0.0009137494981712378,0.006098665317944429,0.006098269359017334,0.0009111029910167331,0.006166346351003806,0.00019592706583630828,0.028704714106869755,0.016735607878921654,0.0058086169121405375,0.5362722256442916,0.5830264609713149,0.011707197447131673,0.017930559879837136,strong_rank2
AR-S4U,2,0,fit,discrete_identity,64,28,0.0,0.006098665317944429,0.006098665317944429,0.0,0.006098665317944432,0.00019592701572882258,0.028704714106869755,0.016735607878921654,0.0058086169121405375,0.5362722256442916,0.5830264609713149,0.011707194453067395,0.01793055529417528,strong_rank2
AR-S4U,2,0,fit,cubic_bspline,32,32,0.0176489110011432,0.0030005476162985466,0.002967053264448729,0.017643247393908934,0.017896576896165032,0.0004240777842028009,0.028704714106869755,0.016735607878921654,0.0058086169121405375,0.5362722256442916,0.5830264609713149,0.025339849455777642,0.038810115748427874,strong_rank2
AR-S4U,2,0,fit,cubic_bspline,40,32,0.004372868524628887,0.0030005476162985466,0.002994919361115551,0.004369008481978478,0.005300143499309692,0.00010066482216844733,0.028704714106869755,0.016735607878921654,0.0058086169121405375,0.5362722256442916,0.5830264609713149,0.006015008411808798,0.009212492485303233,strong_rank2
AR-S4U,2,0,fit,cubic_bspline,48,32,0.0009137494981712378,0.0030005476162985466,0.003000162867684301,0.0009124852767935561,0.003136226295731847,9.078875659071644e-05,0.028704714106869755,0.016735607878921654,0.0058086169121405375,0.5362722256442916,0.5830264609713149,0.005424885504461661,0.008308669501669872,strong_rank2
AR-S4U,2,0,fit,discrete_identity,64,32,0.0,0.0030005476162985466,0.0030005476162985466,0.0,0.003000547616298551,9.078844611613417e-05,0.028704714106869755,0.016735607878921654,0.0058086169121405375,0.5362722256442916,0.5830264609713149,0.005424866952725475,0.008308641088121876,strong_rank2
AR-S4U,2,1,core,cubic_bspline,32,24,0.012923948114644096,0.010568802148709472,0.010450465002407929,0.012827356312662899,0.016620488971043127,0.00044734870430362836,0.031866159457175386,0.028553649617168247,0.006673085031562432,0.6825489731251626,0.896049291899804,0.015666953622441814,0.1350482642800736,strong_rank2
AR-S4U,2,1,core,cubic_bspline,40,24,0.0035903270351342973,0.010568802148709472,0.010556318938127753,0.003553412192831159,0.011150171197909519,0.0004466021351397743,0.031866159457175386,0.028553649617168247,0.006673085031562432,0.6825489731251626,0.896049291899804,0.015640807431889513,0.13482288557935632,strong_rank2
AR-S4U,2,1,core,cubic_bspline,48,24,0.0005665793294157476,0.010568802148709472,0.01056790082484376,0.0005495098902702707,0.01058307800123644,0.00044659516748561553,0.031866159457175386,0.028553649617168247,0.006673085031562432,0.6825489731251626,0.896049291899804,0.015640563412149405,0.1348207821428398,strong_rank2
AR-S4U,2,1,core,discrete_identity,64,24,0.0,0.010568802148709472,0.010568802148709472,0.0,0.010568802148709472,0.000446595143708681,0.031866159457175386,0.028553649617168247,0.006673085031562432,0.6825489731251626,0.896049291899804,0.015640562579438532,0.13482077496491862,strong_rank2
AR-S4U,2,1,core,cubic_bspline,32,28,0.012923948114644096,0.004897935113686639,0.004869158941193459,0.012913069940440638,0.013810761878499597,0.00040279773894347546,0.031866159457175386,0.028553649617168247,0.006673085031562432,0.6825489731251626,0.896049291899804,0.014106698945457682,0.12159895619890669,strong_rank2
AR-S4U,2,1,core,cubic_bspline,40,28,0.0035903270351342973,0.004897935113686639,0.004887581639087339,0.003576189888704764,0.006064561195829429,0.0001984120062512152,0.031866159457175386,0.028553649617168247,0.006673085031562432,0.6825489731251626,0.896049291899804,0.0069487441679580405,0.059897786220851686,strong_rank2
AR-S4U,2,1,core,cubic_bspline,48,28,0.0005665793294157476,0.004897935113686639,0.004897427707665513,0.0005621760493355635,0.004930092320467343,0.000198358359629133,0.031866159457175386,0.028553649617168247,0.006673085031562432,0.6825489731251626,0.896049291899804,0.00694686536707614,0.05988159106229418,strong_rank2
AR-S4U,2,1,core,discrete_identity,64,28,0.0,0.004897935113686639,0.004897935113686639,0.0,0.00489793511368664,0.00019835826535628272,0.031866159457175386,0.028553649617168247,0.006673085031562432,0.6825489731251626,0.896049291899804,0.006946862065471913,0.05988156260265034,strong_rank2
AR-S4U,2,1,core,cubic_bspline,32,32,0.012923948114644096,0.002312586421774429,0.0023063408905552667,0.012922832012190242,0.013128124130029416,0.00040279392697922095,0.031866159457175386,0.028553649617168247,0.006673085031562432,0.6825489731251626,0.896049291899804,0.014106565443635477,0.12159780542066342,strong_rank2
AR-S4U,2,1,core,cubic_bspline,40,32,0.0035903270351342973,0.002312586421774429,0.002305035178558666,0.003585467812633935,0.004266571854968507,0.00011614132747698012,0.031866159457175386,0.028553649617168247,0.006673085031562432,0.6825489731251626,0.896049291899804,0.004067477504071796,0.03506142867087448,strong_rank2
AR-S4U,2,1,core,cubic_bspline,48,32,0.0005665793294157476,0.002312586421774429,0.002312191724959063,0.0005649661505921403,0.0023805971329669304,8.641000627781028e-05,0.031866159457175386,0.028553649617168247,0.006673085031562432,0.6825489731251626,0.896049291899804,0.0030262333339642566,0.026085962140907654,strong_rank2
AR-S4U,2,1,core,discrete_identity,64,32,0.0,0.002312586421774429,0.002312586421774429,0.0,0.002312586421774434,8.640963417529624e-05,0.031866159457175386,0.028553649617168247,0.006673085031562432,0.6825489731251626,0.896049291899804,0.0030262203022671168,0.026085849808406916,strong_rank2
AR-S4U,2,1,fit,cubic_bspline,32,24,0.015241582805942034,0.002016159366105167,0.001993535685456195,0.015238606641358043,0.015371403025084445,0.002120159376577073,0.13077214687611607,0.11143142195550258,0.006661347534682564,0.6495411154956668,0.8521036368781536,0.0190265845967909,0.10962150515451419,strong_rank2
AR-S4U,2,1,fit,cubic_bspline,40,24,0.003681296494589498,0.002016159366105167,0.002013775415160584,0.003679991401382416,0.004196097628008939,0.000484082097154711,0.13077214687611607,0.11143142195550258,0.006661347534682564,0.6495411154956668,0.8521036368781536,0.004344215380721044,0.025029159927649487,strong_rank2
AR-S4U,2,1,fit,cubic_bspline,48,24,0.0005647543418136698,0.002016159366105167,0.0020159874472949093,0.0005641402881504241,0.0020935980641584523,0.0003359899889238323,0.13077214687611607,0.11143142195550258,0.006661347534682564,0.6495411154956668,0.8521036368781536,0.0030152176381452052,0.017372150749413305,strong_rank2
AR-S4U,2,1,fit,discrete_identity,64,24,0.0,0.002016159366105167,0.002016159366105167,0.0,0.002016159366105167,0.00033598993301613817,0.13077214687611607,0.11143142195550258,0.006661347534682564,0.6495411154956668,0.8521036368781536,0.003015217136422324,0.017372147858741197,strong_rank2
AR-S4U,2,1,fit,cubic_bspline,32,28,0.015241582805942034,0.0009309126181365933,0.0009254417790887762,0.01524124964083538,0.015269652547352554,0.0021201591147032663,0.13077214687611607,0.11143142195550258,0.006661347534682564,0.6495411154956668,0.8521036368781536,0.019026582246701475,0.10962149161449397,strong_rank2
AR-S4U,2,1,fit,cubic_bspline,40,28,0.003681296494589498,0.0009309126181365933,0.0009289423604176393,0.0036807987567169832,0.0037966930070859224,0.0004840632202015704,0.13077214687611607,0.11143142195550258,0.006661347534682564,0.6495411154956668,0.8521036368781536,0.004344045976500858,0.025028183906677257,strong_rank2
AR-S4U,2,1,fit,cubic_bspline,48,28,0.0005647543418136698,0.0009309126181365933,0.0009308160717783222,0.0005645951854845148,0.0010887451612192,0.0001486952300184861,0.13077214687611607,0.11143142195550258,0.006661347534682564,0.6495411154956668,0.8521036368781536,0.0013344102355425736,0.0076881932103799065,strong_rank2
AR-S4U,2,1,fit,discrete_identity,64,28,0.0,0.0009309126181365933,0.0009309126181365933,0.0,0.0009309126181365925,0.00014869496218391644,0.13077214687611607,0.11143142195550258,0.006661347534682564,0.6495411154956668,0.8521036368781536,0.0013344078319604872,0.007688179362162181,strong_rank2
AR-S4U,2,1,fit,cubic_bspline,32,32,0.015241582805942034,0.00043920347161681373,0.0004380150185425908,0.015241548605616698,0.015247875379437495,0.0021201591115786586,0.13077214687611607,0.11143142195550258,0.006661347534682564,0.6495411154956668,0.8521036368781536,0.01902658221866084,0.10962149145293809,strong_rank2
AR-S4U,2,1,fit,cubic_bspline,40,32,0.003681296494589498,0.00043920347161681373,0.00043776878921807403,0.0036811256029114408,0.0037072341973350058,0.0004840625431301452,0.13077214687611607,0.11143142195550258,0.006661347534682564,0.6495411154956668,0.8521036368781536,0.004344039900374274,0.02502814889912568,strong_rank2
AR-S4U,2,1,fit,cubic_bspline,48,32,0.0005647543418136698,0.00043920347161681373,0.0004391284542135968,0.0005646960035427504,0.0007153888913712575,7.32339132160742e-05,0.13077214687611607,0.11143142195550258,0.006661347534682564,0.6495411154956668,0.8521036368781536,0.000657210613764925,0.0037865133554544758,strong_rank2
AR-S4U,2,1,fit,discrete_identity,64,32,0.0,0.00043920347161681373,0.00043920347161681373,0.0,0.00043920347161681373,6.473014046299213e-05,0.13077214687611607,0.11143142195550258,0.006661347534682564,0.6495411154956668,0.8521036368781536,0.0005808966566794825,0.003346831141474033,strong_rank2
AR-S4U,2,2,core,cubic_bspline,32,24,0.016657523591969668,0.0476288692100837,0.04735222941935418,0.01584921262930518,0.05019668040020355,0.0012325815873259012,0.02139788523147029,0.013055432555455803,0.007470861433755362,0.6100327584246052,0.6101272352024266,0.09441139403771123,0.22071195092069906,strong_rank2
AR-S4U,2,2,core,cubic_bspline,40,24,0.004245587774581501,0.0476288692100837,0.0476153730424427,0.004091403584516734,0.04780427559876473,0.0012324565760731048,0.02139788523147029,0.013055432555455803,0.007470861433755362,0.6100327584246052,0.6101272352024266,0.09440181861749705,0.22068956580820395,strong_rank2
AR-S4U,2,2,core,cubic_bspline,48,24,0.0013904014301677028,0.0476288692100837,0.04762722094577414,0.0013327448830667543,0.04764751190938094,0.0012324563510190975,0.02139788523147029,0.013055432555455803,0.007470861433755362,0.6100327584246052,0.6101272352024266,0.09440180137915537,0.2206895255089576,strong_rank2
AR-S4U,2,2,core,discrete_identity,64,24,0.0,0.0476288692100837,0.0476288692100837,0.0,0.047628869210083705,0.001232456344507828,0.02139788523147029,0.013055432555455803,0.007470861433755362,0.6100327584246052,0.6101272352024266,0.09440180088041512,0.22068952434301853,strong_rank2
AR-S4U,2,2,core,cubic_bspline,32,28,0.016657523591969668,0.02520197733528921,0.024946996746047785,0.016269175678439243,0.029997095507137774,0.0006534697402338582,0.02139788523147029,0.013055432555455803,0.007470861433755362,0.6100327584246052,0.6101272352024266,0.050053472947610325,0.11701341535335014,strong_rank2
AR-S4U,2,2,core,cubic_bspline,40,28,0.004245587774581501,0.02520197733528921,0.025185730532029018,0.004148056939727828,0.025541065717460874,0.0006526150316124339,0.02139788523147029,0.013055432555455803,0.007470861433755362,0.6100327584246052,0.6101272352024266,0.04998800528747775,0.11686036714198379,strong_rank2
AR-S4U,2,2,core,cubic_bspline,48,28,0.0013904014301677028,0.02520197733528921,0.025200417741978846,0.001361840261860416,0.02523874542260876,0.0006526134374878028,0.02139788523147029,0.013055432555455803,0.007470861433755362,0.6100327584246052,0.6101272352024266,0.04998788318316415,0.11686008169040725,strong_rank2
AR-S4U,2,2,core,discrete_identity,64,28,0.0,0.02520197733528921,0.02520197733528921,0.0,0.025201977335289207,0.0006526134026449488,0.02139788523147029,0.013055432555455803,0.007470861433755362,0.6100327584246052,0.6101272352024266,0.049987880514324644,0.11686007545127924,strong_rank2
AR-S4U,2,2,core,cubic_bspline,32,32,0.016657523591969668,0.013219241699545945,0.013002052139488317,0.016485693826587464,0.021131172519644977,0.0003460609957938233,0.02139788523147029,0.013055432555455803,0.007470861433755362,0.6100327584246052,0.6101272352024266,0.026507049408271505,0.061967336121677236,strong_rank2
AR-S4U,2,2,core,cubic_bspline,40,32,0.004245587774581501,0.013219241699545945,0.013201770237237011,0.004190871250403504,0.013867651313343348,0.0003314597697186273,0.02139788523147029,0.013055432555455803,0.007470861433755362,0.6100327584246052,0.6101272352024266,0.02538864708700225,0.0593527707849661,strong_rank2
AR-S4U,2,2,core,cubic_bspline,48,32,0.0013904014301677028,0.013219241699545945,0.013217455525427576,0.001373315547372119,0.013290385498685447,0.0003314515742046627,0.02139788523147029,0.013055432555455803,0.007470861433755362,0.6100327584246052,0.6101272352024266,0.0253880193395929,0.05935130325706001,strong_rank2
AR-S4U,2,2,core,discrete_identity,64,32,0.0,0.013219241699545945,0.013219241699545945,0.0,0.013219241699545943,0.0003314513750579067,0.02139788523147029,0.013055432555455803,0.007470861433755362,0.6100327584246052,0.6101272352024266,0.02538800408565511,0.05935126759688993,strong_rank2
AR-S4U,2,2,fit,cubic_bspline,32,24,0.013228238430243535,0.025268227550455213,0.025120814084902222,0.012944430026617996,0.028390871636066302,0.0008596801794309144,0.02620434598786187,0.021835689950720667,0.007162486061894263,0.6750400933589985,0.8332850574036532,0.03937041519508026,0.1967836726265772,strong_rank2
AR-S4U,2,2,fit,cubic_bspline,40,24,0.0033602880294684397,0.025268227550455213,0.025261051919202745,0.003305897179898583,0.025483568818076587,0.0008595333834647817,0.02620434598786187,0.021835689950720667,0.007162486061894263,0.6750400933589985,0.8332850574036532,0.03936369244134709,0.19675007053822677,strong_rank2
AR-S4U,2,2,fit,cubic_bspline,48,24,0.0008359497924889748,0.025268227550455213,0.025267345333008583,0.000808844046456887,0.02528116991424789,0.0008595331023026328,0.02620434598786187,0.021835689950720667,0.007162486061894263,0.6750400933589985,0.8332850574036532,0.03936367956508124,0.19675000617926913,strong_rank2
AR-S4U,2,2,fit,discrete_identity,64,24,0.0,0.025268227550455213,0.025268227550455213,0.0,0.025268227550455217,0.0008595330971527004,0.02620434598786187,0.021835689950720667,0.007162486061894263,0.6750400933589985,0.8332850574036532,0.039363679329231925,0.19675000500043233,strong_rank2
AR-S4U,2,2,fit,cubic_bspline,32,28,0.013228238430243535,0.013227695109072976,0.013093255792359407,0.013093804692026378,0.0186123517915261,0.0004511361276187107,0.02620434598786187,0.021835689950720667,0.007162486061894263,0.6750400933589985,0.8332850574036532,0.020660493377440605,0.1032665707218115,strong_rank2
AR-S4U,2,2,fit,cubic_bspline,40,28,0.0033602880294684397,0.013227695109072976,0.013219149058989434,0.0033264875749320364,0.013639554152712247,0.0004503820121649055,0.02620434598786187,0.021835689950720667,0.007162486061894263,0.6750400933589985,0.8332850574036532,0.020625957466026443,0.1030939511684766,strong_rank2
AR-S4U,2,2,fit,cubic_bspline,48,28,0.0008359497924889748,0.013227695109072976,0.013226873417522345,0.0008228454047564411,0.013253263464472507,0.00045038033307676914,0.02620434598786187,0.021835689950720667,0.007162486061894263,0.6750400933589985,0.8332850574036532,0.020625880569526255,0.10309356681957796,strong_rank2
AR-S4U,2,2,fit,discrete_identity,64,28,0.0,0.013227695109072976,0.013227695109072976,0.0,0.013227695109072976,0.0004503803085432207,0.02620434598786187,0.021835689950720667,0.007162486061894263,0.6750400933589985,0.8332850574036532,0.020625879445973553,0.10309356120376655,strong_rank2
AR-S4U,2,2,fit,cubic_bspline,32,32,0.013228238430243535,0.006914808015352604,0.006800990323504333,0.01316909987275465,0.01487413060813207,0.0002920492265162724,0.02620434598786187,0.021835689950720667,0.007162486061894263,0.6750400933589985,0.8332850574036532,0.013374856813564234,0.06685104618751034,strong_rank2
AR-S4U,2,2,fit,cubic_bspline,40,32,0.0033602880294684397,0.006914808015352604,0.006905648435784882,0.003341398819426148,0.007679812234660882,0.00022799801950051742,0.02620434598786187,0.021835689950720667,0.007162486061894263,0.6750400933589985,0.8332850574036532,0.010441530357642422,0.05218951035790785,strong_rank2
AR-S4U,2,2,fit,cubic_bspline,48,32,0.0008359497924889748,0.006914808015352604,0.006913871943358148,0.0008281711269615452,0.006964225535170242,0.00022798982321905494,0.02620434598786187,0.021835689950720667,0.007162486061894263,0.6750400933589985,0.8332850574036532,0.010441154995953326,0.05218763420162711,strong_rank2
AR-S4U,2,2,fit,discrete_identity,64,32,0.0,0.006914808015352604,0.006914808015352604,0.0,0.006914808015352601,0.0002279896829362047,0.02620434598786187,0.021835689950720667,0.007162486061894263,0.6750400933589985,0.8332850574036532,0.01044114857147805,0.0521876020904128,strong_rank2
AR-S4U,3,0,core,cubic_bspline,32,24,0.016158773299465,0.014240341238399921,0.014099688294249058,0.016034956998770333,0.021445446242465725,0.0003978841985805463,0.02447547084554472,0.013119141364869493,0.006793719600981557,0.5374051803394883,0.536011807399308,0.03032852436867574,0.06290239820087283,strong_rank2
AR-S4U,3,0,core,cubic_bspline,40,24,0.004342283465836182,0.014240341238399921,0.014230357384444116,0.004309429010971642,0.014878121419946733,0.00039685084658762257,0.02447547084554472,0.013119141364869493,0.006793719600981557,0.5374051803394883,0.536011807399308,0.030249757628979582,0.06273903328522037,strong_rank2
AR-S4U,3,0,core,cubic_bspline,48,24,0.0011078540580418278,0.014240341238399921,0.014239766103923308,0.0011004366053025136,0.014282796620702927,0.00039684756751295176,0.02447547084554472,0.013119141364869493,0.006793719600981557,0.5374051803394883,0.536011807399308,0.03024950768315008,0.0627385148890101,strong_rank2
AR-S4U,3,0,core,discrete_identity,64,24,0.0,0.014240341238399921,0.014240341238399921,0.0,0.014240341238399927,0.0003968475627148119,0.02447547084554472,0.013119141364869493,0.006793719600981557,0.5374051803394883,0.536011807399308,0.030249507317414263,0.06273851413046148,strong_rank2
AR-S4U,3,0,core,cubic_bspline,32,28,0.016158773299465,0.006544460163693664,0.006507919019609104,0.016144008352175714,0.01742007360803314,0.0002798180399482682,0.02447547084554472,0.013119141364869493,0.006793719600981557,0.5374051803394883,0.536011807399308,0.021328990378712318,0.044237056498866154,strong_rank2
AR-S4U,3,0,core,cubic_bspline,40,28,0.004342283465836182,0.006544460163693664,0.006534937402732096,0.004327917942975332,0.007846071154106448,0.00017415832122860412,0.02447547084554472,0.013119141364869493,0.006793719600981557,0.5374051803394883,0.536011807399308,0.013275131076410701,0.02753307648556818,strong_rank2
AR-S4U,3,0,core,cubic_bspline,48,28,0.0011078540580418278,0.006544460163693664,0.006544318381975705,0.0011070161988026845,0.006637427491022771,0.0001741362659979372,0.02447547084554472,0.013119141364869493,0.006793719600981557,0.5374051803394883,0.536011807399308,0.013273449927465543,0.027529589725081655,strong_rank2
AR-S4U,3,0,core,discrete_identity,64,28,0.0,0.006544460163693664,0.006544460163693664,0.0,0.006544460163693667,0.00017413625545328524,0.02447547084554472,0.013119141364869493,0.006793719600981557,0.5374051803394883,0.536011807399308,0.013273449123704715,0.027529588058054166,strong_rank2
AR-S4U,3,0,core,cubic_bspline,32,32,0.016158773299465,0.0030664535633428036,0.0030581311227284905,0.016157196014505913,0.01644561098005493,0.000279736957057365,0.02447547084554472,0.013119141364869493,0.006793719600981557,0.5374051803394883,0.536011807399308,0.021322809875838834,0.044224237924243015,strong_rank2
AR-S4U,3,0,core,cubic_bspline,40,32,0.004342283465836182,0.0030664535633428036,0.003058757034477878,0.004336851719566213,0.0053114423929515,8.086851469076306e-05,0.02447547084554472,0.013119141364869493,0.006793719600981557,0.5374051803394883,0.536011807399308,0.006164162153730061,0.012784683410748097,strong_rank2
AR-S4U,3,0,core,cubic_bspline,48,32,0.0011078540580418278,0.0030664535633428036,0.0030662335218275133,0.001107244854655332,0.0032602344431495126,7.478038798035605e-05,0.02447547084554472,0.013119141364869493,0.006793719600981557,0.5374051803394883,0.536011807399308,0.005700097735100513,0.011822197913707514,strong_rank2
AR-S4U,3,0,core,discrete_identity,64,32,0.0,0.0030664535633428036,0.0030664535633428036,0.0,0.0030664535633428006,7.478011422276289e-05,0.02447547084554472,0.013119141364869493,0.006793719600981557,0.5374051803394883,0.536011807399308,0.0057000768680646645,0.01182215463476053,strong_rank2
AR-S4U,3,0,fit,cubic_bspline,32,24,0.01749066314258095,0.009408565132112506,0.00931510995616218,0.01744056973889983,0.019816522668284403,0.00041021497393676343,0.028262970240489117,0.016133294350867085,0.005991979448224949,0.5325453920610342,0.5708279849424589,0.025426609408804122,0.040449880303972154,strong_rank2
AR-S4U,3,0,fit,cubic_bspline,40,24,0.004360053246195664,0.009408565132112506,0.009401950434236467,0.004345760972752354,0.010363722124676098,0.00030159538715374774,0.028262970240489117,0.016133294350867085,0.005991979448224949,0.5325453920610342,0.5708279849424589,0.018693974125472922,0.029739278392309117,strong_rank2
AR-S4U,3,0,fit,cubic_bspline,48,24,0.0009284955047818434,0.009408565132112506,0.009408182886991542,0.0009246141315583463,0.009453888572300851,0.00030158831467660583,0.028262970240489117,0.016133294350867085,0.005991979448224949,0.5325453920610342,0.5708279849424589,0.018693535747731332,0.029738580999790515,strong_rank2
AR-S4U,3,0,fit,discrete_identity,64,24,0.0,0.009408565132112506,0.009408565132112506,0.0,0.009408565132112506,0.0003015883106102618,0.028262970240489117,0.016133294350867085,0.005991979448224949,0.5325453920610342,0.5708279849424589,0.018693535495684605,0.029738580598822385,strong_rank2
AR-S4U,3,0,fit,cubic_bspline,32,28,0.01749066314258095,0.004309590479261475,0.0042855244884054105,0.017484748989019548,0.018008026468993237,0.0004096863224085999,0.028262970240489117,0.016133294350867085,0.005991979448224949,0.5325453920610342,0.5708279849424589,0.025393841672924123,0.04039775180453804,strong_rank2
AR-S4U,3,0,fit,cubic_bspline,40,28,0.004360053246195664,0.004309590479261475,0.004303310803605514,0.004353846355023128,0.006126054862804404,0.00013197030399124025,0.028262970240489117,0.016133294350867085,0.005991979448224949,0.5325453920610342,0.5708279849424589,0.008179997285188532,0.013013135402871452,strong_rank2
AR-S4U,3,0,fit,cubic_bspline,48,28,0.0009284955047818434,0.004309590479261475,0.004309496908935621,0.000928061103367983,0.004408386043726867,0.0001319158656064027,0.028262970240489117,0.016133294350867085,0.005991979448224949,0.5325453920610342,0.5708279849424589,0.008176622996983431,0.013007767421957719,strong_rank2
AR-S4U,3,0,fit,discrete_identity,64,28,0.0,0.004309590479261475,0.004309590479261475,0.0,0.004309590479261484,0.0001319158542667165,0.028262970240489117,0.016133294350867085,0.005991979448224949,0.5325453920610342,0.5708279849424589,0.008176622294108623,0.013007766303790469,strong_rank2
AR-S4U,3,0,fit,cubic_bspline,32,32,0.01749066314258095,0.0020178333202526856,0.0020123510645010073,0.017490031522719312,0.017606045949446925,0.0004096773330541194,0.028262970240489117,0.016133294350867085,0.005991979448224949,0.5325453920610342,0.5708279849424589,0.025393284480184374,0.04039686539537248,strong_rank2
AR-S4U,3,0,fit,cubic_bspline,40,32,0.004360053246195664,0.0020178333202526856,0.002012766327244602,0.004357710555948969,0.0048022174667283835,9.844717959876032e-05,0.028262970240489117,0.016133294350867085,0.005991979448224949,0.5325453920610342,0.5708279849424589,0.006102112653357079,0.009707536009271508,strong_rank2
AR-S4U,3,0,fit,cubic_bspline,48,32,0.0009284955047818434,0.0020178333202526856,0.0020176883417590496,0.0009281803911678501,0.0022210740975641702,5.661262790703136e-05,0.028262970240489117,0.016133294350867085,0.005991979448224949,0.5325453920610342,0.5708279849424589,0.0035090556631410317,0.0055823755055946405,strong_rank2
AR-S4U,3,0,fit,discrete_identity,64,32,0.0,0.0020178333202526856,0.0020178333202526856,0.0,0.0020178333202526856,5.66123757885492e-05,0.028262970240489117,0.016133294350867085,0.005991979448224949,0.5325453920610342,0.5708279849424589,0.003509040035924626,0.005582350645062788,strong_rank2
AR-S4U,3,1,core,cubic_bspline,32,24,0.012894113024873732,0.0108085413450009,0.01060358935773448,0.012722802048255114,0.01669413843136798,0.00041862513516191806,0.028670402405445432,0.02615374439194338,0.006621083245205807,0.6916388303899558,0.9122210432238629,0.016006317446876743,0.16634168524923293,strong_rank2
AR-S4U,3,1,core,cubic_bspline,40,24,0.0035775912416685903,0.0108085413450009,0.01079460173017048,0.0035352538238249864,0.011372008864112926,0.00041471346864504767,0.028670402405445432,0.02615374439194338,0.006621083245205807,0.6916388303899558,0.9122210432238629,0.015856753145174863,0.16478737532874155,strong_rank2
AR-S4U,3,1,core,cubic_bspline,48,24,0.0005912291848516598,0.0108085413450009,0.010807480815435444,0.0005715133580519168,0.010823640493153198,0.0004147080112927288,0.028670402405445432,0.02615374439194338,0.006621083245205807,0.6916388303899558,0.9122210432238629,0.01585654448089196,0.1647852068369204,strong_rank2
AR-S4U,3,1,core,discrete_identity,64,24,0.0,0.0108085413450009,0.0108085413450009,0.0,0.010808541345000902,0.00041470797867770723,0.028670402405445432,0.02615374439194338,0.006621083245205807,0.6916388303899558,0.9122210432238629,0.015856543233842165,0.16478519387726462,strong_rank2
AR-S4U,3,1,core,cubic_bspline,32,28,0.012894113024873732,0.004933978846047204,0.004823937175633177,0.012852407296667532,0.01376693577280995,0.00038633594535662547,0.028670402405445432,0.02615374439194338,0.006621083245205807,0.6916388303899558,0.9122210432238629,0.014771725974183476,0.15351149949015927,strong_rank2
AR-S4U,3,1,core,cubic_bspline,40,28,0.0035775912416685903,0.004933978846047204,0.004920492295934518,0.003558968428291179,0.006083617634830002,0.0001803107905520511,0.028670402405445432,0.02615374439194338,0.006621083245205807,0.6916388303899558,0.9122210432238629,0.006894262934205152,0.07164691808925595,strong_rank2
AR-S4U,3,1,core,cubic_bspline,48,28,0.0005912291848516598,0.004933978846047204,0.004933352056024706,0.0005859754299134733,0.004968653183479761,0.00018026759977623813,0.028670402405445432,0.02615374439194338,0.006621083245205807,0.6916388303899558,0.9122210432238629,0.006892611515763276,0.07162975613257322,strong_rank2
AR-S4U,3,1,core,discrete_identity,64,28,0.0,0.004933978846047204,0.004933978846047204,0.0,0.004933978846047205,0.0001802674647801244,0.028670402405445432,0.02615374439194338,0.006621083245205807,0.6916388303899558,0.9122210432238629,0.006892606354127079,0.07162970249154889,strong_rank2
AR-S4U,3,1,core,cubic_bspline,32,32,0.012894113024873732,0.002303403920195673,0.002259540686944099,0.012886349568252643,0.01309059489916996,0.0003862952702805425,0.028670402405445432,0.02615374439194338,0.006621083245205807,0.6916388303899558,0.9122210432238629,0.01477017074463495,0.15349533715270033,strong_rank2
AR-S4U,3,1,core,cubic_bspline,40,32,0.0035775912416685903,0.002303403920195673,0.0022925596910223795,0.0035706189113121328,0.004249116264514827,0.00010338220100895824,0.028670402405445432,0.02615374439194338,0.006621083245205807,0.6916388303899558,0.9122210432238629,0.003952864242292012,0.041079161512730486,strong_rank2
AR-S4U,3,1,core,cubic_bspline,48,32,0.0005912291848516598,0.002303403920195673,0.002302929248274774,0.0005893771729611856,0.0023776112111907164,7.714925768917568e-05,0.028670402405445432,0.02615374439194338,0.006621083245205807,0.6916388303899558,0.9122210432238629,0.0029498360362098432,0.03065543958506255,strong_rank2
AR-S4U,3,1,core,discrete_identity,64,32,0.0,0.002303403920195673,0.002303403920195673,0.0,0.0023034039201956734,7.714874519519396e-05,0.028670402405445432,0.02615374439194338,0.006621083245205807,0.6916388303899558,0.9122210432238629,0.002949816440775475,0.03065523594436963,strong_rank2
AR-S4U,3,1,fit,cubic_bspline,32,24,0.014837735194296356,0.0019486999771326033,0.0019117139558549837,0.014832922987199619,0.014960382212532918,0.0017487640605364978,0.12474925718809916,0.10662408932401028,0.00670020523281005,0.6507891633120919,0.854707208101773,0.01640120981687672,0.09648264080363622,strong_rank2
AR-S4U,3,1,fit,cubic_bspline,40,24,0.0036713456231678514,0.0019486999771326033,0.0019461870295989338,0.0036700124029839807,0.004155288514523739,0.00045664288314123814,0.12474925718809916,0.10662408932401028,0.00670020523281005,0.6507891633120919,0.854707208101773,0.004282736537646642,0.02519385677227176,strong_rank2
AR-S4U,3,1,fit,cubic_bspline,48,24,0.0005629662794742344,0.0019486999771326033,0.0019485087133390441,0.0005623038652780497,0.0020282054229745243,0.0003093791436682866,0.12474925718809916,0.10662408932401028,0.00670020523281005,0.6507891633120919,0.854707208101773,0.0029015876771349707,0.017069036049109084,strong_rank2
AR-S4U,3,1,fit,discrete_identity,64,24,0.0,0.0019486999771326033,0.0019486999771326033,0.0,0.0019486999771326026,0.00030937906778464165,0.12474925718809916,0.10662408932401028,0.00670020523281005,0.6507891633120919,0.854707208101773,0.0029015869654417177,0.017069031862463998,strong_rank2
AR-S4U,3,1,fit,cubic_bspline,32,28,0.014837735194296356,0.0008859221828157608,0.0008661403532806537,0.014836567213935866,0.014862993803660213,0.001748761467354624,0.12474925718809916,0.10662408932401028,0.00670020523281005,0.6507891633120919,0.854707208101773,0.016401185496088704,0.09648249773285787,strong_rank2
AR-S4U,3,1,fit,cubic_bspline,40,28,0.0036713456231678514,0.0008859221828157608,0.0008834981544833756,0.0036707614414075215,0.0037761551442875704,0.0004566279567976133,0.12474925718809916,0.10662408932401028,0.00670020523281005,0.6507891633120919,0.854707208101773,0.004282596547296249,0.025193033257491827,strong_rank2
AR-S4U,3,1,fit,cubic_bspline,48,28,0.0005629662794742344,0.0008859221828157608,0.0008858094623573904,0.0005627888781967078,0.0010495663082563892,0.000133948084364438,0.12474925718809916,0.10662408932401028,0.00670020523281005,0.6507891633120919,0.854707208101773,0.0012562647448026054,0.007390170693526502,strong_rank2
AR-S4U,3,1,fit,discrete_identity,64,28,0.0,0.0008859221828157608,0.0008859221828157608,0.0,0.0008859221828157605,0.00013394767891030778,0.12474925718809916,0.10662408932401028,0.00670020523281005,0.6507891633120919,0.854707208101773,0.0012562609421522591,0.007390148323850632,strong_rank2
AR-S4U,3,1,fit,cubic_bspline,32,32,0.014837735194296356,0.0004132443187864675,0.00040537000047341493,0.014837517975265785,0.014843271557623145,0.0017487613834112367,0.12474925718809916,0.10662408932401028,0.00670020523281005,0.6507891633120919,0.854707208101773,0.016401184708805194,0.09648249310154147,strong_rank2
AR-S4U,3,1,fit,cubic_bspline,40,32,0.0036713456231678514,0.0004132443187864675,0.0004112978351513726,0.003671127037701727,0.003694312465663133,0.0004566275774134749,0.12474925718809916,0.10662408932401028,0.00670020523281005,0.6507891633120919,0.854707208101773,0.004282592989149673,0.025193012326147013,strong_rank2
AR-S4U,3,1,fit,cubic_bspline,48,32,0.0005629662794742344,0.0004132443187864675,0.0004131590908594409,0.0005629037210532281,0.0006983061407326196,6.974287597821355e-05,0.12474925718809916,0.10662408932401028,0.00670020523281005,0.6507891633120919,0.854707208101773,0.0006541005547656144,0.0038478471758815564,strong_rank2
AR-S4U,3,1,fit,discrete_identity,64,32,0.0,0.0004132443187864675,0.0004132443187864675,0.0,0.0004132443187864682,5.7284572801450236e-05,0.12474925718809916,0.10662408932401028,0.00670020523281005,0.6507891633120919,0.854707208101773,0.0005372573230367608,0.0031604988837067426,strong_rank2
AR-S4U,3,2,core,cubic_bspline,32,24,0.0166614321744793,0.023449238975035588,0.02318301460290892,0.016284614815068058,0.028549176663845523,0.0006127318487541134,0.021603699812473134,0.01310998512811108,0.007501537015806769,0.6081750770419828,0.6068398117873257,0.04673779891941016,0.10925158555177641,strong_rank2
AR-S4U,3,2,core,cubic_bspline,40,24,0.004242453080978237,0.023449238975035588,0.0234333664136838,0.004153824877620168,0.0238143038869975,0.0006108527792763933,0.021603699812473134,0.01310998512811108,0.007501537015806769,0.6081750770419828,0.6068398117873257,0.0465944677516508,0.10891654287328614,strong_rank2
AR-S4U,3,2,core,cubic_bspline,48,24,0.0013876210995968407,0.023449238975035588,0.023447135365575866,0.0013516066955136473,0.023488159765458105,0.0006108505941422593,0.021603699812473134,0.01310998512811108,0.007501537015806769,0.6081750770419828,0.6068398117873257,0.04659430107456363,0.10891615325853173,strong_rank2
AR-S4U,3,2,core,discrete_identity,64,24,0.0,0.023449238975035588,0.023449238975035588,0.0,0.02344923897503558,0.0006108505196029922,0.021603699812473134,0.01310998512811108,0.007501537015806769,0.6081750770419828,0.6068398117873257,0.046594295388877,0.1089161399679983,strong_rank2
AR-S4U,3,2,core,cubic_bspline,32,28,0.0166614321744793,0.010754408938974011,0.010382858806160633,0.01642406062661597,0.019631787465573328,0.00032370225417602114,0.021603699812473134,0.01310998512811108,0.007501537015806769,0.6081750770419828,0.6068398117873257,0.024691275467729,0.057716902732121995,strong_rank2
AR-S4U,3,2,core,cubic_bspline,40,28,0.004242453080978237,0.010754408938974011,0.010738791260743041,0.004202705588002634,0.011546430006114987,0.0002672467686781244,0.021603699812473134,0.01310998512811108,0.007501537015806769,0.6081750770419828,0.6068398117873257,0.02038497878270515,0.047650751745712816,strong_rank2
AR-S4U,3,2,core,cubic_bspline,48,28,0.0013876210995968407,0.010754408938974011,0.010751682549428373,0.0013663302430396791,0.010840856514119585,0.0002672342234923461,0.021603699812473134,0.01310998512811108,0.007501537015806769,0.6081750770419828,0.6068398117873257,0.02038402186432151,0.04764851490844035,strong_rank2
AR-S4U,3,2,core,discrete_identity,64,28,0.0,0.010754408938974011,0.010754408938974011,0.0,0.010754408938974003,0.00026723373397074347,0.021603699812473134,0.01310998512811108,0.007501537015806769,0.6081750770419828,0.6068398117873257,0.020383984524721364,0.04764842762554269,strong_rank2
AR-S4U,3,2,core,cubic_bspline,32,32,0.0166614321744793,0.005031505681579974,0.004780487035990927,0.016587354490161462,0.01733367757880742,0.0003109706837829477,0.021603699812473134,0.01310998512811108,0.007501537015806769,0.6081750770419828,0.6068398117873257,0.023720140087432205,0.05544683262749861,strong_rank2
AR-S4U,3,2,core,cubic_bspline,40,32,0.004242453080978237,0.005031505681579974,0.005020132937465354,0.004228958906203126,0.006572681557334605,0.00011449936872954114,0.021603699812473134,0.01310998512811108,0.007501537015806769,0.6081750770419828,0.6068398117873257,0.008733752754915482,0.020415517169240144,strong_rank2
AR-S4U,3,2,core,cubic_bspline,48,32,0.0013876210995968407,0.005031505681579974,0.005029612016071302,0.0013807389052546061,0.0052175175465210685,0.00011443316932139165,0.021603699812473134,0.01310998512811108,0.007501537015806769,0.6081750770419828,0.6068398117873257,0.008728703213859363,0.020403713653040313,strong_rank2
AR-S4U,3,2,core,discrete_identity,64,32,0.0,0.005031505681579974,0.005031505681579974,0.0,0.005031505681579971,0.00011443134253633249,0.021603699812473134,0.01310998512811108,0.007501537015806769,0.6081750770419828,0.6068398117873257,0.008728563870828742,0.020403387932801383,strong_rank2
AR-S4U,3,2,fit,cubic_bspline,32,24,0.012696784258131916,0.01293905173477356,0.012792220477282547,0.012547118212633794,0.018023574430088868,0.00046340995931763577,0.028124301509677815,0.022542934319736876,0.007652722829494414,0.6570187939381611,0.8015464601664741,0.02055677192440335,0.08302803659877815,strong_rank2
AR-S4U,3,2,fit,cubic_bspline,40,24,0.003267829024895204,0.01293905173477356,0.012930269011882429,0.003232878510004299,0.013336812334872022,0.00046189152848797845,0.028124301509677815,0.022542934319736876,0.007652722829494414,0.6570187939381611,0.8015464601664741,0.020489414640381638,0.08275598303591744,strong_rank2
AR-S4U,3,2,fit,cubic_bspline,48,24,0.0008336001988848376,0.01293905173477356,0.012937890468127761,0.0008153767605871792,0.012964717469225936,0.000461889705861974,0.028124301509677815,0.022542934319736876,0.007652722829494414,0.6570187939381611,0.8015464601664741,0.020489333789061284,0.08275565648044413,strong_rank2
AR-S4U,3,2,fit,discrete_identity,64,24,0.0,0.01293905173477356,0.01293905173477356,0.0,0.012939051734773553,0.0004618896492231126,0.028124301509677815,0.022542934319736876,0.007652722829494414,0.6570187939381611,0.8015464601664741,0.020489331276572865,0.08275564633259692,strong_rank2
AR-S4U,3,2,fit,cubic_bspline,32,28,0.012696784258131916,0.005910654786555434,0.005706050965028837,0.012602837303846393,0.013920034055743295,0.0002968300196714672,0.028124301509677815,0.022542934319736876,0.007652722829494414,0.6570187939381611,0.8015464601664741,0.013167319545068515,0.053182313503120054,strong_rank2
AR-S4U,3,2,fit,cubic_bspline,40,28,0.003267829024895204,0.005910654786555434,0.0059020539801552495,0.0032522465642665014,0.006746328462253673,0.00020130151485847403,0.028124301509677815,0.022542934319736876,0.007652722829494414,0.6570187939381611,0.8015464601664741,0.008929694422355201,0.03606670337355177,strong_rank2
AR-S4U,3,2,fit,cubic_bspline,48,28,0.0008336001988848376,0.005910654786555434,0.0059091539792687905,0.0008228912664856644,0.005967662024804106,0.000201291719473021,0.028124301509677815,0.022542934319736876,0.007652722829494414,0.6570187939381611,0.8015464601664741,0.008929259901040713,0.03606494835813715,strong_rank2
AR-S4U,3,2,fit,discrete_identity,64,28,0.0,0.005910654786555434,0.005910654786555434,0.0,0.0059106547865554315,0.0002012913418781785,0.028124301509677815,0.022542934319736876,0.007652722829494414,0.6570187939381611,0.8015464601664741,0.008929243151009987,0.03606488070538655,strong_rank2
AR-S4U,3,2,fit,cubic_bspline,32,32,0.012696784258131916,0.0027626444222919127,0.00262478131495285,0.012667501854937755,0.012965253852079884,0.00029616469463852245,0.028124301509677815,0.022542934319736876,0.007652722829494414,0.6570187939381611,0.8015464601664741,0.013137805861379066,0.053063108833313735,strong_rank2
AR-S4U,3,2,fit,cubic_bspline,40,32,0.003267829024895204,0.0027626444222919127,0.0027563955964408477,0.0032625479331352984,0.004275093358048,8.61956179630825e-05,0.028124301509677815,0.022542934319736876,0.007652722829494414,0.6570187939381611,0.8015464601664741,0.0038236201525733136,0.015443459466065809,strong_rank2
AR-S4U,3,2,fit,cubic_bspline,48,32,0.0008336001988848376,0.0027626444222919127,0.0027616043660933947,0.0008301468318233352,0.0028846746725422825,8.611871941609411e-05,0.028124301509677815,0.022542934319736876,0.007652722829494414,0.6570187939381611,0.8015464601664741,0.0038202089486059107,0.015429681740219893,strong_rank2
AR-S4U,3,2,fit,discrete_identity,64,32,0.0,0.0027626444222919127,0.0027626444222919127,0.0,0.0027626444222919122,8.611728412336525e-05,0.028124301509677815,0.022542934319736876,0.007652722829494414,0.6570187939381611,0.8015464601664741,0.0038201452793111992,0.015429424582308575,strong_rank2
AR-S4U,4,0,core,cubic_bspline,32,24,0.01608662950213263,0.015887508731742953,0.015723457783954127,0.01592462997125719,0.022494594315583278,0.0004423343804658447,0.024211946682181077,0.013129663059565411,0.006802535261226577,0.5417839998196158,0.5422803557232456,0.033689697782730905,0.06991077066310848,strong_rank2
AR-S4U,4,0,core,cubic_bspline,40,24,0.004341610827064489,0.015887508731742953,0.015877300486322406,0.004304105203808173,0.01646020216481733,0.0004404687103631372,0.024211946682181077,0.013129663059565411,0.006802535261226577,0.5417839998196158,0.5422803557232456,0.03354760197309409,0.06961590225485578,strong_rank2
AR-S4U,4,0,core,cubic_bspline,48,24,0.0011257379165743365,0.015887508731742953,0.01588618540112355,0.0011069050340819751,0.015926021865352455,0.00044046603225711964,0.024211946682181077,0.013129663059565411,0.006802535261226577,0.5417839998196158,0.5422803557232456,0.03354739799938925,0.06961547898127844,strong_rank2
AR-S4U,4,0,core,discrete_identity,64,24,0.0,0.015887508731742953,0.015887508731742953,0.0,0.015887508731742946,0.0004404659553310305,0.024211946682181077,0.013129663059565411,0.006802535261226577,0.5417839998196158,0.5422803557232456,0.033547392140435464,0.06961546682314103,strong_rank2
AR-S4U,4,0,core,cubic_bspline,32,28,0.01608662950213263,0.007428404210585496,0.0072056973086310665,0.01598500964424646,0.017626733175563104,0.00027381714442515286,0.024211946682181077,0.013129663059565411,0.006802535261226577,0.5417839998196158,0.5422803557232456,0.020854849296811744,0.04327668938456445,strong_rank2
AR-S4U,4,0,core,cubic_bspline,40,28,0.004341610827064489,0.007428404210585496,0.007418026494118318,0.0043238307697319265,0.008595155707788252,0.00019795348185189512,0.024211946682181077,0.013129663059565411,0.006802535261226577,0.5417839998196158,0.5422803557232456,0.015076813544554686,0.031286468072269244,strong_rank2
AR-S4U,4,0,core,cubic_bspline,48,28,0.0011257379165743365,0.007428404210585496,0.007426688297260911,0.001114358921371874,0.007511523475400011,0.00019794221371190665,0.024211946682181077,0.013129663059565411,0.006802535261226577,0.5417839998196158,0.5422803557232456,0.015075955324512226,0.0312846871472828,strong_rank2
AR-S4U,4,0,core,discrete_identity,64,28,0.0,0.007428404210585496,0.007428404210585496,0.0,0.007428404210585492,0.00019794174818958622,0.024211946682181077,0.013129663059565411,0.006802535261226577,0.5417839998196158,0.5422803557232456,0.015075919868741707,0.03128461357166756,strong_rank2
AR-S4U,4,0,core,cubic_bspline,32,32,0.01608662950213263,0.003523145812203236,0.0033835973056645873,0.016056644202688854,0.016438624622083956,0.00027316439325968995,0.024211946682181077,0.013129663059565411,0.006802535261226577,0.5417839998196158,0.5422803557232456,0.020805133537732355,0.04317352232578712,strong_rank2
AR-S4U,4,0,core,cubic_bspline,40,32,0.004341610827064489,0.003523145812203236,0.003515618856303293,0.004335505057364619,0.005586515955090317,8.671895458159352e-05,0.024211946682181077,0.013129663059565411,0.006802535261226577,0.5417839998196158,0.5422803557232456,0.0066048118819329316,0.013705895841769037,strong_rank2
AR-S4U,4,0,core,cubic_bspline,48,32,0.0011257379165743365,0.003523145812203236,0.0035219914952695427,0.0011221201074390038,0.0036975275454774067,8.662748771623109e-05,0.024211946682181077,0.013129663059565411,0.006802535261226577,0.5417839998196158,0.5422803557232456,0.006597845452943286,0.013691439540540785,strong_rank2
AR-S4U,4,0,core,discrete_identity,64,32,0.0,0.003523145812203236,0.003523145812203236,0.0,0.0035231458122032314,8.662588282696437e-05,0.024211946682181077,0.013129663059565411,0.006802535261226577,0.5417839998196158,0.5422803557232456,0.006597723219093153,0.013691185888438621,strong_rank2
AR-S4U,4,0,fit,cubic_bspline,32,24,0.01759036953057994,0.010084908908230184,0.009980930578057082,0.01753096368540672,0.020224739193036603,0.00043137546027683375,0.028410480993627363,0.016492442939321443,0.005942318760085714,0.5369277916599792,0.5805055867593651,0.026155946809331938,0.04088818794435114,strong_rank2
AR-S4U,4,0,fit,cubic_bspline,40,24,0.004361343218182225,0.010084908908230184,0.010078402443067699,0.0043462768876265205,0.010981598721097803,0.0003267563255352843,0.028410480993627363,0.016492442939321443,0.005942318760085714,0.5369277916599792,0.5805055867593651,0.01981248786110569,0.030971799002934123,strong_rank2
AR-S4U,4,0,fit,cubic_bspline,48,24,0.0009214510594379001,0.010084908908230184,0.01008406783125736,0.0009121997550089433,0.010126079995750516,0.00032675384654435636,0.028410480993627363,0.016492442939321443,0.005942318760085714,0.5369277916599792,0.5805055867593651,0.019812337550388408,0.03097156403025647,strong_rank2
AR-S4U,4,0,fit,discrete_identity,64,24,0.0,0.010084908908230184,0.010084908908230184,0.0,0.010084908908230172,0.00032675378833228557,0.028410480993627363,0.016492442939321443,0.005942318760085714,0.5369277916599792,0.5805055867593651,0.019812334020767534,0.03097155851258959,strong_rank2
AR-S4U,4,0,fit,cubic_bspline,32,28,0.01759036953057994,0.004692615010726821,0.004551649395310694,0.01755328962904927,0.018169716905890088,0.00043134533463011287,0.028410480993627363,0.016492442939321443,0.005942318760085714,0.5369277916599792,0.5805055867593651,0.026154120175956173,0.040885332466424146,strong_rank2
AR-S4U,4,0,fit,cubic_bspline,40,28,0.004361343218182225,0.004692615010726821,0.004686044514308302,0.004354272869029256,0.006401587916826797,0.00014616543173393774,0.028410480993627363,0.016492442939321443,0.005942318760085714,0.5369277916599792,0.5805055867593651,0.008862570103877618,0.013854380218728975,strong_rank2
AR-S4U,4,0,fit,cubic_bspline,48,28,0.0009214510594379001,0.004692615010726821,0.004691528960829724,0.0009159041469196536,0.004781162624847987,0.00014615559897339193,0.028410480993627363,0.016492442939321443,0.005942318760085714,0.5369277916599792,0.5805055867593651,0.008861973905935204,0.01385344821448156,strong_rank2
AR-S4U,4,0,fit,discrete_identity,64,28,0.0,0.004692615010726821,0.004692615010726821,0.0,0.004692615010726821,0.00014615523452468954,0.028410480993627363,0.016492442939321443,0.005942318760085714,0.5369277916599792,0.5805055867593651,0.008861951808014131,0.013853413669987467,strong_rank2
AR-S4U,4,0,fit,cubic_bspline,32,32,0.01759036953057994,0.0022231088551355263,0.002134999223358471,0.017579451326031618,0.01771946167088881,0.0004313429887017917,0.028410480993627363,0.016492442939321443,0.005942318760085714,0.5369277916599792,0.5805055867593651,0.02615397793333452,0.0408851101061674,strong_rank2
AR-S4U,4,0,fit,cubic_bspline,40,32,0.004361343218182225,0.0022231088551355263,0.002218356207734963,0.004358922567492836,0.00489309911315724,0.0001003941080983221,0.028410480993627363,0.016492442939321443,0.005942318760085714,0.5369277916599792,0.5805055867593651,0.006087279396247689,0.009515917196113501,strong_rank2
AR-S4U,4,0,fit,cubic_bspline,48,32,0.0009214510594379001,0.0022231088551355263,0.0022223800366212884,0.0009196913070862862,0.00240583563073459,6.389870058543503e-05,0.028410480993627363,0.016492442939321443,0.005942318760085714,0.5369277916599792,0.5805055867593651,0.0038744230203208484,0.00605667758026939,strong_rank2
AR-S4U,4,0,fit,discrete_identity,64,32,0.0,0.0022231088551355263,0.0022231088551355263,0.0,0.0022231088551355306,6.389739747815333e-05,0.028410480993627363,0.016492442939321443,0.005942318760085714,0.5369277916599792,0.5805055867593651,0.003874344007933993,0.006056554064445351,strong_rank2
AR-S4U,4,1,core,cubic_bspline,32,24,0.012810229287630825,0.014235029191954903,0.01405330487613381,0.012607985415895485,0.019015713300931974,0.0005410107647433992,0.027692835772125304,0.026246813592634432,0.006602007847910145,0.7051413614323115,0.947783528151841,0.02061243597566531,0.374137252122843,strong_rank2
AR-S4U,4,1,core,cubic_bspline,40,24,0.003584123694147492,0.014235029191954903,0.014220738443285932,0.0035269375428963567,0.01466544730062128,0.0005407198294935278,0.027692835772125304,0.026246813592634432,0.006602007847910145,0.7051413614323115,0.947783528151841,0.02060135138252624,0.37393605517441597,strong_rank2
AR-S4U,4,1,core,cubic_bspline,48,24,0.0005953448725662223,0.014235029191954903,0.014233653028857481,0.0005614783765972287,0.014246098204883836,0.0005407170239674347,0.027692835772125304,0.026246813592634432,0.006602007847910145,0.7051413614323115,0.947783528151841,0.02060124449236667,0.37393411500632384,strong_rank2
AR-S4U,4,1,core,discrete_identity,64,24,0.0,0.014235029191954903,0.014235029191954903,0.0,0.014235029191954898,0.0005407170029536912,0.027692835772125304,0.026246813592634432,0.006602007847910145,0.7051413614323115,0.947783528151841,0.020601243691745923,0.3739341004742207,strong_rank2
AR-S4U,4,1,core,cubic_bspline,32,28,0.012810229287630825,0.006818372978928558,0.006560794325209166,0.01267500637078918,0.014392567407497957,0.00036636521502479496,0.027692835772125304,0.026246813592634432,0.006602007847910145,0.7051413614323115,0.947783528151841,0.013958464471573303,0.25336071619163414,strong_rank2
AR-S4U,4,1,core,cubic_bspline,40,28,0.003584123694147492,0.006818372978928558,0.006805777549465375,0.003560104019262842,0.007691849628519561,0.0002511265783215704,0.027692835772125304,0.026246813592634432,0.006602007847910145,0.7051413614323115,0.947783528151841,0.009567888209944208,0.17366716906789717,strong_rank2
AR-S4U,4,1,core,cubic_bspline,48,28,0.0005953448725662223,0.006818372978928558,0.0068162981344696465,0.0005710916699467063,0.00684224785982394,0.00025111968266235065,0.027692835772125304,0.026246813592634432,0.006602007847910145,0.7051413614323115,0.947783528151841,0.009567625486273185,0.17366240035873245,strong_rank2
AR-S4U,4,1,core,discrete_identity,64,28,0.0,0.006818372978928558,0.006818372978928558,0.0,0.006818372978928558,0.00025111948165163097,0.027692835772125304,0.026246813592634432,0.006602007847910145,0.7051413614323115,0.947783528151841,0.00956761782779232,0.17366226134930193,strong_rank2
AR-S4U,4,1,core,cubic_bspline,32,32,0.012810229287630825,0.0032980315542778236,0.003050574860252979,0.012748763439871719,0.013168446429996308,0.00036630512058483924,0.027692835772125304,0.026246813592634432,0.006602007847910145,0.7051413614323115,0.947783528151841,0.013956174881648659,0.25331915774197267,strong_rank2
AR-S4U,4,1,core,cubic_bspline,40,32,0.003584123694147492,0.0032980315542778236,0.0032873924899199033,0.003574336288694511,0.0048634239006826755,0.00011349328996945863,0.027692835772125304,0.026246813592634432,0.006602007847910145,0.7051413614323115,0.947783528151841,0.004324078790322492,0.07848654853234571,strong_rank2
AR-S4U,4,1,core,cubic_bspline,48,32,0.0005953448725662223,0.0032980315542778236,0.0032963815642370643,0.0005861354803463496,0.003349711470310975,0.00011346505048196455,0.027692835772125304,0.026246813592634432,0.006602007847910145,0.7051413614323115,0.947783528151841,0.00432300286972,0.07846701944911684,strong_rank2
AR-S4U,4,1,core,discrete_identity,64,32,0.0,0.0032980315542778236,0.0032980315542778236,0.0,0.003298031554277819,0.00011346408580668716,0.027692835772125304,0.026246813592634432,0.006602007847910145,0.7051413614323115,0.947783528151841,0.004322966115724168,0.07846635232568604,strong_rank2
AR-S4U,4,1,fit,cubic_bspline,32,24,0.014677469418832552,0.0020778168355223767,0.002051225658057206,0.01467372864813361,0.014820109150780107,0.002228964775467355,0.15995422022961336,0.1088483626631147,0.0065957855469480665,0.5635988521570474,0.6804969728642577,0.02047770605760964,0.043614663398751086,strong_rank2
AR-S4U,4,1,fit,cubic_bspline,40,24,0.0036746311547960022,0.0020778168355223767,0.002075730856430974,0.0036734520427190646,0.00422037589701878,0.0005861881666418531,0.15995422022961336,0.1088483626631147,0.0065957855469480665,0.5635988521570474,0.6804969728642577,0.00538536503719494,0.011470077884499018,strong_rank2
AR-S4U,4,1,fit,cubic_bspline,48,24,0.0005690416657877949,0.0020778168355223767,0.002077616094381686,0.0005683082359566285,0.0021541348734553213,0.00039120398330668143,0.15995422022961336,0.1088483626631147,0.0065957855469480665,0.5635988521570474,0.6804969728642577,0.0035940272663306507,0.007654777787412118,strong_rank2
AR-S4U,4,1,fit,discrete_identity,64,24,0.0,0.0020778168355223767,0.0020778168355223767,0.0,0.0020778168355223767,0.0003912039221133823,0.15995422022961336,0.1088483626631147,0.0065957855469480665,0.5635988521570474,0.6804969728642577,0.003594026704142138,0.007654776590028842,strong_rank2
AR-S4U,4,1,fit,cubic_bspline,32,28,0.014677469418832552,0.0009888921905087716,0.0009514649601903121,0.01467499527586928,0.014708276381385875,0.00222896369582469,0.15995422022961336,0.1088483626631147,0.0065957855469480665,0.5635988521570474,0.6804969728642577,0.020477696138832373,0.0436146422731362,strong_rank2
AR-S4U,4,1,fit,cubic_bspline,40,28,0.0036746311547960022,0.0009888921905087716,0.000987061530260634,0.0036741389227775037,0.003804892191418532,0.0005861729446442883,0.15995422022961336,0.1088483626631147,0.0065957855469480665,0.5635988521570474,0.6804969728642577,0.0053852251912919575,0.011469780032192265,strong_rank2
AR-S4U,4,1,fit,cubic_bspline,48,28,0.0005690416657877949,0.0009888921905087716,0.0009885907851626655,0.000568517716049242,0.0011406665410675881,0.0001805453699575728,0.15995422022961336,0.1088483626631147,0.0065957855469480665,0.5635988521570474,0.6804969728642577,0.0016586870536248678,0.0035327725343938933,strong_rank2
AR-S4U,4,1,fit,discrete_identity,64,28,0.0,0.0009888921905087716,0.0009888921905087716,0.0,0.000988892190508772,0.000180544418324311,0.15995422022961336,0.1088483626631147,0.0065957855469480665,0.5635988521570474,0.6804969728642577,0.001658678310881858,0.0035327539135682753,strong_rank2
AR-S4U,4,1,fit,cubic_bspline,32,32,0.014677469418832552,0.0004773764554593179,0.00044153548452974825,0.014676347428588529,0.014684109170285512,0.0022289636487084173,0.15995422022961336,0.1088483626631147,0.0065957855469480665,0.5635988521570474,0.6804969728642577,0.02047769570597081,0.04361464135120132,strong_rank2
AR-S4U,4,1,fit,cubic_bspline,40,32,0.0036746311547960022,0.0004773764554593179,0.00047583531215695537,0.003674431260462772,0.0037053115075649087,0.0005861722162416172,0.15995422022961336,0.1088483626631147,0.0065957855469480665,0.5635988521570474,0.6804969728642577,0.005385218499389083,0.011469765779370656,strong_rank2
AR-S4U,4,1,fit,cubic_bspline,48,32,0.0005690416657877949,0.0004773764554593179,0.00047713748942283276,0.0005688412089400445,0.0007426093193700824,9.106384575150176e-05,0.15995422022961336,0.1088483626631147,0.0065957855469480665,0.5635988521570474,0.6804969728642577,0.0008366119941862978,0.0017818670909300364,strong_rank2
AR-S4U,4,1,fit,discrete_identity,64,32,0.0,0.0004773764554593179,0.0004773764554593179,0.0,0.000477376455459318,8.142101485289655e-05,0.15995422022961336,0.1088483626631147,0.0065957855469480665,0.5635988521570474,0.6804969728642577,0.0007480224126557998,0.0015931836139712943,strong_rank2
AR-S4U,4,2,core,cubic_bspline,32,24,0.016671910852576098,0.02974258764940585,0.029527296615397425,0.016284727102635604,0.03390890527412977,0.0007744497016759271,0.02145992188442039,0.013002979387880424,0.007483657530586603,0.6086853574031234,0.6059192320415858,0.05955940393151448,0.14031609710393797,strong_rank2
AR-S4U,4,2,core,cubic_bspline,40,24,0.004256545624749464,0.02974258764940585,0.029726664958503464,0.004143823129442211,0.0300298649715694,0.0007737264282934759,0.02145992188442039,0.013002979387880424,0.007483657530586603,0.6086853574031234,0.6059192320415858,0.059503780265516414,0.14018505321826652,strong_rank2
AR-S4U,4,2,core,cubic_bspline,48,24,0.001393289027038324,0.02974258764940585,0.0297409042631029,0.0013568789987793925,0.02977352247719302,0.0007737252008534993,0.02145992188442039,0.013002979387880424,0.007483657530586603,0.6086853574031234,0.6059192320415858,0.05950368586869089,0.14018483082863092,strong_rank2
AR-S4U,4,2,core,discrete_identity,64,24,0.0,0.02974258764940585,0.02974258764940585,0.0,0.029742587649405856,0.0007737251659365185,0.02145992188442039,0.013002979387880424,0.007483657530586603,0.6086853574031234,0.6059192320415858,0.05950368318338472,0.14018482450231373,strong_rank2
AR-S4U,4,2,core,cubic_bspline,32,28,0.016671910852576098,0.014252956413351371,0.01396366288021774,0.016425277044473906,0.02174710308313769,0.0003712408617722882,0.02145992188442039,0.013002979387880424,0.007483657530586603,0.6086853574031234,0.6059192320415858,0.028550446070714185,0.0672620425789612,strong_rank2
AR-S4U,4,2,core,cubic_bspline,40,28,0.004256545624749464,0.014252956413351371,0.01423845649852847,0.004207737823958035,0.014861084217380012,0.00035988405864645557,0.02145992188442039,0.013002979387880424,0.007483657530586603,0.6086853574031234,0.6059192320415858,0.027677045999310715,0.06520439792270248,strong_rank2
AR-S4U,4,2,core,cubic_bspline,48,28,0.001393289027038324,0.014252956413351371,0.014251280038361493,0.0013760343468723303,0.014319226132883948,0.00035987821825770244,0.02145992188442039,0.013002979387880424,0.007483657530586603,0.6086853574031234,0.6059192320415858,0.02767659684157702,0.06520333975126327,strong_rank2
AR-S4U,4,2,core,discrete_identity,64,28,0.0,0.014252956413351371,0.014252956413351371,0.0,0.014252956413351371,0.00035987806194933455,0.02145992188442039,0.013002979387880424,0.007483657530586603,0.6086853574031234,0.6059192320415858,0.027676584820611423,0.06520331143105076,strong_rank2
AR-S4U,4,2,core,cubic_bspline,32,32,0.016671910852576098,0.006890586064121174,0.006756551433149874,0.01661696188952672,0.017988985484041195,0.0003096189178118654,0.02145992188442039,0.013002979387880424,0.007483657530586603,0.6086853574031234,0.6059192320415858,0.023811382651305998,0.05609727532064504,strong_rank2
AR-S4U,4,2,core,cubic_bspline,40,32,0.004256545624749464,0.006890586064121174,0.0068765198726755345,0.004233737108963476,0.00808731761555556,0.00016224070613800185,0.02145992188442039,0.013002979387880424,0.007483657530586603,0.6086853574031234,0.6059192320415858,0.012477194748860417,0.029395043509484714,strong_rank2
AR-S4U,4,2,core,cubic_bspline,48,32,0.001393289027038324,0.006890586064121174,0.006889891324645785,0.001389849082179014,0.007029356782686069,0.000162212568362085,0.02145992188442039,0.013002979387880424,0.007483657530586603,0.6086853574031234,0.6059192320415858,0.012475030800500775,0.029389945460006107,strong_rank2
AR-S4U,4,2,core,discrete_identity,64,32,0.0,0.006890586064121174,0.006890586064121174,0.0,0.006890586064121171,0.0001622122523998377,0.02145992188442039,0.013002979387880424,0.007483657530586603,0.6086853574031234,0.6059192320415858,0.012475006501281506,0.0293898882134357,strong_rank2
AR-S4U,4,2,fit,cubic_bspline,32,24,0.012720072734371509,0.016239416702624822,0.01612229697526613,0.012570205061369782,0.020536034430395218,0.0005709139165706839,0.027503262226724362,0.022059518608800753,0.0074523233836905406,0.6581544358486544,0.8020691664484065,0.025880615379472286,0.1048752396587784,strong_rank2
AR-S4U,4,2,fit,cubic_bspline,40,24,0.0032674510999480956,0.016239416702624822,0.01623067517003896,0.003223724294101541,0.016556299500971546,0.0005703556661015318,0.027503262226724362,0.022059518608800753,0.0074523233836905406,0.6581544358486544,0.8020691664484065,0.025855308822287065,0.1047726906578824,strong_rank2
AR-S4U,4,2,fit,cubic_bspline,48,24,0.0008320164099412468,0.016239416702624822,0.016238496198758785,0.0008138521131171414,0.01625979735739395,0.0005703544884922955,0.027503262226724362,0.022059518608800753,0.0074523233836905406,0.6581544358486544,0.8020691664484065,0.02585525543901714,0.10477247433446252,strong_rank2
AR-S4U,4,2,fit,discrete_identity,64,24,0.0,0.016239416702624822,0.016239416702624822,0.0,0.016239416702624826,0.0005703544626891224,0.027503262226724362,0.022059518608800753,0.0074523233836905406,0.6581544358486544,0.8020691664484065,0.02585525426931015,0.10477246959449406,strong_rank2
AR-S4U,4,2,fit,cubic_bspline,32,28,0.012720072734371509,0.007740212403875089,0.007582688503443415,0.01262483771186199,0.014808693909590904,0.00029420187943749197,0.027503262226724362,0.022059518608800753,0.0074523233836905406,0.6581544358486544,0.8020691664484065,0.01333673162387681,0.05404403662009868,strong_rank2
AR-S4U,4,2,fit,cubic_bspline,40,28,0.0032674510999480956,0.007740212403875089,0.007732325090390227,0.003248722816266152,0.008394348574727538,0.0002638969252704041,0.027503262226724362,0.022059518608800753,0.0074523233836905406,0.6581544358486544,0.8020691664484065,0.011962950323182535,0.048477103954991455,strong_rank2
AR-S4U,4,2,fit,cubic_bspline,48,28,0.0008320164099412468,0.007740212403875089,0.007739299614826253,0.0008234814978853775,0.007783894258946568,0.0002638912483791055,0.027503262226724362,0.022059518608800753,0.0074523233836905406,0.6581544358486544,0.8020691664484065,0.011962692978885985,0.048476061126435044,strong_rank2
AR-S4U,4,2,fit,discrete_identity,64,28,0.0,0.007740212403875089,0.007740212403875089,0.0,0.007740212403875091,0.00026389113169677885,0.027503262226724362,0.022059518608800753,0.0074523233836905406,0.6581544358486544,0.8020691664484065,0.011962687689453848,0.048476039692228204,strong_rank2
AR-S4U,4,2,fit,cubic_bspline,32,32,0.012720072734371509,0.003737400379879923,0.0036646750486539702,0.012698894911778814,0.013237450418412497,0.00028961110725355245,0.027503262226724362,0.022059518608800753,0.0074523233836905406,0.6581544358486544,0.8020691664484065,0.013128623175757366,0.05320072501210444,strong_rank2
AR-S4U,4,2,fit,cubic_bspline,40,32,0.0032674510999480956,0.003737400379879923,0.003729765643214209,0.0032587155206195133,0.004958567176498997,0.00011885239661198091,0.027503262226724362,0.022059518608800753,0.0074523233836905406,0.6581544358486544,0.8020691664484065,0.005387805541892657,0.02183284242495506,strong_rank2
AR-S4U,4,2,fit,cubic_bspline,48,32,0.0008320164099412468,0.003737400379879923,0.0037370232368383453,0.0008303206486380294,0.003828523733644768,0.00011881628320158913,0.027503262226724362,0.022059518608800753,0.0074523233836905406,0.6581544358486544,0.8020691664484065,0.005386168452206694,0.021826208495636108,strong_rank2
AR-S4U,4,2,fit,discrete_identity,64,32,0.0,0.003737400379879923,0.003737400379879923,0.0,0.00373740037987992,0.0001188160398244998,0.027503262226724362,0.022059518608800753,0.0074523233836905406,0.6581544358486544,0.8020691664484065,0.005386157419459623,0.021826163787966826,strong_rank2
