direction,fold,eigen_index,generalized_eigenvalue,null_space_df,stable_upper_df,stable_lower_df
sheet1_to_sheet2,0,0,0.0,1.0,485.2315116768782,1.0000001177848457
sheet1_to_sheet2,0,1,0.0,1.0,485.2315116768782,1.0000001177848457
sheet1_to_sheet2,0,2,0.0,1.0,485.2315116768782,1.0000001177848457
sheet1_to_sheet2,0,3,0.0,1.0,485.2315116768782,1.0000001177848457
sheet1_to_sheet2,0,4,0.0,1.0,485.2315116768782,1.0000001177848457
sheet1_to_sheet2,0,5,0.0,1.0,485.2315116768782,1.0000001177848457
sheet1_to_sheet2,0,6,0.0,1.0,485.2315116768782,1.0000001177848457
sheet1_to_sheet2,0,7,0.0,1.0,485.2315116768782,1.0000001177848457
sheet1_to_sheet2,0,8,0.0,1.0,485.2315116768782,1.0000001177848457
sheet1_to_sheet2,0,9,0.0,1.0,485.2315116768782,1.0000001177848457
sheet1_to_sheet2,0,10,0.0,1.0,485.2315116768782,1.0000001177848457
sheet1_to_sheet2,0,11,0.0,1.0,485.2315116768782,1.0000001177848457
sheet1_to_sheet2,0,12,0.0,1.0,485.2315116768782,1.0000001177848457
sheet1_to_sheet2,0,13,0.0,1.0,485.2315116768782,1.0000001177848457
sheet1_to_sheet2,0,14,0.0,1.0,485.2315116768782,1.0000001177848457
sheet1_to_sheet2,0,15,0.0,1.0,485.2315116768782,1.0000001177848457
sheet1_to_sheet2,0,16,0.0,1.0,485.2315116768782,1.0000001177848457
sheet1_to_sheet2,0,17,0.0,1.0,485.2315116768782,1.0000001177848457
sheet1_to_sheet2,0,18,0.0,1.0,485.2315116768782,1.0000001177848457
sheet1_to_sheet2,0,19,0.0,1.0,485.2315116768782,1.0000001177848457
sheet1_to_sheet2,0,20,0.0,1.0,485.2315116768782,1.0000001177848457
sheet1_to_sheet2,0,21,0.0,1.0,485.2315116768782,1.0000001177848457
sheet1_to_sheet2,0,22,0.0,1.0,485.2315116768782,1.0000001177848457
sheet1_to_sheet2,0,23,0.0,1.0,485.2315116768782,1.0000001177848457
sheet1_to_sheet2,0,24,0.0,1.0,485.2315116768782,1.0000001177848457
sheet1_to_sheet2,0,25,0.0,1.0,485.2315116768782,1.0000001177848457
sheet1_to_sheet2,0,26,0.0,1.0,485.2315116768782,1.0000001177848457
sheet1_to_sheet2,0,27,0.0,1.0,485.2315116768782,1.0000001177848457
sheet1_to_sheet2,0,28,0.0,1.0,485.2315116768782,1.0000001177848457
sheet1_to_sheet2,0,29,0.0,1.0,485.2315116768782,1.0000001177848457
sheet1_to_sheet2,0,30,0.0,1.0,485.2315116768782,1.0000001177848457
sheet1_to_sheet2,0,31,0.0,1.0,485.2315116768782,1.0000001177848457
sheet1_to_sheet2,0,32,0.0,1.0,485.2315116768782,1.0000001177848457
sheet1_to_sheet2,0,33,0.0,1.0,485.2315116768782,1.0000001177848457
sheet1_to_sheet2,0,34,0.0,1.0,485.2315116768782,1.0000001177848457
sheet1_to_sheet2,0,35,0.0,1.0,485.2315116768782,1.0000001177848457
sheet1_to_sheet2,0,36,0.0,1.0,485.2315116768782,1.0000001177848457
sheet1_to_sheet2,0,37,0.0,1.0,485.2315116768782,1.0000001177848457
sheet1_to_sheet2,0,38,0.0,1.0,485.2315116768782,1.0000001177848457
sheet1_to_sheet2,0,39,0.0,1.0,485.2315116768782,1.0000001177848457
sheet1_to_sheet2,0,40,0.0,1.0,485.2315116768782,1.0000001177848457
sheet1_to_sheet2,0,41,0.0,1.0,485.2315116768782,1.0000001177848457
sheet1_to_sheet2,0,42,0.0,1.0,485.2315116768782,1.0000001177848457
sheet1_to_sheet2,0,43,0.0,1.0,485.2315116768782,1.0000001177848457
sheet1_to_sheet2,0,44,0.0,1.0,485.2315116768782,1.0000001177848457
sheet1_to_sheet2,0,45,0.0,1.0,485.2315116768782,1.0000001177848457
sheet1_to_sheet2,0,46,0.0,1.0,485.2315116768782,1.0000001177848457
sheet1_to_sheet2,0,47,0.0,1.0,485.2315116768782,1.0000001177848457
sheet1_to_sheet2,0,48,0.0,1.0,485.2315116768782,1.0000001177848457
sheet1_to_sheet2,0,49,0.0,1.0,485.2315116768782,1.0000001177848457
sheet1_to_sheet2,0,50,0.0,1.0,485.2315116768782,1.0000001177848457
sheet1_to_sheet2,0,51,0.0,1.0,485.2315116768782,1.0000001177848457
sheet1_to_sheet2,0,52,0.0,1.0,485.2315116768782,1.0000001177848457
sheet1_to_sheet2,0,53,0.0,1.0,485.2315116768782,1.0000001177848457
sheet1_to_sheet2,0,54,0.0,1.0,485.2315116768782,1.0000001177848457
sheet1_to_sheet2,0,55,0.0,1.0,485.2315116768782,1.0000001177848457
sheet1_to_sheet2,0,56,0.0,1.0,485.2315116768782,1.0000001177848457
sheet1_to_sheet2,0,57,0.0,1.0,485.2315116768782,1.0000001177848457
sheet1_to_sheet2,0,58,0.0,1.0,485.2315116768782,1.0000001177848457
sheet1_to_sheet2,0,59,0.0,1.0,485.2315116768782,1.0000001177848457
sheet1_to_sheet2,0,60,0.0,1.0,485.2315116768782,1.0000001177848457
sheet1_to_sheet2,0,61,0.0,1.0,485.2315116768782,1.0000001177848457
sheet1_to_sheet2,0,62,0.0,1.0,485.2315116768782,1.0000001177848457
sheet1_to_sheet2,0,63,0.0,1.0,485.2315116768782,1.0000001177848457
sheet1_to_sheet2,0,64,0.0,1.0,485.2315116768782,1.0000001177848457
sheet1_to_sheet2,0,65,0.0,1.0,485.2315116768782,1.0000001177848457
sheet1_to_sheet2,0,66,0.0,1.0,485.2315116768782,1.0000001177848457
sheet1_to_sheet2,0,67,0.0,1.0,485.2315116768782,1.0000001177848457
sheet1_to_sheet2,0,68,0.0,1.0,485.2315116768782,1.0000001177848457
sheet1_to_sheet2,0,69,0.0,1.0,485.2315116768782,1.0000001177848457
sheet1_to_sheet2,0,70,0.0,1.0,485.2315116768782,1.0000001177848457
sheet1_to_sheet2,0,71,0.0,1.0,485.2315116768782,1.0000001177848457
sheet1_to_sheet2,0,72,0.0,1.0,485.2315116768782,1.0000001177848457
sheet1_to_sheet2,0,73,0.0,1.0,485.2315116768782,1.0000001177848457
sheet1_to_sheet2,0,74,0.0,1.0,485.2315116768782,1.0000001177848457
sheet1_to_sheet2,0,75,0.0,1.0,485.2315116768782,1.0000001177848457
sheet1_to_sheet2,0,76,0.0,1.0,485.2315116768782,1.0000001177848457
sheet1_to_sheet2,0,77,0.0,1.0,485.2315116768782,1.0000001177848457
sheet1_to_sheet2,0,78,0.0,1.0,485.2315116768782,1.0000001177848457
sheet1_to_sheet2,0,79,0.0,1.0,485.2315116768782,1.0000001177848457
sheet1_to_sheet2,0,80,0.0,1.0,485.2315116768782,1.0000001177848457
sheet1_to_sheet2,0,81,0.0,1.0,485.2315116768782,1.0000001177848457
sheet1_to_sheet2,0,82,0.0,1.0,485.2315116768782,1.0000001177848457
sheet1_to_sheet2,0,83,0.0,1.0,485.2315116768782,1.0000001177848457
sheet1_to_sheet2,0,84,0.0,1.0,485.2315116768782,1.0000001177848457
sheet1_to_sheet2,0,85,0.0,1.0,485.2315116768782,1.0000001177848457
sheet1_to_sheet2,0,86,0.0,1.0,485.2315116768782,1.0000001177848457
sheet1_to_sheet2,0,87,0.0,1.0,485.2315116768782,1.0000001177848457
sheet1_to_sheet2,0,88,0.0,1.0,485.2315116768782,1.0000001177848457
sheet1_to_sheet2,0,89,0.0,1.0,485.2315116768782,1.0000001177848457
sheet1_to_sheet2,0,90,0.0,1.0,485.2315116768782,1.0000001177848457
sheet1_to_sheet2,0,91,0.0,1.0,485.2315116768782,1.0000001177848457
sheet1_to_sheet2,0,92,0.0,1.0,485.2315116768782,1.0000001177848457
sheet1_to_sheet2,0,93,0.0,1.0,485.2315116768782,1.0000001177848457
sheet1_to_sheet2,0,94,0.0,1.0,485.2315116768782,1.0000001177848457
sheet1_to_sheet2,0,95,0.0,1.0,485.2315116768782,1.0000001177848457
sheet1_to_sheet2,0,96,0.0,1.0,485.2315116768782,1.0000001177848457
sheet1_to_sheet2,0,97,0.0,1.0,485.2315116768782,1.0000001177848457
sheet1_to_sheet2,0,98,0.0,1.0,485.2315116768782,1.0000001177848457
sheet1_to_sheet2,0,99,0.0,1.0,485.2315116768782,1.0000001177848457
sheet1_to_sheet2,0,100,0.0,1.0,485.2315116768782,1.0000001177848457
sheet1_to_sheet2,0,101,0.0,1.0,485.2315116768782,1.0000001177848457
sheet1_to_sheet2,0,102,0.0,1.0,485.2315116768782,1.0000001177848457
sheet1_to_sheet2,0,103,0.0,1.0,485.2315116768782,1.0000001177848457
sheet1_to_sheet2,0,104,0.0,1.0,485.2315116768782,1.0000001177848457
sheet1_to_sheet2,0,105,0.0,1.0,485.2315116768782,1.0000001177848457
sheet1_to_sheet2,0,106,0.0,1.0,485.2315116768782,1.0000001177848457
sheet1_to_sheet2,0,107,0.0,1.0,485.2315116768782,1.0000001177848457
sheet1_to_sheet2,0,108,0.0,1.0,485.2315116768782,1.0000001177848457
sheet1_to_sheet2,0,109,0.0,1.0,485.2315116768782,1.0000001177848457
sheet1_to_sheet2,0,110,0.0,1.0,485.2315116768782,1.0000001177848457
sheet1_to_sheet2,0,111,0.0,1.0,485.2315116768782,1.0000001177848457
sheet1_to_sheet2,0,112,0.0,1.0,485.2315116768782,1.0000001177848457
sheet1_to_sheet2,0,113,0.0,1.0,485.2315116768782,1.0000001177848457
sheet1_to_sheet2,0,114,0.0,1.0,485.2315116768782,1.0000001177848457
sheet1_to_sheet2,0,115,0.0,1.0,485.2315116768782,1.0000001177848457
sheet1_to_sheet2,0,116,0.0,1.0,485.2315116768782,1.0000001177848457
sheet1_to_sheet2,0,117,0.0,1.0,485.2315116768782,1.0000001177848457
sheet1_to_sheet2,0,118,0.0,1.0,485.2315116768782,1.0000001177848457
sheet1_to_sheet2,0,119,0.0,1.0,485.2315116768782,1.0000001177848457
sheet1_to_sheet2,0,120,0.0,1.0,485.2315116768782,1.0000001177848457
sheet1_to_sheet2,0,121,0.0,1.0,485.2315116768782,1.0000001177848457
sheet1_to_sheet2,0,122,0.0,1.0,485.2315116768782,1.0000001177848457
sheet1_to_sheet2,0,123,0.0,1.0,485.2315116768782,1.0000001177848457
sheet1_to_sheet2,0,124,0.0,1.0,485.2315116768782,1.0000001177848457
sheet1_to_sheet2,0,125,0.0,1.0,485.2315116768782,1.0000001177848457
sheet1_to_sheet2,0,126,0.0,1.0,485.2315116768782,1.0000001177848457
sheet1_to_sheet2,0,127,0.0,1.0,485.2315116768782,1.0000001177848457
sheet1_to_sheet2,0,128,0.0,1.0,485.2315116768782,1.0000001177848457
sheet1_to_sheet2,0,129,0.0,1.0,485.2315116768782,1.0000001177848457
sheet1_to_sheet2,0,130,0.0,1.0,485.2315116768782,1.0000001177848457
sheet1_to_sheet2,0,131,0.0,1.0,485.2315116768782,1.0000001177848457
sheet1_to_sheet2,0,132,0.0,1.0,485.2315116768782,1.0000001177848457
sheet1_to_sheet2,0,133,0.0,1.0,485.2315116768782,1.0000001177848457
sheet1_to_sheet2,0,134,0.0,1.0,485.2315116768782,1.0000001177848457
sheet1_to_sheet2,0,135,0.0,1.0,485.2315116768782,1.0000001177848457
sheet1_to_sheet2,0,136,0.0,1.0,485.2315116768782,1.0000001177848457
sheet1_to_sheet2,0,137,0.0,1.0,485.2315116768782,1.0000001177848457
sheet1_to_sheet2,0,138,0.0,1.0,485.2315116768782,1.0000001177848457
sheet1_to_sheet2,0,139,0.0,1.0,485.2315116768782,1.0000001177848457
sheet1_to_sheet2,0,140,0.0,1.0,485.2315116768782,1.0000001177848457
sheet1_to_sheet2,0,141,0.0,1.0,485.2315116768782,1.0000001177848457
sheet1_to_sheet2,0,142,0.0,1.0,485.2315116768782,1.0000001177848457
sheet1_to_sheet2,0,143,0.0,1.0,485.2315116768782,1.0000001177848457
sheet1_to_sheet2,0,144,0.0,1.0,485.2315116768782,1.0000001177848457
sheet1_to_sheet2,0,145,0.0,1.0,485.2315116768782,1.0000001177848457
sheet1_to_sheet2,0,146,0.0,1.0,485.2315116768782,1.0000001177848457
sheet1_to_sheet2,0,147,0.0,1.0,485.2315116768782,1.0000001177848457
sheet1_to_sheet2,0,148,0.0,1.0,485.2315116768782,1.0000001177848457
sheet1_to_sheet2,0,149,0.0,1.0,485.2315116768782,1.0000001177848457
sheet1_to_sheet2,0,150,0.0,1.0,485.2315116768782,1.0000001177848457
sheet1_to_sheet2,0,151,0.0,1.0,485.2315116768782,1.0000001177848457
sheet1_to_sheet2,0,152,0.0,1.0,485.2315116768782,1.0000001177848457
sheet1_to_sheet2,0,153,0.0,1.0,485.2315116768782,1.0000001177848457
sheet1_to_sheet2,0,154,0.0,1.0,485.2315116768782,1.0000001177848457
sheet1_to_sheet2,0,155,0.0,1.0,485.2315116768782,1.0000001177848457
sheet1_to_sheet2,0,156,0.0,1.0,485.2315116768782,1.0000001177848457
sheet1_to_sheet2,0,157,0.0,1.0,485.2315116768782,1.0000001177848457
sheet1_to_sheet2,0,158,0.0,1.0,485.2315116768782,1.0000001177848457
sheet1_to_sheet2,0,159,0.0,1.0,485.2315116768782,1.0000001177848457
sheet1_to_sheet2,0,160,0.0,1.0,485.2315116768782,1.0000001177848457
sheet1_to_sheet2,0,161,0.0,1.0,485.2315116768782,1.0000001177848457
sheet1_to_sheet2,0,162,0.0,1.0,485.2315116768782,1.0000001177848457
sheet1_to_sheet2,0,163,0.0,1.0,485.2315116768782,1.0000001177848457
sheet1_to_sheet2,0,164,0.0,1.0,485.2315116768782,1.0000001177848457
sheet1_to_sheet2,0,165,0.0,1.0,485.2315116768782,1.0000001177848457
sheet1_to_sheet2,0,166,0.0,1.0,485.2315116768782,1.0000001177848457
sheet1_to_sheet2,0,167,0.0,1.0,485.2315116768782,1.0000001177848457
sheet1_to_sheet2,0,168,0.0,1.0,485.2315116768782,1.0000001177848457
sheet1_to_sheet2,0,169,0.0,1.0,485.2315116768782,1.0000001177848457
sheet1_to_sheet2,0,170,0.0,1.0,485.2315116768782,1.0000001177848457
sheet1_to_sheet2,0,171,0.0,1.0,485.2315116768782,1.0000001177848457
sheet1_to_sheet2,0,172,0.0,1.0,485.2315116768782,1.0000001177848457
sheet1_to_sheet2,0,173,0.0,1.0,485.2315116768782,1.0000001177848457
sheet1_to_sheet2,0,174,0.0,1.0,485.2315116768782,1.0000001177848457
sheet1_to_sheet2,0,175,0.0,1.0,485.2315116768782,1.0000001177848457
sheet1_to_sheet2,0,176,0.0,1.0,485.2315116768782,1.0000001177848457
sheet1_to_sheet2,0,177,0.0,1.0,485.2315116768782,1.0000001177848457
sheet1_to_sheet2,0,178,0.0,1.0,485.2315116768782,1.0000001177848457
sheet1_to_sheet2,0,179,0.0,1.0,485.2315116768782,1.0000001177848457
sheet1_to_sheet2,0,180,0.0,1.0,485.2315116768782,1.0000001177848457
sheet1_to_sheet2,0,181,0.0,1.0,485.2315116768782,1.0000001177848457
sheet1_to_sheet2,0,182,0.0,1.0,485.2315116768782,1.0000001177848457
sheet1_to_sheet2,0,183,9.665704835399788e-08,1.0,485.2315116768782,1.0000001177848457
sheet1_to_sheet2,0,184,9.927055508616705e-08,1.0,485.2315116768782,1.0000001177848457
sheet1_to_sheet2,0,185,1.1192235194718173e-07,1.0,485.2315116768782,1.0000001177848457
sheet1_to_sheet2,0,186,1.2610652440887575e-07,1.0,485.2315116768782,1.0000001177848457
sheet1_to_sheet2,0,187,1.2656936992167875e-07,1.0,485.2315116768782,1.0000001177848457
sheet1_to_sheet2,0,188,1.3881115314265047e-07,1.0,485.2315116768782,1.0000001177848457
sheet1_to_sheet2,0,189,1.43048168152837e-07,1.0,485.2315116768782,1.0000001177848457
sheet1_to_sheet2,0,190,1.5804789874618575e-07,1.0,485.2315116768782,1.0000001177848457
sheet1_to_sheet2,0,191,1.5990476813507818e-07,1.0,485.2315116768782,1.0000001177848457
sheet1_to_sheet2,0,192,1.691398281417305e-07,1.0,485.2315116768782,1.0000001177848457
sheet1_to_sheet2,0,193,1.7874689318504987e-07,1.0,485.2315116768782,1.0000001177848457
sheet1_to_sheet2,0,194,1.8528655823022233e-07,1.0,485.2315116768782,1.0000001177848457
sheet1_to_sheet2,0,195,1.9236701377688405e-07,1.0,485.2315116768782,1.0000001177848457
sheet1_to_sheet2,0,196,2.0307674095334423e-07,1.0,485.2315116768782,1.0000001177848457
sheet1_to_sheet2,0,197,2.1044890234782923e-07,1.0,485.2315116768782,1.0000001177848457
sheet1_to_sheet2,0,198,2.2273696985646713e-07,1.0,485.2315116768782,1.0000001177848457
sheet1_to_sheet2,0,199,2.4608016753641184e-07,1.0,485.2315116768782,1.0000001177848457
sheet1_to_sheet2,0,200,2.5217933184179334e-07,1.0,485.2315116768782,1.0000001177848457
sheet1_to_sheet2,0,201,2.6165051385559573e-07,1.0,485.2315116768782,1.0000001177848457
sheet1_to_sheet2,0,202,2.8475335919976707e-07,1.0,485.2315116768782,1.0000001177848457
sheet1_to_sheet2,0,203,2.9434525580453956e-07,1.0,485.2315116768782,1.0000001177848457
sheet1_to_sheet2,0,204,3.192138505777363e-07,1.0,485.2315116768782,1.0000001177848457
sheet1_to_sheet2,0,205,3.370438538344207e-07,1.0,485.2315116768782,1.0000001177848457
sheet1_to_sheet2,0,206,3.4568712348053424e-07,1.0,485.2315116768782,1.0000001177848457
sheet1_to_sheet2,0,207,3.5822344496708006e-07,1.0,485.2315116768782,1.0000001177848457
sheet1_to_sheet2,0,208,3.653253644298881e-07,1.0,485.2315116768782,1.0000001177848457
sheet1_to_sheet2,0,209,3.7461490628306216e-07,1.0,485.2315116768782,1.0000001177848457
sheet1_to_sheet2,0,210,4.065120956313284e-07,1.0,485.2315116768782,1.0000001177848457
sheet1_to_sheet2,0,211,4.2549933079682867e-07,1.0,485.2315116768782,1.0000001177848457
sheet1_to_sheet2,0,212,4.402759222228689e-07,1.0,485.2315116768782,1.0000001177848457
sheet1_to_sheet2,0,213,4.77585432380916e-07,1.0,485.2315116768782,1.0000001177848457
sheet1_to_sheet2,0,214,4.871690905915773e-07,1.0,485.2315116768782,1.0000001177848457
sheet1_to_sheet2,0,215,5.034100275310258e-07,1.0,485.2315116768782,1.0000001177848457
sheet1_to_sheet2,0,216,5.596775617440782e-07,1.0,485.2315116768782,1.0000001177848457
sheet1_to_sheet2,0,217,5.87317819123519e-07,1.0,485.2315116768782,1.0000001177848457
sheet1_to_sheet2,0,218,5.987260427939008e-07,1.0,485.2315116768782,1.0000001177848457
sheet1_to_sheet2,0,219,6.383153291679062e-07,1.0,485.2315116768782,1.0000001177848457
sheet1_to_sheet2,0,220,6.560613094878891e-07,1.0,485.2315116768782,1.0000001177848457
sheet1_to_sheet2,0,221,7.39413781212051e-07,1.0,485.2315116768782,1.0000001177848457
sheet1_to_sheet2,0,222,7.534142595798653e-07,1.0,485.2315116768782,1.0000001177848457
sheet1_to_sheet2,0,223,7.726812795800615e-07,1.0,485.2315116768782,1.0000001177848457
sheet1_to_sheet2,0,224,8.087451150802437e-07,1.0,485.2315116768782,1.0000001177848457
sheet1_to_sheet2,0,225,8.68405119641876e-07,1.0,485.2315116768782,1.0000001177848457
sheet1_to_sheet2,0,226,8.833564904571198e-07,1.0,485.2315116768782,1.0000001177848457
sheet1_to_sheet2,0,227,9.051280876210703e-07,1.0,485.2315116768782,1.0000001177848457
sheet1_to_sheet2,0,228,9.79911819118322e-07,1.0,485.2315116768782,1.0000001177848457
sheet1_to_sheet2,0,229,9.899471751937274e-07,1.0,485.2315116768782,1.0000001177848457
sheet1_to_sheet2,0,230,1.0656370984196435e-06,1.0,485.2315116768782,1.0000001177848457
sheet1_to_sheet2,0,231,1.0841842968440352e-06,1.0,485.2315116768782,1.0000001177848457
sheet1_to_sheet2,0,232,1.1501301404435715e-06,1.0,485.2315116768782,1.0000001177848457
sheet1_to_sheet2,0,233,1.238396252314921e-06,1.0,485.2315116768782,1.0000001177848457
sheet1_to_sheet2,0,234,1.2678348955939914e-06,1.0,485.2315116768782,1.0000001177848457
sheet1_to_sheet2,0,235,1.3692038923125241e-06,1.0,485.2315116768782,1.0000001177848457
sheet1_to_sheet2,0,236,1.4511722204441906e-06,1.0,485.2315116768782,1.0000001177848457
sheet1_to_sheet2,0,237,1.458989438942234e-06,1.0,485.2315116768782,1.0000001177848457
sheet1_to_sheet2,0,238,1.5536809452527477e-06,1.0,485.2315116768782,1.0000001177848457
sheet1_to_sheet2,0,239,1.5846483126850067e-06,1.0,485.2315116768782,1.0000001177848457
sheet1_to_sheet2,0,240,1.7429549297582776e-06,1.0,485.2315116768782,1.0000001177848457
sheet1_to_sheet2,0,241,1.7873810408546572e-06,1.0,485.2315116768782,1.0000001177848457
sheet1_to_sheet2,0,242,1.8326407486900388e-06,1.0,485.2315116768782,1.0000001177848457
sheet1_to_sheet2,0,243,1.932007597965713e-06,1.0,485.2315116768782,1.0000001177848457
sheet1_to_sheet2,0,244,2.0105975237143498e-06,1.0,485.2315116768782,1.0000001177848457
sheet1_to_sheet2,0,245,2.0468644097431327e-06,1.0,485.2315116768782,1.0000001177848457
sheet1_to_sheet2,0,246,2.1886485168952e-06,1.0,485.2315116768782,1.0000001177848457
sheet1_to_sheet2,0,247,2.268348102877557e-06,1.0,485.2315116768782,1.0000001177848457
sheet1_to_sheet2,0,248,2.40013410392801e-06,1.0,485.2315116768782,1.0000001177848457
sheet1_to_sheet2,0,249,2.529865031173624e-06,1.0,485.2315116768782,1.0000001177848457
sheet1_to_sheet2,0,250,2.715380189266017e-06,1.0,485.2315116768782,1.0000001177848457
sheet1_to_sheet2,0,251,2.792597589880851e-06,1.0,485.2315116768782,1.0000001177848457
sheet1_to_sheet2,0,252,2.9672803790062774e-06,1.0,485.2315116768782,1.0000001177848457
sheet1_to_sheet2,0,253,3.053407517460169e-06,1.0,485.2315116768782,1.0000001177848457
sheet1_to_sheet2,0,254,3.1571355232427766e-06,1.0,485.2315116768782,1.0000001177848457
sheet1_to_sheet2,0,255,3.318734625434828e-06,1.0,485.2315116768782,1.0000001177848457
sheet1_to_sheet2,0,256,3.4739982039817947e-06,1.0,485.2315116768782,1.0000001177848457
sheet1_to_sheet2,0,257,3.7617467789990787e-06,1.0,485.2315116768782,1.0000001177848457
sheet1_to_sheet2,0,258,3.920184766398769e-06,1.0,485.2315116768782,1.0000001177848457
sheet1_to_sheet2,0,259,4.006255945934913e-06,1.0,485.2315116768782,1.0000001177848457
sheet1_to_sheet2,0,260,4.140075683679326e-06,1.0,485.2315116768782,1.0000001177848457
sheet1_to_sheet2,0,261,4.219657071319608e-06,1.0,485.2315116768782,1.0000001177848457
sheet1_to_sheet2,0,262,4.471929186335407e-06,1.0,485.2315116768782,1.0000001177848457
sheet1_to_sheet2,0,263,4.708088305944845e-06,1.0,485.2315116768782,1.0000001177848457
sheet1_to_sheet2,0,264,4.754118601176463e-06,1.0,485.2315116768782,1.0000001177848457
sheet1_to_sheet2,0,265,4.972066304185112e-06,1.0,485.2315116768782,1.0000001177848457
sheet1_to_sheet2,0,266,5.0535718261889725e-06,1.0,485.2315116768782,1.0000001177848457
sheet1_to_sheet2,0,267,5.308980204131504e-06,1.0,485.2315116768782,1.0000001177848457
sheet1_to_sheet2,0,268,5.6014178893472524e-06,1.0,485.2315116768782,1.0000001177848457
sheet1_to_sheet2,0,269,5.8866672803293686e-06,1.0,485.2315116768782,1.0000001177848457
sheet1_to_sheet2,0,270,6.280885586470883e-06,1.0,485.2315116768782,1.0000001177848457
sheet1_to_sheet2,0,271,6.485566773325725e-06,1.0,485.2315116768782,1.0000001177848457
sheet1_to_sheet2,0,272,7.132820682747326e-06,1.0,485.2315116768782,1.0000001177848457
sheet1_to_sheet2,0,273,7.194516813226617e-06,1.0,485.2315116768782,1.0000001177848457
sheet1_to_sheet2,0,274,7.506308673204903e-06,1.0,485.2315116768782,1.0000001177848457
sheet1_to_sheet2,0,275,7.945503371639617e-06,1.0,485.2315116768782,1.0000001177848457
sheet1_to_sheet2,0,276,8.179654042410862e-06,1.0,485.2315116768782,1.0000001177848457
sheet1_to_sheet2,0,277,8.374833195195287e-06,1.0,485.2315116768782,1.0000001177848457
sheet1_to_sheet2,0,278,9.350936025221808e-06,1.0,485.2315116768782,1.0000001177848457
sheet1_to_sheet2,0,279,9.519826684014644e-06,1.0,485.2315116768782,1.0000001177848457
sheet1_to_sheet2,0,280,9.87001425142859e-06,1.0,485.2315116768782,1.0000001177848457
sheet1_to_sheet2,0,281,1.0017542692145627e-05,1.0,485.2315116768782,1.0000001177848457
sheet1_to_sheet2,0,282,1.0273482659974652e-05,1.0,485.2315116768782,1.0000001177848457
sheet1_to_sheet2,0,283,1.0502565403578856e-05,1.0,485.2315116768782,1.0000001177848457
sheet1_to_sheet2,0,284,1.0862884676366422e-05,1.0,485.2315116768782,1.0000001177848457
sheet1_to_sheet2,0,285,1.1224769544660964e-05,1.0,485.2315116768782,1.0000001177848457
sheet1_to_sheet2,0,286,1.1529769446746487e-05,1.0,485.2315116768782,1.0000001177848457
sheet1_to_sheet2,0,287,1.1867290114372108e-05,1.0,485.2315116768782,1.0000001177848457
sheet1_to_sheet2,0,288,1.211932531128669e-05,1.0,485.2315116768782,1.0000001177848457
sheet1_to_sheet2,0,289,1.2651341584479045e-05,1.0,485.2315116768782,1.0000001177848457
sheet1_to_sheet2,0,290,1.2980463027416931e-05,1.0,485.2315116768782,1.0000001177848457
sheet1_to_sheet2,0,291,1.4129636599939045e-05,1.0,485.2315116768782,1.0000001177848457
sheet1_to_sheet2,0,292,1.431048989590325e-05,1.0,485.2315116768782,1.0000001177848457
sheet1_to_sheet2,0,293,1.4856399243284028e-05,1.0,485.2315116768782,1.0000001177848457
sheet1_to_sheet2,0,294,1.535595818702512e-05,1.0,485.2315116768782,1.0000001177848457
sheet1_to_sheet2,0,295,1.5575960792469303e-05,1.0,485.2315116768782,1.0000001177848457
sheet1_to_sheet2,0,296,1.595220022160773e-05,1.0,485.2315116768782,1.0000001177848457
sheet1_to_sheet2,0,297,1.6369138355350616e-05,1.0,485.2315116768782,1.0000001177848457
sheet1_to_sheet2,0,298,1.7659864635158957e-05,1.0,485.2315116768782,1.0000001177848457
sheet1_to_sheet2,0,299,1.789890716686208e-05,1.0,485.2315116768782,1.0000001177848457
sheet1_to_sheet2,0,300,1.8543052790295967e-05,1.0,485.2315116768782,1.0000001177848457
sheet1_to_sheet2,0,301,1.8747615770564437e-05,1.0,485.2315116768782,1.0000001177848457
sheet1_to_sheet2,0,302,1.93534010405081e-05,1.0,485.2315116768782,1.0000001177848457
sheet1_to_sheet2,0,303,1.99098153742101e-05,1.0,485.2315116768782,1.0000001177848457
sheet1_to_sheet2,0,304,2.0671785125330698e-05,1.0,485.2315116768782,1.0000001177848457
sheet1_to_sheet2,0,305,2.143765308581366e-05,1.0,485.2315116768782,1.0000001177848457
sheet1_to_sheet2,0,306,2.219021327970832e-05,1.0,485.2315116768782,1.0000001177848457
sheet1_to_sheet2,0,307,2.2589863453714432e-05,1.0,485.2315116768782,1.0000001177848457
sheet1_to_sheet2,0,308,2.344074891860238e-05,1.0,485.2315116768782,1.0000001177848457
sheet1_to_sheet2,0,309,2.4067865391470203e-05,1.0,485.2315116768782,1.0000001177848457
sheet1_to_sheet2,0,310,2.4665219124151107e-05,1.0,485.2315116768782,1.0000001177848457
sheet1_to_sheet2,0,311,2.5544785926428194e-05,1.0,485.2315116768782,1.0000001177848457
sheet1_to_sheet2,0,312,2.613727450878239e-05,1.0,485.2315116768782,1.0000001177848457
sheet1_to_sheet2,0,313,2.7358248123414438e-05,1.0,485.2315116768782,1.0000001177848457
sheet1_to_sheet2,0,314,2.7967762906374774e-05,1.0,485.2315116768782,1.0000001177848457
sheet1_to_sheet2,0,315,2.835177442567937e-05,1.0,485.2315116768782,1.0000001177848457
sheet1_to_sheet2,0,316,2.94965554652687e-05,1.0,485.2315116768782,1.0000001177848457
sheet1_to_sheet2,0,317,3.046085150281838e-05,1.0,485.2315116768782,1.0000001177848457
sheet1_to_sheet2,0,318,3.1486429890525273e-05,1.0,485.2315116768782,1.0000001177848457
sheet1_to_sheet2,0,319,3.272617180588282e-05,1.0,485.2315116768782,1.0000001177848457
sheet1_to_sheet2,0,320,3.373133625563702e-05,1.0,485.2315116768782,1.0000001177848457
sheet1_to_sheet2,0,321,3.44852624835771e-05,1.0,485.2315116768782,1.0000001177848457
sheet1_to_sheet2,0,322,3.590606478787345e-05,1.0,485.2315116768782,1.0000001177848457
sheet1_to_sheet2,0,323,3.639228341148806e-05,1.0,485.2315116768782,1.0000001177848457
sheet1_to_sheet2,0,324,3.733081983730089e-05,1.0,485.2315116768782,1.0000001177848457
sheet1_to_sheet2,0,325,3.9239261342622424e-05,1.0,485.2315116768782,1.0000001177848457
sheet1_to_sheet2,0,326,3.990963591973791e-05,1.0,485.2315116768782,1.0000001177848457
sheet1_to_sheet2,0,327,4.081708954255919e-05,1.0,485.2315116768782,1.0000001177848457
sheet1_to_sheet2,0,328,4.178104737705992e-05,1.0,485.2315116768782,1.0000001177848457
sheet1_to_sheet2,0,329,4.3886471918304916e-05,1.0,485.2315116768782,1.0000001177848457
sheet1_to_sheet2,0,330,4.482059746384691e-05,1.0,485.2315116768782,1.0000001177848457
sheet1_to_sheet2,0,331,4.6304419028799244e-05,1.0,485.2315116768782,1.0000001177848457
sheet1_to_sheet2,0,332,4.803684030106523e-05,1.0,485.2315116768782,1.0000001177848457
sheet1_to_sheet2,0,333,4.8875433434195194e-05,1.0,485.2315116768782,1.0000001177848457
sheet1_to_sheet2,0,334,5.127228052879557e-05,1.0,485.2315116768782,1.0000001177848457
sheet1_to_sheet2,0,335,5.349787292995715e-05,1.0,485.2315116768782,1.0000001177848457
sheet1_to_sheet2,0,336,5.3843308881127225e-05,1.0,485.2315116768782,1.0000001177848457
sheet1_to_sheet2,0,337,5.538461597730738e-05,1.0,485.2315116768782,1.0000001177848457
sheet1_to_sheet2,0,338,5.783687511659167e-05,1.0,485.2315116768782,1.0000001177848457
sheet1_to_sheet2,0,339,5.965430545031442e-05,1.0,485.2315116768782,1.0000001177848457
sheet1_to_sheet2,0,340,6.0086624334026705e-05,1.0,485.2315116768782,1.0000001177848457
sheet1_to_sheet2,0,341,6.106796292533188e-05,1.0,485.2315116768782,1.0000001177848457
sheet1_to_sheet2,0,342,6.132792404726838e-05,1.0,485.2315116768782,1.0000001177848457
sheet1_to_sheet2,0,343,6.53060348517113e-05,1.0,485.2315116768782,1.0000001177848457
sheet1_to_sheet2,0,344,6.56079992263857e-05,1.0,485.2315116768782,1.0000001177848457
sheet1_to_sheet2,0,345,6.825756792291615e-05,1.0,485.2315116768782,1.0000001177848457
sheet1_to_sheet2,0,346,6.849106097140736e-05,1.0,485.2315116768782,1.0000001177848457
sheet1_to_sheet2,0,347,7.114506955880518e-05,1.0,485.2315116768782,1.0000001177848457
sheet1_to_sheet2,0,348,7.517698466119024e-05,1.0,485.2315116768782,1.0000001177848457
sheet1_to_sheet2,0,349,7.775024399831711e-05,1.0,485.2315116768782,1.0000001177848457
sheet1_to_sheet2,0,350,8.016013531142173e-05,1.0,485.2315116768782,1.0000001177848457
sheet1_to_sheet2,0,351,8.379866062341625e-05,1.0,485.2315116768782,1.0000001177848457
sheet1_to_sheet2,0,352,8.685367291081053e-05,1.0,485.2315116768782,1.0000001177848457
sheet1_to_sheet2,0,353,9.080424643264596e-05,1.0,485.2315116768782,1.0000001177848457
sheet1_to_sheet2,0,354,9.456639974068038e-05,1.0,485.2315116768782,1.0000001177848457
sheet1_to_sheet2,0,355,9.70345169468678e-05,1.0,485.2315116768782,1.0000001177848457
sheet1_to_sheet2,0,356,0.0001001860888176579,1.0,485.2315116768782,1.0000001177848457
sheet1_to_sheet2,0,357,0.00010265882172203451,1.0,485.2315116768782,1.0000001177848457
sheet1_to_sheet2,0,358,0.00010473715182872979,1.0,485.2315116768782,1.0000001177848457
sheet1_to_sheet2,0,359,0.00010821042546880413,1.0,485.2315116768782,1.0000001177848457
sheet1_to_sheet2,0,360,0.00011235748639084071,1.0,485.2315116768782,1.0000001177848457
sheet1_to_sheet2,0,361,0.00011501400367008762,1.0,485.2315116768782,1.0000001177848457
sheet1_to_sheet2,0,362,0.00011887851356429032,1.0,485.2315116768782,1.0000001177848457
sheet1_to_sheet2,0,363,0.00012101943504363287,1.0,485.2315116768782,1.0000001177848457
sheet1_to_sheet2,0,364,0.00012387371027979533,1.0,485.2315116768782,1.0000001177848457
sheet1_to_sheet2,0,365,0.00013067217428114212,1.0,485.2315116768782,1.0000001177848457
sheet1_to_sheet2,0,366,0.00013259362733621298,1.0,485.2315116768782,1.0000001177848457
sheet1_to_sheet2,0,367,0.00013747980890427793,1.0,485.2315116768782,1.0000001177848457
sheet1_to_sheet2,0,368,0.00013873360421193668,1.0,485.2315116768782,1.0000001177848457
sheet1_to_sheet2,0,369,0.00014104199722513445,1.0,485.2315116768782,1.0000001177848457
sheet1_to_sheet2,0,370,0.00014700845698928828,1.0,485.2315116768782,1.0000001177848457
sheet1_to_sheet2,0,371,0.00015307997132135457,1.0,485.2315116768782,1.0000001177848457
sheet1_to_sheet2,0,372,0.00015514256741193603,1.0,485.2315116768782,1.0000001177848457
sheet1_to_sheet2,0,373,0.00016365659112861866,1.0,485.2315116768782,1.0000001177848457
sheet1_to_sheet2,0,374,0.00016550293471813754,1.0,485.2315116768782,1.0000001177848457
sheet1_to_sheet2,0,375,0.00017590371665196703,1.0,485.2315116768782,1.0000001177848457
sheet1_to_sheet2,0,376,0.0001778881011345745,1.0,485.2315116768782,1.0000001177848457
sheet1_to_sheet2,0,377,0.00018273715408674736,1.0,485.2315116768782,1.0000001177848457
sheet1_to_sheet2,0,378,0.0001872558123625772,1.0,485.2315116768782,1.0000001177848457
sheet1_to_sheet2,0,379,0.00018959167316874324,1.0,485.2315116768782,1.0000001177848457
sheet1_to_sheet2,0,380,0.0001945674222258897,1.0,485.2315116768782,1.0000001177848457
sheet1_to_sheet2,0,381,0.0001996544470648959,1.0,485.2315116768782,1.0000001177848457
sheet1_to_sheet2,0,382,0.00021142436066081018,1.0,485.2315116768782,1.0000001177848457
sheet1_to_sheet2,0,383,0.0002149813172307062,1.0,485.2315116768782,1.0000001177848457
sheet1_to_sheet2,0,384,0.0002195250263363455,1.0,485.2315116768782,1.0000001177848457
sheet1_to_sheet2,0,385,0.00022833000753456103,1.0,485.2315116768782,1.0000001177848457
sheet1_to_sheet2,0,386,0.00023489751839058003,1.0,485.2315116768782,1.0000001177848457
sheet1_to_sheet2,0,387,0.00023976020610734237,1.0,485.2315116768782,1.0000001177848457
sheet1_to_sheet2,0,388,0.00024947909985849386,1.0,485.2315116768782,1.0000001177848457
sheet1_to_sheet2,0,389,0.0002637576438894256,1.0,485.2315116768782,1.0000001177848457
sheet1_to_sheet2,0,390,0.0002732992404404266,1.0,485.2315116768782,1.0000001177848457
sheet1_to_sheet2,0,391,0.000279255155416106,1.0,485.2315116768782,1.0000001177848457
sheet1_to_sheet2,0,392,0.00028502540499507177,1.0,485.2315116768782,1.0000001177848457
sheet1_to_sheet2,0,393,0.0003006149487427146,1.0,485.2315116768782,1.0000001177848457
sheet1_to_sheet2,0,394,0.0003059213239472471,1.0,485.2315116768782,1.0000001177848457
sheet1_to_sheet2,0,395,0.0003228985746392163,1.0,485.2315116768782,1.0000001177848457
sheet1_to_sheet2,0,396,0.00032583526940589474,1.0,485.2315116768782,1.0000001177848457
sheet1_to_sheet2,0,397,0.0003288832184686872,1.0,485.2315116768782,1.0000001177848457
sheet1_to_sheet2,0,398,0.0003354419368996313,1.0,485.2315116768782,1.0000001177848457
sheet1_to_sheet2,0,399,0.0003443141667212564,1.0,485.2315116768782,1.0000001177848457
sheet1_to_sheet2,0,400,0.00034717540949777463,1.0,485.2315116768782,1.0000001177848457
sheet1_to_sheet2,0,401,0.0003718963094110676,1.0,485.2315116768782,1.0000001177848457
sheet1_to_sheet2,0,402,0.0003774486021145928,1.0,485.2315116768782,1.0000001177848457
sheet1_to_sheet2,0,403,0.00038213108700209,1.0,485.2315116768782,1.0000001177848457
sheet1_to_sheet2,0,404,0.00040068952413068544,1.0,485.2315116768782,1.0000001177848457
sheet1_to_sheet2,0,405,0.000410888939956918,1.0,485.2315116768782,1.0000001177848457
sheet1_to_sheet2,0,406,0.00042002608721352166,1.0,485.2315116768782,1.0000001177848457
sheet1_to_sheet2,0,407,0.00043829924483109616,1.0,485.2315116768782,1.0000001177848457
sheet1_to_sheet2,0,408,0.00044054412529938086,1.0,485.2315116768782,1.0000001177848457
sheet1_to_sheet2,0,409,0.00046191605660561043,1.0,485.2315116768782,1.0000001177848457
sheet1_to_sheet2,0,410,0.0004734050507998414,1.0,485.2315116768782,1.0000001177848457
sheet1_to_sheet2,0,411,0.000499313743593251,1.0,485.2315116768782,1.0000001177848457
sheet1_to_sheet2,0,412,0.000505903665882172,1.0,485.2315116768782,1.0000001177848457
sheet1_to_sheet2,0,413,0.0005118317156616887,1.0,485.2315116768782,1.0000001177848457
sheet1_to_sheet2,0,414,0.0005209557766015319,1.0,485.2315116768782,1.0000001177848457
sheet1_to_sheet2,0,415,0.0005375449360416144,1.0,485.2315116768782,1.0000001177848457
sheet1_to_sheet2,0,416,0.0005474956666171512,1.0,485.2315116768782,1.0000001177848457
sheet1_to_sheet2,0,417,0.0005601107069095112,1.0,485.2315116768782,1.0000001177848457
sheet1_to_sheet2,0,418,0.0005755899422351807,1.0,485.2315116768782,1.0000001177848457
sheet1_to_sheet2,0,419,0.0005996171647066115,1.0,485.2315116768782,1.0000001177848457
sheet1_to_sheet2,0,420,0.0006051014840395477,1.0,485.2315116768782,1.0000001177848457
sheet1_to_sheet2,0,421,0.0006131363284295015,1.0,485.2315116768782,1.0000001177848457
sheet1_to_sheet2,0,422,0.0006433517193191897,1.0,485.2315116768782,1.0000001177848457
sheet1_to_sheet2,0,423,0.0006482036039421666,1.0,485.2315116768782,1.0000001177848457
sheet1_to_sheet2,0,424,0.0006551820427532478,1.0,485.2315116768782,1.0000001177848457
sheet1_to_sheet2,0,425,0.000676596817291178,1.0,485.2315116768782,1.0000001177848457
sheet1_to_sheet2,0,426,0.0006869998930254064,1.0,485.2315116768782,1.0000001177848457
sheet1_to_sheet2,0,427,0.0006918696363019351,1.0,485.2315116768782,1.0000001177848457
sheet1_to_sheet2,0,428,0.0007147337241444522,1.0,485.2315116768782,1.0000001177848457
sheet1_to_sheet2,0,429,0.0007257662014569064,1.0,485.2315116768782,1.0000001177848457
sheet1_to_sheet2,0,430,0.0007578436800673581,1.0,485.2315116768782,1.0000001177848457
sheet1_to_sheet2,0,431,0.0007747583055848756,1.0,485.2315116768782,1.0000001177848457
sheet1_to_sheet2,0,432,0.000784535926173627,1.0,485.2315116768782,1.0000001177848457
sheet1_to_sheet2,0,433,0.0007876080061343644,1.0,485.2315116768782,1.0000001177848457
sheet1_to_sheet2,0,434,0.0007975589174173967,1.0,485.2315116768782,1.0000001177848457
sheet1_to_sheet2,0,435,0.0008261429341352529,1.0,485.2315116768782,1.0000001177848457
sheet1_to_sheet2,0,436,0.0008553799260841922,1.0,485.2315116768782,1.0000001177848457
sheet1_to_sheet2,0,437,0.0009047544932314776,1.0,485.2315116768782,1.0000001177848457
sheet1_to_sheet2,0,438,0.0009402914645067955,1.0,485.2315116768782,1.0000001177848457
sheet1_to_sheet2,0,439,0.0009476997715100621,1.0,485.2315116768782,1.0000001177848457
sheet1_to_sheet2,0,440,0.0009531968831584492,1.0,485.2315116768782,1.0000001177848457
sheet1_to_sheet2,0,441,0.0009854370596362142,1.0,485.2315116768782,1.0000001177848457
sheet1_to_sheet2,0,442,0.001010488148282946,1.0,485.2315116768782,1.0000001177848457
sheet1_to_sheet2,0,443,0.0010250982743765806,1.0,485.2315116768782,1.0000001177848457
sheet1_to_sheet2,0,444,0.0010422742010147718,1.0,485.2315116768782,1.0000001177848457
sheet1_to_sheet2,0,445,0.0010581613761473688,1.0,485.2315116768782,1.0000001177848457
sheet1_to_sheet2,0,446,0.0010703260661981075,1.0,485.2315116768782,1.0000001177848457
sheet1_to_sheet2,0,447,0.0011051479262082814,1.0,485.2315116768782,1.0000001177848457
sheet1_to_sheet2,0,448,0.0011244215187171116,1.0,485.2315116768782,1.0000001177848457
sheet1_to_sheet2,0,449,0.001153040335945437,1.0,485.2315116768782,1.0000001177848457
sheet1_to_sheet2,0,450,0.0012060997099949617,1.0,485.2315116768782,1.0000001177848457
sheet1_to_sheet2,0,451,0.0012245325656443755,1.0,485.2315116768782,1.0000001177848457
sheet1_to_sheet2,0,452,0.0012672531125561461,1.0,485.2315116768782,1.0000001177848457
sheet1_to_sheet2,0,453,0.0013050000917011989,1.0,485.2315116768782,1.0000001177848457
sheet1_to_sheet2,0,454,0.0013275079541288026,1.0,485.2315116768782,1.0000001177848457
sheet1_to_sheet2,0,455,0.0013364287471416283,1.0,485.2315116768782,1.0000001177848457
sheet1_to_sheet2,0,456,0.001373500117225608,1.0,485.2315116768782,1.0000001177848457
sheet1_to_sheet2,0,457,0.0014388975307284245,1.0,485.2315116768782,1.0000001177848457
sheet1_to_sheet2,0,458,0.0014968122742406314,1.0,485.2315116768782,1.0000001177848457
sheet1_to_sheet2,0,459,0.0015148869813907955,1.0,485.2315116768782,1.0000001177848457
sheet1_to_sheet2,0,460,0.0015517015729976105,1.0,485.2315116768782,1.0000001177848457
sheet1_to_sheet2,0,461,0.001586248106961488,1.0,485.2315116768782,1.0000001177848457
sheet1_to_sheet2,0,462,0.0016484125120607607,1.0,485.2315116768782,1.0000001177848457
sheet1_to_sheet2,0,463,0.0017012301160546598,1.0,485.2315116768782,1.0000001177848457
sheet1_to_sheet2,0,464,0.0017276230948893672,1.0,485.2315116768782,1.0000001177848457
sheet1_to_sheet2,0,465,0.0017309749989852517,1.0,485.2315116768782,1.0000001177848457
sheet1_to_sheet2,0,466,0.0017790149095075621,1.0,485.2315116768782,1.0000001177848457
sheet1_to_sheet2,0,467,0.0018427283350394125,1.0,485.2315116768782,1.0000001177848457
sheet1_to_sheet2,0,468,0.0018934853979171021,1.0,485.2315116768782,1.0000001177848457
sheet1_to_sheet2,0,469,0.0019593235552738757,1.0,485.2315116768782,1.0000001177848457
sheet1_to_sheet2,0,470,0.0019691358562932116,1.0,485.2315116768782,1.0000001177848457
sheet1_to_sheet2,0,471,0.001986996438889353,1.0,485.2315116768782,1.0000001177848457
sheet1_to_sheet2,0,472,0.002056223782218002,1.0,485.2315116768782,1.0000001177848457
sheet1_to_sheet2,0,473,0.0021290576778370553,1.0,485.2315116768782,1.0000001177848457
sheet1_to_sheet2,0,474,0.0021752447009084444,1.0,485.2315116768782,1.0000001177848457
sheet1_to_sheet2,0,475,0.0022149851061817605,1.0,485.2315116768782,1.0000001177848457
sheet1_to_sheet2,0,476,0.002288295123378774,1.0,485.2315116768782,1.0000001177848457
sheet1_to_sheet2,0,477,0.0023680726258398705,1.0,485.2315116768782,1.0000001177848457
sheet1_to_sheet2,0,478,0.002386683603644808,1.0,485.2315116768782,1.0000001177848457
sheet1_to_sheet2,0,479,0.0024443321380285083,1.0,485.2315116768782,1.0000001177848457
sheet1_to_sheet2,0,480,0.0025159897396209844,1.0,485.2315116768782,1.0000001177848457
sheet1_to_sheet2,0,481,0.0025815381063045454,1.0,485.2315116768782,1.0000001177848457
sheet1_to_sheet2,0,482,0.002615257338963047,1.0,485.2315116768782,1.0000001177848457
sheet1_to_sheet2,0,483,0.002673021029115568,1.0,485.2315116768782,1.0000001177848457
sheet1_to_sheet2,0,484,0.002709758869149182,1.0,485.2315116768782,1.0000001177848457
sheet1_to_sheet2,0,485,0.002796426253148064,1.0,485.2315116768782,1.0000001177848457
sheet1_to_sheet2,0,486,0.002812468490148727,1.0,485.2315116768782,1.0000001177848457
sheet1_to_sheet2,0,487,0.0028657494583170947,1.0,485.2315116768782,1.0000001177848457
sheet1_to_sheet2,0,488,0.0029495174673510537,1.0,485.2315116768782,1.0000001177848457
sheet1_to_sheet2,0,489,0.0029917951848221023,1.0,485.2315116768782,1.0000001177848457
sheet1_to_sheet2,0,490,0.0030179220372104237,1.0,485.2315116768782,1.0000001177848457
sheet1_to_sheet2,0,491,0.003121592846717569,1.0,485.2315116768782,1.0000001177848457
sheet1_to_sheet2,0,492,0.003208460665678634,1.0,485.2315116768782,1.0000001177848457
sheet1_to_sheet2,0,493,0.0032238261779386646,1.0,485.2315116768782,1.0000001177848457
sheet1_to_sheet2,0,494,0.003263455977764823,1.0,485.2315116768782,1.0000001177848457
sheet1_to_sheet2,0,495,0.003364684829542483,1.0,485.2315116768782,1.0000001177848457
sheet1_to_sheet2,0,496,0.003409444521152854,1.0,485.2315116768782,1.0000001177848457
sheet1_to_sheet2,0,497,0.0034203495124491092,1.0,485.2315116768782,1.0000001177848457
sheet1_to_sheet2,0,498,0.0034383018575203923,1.0,485.2315116768782,1.0000001177848457
sheet1_to_sheet2,0,499,0.003594747437140433,1.0,485.2315116768782,1.0000001177848457
sheet1_to_sheet2,0,500,0.00363177792497389,1.0,485.2315116768782,1.0000001177848457
sheet1_to_sheet2,0,501,0.003665879736609518,1.0,485.2315116768782,1.0000001177848457
sheet1_to_sheet2,0,502,0.003767598532321344,1.0,485.2315116768782,1.0000001177848457
sheet1_to_sheet2,0,503,0.0038765194232398973,1.0,485.2315116768782,1.0000001177848457
sheet1_to_sheet2,0,504,0.004004419162020797,1.0,485.2315116768782,1.0000001177848457
sheet1_to_sheet2,0,505,0.004083471362985396,1.0,485.2315116768782,1.0000001177848457
sheet1_to_sheet2,0,506,0.004255022656050088,1.0,485.2315116768782,1.0000001177848457
sheet1_to_sheet2,0,507,0.00433797916832116,1.0,485.2315116768782,1.0000001177848457
sheet1_to_sheet2,0,508,0.004385482344222317,1.0,485.2315116768782,1.0000001177848457
sheet1_to_sheet2,0,509,0.0045768419673305385,1.0,485.2315116768782,1.0000001177848457
sheet1_to_sheet2,0,510,0.0046288717271810356,1.0,485.2315116768782,1.0000001177848457
sheet1_to_sheet2,0,511,0.004790909815420235,1.0,485.2315116768782,1.0000001177848457
sheet1_to_sheet2,0,512,0.004857554286056255,1.0,485.2315116768782,1.0000001177848457
sheet1_to_sheet2,0,513,0.004993492113293032,1.0,485.2315116768782,1.0000001177848457
sheet1_to_sheet2,0,514,0.0050664161695913625,1.0,485.2315116768782,1.0000001177848457
sheet1_to_sheet2,0,515,0.005157377665874742,1.0,485.2315116768782,1.0000001177848457
sheet1_to_sheet2,0,516,0.005341804550598469,1.0,485.2315116768782,1.0000001177848457
sheet1_to_sheet2,0,517,0.0053798050340142425,1.0,485.2315116768782,1.0000001177848457
sheet1_to_sheet2,0,518,0.005536568411733982,1.0,485.2315116768782,1.0000001177848457
sheet1_to_sheet2,0,519,0.005577807705757258,1.0,485.2315116768782,1.0000001177848457
sheet1_to_sheet2,0,520,0.005620603960473637,1.0,485.2315116768782,1.0000001177848457
sheet1_to_sheet2,0,521,0.006026555443478222,1.0,485.2315116768782,1.0000001177848457
sheet1_to_sheet2,0,522,0.0062011848136524364,1.0,485.2315116768782,1.0000001177848457
sheet1_to_sheet2,0,523,0.0062572397633330855,1.0,485.2315116768782,1.0000001177848457
sheet1_to_sheet2,0,524,0.006347370793323948,1.0,485.2315116768782,1.0000001177848457
sheet1_to_sheet2,0,525,0.006435709940403985,1.0,485.2315116768782,1.0000001177848457
sheet1_to_sheet2,0,526,0.006620814297082518,1.0,485.2315116768782,1.0000001177848457
sheet1_to_sheet2,0,527,0.006743716549362828,1.0,485.2315116768782,1.0000001177848457
sheet1_to_sheet2,0,528,0.006991916085349631,1.0,485.2315116768782,1.0000001177848457
sheet1_to_sheet2,0,529,0.0071422410788382976,1.0,485.2315116768782,1.0000001177848457
sheet1_to_sheet2,0,530,0.007169961626102659,1.0,485.2315116768782,1.0000001177848457
sheet1_to_sheet2,0,531,0.007263103304973068,1.0,485.2315116768782,1.0000001177848457
sheet1_to_sheet2,0,532,0.007389773027578519,1.0,485.2315116768782,1.0000001177848457
sheet1_to_sheet2,0,533,0.007714321276009381,1.0,485.2315116768782,1.0000001177848457
sheet1_to_sheet2,0,534,0.007783410644565031,1.0,485.2315116768782,1.0000001177848457
sheet1_to_sheet2,0,535,0.007960375853234312,1.0,485.2315116768782,1.0000001177848457
sheet1_to_sheet2,0,536,0.008257989833124748,1.0,485.2315116768782,1.0000001177848457
sheet1_to_sheet2,0,537,0.008503091199776202,1.0,485.2315116768782,1.0000001177848457
sheet1_to_sheet2,0,538,0.008776941345063122,1.0,485.2315116768782,1.0000001177848457
sheet1_to_sheet2,0,539,0.008838246707465566,1.0,485.2315116768782,1.0000001177848457
sheet1_to_sheet2,0,540,0.00915199332777571,1.0,485.2315116768782,1.0000001177848457
sheet1_to_sheet2,0,541,0.009211458959548648,1.0,485.2315116768782,1.0000001177848457
sheet1_to_sheet2,0,542,0.009559178620195858,1.0,485.2315116768782,1.0000001177848457
sheet1_to_sheet2,0,543,0.009651492372296677,1.0,485.2315116768782,1.0000001177848457
sheet1_to_sheet2,0,544,0.009878581531833804,1.0,485.2315116768782,1.0000001177848457
sheet1_to_sheet2,0,545,0.0103282354892768,1.0,485.2315116768782,1.0000001177848457
sheet1_to_sheet2,0,546,0.010360742400815985,1.0,485.2315116768782,1.0000001177848457
sheet1_to_sheet2,0,547,0.010573924945960583,1.0,485.2315116768782,1.0000001177848457
sheet1_to_sheet2,0,548,0.010887678340180056,1.0,485.2315116768782,1.0000001177848457
sheet1_to_sheet2,0,549,0.01112959452241569,1.0,485.2315116768782,1.0000001177848457
sheet1_to_sheet2,0,550,0.01124293203964028,1.0,485.2315116768782,1.0000001177848457
sheet1_to_sheet2,0,551,0.011610343306468629,1.0,485.2315116768782,1.0000001177848457
sheet1_to_sheet2,0,552,0.012036517147117518,1.0,485.2315116768782,1.0000001177848457
sheet1_to_sheet2,0,553,0.012445174304067415,1.0,485.2315116768782,1.0000001177848457
sheet1_to_sheet2,0,554,0.01255702387474418,1.0,485.2315116768782,1.0000001177848457
sheet1_to_sheet2,0,555,0.01278173684543253,1.0,485.2315116768782,1.0000001177848457
sheet1_to_sheet2,0,556,0.013263477080410301,1.0,485.2315116768782,1.0000001177848457
sheet1_to_sheet2,0,557,0.013517832787970837,1.0,485.2315116768782,1.0000001177848457
sheet1_to_sheet2,0,558,0.013639498728647382,1.0,485.2315116768782,1.0000001177848457
sheet1_to_sheet2,0,559,0.013764577537915835,1.0,485.2315116768782,1.0000001177848457
sheet1_to_sheet2,0,560,0.014196891803294823,1.0,485.2315116768782,1.0000001177848457
sheet1_to_sheet2,0,561,0.014808532747806993,1.0,485.2315116768782,1.0000001177848457
sheet1_to_sheet2,0,562,0.014889144345210815,1.0,485.2315116768782,1.0000001177848457
sheet1_to_sheet2,0,563,0.015410795449795345,1.0,485.2315116768782,1.0000001177848457
sheet1_to_sheet2,0,564,0.015940518678355258,1.0,485.2315116768782,1.0000001177848457
sheet1_to_sheet2,0,565,0.01649749277351848,1.0,485.2315116768782,1.0000001177848457
sheet1_to_sheet2,0,566,0.016830471840340477,1.0,485.2315116768782,1.0000001177848457
sheet1_to_sheet2,0,567,0.016941512594445988,1.0,485.2315116768782,1.0000001177848457
sheet1_to_sheet2,0,568,0.017292989575318562,1.0,485.2315116768782,1.0000001177848457
sheet1_to_sheet2,0,569,0.01788427908045015,1.0,485.2315116768782,1.0000001177848457
sheet1_to_sheet2,0,570,0.018025546413654,1.0,485.2315116768782,1.0000001177848457
sheet1_to_sheet2,0,571,0.018554169121350016,1.0,485.2315116768782,1.0000001177848457
sheet1_to_sheet2,0,572,0.019355905599851262,1.0,485.2315116768782,1.0000001177848457
sheet1_to_sheet2,0,573,0.019990816119660637,1.0,485.2315116768782,1.0000001177848457
sheet1_to_sheet2,0,574,0.020446770329363182,1.0,485.2315116768782,1.0000001177848457
sheet1_to_sheet2,0,575,0.02068850610496534,1.0,485.2315116768782,1.0000001177848457
sheet1_to_sheet2,0,576,0.021176185779599784,1.0,485.2315116768782,1.0000001177848457
sheet1_to_sheet2,0,577,0.021744751634007145,1.0,485.2315116768782,1.0000001177848457
sheet1_to_sheet2,0,578,0.02210467598193303,1.0,485.2315116768782,1.0000001177848457
sheet1_to_sheet2,0,579,0.02250435285056833,1.0,485.2315116768782,1.0000001177848457
sheet1_to_sheet2,0,580,0.023289398486620143,1.0,485.2315116768782,1.0000001177848457
sheet1_to_sheet2,0,581,0.02420511009192599,1.0,485.2315116768782,1.0000001177848457
sheet1_to_sheet2,0,582,0.025144506700257623,1.0,485.2315116768782,1.0000001177848457
sheet1_to_sheet2,0,583,0.025230704970212264,1.0,485.2315116768782,1.0000001177848457
sheet1_to_sheet2,0,584,0.026330859293527464,1.0,485.2315116768782,1.0000001177848457
sheet1_to_sheet2,0,585,0.026470114304423177,1.0,485.2315116768782,1.0000001177848457
sheet1_to_sheet2,0,586,0.028317617786038772,1.0,485.2315116768782,1.0000001177848457
sheet1_to_sheet2,0,587,0.02868822343081215,1.0,485.2315116768782,1.0000001177848457
sheet1_to_sheet2,0,588,0.030237161654935885,1.0,485.2315116768782,1.0000001177848457
sheet1_to_sheet2,0,589,0.03045358974806882,1.0,485.2315116768782,1.0000001177848457
sheet1_to_sheet2,0,590,0.031583875553362534,1.0,485.2315116768782,1.0000001177848457
sheet1_to_sheet2,0,591,0.03274365891153311,1.0,485.2315116768782,1.0000001177848457
sheet1_to_sheet2,0,592,0.032889896248347476,1.0,485.2315116768782,1.0000001177848457
sheet1_to_sheet2,0,593,0.0331713832903775,1.0,485.2315116768782,1.0000001177848457
sheet1_to_sheet2,0,594,0.034803514799768044,1.0,485.2315116768782,1.0000001177848457
sheet1_to_sheet2,0,595,0.03620847351786806,1.0,485.2315116768782,1.0000001177848457
sheet1_to_sheet2,0,596,0.03674108169227633,1.0,485.2315116768782,1.0000001177848457
sheet1_to_sheet2,0,597,0.03795232693060669,1.0,485.2315116768782,1.0000001177848457
sheet1_to_sheet2,0,598,0.03819068404380646,1.0,485.2315116768782,1.0000001177848457
sheet1_to_sheet2,0,599,0.04042160919662443,1.0,485.2315116768782,1.0000001177848457
sheet1_to_sheet2,0,600,0.04114226779891915,1.0,485.2315116768782,1.0000001177848457
sheet1_to_sheet2,0,601,0.04163392563663668,1.0,485.2315116768782,1.0000001177848457
sheet1_to_sheet2,0,602,0.04295265610884225,1.0,485.2315116768782,1.0000001177848457
sheet1_to_sheet2,0,603,0.04498329350452224,1.0,485.2315116768782,1.0000001177848457
sheet1_to_sheet2,0,604,0.04547521219526085,1.0,485.2315116768782,1.0000001177848457
sheet1_to_sheet2,0,605,0.04801821005251341,1.0,485.2315116768782,1.0000001177848457
sheet1_to_sheet2,0,606,0.04964167071544852,1.0,485.2315116768782,1.0000001177848457
sheet1_to_sheet2,0,607,0.050115204104541664,1.0,485.2315116768782,1.0000001177848457
sheet1_to_sheet2,0,608,0.052117868210201396,1.0,485.2315116768782,1.0000001177848457
sheet1_to_sheet2,0,609,0.05354801070994117,1.0,485.2315116768782,1.0000001177848457
sheet1_to_sheet2,0,610,0.056018077120661786,1.0,485.2315116768782,1.0000001177848457
sheet1_to_sheet2,0,611,0.057155284510277994,1.0,485.2315116768782,1.0000001177848457
sheet1_to_sheet2,0,612,0.05915672561190015,1.0,485.2315116768782,1.0000001177848457
sheet1_to_sheet2,0,613,0.06076474058348972,1.0,485.2315116768782,1.0000001177848457
sheet1_to_sheet2,0,614,0.0632291243504454,1.0,485.2315116768782,1.0000001177848457
sheet1_to_sheet2,0,615,0.06441759007110284,1.0,485.2315116768782,1.0000001177848457
sheet1_to_sheet2,0,616,0.0652855414040371,1.0,485.2315116768782,1.0000001177848457
sheet1_to_sheet2,0,617,0.06826402980448117,1.0,485.2315116768782,1.0000001177848457
sheet1_to_sheet2,0,618,0.06988029418282542,1.0,485.2315116768782,1.0000001177848457
sheet1_to_sheet2,0,619,0.07223696431037843,1.0,485.2315116768782,1.0000001177848457
sheet1_to_sheet2,0,620,0.07414070287682906,1.0,485.2315116768782,1.0000001177848457
sheet1_to_sheet2,0,621,0.07571143903255434,1.0,485.2315116768782,1.0000001177848457
sheet1_to_sheet2,0,622,0.07691422754005708,1.0,485.2315116768782,1.0000001177848457
sheet1_to_sheet2,0,623,0.08254452707991528,1.0,485.2315116768782,1.0000001177848457
sheet1_to_sheet2,0,624,0.08625983866653392,1.0,485.2315116768782,1.0000001177848457
sheet1_to_sheet2,0,625,0.08988335262063585,1.0,485.2315116768782,1.0000001177848457
sheet1_to_sheet2,0,626,0.09123183412877359,1.0,485.2315116768782,1.0000001177848457
sheet1_to_sheet2,0,627,0.09553323001323821,1.0,485.2315116768782,1.0000001177848457
sheet1_to_sheet2,0,628,0.09969283664869541,1.0,485.2315116768782,1.0000001177848457
sheet1_to_sheet2,0,629,0.10027259839519102,1.0,485.2315116768782,1.0000001177848457
sheet1_to_sheet2,0,630,0.10323469771595206,1.0,485.2315116768782,1.0000001177848457
sheet1_to_sheet2,0,631,0.10902391768682249,1.0,485.2315116768782,1.0000001177848457
sheet1_to_sheet2,0,632,0.111948865140444,1.0,485.2315116768782,1.0000001177848457
sheet1_to_sheet2,0,633,0.11277503364321044,1.0,485.2315116768782,1.0000001177848457
sheet1_to_sheet2,0,634,0.11861157470241572,1.0,485.2315116768782,1.0000001177848457
sheet1_to_sheet2,0,635,0.12329243853863335,1.0,485.2315116768782,1.0000001177848457
sheet1_to_sheet2,0,636,0.1253354648070142,1.0,485.2315116768782,1.0000001177848457
sheet1_to_sheet2,0,637,0.1310526100763569,1.0,485.2315116768782,1.0000001177848457
sheet1_to_sheet2,0,638,0.13379524657274922,1.0,485.2315116768782,1.0000001177848457
sheet1_to_sheet2,0,639,0.138174694390839,1.0,485.2315116768782,1.0000001177848457
sheet1_to_sheet2,0,640,0.14327138763131936,1.0,485.2315116768782,1.0000001177848457
sheet1_to_sheet2,0,641,0.1479618578697956,1.0,485.2315116768782,1.0000001177848457
sheet1_to_sheet2,0,642,0.15447533738735653,1.0,485.2315116768782,1.0000001177848457
sheet1_to_sheet2,0,643,0.15712712242202054,1.0,485.2315116768782,1.0000001177848457
sheet1_to_sheet2,0,644,0.16391065009883848,1.0,485.2315116768782,1.0000001177848457
sheet1_to_sheet2,0,645,0.1646434212204204,1.0,485.2315116768782,1.0000001177848457
sheet1_to_sheet2,0,646,0.1695564086735518,1.0,485.2315116768782,1.0000001177848457
sheet1_to_sheet2,0,647,0.18115118695280316,1.0,485.2315116768782,1.0000001177848457
sheet1_to_sheet2,0,648,0.1843401360193353,1.0,485.2315116768782,1.0000001177848457
sheet1_to_sheet2,0,649,0.19280765417508133,1.0,485.2315116768782,1.0000001177848457
sheet1_to_sheet2,0,650,0.19886208626615198,1.0,485.2315116768782,1.0000001177848457
sheet1_to_sheet2,0,651,0.2032748808445664,1.0,485.2315116768782,1.0000001177848457
sheet1_to_sheet2,0,652,0.22181454303392095,1.0,485.2315116768782,1.0000001177848457
sheet1_to_sheet2,0,653,0.23034400447639514,1.0,485.2315116768782,1.0000001177848457
sheet1_to_sheet2,0,654,0.23425384664306997,1.0,485.2315116768782,1.0000001177848457
sheet1_to_sheet2,0,655,0.24500737798116198,1.0,485.2315116768782,1.0000001177848457
sheet1_to_sheet2,0,656,0.25986541370164634,1.0,485.2315116768782,1.0000001177848457
sheet1_to_sheet2,0,657,0.26557918003851305,1.0,485.2315116768782,1.0000001177848457
sheet1_to_sheet2,0,658,0.28282019561047417,1.0,485.2315116768782,1.0000001177848457
sheet1_to_sheet2,0,659,0.28656263958283934,1.0,485.2315116768782,1.0000001177848457
sheet1_to_sheet2,0,660,0.294519268872912,1.0,485.2315116768782,1.0000001177848457
sheet1_to_sheet2,0,661,0.3103522926447327,1.0,485.2315116768782,1.0000001177848457
sheet1_to_sheet2,0,662,0.32923013135252693,1.0,485.2315116768782,1.0000001177848457
sheet1_to_sheet2,0,663,0.3366737087460352,1.0,485.2315116768782,1.0000001177848457
sheet1_to_sheet2,0,664,0.3422422524626411,1.0,485.2315116768782,1.0000001177848457
sheet1_to_sheet2,0,665,0.3641108418495122,1.0,485.2315116768782,1.0000001177848457
sheet1_to_sheet2,0,666,0.39591226891021775,1.0,485.2315116768782,1.0000001177848457
sheet1_to_sheet2,0,667,0.4088471160051621,1.0,485.2315116768782,1.0000001177848457
sheet1_to_sheet2,0,668,0.4631026430467158,1.0,485.2315116768782,1.0000001177848457
sheet1_to_sheet2,0,669,0.47399575398395766,1.0,485.2315116768782,1.0000001177848457
sheet1_to_sheet2,0,670,0.4955534159096376,1.0,485.2315116768782,1.0000001177848457
sheet1_to_sheet2,0,671,0.5136609663407452,1.0,485.2315116768782,1.0000001177848457
sheet1_to_sheet2,0,672,0.5283427448647513,1.0,485.2315116768782,1.0000001177848457
sheet1_to_sheet2,0,673,0.5444340781318271,1.0,485.2315116768782,1.0000001177848457
sheet1_to_sheet2,0,674,0.5589399182235986,1.0,485.2315116768782,1.0000001177848457
sheet1_to_sheet2,0,675,0.5736327704972609,1.0,485.2315116768782,1.0000001177848457
sheet1_to_sheet2,0,676,0.6087066846889279,1.0,485.2315116768782,1.0000001177848457
sheet1_to_sheet2,0,677,0.6201327331835985,1.0,485.2315116768782,1.0000001177848457
sheet1_to_sheet2,0,678,0.6267652544621996,1.0,485.2315116768782,1.0000001177848457
sheet1_to_sheet2,0,679,0.6838139880480992,1.0,485.2315116768782,1.0000001177848457
sheet1_to_sheet2,0,680,0.6872443166506929,1.0,485.2315116768782,1.0000001177848457
sheet1_to_sheet2,0,681,0.6993362100872194,1.0,485.2315116768782,1.0000001177848457
sheet1_to_sheet2,0,682,0.751790828188285,1.0,485.2315116768782,1.0000001177848457
sheet1_to_sheet2,0,683,0.7927006400016057,1.0,485.2315116768782,1.0000001177848457
sheet1_to_sheet2,0,684,0.8910030198839006,1.0,485.2315116768782,1.0000001177848457
sheet1_to_sheet2,0,685,0.9500446107451977,1.0,485.2315116768782,1.0000001177848457
sheet1_to_sheet2,0,686,0.9922405229145416,1.0,485.2315116768782,1.0000001177848457
sheet1_to_sheet2,0,687,1.0819151150666522,1.0,485.2315116768782,1.0000001177848457
sheet1_to_sheet2,0,688,1.1007276962752983,1.0,485.2315116768782,1.0000001177848457
sheet1_to_sheet2,0,689,1.1614970178736375,1.0,485.2315116768782,1.0000001177848457
sheet1_to_sheet2,0,690,1.2122718861064172,1.0,485.2315116768782,1.0000001177848457
sheet1_to_sheet2,0,691,1.2604967387178978,1.0,485.2315116768782,1.0000001177848457
sheet1_to_sheet2,0,692,1.3436566499547287,1.0,485.2315116768782,1.0000001177848457
sheet1_to_sheet2,0,693,1.3990126468835407,1.0,485.2315116768782,1.0000001177848457
sheet1_to_sheet2,0,694,1.4130876482178802,1.0,485.2315116768782,1.0000001177848457
sheet1_to_sheet2,0,695,1.529840226416392,1.0,485.2315116768782,1.0000001177848457
sheet1_to_sheet2,0,696,1.5908645310931306,1.0,485.2315116768782,1.0000001177848457
sheet1_to_sheet2,0,697,1.6294911037101487,1.0,485.2315116768782,1.0000001177848457
sheet1_to_sheet2,0,698,1.6847516760266221,1.0,485.2315116768782,1.0000001177848457
sheet1_to_sheet2,0,699,1.8110412163284004,1.0,485.2315116768782,1.0000001177848457
sheet1_to_sheet2,0,700,1.842049700775111,1.0,485.2315116768782,1.0000001177848457
sheet1_to_sheet2,0,701,1.9529531380385718,1.0,485.2315116768782,1.0000001177848457
sheet1_to_sheet2,0,702,1.9924398862969075,1.0,485.2315116768782,1.0000001177848457
sheet1_to_sheet2,0,703,2.133328307186485,1.0,485.2315116768782,1.0000001177848457
sheet1_to_sheet2,0,704,2.2881614789352565,1.0,485.2315116768782,1.0000001177848457
sheet1_to_sheet2,0,705,2.3759439218395997,1.0,485.2315116768782,1.0000001177848457
sheet1_to_sheet2,0,706,2.5294526527888785,1.0,485.2315116768782,1.0000001177848457
sheet1_to_sheet2,0,707,2.6902645196289248,1.0,485.2315116768782,1.0000001177848457
sheet1_to_sheet2,0,708,2.778773130149876,1.0,485.2315116768782,1.0000001177848457
sheet1_to_sheet2,0,709,3.096132143686213,1.0,485.2315116768782,1.0000001177848457
sheet1_to_sheet2,0,710,3.1793373614822436,1.0,485.2315116768782,1.0000001177848457
sheet1_to_sheet2,0,711,3.3114481303353447,1.0,485.2315116768782,1.0000001177848457
sheet1_to_sheet2,0,712,3.5306385731616654,1.0,485.2315116768782,1.0000001177848457
sheet1_to_sheet2,0,713,3.691833606350286,1.0,485.2315116768782,1.0000001177848457
sheet1_to_sheet2,0,714,4.183663443326327,1.0,485.2315116768782,1.0000001177848457
sheet1_to_sheet2,0,715,4.388129046478388,1.0,485.2315116768782,1.0000001177848457
sheet1_to_sheet2,0,716,4.597957174769925,1.0,485.2315116768782,1.0000001177848457
sheet1_to_sheet2,0,717,4.6905898333272615,1.0,485.2315116768782,1.0000001177848457
sheet1_to_sheet2,0,718,5.068557042001871,1.0,485.2315116768782,1.0000001177848457
sheet1_to_sheet2,0,719,5.392993464807754,1.0,485.2315116768782,1.0000001177848457
sheet1_to_sheet2,0,720,5.698757715377516,1.0,485.2315116768782,1.0000001177848457
sheet1_to_sheet2,0,721,6.014285710916084,1.0,485.2315116768782,1.0000001177848457
sheet1_to_sheet2,0,722,6.23607270186005,1.0,485.2315116768782,1.0000001177848457
sheet1_to_sheet2,0,723,6.661629670037181,1.0,485.2315116768782,1.0000001177848457
sheet1_to_sheet2,0,724,7.217722281124475,1.0,485.2315116768782,1.0000001177848457
sheet1_to_sheet2,0,725,7.3787780135594,1.0,485.2315116768782,1.0000001177848457
sheet1_to_sheet2,0,726,8.16900761775347,1.0,485.2315116768782,1.0000001177848457
sheet1_to_sheet2,0,727,8.457890176504776,1.0,485.2315116768782,1.0000001177848457
sheet1_to_sheet2,0,728,9.673368490520346,1.0,485.2315116768782,1.0000001177848457
sheet1_to_sheet2,0,729,10.376481056622808,1.0,485.2315116768782,1.0000001177848457
sheet1_to_sheet2,0,730,11.234994307620918,1.0,485.2315116768782,1.0000001177848457
sheet1_to_sheet2,0,731,11.816603019659018,1.0,485.2315116768782,1.0000001177848457
sheet1_to_sheet2,0,732,12.797279955375885,1.0,485.2315116768782,1.0000001177848457
sheet1_to_sheet2,0,733,13.761968651347374,1.0,485.2315116768782,1.0000001177848457
sheet1_to_sheet2,0,734,14.474416095947417,1.0,485.2315116768782,1.0000001177848457
sheet1_to_sheet2,0,735,15.688018084276637,1.0,485.2315116768782,1.0000001177848457
sheet1_to_sheet2,0,736,17.359982015511605,1.0,485.2315116768782,1.0000001177848457
sheet1_to_sheet2,0,737,17.88942894058122,1.0,485.2315116768782,1.0000001177848457
sheet1_to_sheet2,0,738,18.62720113897498,1.0,485.2315116768782,1.0000001177848457
sheet1_to_sheet2,0,739,21.72386636155589,1.0,485.2315116768782,1.0000001177848457
sheet1_to_sheet2,0,740,23.181791113034038,1.0,485.2315116768782,1.0000001177848457
sheet1_to_sheet2,0,741,24.973197663710216,1.0,485.2315116768782,1.0000001177848457
sheet1_to_sheet2,0,742,27.686171102563325,1.0,485.2315116768782,1.0000001177848457
sheet1_to_sheet2,0,743,31.166544790870454,1.0,485.2315116768782,1.0000001177848457
sheet1_to_sheet2,0,744,36.14789417399442,1.0,485.2315116768782,1.0000001177848457
sheet1_to_sheet2,0,745,41.995322684364275,1.0,485.2315116768782,1.0000001177848457
sheet1_to_sheet2,0,746,44.28658168951496,1.0,485.2315116768782,1.0000001177848457
sheet1_to_sheet2,0,747,46.260142075652645,1.0,485.2315116768782,1.0000001177848457
sheet1_to_sheet2,0,748,48.486602327353886,1.0,485.2315116768782,1.0000001177848457
sheet1_to_sheet2,0,749,51.588145386786,1.0,485.2315116768782,1.0000001177848457
sheet1_to_sheet2,0,750,57.17833416256249,1.0,485.2315116768782,1.0000001177848457
sheet1_to_sheet2,0,751,64.7287706508583,1.0,485.2315116768782,1.0000001177848457
sheet1_to_sheet2,0,752,69.66946089661046,1.0,485.2315116768782,1.0000001177848457
sheet1_to_sheet2,0,753,73.24816188354124,1.0,485.2315116768782,1.0000001177848457
sheet1_to_sheet2,0,754,79.02601997875661,1.0,485.2315116768782,1.0000001177848457
sheet1_to_sheet2,0,755,84.26553898282701,1.0,485.2315116768782,1.0000001177848457
sheet1_to_sheet2,0,756,104.9492740638744,1.0,485.2315116768782,1.0000001177848457
sheet1_to_sheet2,0,757,112.22383291921432,1.0,485.2315116768782,1.0000001177848457
sheet1_to_sheet2,0,758,121.49822835599625,1.0,485.2315116768782,1.0000001177848457
sheet1_to_sheet2,0,759,141.53977830260715,1.0,485.2315116768782,1.0000001177848457
sheet1_to_sheet2,0,760,141.7892912437692,1.0,485.2315116768782,1.0000001177848457
sheet1_to_sheet2,0,761,162.32782714760256,1.0,485.2315116768782,1.0000001177848457
sheet1_to_sheet2,0,762,184.70214116109616,1.0,485.2315116768782,1.0000001177848457
sheet1_to_sheet2,0,763,207.16523466548034,1.0,485.2315116768782,1.0000001177848457
sheet1_to_sheet2,0,764,232.76594780971033,1.0,485.2315116768782,1.0000001177848457
sheet1_to_sheet2,0,765,243.73127323793648,1.0,485.2315116768782,1.0000001177848457
sheet1_to_sheet2,0,766,271.03051116632264,1.0,485.2315116768782,1.0000001177848457
sheet1_to_sheet2,0,767,277.3009482254901,1.0,485.2315116768782,1.0000001177848457
sheet1_to_sheet2,0,768,345.75984483750426,1.0,485.2315116768782,1.0000001177848457
sheet1_to_sheet2,0,769,373.1263000211665,1.0,485.2315116768782,1.0000001177848457
sheet1_to_sheet2,0,770,468.0722223714364,1.0,485.2315116768782,1.0000001177848457
sheet1_to_sheet2,0,771,611.7441538442818,1.0,485.2315116768782,1.0000001177848457
sheet1_to_sheet2,0,772,656.610374557052,1.0,485.2315116768782,1.0000001177848457
sheet1_to_sheet2,0,773,685.750216363242,1.0,485.2315116768782,1.0000001177848457
sheet1_to_sheet2,0,774,865.0304981997607,1.0,485.2315116768782,1.0000001177848457
sheet1_to_sheet2,0,775,969.6653651260833,1.0,485.2315116768782,1.0000001177848457
sheet1_to_sheet2,0,776,1259.916297347498,1.0,485.2315116768782,1.0000001177848457
sheet1_to_sheet2,0,777,1588.85792338322,1.0,485.2315116768782,1.0000001177848457
sheet1_to_sheet2,0,778,2262.6348479692588,1.0,485.2315116768782,1.0000001177848457
sheet1_to_sheet2,0,779,2537.8063971251154,1.0,485.2315116768782,1.0000001177848457
sheet1_to_sheet2,0,780,2922.009077527292,1.0,485.2315116768782,1.0000001177848457
sheet1_to_sheet2,0,781,3003.7081449790758,1.0,485.2315116768782,1.0000001177848457
sheet1_to_sheet2,0,782,3833.534607625731,1.0,485.2315116768782,1.0000001177848457
sheet1_to_sheet2,0,783,4395.873193353085,1.0,485.2315116768782,1.0000001177848457
sheet1_to_sheet2,0,784,6933.448877562503,1.0,485.2315116768782,1.0000001177848457
sheet1_to_sheet2,0,785,6981.911253396231,1.0,485.2315116768782,1.0000001177848457
sheet1_to_sheet2,0,786,9003.723853817937,1.0,485.2315116768782,1.0000001177848457
sheet1_to_sheet2,0,787,14156.209015556939,1.0,485.2315116768782,1.0000001177848457
sheet1_to_sheet2,0,788,18294.84930663683,1.0,485.2315116768782,1.0000001177848457
sheet1_to_sheet2,0,789,24662.897781787357,1.0,485.2315116768782,1.0000001177848457
sheet1_to_sheet2,0,790,33255.195961966,1.0,485.2315116768782,1.0000001177848457
sheet1_to_sheet2,0,791,45502.39342892326,1.0,485.2315116768782,1.0000001177848457
sheet1_to_sheet2,0,792,60544.51200641563,1.0,485.2315116768782,1.0000001177848457
sheet1_to_sheet2,0,793,110907.80585552062,1.0,485.2315116768782,1.0000001177848457
sheet1_to_sheet2,0,794,126275.57672589742,1.0,485.2315116768782,1.0000001177848457
sheet1_to_sheet2,0,795,222127.92347792335,1.0,485.2315116768782,1.0000001177848457
sheet1_to_sheet2,0,796,285845.2327124621,1.0,485.2315116768782,1.0000001177848457
sheet1_to_sheet2,0,797,842321.173259257,1.0,485.2315116768782,1.0000001177848457
sheet1_to_sheet2,0,798,891954.0811469142,1.0,485.2315116768782,1.0000001177848457
sheet1_to_sheet2,0,799,947872.1369333419,1.0,485.2315116768782,1.0000001177848457
sheet1_to_sheet2,1,0,0.0,1.0,494.2098626436907,1.0000001106413556
sheet1_to_sheet2,1,1,0.0,1.0,494.2098626436907,1.0000001106413556
sheet1_to_sheet2,1,2,0.0,1.0,494.2098626436907,1.0000001106413556
sheet1_to_sheet2,1,3,0.0,1.0,494.2098626436907,1.0000001106413556
sheet1_to_sheet2,1,4,0.0,1.0,494.2098626436907,1.0000001106413556
sheet1_to_sheet2,1,5,0.0,1.0,494.2098626436907,1.0000001106413556
sheet1_to_sheet2,1,6,0.0,1.0,494.2098626436907,1.0000001106413556
sheet1_to_sheet2,1,7,0.0,1.0,494.2098626436907,1.0000001106413556
sheet1_to_sheet2,1,8,0.0,1.0,494.2098626436907,1.0000001106413556
sheet1_to_sheet2,1,9,0.0,1.0,494.2098626436907,1.0000001106413556
sheet1_to_sheet2,1,10,0.0,1.0,494.2098626436907,1.0000001106413556
sheet1_to_sheet2,1,11,0.0,1.0,494.2098626436907,1.0000001106413556
sheet1_to_sheet2,1,12,0.0,1.0,494.2098626436907,1.0000001106413556
sheet1_to_sheet2,1,13,0.0,1.0,494.2098626436907,1.0000001106413556
sheet1_to_sheet2,1,14,0.0,1.0,494.2098626436907,1.0000001106413556
sheet1_to_sheet2,1,15,0.0,1.0,494.2098626436907,1.0000001106413556
sheet1_to_sheet2,1,16,0.0,1.0,494.2098626436907,1.0000001106413556
sheet1_to_sheet2,1,17,0.0,1.0,494.2098626436907,1.0000001106413556
sheet1_to_sheet2,1,18,0.0,1.0,494.2098626436907,1.0000001106413556
sheet1_to_sheet2,1,19,0.0,1.0,494.2098626436907,1.0000001106413556
sheet1_to_sheet2,1,20,0.0,1.0,494.2098626436907,1.0000001106413556
sheet1_to_sheet2,1,21,0.0,1.0,494.2098626436907,1.0000001106413556
sheet1_to_sheet2,1,22,0.0,1.0,494.2098626436907,1.0000001106413556
sheet1_to_sheet2,1,23,0.0,1.0,494.2098626436907,1.0000001106413556
sheet1_to_sheet2,1,24,0.0,1.0,494.2098626436907,1.0000001106413556
sheet1_to_sheet2,1,25,0.0,1.0,494.2098626436907,1.0000001106413556
sheet1_to_sheet2,1,26,0.0,1.0,494.2098626436907,1.0000001106413556
sheet1_to_sheet2,1,27,0.0,1.0,494.2098626436907,1.0000001106413556
sheet1_to_sheet2,1,28,0.0,1.0,494.2098626436907,1.0000001106413556
sheet1_to_sheet2,1,29,0.0,1.0,494.2098626436907,1.0000001106413556
sheet1_to_sheet2,1,30,0.0,1.0,494.2098626436907,1.0000001106413556
sheet1_to_sheet2,1,31,0.0,1.0,494.2098626436907,1.0000001106413556
sheet1_to_sheet2,1,32,0.0,1.0,494.2098626436907,1.0000001106413556
sheet1_to_sheet2,1,33,0.0,1.0,494.2098626436907,1.0000001106413556
sheet1_to_sheet2,1,34,0.0,1.0,494.2098626436907,1.0000001106413556
sheet1_to_sheet2,1,35,0.0,1.0,494.2098626436907,1.0000001106413556
sheet1_to_sheet2,1,36,0.0,1.0,494.2098626436907,1.0000001106413556
sheet1_to_sheet2,1,37,0.0,1.0,494.2098626436907,1.0000001106413556
sheet1_to_sheet2,1,38,0.0,1.0,494.2098626436907,1.0000001106413556
sheet1_to_sheet2,1,39,0.0,1.0,494.2098626436907,1.0000001106413556
sheet1_to_sheet2,1,40,0.0,1.0,494.2098626436907,1.0000001106413556
sheet1_to_sheet2,1,41,0.0,1.0,494.2098626436907,1.0000001106413556
sheet1_to_sheet2,1,42,0.0,1.0,494.2098626436907,1.0000001106413556
sheet1_to_sheet2,1,43,0.0,1.0,494.2098626436907,1.0000001106413556
sheet1_to_sheet2,1,44,0.0,1.0,494.2098626436907,1.0000001106413556
sheet1_to_sheet2,1,45,0.0,1.0,494.2098626436907,1.0000001106413556
sheet1_to_sheet2,1,46,0.0,1.0,494.2098626436907,1.0000001106413556
sheet1_to_sheet2,1,47,0.0,1.0,494.2098626436907,1.0000001106413556
sheet1_to_sheet2,1,48,0.0,1.0,494.2098626436907,1.0000001106413556
sheet1_to_sheet2,1,49,0.0,1.0,494.2098626436907,1.0000001106413556
sheet1_to_sheet2,1,50,0.0,1.0,494.2098626436907,1.0000001106413556
sheet1_to_sheet2,1,51,0.0,1.0,494.2098626436907,1.0000001106413556
sheet1_to_sheet2,1,52,0.0,1.0,494.2098626436907,1.0000001106413556
sheet1_to_sheet2,1,53,0.0,1.0,494.2098626436907,1.0000001106413556
sheet1_to_sheet2,1,54,0.0,1.0,494.2098626436907,1.0000001106413556
sheet1_to_sheet2,1,55,0.0,1.0,494.2098626436907,1.0000001106413556
sheet1_to_sheet2,1,56,0.0,1.0,494.2098626436907,1.0000001106413556
sheet1_to_sheet2,1,57,0.0,1.0,494.2098626436907,1.0000001106413556
sheet1_to_sheet2,1,58,0.0,1.0,494.2098626436907,1.0000001106413556
sheet1_to_sheet2,1,59,0.0,1.0,494.2098626436907,1.0000001106413556
sheet1_to_sheet2,1,60,0.0,1.0,494.2098626436907,1.0000001106413556
sheet1_to_sheet2,1,61,0.0,1.0,494.2098626436907,1.0000001106413556
sheet1_to_sheet2,1,62,0.0,1.0,494.2098626436907,1.0000001106413556
sheet1_to_sheet2,1,63,0.0,1.0,494.2098626436907,1.0000001106413556
sheet1_to_sheet2,1,64,0.0,1.0,494.2098626436907,1.0000001106413556
sheet1_to_sheet2,1,65,0.0,1.0,494.2098626436907,1.0000001106413556
sheet1_to_sheet2,1,66,0.0,1.0,494.2098626436907,1.0000001106413556
sheet1_to_sheet2,1,67,0.0,1.0,494.2098626436907,1.0000001106413556
sheet1_to_sheet2,1,68,0.0,1.0,494.2098626436907,1.0000001106413556
sheet1_to_sheet2,1,69,0.0,1.0,494.2098626436907,1.0000001106413556
sheet1_to_sheet2,1,70,0.0,1.0,494.2098626436907,1.0000001106413556
sheet1_to_sheet2,1,71,0.0,1.0,494.2098626436907,1.0000001106413556
sheet1_to_sheet2,1,72,0.0,1.0,494.2098626436907,1.0000001106413556
sheet1_to_sheet2,1,73,0.0,1.0,494.2098626436907,1.0000001106413556
sheet1_to_sheet2,1,74,0.0,1.0,494.2098626436907,1.0000001106413556
sheet1_to_sheet2,1,75,0.0,1.0,494.2098626436907,1.0000001106413556
sheet1_to_sheet2,1,76,0.0,1.0,494.2098626436907,1.0000001106413556
sheet1_to_sheet2,1,77,0.0,1.0,494.2098626436907,1.0000001106413556
sheet1_to_sheet2,1,78,0.0,1.0,494.2098626436907,1.0000001106413556
sheet1_to_sheet2,1,79,0.0,1.0,494.2098626436907,1.0000001106413556
sheet1_to_sheet2,1,80,0.0,1.0,494.2098626436907,1.0000001106413556
sheet1_to_sheet2,1,81,0.0,1.0,494.2098626436907,1.0000001106413556
sheet1_to_sheet2,1,82,0.0,1.0,494.2098626436907,1.0000001106413556
sheet1_to_sheet2,1,83,0.0,1.0,494.2098626436907,1.0000001106413556
sheet1_to_sheet2,1,84,0.0,1.0,494.2098626436907,1.0000001106413556
sheet1_to_sheet2,1,85,0.0,1.0,494.2098626436907,1.0000001106413556
sheet1_to_sheet2,1,86,0.0,1.0,494.2098626436907,1.0000001106413556
sheet1_to_sheet2,1,87,0.0,1.0,494.2098626436907,1.0000001106413556
sheet1_to_sheet2,1,88,0.0,1.0,494.2098626436907,1.0000001106413556
sheet1_to_sheet2,1,89,0.0,1.0,494.2098626436907,1.0000001106413556
sheet1_to_sheet2,1,90,0.0,1.0,494.2098626436907,1.0000001106413556
sheet1_to_sheet2,1,91,0.0,1.0,494.2098626436907,1.0000001106413556
sheet1_to_sheet2,1,92,0.0,1.0,494.2098626436907,1.0000001106413556
sheet1_to_sheet2,1,93,0.0,1.0,494.2098626436907,1.0000001106413556
sheet1_to_sheet2,1,94,0.0,1.0,494.2098626436907,1.0000001106413556
sheet1_to_sheet2,1,95,0.0,1.0,494.2098626436907,1.0000001106413556
sheet1_to_sheet2,1,96,0.0,1.0,494.2098626436907,1.0000001106413556
sheet1_to_sheet2,1,97,0.0,1.0,494.2098626436907,1.0000001106413556
sheet1_to_sheet2,1,98,0.0,1.0,494.2098626436907,1.0000001106413556
sheet1_to_sheet2,1,99,0.0,1.0,494.2098626436907,1.0000001106413556
sheet1_to_sheet2,1,100,0.0,1.0,494.2098626436907,1.0000001106413556
sheet1_to_sheet2,1,101,0.0,1.0,494.2098626436907,1.0000001106413556
sheet1_to_sheet2,1,102,0.0,1.0,494.2098626436907,1.0000001106413556
sheet1_to_sheet2,1,103,0.0,1.0,494.2098626436907,1.0000001106413556
sheet1_to_sheet2,1,104,0.0,1.0,494.2098626436907,1.0000001106413556
sheet1_to_sheet2,1,105,0.0,1.0,494.2098626436907,1.0000001106413556
sheet1_to_sheet2,1,106,0.0,1.0,494.2098626436907,1.0000001106413556
sheet1_to_sheet2,1,107,0.0,1.0,494.2098626436907,1.0000001106413556
sheet1_to_sheet2,1,108,0.0,1.0,494.2098626436907,1.0000001106413556
sheet1_to_sheet2,1,109,0.0,1.0,494.2098626436907,1.0000001106413556
sheet1_to_sheet2,1,110,0.0,1.0,494.2098626436907,1.0000001106413556
sheet1_to_sheet2,1,111,0.0,1.0,494.2098626436907,1.0000001106413556
sheet1_to_sheet2,1,112,0.0,1.0,494.2098626436907,1.0000001106413556
sheet1_to_sheet2,1,113,0.0,1.0,494.2098626436907,1.0000001106413556
sheet1_to_sheet2,1,114,0.0,1.0,494.2098626436907,1.0000001106413556
sheet1_to_sheet2,1,115,0.0,1.0,494.2098626436907,1.0000001106413556
sheet1_to_sheet2,1,116,0.0,1.0,494.2098626436907,1.0000001106413556
sheet1_to_sheet2,1,117,0.0,1.0,494.2098626436907,1.0000001106413556
sheet1_to_sheet2,1,118,0.0,1.0,494.2098626436907,1.0000001106413556
sheet1_to_sheet2,1,119,0.0,1.0,494.2098626436907,1.0000001106413556
sheet1_to_sheet2,1,120,0.0,1.0,494.2098626436907,1.0000001106413556
sheet1_to_sheet2,1,121,0.0,1.0,494.2098626436907,1.0000001106413556
sheet1_to_sheet2,1,122,0.0,1.0,494.2098626436907,1.0000001106413556
sheet1_to_sheet2,1,123,0.0,1.0,494.2098626436907,1.0000001106413556
sheet1_to_sheet2,1,124,0.0,1.0,494.2098626436907,1.0000001106413556
sheet1_to_sheet2,1,125,0.0,1.0,494.2098626436907,1.0000001106413556
sheet1_to_sheet2,1,126,0.0,1.0,494.2098626436907,1.0000001106413556
sheet1_to_sheet2,1,127,0.0,1.0,494.2098626436907,1.0000001106413556
sheet1_to_sheet2,1,128,0.0,1.0,494.2098626436907,1.0000001106413556
sheet1_to_sheet2,1,129,0.0,1.0,494.2098626436907,1.0000001106413556
sheet1_to_sheet2,1,130,0.0,1.0,494.2098626436907,1.0000001106413556
sheet1_to_sheet2,1,131,0.0,1.0,494.2098626436907,1.0000001106413556
sheet1_to_sheet2,1,132,0.0,1.0,494.2098626436907,1.0000001106413556
sheet1_to_sheet2,1,133,0.0,1.0,494.2098626436907,1.0000001106413556
sheet1_to_sheet2,1,134,0.0,1.0,494.2098626436907,1.0000001106413556
sheet1_to_sheet2,1,135,0.0,1.0,494.2098626436907,1.0000001106413556
sheet1_to_sheet2,1,136,0.0,1.0,494.2098626436907,1.0000001106413556
sheet1_to_sheet2,1,137,0.0,1.0,494.2098626436907,1.0000001106413556
sheet1_to_sheet2,1,138,0.0,1.0,494.2098626436907,1.0000001106413556
sheet1_to_sheet2,1,139,0.0,1.0,494.2098626436907,1.0000001106413556
sheet1_to_sheet2,1,140,0.0,1.0,494.2098626436907,1.0000001106413556
sheet1_to_sheet2,1,141,0.0,1.0,494.2098626436907,1.0000001106413556
sheet1_to_sheet2,1,142,0.0,1.0,494.2098626436907,1.0000001106413556
sheet1_to_sheet2,1,143,0.0,1.0,494.2098626436907,1.0000001106413556
sheet1_to_sheet2,1,144,0.0,1.0,494.2098626436907,1.0000001106413556
sheet1_to_sheet2,1,145,0.0,1.0,494.2098626436907,1.0000001106413556
sheet1_to_sheet2,1,146,0.0,1.0,494.2098626436907,1.0000001106413556
sheet1_to_sheet2,1,147,0.0,1.0,494.2098626436907,1.0000001106413556
sheet1_to_sheet2,1,148,0.0,1.0,494.2098626436907,1.0000001106413556
sheet1_to_sheet2,1,149,0.0,1.0,494.2098626436907,1.0000001106413556
sheet1_to_sheet2,1,150,0.0,1.0,494.2098626436907,1.0000001106413556
sheet1_to_sheet2,1,151,0.0,1.0,494.2098626436907,1.0000001106413556
sheet1_to_sheet2,1,152,0.0,1.0,494.2098626436907,1.0000001106413556
sheet1_to_sheet2,1,153,0.0,1.0,494.2098626436907,1.0000001106413556
sheet1_to_sheet2,1,154,0.0,1.0,494.2098626436907,1.0000001106413556
sheet1_to_sheet2,1,155,0.0,1.0,494.2098626436907,1.0000001106413556
sheet1_to_sheet2,1,156,0.0,1.0,494.2098626436907,1.0000001106413556
sheet1_to_sheet2,1,157,0.0,1.0,494.2098626436907,1.0000001106413556
sheet1_to_sheet2,1,158,0.0,1.0,494.2098626436907,1.0000001106413556
sheet1_to_sheet2,1,159,0.0,1.0,494.2098626436907,1.0000001106413556
sheet1_to_sheet2,1,160,0.0,1.0,494.2098626436907,1.0000001106413556
sheet1_to_sheet2,1,161,0.0,1.0,494.2098626436907,1.0000001106413556
sheet1_to_sheet2,1,162,0.0,1.0,494.2098626436907,1.0000001106413556
sheet1_to_sheet2,1,163,0.0,1.0,494.2098626436907,1.0000001106413556
sheet1_to_sheet2,1,164,0.0,1.0,494.2098626436907,1.0000001106413556
sheet1_to_sheet2,1,165,0.0,1.0,494.2098626436907,1.0000001106413556
sheet1_to_sheet2,1,166,0.0,1.0,494.2098626436907,1.0000001106413556
sheet1_to_sheet2,1,167,0.0,1.0,494.2098626436907,1.0000001106413556
sheet1_to_sheet2,1,168,0.0,1.0,494.2098626436907,1.0000001106413556
sheet1_to_sheet2,1,169,0.0,1.0,494.2098626436907,1.0000001106413556
sheet1_to_sheet2,1,170,0.0,1.0,494.2098626436907,1.0000001106413556
sheet1_to_sheet2,1,171,0.0,1.0,494.2098626436907,1.0000001106413556
sheet1_to_sheet2,1,172,0.0,1.0,494.2098626436907,1.0000001106413556
sheet1_to_sheet2,1,173,0.0,1.0,494.2098626436907,1.0000001106413556
sheet1_to_sheet2,1,174,0.0,1.0,494.2098626436907,1.0000001106413556
sheet1_to_sheet2,1,175,0.0,1.0,494.2098626436907,1.0000001106413556
sheet1_to_sheet2,1,176,0.0,1.0,494.2098626436907,1.0000001106413556
sheet1_to_sheet2,1,177,0.0,1.0,494.2098626436907,1.0000001106413556
sheet1_to_sheet2,1,178,0.0,1.0,494.2098626436907,1.0000001106413556
sheet1_to_sheet2,1,179,0.0,1.0,494.2098626436907,1.0000001106413556
sheet1_to_sheet2,1,180,0.0,1.0,494.2098626436907,1.0000001106413556
sheet1_to_sheet2,1,181,0.0,1.0,494.2098626436907,1.0000001106413556
sheet1_to_sheet2,1,182,0.0,1.0,494.2098626436907,1.0000001106413556
sheet1_to_sheet2,1,183,0.0,1.0,494.2098626436907,1.0000001106413556
sheet1_to_sheet2,1,184,1.5984686270566367e-07,1.0,494.2098626436907,1.0000001106413556
sheet1_to_sheet2,1,185,1.7893691629266986e-07,1.0,494.2098626436907,1.0000001106413556
sheet1_to_sheet2,1,186,2.022329044765886e-07,1.0,494.2098626436907,1.0000001106413556
sheet1_to_sheet2,1,187,2.0871168003889602e-07,1.0,494.2098626436907,1.0000001106413556
sheet1_to_sheet2,1,188,2.2865791010487975e-07,1.0,494.2098626436907,1.0000001106413556
sheet1_to_sheet2,1,189,2.334738211036137e-07,1.0,494.2098626436907,1.0000001106413556
sheet1_to_sheet2,1,190,2.5166905593665643e-07,1.0,494.2098626436907,1.0000001106413556
sheet1_to_sheet2,1,191,2.5845529318769834e-07,1.0,494.2098626436907,1.0000001106413556
sheet1_to_sheet2,1,192,2.634470455376537e-07,1.0,494.2098626436907,1.0000001106413556
sheet1_to_sheet2,1,193,2.8867105649560837e-07,1.0,494.2098626436907,1.0000001106413556
sheet1_to_sheet2,1,194,2.9414362863669793e-07,1.0,494.2098626436907,1.0000001106413556
sheet1_to_sheet2,1,195,3.169653768406912e-07,1.0,494.2098626436907,1.0000001106413556
sheet1_to_sheet2,1,196,3.280930391422458e-07,1.0,494.2098626436907,1.0000001106413556
sheet1_to_sheet2,1,197,3.332801256350371e-07,1.0,494.2098626436907,1.0000001106413556
sheet1_to_sheet2,1,198,3.5501019651916764e-07,1.0,494.2098626436907,1.0000001106413556
sheet1_to_sheet2,1,199,3.627407556029693e-07,1.0,494.2098626436907,1.0000001106413556
sheet1_to_sheet2,1,200,4.1116098880154984e-07,1.0,494.2098626436907,1.0000001106413556
sheet1_to_sheet2,1,201,4.1153849243708046e-07,1.0,494.2098626436907,1.0000001106413556
sheet1_to_sheet2,1,202,4.452066574849146e-07,1.0,494.2098626436907,1.0000001106413556
sheet1_to_sheet2,1,203,4.6463989526989e-07,1.0,494.2098626436907,1.0000001106413556
sheet1_to_sheet2,1,204,5.089117183279751e-07,1.0,494.2098626436907,1.0000001106413556
sheet1_to_sheet2,1,205,5.199551443852377e-07,1.0,494.2098626436907,1.0000001106413556
sheet1_to_sheet2,1,206,5.210576727042758e-07,1.0,494.2098626436907,1.0000001106413556
sheet1_to_sheet2,1,207,5.770691710392846e-07,1.0,494.2098626436907,1.0000001106413556
sheet1_to_sheet2,1,208,5.967631831281541e-07,1.0,494.2098626436907,1.0000001106413556
sheet1_to_sheet2,1,209,6.095189709580663e-07,1.0,494.2098626436907,1.0000001106413556
sheet1_to_sheet2,1,210,6.33743076039702e-07,1.0,494.2098626436907,1.0000001106413556
sheet1_to_sheet2,1,211,6.875648794869463e-07,1.0,494.2098626436907,1.0000001106413556
sheet1_to_sheet2,1,212,7.711163450004124e-07,1.0,494.2098626436907,1.0000001106413556
sheet1_to_sheet2,1,213,7.943862424684571e-07,1.0,494.2098626436907,1.0000001106413556
sheet1_to_sheet2,1,214,8.283737562628953e-07,1.0,494.2098626436907,1.0000001106413556
sheet1_to_sheet2,1,215,8.438699848272099e-07,1.0,494.2098626436907,1.0000001106413556
sheet1_to_sheet2,1,216,8.894025717288609e-07,1.0,494.2098626436907,1.0000001106413556
sheet1_to_sheet2,1,217,9.184753533978129e-07,1.0,494.2098626436907,1.0000001106413556
sheet1_to_sheet2,1,218,9.88395139513399e-07,1.0,494.2098626436907,1.0000001106413556
sheet1_to_sheet2,1,219,1.0619950928197328e-06,1.0,494.2098626436907,1.0000001106413556
sheet1_to_sheet2,1,220,1.0981751225853155e-06,1.0,494.2098626436907,1.0000001106413556
sheet1_to_sheet2,1,221,1.1480092889181654e-06,1.0,494.2098626436907,1.0000001106413556
sheet1_to_sheet2,1,222,1.202754065142549e-06,1.0,494.2098626436907,1.0000001106413556
sheet1_to_sheet2,1,223,1.2473928668366675e-06,1.0,494.2098626436907,1.0000001106413556
sheet1_to_sheet2,1,224,1.283780838905019e-06,1.0,494.2098626436907,1.0000001106413556
sheet1_to_sheet2,1,225,1.3736646387186915e-06,1.0,494.2098626436907,1.0000001106413556
sheet1_to_sheet2,1,226,1.453939102694143e-06,1.0,494.2098626436907,1.0000001106413556
sheet1_to_sheet2,1,227,1.541914944554462e-06,1.0,494.2098626436907,1.0000001106413556
sheet1_to_sheet2,1,228,1.5645354189690967e-06,1.0,494.2098626436907,1.0000001106413556
sheet1_to_sheet2,1,229,1.6028009496268561e-06,1.0,494.2098626436907,1.0000001106413556
sheet1_to_sheet2,1,230,1.6871185140450968e-06,1.0,494.2098626436907,1.0000001106413556
sheet1_to_sheet2,1,231,1.7396094142220131e-06,1.0,494.2098626436907,1.0000001106413556
sheet1_to_sheet2,1,232,1.892260324228211e-06,1.0,494.2098626436907,1.0000001106413556
sheet1_to_sheet2,1,233,1.9244663983274073e-06,1.0,494.2098626436907,1.0000001106413556
sheet1_to_sheet2,1,234,1.970431517457455e-06,1.0,494.2098626436907,1.0000001106413556
sheet1_to_sheet2,1,235,2.0474098488314605e-06,1.0,494.2098626436907,1.0000001106413556
sheet1_to_sheet2,1,236,2.099765369893308e-06,1.0,494.2098626436907,1.0000001106413556
sheet1_to_sheet2,1,237,2.186933529362357e-06,1.0,494.2098626436907,1.0000001106413556
sheet1_to_sheet2,1,238,2.2333673393701816e-06,1.0,494.2098626436907,1.0000001106413556
sheet1_to_sheet2,1,239,2.4485497736059423e-06,1.0,494.2098626436907,1.0000001106413556
sheet1_to_sheet2,1,240,2.478311244507263e-06,1.0,494.2098626436907,1.0000001106413556
sheet1_to_sheet2,1,241,2.55717112864449e-06,1.0,494.2098626436907,1.0000001106413556
sheet1_to_sheet2,1,242,2.7913882715647977e-06,1.0,494.2098626436907,1.0000001106413556
sheet1_to_sheet2,1,243,2.862541622873174e-06,1.0,494.2098626436907,1.0000001106413556
sheet1_to_sheet2,1,244,2.982941843385996e-06,1.0,494.2098626436907,1.0000001106413556
sheet1_to_sheet2,1,245,3.0213561381830827e-06,1.0,494.2098626436907,1.0000001106413556
sheet1_to_sheet2,1,246,3.3519280354356957e-06,1.0,494.2098626436907,1.0000001106413556
sheet1_to_sheet2,1,247,3.517444082473318e-06,1.0,494.2098626436907,1.0000001106413556
sheet1_to_sheet2,1,248,3.7840264369456435e-06,1.0,494.2098626436907,1.0000001106413556
sheet1_to_sheet2,1,249,4.1248974096553734e-06,1.0,494.2098626436907,1.0000001106413556
sheet1_to_sheet2,1,250,4.336125615910678e-06,1.0,494.2098626436907,1.0000001106413556
sheet1_to_sheet2,1,251,4.3715658048202996e-06,1.0,494.2098626436907,1.0000001106413556
sheet1_to_sheet2,1,252,4.5157634667526416e-06,1.0,494.2098626436907,1.0000001106413556
sheet1_to_sheet2,1,253,4.702905728095312e-06,1.0,494.2098626436907,1.0000001106413556
sheet1_to_sheet2,1,254,4.906582550591704e-06,1.0,494.2098626436907,1.0000001106413556
sheet1_to_sheet2,1,255,5.1313284523914205e-06,1.0,494.2098626436907,1.0000001106413556
sheet1_to_sheet2,1,256,5.234589771406581e-06,1.0,494.2098626436907,1.0000001106413556
sheet1_to_sheet2,1,257,5.495406042274409e-06,1.0,494.2098626436907,1.0000001106413556
sheet1_to_sheet2,1,258,5.7572989957578384e-06,1.0,494.2098626436907,1.0000001106413556
sheet1_to_sheet2,1,259,6.185243310304272e-06,1.0,494.2098626436907,1.0000001106413556
sheet1_to_sheet2,1,260,6.451587110759548e-06,1.0,494.2098626436907,1.0000001106413556
sheet1_to_sheet2,1,261,6.77688868847972e-06,1.0,494.2098626436907,1.0000001106413556
sheet1_to_sheet2,1,262,6.927431376734036e-06,1.0,494.2098626436907,1.0000001106413556
sheet1_to_sheet2,1,263,7.47713948164997e-06,1.0,494.2098626436907,1.0000001106413556
sheet1_to_sheet2,1,264,7.92364566610516e-06,1.0,494.2098626436907,1.0000001106413556
sheet1_to_sheet2,1,265,8.310194426018777e-06,1.0,494.2098626436907,1.0000001106413556
sheet1_to_sheet2,1,266,8.72157641569936e-06,1.0,494.2098626436907,1.0000001106413556
sheet1_to_sheet2,1,267,9.056236754971433e-06,1.0,494.2098626436907,1.0000001106413556
sheet1_to_sheet2,1,268,9.31531539291203e-06,1.0,494.2098626436907,1.0000001106413556
sheet1_to_sheet2,1,269,9.562309420260717e-06,1.0,494.2098626436907,1.0000001106413556
sheet1_to_sheet2,1,270,9.707160564047576e-06,1.0,494.2098626436907,1.0000001106413556
sheet1_to_sheet2,1,271,9.949118131168327e-06,1.0,494.2098626436907,1.0000001106413556
sheet1_to_sheet2,1,272,1.0247747802189028e-05,1.0,494.2098626436907,1.0000001106413556
sheet1_to_sheet2,1,273,1.0730100457113745e-05,1.0,494.2098626436907,1.0000001106413556
sheet1_to_sheet2,1,274,1.1905173043982628e-05,1.0,494.2098626436907,1.0000001106413556
sheet1_to_sheet2,1,275,1.1932591215008602e-05,1.0,494.2098626436907,1.0000001106413556
sheet1_to_sheet2,1,276,1.2147195679134218e-05,1.0,494.2098626436907,1.0000001106413556
sheet1_to_sheet2,1,277,1.2860521431711235e-05,1.0,494.2098626436907,1.0000001106413556
sheet1_to_sheet2,1,278,1.3379659036959737e-05,1.0,494.2098626436907,1.0000001106413556
sheet1_to_sheet2,1,279,1.3938868628857996e-05,1.0,494.2098626436907,1.0000001106413556
sheet1_to_sheet2,1,280,1.4312627285100419e-05,1.0,494.2098626436907,1.0000001106413556
sheet1_to_sheet2,1,281,1.5397254214457107e-05,1.0,494.2098626436907,1.0000001106413556
sheet1_to_sheet2,1,282,1.55476328700331e-05,1.0,494.2098626436907,1.0000001106413556
sheet1_to_sheet2,1,283,1.646220113951301e-05,1.0,494.2098626436907,1.0000001106413556
sheet1_to_sheet2,1,284,1.6939914720052187e-05,1.0,494.2098626436907,1.0000001106413556
sheet1_to_sheet2,1,285,1.8652357811162054e-05,1.0,494.2098626436907,1.0000001106413556
sheet1_to_sheet2,1,286,1.8887298711873075e-05,1.0,494.2098626436907,1.0000001106413556
sheet1_to_sheet2,1,287,1.919043450550204e-05,1.0,494.2098626436907,1.0000001106413556
sheet1_to_sheet2,1,288,1.9550399313024416e-05,1.0,494.2098626436907,1.0000001106413556
sheet1_to_sheet2,1,289,1.993395214700774e-05,1.0,494.2098626436907,1.0000001106413556
sheet1_to_sheet2,1,290,2.078462352640837e-05,1.0,494.2098626436907,1.0000001106413556
sheet1_to_sheet2,1,291,2.098719695768403e-05,1.0,494.2098626436907,1.0000001106413556
sheet1_to_sheet2,1,292,2.1546125804530527e-05,1.0,494.2098626436907,1.0000001106413556
sheet1_to_sheet2,1,293,2.231196744833849e-05,1.0,494.2098626436907,1.0000001106413556
sheet1_to_sheet2,1,294,2.3177739194468878e-05,1.0,494.2098626436907,1.0000001106413556
sheet1_to_sheet2,1,295,2.3670739748844526e-05,1.0,494.2098626436907,1.0000001106413556
sheet1_to_sheet2,1,296,2.4618328782344795e-05,1.0,494.2098626436907,1.0000001106413556
sheet1_to_sheet2,1,297,2.560984553183523e-05,1.0,494.2098626436907,1.0000001106413556
sheet1_to_sheet2,1,298,2.6485751983987213e-05,1.0,494.2098626436907,1.0000001106413556
sheet1_to_sheet2,1,299,2.7845144042626397e-05,1.0,494.2098626436907,1.0000001106413556
sheet1_to_sheet2,1,300,2.8267973794340848e-05,1.0,494.2098626436907,1.0000001106413556
sheet1_to_sheet2,1,301,2.9761901397316565e-05,1.0,494.2098626436907,1.0000001106413556
sheet1_to_sheet2,1,302,3.051033125220936e-05,1.0,494.2098626436907,1.0000001106413556
sheet1_to_sheet2,1,303,3.141311414743167e-05,1.0,494.2098626436907,1.0000001106413556
sheet1_to_sheet2,1,304,3.245754507327847e-05,1.0,494.2098626436907,1.0000001106413556
sheet1_to_sheet2,1,305,3.406667722250355e-05,1.0,494.2098626436907,1.0000001106413556
sheet1_to_sheet2,1,306,3.491445841602421e-05,1.0,494.2098626436907,1.0000001106413556
sheet1_to_sheet2,1,307,3.568489145623668e-05,1.0,494.2098626436907,1.0000001106413556
sheet1_to_sheet2,1,308,3.657060836477727e-05,1.0,494.2098626436907,1.0000001106413556
sheet1_to_sheet2,1,309,3.918589690951558e-05,1.0,494.2098626436907,1.0000001106413556
sheet1_to_sheet2,1,310,3.9264148295260534e-05,1.0,494.2098626436907,1.0000001106413556
sheet1_to_sheet2,1,311,4.1690215612481715e-05,1.0,494.2098626436907,1.0000001106413556
sheet1_to_sheet2,1,312,4.190718512885406e-05,1.0,494.2098626436907,1.0000001106413556
sheet1_to_sheet2,1,313,4.243183233521175e-05,1.0,494.2098626436907,1.0000001106413556
sheet1_to_sheet2,1,314,4.4176971485604756e-05,1.0,494.2098626436907,1.0000001106413556
sheet1_to_sheet2,1,315,4.655147932113964e-05,1.0,494.2098626436907,1.0000001106413556
sheet1_to_sheet2,1,316,4.7408453774316595e-05,1.0,494.2098626436907,1.0000001106413556
sheet1_to_sheet2,1,317,4.920365800961063e-05,1.0,494.2098626436907,1.0000001106413556
sheet1_to_sheet2,1,318,5.049796003192537e-05,1.0,494.2098626436907,1.0000001106413556
sheet1_to_sheet2,1,319,5.220429007782236e-05,1.0,494.2098626436907,1.0000001106413556
sheet1_to_sheet2,1,320,5.291247932345211e-05,1.0,494.2098626436907,1.0000001106413556
sheet1_to_sheet2,1,321,5.576615228625274e-05,1.0,494.2098626436907,1.0000001106413556
sheet1_to_sheet2,1,322,5.608149690243451e-05,1.0,494.2098626436907,1.0000001106413556
sheet1_to_sheet2,1,323,5.756922043872159e-05,1.0,494.2098626436907,1.0000001106413556
sheet1_to_sheet2,1,324,6.077364707895063e-05,1.0,494.2098626436907,1.0000001106413556
sheet1_to_sheet2,1,325,6.187432614237154e-05,1.0,494.2098626436907,1.0000001106413556
sheet1_to_sheet2,1,326,6.256817812478204e-05,1.0,494.2098626436907,1.0000001106413556
sheet1_to_sheet2,1,327,6.370679487713975e-05,1.0,494.2098626436907,1.0000001106413556
sheet1_to_sheet2,1,328,6.454800560749295e-05,1.0,494.2098626436907,1.0000001106413556
sheet1_to_sheet2,1,329,6.882080247097213e-05,1.0,494.2098626436907,1.0000001106413556
sheet1_to_sheet2,1,330,7.019108093946027e-05,1.0,494.2098626436907,1.0000001106413556
sheet1_to_sheet2,1,331,7.306972657052946e-05,1.0,494.2098626436907,1.0000001106413556
sheet1_to_sheet2,1,332,7.37457584053892e-05,1.0,494.2098626436907,1.0000001106413556
sheet1_to_sheet2,1,333,7.645537312864224e-05,1.0,494.2098626436907,1.0000001106413556
sheet1_to_sheet2,1,334,7.8085625568893e-05,1.0,494.2098626436907,1.0000001106413556
sheet1_to_sheet2,1,335,7.98457438411722e-05,1.0,494.2098626436907,1.0000001106413556
sheet1_to_sheet2,1,336,8.369899611796788e-05,1.0,494.2098626436907,1.0000001106413556
sheet1_to_sheet2,1,337,8.576507864926892e-05,1.0,494.2098626436907,1.0000001106413556
sheet1_to_sheet2,1,338,8.708463847067163e-05,1.0,494.2098626436907,1.0000001106413556
sheet1_to_sheet2,1,339,8.742064549264257e-05,1.0,494.2098626436907,1.0000001106413556
sheet1_to_sheet2,1,340,9.331593864913173e-05,1.0,494.2098626436907,1.0000001106413556
sheet1_to_sheet2,1,341,9.734702215362932e-05,1.0,494.2098626436907,1.0000001106413556
sheet1_to_sheet2,1,342,9.953507743910784e-05,1.0,494.2098626436907,1.0000001106413556
sheet1_to_sheet2,1,343,0.00010243037438961193,1.0,494.2098626436907,1.0000001106413556
sheet1_to_sheet2,1,344,0.0001044191492458249,1.0,494.2098626436907,1.0000001106413556
sheet1_to_sheet2,1,345,0.00011016812595863085,1.0,494.2098626436907,1.0000001106413556
sheet1_to_sheet2,1,346,0.00011159613901602511,1.0,494.2098626436907,1.0000001106413556
sheet1_to_sheet2,1,347,0.000121733667824871,1.0,494.2098626436907,1.0000001106413556
sheet1_to_sheet2,1,348,0.00012762728658640573,1.0,494.2098626436907,1.0000001106413556
sheet1_to_sheet2,1,349,0.00012867422609873227,1.0,494.2098626436907,1.0000001106413556
sheet1_to_sheet2,1,350,0.0001328632643675382,1.0,494.2098626436907,1.0000001106413556
sheet1_to_sheet2,1,351,0.00014115831334608403,1.0,494.2098626436907,1.0000001106413556
sheet1_to_sheet2,1,352,0.00014314309404858693,1.0,494.2098626436907,1.0000001106413556
sheet1_to_sheet2,1,353,0.00015040628046527772,1.0,494.2098626436907,1.0000001106413556
sheet1_to_sheet2,1,354,0.00015577173797134812,1.0,494.2098626436907,1.0000001106413556
sheet1_to_sheet2,1,355,0.00015902783655054718,1.0,494.2098626436907,1.0000001106413556
sheet1_to_sheet2,1,356,0.00016127110143397094,1.0,494.2098626436907,1.0000001106413556
sheet1_to_sheet2,1,357,0.00016986659914940217,1.0,494.2098626436907,1.0000001106413556
sheet1_to_sheet2,1,358,0.00017378685589622644,1.0,494.2098626436907,1.0000001106413556
sheet1_to_sheet2,1,359,0.0001839724506001576,1.0,494.2098626436907,1.0000001106413556
sheet1_to_sheet2,1,360,0.00018930673932324394,1.0,494.2098626436907,1.0000001106413556
sheet1_to_sheet2,1,361,0.00019154807441131396,1.0,494.2098626436907,1.0000001106413556
sheet1_to_sheet2,1,362,0.00019692079851127184,1.0,494.2098626436907,1.0000001106413556
sheet1_to_sheet2,1,363,0.00020453597434960086,1.0,494.2098626436907,1.0000001106413556
sheet1_to_sheet2,1,364,0.00020876970455874807,1.0,494.2098626436907,1.0000001106413556
sheet1_to_sheet2,1,365,0.00021430452900899605,1.0,494.2098626436907,1.0000001106413556
sheet1_to_sheet2,1,366,0.00021785384563144017,1.0,494.2098626436907,1.0000001106413556
sheet1_to_sheet2,1,367,0.00022454398700385244,1.0,494.2098626436907,1.0000001106413556
sheet1_to_sheet2,1,368,0.00022622089751971833,1.0,494.2098626436907,1.0000001106413556
sheet1_to_sheet2,1,369,0.00023239446191332307,1.0,494.2098626436907,1.0000001106413556
sheet1_to_sheet2,1,370,0.0002367849004127252,1.0,494.2098626436907,1.0000001106413556
sheet1_to_sheet2,1,371,0.00024323024659468544,1.0,494.2098626436907,1.0000001106413556
sheet1_to_sheet2,1,372,0.0002499270654917575,1.0,494.2098626436907,1.0000001106413556
sheet1_to_sheet2,1,373,0.0002561722160448682,1.0,494.2098626436907,1.0000001106413556
sheet1_to_sheet2,1,374,0.00026472768208499794,1.0,494.2098626436907,1.0000001106413556
sheet1_to_sheet2,1,375,0.0002664213250007045,1.0,494.2098626436907,1.0000001106413556
sheet1_to_sheet2,1,376,0.0002751876244669596,1.0,494.2098626436907,1.0000001106413556
sheet1_to_sheet2,1,377,0.000286201200362157,1.0,494.2098626436907,1.0000001106413556
sheet1_to_sheet2,1,378,0.0002908734479096266,1.0,494.2098626436907,1.0000001106413556
sheet1_to_sheet2,1,379,0.0002978170064461488,1.0,494.2098626436907,1.0000001106413556
sheet1_to_sheet2,1,380,0.0003083867646901803,1.0,494.2098626436907,1.0000001106413556
sheet1_to_sheet2,1,381,0.00031870553829931963,1.0,494.2098626436907,1.0000001106413556
sheet1_to_sheet2,1,382,0.00032844664873202234,1.0,494.2098626436907,1.0000001106413556
sheet1_to_sheet2,1,383,0.0003339055488696122,1.0,494.2098626436907,1.0000001106413556
sheet1_to_sheet2,1,384,0.00034471275413446397,1.0,494.2098626436907,1.0000001106413556
sheet1_to_sheet2,1,385,0.0003476880695759466,1.0,494.2098626436907,1.0000001106413556
sheet1_to_sheet2,1,386,0.0003592271454123004,1.0,494.2098626436907,1.0000001106413556
sheet1_to_sheet2,1,387,0.0003673418586115341,1.0,494.2098626436907,1.0000001106413556
sheet1_to_sheet2,1,388,0.0003986872369187136,1.0,494.2098626436907,1.0000001106413556
sheet1_to_sheet2,1,389,0.0004084057902475891,1.0,494.2098626436907,1.0000001106413556
sheet1_to_sheet2,1,390,0.0004212275702697289,1.0,494.2098626436907,1.0000001106413556
sheet1_to_sheet2,1,391,0.0004284545941830573,1.0,494.2098626436907,1.0000001106413556
sheet1_to_sheet2,1,392,0.00043530652773278217,1.0,494.2098626436907,1.0000001106413556
sheet1_to_sheet2,1,393,0.00044676538788231216,1.0,494.2098626436907,1.0000001106413556
sheet1_to_sheet2,1,394,0.00046412444268504336,1.0,494.2098626436907,1.0000001106413556
sheet1_to_sheet2,1,395,0.0004681960276506497,1.0,494.2098626436907,1.0000001106413556
sheet1_to_sheet2,1,396,0.0004832678150134275,1.0,494.2098626436907,1.0000001106413556
sheet1_to_sheet2,1,397,0.0005041207061498822,1.0,494.2098626436907,1.0000001106413556
sheet1_to_sheet2,1,398,0.0005086197482412447,1.0,494.2098626436907,1.0000001106413556
sheet1_to_sheet2,1,399,0.0005187921887432831,1.0,494.2098626436907,1.0000001106413556
sheet1_to_sheet2,1,400,0.0005284781548051913,1.0,494.2098626436907,1.0000001106413556
sheet1_to_sheet2,1,401,0.0005662130027674394,1.0,494.2098626436907,1.0000001106413556
sheet1_to_sheet2,1,402,0.0005781684647085847,1.0,494.2098626436907,1.0000001106413556
sheet1_to_sheet2,1,403,0.0005945182837412613,1.0,494.2098626436907,1.0000001106413556
sheet1_to_sheet2,1,404,0.000612277074715431,1.0,494.2098626436907,1.0000001106413556
sheet1_to_sheet2,1,405,0.0006262542790565281,1.0,494.2098626436907,1.0000001106413556
sheet1_to_sheet2,1,406,0.0006349116010835941,1.0,494.2098626436907,1.0000001106413556
sheet1_to_sheet2,1,407,0.0006695659315625292,1.0,494.2098626436907,1.0000001106413556
sheet1_to_sheet2,1,408,0.0006742038165023004,1.0,494.2098626436907,1.0000001106413556
sheet1_to_sheet2,1,409,0.000704081265959109,1.0,494.2098626436907,1.0000001106413556
sheet1_to_sheet2,1,410,0.0007115208260205548,1.0,494.2098626436907,1.0000001106413556
sheet1_to_sheet2,1,411,0.000723206747623532,1.0,494.2098626436907,1.0000001106413556
sheet1_to_sheet2,1,412,0.0007466870654710745,1.0,494.2098626436907,1.0000001106413556
sheet1_to_sheet2,1,413,0.0007660130836495365,1.0,494.2098626436907,1.0000001106413556
sheet1_to_sheet2,1,414,0.0007749260484939818,1.0,494.2098626436907,1.0000001106413556
sheet1_to_sheet2,1,415,0.0007973532223024036,1.0,494.2098626436907,1.0000001106413556
sheet1_to_sheet2,1,416,0.0008000285700441296,1.0,494.2098626436907,1.0000001106413556
sheet1_to_sheet2,1,417,0.0008286864810419472,1.0,494.2098626436907,1.0000001106413556
sheet1_to_sheet2,1,418,0.0008468799308528231,1.0,494.2098626436907,1.0000001106413556
sheet1_to_sheet2,1,419,0.0008646185857480005,1.0,494.2098626436907,1.0000001106413556
sheet1_to_sheet2,1,420,0.0009004384880192847,1.0,494.2098626436907,1.0000001106413556
sheet1_to_sheet2,1,421,0.0009100220129953749,1.0,494.2098626436907,1.0000001106413556
sheet1_to_sheet2,1,422,0.0009417384474988517,1.0,494.2098626436907,1.0000001106413556
sheet1_to_sheet2,1,423,0.0009506213669774654,1.0,494.2098626436907,1.0000001106413556
sheet1_to_sheet2,1,424,0.0009587623351782765,1.0,494.2098626436907,1.0000001106413556
sheet1_to_sheet2,1,425,0.001002127518078659,1.0,494.2098626436907,1.0000001106413556
sheet1_to_sheet2,1,426,0.0010159793204170527,1.0,494.2098626436907,1.0000001106413556
sheet1_to_sheet2,1,427,0.0010239420058264551,1.0,494.2098626436907,1.0000001106413556
sheet1_to_sheet2,1,428,0.0010685405645922761,1.0,494.2098626436907,1.0000001106413556
sheet1_to_sheet2,1,429,0.0011164701832276332,1.0,494.2098626436907,1.0000001106413556
sheet1_to_sheet2,1,430,0.001124822920809576,1.0,494.2098626436907,1.0000001106413556
sheet1_to_sheet2,1,431,0.0011542908756121519,1.0,494.2098626436907,1.0000001106413556
sheet1_to_sheet2,1,432,0.0011795157335153803,1.0,494.2098626436907,1.0000001106413556
sheet1_to_sheet2,1,433,0.0011944372404592346,1.0,494.2098626436907,1.0000001106413556
sheet1_to_sheet2,1,434,0.0012339347398766947,1.0,494.2098626436907,1.0000001106413556
sheet1_to_sheet2,1,435,0.0012453416852899785,1.0,494.2098626436907,1.0000001106413556
sheet1_to_sheet2,1,436,0.0013052310846860787,1.0,494.2098626436907,1.0000001106413556
sheet1_to_sheet2,1,437,0.0013289390589290794,1.0,494.2098626436907,1.0000001106413556
sheet1_to_sheet2,1,438,0.0013702327212151346,1.0,494.2098626436907,1.0000001106413556
sheet1_to_sheet2,1,439,0.0013895295012449663,1.0,494.2098626436907,1.0000001106413556
sheet1_to_sheet2,1,440,0.0014150128739952611,1.0,494.2098626436907,1.0000001106413556
sheet1_to_sheet2,1,441,0.0014706627081953491,1.0,494.2098626436907,1.0000001106413556
sheet1_to_sheet2,1,442,0.0014805114590178497,1.0,494.2098626436907,1.0000001106413556
sheet1_to_sheet2,1,443,0.001514765981416156,1.0,494.2098626436907,1.0000001106413556
sheet1_to_sheet2,1,444,0.0015329430933185154,1.0,494.2098626436907,1.0000001106413556
sheet1_to_sheet2,1,445,0.0015691155201514287,1.0,494.2098626436907,1.0000001106413556
sheet1_to_sheet2,1,446,0.0016250532161277268,1.0,494.2098626436907,1.0000001106413556
sheet1_to_sheet2,1,447,0.001671418509242206,1.0,494.2098626436907,1.0000001106413556
sheet1_to_sheet2,1,448,0.0017033996978508721,1.0,494.2098626436907,1.0000001106413556
sheet1_to_sheet2,1,449,0.0017205537117676863,1.0,494.2098626436907,1.0000001106413556
sheet1_to_sheet2,1,450,0.001790923591702033,1.0,494.2098626436907,1.0000001106413556
sheet1_to_sheet2,1,451,0.00181522576059432,1.0,494.2098626436907,1.0000001106413556
sheet1_to_sheet2,1,452,0.0018610677118964247,1.0,494.2098626436907,1.0000001106413556
sheet1_to_sheet2,1,453,0.0019009238628112405,1.0,494.2098626436907,1.0000001106413556
sheet1_to_sheet2,1,454,0.0019223693154711199,1.0,494.2098626436907,1.0000001106413556
sheet1_to_sheet2,1,455,0.002026741169694422,1.0,494.2098626436907,1.0000001106413556
sheet1_to_sheet2,1,456,0.002060195355410919,1.0,494.2098626436907,1.0000001106413556
sheet1_to_sheet2,1,457,0.002118781473687914,1.0,494.2098626436907,1.0000001106413556
sheet1_to_sheet2,1,458,0.0021309612960366143,1.0,494.2098626436907,1.0000001106413556
sheet1_to_sheet2,1,459,0.002186239889791408,1.0,494.2098626436907,1.0000001106413556
sheet1_to_sheet2,1,460,0.0022416349831634545,1.0,494.2098626436907,1.0000001106413556
sheet1_to_sheet2,1,461,0.0022993803170680083,1.0,494.2098626436907,1.0000001106413556
sheet1_to_sheet2,1,462,0.002389338004419708,1.0,494.2098626436907,1.0000001106413556
sheet1_to_sheet2,1,463,0.0024295538456406123,1.0,494.2098626436907,1.0000001106413556
sheet1_to_sheet2,1,464,0.0024620312678231876,1.0,494.2098626436907,1.0000001106413556
sheet1_to_sheet2,1,465,0.0025092893828040897,1.0,494.2098626436907,1.0000001106413556
sheet1_to_sheet2,1,466,0.0026094747602079926,1.0,494.2098626436907,1.0000001106413556
sheet1_to_sheet2,1,467,0.0026337715677884196,1.0,494.2098626436907,1.0000001106413556
sheet1_to_sheet2,1,468,0.002676600230333227,1.0,494.2098626436907,1.0000001106413556
sheet1_to_sheet2,1,469,0.002750322431537557,1.0,494.2098626436907,1.0000001106413556
sheet1_to_sheet2,1,470,0.002768864235738252,1.0,494.2098626436907,1.0000001106413556
sheet1_to_sheet2,1,471,0.002847304023393309,1.0,494.2098626436907,1.0000001106413556
sheet1_to_sheet2,1,472,0.0028855380046483377,1.0,494.2098626436907,1.0000001106413556
sheet1_to_sheet2,1,473,0.0029533058342040585,1.0,494.2098626436907,1.0000001106413556
sheet1_to_sheet2,1,474,0.003047057771820748,1.0,494.2098626436907,1.0000001106413556
sheet1_to_sheet2,1,475,0.003126248021010903,1.0,494.2098626436907,1.0000001106413556
sheet1_to_sheet2,1,476,0.0031935332062386903,1.0,494.2098626436907,1.0000001106413556
sheet1_to_sheet2,1,477,0.003287042623321268,1.0,494.2098626436907,1.0000001106413556
sheet1_to_sheet2,1,478,0.0033280648186180136,1.0,494.2098626436907,1.0000001106413556
sheet1_to_sheet2,1,479,0.0034056350061806044,1.0,494.2098626436907,1.0000001106413556
sheet1_to_sheet2,1,480,0.003450741211134375,1.0,494.2098626436907,1.0000001106413556
sheet1_to_sheet2,1,481,0.0034829790980537797,1.0,494.2098626436907,1.0000001106413556
sheet1_to_sheet2,1,482,0.0036188669657336112,1.0,494.2098626436907,1.0000001106413556
sheet1_to_sheet2,1,483,0.0037000922000954115,1.0,494.2098626436907,1.0000001106413556
sheet1_to_sheet2,1,484,0.003789457432353724,1.0,494.2098626436907,1.0000001106413556
sheet1_to_sheet2,1,485,0.003904889415381677,1.0,494.2098626436907,1.0000001106413556
sheet1_to_sheet2,1,486,0.0039839465065702375,1.0,494.2098626436907,1.0000001106413556
sheet1_to_sheet2,1,487,0.004068386717661696,1.0,494.2098626436907,1.0000001106413556
sheet1_to_sheet2,1,488,0.004103447445167754,1.0,494.2098626436907,1.0000001106413556
sheet1_to_sheet2,1,489,0.004119108583375244,1.0,494.2098626436907,1.0000001106413556
sheet1_to_sheet2,1,490,0.004146643914223891,1.0,494.2098626436907,1.0000001106413556
sheet1_to_sheet2,1,491,0.004251486850340561,1.0,494.2098626436907,1.0000001106413556
sheet1_to_sheet2,1,492,0.004363935628750911,1.0,494.2098626436907,1.0000001106413556
sheet1_to_sheet2,1,493,0.004471548666307871,1.0,494.2098626436907,1.0000001106413556
sheet1_to_sheet2,1,494,0.004546946834660792,1.0,494.2098626436907,1.0000001106413556
sheet1_to_sheet2,1,495,0.004591203765949082,1.0,494.2098626436907,1.0000001106413556
sheet1_to_sheet2,1,496,0.004664873184647621,1.0,494.2098626436907,1.0000001106413556
sheet1_to_sheet2,1,497,0.00487874445447889,1.0,494.2098626436907,1.0000001106413556
sheet1_to_sheet2,1,498,0.004909899708026292,1.0,494.2098626436907,1.0000001106413556
sheet1_to_sheet2,1,499,0.005002255216544326,1.0,494.2098626436907,1.0000001106413556
sheet1_to_sheet2,1,500,0.005039157364896067,1.0,494.2098626436907,1.0000001106413556
sheet1_to_sheet2,1,501,0.005164873960281943,1.0,494.2098626436907,1.0000001106413556
sheet1_to_sheet2,1,502,0.005234279023413104,1.0,494.2098626436907,1.0000001106413556
sheet1_to_sheet2,1,503,0.005422971132492269,1.0,494.2098626436907,1.0000001106413556
sheet1_to_sheet2,1,504,0.005591822007127825,1.0,494.2098626436907,1.0000001106413556
sheet1_to_sheet2,1,505,0.005706023628260612,1.0,494.2098626436907,1.0000001106413556
sheet1_to_sheet2,1,506,0.0057416867620231574,1.0,494.2098626436907,1.0000001106413556
sheet1_to_sheet2,1,507,0.005873177774466502,1.0,494.2098626436907,1.0000001106413556
sheet1_to_sheet2,1,508,0.006076650918231267,1.0,494.2098626436907,1.0000001106413556
sheet1_to_sheet2,1,509,0.0061442437605688325,1.0,494.2098626436907,1.0000001106413556
sheet1_to_sheet2,1,510,0.006355507379765509,1.0,494.2098626436907,1.0000001106413556
sheet1_to_sheet2,1,511,0.006415111121013932,1.0,494.2098626436907,1.0000001106413556
sheet1_to_sheet2,1,512,0.006755543515989574,1.0,494.2098626436907,1.0000001106413556
sheet1_to_sheet2,1,513,0.006766652347460592,1.0,494.2098626436907,1.0000001106413556
sheet1_to_sheet2,1,514,0.00704743204944862,1.0,494.2098626436907,1.0000001106413556
sheet1_to_sheet2,1,515,0.007283167714417653,1.0,494.2098626436907,1.0000001106413556
sheet1_to_sheet2,1,516,0.007490236700923654,1.0,494.2098626436907,1.0000001106413556
sheet1_to_sheet2,1,517,0.0076319208215451404,1.0,494.2098626436907,1.0000001106413556
sheet1_to_sheet2,1,518,0.00767710119477994,1.0,494.2098626436907,1.0000001106413556
sheet1_to_sheet2,1,519,0.007863241290196032,1.0,494.2098626436907,1.0000001106413556
sheet1_to_sheet2,1,520,0.007936987178992739,1.0,494.2098626436907,1.0000001106413556
sheet1_to_sheet2,1,521,0.008082970590955982,1.0,494.2098626436907,1.0000001106413556
sheet1_to_sheet2,1,522,0.008288626275367032,1.0,494.2098626436907,1.0000001106413556
sheet1_to_sheet2,1,523,0.008361166805545273,1.0,494.2098626436907,1.0000001106413556
sheet1_to_sheet2,1,524,0.008803056131423603,1.0,494.2098626436907,1.0000001106413556
sheet1_to_sheet2,1,525,0.008948253737365151,1.0,494.2098626436907,1.0000001106413556
sheet1_to_sheet2,1,526,0.009021080979154711,1.0,494.2098626436907,1.0000001106413556
sheet1_to_sheet2,1,527,0.009243959079353962,1.0,494.2098626436907,1.0000001106413556
sheet1_to_sheet2,1,528,0.00938025808137093,1.0,494.2098626436907,1.0000001106413556
sheet1_to_sheet2,1,529,0.009626155671046532,1.0,494.2098626436907,1.0000001106413556
sheet1_to_sheet2,1,530,0.00976838397410508,1.0,494.2098626436907,1.0000001106413556
sheet1_to_sheet2,1,531,0.0100593700661815,1.0,494.2098626436907,1.0000001106413556
sheet1_to_sheet2,1,532,0.010302112091275989,1.0,494.2098626436907,1.0000001106413556
sheet1_to_sheet2,1,533,0.010390246185591158,1.0,494.2098626436907,1.0000001106413556
sheet1_to_sheet2,1,534,0.010614595437572653,1.0,494.2098626436907,1.0000001106413556
sheet1_to_sheet2,1,535,0.010930697537601702,1.0,494.2098626436907,1.0000001106413556
sheet1_to_sheet2,1,536,0.011074680059144228,1.0,494.2098626436907,1.0000001106413556
sheet1_to_sheet2,1,537,0.011533217675852156,1.0,494.2098626436907,1.0000001106413556
sheet1_to_sheet2,1,538,0.011806551796659352,1.0,494.2098626436907,1.0000001106413556
sheet1_to_sheet2,1,539,0.011973367823953626,1.0,494.2098626436907,1.0000001106413556
sheet1_to_sheet2,1,540,0.0125261162548986,1.0,494.2098626436907,1.0000001106413556
sheet1_to_sheet2,1,541,0.012755612982876436,1.0,494.2098626436907,1.0000001106413556
sheet1_to_sheet2,1,542,0.013020758161274206,1.0,494.2098626436907,1.0000001106413556
sheet1_to_sheet2,1,543,0.013401689568023602,1.0,494.2098626436907,1.0000001106413556
sheet1_to_sheet2,1,544,0.013702750400494098,1.0,494.2098626436907,1.0000001106413556
sheet1_to_sheet2,1,545,0.01391423491848498,1.0,494.2098626436907,1.0000001106413556
sheet1_to_sheet2,1,546,0.014210334419917238,1.0,494.2098626436907,1.0000001106413556
sheet1_to_sheet2,1,547,0.014375536059980862,1.0,494.2098626436907,1.0000001106413556
sheet1_to_sheet2,1,548,0.014888408009140937,1.0,494.2098626436907,1.0000001106413556
sheet1_to_sheet2,1,549,0.01526950213280248,1.0,494.2098626436907,1.0000001106413556
sheet1_to_sheet2,1,550,0.015354015237994005,1.0,494.2098626436907,1.0000001106413556
sheet1_to_sheet2,1,551,0.01589357474594313,1.0,494.2098626436907,1.0000001106413556
sheet1_to_sheet2,1,552,0.016170366082861817,1.0,494.2098626436907,1.0000001106413556
sheet1_to_sheet2,1,553,0.016517154483356538,1.0,494.2098626436907,1.0000001106413556
sheet1_to_sheet2,1,554,0.01672958554618247,1.0,494.2098626436907,1.0000001106413556
sheet1_to_sheet2,1,555,0.017368901944369124,1.0,494.2098626436907,1.0000001106413556
sheet1_to_sheet2,1,556,0.01748483755520492,1.0,494.2098626436907,1.0000001106413556
sheet1_to_sheet2,1,557,0.018275979240030674,1.0,494.2098626436907,1.0000001106413556
sheet1_to_sheet2,1,558,0.018458277328156667,1.0,494.2098626436907,1.0000001106413556
sheet1_to_sheet2,1,559,0.01877834961654603,1.0,494.2098626436907,1.0000001106413556
sheet1_to_sheet2,1,560,0.01938898868646428,1.0,494.2098626436907,1.0000001106413556
sheet1_to_sheet2,1,561,0.019705256893541596,1.0,494.2098626436907,1.0000001106413556
sheet1_to_sheet2,1,562,0.020344835146518463,1.0,494.2098626436907,1.0000001106413556
sheet1_to_sheet2,1,563,0.020704422416993228,1.0,494.2098626436907,1.0000001106413556
sheet1_to_sheet2,1,564,0.02104234577965893,1.0,494.2098626436907,1.0000001106413556
sheet1_to_sheet2,1,565,0.0216874637877339,1.0,494.2098626436907,1.0000001106413556
sheet1_to_sheet2,1,566,0.022387775619921068,1.0,494.2098626436907,1.0000001106413556
sheet1_to_sheet2,1,567,0.02260863057924029,1.0,494.2098626436907,1.0000001106413556
sheet1_to_sheet2,1,568,0.023436814602506798,1.0,494.2098626436907,1.0000001106413556
sheet1_to_sheet2,1,569,0.02395063163733418,1.0,494.2098626436907,1.0000001106413556
sheet1_to_sheet2,1,570,0.02474454942536915,1.0,494.2098626436907,1.0000001106413556
sheet1_to_sheet2,1,571,0.025326774316427658,1.0,494.2098626436907,1.0000001106413556
sheet1_to_sheet2,1,572,0.025904620306438995,1.0,494.2098626436907,1.0000001106413556
sheet1_to_sheet2,1,573,0.026239392940748882,1.0,494.2098626436907,1.0000001106413556
sheet1_to_sheet2,1,574,0.027115409489260982,1.0,494.2098626436907,1.0000001106413556
sheet1_to_sheet2,1,575,0.027876946226043434,1.0,494.2098626436907,1.0000001106413556
sheet1_to_sheet2,1,576,0.028457709179622863,1.0,494.2098626436907,1.0000001106413556
sheet1_to_sheet2,1,577,0.02886126277244284,1.0,494.2098626436907,1.0000001106413556
sheet1_to_sheet2,1,578,0.029670037619558352,1.0,494.2098626436907,1.0000001106413556
sheet1_to_sheet2,1,579,0.029891374117473068,1.0,494.2098626436907,1.0000001106413556
sheet1_to_sheet2,1,580,0.031047399258551305,1.0,494.2098626436907,1.0000001106413556
sheet1_to_sheet2,1,581,0.032236980987275315,1.0,494.2098626436907,1.0000001106413556
sheet1_to_sheet2,1,582,0.03254866661831565,1.0,494.2098626436907,1.0000001106413556
sheet1_to_sheet2,1,583,0.03314590272331484,1.0,494.2098626436907,1.0000001106413556
sheet1_to_sheet2,1,584,0.03453251876876294,1.0,494.2098626436907,1.0000001106413556
sheet1_to_sheet2,1,585,0.03605338009389356,1.0,494.2098626436907,1.0000001106413556
sheet1_to_sheet2,1,586,0.0368451643856307,1.0,494.2098626436907,1.0000001106413556
sheet1_to_sheet2,1,587,0.038323058469432236,1.0,494.2098626436907,1.0000001106413556
sheet1_to_sheet2,1,588,0.039119549975363176,1.0,494.2098626436907,1.0000001106413556
sheet1_to_sheet2,1,589,0.039912827044878335,1.0,494.2098626436907,1.0000001106413556
sheet1_to_sheet2,1,590,0.04123736898535643,1.0,494.2098626436907,1.0000001106413556
sheet1_to_sheet2,1,591,0.04249440812639372,1.0,494.2098626436907,1.0000001106413556
sheet1_to_sheet2,1,592,0.043509554892998875,1.0,494.2098626436907,1.0000001106413556
sheet1_to_sheet2,1,593,0.044167835841787455,1.0,494.2098626436907,1.0000001106413556
sheet1_to_sheet2,1,594,0.0446848452437507,1.0,494.2098626436907,1.0000001106413556
sheet1_to_sheet2,1,595,0.04567658612280505,1.0,494.2098626436907,1.0000001106413556
sheet1_to_sheet2,1,596,0.04798042181620618,1.0,494.2098626436907,1.0000001106413556
sheet1_to_sheet2,1,597,0.04874306477459984,1.0,494.2098626436907,1.0000001106413556
sheet1_to_sheet2,1,598,0.051701745988829616,1.0,494.2098626436907,1.0000001106413556
sheet1_to_sheet2,1,599,0.053110367403115005,1.0,494.2098626436907,1.0000001106413556
sheet1_to_sheet2,1,600,0.0541854699773108,1.0,494.2098626436907,1.0000001106413556
sheet1_to_sheet2,1,601,0.05655036189961333,1.0,494.2098626436907,1.0000001106413556
sheet1_to_sheet2,1,602,0.05811087756271099,1.0,494.2098626436907,1.0000001106413556
sheet1_to_sheet2,1,603,0.059078746497520644,1.0,494.2098626436907,1.0000001106413556
sheet1_to_sheet2,1,604,0.061078504558638336,1.0,494.2098626436907,1.0000001106413556
sheet1_to_sheet2,1,605,0.0623838727535079,1.0,494.2098626436907,1.0000001106413556
sheet1_to_sheet2,1,606,0.06534288090906938,1.0,494.2098626436907,1.0000001106413556
sheet1_to_sheet2,1,607,0.06641525937130804,1.0,494.2098626436907,1.0000001106413556
sheet1_to_sheet2,1,608,0.06788568292394605,1.0,494.2098626436907,1.0000001106413556
sheet1_to_sheet2,1,609,0.06860442005036717,1.0,494.2098626436907,1.0000001106413556
sheet1_to_sheet2,1,610,0.07058014124818487,1.0,494.2098626436907,1.0000001106413556
sheet1_to_sheet2,1,611,0.0735208936018305,1.0,494.2098626436907,1.0000001106413556
sheet1_to_sheet2,1,612,0.07496802818330776,1.0,494.2098626436907,1.0000001106413556
sheet1_to_sheet2,1,613,0.07808562007635107,1.0,494.2098626436907,1.0000001106413556
sheet1_to_sheet2,1,614,0.07868309084992224,1.0,494.2098626436907,1.0000001106413556
sheet1_to_sheet2,1,615,0.08231359954939857,1.0,494.2098626436907,1.0000001106413556
sheet1_to_sheet2,1,616,0.08309574843519069,1.0,494.2098626436907,1.0000001106413556
sheet1_to_sheet2,1,617,0.08504436780738356,1.0,494.2098626436907,1.0000001106413556
sheet1_to_sheet2,1,618,0.08861899157147231,1.0,494.2098626436907,1.0000001106413556
sheet1_to_sheet2,1,619,0.09651995145185566,1.0,494.2098626436907,1.0000001106413556
sheet1_to_sheet2,1,620,0.09844351047450685,1.0,494.2098626436907,1.0000001106413556
sheet1_to_sheet2,1,621,0.10160119712559455,1.0,494.2098626436907,1.0000001106413556
sheet1_to_sheet2,1,622,0.10497171851782856,1.0,494.2098626436907,1.0000001106413556
sheet1_to_sheet2,1,623,0.10725252219728666,1.0,494.2098626436907,1.0000001106413556
sheet1_to_sheet2,1,624,0.11486091535309383,1.0,494.2098626436907,1.0000001106413556
sheet1_to_sheet2,1,625,0.11853460744380534,1.0,494.2098626436907,1.0000001106413556
sheet1_to_sheet2,1,626,0.12098574562891115,1.0,494.2098626436907,1.0000001106413556
sheet1_to_sheet2,1,627,0.12206999720430294,1.0,494.2098626436907,1.0000001106413556
sheet1_to_sheet2,1,628,0.128733870817776,1.0,494.2098626436907,1.0000001106413556
sheet1_to_sheet2,1,629,0.1315099021888112,1.0,494.2098626436907,1.0000001106413556
sheet1_to_sheet2,1,630,0.13566038461794705,1.0,494.2098626436907,1.0000001106413556
sheet1_to_sheet2,1,631,0.1379627502476723,1.0,494.2098626436907,1.0000001106413556
sheet1_to_sheet2,1,632,0.14659718537954994,1.0,494.2098626436907,1.0000001106413556
sheet1_to_sheet2,1,633,0.1477012741280909,1.0,494.2098626436907,1.0000001106413556
sheet1_to_sheet2,1,634,0.15505863332978279,1.0,494.2098626436907,1.0000001106413556
sheet1_to_sheet2,1,635,0.15970263808163726,1.0,494.2098626436907,1.0000001106413556
sheet1_to_sheet2,1,636,0.16235064938385688,1.0,494.2098626436907,1.0000001106413556
sheet1_to_sheet2,1,637,0.16656466390511662,1.0,494.2098626436907,1.0000001106413556
sheet1_to_sheet2,1,638,0.1722057103051903,1.0,494.2098626436907,1.0000001106413556
sheet1_to_sheet2,1,639,0.17806178131365774,1.0,494.2098626436907,1.0000001106413556
sheet1_to_sheet2,1,640,0.1848640984888634,1.0,494.2098626436907,1.0000001106413556
sheet1_to_sheet2,1,641,0.19191532393524266,1.0,494.2098626436907,1.0000001106413556
sheet1_to_sheet2,1,642,0.19769466527282945,1.0,494.2098626436907,1.0000001106413556
sheet1_to_sheet2,1,643,0.198637617473942,1.0,494.2098626436907,1.0000001106413556
sheet1_to_sheet2,1,644,0.2000896571061543,1.0,494.2098626436907,1.0000001106413556
sheet1_to_sheet2,1,645,0.2172375835468964,1.0,494.2098626436907,1.0000001106413556
sheet1_to_sheet2,1,646,0.2197082642783188,1.0,494.2098626436907,1.0000001106413556
sheet1_to_sheet2,1,647,0.22943812771132574,1.0,494.2098626436907,1.0000001106413556
sheet1_to_sheet2,1,648,0.235613009054795,1.0,494.2098626436907,1.0000001106413556
sheet1_to_sheet2,1,649,0.24246201652121735,1.0,494.2098626436907,1.0000001106413556
sheet1_to_sheet2,1,650,0.25109909321304236,1.0,494.2098626436907,1.0000001106413556
sheet1_to_sheet2,1,651,0.259565990551586,1.0,494.2098626436907,1.0000001106413556
sheet1_to_sheet2,1,652,0.2725653189275626,1.0,494.2098626436907,1.0000001106413556
sheet1_to_sheet2,1,653,0.27579943219072733,1.0,494.2098626436907,1.0000001106413556
sheet1_to_sheet2,1,654,0.3078042856963722,1.0,494.2098626436907,1.0000001106413556
sheet1_to_sheet2,1,655,0.3182383963550507,1.0,494.2098626436907,1.0000001106413556
sheet1_to_sheet2,1,656,0.3184175162266008,1.0,494.2098626436907,1.0000001106413556
sheet1_to_sheet2,1,657,0.3337072907211676,1.0,494.2098626436907,1.0000001106413556
sheet1_to_sheet2,1,658,0.34997882754834764,1.0,494.2098626436907,1.0000001106413556
sheet1_to_sheet2,1,659,0.3540011647924425,1.0,494.2098626436907,1.0000001106413556
sheet1_to_sheet2,1,660,0.3646496821947782,1.0,494.2098626436907,1.0000001106413556
sheet1_to_sheet2,1,661,0.37559258653912103,1.0,494.2098626436907,1.0000001106413556
sheet1_to_sheet2,1,662,0.3932995485311389,1.0,494.2098626436907,1.0000001106413556
sheet1_to_sheet2,1,663,0.40205243451010236,1.0,494.2098626436907,1.0000001106413556
sheet1_to_sheet2,1,664,0.45391998099506053,1.0,494.2098626436907,1.0000001106413556
sheet1_to_sheet2,1,665,0.46790029995594123,1.0,494.2098626436907,1.0000001106413556
sheet1_to_sheet2,1,666,0.5071226555009741,1.0,494.2098626436907,1.0000001106413556
sheet1_to_sheet2,1,667,0.540310815188372,1.0,494.2098626436907,1.0000001106413556
sheet1_to_sheet2,1,668,0.5604766469810888,1.0,494.2098626436907,1.0000001106413556
sheet1_to_sheet2,1,669,0.578395259265232,1.0,494.2098626436907,1.0000001106413556
sheet1_to_sheet2,1,670,0.6179712823456709,1.0,494.2098626436907,1.0000001106413556
sheet1_to_sheet2,1,671,0.6290259570684141,1.0,494.2098626436907,1.0000001106413556
sheet1_to_sheet2,1,672,0.638572921344196,1.0,494.2098626436907,1.0000001106413556
sheet1_to_sheet2,1,673,0.6704510230823045,1.0,494.2098626436907,1.0000001106413556
sheet1_to_sheet2,1,674,0.6842418977852962,1.0,494.2098626436907,1.0000001106413556
sheet1_to_sheet2,1,675,0.721195105870618,1.0,494.2098626436907,1.0000001106413556
sheet1_to_sheet2,1,676,0.7516501280304566,1.0,494.2098626436907,1.0000001106413556
sheet1_to_sheet2,1,677,0.8054744031937577,1.0,494.2098626436907,1.0000001106413556
sheet1_to_sheet2,1,678,0.8477645490891184,1.0,494.2098626436907,1.0000001106413556
sheet1_to_sheet2,1,679,0.862225497470964,1.0,494.2098626436907,1.0000001106413556
sheet1_to_sheet2,1,680,0.867125487147069,1.0,494.2098626436907,1.0000001106413556
sheet1_to_sheet2,1,681,0.9274506063895587,1.0,494.2098626436907,1.0000001106413556
sheet1_to_sheet2,1,682,1.0147991537963665,1.0,494.2098626436907,1.0000001106413556
sheet1_to_sheet2,1,683,1.030402538682321,1.0,494.2098626436907,1.0000001106413556
sheet1_to_sheet2,1,684,1.116100213689005,1.0,494.2098626436907,1.0000001106413556
sheet1_to_sheet2,1,685,1.1850187073233724,1.0,494.2098626436907,1.0000001106413556
sheet1_to_sheet2,1,686,1.2670573274881356,1.0,494.2098626436907,1.0000001106413556
sheet1_to_sheet2,1,687,1.3136846202479913,1.0,494.2098626436907,1.0000001106413556
sheet1_to_sheet2,1,688,1.3987581036722014,1.0,494.2098626436907,1.0000001106413556
sheet1_to_sheet2,1,689,1.4486099002379302,1.0,494.2098626436907,1.0000001106413556
sheet1_to_sheet2,1,690,1.502077376828255,1.0,494.2098626436907,1.0000001106413556
sheet1_to_sheet2,1,691,1.740996470937667,1.0,494.2098626436907,1.0000001106413556
sheet1_to_sheet2,1,692,1.7481303367071261,1.0,494.2098626436907,1.0000001106413556
sheet1_to_sheet2,1,693,1.8168901581708843,1.0,494.2098626436907,1.0000001106413556
sheet1_to_sheet2,1,694,1.878603214360616,1.0,494.2098626436907,1.0000001106413556
sheet1_to_sheet2,1,695,1.920017036495971,1.0,494.2098626436907,1.0000001106413556
sheet1_to_sheet2,1,696,1.9860175712852723,1.0,494.2098626436907,1.0000001106413556
sheet1_to_sheet2,1,697,2.035348460964562,1.0,494.2098626436907,1.0000001106413556
sheet1_to_sheet2,1,698,2.1304277058550856,1.0,494.2098626436907,1.0000001106413556
sheet1_to_sheet2,1,699,2.219473003501081,1.0,494.2098626436907,1.0000001106413556
sheet1_to_sheet2,1,700,2.294212324407803,1.0,494.2098626436907,1.0000001106413556
sheet1_to_sheet2,1,701,2.4793452282113186,1.0,494.2098626436907,1.0000001106413556
sheet1_to_sheet2,1,702,2.741200242481908,1.0,494.2098626436907,1.0000001106413556
sheet1_to_sheet2,1,703,2.8885128008091403,1.0,494.2098626436907,1.0000001106413556
sheet1_to_sheet2,1,704,2.9525664380050523,1.0,494.2098626436907,1.0000001106413556
sheet1_to_sheet2,1,705,3.042952326020736,1.0,494.2098626436907,1.0000001106413556
sheet1_to_sheet2,1,706,3.1408952634230163,1.0,494.2098626436907,1.0000001106413556
sheet1_to_sheet2,1,707,3.411395319692147,1.0,494.2098626436907,1.0000001106413556
sheet1_to_sheet2,1,708,3.6325018079946823,1.0,494.2098626436907,1.0000001106413556
sheet1_to_sheet2,1,709,3.998400556624182,1.0,494.2098626436907,1.0000001106413556
sheet1_to_sheet2,1,710,4.283795251776197,1.0,494.2098626436907,1.0000001106413556
sheet1_to_sheet2,1,711,4.50071813290991,1.0,494.2098626436907,1.0000001106413556
sheet1_to_sheet2,1,712,4.807180791570225,1.0,494.2098626436907,1.0000001106413556
sheet1_to_sheet2,1,713,5.206148356947074,1.0,494.2098626436907,1.0000001106413556
sheet1_to_sheet2,1,714,5.372109503158986,1.0,494.2098626436907,1.0000001106413556
sheet1_to_sheet2,1,715,5.622479597492696,1.0,494.2098626436907,1.0000001106413556
sheet1_to_sheet2,1,716,6.014653329856873,1.0,494.2098626436907,1.0000001106413556
sheet1_to_sheet2,1,717,6.630929233918714,1.0,494.2098626436907,1.0000001106413556
sheet1_to_sheet2,1,718,6.783028914353629,1.0,494.2098626436907,1.0000001106413556
sheet1_to_sheet2,1,719,7.154687325971472,1.0,494.2098626436907,1.0000001106413556
sheet1_to_sheet2,1,720,7.305422312736995,1.0,494.2098626436907,1.0000001106413556
sheet1_to_sheet2,1,721,7.748310060401799,1.0,494.2098626436907,1.0000001106413556
sheet1_to_sheet2,1,722,8.322641144552994,1.0,494.2098626436907,1.0000001106413556
sheet1_to_sheet2,1,723,8.926665009628394,1.0,494.2098626436907,1.0000001106413556
sheet1_to_sheet2,1,724,9.390474947861833,1.0,494.2098626436907,1.0000001106413556
sheet1_to_sheet2,1,725,10.39865696803641,1.0,494.2098626436907,1.0000001106413556
sheet1_to_sheet2,1,726,11.04298300283433,1.0,494.2098626436907,1.0000001106413556
sheet1_to_sheet2,1,727,11.44898997186115,1.0,494.2098626436907,1.0000001106413556
sheet1_to_sheet2,1,728,12.958850196320173,1.0,494.2098626436907,1.0000001106413556
sheet1_to_sheet2,1,729,14.2370857771251,1.0,494.2098626436907,1.0000001106413556
sheet1_to_sheet2,1,730,15.457709635233982,1.0,494.2098626436907,1.0000001106413556
sheet1_to_sheet2,1,731,16.43193344652618,1.0,494.2098626436907,1.0000001106413556
sheet1_to_sheet2,1,732,18.331421286211405,1.0,494.2098626436907,1.0000001106413556
sheet1_to_sheet2,1,733,19.029019833232002,1.0,494.2098626436907,1.0000001106413556
sheet1_to_sheet2,1,734,19.653371696565742,1.0,494.2098626436907,1.0000001106413556
sheet1_to_sheet2,1,735,20.777534482105597,1.0,494.2098626436907,1.0000001106413556
sheet1_to_sheet2,1,736,21.690694872856646,1.0,494.2098626436907,1.0000001106413556
sheet1_to_sheet2,1,737,23.76533170045996,1.0,494.2098626436907,1.0000001106413556
sheet1_to_sheet2,1,738,26.599692022580253,1.0,494.2098626436907,1.0000001106413556
sheet1_to_sheet2,1,739,28.05235190486666,1.0,494.2098626436907,1.0000001106413556
sheet1_to_sheet2,1,740,29.593021692572155,1.0,494.2098626436907,1.0000001106413556
sheet1_to_sheet2,1,741,32.19115869197947,1.0,494.2098626436907,1.0000001106413556
sheet1_to_sheet2,1,742,34.92243419195519,1.0,494.2098626436907,1.0000001106413556
sheet1_to_sheet2,1,743,40.08167146075077,1.0,494.2098626436907,1.0000001106413556
sheet1_to_sheet2,1,744,45.84607350952348,1.0,494.2098626436907,1.0000001106413556
sheet1_to_sheet2,1,745,52.194226585458686,1.0,494.2098626436907,1.0000001106413556
sheet1_to_sheet2,1,746,54.80237671549014,1.0,494.2098626436907,1.0000001106413556
sheet1_to_sheet2,1,747,59.02156491653676,1.0,494.2098626436907,1.0000001106413556
sheet1_to_sheet2,1,748,67.06317606664777,1.0,494.2098626436907,1.0000001106413556
sheet1_to_sheet2,1,749,71.17302556063663,1.0,494.2098626436907,1.0000001106413556
sheet1_to_sheet2,1,750,76.24909427097356,1.0,494.2098626436907,1.0000001106413556
sheet1_to_sheet2,1,751,83.08492925029199,1.0,494.2098626436907,1.0000001106413556
sheet1_to_sheet2,1,752,89.67161298842002,1.0,494.2098626436907,1.0000001106413556
sheet1_to_sheet2,1,753,97.21341411019853,1.0,494.2098626436907,1.0000001106413556
sheet1_to_sheet2,1,754,117.87940772927682,1.0,494.2098626436907,1.0000001106413556
sheet1_to_sheet2,1,755,123.61143155782995,1.0,494.2098626436907,1.0000001106413556
sheet1_to_sheet2,1,756,138.20131118261298,1.0,494.2098626436907,1.0000001106413556
sheet1_to_sheet2,1,757,140.00570107573037,1.0,494.2098626436907,1.0000001106413556
sheet1_to_sheet2,1,758,161.61557631616557,1.0,494.2098626436907,1.0000001106413556
sheet1_to_sheet2,1,759,172.25012053038338,1.0,494.2098626436907,1.0000001106413556
sheet1_to_sheet2,1,760,187.85589670554856,1.0,494.2098626436907,1.0000001106413556
sheet1_to_sheet2,1,761,210.07775366151003,1.0,494.2098626436907,1.0000001106413556
sheet1_to_sheet2,1,762,234.41255577093762,1.0,494.2098626436907,1.0000001106413556
sheet1_to_sheet2,1,763,255.6582639923269,1.0,494.2098626436907,1.0000001106413556
sheet1_to_sheet2,1,764,273.5625510792975,1.0,494.2098626436907,1.0000001106413556
sheet1_to_sheet2,1,765,292.6063488642172,1.0,494.2098626436907,1.0000001106413556
sheet1_to_sheet2,1,766,327.31432466260816,1.0,494.2098626436907,1.0000001106413556
sheet1_to_sheet2,1,767,346.6782378570935,1.0,494.2098626436907,1.0000001106413556
sheet1_to_sheet2,1,768,408.2054253145516,1.0,494.2098626436907,1.0000001106413556
sheet1_to_sheet2,1,769,508.37255556635506,1.0,494.2098626436907,1.0000001106413556
sheet1_to_sheet2,1,770,622.9980860557284,1.0,494.2098626436907,1.0000001106413556
sheet1_to_sheet2,1,771,704.0596752799221,1.0,494.2098626436907,1.0000001106413556
sheet1_to_sheet2,1,772,819.6791434755255,1.0,494.2098626436907,1.0000001106413556
sheet1_to_sheet2,1,773,891.2340979309981,1.0,494.2098626436907,1.0000001106413556
sheet1_to_sheet2,1,774,1094.4276604334266,1.0,494.2098626436907,1.0000001106413556
sheet1_to_sheet2,1,775,1380.7290516204778,1.0,494.2098626436907,1.0000001106413556
sheet1_to_sheet2,1,776,1683.1979285878028,1.0,494.2098626436907,1.0000001106413556
sheet1_to_sheet2,1,777,2042.6673893618206,1.0,494.2098626436907,1.0000001106413556
sheet1_to_sheet2,1,778,2686.892058453594,1.0,494.2098626436907,1.0000001106413556
sheet1_to_sheet2,1,779,3369.5634537471656,1.0,494.2098626436907,1.0000001106413556
sheet1_to_sheet2,1,780,3599.125973611436,1.0,494.2098626436907,1.0000001106413556
sheet1_to_sheet2,1,781,3819.5049706864397,1.0,494.2098626436907,1.0000001106413556
sheet1_to_sheet2,1,782,4443.478900525317,1.0,494.2098626436907,1.0000001106413556
sheet1_to_sheet2,1,783,5978.765309379298,1.0,494.2098626436907,1.0000001106413556
sheet1_to_sheet2,1,784,8300.523166217103,1.0,494.2098626436907,1.0000001106413556
sheet1_to_sheet2,1,785,8604.415264635054,1.0,494.2098626436907,1.0000001106413556
sheet1_to_sheet2,1,786,11331.990706161978,1.0,494.2098626436907,1.0000001106413556
sheet1_to_sheet2,1,787,16881.401376324975,1.0,494.2098626436907,1.0000001106413556
sheet1_to_sheet2,1,788,21308.596994275016,1.0,494.2098626436907,1.0000001106413556
sheet1_to_sheet2,1,789,30055.693761399198,1.0,494.2098626436907,1.0000001106413556
sheet1_to_sheet2,1,790,47165.237723756756,1.0,494.2098626436907,1.0000001106413556
sheet1_to_sheet2,1,791,55824.039899023104,1.0,494.2098626436907,1.0000001106413556
sheet1_to_sheet2,1,792,77968.99723881774,1.0,494.2098626436907,1.0000001106413556
sheet1_to_sheet2,1,793,144394.1533223256,1.0,494.2098626436907,1.0000001106413556
sheet1_to_sheet2,1,794,150297.18347306497,1.0,494.2098626436907,1.0000001106413556
sheet1_to_sheet2,1,795,243322.2473876672,1.0,494.2098626436907,1.0000001106413556
sheet1_to_sheet2,1,796,312277.8811717611,1.0,494.2098626436907,1.0000001106413556
sheet1_to_sheet2,1,797,991985.448404225,1.0,494.2098626436907,1.0000001106413556
sheet1_to_sheet2,1,798,1064884.265588437,1.0,494.2098626436907,1.0000001106413556
sheet1_to_sheet2,1,799,1543187.9894035095,1.0,494.2098626436907,1.0000001106413556
sheet1_to_sheet2,2,0,0.0,1.0,517.1150271664733,1.0000001014552102
sheet1_to_sheet2,2,1,0.0,1.0,517.1150271664733,1.0000001014552102
sheet1_to_sheet2,2,2,0.0,1.0,517.1150271664733,1.0000001014552102
sheet1_to_sheet2,2,3,0.0,1.0,517.1150271664733,1.0000001014552102
sheet1_to_sheet2,2,4,0.0,1.0,517.1150271664733,1.0000001014552102
sheet1_to_sheet2,2,5,0.0,1.0,517.1150271664733,1.0000001014552102
sheet1_to_sheet2,2,6,0.0,1.0,517.1150271664733,1.0000001014552102
sheet1_to_sheet2,2,7,0.0,1.0,517.1150271664733,1.0000001014552102
sheet1_to_sheet2,2,8,0.0,1.0,517.1150271664733,1.0000001014552102
sheet1_to_sheet2,2,9,0.0,1.0,517.1150271664733,1.0000001014552102
sheet1_to_sheet2,2,10,0.0,1.0,517.1150271664733,1.0000001014552102
sheet1_to_sheet2,2,11,0.0,1.0,517.1150271664733,1.0000001014552102
sheet1_to_sheet2,2,12,0.0,1.0,517.1150271664733,1.0000001014552102
sheet1_to_sheet2,2,13,0.0,1.0,517.1150271664733,1.0000001014552102
sheet1_to_sheet2,2,14,0.0,1.0,517.1150271664733,1.0000001014552102
sheet1_to_sheet2,2,15,0.0,1.0,517.1150271664733,1.0000001014552102
sheet1_to_sheet2,2,16,0.0,1.0,517.1150271664733,1.0000001014552102
sheet1_to_sheet2,2,17,0.0,1.0,517.1150271664733,1.0000001014552102
sheet1_to_sheet2,2,18,0.0,1.0,517.1150271664733,1.0000001014552102
sheet1_to_sheet2,2,19,0.0,1.0,517.1150271664733,1.0000001014552102
sheet1_to_sheet2,2,20,0.0,1.0,517.1150271664733,1.0000001014552102
sheet1_to_sheet2,2,21,0.0,1.0,517.1150271664733,1.0000001014552102
sheet1_to_sheet2,2,22,0.0,1.0,517.1150271664733,1.0000001014552102
sheet1_to_sheet2,2,23,0.0,1.0,517.1150271664733,1.0000001014552102
sheet1_to_sheet2,2,24,0.0,1.0,517.1150271664733,1.0000001014552102
sheet1_to_sheet2,2,25,0.0,1.0,517.1150271664733,1.0000001014552102
sheet1_to_sheet2,2,26,0.0,1.0,517.1150271664733,1.0000001014552102
sheet1_to_sheet2,2,27,0.0,1.0,517.1150271664733,1.0000001014552102
sheet1_to_sheet2,2,28,0.0,1.0,517.1150271664733,1.0000001014552102
sheet1_to_sheet2,2,29,0.0,1.0,517.1150271664733,1.0000001014552102
sheet1_to_sheet2,2,30,0.0,1.0,517.1150271664733,1.0000001014552102
sheet1_to_sheet2,2,31,0.0,1.0,517.1150271664733,1.0000001014552102
sheet1_to_sheet2,2,32,0.0,1.0,517.1150271664733,1.0000001014552102
sheet1_to_sheet2,2,33,0.0,1.0,517.1150271664733,1.0000001014552102
sheet1_to_sheet2,2,34,0.0,1.0,517.1150271664733,1.0000001014552102
sheet1_to_sheet2,2,35,0.0,1.0,517.1150271664733,1.0000001014552102
sheet1_to_sheet2,2,36,0.0,1.0,517.1150271664733,1.0000001014552102
sheet1_to_sheet2,2,37,0.0,1.0,517.1150271664733,1.0000001014552102
sheet1_to_sheet2,2,38,0.0,1.0,517.1150271664733,1.0000001014552102
sheet1_to_sheet2,2,39,0.0,1.0,517.1150271664733,1.0000001014552102
sheet1_to_sheet2,2,40,0.0,1.0,517.1150271664733,1.0000001014552102
sheet1_to_sheet2,2,41,0.0,1.0,517.1150271664733,1.0000001014552102
sheet1_to_sheet2,2,42,0.0,1.0,517.1150271664733,1.0000001014552102
sheet1_to_sheet2,2,43,0.0,1.0,517.1150271664733,1.0000001014552102
sheet1_to_sheet2,2,44,0.0,1.0,517.1150271664733,1.0000001014552102
sheet1_to_sheet2,2,45,0.0,1.0,517.1150271664733,1.0000001014552102
sheet1_to_sheet2,2,46,0.0,1.0,517.1150271664733,1.0000001014552102
sheet1_to_sheet2,2,47,0.0,1.0,517.1150271664733,1.0000001014552102
sheet1_to_sheet2,2,48,0.0,1.0,517.1150271664733,1.0000001014552102
sheet1_to_sheet2,2,49,0.0,1.0,517.1150271664733,1.0000001014552102
sheet1_to_sheet2,2,50,0.0,1.0,517.1150271664733,1.0000001014552102
sheet1_to_sheet2,2,51,0.0,1.0,517.1150271664733,1.0000001014552102
sheet1_to_sheet2,2,52,0.0,1.0,517.1150271664733,1.0000001014552102
sheet1_to_sheet2,2,53,0.0,1.0,517.1150271664733,1.0000001014552102
sheet1_to_sheet2,2,54,0.0,1.0,517.1150271664733,1.0000001014552102
sheet1_to_sheet2,2,55,0.0,1.0,517.1150271664733,1.0000001014552102
sheet1_to_sheet2,2,56,0.0,1.0,517.1150271664733,1.0000001014552102
sheet1_to_sheet2,2,57,0.0,1.0,517.1150271664733,1.0000001014552102
sheet1_to_sheet2,2,58,0.0,1.0,517.1150271664733,1.0000001014552102
sheet1_to_sheet2,2,59,0.0,1.0,517.1150271664733,1.0000001014552102
sheet1_to_sheet2,2,60,0.0,1.0,517.1150271664733,1.0000001014552102
sheet1_to_sheet2,2,61,0.0,1.0,517.1150271664733,1.0000001014552102
sheet1_to_sheet2,2,62,0.0,1.0,517.1150271664733,1.0000001014552102
sheet1_to_sheet2,2,63,0.0,1.0,517.1150271664733,1.0000001014552102
sheet1_to_sheet2,2,64,0.0,1.0,517.1150271664733,1.0000001014552102
sheet1_to_sheet2,2,65,0.0,1.0,517.1150271664733,1.0000001014552102
sheet1_to_sheet2,2,66,0.0,1.0,517.1150271664733,1.0000001014552102
sheet1_to_sheet2,2,67,0.0,1.0,517.1150271664733,1.0000001014552102
sheet1_to_sheet2,2,68,0.0,1.0,517.1150271664733,1.0000001014552102
sheet1_to_sheet2,2,69,0.0,1.0,517.1150271664733,1.0000001014552102
sheet1_to_sheet2,2,70,0.0,1.0,517.1150271664733,1.0000001014552102
sheet1_to_sheet2,2,71,0.0,1.0,517.1150271664733,1.0000001014552102
sheet1_to_sheet2,2,72,0.0,1.0,517.1150271664733,1.0000001014552102
sheet1_to_sheet2,2,73,0.0,1.0,517.1150271664733,1.0000001014552102
sheet1_to_sheet2,2,74,0.0,1.0,517.1150271664733,1.0000001014552102
sheet1_to_sheet2,2,75,0.0,1.0,517.1150271664733,1.0000001014552102
sheet1_to_sheet2,2,76,0.0,1.0,517.1150271664733,1.0000001014552102
sheet1_to_sheet2,2,77,0.0,1.0,517.1150271664733,1.0000001014552102
sheet1_to_sheet2,2,78,0.0,1.0,517.1150271664733,1.0000001014552102
sheet1_to_sheet2,2,79,0.0,1.0,517.1150271664733,1.0000001014552102
sheet1_to_sheet2,2,80,0.0,1.0,517.1150271664733,1.0000001014552102
sheet1_to_sheet2,2,81,0.0,1.0,517.1150271664733,1.0000001014552102
sheet1_to_sheet2,2,82,0.0,1.0,517.1150271664733,1.0000001014552102
sheet1_to_sheet2,2,83,0.0,1.0,517.1150271664733,1.0000001014552102
sheet1_to_sheet2,2,84,0.0,1.0,517.1150271664733,1.0000001014552102
sheet1_to_sheet2,2,85,0.0,1.0,517.1150271664733,1.0000001014552102
sheet1_to_sheet2,2,86,0.0,1.0,517.1150271664733,1.0000001014552102
sheet1_to_sheet2,2,87,0.0,1.0,517.1150271664733,1.0000001014552102
sheet1_to_sheet2,2,88,0.0,1.0,517.1150271664733,1.0000001014552102
sheet1_to_sheet2,2,89,0.0,1.0,517.1150271664733,1.0000001014552102
sheet1_to_sheet2,2,90,0.0,1.0,517.1150271664733,1.0000001014552102
sheet1_to_sheet2,2,91,0.0,1.0,517.1150271664733,1.0000001014552102
sheet1_to_sheet2,2,92,0.0,1.0,517.1150271664733,1.0000001014552102
sheet1_to_sheet2,2,93,0.0,1.0,517.1150271664733,1.0000001014552102
sheet1_to_sheet2,2,94,0.0,1.0,517.1150271664733,1.0000001014552102
sheet1_to_sheet2,2,95,0.0,1.0,517.1150271664733,1.0000001014552102
sheet1_to_sheet2,2,96,0.0,1.0,517.1150271664733,1.0000001014552102
sheet1_to_sheet2,2,97,0.0,1.0,517.1150271664733,1.0000001014552102
sheet1_to_sheet2,2,98,0.0,1.0,517.1150271664733,1.0000001014552102
sheet1_to_sheet2,2,99,0.0,1.0,517.1150271664733,1.0000001014552102
sheet1_to_sheet2,2,100,0.0,1.0,517.1150271664733,1.0000001014552102
sheet1_to_sheet2,2,101,0.0,1.0,517.1150271664733,1.0000001014552102
sheet1_to_sheet2,2,102,0.0,1.0,517.1150271664733,1.0000001014552102
sheet1_to_sheet2,2,103,0.0,1.0,517.1150271664733,1.0000001014552102
sheet1_to_sheet2,2,104,0.0,1.0,517.1150271664733,1.0000001014552102
sheet1_to_sheet2,2,105,0.0,1.0,517.1150271664733,1.0000001014552102
sheet1_to_sheet2,2,106,0.0,1.0,517.1150271664733,1.0000001014552102
sheet1_to_sheet2,2,107,0.0,1.0,517.1150271664733,1.0000001014552102
sheet1_to_sheet2,2,108,0.0,1.0,517.1150271664733,1.0000001014552102
sheet1_to_sheet2,2,109,0.0,1.0,517.1150271664733,1.0000001014552102
sheet1_to_sheet2,2,110,0.0,1.0,517.1150271664733,1.0000001014552102
sheet1_to_sheet2,2,111,0.0,1.0,517.1150271664733,1.0000001014552102
sheet1_to_sheet2,2,112,0.0,1.0,517.1150271664733,1.0000001014552102
sheet1_to_sheet2,2,113,0.0,1.0,517.1150271664733,1.0000001014552102
sheet1_to_sheet2,2,114,0.0,1.0,517.1150271664733,1.0000001014552102
sheet1_to_sheet2,2,115,0.0,1.0,517.1150271664733,1.0000001014552102
sheet1_to_sheet2,2,116,0.0,1.0,517.1150271664733,1.0000001014552102
sheet1_to_sheet2,2,117,0.0,1.0,517.1150271664733,1.0000001014552102
sheet1_to_sheet2,2,118,0.0,1.0,517.1150271664733,1.0000001014552102
sheet1_to_sheet2,2,119,0.0,1.0,517.1150271664733,1.0000001014552102
sheet1_to_sheet2,2,120,0.0,1.0,517.1150271664733,1.0000001014552102
sheet1_to_sheet2,2,121,0.0,1.0,517.1150271664733,1.0000001014552102
sheet1_to_sheet2,2,122,0.0,1.0,517.1150271664733,1.0000001014552102
sheet1_to_sheet2,2,123,0.0,1.0,517.1150271664733,1.0000001014552102
sheet1_to_sheet2,2,124,0.0,1.0,517.1150271664733,1.0000001014552102
sheet1_to_sheet2,2,125,0.0,1.0,517.1150271664733,1.0000001014552102
sheet1_to_sheet2,2,126,0.0,1.0,517.1150271664733,1.0000001014552102
sheet1_to_sheet2,2,127,0.0,1.0,517.1150271664733,1.0000001014552102
sheet1_to_sheet2,2,128,0.0,1.0,517.1150271664733,1.0000001014552102
sheet1_to_sheet2,2,129,0.0,1.0,517.1150271664733,1.0000001014552102
sheet1_to_sheet2,2,130,0.0,1.0,517.1150271664733,1.0000001014552102
sheet1_to_sheet2,2,131,0.0,1.0,517.1150271664733,1.0000001014552102
sheet1_to_sheet2,2,132,0.0,1.0,517.1150271664733,1.0000001014552102
sheet1_to_sheet2,2,133,0.0,1.0,517.1150271664733,1.0000001014552102
sheet1_to_sheet2,2,134,0.0,1.0,517.1150271664733,1.0000001014552102
sheet1_to_sheet2,2,135,0.0,1.0,517.1150271664733,1.0000001014552102
sheet1_to_sheet2,2,136,0.0,1.0,517.1150271664733,1.0000001014552102
sheet1_to_sheet2,2,137,0.0,1.0,517.1150271664733,1.0000001014552102
sheet1_to_sheet2,2,138,0.0,1.0,517.1150271664733,1.0000001014552102
sheet1_to_sheet2,2,139,0.0,1.0,517.1150271664733,1.0000001014552102
sheet1_to_sheet2,2,140,0.0,1.0,517.1150271664733,1.0000001014552102
sheet1_to_sheet2,2,141,0.0,1.0,517.1150271664733,1.0000001014552102
sheet1_to_sheet2,2,142,0.0,1.0,517.1150271664733,1.0000001014552102
sheet1_to_sheet2,2,143,0.0,1.0,517.1150271664733,1.0000001014552102
sheet1_to_sheet2,2,144,0.0,1.0,517.1150271664733,1.0000001014552102
sheet1_to_sheet2,2,145,0.0,1.0,517.1150271664733,1.0000001014552102
sheet1_to_sheet2,2,146,0.0,1.0,517.1150271664733,1.0000001014552102
sheet1_to_sheet2,2,147,0.0,1.0,517.1150271664733,1.0000001014552102
sheet1_to_sheet2,2,148,0.0,1.0,517.1150271664733,1.0000001014552102
sheet1_to_sheet2,2,149,0.0,1.0,517.1150271664733,1.0000001014552102
sheet1_to_sheet2,2,150,0.0,1.0,517.1150271664733,1.0000001014552102
sheet1_to_sheet2,2,151,0.0,1.0,517.1150271664733,1.0000001014552102
sheet1_to_sheet2,2,152,0.0,1.0,517.1150271664733,1.0000001014552102
sheet1_to_sheet2,2,153,0.0,1.0,517.1150271664733,1.0000001014552102
sheet1_to_sheet2,2,154,0.0,1.0,517.1150271664733,1.0000001014552102
sheet1_to_sheet2,2,155,0.0,1.0,517.1150271664733,1.0000001014552102
sheet1_to_sheet2,2,156,0.0,1.0,517.1150271664733,1.0000001014552102
sheet1_to_sheet2,2,157,0.0,1.0,517.1150271664733,1.0000001014552102
sheet1_to_sheet2,2,158,0.0,1.0,517.1150271664733,1.0000001014552102
sheet1_to_sheet2,2,159,0.0,1.0,517.1150271664733,1.0000001014552102
sheet1_to_sheet2,2,160,0.0,1.0,517.1150271664733,1.0000001014552102
sheet1_to_sheet2,2,161,0.0,1.0,517.1150271664733,1.0000001014552102
sheet1_to_sheet2,2,162,0.0,1.0,517.1150271664733,1.0000001014552102
sheet1_to_sheet2,2,163,0.0,1.0,517.1150271664733,1.0000001014552102
sheet1_to_sheet2,2,164,0.0,1.0,517.1150271664733,1.0000001014552102
sheet1_to_sheet2,2,165,0.0,1.0,517.1150271664733,1.0000001014552102
sheet1_to_sheet2,2,166,0.0,1.0,517.1150271664733,1.0000001014552102
sheet1_to_sheet2,2,167,0.0,1.0,517.1150271664733,1.0000001014552102
sheet1_to_sheet2,2,168,0.0,1.0,517.1150271664733,1.0000001014552102
sheet1_to_sheet2,2,169,0.0,1.0,517.1150271664733,1.0000001014552102
sheet1_to_sheet2,2,170,0.0,1.0,517.1150271664733,1.0000001014552102
sheet1_to_sheet2,2,171,0.0,1.0,517.1150271664733,1.0000001014552102
sheet1_to_sheet2,2,172,0.0,1.0,517.1150271664733,1.0000001014552102
sheet1_to_sheet2,2,173,0.0,1.0,517.1150271664733,1.0000001014552102
sheet1_to_sheet2,2,174,0.0,1.0,517.1150271664733,1.0000001014552102
sheet1_to_sheet2,2,175,0.0,1.0,517.1150271664733,1.0000001014552102
sheet1_to_sheet2,2,176,2.0611432996937398e-07,1.0,517.1150271664733,1.0000001014552102
sheet1_to_sheet2,2,177,2.152181987750465e-07,1.0,517.1150271664733,1.0000001014552102
sheet1_to_sheet2,2,178,2.1837546677574252e-07,1.0,517.1150271664733,1.0000001014552102
sheet1_to_sheet2,2,179,2.357762303046341e-07,1.0,517.1150271664733,1.0000001014552102
sheet1_to_sheet2,2,180,2.5361176602340914e-07,1.0,517.1150271664733,1.0000001014552102
sheet1_to_sheet2,2,181,2.66348457859048e-07,1.0,517.1150271664733,1.0000001014552102
sheet1_to_sheet2,2,182,2.7516532244446277e-07,1.0,517.1150271664733,1.0000001014552102
sheet1_to_sheet2,2,183,2.837083043046207e-07,1.0,517.1150271664733,1.0000001014552102
sheet1_to_sheet2,2,184,3.1979067854607923e-07,1.0,517.1150271664733,1.0000001014552102
sheet1_to_sheet2,2,185,3.4310087620721734e-07,1.0,517.1150271664733,1.0000001014552102
sheet1_to_sheet2,2,186,3.529958246039656e-07,1.0,517.1150271664733,1.0000001014552102
sheet1_to_sheet2,2,187,4.0343326418844587e-07,1.0,517.1150271664733,1.0000001014552102
sheet1_to_sheet2,2,188,4.257177418380288e-07,1.0,517.1150271664733,1.0000001014552102
sheet1_to_sheet2,2,189,4.6068962684698657e-07,1.0,517.1150271664733,1.0000001014552102
sheet1_to_sheet2,2,190,4.904203334582654e-07,1.0,517.1150271664733,1.0000001014552102
sheet1_to_sheet2,2,191,4.965783206734258e-07,1.0,517.1150271664733,1.0000001014552102
sheet1_to_sheet2,2,192,5.441267313141314e-07,1.0,517.1150271664733,1.0000001014552102
sheet1_to_sheet2,2,193,5.557304706157461e-07,1.0,517.1150271664733,1.0000001014552102
sheet1_to_sheet2,2,194,5.776095746644984e-07,1.0,517.1150271664733,1.0000001014552102
sheet1_to_sheet2,2,195,6.865597419796145e-07,1.0,517.1150271664733,1.0000001014552102
sheet1_to_sheet2,2,196,6.975003489506864e-07,1.0,517.1150271664733,1.0000001014552102
sheet1_to_sheet2,2,197,7.079814932109666e-07,1.0,517.1150271664733,1.0000001014552102
sheet1_to_sheet2,2,198,7.620541074208959e-07,1.0,517.1150271664733,1.0000001014552102
sheet1_to_sheet2,2,199,8.123374872347944e-07,1.0,517.1150271664733,1.0000001014552102
sheet1_to_sheet2,2,200,8.486339345480762e-07,1.0,517.1150271664733,1.0000001014552102
sheet1_to_sheet2,2,201,8.927025697467268e-07,1.0,517.1150271664733,1.0000001014552102
sheet1_to_sheet2,2,202,9.275797194288854e-07,1.0,517.1150271664733,1.0000001014552102
sheet1_to_sheet2,2,203,9.447773932449032e-07,1.0,517.1150271664733,1.0000001014552102
sheet1_to_sheet2,2,204,1.0381877093854905e-06,1.0,517.1150271664733,1.0000001014552102
sheet1_to_sheet2,2,205,1.139949244530427e-06,1.0,517.1150271664733,1.0000001014552102
sheet1_to_sheet2,2,206,1.169642512090597e-06,1.0,517.1150271664733,1.0000001014552102
sheet1_to_sheet2,2,207,1.1919317542414747e-06,1.0,517.1150271664733,1.0000001014552102
sheet1_to_sheet2,2,208,1.2360160409113774e-06,1.0,517.1150271664733,1.0000001014552102
sheet1_to_sheet2,2,209,1.2744051591810442e-06,1.0,517.1150271664733,1.0000001014552102
sheet1_to_sheet2,2,210,1.3334704836185987e-06,1.0,517.1150271664733,1.0000001014552102
sheet1_to_sheet2,2,211,1.3726536717386178e-06,1.0,517.1150271664733,1.0000001014552102
sheet1_to_sheet2,2,212,1.3874831807737475e-06,1.0,517.1150271664733,1.0000001014552102
sheet1_to_sheet2,2,213,1.4160803123037795e-06,1.0,517.1150271664733,1.0000001014552102
sheet1_to_sheet2,2,214,1.4771993333787921e-06,1.0,517.1150271664733,1.0000001014552102
sheet1_to_sheet2,2,215,1.5164584237707422e-06,1.0,517.1150271664733,1.0000001014552102
sheet1_to_sheet2,2,216,1.6486409296195213e-06,1.0,517.1150271664733,1.0000001014552102
sheet1_to_sheet2,2,217,1.705737075292663e-06,1.0,517.1150271664733,1.0000001014552102
sheet1_to_sheet2,2,218,1.8047012870885081e-06,1.0,517.1150271664733,1.0000001014552102
sheet1_to_sheet2,2,219,1.9365817014432856e-06,1.0,517.1150271664733,1.0000001014552102
sheet1_to_sheet2,2,220,2.0007741239003298e-06,1.0,517.1150271664733,1.0000001014552102
sheet1_to_sheet2,2,221,2.1188589214579718e-06,1.0,517.1150271664733,1.0000001014552102
sheet1_to_sheet2,2,222,2.282910539389871e-06,1.0,517.1150271664733,1.0000001014552102
sheet1_to_sheet2,2,223,2.4446992598702273e-06,1.0,517.1150271664733,1.0000001014552102
sheet1_to_sheet2,2,224,2.520300551047157e-06,1.0,517.1150271664733,1.0000001014552102
sheet1_to_sheet2,2,225,2.5913490458613055e-06,1.0,517.1150271664733,1.0000001014552102
sheet1_to_sheet2,2,226,2.751362302941759e-06,1.0,517.1150271664733,1.0000001014552102
sheet1_to_sheet2,2,227,2.7904436683427604e-06,1.0,517.1150271664733,1.0000001014552102
sheet1_to_sheet2,2,228,2.968748955774197e-06,1.0,517.1150271664733,1.0000001014552102
sheet1_to_sheet2,2,229,3.095125735209532e-06,1.0,517.1150271664733,1.0000001014552102
sheet1_to_sheet2,2,230,3.178460767257245e-06,1.0,517.1150271664733,1.0000001014552102
sheet1_to_sheet2,2,231,3.2061396174406415e-06,1.0,517.1150271664733,1.0000001014552102
sheet1_to_sheet2,2,232,3.655142128771955e-06,1.0,517.1150271664733,1.0000001014552102
sheet1_to_sheet2,2,233,3.734297914211962e-06,1.0,517.1150271664733,1.0000001014552102
sheet1_to_sheet2,2,234,3.844637465817576e-06,1.0,517.1150271664733,1.0000001014552102
sheet1_to_sheet2,2,235,4.2094828912638965e-06,1.0,517.1150271664733,1.0000001014552102
sheet1_to_sheet2,2,236,4.2551815289927915e-06,1.0,517.1150271664733,1.0000001014552102
sheet1_to_sheet2,2,237,4.599174218833271e-06,1.0,517.1150271664733,1.0000001014552102
sheet1_to_sheet2,2,238,4.658811027304378e-06,1.0,517.1150271664733,1.0000001014552102
sheet1_to_sheet2,2,239,4.917641081766593e-06,1.0,517.1150271664733,1.0000001014552102
sheet1_to_sheet2,2,240,4.969522033152372e-06,1.0,517.1150271664733,1.0000001014552102
sheet1_to_sheet2,2,241,5.2103211364187675e-06,1.0,517.1150271664733,1.0000001014552102
sheet1_to_sheet2,2,242,5.402451826049331e-06,1.0,517.1150271664733,1.0000001014552102
sheet1_to_sheet2,2,243,5.808955272311786e-06,1.0,517.1150271664733,1.0000001014552102
sheet1_to_sheet2,2,244,5.8844047803094075e-06,1.0,517.1150271664733,1.0000001014552102
sheet1_to_sheet2,2,245,6.047485257469648e-06,1.0,517.1150271664733,1.0000001014552102
sheet1_to_sheet2,2,246,6.139263007920647e-06,1.0,517.1150271664733,1.0000001014552102
sheet1_to_sheet2,2,247,6.330805193816864e-06,1.0,517.1150271664733,1.0000001014552102
sheet1_to_sheet2,2,248,6.433287034053689e-06,1.0,517.1150271664733,1.0000001014552102
sheet1_to_sheet2,2,249,6.8743880013603005e-06,1.0,517.1150271664733,1.0000001014552102
sheet1_to_sheet2,2,250,7.141936095207115e-06,1.0,517.1150271664733,1.0000001014552102
sheet1_to_sheet2,2,251,7.500424519688701e-06,1.0,517.1150271664733,1.0000001014552102
sheet1_to_sheet2,2,252,7.70727712061358e-06,1.0,517.1150271664733,1.0000001014552102
sheet1_to_sheet2,2,253,7.934072850620907e-06,1.0,517.1150271664733,1.0000001014552102
sheet1_to_sheet2,2,254,8.30553261106579e-06,1.0,517.1150271664733,1.0000001014552102
sheet1_to_sheet2,2,255,8.700911742267076e-06,1.0,517.1150271664733,1.0000001014552102
sheet1_to_sheet2,2,256,9.023120218558339e-06,1.0,517.1150271664733,1.0000001014552102
sheet1_to_sheet2,2,257,9.325368284716349e-06,1.0,517.1150271664733,1.0000001014552102
sheet1_to_sheet2,2,258,9.529884027973452e-06,1.0,517.1150271664733,1.0000001014552102
sheet1_to_sheet2,2,259,1.017977934490404e-05,1.0,517.1150271664733,1.0000001014552102
sheet1_to_sheet2,2,260,1.069749282897747e-05,1.0,517.1150271664733,1.0000001014552102
sheet1_to_sheet2,2,261,1.1411963034472395e-05,1.0,517.1150271664733,1.0000001014552102
sheet1_to_sheet2,2,262,1.1913248685478937e-05,1.0,517.1150271664733,1.0000001014552102
sheet1_to_sheet2,2,263,1.288731958567223e-05,1.0,517.1150271664733,1.0000001014552102
sheet1_to_sheet2,2,264,1.2989483913350387e-05,1.0,517.1150271664733,1.0000001014552102
sheet1_to_sheet2,2,265,1.3390016350694428e-05,1.0,517.1150271664733,1.0000001014552102
sheet1_to_sheet2,2,266,1.5176890527157265e-05,1.0,517.1150271664733,1.0000001014552102
sheet1_to_sheet2,2,267,1.540730665617298e-05,1.0,517.1150271664733,1.0000001014552102
sheet1_to_sheet2,2,268,1.5566774227677405e-05,1.0,517.1150271664733,1.0000001014552102
sheet1_to_sheet2,2,269,1.6491152298537942e-05,1.0,517.1150271664733,1.0000001014552102
sheet1_to_sheet2,2,270,1.6855964834967933e-05,1.0,517.1150271664733,1.0000001014552102
sheet1_to_sheet2,2,271,1.688237345450184e-05,1.0,517.1150271664733,1.0000001014552102
sheet1_to_sheet2,2,272,1.711034354475563e-05,1.0,517.1150271664733,1.0000001014552102
sheet1_to_sheet2,2,273,1.8205840407841486e-05,1.0,517.1150271664733,1.0000001014552102
sheet1_to_sheet2,2,274,1.8860491477523605e-05,1.0,517.1150271664733,1.0000001014552102
sheet1_to_sheet2,2,275,1.9305799742502805e-05,1.0,517.1150271664733,1.0000001014552102
sheet1_to_sheet2,2,276,2.0172738118488127e-05,1.0,517.1150271664733,1.0000001014552102
sheet1_to_sheet2,2,277,2.1085234936856907e-05,1.0,517.1150271664733,1.0000001014552102
sheet1_to_sheet2,2,278,2.1469175008601392e-05,1.0,517.1150271664733,1.0000001014552102
sheet1_to_sheet2,2,279,2.3121853309180674e-05,1.0,517.1150271664733,1.0000001014552102
sheet1_to_sheet2,2,280,2.3249589409690994e-05,1.0,517.1150271664733,1.0000001014552102
sheet1_to_sheet2,2,281,2.4565132395351775e-05,1.0,517.1150271664733,1.0000001014552102
sheet1_to_sheet2,2,282,2.5077167220046143e-05,1.0,517.1150271664733,1.0000001014552102
sheet1_to_sheet2,2,283,2.6030525415070687e-05,1.0,517.1150271664733,1.0000001014552102
sheet1_to_sheet2,2,284,2.6632336028136575e-05,1.0,517.1150271664733,1.0000001014552102
sheet1_to_sheet2,2,285,2.751334412826544e-05,1.0,517.1150271664733,1.0000001014552102
sheet1_to_sheet2,2,286,2.9223905141086534e-05,1.0,517.1150271664733,1.0000001014552102
sheet1_to_sheet2,2,287,3.090651617359957e-05,1.0,517.1150271664733,1.0000001014552102
sheet1_to_sheet2,2,288,3.128186464320996e-05,1.0,517.1150271664733,1.0000001014552102
sheet1_to_sheet2,2,289,3.2001962282970945e-05,1.0,517.1150271664733,1.0000001014552102
sheet1_to_sheet2,2,290,3.3559354891078935e-05,1.0,517.1150271664733,1.0000001014552102
sheet1_to_sheet2,2,291,3.431421540449038e-05,1.0,517.1150271664733,1.0000001014552102
sheet1_to_sheet2,2,292,3.4745881709096434e-05,1.0,517.1150271664733,1.0000001014552102
sheet1_to_sheet2,2,293,3.7604293723398076e-05,1.0,517.1150271664733,1.0000001014552102
sheet1_to_sheet2,2,294,3.802759206684999e-05,1.0,517.1150271664733,1.0000001014552102
sheet1_to_sheet2,2,295,4.0450568149947364e-05,1.0,517.1150271664733,1.0000001014552102
sheet1_to_sheet2,2,296,4.186763775636e-05,1.0,517.1150271664733,1.0000001014552102
sheet1_to_sheet2,2,297,4.458343021601029e-05,1.0,517.1150271664733,1.0000001014552102
sheet1_to_sheet2,2,298,4.5257562527409816e-05,1.0,517.1150271664733,1.0000001014552102
sheet1_to_sheet2,2,299,4.760490608301125e-05,1.0,517.1150271664733,1.0000001014552102
sheet1_to_sheet2,2,300,4.9585592613432136e-05,1.0,517.1150271664733,1.0000001014552102
sheet1_to_sheet2,2,301,4.9977301450453154e-05,1.0,517.1150271664733,1.0000001014552102
sheet1_to_sheet2,2,302,5.177126959855041e-05,1.0,517.1150271664733,1.0000001014552102
sheet1_to_sheet2,2,303,5.35563493292242e-05,1.0,517.1150271664733,1.0000001014552102
sheet1_to_sheet2,2,304,5.398291324970291e-05,1.0,517.1150271664733,1.0000001014552102
sheet1_to_sheet2,2,305,5.879641933641517e-05,1.0,517.1150271664733,1.0000001014552102
sheet1_to_sheet2,2,306,6.109388502815133e-05,1.0,517.1150271664733,1.0000001014552102
sheet1_to_sheet2,2,307,6.141447998475339e-05,1.0,517.1150271664733,1.0000001014552102
sheet1_to_sheet2,2,308,6.197381298690714e-05,1.0,517.1150271664733,1.0000001014552102
sheet1_to_sheet2,2,309,6.42753574563696e-05,1.0,517.1150271664733,1.0000001014552102
sheet1_to_sheet2,2,310,6.568561362084933e-05,1.0,517.1150271664733,1.0000001014552102
sheet1_to_sheet2,2,311,6.745200411661578e-05,1.0,517.1150271664733,1.0000001014552102
sheet1_to_sheet2,2,312,6.829617112793888e-05,1.0,517.1150271664733,1.0000001014552102
sheet1_to_sheet2,2,313,7.102596943234709e-05,1.0,517.1150271664733,1.0000001014552102
sheet1_to_sheet2,2,314,7.291446579272886e-05,1.0,517.1150271664733,1.0000001014552102
sheet1_to_sheet2,2,315,7.507625149416966e-05,1.0,517.1150271664733,1.0000001014552102
sheet1_to_sheet2,2,316,7.754170215532934e-05,1.0,517.1150271664733,1.0000001014552102
sheet1_to_sheet2,2,317,7.933353385368314e-05,1.0,517.1150271664733,1.0000001014552102
sheet1_to_sheet2,2,318,8.082948246781247e-05,1.0,517.1150271664733,1.0000001014552102
sheet1_to_sheet2,2,319,8.473062464160817e-05,1.0,517.1150271664733,1.0000001014552102
sheet1_to_sheet2,2,320,8.663950347021988e-05,1.0,517.1150271664733,1.0000001014552102
sheet1_to_sheet2,2,321,8.81907503155381e-05,1.0,517.1150271664733,1.0000001014552102
sheet1_to_sheet2,2,322,9.197346900263968e-05,1.0,517.1150271664733,1.0000001014552102
sheet1_to_sheet2,2,323,9.61019682078659e-05,1.0,517.1150271664733,1.0000001014552102
sheet1_to_sheet2,2,324,9.862050305511192e-05,1.0,517.1150271664733,1.0000001014552102
sheet1_to_sheet2,2,325,0.00010054867307681545,1.0,517.1150271664733,1.0000001014552102
sheet1_to_sheet2,2,326,0.0001012888799113173,1.0,517.1150271664733,1.0000001014552102
sheet1_to_sheet2,2,327,0.00010462636807660023,1.0,517.1150271664733,1.0000001014552102
sheet1_to_sheet2,2,328,0.00010524732513346073,1.0,517.1150271664733,1.0000001014552102
sheet1_to_sheet2,2,329,0.00011173410760679161,1.0,517.1150271664733,1.0000001014552102
sheet1_to_sheet2,2,330,0.0001182898635834869,1.0,517.1150271664733,1.0000001014552102
sheet1_to_sheet2,2,331,0.0001195815039954544,1.0,517.1150271664733,1.0000001014552102
sheet1_to_sheet2,2,332,0.00012401163294524086,1.0,517.1150271664733,1.0000001014552102
sheet1_to_sheet2,2,333,0.00012666854182676518,1.0,517.1150271664733,1.0000001014552102
sheet1_to_sheet2,2,334,0.00012829196880833712,1.0,517.1150271664733,1.0000001014552102
sheet1_to_sheet2,2,335,0.00013198979377676993,1.0,517.1150271664733,1.0000001014552102
sheet1_to_sheet2,2,336,0.00013903180920222461,1.0,517.1150271664733,1.0000001014552102
sheet1_to_sheet2,2,337,0.00014343439928722303,1.0,517.1150271664733,1.0000001014552102
sheet1_to_sheet2,2,338,0.00014572239889238447,1.0,517.1150271664733,1.0000001014552102
sheet1_to_sheet2,2,339,0.00015060263504661797,1.0,517.1150271664733,1.0000001014552102
sheet1_to_sheet2,2,340,0.0001565912131012141,1.0,517.1150271664733,1.0000001014552102
sheet1_to_sheet2,2,341,0.00015730731910539828,1.0,517.1150271664733,1.0000001014552102
sheet1_to_sheet2,2,342,0.00016165439867106454,1.0,517.1150271664733,1.0000001014552102
sheet1_to_sheet2,2,343,0.0001661378240019003,1.0,517.1150271664733,1.0000001014552102
sheet1_to_sheet2,2,344,0.0001695004561366459,1.0,517.1150271664733,1.0000001014552102
sheet1_to_sheet2,2,345,0.0001821719632831604,1.0,517.1150271664733,1.0000001014552102
sheet1_to_sheet2,2,346,0.0001886712902193635,1.0,517.1150271664733,1.0000001014552102
sheet1_to_sheet2,2,347,0.00019705397546359733,1.0,517.1150271664733,1.0000001014552102
sheet1_to_sheet2,2,348,0.00020461155065195833,1.0,517.1150271664733,1.0000001014552102
sheet1_to_sheet2,2,349,0.00020946147876729608,1.0,517.1150271664733,1.0000001014552102
sheet1_to_sheet2,2,350,0.00022204229790766207,1.0,517.1150271664733,1.0000001014552102
sheet1_to_sheet2,2,351,0.00022603463369209442,1.0,517.1150271664733,1.0000001014552102
sheet1_to_sheet2,2,352,0.00022813973338630755,1.0,517.1150271664733,1.0000001014552102
sheet1_to_sheet2,2,353,0.00024603136426709675,1.0,517.1150271664733,1.0000001014552102
sheet1_to_sheet2,2,354,0.0002476241978259266,1.0,517.1150271664733,1.0000001014552102
sheet1_to_sheet2,2,355,0.0002529772962208608,1.0,517.1150271664733,1.0000001014552102
sheet1_to_sheet2,2,356,0.00025977490094425507,1.0,517.1150271664733,1.0000001014552102
sheet1_to_sheet2,2,357,0.00027360118074221226,1.0,517.1150271664733,1.0000001014552102
sheet1_to_sheet2,2,358,0.000283963983857815,1.0,517.1150271664733,1.0000001014552102
sheet1_to_sheet2,2,359,0.00029697177177842517,1.0,517.1150271664733,1.0000001014552102
sheet1_to_sheet2,2,360,0.0003151454188816493,1.0,517.1150271664733,1.0000001014552102
sheet1_to_sheet2,2,361,0.0003218814597479208,1.0,517.1150271664733,1.0000001014552102
sheet1_to_sheet2,2,362,0.00033235363432539545,1.0,517.1150271664733,1.0000001014552102
sheet1_to_sheet2,2,363,0.000335406423211592,1.0,517.1150271664733,1.0000001014552102
sheet1_to_sheet2,2,364,0.00034063924605242616,1.0,517.1150271664733,1.0000001014552102
sheet1_to_sheet2,2,365,0.0003488968245142311,1.0,517.1150271664733,1.0000001014552102
sheet1_to_sheet2,2,366,0.00035087188515488303,1.0,517.1150271664733,1.0000001014552102
sheet1_to_sheet2,2,367,0.00036903850593231945,1.0,517.1150271664733,1.0000001014552102
sheet1_to_sheet2,2,368,0.00037181829903268435,1.0,517.1150271664733,1.0000001014552102
sheet1_to_sheet2,2,369,0.0003771186610787701,1.0,517.1150271664733,1.0000001014552102
sheet1_to_sheet2,2,370,0.00037864606896239456,1.0,517.1150271664733,1.0000001014552102
sheet1_to_sheet2,2,371,0.0003936175380063725,1.0,517.1150271664733,1.0000001014552102
sheet1_to_sheet2,2,372,0.0004095159608177667,1.0,517.1150271664733,1.0000001014552102
sheet1_to_sheet2,2,373,0.00042630103212604095,1.0,517.1150271664733,1.0000001014552102
sheet1_to_sheet2,2,374,0.00043053829433569194,1.0,517.1150271664733,1.0000001014552102
sheet1_to_sheet2,2,375,0.0004338240209444722,1.0,517.1150271664733,1.0000001014552102
sheet1_to_sheet2,2,376,0.00044616864059416055,1.0,517.1150271664733,1.0000001014552102
sheet1_to_sheet2,2,377,0.00046512464291474144,1.0,517.1150271664733,1.0000001014552102
sheet1_to_sheet2,2,378,0.0004893865535482185,1.0,517.1150271664733,1.0000001014552102
sheet1_to_sheet2,2,379,0.0004936445698471414,1.0,517.1150271664733,1.0000001014552102
sheet1_to_sheet2,2,380,0.0005054802238130214,1.0,517.1150271664733,1.0000001014552102
sheet1_to_sheet2,2,381,0.0005234264416059941,1.0,517.1150271664733,1.0000001014552102
sheet1_to_sheet2,2,382,0.0005305981465780468,1.0,517.1150271664733,1.0000001014552102
sheet1_to_sheet2,2,383,0.0005401831903313756,1.0,517.1150271664733,1.0000001014552102
sheet1_to_sheet2,2,384,0.0005703552961016889,1.0,517.1150271664733,1.0000001014552102
sheet1_to_sheet2,2,385,0.0005829234989589693,1.0,517.1150271664733,1.0000001014552102
sheet1_to_sheet2,2,386,0.0006019547994886846,1.0,517.1150271664733,1.0000001014552102
sheet1_to_sheet2,2,387,0.0006156793513421743,1.0,517.1150271664733,1.0000001014552102
sheet1_to_sheet2,2,388,0.0006197760835242092,1.0,517.1150271664733,1.0000001014552102
sheet1_to_sheet2,2,389,0.0006352688963821504,1.0,517.1150271664733,1.0000001014552102
sheet1_to_sheet2,2,390,0.0006526842216208646,1.0,517.1150271664733,1.0000001014552102
sheet1_to_sheet2,2,391,0.0006628483646030796,1.0,517.1150271664733,1.0000001014552102
sheet1_to_sheet2,2,392,0.0006838479077234052,1.0,517.1150271664733,1.0000001014552102
sheet1_to_sheet2,2,393,0.0006937690136695396,1.0,517.1150271664733,1.0000001014552102
sheet1_to_sheet2,2,394,0.00071021275595183,1.0,517.1150271664733,1.0000001014552102
sheet1_to_sheet2,2,395,0.0007483431353535358,1.0,517.1150271664733,1.0000001014552102
sheet1_to_sheet2,2,396,0.0007529293117502494,1.0,517.1150271664733,1.0000001014552102
sheet1_to_sheet2,2,397,0.0007600413366342508,1.0,517.1150271664733,1.0000001014552102
sheet1_to_sheet2,2,398,0.0007831289529416235,1.0,517.1150271664733,1.0000001014552102
sheet1_to_sheet2,2,399,0.0008026836131430272,1.0,517.1150271664733,1.0000001014552102
sheet1_to_sheet2,2,400,0.0008417009030449306,1.0,517.1150271664733,1.0000001014552102
sheet1_to_sheet2,2,401,0.0008711213482401827,1.0,517.1150271664733,1.0000001014552102
sheet1_to_sheet2,2,402,0.0008996288404222143,1.0,517.1150271664733,1.0000001014552102
sheet1_to_sheet2,2,403,0.0009104302106737956,1.0,517.1150271664733,1.0000001014552102
sheet1_to_sheet2,2,404,0.0009433257120681977,1.0,517.1150271664733,1.0000001014552102
sheet1_to_sheet2,2,405,0.0009464538361747163,1.0,517.1150271664733,1.0000001014552102
sheet1_to_sheet2,2,406,0.0009655837277695041,1.0,517.1150271664733,1.0000001014552102
sheet1_to_sheet2,2,407,0.0009767529140548297,1.0,517.1150271664733,1.0000001014552102
sheet1_to_sheet2,2,408,0.0009922707608836562,1.0,517.1150271664733,1.0000001014552102
sheet1_to_sheet2,2,409,0.0010200459942420125,1.0,517.1150271664733,1.0000001014552102
sheet1_to_sheet2,2,410,0.0010609724411021716,1.0,517.1150271664733,1.0000001014552102
sheet1_to_sheet2,2,411,0.001090165901364664,1.0,517.1150271664733,1.0000001014552102
sheet1_to_sheet2,2,412,0.0011205934945113269,1.0,517.1150271664733,1.0000001014552102
sheet1_to_sheet2,2,413,0.0011461211438085267,1.0,517.1150271664733,1.0000001014552102
sheet1_to_sheet2,2,414,0.0011939720368571941,1.0,517.1150271664733,1.0000001014552102
sheet1_to_sheet2,2,415,0.0012177989705977983,1.0,517.1150271664733,1.0000001014552102
sheet1_to_sheet2,2,416,0.0012331410147996468,1.0,517.1150271664733,1.0000001014552102
sheet1_to_sheet2,2,417,0.0012797367129625755,1.0,517.1150271664733,1.0000001014552102
sheet1_to_sheet2,2,418,0.0012916705950598063,1.0,517.1150271664733,1.0000001014552102
sheet1_to_sheet2,2,419,0.0013111216933559284,1.0,517.1150271664733,1.0000001014552102
sheet1_to_sheet2,2,420,0.0013546874573790836,1.0,517.1150271664733,1.0000001014552102
sheet1_to_sheet2,2,421,0.001367167684137899,1.0,517.1150271664733,1.0000001014552102
sheet1_to_sheet2,2,422,0.0013901493624436084,1.0,517.1150271664733,1.0000001014552102
sheet1_to_sheet2,2,423,0.0014255223925826572,1.0,517.1150271664733,1.0000001014552102
sheet1_to_sheet2,2,424,0.0014526914192113912,1.0,517.1150271664733,1.0000001014552102
sheet1_to_sheet2,2,425,0.0014972102400427876,1.0,517.1150271664733,1.0000001014552102
sheet1_to_sheet2,2,426,0.0015365278760053978,1.0,517.1150271664733,1.0000001014552102
sheet1_to_sheet2,2,427,0.0016233565425965305,1.0,517.1150271664733,1.0000001014552102
sheet1_to_sheet2,2,428,0.0016281891901499413,1.0,517.1150271664733,1.0000001014552102
sheet1_to_sheet2,2,429,0.001688410657198896,1.0,517.1150271664733,1.0000001014552102
sheet1_to_sheet2,2,430,0.0017454178283005265,1.0,517.1150271664733,1.0000001014552102
sheet1_to_sheet2,2,431,0.0017902130095677287,1.0,517.1150271664733,1.0000001014552102
sheet1_to_sheet2,2,432,0.0018262228899874281,1.0,517.1150271664733,1.0000001014552102
sheet1_to_sheet2,2,433,0.001872186945437011,1.0,517.1150271664733,1.0000001014552102
sheet1_to_sheet2,2,434,0.0018955691660545312,1.0,517.1150271664733,1.0000001014552102
sheet1_to_sheet2,2,435,0.0019277688134327297,1.0,517.1150271664733,1.0000001014552102
sheet1_to_sheet2,2,436,0.0019583558719369694,1.0,517.1150271664733,1.0000001014552102
sheet1_to_sheet2,2,437,0.0020037085698031806,1.0,517.1150271664733,1.0000001014552102
sheet1_to_sheet2,2,438,0.002040416258933409,1.0,517.1150271664733,1.0000001014552102
sheet1_to_sheet2,2,439,0.002119176521821302,1.0,517.1150271664733,1.0000001014552102
sheet1_to_sheet2,2,440,0.0021506049216138664,1.0,517.1150271664733,1.0000001014552102
sheet1_to_sheet2,2,441,0.002176285659804735,1.0,517.1150271664733,1.0000001014552102
sheet1_to_sheet2,2,442,0.002254583400582369,1.0,517.1150271664733,1.0000001014552102
sheet1_to_sheet2,2,443,0.0023269085123872354,1.0,517.1150271664733,1.0000001014552102
sheet1_to_sheet2,2,444,0.0023546339126552644,1.0,517.1150271664733,1.0000001014552102
sheet1_to_sheet2,2,445,0.002396691272716846,1.0,517.1150271664733,1.0000001014552102
sheet1_to_sheet2,2,446,0.002420663967171421,1.0,517.1150271664733,1.0000001014552102
sheet1_to_sheet2,2,447,0.002457205146587976,1.0,517.1150271664733,1.0000001014552102
sheet1_to_sheet2,2,448,0.002530916796317553,1.0,517.1150271664733,1.0000001014552102
sheet1_to_sheet2,2,449,0.00259952371188808,1.0,517.1150271664733,1.0000001014552102
sheet1_to_sheet2,2,450,0.0026517142802282116,1.0,517.1150271664733,1.0000001014552102
sheet1_to_sheet2,2,451,0.0027566800759294004,1.0,517.1150271664733,1.0000001014552102
sheet1_to_sheet2,2,452,0.0028171912568102394,1.0,517.1150271664733,1.0000001014552102
sheet1_to_sheet2,2,453,0.0028406153384542138,1.0,517.1150271664733,1.0000001014552102
sheet1_to_sheet2,2,454,0.0028881195656830926,1.0,517.1150271664733,1.0000001014552102
sheet1_to_sheet2,2,455,0.0029773632421500494,1.0,517.1150271664733,1.0000001014552102
sheet1_to_sheet2,2,456,0.0030241276737433547,1.0,517.1150271664733,1.0000001014552102
sheet1_to_sheet2,2,457,0.0031018285407218606,1.0,517.1150271664733,1.0000001014552102
sheet1_to_sheet2,2,458,0.0031364942125669823,1.0,517.1150271664733,1.0000001014552102
sheet1_to_sheet2,2,459,0.003162688624971581,1.0,517.1150271664733,1.0000001014552102
sheet1_to_sheet2,2,460,0.0033120376791783463,1.0,517.1150271664733,1.0000001014552102
sheet1_to_sheet2,2,461,0.0033979096105735186,1.0,517.1150271664733,1.0000001014552102
sheet1_to_sheet2,2,462,0.003402961323527456,1.0,517.1150271664733,1.0000001014552102
sheet1_to_sheet2,2,463,0.0034778922968105083,1.0,517.1150271664733,1.0000001014552102
sheet1_to_sheet2,2,464,0.0035962895783528087,1.0,517.1150271664733,1.0000001014552102
sheet1_to_sheet2,2,465,0.0036849970410964064,1.0,517.1150271664733,1.0000001014552102
sheet1_to_sheet2,2,466,0.0038601368416083977,1.0,517.1150271664733,1.0000001014552102
sheet1_to_sheet2,2,467,0.0039347979531421,1.0,517.1150271664733,1.0000001014552102
sheet1_to_sheet2,2,468,0.004026217463480052,1.0,517.1150271664733,1.0000001014552102
sheet1_to_sheet2,2,469,0.004036690839846067,1.0,517.1150271664733,1.0000001014552102
sheet1_to_sheet2,2,470,0.0040621812652281665,1.0,517.1150271664733,1.0000001014552102
sheet1_to_sheet2,2,471,0.004209758648441564,1.0,517.1150271664733,1.0000001014552102
sheet1_to_sheet2,2,472,0.004230764546569871,1.0,517.1150271664733,1.0000001014552102
sheet1_to_sheet2,2,473,0.00434071491744248,1.0,517.1150271664733,1.0000001014552102
sheet1_to_sheet2,2,474,0.0044485489660092735,1.0,517.1150271664733,1.0000001014552102
sheet1_to_sheet2,2,475,0.0045569837810960434,1.0,517.1150271664733,1.0000001014552102
sheet1_to_sheet2,2,476,0.004600313189913693,1.0,517.1150271664733,1.0000001014552102
sheet1_to_sheet2,2,477,0.004721324614247313,1.0,517.1150271664733,1.0000001014552102
sheet1_to_sheet2,2,478,0.004772916337335116,1.0,517.1150271664733,1.0000001014552102
sheet1_to_sheet2,2,479,0.004970409080800958,1.0,517.1150271664733,1.0000001014552102
sheet1_to_sheet2,2,480,0.005026364945845778,1.0,517.1150271664733,1.0000001014552102
sheet1_to_sheet2,2,481,0.005069308679007935,1.0,517.1150271664733,1.0000001014552102
sheet1_to_sheet2,2,482,0.005164972015327461,1.0,517.1150271664733,1.0000001014552102
sheet1_to_sheet2,2,483,0.0052417810361835016,1.0,517.1150271664733,1.0000001014552102
sheet1_to_sheet2,2,484,0.005301964154471432,1.0,517.1150271664733,1.0000001014552102
sheet1_to_sheet2,2,485,0.005485130378371839,1.0,517.1150271664733,1.0000001014552102
sheet1_to_sheet2,2,486,0.005710859258915795,1.0,517.1150271664733,1.0000001014552102
sheet1_to_sheet2,2,487,0.005827747907477849,1.0,517.1150271664733,1.0000001014552102
sheet1_to_sheet2,2,488,0.005843104410909975,1.0,517.1150271664733,1.0000001014552102
sheet1_to_sheet2,2,489,0.005878504063064415,1.0,517.1150271664733,1.0000001014552102
sheet1_to_sheet2,2,490,0.006135136402992617,1.0,517.1150271664733,1.0000001014552102
sheet1_to_sheet2,2,491,0.0062127722808734374,1.0,517.1150271664733,1.0000001014552102
sheet1_to_sheet2,2,492,0.006335686249206013,1.0,517.1150271664733,1.0000001014552102
sheet1_to_sheet2,2,493,0.006458174936637692,1.0,517.1150271664733,1.0000001014552102
sheet1_to_sheet2,2,494,0.006591571513759407,1.0,517.1150271664733,1.0000001014552102
sheet1_to_sheet2,2,495,0.006658684508888569,1.0,517.1150271664733,1.0000001014552102
sheet1_to_sheet2,2,496,0.00685204760724578,1.0,517.1150271664733,1.0000001014552102
sheet1_to_sheet2,2,497,0.006857961054451316,1.0,517.1150271664733,1.0000001014552102
sheet1_to_sheet2,2,498,0.0069201338098932325,1.0,517.1150271664733,1.0000001014552102
sheet1_to_sheet2,2,499,0.007196668779315699,1.0,517.1150271664733,1.0000001014552102
sheet1_to_sheet2,2,500,0.007344044594373163,1.0,517.1150271664733,1.0000001014552102
sheet1_to_sheet2,2,501,0.0075856474419433995,1.0,517.1150271664733,1.0000001014552102
sheet1_to_sheet2,2,502,0.007851714568158077,1.0,517.1150271664733,1.0000001014552102
sheet1_to_sheet2,2,503,0.007957316964088261,1.0,517.1150271664733,1.0000001014552102
sheet1_to_sheet2,2,504,0.008042001808004939,1.0,517.1150271664733,1.0000001014552102
sheet1_to_sheet2,2,505,0.008234408306842484,1.0,517.1150271664733,1.0000001014552102
sheet1_to_sheet2,2,506,0.008550333584228572,1.0,517.1150271664733,1.0000001014552102
sheet1_to_sheet2,2,507,0.008686973555755527,1.0,517.1150271664733,1.0000001014552102
sheet1_to_sheet2,2,508,0.009035528161104887,1.0,517.1150271664733,1.0000001014552102
sheet1_to_sheet2,2,509,0.009158006364654438,1.0,517.1150271664733,1.0000001014552102
sheet1_to_sheet2,2,510,0.009355733159121344,1.0,517.1150271664733,1.0000001014552102
sheet1_to_sheet2,2,511,0.00945125650210471,1.0,517.1150271664733,1.0000001014552102
sheet1_to_sheet2,2,512,0.00957923026710295,1.0,517.1150271664733,1.0000001014552102
sheet1_to_sheet2,2,513,0.009961757738159728,1.0,517.1150271664733,1.0000001014552102
sheet1_to_sheet2,2,514,0.010029419789588857,1.0,517.1150271664733,1.0000001014552102
sheet1_to_sheet2,2,515,0.010206153196275044,1.0,517.1150271664733,1.0000001014552102
sheet1_to_sheet2,2,516,0.010427840291484181,1.0,517.1150271664733,1.0000001014552102
sheet1_to_sheet2,2,517,0.010713159692083786,1.0,517.1150271664733,1.0000001014552102
sheet1_to_sheet2,2,518,0.010991016750632843,1.0,517.1150271664733,1.0000001014552102
sheet1_to_sheet2,2,519,0.010995438511642358,1.0,517.1150271664733,1.0000001014552102
sheet1_to_sheet2,2,520,0.011399120633831918,1.0,517.1150271664733,1.0000001014552102
sheet1_to_sheet2,2,521,0.011628118954917693,1.0,517.1150271664733,1.0000001014552102
sheet1_to_sheet2,2,522,0.011972455981810987,1.0,517.1150271664733,1.0000001014552102
sheet1_to_sheet2,2,523,0.01214148119996121,1.0,517.1150271664733,1.0000001014552102
sheet1_to_sheet2,2,524,0.01256924196467035,1.0,517.1150271664733,1.0000001014552102
sheet1_to_sheet2,2,525,0.012791359080705854,1.0,517.1150271664733,1.0000001014552102
sheet1_to_sheet2,2,526,0.013303548255233274,1.0,517.1150271664733,1.0000001014552102
sheet1_to_sheet2,2,527,0.01342383856876524,1.0,517.1150271664733,1.0000001014552102
sheet1_to_sheet2,2,528,0.013635248692956547,1.0,517.1150271664733,1.0000001014552102
sheet1_to_sheet2,2,529,0.014043996035884349,1.0,517.1150271664733,1.0000001014552102
sheet1_to_sheet2,2,530,0.014377356387876246,1.0,517.1150271664733,1.0000001014552102
sheet1_to_sheet2,2,531,0.014590935543751318,1.0,517.1150271664733,1.0000001014552102
sheet1_to_sheet2,2,532,0.01471285933552314,1.0,517.1150271664733,1.0000001014552102
sheet1_to_sheet2,2,533,0.014899957508526523,1.0,517.1150271664733,1.0000001014552102
sheet1_to_sheet2,2,534,0.015638314392952386,1.0,517.1150271664733,1.0000001014552102
sheet1_to_sheet2,2,535,0.015935828450692108,1.0,517.1150271664733,1.0000001014552102
sheet1_to_sheet2,2,536,0.016261786849588233,1.0,517.1150271664733,1.0000001014552102
sheet1_to_sheet2,2,537,0.016478644615633135,1.0,517.1150271664733,1.0000001014552102
sheet1_to_sheet2,2,538,0.016838624743859783,1.0,517.1150271664733,1.0000001014552102
sheet1_to_sheet2,2,539,0.017348704014593548,1.0,517.1150271664733,1.0000001014552102
sheet1_to_sheet2,2,540,0.01788270041295382,1.0,517.1150271664733,1.0000001014552102
sheet1_to_sheet2,2,541,0.018232607551267106,1.0,517.1150271664733,1.0000001014552102
sheet1_to_sheet2,2,542,0.01871063839804444,1.0,517.1150271664733,1.0000001014552102
sheet1_to_sheet2,2,543,0.01899181004458659,1.0,517.1150271664733,1.0000001014552102
sheet1_to_sheet2,2,544,0.01929826691248567,1.0,517.1150271664733,1.0000001014552102
sheet1_to_sheet2,2,545,0.01972890717394631,1.0,517.1150271664733,1.0000001014552102
sheet1_to_sheet2,2,546,0.020081496817486676,1.0,517.1150271664733,1.0000001014552102
sheet1_to_sheet2,2,547,0.02077486246093385,1.0,517.1150271664733,1.0000001014552102
sheet1_to_sheet2,2,548,0.021321539457453263,1.0,517.1150271664733,1.0000001014552102
sheet1_to_sheet2,2,549,0.021590640901499175,1.0,517.1150271664733,1.0000001014552102
sheet1_to_sheet2,2,550,0.021985262409470994,1.0,517.1150271664733,1.0000001014552102
sheet1_to_sheet2,2,551,0.022333158921842667,1.0,517.1150271664733,1.0000001014552102
sheet1_to_sheet2,2,552,0.022951719592428813,1.0,517.1150271664733,1.0000001014552102
sheet1_to_sheet2,2,553,0.02344067829001278,1.0,517.1150271664733,1.0000001014552102
sheet1_to_sheet2,2,554,0.02414675244751882,1.0,517.1150271664733,1.0000001014552102
sheet1_to_sheet2,2,555,0.024445005402098693,1.0,517.1150271664733,1.0000001014552102
sheet1_to_sheet2,2,556,0.02557084875075669,1.0,517.1150271664733,1.0000001014552102
sheet1_to_sheet2,2,557,0.026053592019127644,1.0,517.1150271664733,1.0000001014552102
sheet1_to_sheet2,2,558,0.026646950582743665,1.0,517.1150271664733,1.0000001014552102
sheet1_to_sheet2,2,559,0.027130539811586585,1.0,517.1150271664733,1.0000001014552102
sheet1_to_sheet2,2,560,0.027731850702624596,1.0,517.1150271664733,1.0000001014552102
sheet1_to_sheet2,2,561,0.028321015951923222,1.0,517.1150271664733,1.0000001014552102
sheet1_to_sheet2,2,562,0.02942394668026183,1.0,517.1150271664733,1.0000001014552102
sheet1_to_sheet2,2,563,0.02995219641363655,1.0,517.1150271664733,1.0000001014552102
sheet1_to_sheet2,2,564,0.03048023205462973,1.0,517.1150271664733,1.0000001014552102
sheet1_to_sheet2,2,565,0.03069210460563034,1.0,517.1150271664733,1.0000001014552102
sheet1_to_sheet2,2,566,0.03128844081320868,1.0,517.1150271664733,1.0000001014552102
sheet1_to_sheet2,2,567,0.031520432544522074,1.0,517.1150271664733,1.0000001014552102
sheet1_to_sheet2,2,568,0.03287181268884413,1.0,517.1150271664733,1.0000001014552102
sheet1_to_sheet2,2,569,0.033741966051857426,1.0,517.1150271664733,1.0000001014552102
sheet1_to_sheet2,2,570,0.0344550834744277,1.0,517.1150271664733,1.0000001014552102
sheet1_to_sheet2,2,571,0.035821240653071795,1.0,517.1150271664733,1.0000001014552102
sheet1_to_sheet2,2,572,0.03622251803587686,1.0,517.1150271664733,1.0000001014552102
sheet1_to_sheet2,2,573,0.037139848630450174,1.0,517.1150271664733,1.0000001014552102
sheet1_to_sheet2,2,574,0.03820960818250212,1.0,517.1150271664733,1.0000001014552102
sheet1_to_sheet2,2,575,0.03900844118705877,1.0,517.1150271664733,1.0000001014552102
sheet1_to_sheet2,2,576,0.03935092449563604,1.0,517.1150271664733,1.0000001014552102
sheet1_to_sheet2,2,577,0.04063833981857626,1.0,517.1150271664733,1.0000001014552102
sheet1_to_sheet2,2,578,0.04223028740460032,1.0,517.1150271664733,1.0000001014552102
sheet1_to_sheet2,2,579,0.04291172395444637,1.0,517.1150271664733,1.0000001014552102
sheet1_to_sheet2,2,580,0.04432096276060552,1.0,517.1150271664733,1.0000001014552102
sheet1_to_sheet2,2,581,0.04472125799370358,1.0,517.1150271664733,1.0000001014552102
sheet1_to_sheet2,2,582,0.045820667174115995,1.0,517.1150271664733,1.0000001014552102
sheet1_to_sheet2,2,583,0.04655618825228788,1.0,517.1150271664733,1.0000001014552102
sheet1_to_sheet2,2,584,0.048603698390616075,1.0,517.1150271664733,1.0000001014552102
sheet1_to_sheet2,2,585,0.05077249129511073,1.0,517.1150271664733,1.0000001014552102
sheet1_to_sheet2,2,586,0.05120298587414017,1.0,517.1150271664733,1.0000001014552102
sheet1_to_sheet2,2,587,0.05239430248180811,1.0,517.1150271664733,1.0000001014552102
sheet1_to_sheet2,2,588,0.05342257777548779,1.0,517.1150271664733,1.0000001014552102
sheet1_to_sheet2,2,589,0.05490526450397183,1.0,517.1150271664733,1.0000001014552102
sheet1_to_sheet2,2,590,0.05691223985825196,1.0,517.1150271664733,1.0000001014552102
sheet1_to_sheet2,2,591,0.0574935001650712,1.0,517.1150271664733,1.0000001014552102
sheet1_to_sheet2,2,592,0.05847493168580915,1.0,517.1150271664733,1.0000001014552102
sheet1_to_sheet2,2,593,0.05954382585885767,1.0,517.1150271664733,1.0000001014552102
sheet1_to_sheet2,2,594,0.061124931893263366,1.0,517.1150271664733,1.0000001014552102
sheet1_to_sheet2,2,595,0.06475882142036513,1.0,517.1150271664733,1.0000001014552102
sheet1_to_sheet2,2,596,0.06657079291297383,1.0,517.1150271664733,1.0000001014552102
sheet1_to_sheet2,2,597,0.06947124200440055,1.0,517.1150271664733,1.0000001014552102
sheet1_to_sheet2,2,598,0.07161242053056857,1.0,517.1150271664733,1.0000001014552102
sheet1_to_sheet2,2,599,0.07442017915648197,1.0,517.1150271664733,1.0000001014552102
sheet1_to_sheet2,2,600,0.07835784982911496,1.0,517.1150271664733,1.0000001014552102
sheet1_to_sheet2,2,601,0.0786524254357917,1.0,517.1150271664733,1.0000001014552102
sheet1_to_sheet2,2,602,0.08152536099776732,1.0,517.1150271664733,1.0000001014552102
sheet1_to_sheet2,2,603,0.08277504520857862,1.0,517.1150271664733,1.0000001014552102
sheet1_to_sheet2,2,604,0.0859834359506482,1.0,517.1150271664733,1.0000001014552102
sheet1_to_sheet2,2,605,0.08763163750402378,1.0,517.1150271664733,1.0000001014552102
sheet1_to_sheet2,2,606,0.08849449661451364,1.0,517.1150271664733,1.0000001014552102
sheet1_to_sheet2,2,607,0.09295970432681858,1.0,517.1150271664733,1.0000001014552102
sheet1_to_sheet2,2,608,0.09336962276333338,1.0,517.1150271664733,1.0000001014552102
sheet1_to_sheet2,2,609,0.09516039852239097,1.0,517.1150271664733,1.0000001014552102
sheet1_to_sheet2,2,610,0.0975134065639983,1.0,517.1150271664733,1.0000001014552102
sheet1_to_sheet2,2,611,0.10132251147927528,1.0,517.1150271664733,1.0000001014552102
sheet1_to_sheet2,2,612,0.10155361538568206,1.0,517.1150271664733,1.0000001014552102
sheet1_to_sheet2,2,613,0.10569251945757982,1.0,517.1150271664733,1.0000001014552102
sheet1_to_sheet2,2,614,0.11001490043496572,1.0,517.1150271664733,1.0000001014552102
sheet1_to_sheet2,2,615,0.11317880836133508,1.0,517.1150271664733,1.0000001014552102
sheet1_to_sheet2,2,616,0.11665420992810349,1.0,517.1150271664733,1.0000001014552102
sheet1_to_sheet2,2,617,0.1196548905539563,1.0,517.1150271664733,1.0000001014552102
sheet1_to_sheet2,2,618,0.12068236014869511,1.0,517.1150271664733,1.0000001014552102
sheet1_to_sheet2,2,619,0.13226434998028513,1.0,517.1150271664733,1.0000001014552102
sheet1_to_sheet2,2,620,0.1356391661530916,1.0,517.1150271664733,1.0000001014552102
sheet1_to_sheet2,2,621,0.1416645453219696,1.0,517.1150271664733,1.0000001014552102
sheet1_to_sheet2,2,622,0.14761993709282456,1.0,517.1150271664733,1.0000001014552102
sheet1_to_sheet2,2,623,0.15135556744256304,1.0,517.1150271664733,1.0000001014552102
sheet1_to_sheet2,2,624,0.15447032675865408,1.0,517.1150271664733,1.0000001014552102
sheet1_to_sheet2,2,625,0.16051401344845187,1.0,517.1150271664733,1.0000001014552102
sheet1_to_sheet2,2,626,0.1652452211502767,1.0,517.1150271664733,1.0000001014552102
sheet1_to_sheet2,2,627,0.17094437329261647,1.0,517.1150271664733,1.0000001014552102
sheet1_to_sheet2,2,628,0.1761010504812522,1.0,517.1150271664733,1.0000001014552102
sheet1_to_sheet2,2,629,0.18034569525762345,1.0,517.1150271664733,1.0000001014552102
sheet1_to_sheet2,2,630,0.1841160741814389,1.0,517.1150271664733,1.0000001014552102
sheet1_to_sheet2,2,631,0.18662479650145086,1.0,517.1150271664733,1.0000001014552102
sheet1_to_sheet2,2,632,0.19427526402960718,1.0,517.1150271664733,1.0000001014552102
sheet1_to_sheet2,2,633,0.19514774808751514,1.0,517.1150271664733,1.0000001014552102
sheet1_to_sheet2,2,634,0.20009771010847122,1.0,517.1150271664733,1.0000001014552102
sheet1_to_sheet2,2,635,0.20922606298054067,1.0,517.1150271664733,1.0000001014552102
sheet1_to_sheet2,2,636,0.215400387751848,1.0,517.1150271664733,1.0000001014552102
sheet1_to_sheet2,2,637,0.22207362831389257,1.0,517.1150271664733,1.0000001014552102
sheet1_to_sheet2,2,638,0.23015894480517035,1.0,517.1150271664733,1.0000001014552102
sheet1_to_sheet2,2,639,0.23591942330168772,1.0,517.1150271664733,1.0000001014552102
sheet1_to_sheet2,2,640,0.2370293114083209,1.0,517.1150271664733,1.0000001014552102
sheet1_to_sheet2,2,641,0.24517141583148988,1.0,517.1150271664733,1.0000001014552102
sheet1_to_sheet2,2,642,0.2622020203194823,1.0,517.1150271664733,1.0000001014552102
sheet1_to_sheet2,2,643,0.2655138483961349,1.0,517.1150271664733,1.0000001014552102
sheet1_to_sheet2,2,644,0.27514992119122356,1.0,517.1150271664733,1.0000001014552102
sheet1_to_sheet2,2,645,0.2959708696953357,1.0,517.1150271664733,1.0000001014552102
sheet1_to_sheet2,2,646,0.3001051228460529,1.0,517.1150271664733,1.0000001014552102
sheet1_to_sheet2,2,647,0.3121165329815701,1.0,517.1150271664733,1.0000001014552102
sheet1_to_sheet2,2,648,0.3249000973301466,1.0,517.1150271664733,1.0000001014552102
sheet1_to_sheet2,2,649,0.3299628448873669,1.0,517.1150271664733,1.0000001014552102
sheet1_to_sheet2,2,650,0.33793353895716705,1.0,517.1150271664733,1.0000001014552102
sheet1_to_sheet2,2,651,0.3440355738051157,1.0,517.1150271664733,1.0000001014552102
sheet1_to_sheet2,2,652,0.36994401637401453,1.0,517.1150271664733,1.0000001014552102
sheet1_to_sheet2,2,653,0.38037504671687683,1.0,517.1150271664733,1.0000001014552102
sheet1_to_sheet2,2,654,0.40350573708604837,1.0,517.1150271664733,1.0000001014552102
sheet1_to_sheet2,2,655,0.4084545412358429,1.0,517.1150271664733,1.0000001014552102
sheet1_to_sheet2,2,656,0.41685444435208824,1.0,517.1150271664733,1.0000001014552102
sheet1_to_sheet2,2,657,0.45235236857572786,1.0,517.1150271664733,1.0000001014552102
sheet1_to_sheet2,2,658,0.47880479757216743,1.0,517.1150271664733,1.0000001014552102
sheet1_to_sheet2,2,659,0.49513261747113346,1.0,517.1150271664733,1.0000001014552102
sheet1_to_sheet2,2,660,0.5187291592800092,1.0,517.1150271664733,1.0000001014552102
sheet1_to_sheet2,2,661,0.550468956348126,1.0,517.1150271664733,1.0000001014552102
sheet1_to_sheet2,2,662,0.5672697894703234,1.0,517.1150271664733,1.0000001014552102
sheet1_to_sheet2,2,663,0.6194877431006993,1.0,517.1150271664733,1.0000001014552102
sheet1_to_sheet2,2,664,0.6218842452738612,1.0,517.1150271664733,1.0000001014552102
sheet1_to_sheet2,2,665,0.6674166928046396,1.0,517.1150271664733,1.0000001014552102
sheet1_to_sheet2,2,666,0.6832027033636275,1.0,517.1150271664733,1.0000001014552102
sheet1_to_sheet2,2,667,0.7069809968027091,1.0,517.1150271664733,1.0000001014552102
sheet1_to_sheet2,2,668,0.7200889515995801,1.0,517.1150271664733,1.0000001014552102
sheet1_to_sheet2,2,669,0.7626585352054007,1.0,517.1150271664733,1.0000001014552102
sheet1_to_sheet2,2,670,0.7851521910952196,1.0,517.1150271664733,1.0000001014552102
sheet1_to_sheet2,2,671,0.8008891784807074,1.0,517.1150271664733,1.0000001014552102
sheet1_to_sheet2,2,672,0.8311141340575715,1.0,517.1150271664733,1.0000001014552102
sheet1_to_sheet2,2,673,0.8722473561709455,1.0,517.1150271664733,1.0000001014552102
sheet1_to_sheet2,2,674,0.9131609464539515,1.0,517.1150271664733,1.0000001014552102
sheet1_to_sheet2,2,675,0.9220885245161864,1.0,517.1150271664733,1.0000001014552102
sheet1_to_sheet2,2,676,0.9863281780934849,1.0,517.1150271664733,1.0000001014552102
sheet1_to_sheet2,2,677,1.0355385912053725,1.0,517.1150271664733,1.0000001014552102
sheet1_to_sheet2,2,678,1.0745655635344284,1.0,517.1150271664733,1.0000001014552102
sheet1_to_sheet2,2,679,1.1089987223175506,1.0,517.1150271664733,1.0000001014552102
sheet1_to_sheet2,2,680,1.3062269930289372,1.0,517.1150271664733,1.0000001014552102
sheet1_to_sheet2,2,681,1.3257343880610135,1.0,517.1150271664733,1.0000001014552102
sheet1_to_sheet2,2,682,1.4112821676503744,1.0,517.1150271664733,1.0000001014552102
sheet1_to_sheet2,2,683,1.5009660078939873,1.0,517.1150271664733,1.0000001014552102
sheet1_to_sheet2,2,684,1.5400801414535934,1.0,517.1150271664733,1.0000001014552102
sheet1_to_sheet2,2,685,1.672769977938604,1.0,517.1150271664733,1.0000001014552102
sheet1_to_sheet2,2,686,1.713538429177018,1.0,517.1150271664733,1.0000001014552102
sheet1_to_sheet2,2,687,1.8545927204845583,1.0,517.1150271664733,1.0000001014552102
sheet1_to_sheet2,2,688,1.9080221137830258,1.0,517.1150271664733,1.0000001014552102
sheet1_to_sheet2,2,689,1.956743743223568,1.0,517.1150271664733,1.0000001014552102
sheet1_to_sheet2,2,690,2.0294982803842867,1.0,517.1150271664733,1.0000001014552102
sheet1_to_sheet2,2,691,2.182467165130639,1.0,517.1150271664733,1.0000001014552102
sheet1_to_sheet2,2,692,2.1929386205324,1.0,517.1150271664733,1.0000001014552102
sheet1_to_sheet2,2,693,2.344775333434163,1.0,517.1150271664733,1.0000001014552102
sheet1_to_sheet2,2,694,2.4724072065360887,1.0,517.1150271664733,1.0000001014552102
sheet1_to_sheet2,2,695,2.591716228884613,1.0,517.1150271664733,1.0000001014552102
sheet1_to_sheet2,2,696,2.733594206677937,1.0,517.1150271664733,1.0000001014552102
sheet1_to_sheet2,2,697,2.756293924168676,1.0,517.1150271664733,1.0000001014552102
sheet1_to_sheet2,2,698,2.974457139165086,1.0,517.1150271664733,1.0000001014552102
sheet1_to_sheet2,2,699,3.014262025969314,1.0,517.1150271664733,1.0000001014552102
sheet1_to_sheet2,2,700,3.2002465906057123,1.0,517.1150271664733,1.0000001014552102
sheet1_to_sheet2,2,701,3.3121845658456492,1.0,517.1150271664733,1.0000001014552102
sheet1_to_sheet2,2,702,3.5684125446515704,1.0,517.1150271664733,1.0000001014552102
sheet1_to_sheet2,2,703,3.721881361328292,1.0,517.1150271664733,1.0000001014552102
sheet1_to_sheet2,2,704,3.9352838450378402,1.0,517.1150271664733,1.0000001014552102
sheet1_to_sheet2,2,705,4.093643376606265,1.0,517.1150271664733,1.0000001014552102
sheet1_to_sheet2,2,706,4.450853263889349,1.0,517.1150271664733,1.0000001014552102
sheet1_to_sheet2,2,707,4.6335976752300265,1.0,517.1150271664733,1.0000001014552102
sheet1_to_sheet2,2,708,4.693765560425615,1.0,517.1150271664733,1.0000001014552102
sheet1_to_sheet2,2,709,5.41126995178508,1.0,517.1150271664733,1.0000001014552102
sheet1_to_sheet2,2,710,6.310281979715869,1.0,517.1150271664733,1.0000001014552102
sheet1_to_sheet2,2,711,6.505441866858322,1.0,517.1150271664733,1.0000001014552102
sheet1_to_sheet2,2,712,6.746880506424953,1.0,517.1150271664733,1.0000001014552102
sheet1_to_sheet2,2,713,6.99186683091631,1.0,517.1150271664733,1.0000001014552102
sheet1_to_sheet2,2,714,7.299704914724397,1.0,517.1150271664733,1.0000001014552102
sheet1_to_sheet2,2,715,8.027273956033643,1.0,517.1150271664733,1.0000001014552102
sheet1_to_sheet2,2,716,8.317015861337921,1.0,517.1150271664733,1.0000001014552102
sheet1_to_sheet2,2,717,8.512827149912265,1.0,517.1150271664733,1.0000001014552102
sheet1_to_sheet2,2,718,8.992888935374822,1.0,517.1150271664733,1.0000001014552102
sheet1_to_sheet2,2,719,9.218467006195034,1.0,517.1150271664733,1.0000001014552102
sheet1_to_sheet2,2,720,9.474623332486193,1.0,517.1150271664733,1.0000001014552102
sheet1_to_sheet2,2,721,10.327911526054864,1.0,517.1150271664733,1.0000001014552102
sheet1_to_sheet2,2,722,11.93208605915334,1.0,517.1150271664733,1.0000001014552102
sheet1_to_sheet2,2,723,13.033165093912658,1.0,517.1150271664733,1.0000001014552102
sheet1_to_sheet2,2,724,13.709035138282774,1.0,517.1150271664733,1.0000001014552102
sheet1_to_sheet2,2,725,16.155518986404765,1.0,517.1150271664733,1.0000001014552102
sheet1_to_sheet2,2,726,16.872294619112438,1.0,517.1150271664733,1.0000001014552102
sheet1_to_sheet2,2,727,18.004046328101534,1.0,517.1150271664733,1.0000001014552102
sheet1_to_sheet2,2,728,19.498288626297626,1.0,517.1150271664733,1.0000001014552102
sheet1_to_sheet2,2,729,20.270873720574055,1.0,517.1150271664733,1.0000001014552102
sheet1_to_sheet2,2,730,21.322734784273564,1.0,517.1150271664733,1.0000001014552102
sheet1_to_sheet2,2,731,21.96311962448754,1.0,517.1150271664733,1.0000001014552102
sheet1_to_sheet2,2,732,22.687404011260995,1.0,517.1150271664733,1.0000001014552102
sheet1_to_sheet2,2,733,25.050314525884154,1.0,517.1150271664733,1.0000001014552102
sheet1_to_sheet2,2,734,26.47945153645887,1.0,517.1150271664733,1.0000001014552102
sheet1_to_sheet2,2,735,29.7611637952819,1.0,517.1150271664733,1.0000001014552102
sheet1_to_sheet2,2,736,31.805346669583972,1.0,517.1150271664733,1.0000001014552102
sheet1_to_sheet2,2,737,32.29697528199322,1.0,517.1150271664733,1.0000001014552102
sheet1_to_sheet2,2,738,34.396516033787066,1.0,517.1150271664733,1.0000001014552102
sheet1_to_sheet2,2,739,40.49971439119032,1.0,517.1150271664733,1.0000001014552102
sheet1_to_sheet2,2,740,42.559104855748565,1.0,517.1150271664733,1.0000001014552102
sheet1_to_sheet2,2,741,47.507033910262045,1.0,517.1150271664733,1.0000001014552102
sheet1_to_sheet2,2,742,53.5198044854413,1.0,517.1150271664733,1.0000001014552102
sheet1_to_sheet2,2,743,57.802056915865165,1.0,517.1150271664733,1.0000001014552102
sheet1_to_sheet2,2,744,61.06839368303335,1.0,517.1150271664733,1.0000001014552102
sheet1_to_sheet2,2,745,68.13264735859079,1.0,517.1150271664733,1.0000001014552102
sheet1_to_sheet2,2,746,73.92154808418779,1.0,517.1150271664733,1.0000001014552102
sheet1_to_sheet2,2,747,77.6266189204845,1.0,517.1150271664733,1.0000001014552102
sheet1_to_sheet2,2,748,90.49728457793852,1.0,517.1150271664733,1.0000001014552102
sheet1_to_sheet2,2,749,98.22959134786147,1.0,517.1150271664733,1.0000001014552102
sheet1_to_sheet2,2,750,101.03751303399284,1.0,517.1150271664733,1.0000001014552102
sheet1_to_sheet2,2,751,114.73967644616633,1.0,517.1150271664733,1.0000001014552102
sheet1_to_sheet2,2,752,117.85322276785575,1.0,517.1150271664733,1.0000001014552102
sheet1_to_sheet2,2,753,135.57271182957788,1.0,517.1150271664733,1.0000001014552102
sheet1_to_sheet2,2,754,153.72673526593115,1.0,517.1150271664733,1.0000001014552102
sheet1_to_sheet2,2,755,168.23309007357304,1.0,517.1150271664733,1.0000001014552102
sheet1_to_sheet2,2,756,187.87694767721158,1.0,517.1150271664733,1.0000001014552102
sheet1_to_sheet2,2,757,204.57728754055464,1.0,517.1150271664733,1.0000001014552102
sheet1_to_sheet2,2,758,208.8098787852559,1.0,517.1150271664733,1.0000001014552102
sheet1_to_sheet2,2,759,238.46452784642813,1.0,517.1150271664733,1.0000001014552102
sheet1_to_sheet2,2,760,242.80392348695668,1.0,517.1150271664733,1.0000001014552102
sheet1_to_sheet2,2,761,275.45122022022525,1.0,517.1150271664733,1.0000001014552102
sheet1_to_sheet2,2,762,321.8916583009224,1.0,517.1150271664733,1.0000001014552102
sheet1_to_sheet2,2,763,324.861880162413,1.0,517.1150271664733,1.0000001014552102
sheet1_to_sheet2,2,764,357.9701648621607,1.0,517.1150271664733,1.0000001014552102
sheet1_to_sheet2,2,765,397.4151228853965,1.0,517.1150271664733,1.0000001014552102
sheet1_to_sheet2,2,766,451.8634930825648,1.0,517.1150271664733,1.0000001014552102
sheet1_to_sheet2,2,767,503.9241597099546,1.0,517.1150271664733,1.0000001014552102
sheet1_to_sheet2,2,768,656.4152401081594,1.0,517.1150271664733,1.0000001014552102
sheet1_to_sheet2,2,769,794.7406278416734,1.0,517.1150271664733,1.0000001014552102
sheet1_to_sheet2,2,770,903.7797005637963,1.0,517.1150271664733,1.0000001014552102
sheet1_to_sheet2,2,771,980.1609997785628,1.0,517.1150271664733,1.0000001014552102
sheet1_to_sheet2,2,772,1162.1954940546473,1.0,517.1150271664733,1.0000001014552102
sheet1_to_sheet2,2,773,1308.1472031362619,1.0,517.1150271664733,1.0000001014552102
sheet1_to_sheet2,2,774,1740.121067583597,1.0,517.1150271664733,1.0000001014552102
sheet1_to_sheet2,2,775,1985.469711194069,1.0,517.1150271664733,1.0000001014552102
sheet1_to_sheet2,2,776,2226.624551416162,1.0,517.1150271664733,1.0000001014552102
sheet1_to_sheet2,2,777,2931.41714614477,1.0,517.1150271664733,1.0000001014552102
sheet1_to_sheet2,2,778,3502.5125460092518,1.0,517.1150271664733,1.0000001014552102
sheet1_to_sheet2,2,779,3860.6629644851478,1.0,517.1150271664733,1.0000001014552102
sheet1_to_sheet2,2,780,4486.7116857487645,1.0,517.1150271664733,1.0000001014552102
sheet1_to_sheet2,2,781,4729.083073401403,1.0,517.1150271664733,1.0000001014552102
sheet1_to_sheet2,2,782,8147.205346819525,1.0,517.1150271664733,1.0000001014552102
sheet1_to_sheet2,2,783,9863.372508884726,1.0,517.1150271664733,1.0000001014552102
sheet1_to_sheet2,2,784,10608.751687185968,1.0,517.1150271664733,1.0000001014552102
sheet1_to_sheet2,2,785,11687.5525195079,1.0,517.1150271664733,1.0000001014552102
sheet1_to_sheet2,2,786,19633.906002711046,1.0,517.1150271664733,1.0000001014552102
sheet1_to_sheet2,2,787,24583.47693012753,1.0,517.1150271664733,1.0000001014552102
sheet1_to_sheet2,2,788,31294.57905047856,1.0,517.1150271664733,1.0000001014552102
sheet1_to_sheet2,2,789,36463.07660950762,1.0,517.1150271664733,1.0000001014552102
sheet1_to_sheet2,2,790,59039.2837071261,1.0,517.1150271664733,1.0000001014552102
sheet1_to_sheet2,2,791,82059.30994355817,1.0,517.1150271664733,1.0000001014552102
sheet1_to_sheet2,2,792,110503.52634315472,1.0,517.1150271664733,1.0000001014552102
sheet1_to_sheet2,2,793,173454.0171246679,1.0,517.1150271664733,1.0000001014552102
sheet1_to_sheet2,2,794,193311.2647929962,1.0,517.1150271664733,1.0000001014552102
sheet1_to_sheet2,2,795,273591.825038347,1.0,517.1150271664733,1.0000001014552102
sheet1_to_sheet2,2,796,387278.7639044901,1.0,517.1150271664733,1.0000001014552102
sheet1_to_sheet2,2,797,1177647.8943620147,1.0,517.1150271664733,1.0000001014552102
sheet1_to_sheet2,2,798,1235948.3528116562,1.0,517.1150271664733,1.0000001014552102
sheet1_to_sheet2,2,799,2038155.502265265,1.0,517.1150271664733,1.0000001014552102
sheet1_to_sheet2,3,0,0.0,1.0,513.5003282695889,1.000000089647579
sheet1_to_sheet2,3,1,0.0,1.0,513.5003282695889,1.000000089647579
sheet1_to_sheet2,3,2,0.0,1.0,513.5003282695889,1.000000089647579
sheet1_to_sheet2,3,3,0.0,1.0,513.5003282695889,1.000000089647579
sheet1_to_sheet2,3,4,0.0,1.0,513.5003282695889,1.000000089647579
sheet1_to_sheet2,3,5,0.0,1.0,513.5003282695889,1.000000089647579
sheet1_to_sheet2,3,6,0.0,1.0,513.5003282695889,1.000000089647579
sheet1_to_sheet2,3,7,0.0,1.0,513.5003282695889,1.000000089647579
sheet1_to_sheet2,3,8,0.0,1.0,513.5003282695889,1.000000089647579
sheet1_to_sheet2,3,9,0.0,1.0,513.5003282695889,1.000000089647579
sheet1_to_sheet2,3,10,0.0,1.0,513.5003282695889,1.000000089647579
sheet1_to_sheet2,3,11,0.0,1.0,513.5003282695889,1.000000089647579
sheet1_to_sheet2,3,12,0.0,1.0,513.5003282695889,1.000000089647579
sheet1_to_sheet2,3,13,0.0,1.0,513.5003282695889,1.000000089647579
sheet1_to_sheet2,3,14,0.0,1.0,513.5003282695889,1.000000089647579
sheet1_to_sheet2,3,15,0.0,1.0,513.5003282695889,1.000000089647579
sheet1_to_sheet2,3,16,0.0,1.0,513.5003282695889,1.000000089647579
sheet1_to_sheet2,3,17,0.0,1.0,513.5003282695889,1.000000089647579
sheet1_to_sheet2,3,18,0.0,1.0,513.5003282695889,1.000000089647579
sheet1_to_sheet2,3,19,0.0,1.0,513.5003282695889,1.000000089647579
sheet1_to_sheet2,3,20,0.0,1.0,513.5003282695889,1.000000089647579
sheet1_to_sheet2,3,21,0.0,1.0,513.5003282695889,1.000000089647579
sheet1_to_sheet2,3,22,0.0,1.0,513.5003282695889,1.000000089647579
sheet1_to_sheet2,3,23,0.0,1.0,513.5003282695889,1.000000089647579
sheet1_to_sheet2,3,24,0.0,1.0,513.5003282695889,1.000000089647579
sheet1_to_sheet2,3,25,0.0,1.0,513.5003282695889,1.000000089647579
sheet1_to_sheet2,3,26,0.0,1.0,513.5003282695889,1.000000089647579
sheet1_to_sheet2,3,27,0.0,1.0,513.5003282695889,1.000000089647579
sheet1_to_sheet2,3,28,0.0,1.0,513.5003282695889,1.000000089647579
sheet1_to_sheet2,3,29,0.0,1.0,513.5003282695889,1.000000089647579
sheet1_to_sheet2,3,30,0.0,1.0,513.5003282695889,1.000000089647579
sheet1_to_sheet2,3,31,0.0,1.0,513.5003282695889,1.000000089647579
sheet1_to_sheet2,3,32,0.0,1.0,513.5003282695889,1.000000089647579
sheet1_to_sheet2,3,33,0.0,1.0,513.5003282695889,1.000000089647579
sheet1_to_sheet2,3,34,0.0,1.0,513.5003282695889,1.000000089647579
sheet1_to_sheet2,3,35,0.0,1.0,513.5003282695889,1.000000089647579
sheet1_to_sheet2,3,36,0.0,1.0,513.5003282695889,1.000000089647579
sheet1_to_sheet2,3,37,0.0,1.0,513.5003282695889,1.000000089647579
sheet1_to_sheet2,3,38,0.0,1.0,513.5003282695889,1.000000089647579
sheet1_to_sheet2,3,39,0.0,1.0,513.5003282695889,1.000000089647579
sheet1_to_sheet2,3,40,0.0,1.0,513.5003282695889,1.000000089647579
sheet1_to_sheet2,3,41,0.0,1.0,513.5003282695889,1.000000089647579
sheet1_to_sheet2,3,42,0.0,1.0,513.5003282695889,1.000000089647579
sheet1_to_sheet2,3,43,0.0,1.0,513.5003282695889,1.000000089647579
sheet1_to_sheet2,3,44,0.0,1.0,513.5003282695889,1.000000089647579
sheet1_to_sheet2,3,45,0.0,1.0,513.5003282695889,1.000000089647579
sheet1_to_sheet2,3,46,0.0,1.0,513.5003282695889,1.000000089647579
sheet1_to_sheet2,3,47,0.0,1.0,513.5003282695889,1.000000089647579
sheet1_to_sheet2,3,48,0.0,1.0,513.5003282695889,1.000000089647579
sheet1_to_sheet2,3,49,0.0,1.0,513.5003282695889,1.000000089647579
sheet1_to_sheet2,3,50,0.0,1.0,513.5003282695889,1.000000089647579
sheet1_to_sheet2,3,51,0.0,1.0,513.5003282695889,1.000000089647579
sheet1_to_sheet2,3,52,0.0,1.0,513.5003282695889,1.000000089647579
sheet1_to_sheet2,3,53,0.0,1.0,513.5003282695889,1.000000089647579
sheet1_to_sheet2,3,54,0.0,1.0,513.5003282695889,1.000000089647579
sheet1_to_sheet2,3,55,0.0,1.0,513.5003282695889,1.000000089647579
sheet1_to_sheet2,3,56,0.0,1.0,513.5003282695889,1.000000089647579
sheet1_to_sheet2,3,57,0.0,1.0,513.5003282695889,1.000000089647579
sheet1_to_sheet2,3,58,0.0,1.0,513.5003282695889,1.000000089647579
sheet1_to_sheet2,3,59,0.0,1.0,513.5003282695889,1.000000089647579
sheet1_to_sheet2,3,60,0.0,1.0,513.5003282695889,1.000000089647579
sheet1_to_sheet2,3,61,0.0,1.0,513.5003282695889,1.000000089647579
sheet1_to_sheet2,3,62,0.0,1.0,513.5003282695889,1.000000089647579
sheet1_to_sheet2,3,63,0.0,1.0,513.5003282695889,1.000000089647579
sheet1_to_sheet2,3,64,0.0,1.0,513.5003282695889,1.000000089647579
sheet1_to_sheet2,3,65,0.0,1.0,513.5003282695889,1.000000089647579
sheet1_to_sheet2,3,66,0.0,1.0,513.5003282695889,1.000000089647579
sheet1_to_sheet2,3,67,0.0,1.0,513.5003282695889,1.000000089647579
sheet1_to_sheet2,3,68,0.0,1.0,513.5003282695889,1.000000089647579
sheet1_to_sheet2,3,69,0.0,1.0,513.5003282695889,1.000000089647579
sheet1_to_sheet2,3,70,0.0,1.0,513.5003282695889,1.000000089647579
sheet1_to_sheet2,3,71,0.0,1.0,513.5003282695889,1.000000089647579
sheet1_to_sheet2,3,72,0.0,1.0,513.5003282695889,1.000000089647579
sheet1_to_sheet2,3,73,0.0,1.0,513.5003282695889,1.000000089647579
sheet1_to_sheet2,3,74,0.0,1.0,513.5003282695889,1.000000089647579
sheet1_to_sheet2,3,75,0.0,1.0,513.5003282695889,1.000000089647579
sheet1_to_sheet2,3,76,0.0,1.0,513.5003282695889,1.000000089647579
sheet1_to_sheet2,3,77,0.0,1.0,513.5003282695889,1.000000089647579
sheet1_to_sheet2,3,78,0.0,1.0,513.5003282695889,1.000000089647579
sheet1_to_sheet2,3,79,0.0,1.0,513.5003282695889,1.000000089647579
sheet1_to_sheet2,3,80,0.0,1.0,513.5003282695889,1.000000089647579
sheet1_to_sheet2,3,81,0.0,1.0,513.5003282695889,1.000000089647579
sheet1_to_sheet2,3,82,0.0,1.0,513.5003282695889,1.000000089647579
sheet1_to_sheet2,3,83,0.0,1.0,513.5003282695889,1.000000089647579
sheet1_to_sheet2,3,84,0.0,1.0,513.5003282695889,1.000000089647579
sheet1_to_sheet2,3,85,0.0,1.0,513.5003282695889,1.000000089647579
sheet1_to_sheet2,3,86,0.0,1.0,513.5003282695889,1.000000089647579
sheet1_to_sheet2,3,87,0.0,1.0,513.5003282695889,1.000000089647579
sheet1_to_sheet2,3,88,0.0,1.0,513.5003282695889,1.000000089647579
sheet1_to_sheet2,3,89,0.0,1.0,513.5003282695889,1.000000089647579
sheet1_to_sheet2,3,90,0.0,1.0,513.5003282695889,1.000000089647579
sheet1_to_sheet2,3,91,0.0,1.0,513.5003282695889,1.000000089647579
sheet1_to_sheet2,3,92,0.0,1.0,513.5003282695889,1.000000089647579
sheet1_to_sheet2,3,93,0.0,1.0,513.5003282695889,1.000000089647579
sheet1_to_sheet2,3,94,0.0,1.0,513.5003282695889,1.000000089647579
sheet1_to_sheet2,3,95,0.0,1.0,513.5003282695889,1.000000089647579
sheet1_to_sheet2,3,96,0.0,1.0,513.5003282695889,1.000000089647579
sheet1_to_sheet2,3,97,0.0,1.0,513.5003282695889,1.000000089647579
sheet1_to_sheet2,3,98,0.0,1.0,513.5003282695889,1.000000089647579
sheet1_to_sheet2,3,99,0.0,1.0,513.5003282695889,1.000000089647579
sheet1_to_sheet2,3,100,0.0,1.0,513.5003282695889,1.000000089647579
sheet1_to_sheet2,3,101,0.0,1.0,513.5003282695889,1.000000089647579
sheet1_to_sheet2,3,102,0.0,1.0,513.5003282695889,1.000000089647579
sheet1_to_sheet2,3,103,0.0,1.0,513.5003282695889,1.000000089647579
sheet1_to_sheet2,3,104,0.0,1.0,513.5003282695889,1.000000089647579
sheet1_to_sheet2,3,105,0.0,1.0,513.5003282695889,1.000000089647579
sheet1_to_sheet2,3,106,0.0,1.0,513.5003282695889,1.000000089647579
sheet1_to_sheet2,3,107,0.0,1.0,513.5003282695889,1.000000089647579
sheet1_to_sheet2,3,108,0.0,1.0,513.5003282695889,1.000000089647579
sheet1_to_sheet2,3,109,0.0,1.0,513.5003282695889,1.000000089647579
sheet1_to_sheet2,3,110,0.0,1.0,513.5003282695889,1.000000089647579
sheet1_to_sheet2,3,111,0.0,1.0,513.5003282695889,1.000000089647579
sheet1_to_sheet2,3,112,0.0,1.0,513.5003282695889,1.000000089647579
sheet1_to_sheet2,3,113,0.0,1.0,513.5003282695889,1.000000089647579
sheet1_to_sheet2,3,114,0.0,1.0,513.5003282695889,1.000000089647579
sheet1_to_sheet2,3,115,0.0,1.0,513.5003282695889,1.000000089647579
sheet1_to_sheet2,3,116,0.0,1.0,513.5003282695889,1.000000089647579
sheet1_to_sheet2,3,117,0.0,1.0,513.5003282695889,1.000000089647579
sheet1_to_sheet2,3,118,0.0,1.0,513.5003282695889,1.000000089647579
sheet1_to_sheet2,3,119,0.0,1.0,513.5003282695889,1.000000089647579
sheet1_to_sheet2,3,120,0.0,1.0,513.5003282695889,1.000000089647579
sheet1_to_sheet2,3,121,0.0,1.0,513.5003282695889,1.000000089647579
sheet1_to_sheet2,3,122,0.0,1.0,513.5003282695889,1.000000089647579
sheet1_to_sheet2,3,123,0.0,1.0,513.5003282695889,1.000000089647579
sheet1_to_sheet2,3,124,0.0,1.0,513.5003282695889,1.000000089647579
sheet1_to_sheet2,3,125,0.0,1.0,513.5003282695889,1.000000089647579
sheet1_to_sheet2,3,126,0.0,1.0,513.5003282695889,1.000000089647579
sheet1_to_sheet2,3,127,0.0,1.0,513.5003282695889,1.000000089647579
sheet1_to_sheet2,3,128,0.0,1.0,513.5003282695889,1.000000089647579
sheet1_to_sheet2,3,129,0.0,1.0,513.5003282695889,1.000000089647579
sheet1_to_sheet2,3,130,0.0,1.0,513.5003282695889,1.000000089647579
sheet1_to_sheet2,3,131,0.0,1.0,513.5003282695889,1.000000089647579
sheet1_to_sheet2,3,132,0.0,1.0,513.5003282695889,1.000000089647579
sheet1_to_sheet2,3,133,0.0,1.0,513.5003282695889,1.000000089647579
sheet1_to_sheet2,3,134,0.0,1.0,513.5003282695889,1.000000089647579
sheet1_to_sheet2,3,135,0.0,1.0,513.5003282695889,1.000000089647579
sheet1_to_sheet2,3,136,0.0,1.0,513.5003282695889,1.000000089647579
sheet1_to_sheet2,3,137,0.0,1.0,513.5003282695889,1.000000089647579
sheet1_to_sheet2,3,138,0.0,1.0,513.5003282695889,1.000000089647579
sheet1_to_sheet2,3,139,0.0,1.0,513.5003282695889,1.000000089647579
sheet1_to_sheet2,3,140,0.0,1.0,513.5003282695889,1.000000089647579
sheet1_to_sheet2,3,141,0.0,1.0,513.5003282695889,1.000000089647579
sheet1_to_sheet2,3,142,0.0,1.0,513.5003282695889,1.000000089647579
sheet1_to_sheet2,3,143,0.0,1.0,513.5003282695889,1.000000089647579
sheet1_to_sheet2,3,144,0.0,1.0,513.5003282695889,1.000000089647579
sheet1_to_sheet2,3,145,0.0,1.0,513.5003282695889,1.000000089647579
sheet1_to_sheet2,3,146,0.0,1.0,513.5003282695889,1.000000089647579
sheet1_to_sheet2,3,147,0.0,1.0,513.5003282695889,1.000000089647579
sheet1_to_sheet2,3,148,0.0,1.0,513.5003282695889,1.000000089647579
sheet1_to_sheet2,3,149,0.0,1.0,513.5003282695889,1.000000089647579
sheet1_to_sheet2,3,150,0.0,1.0,513.5003282695889,1.000000089647579
sheet1_to_sheet2,3,151,0.0,1.0,513.5003282695889,1.000000089647579
sheet1_to_sheet2,3,152,0.0,1.0,513.5003282695889,1.000000089647579
sheet1_to_sheet2,3,153,0.0,1.0,513.5003282695889,1.000000089647579
sheet1_to_sheet2,3,154,0.0,1.0,513.5003282695889,1.000000089647579
sheet1_to_sheet2,3,155,0.0,1.0,513.5003282695889,1.000000089647579
sheet1_to_sheet2,3,156,0.0,1.0,513.5003282695889,1.000000089647579
sheet1_to_sheet2,3,157,0.0,1.0,513.5003282695889,1.000000089647579
sheet1_to_sheet2,3,158,0.0,1.0,513.5003282695889,1.000000089647579
sheet1_to_sheet2,3,159,0.0,1.0,513.5003282695889,1.000000089647579
sheet1_to_sheet2,3,160,0.0,1.0,513.5003282695889,1.000000089647579
sheet1_to_sheet2,3,161,0.0,1.0,513.5003282695889,1.000000089647579
sheet1_to_sheet2,3,162,0.0,1.0,513.5003282695889,1.000000089647579
sheet1_to_sheet2,3,163,0.0,1.0,513.5003282695889,1.000000089647579
sheet1_to_sheet2,3,164,0.0,1.0,513.5003282695889,1.000000089647579
sheet1_to_sheet2,3,165,0.0,1.0,513.5003282695889,1.000000089647579
sheet1_to_sheet2,3,166,0.0,1.0,513.5003282695889,1.000000089647579
sheet1_to_sheet2,3,167,0.0,1.0,513.5003282695889,1.000000089647579
sheet1_to_sheet2,3,168,0.0,1.0,513.5003282695889,1.000000089647579
sheet1_to_sheet2,3,169,0.0,1.0,513.5003282695889,1.000000089647579
sheet1_to_sheet2,3,170,0.0,1.0,513.5003282695889,1.000000089647579
sheet1_to_sheet2,3,171,0.0,1.0,513.5003282695889,1.000000089647579
sheet1_to_sheet2,3,172,0.0,1.0,513.5003282695889,1.000000089647579
sheet1_to_sheet2,3,173,0.0,1.0,513.5003282695889,1.000000089647579
sheet1_to_sheet2,3,174,0.0,1.0,513.5003282695889,1.000000089647579
sheet1_to_sheet2,3,175,0.0,1.0,513.5003282695889,1.000000089647579
sheet1_to_sheet2,3,176,0.0,1.0,513.5003282695889,1.000000089647579
sheet1_to_sheet2,3,177,0.0,1.0,513.5003282695889,1.000000089647579
sheet1_to_sheet2,3,178,0.0,1.0,513.5003282695889,1.000000089647579
sheet1_to_sheet2,3,179,2.40912713651793e-07,1.0,513.5003282695889,1.000000089647579
sheet1_to_sheet2,3,180,2.9976666269961703e-07,1.0,513.5003282695889,1.000000089647579
sheet1_to_sheet2,3,181,3.1503272146086936e-07,1.0,513.5003282695889,1.000000089647579
sheet1_to_sheet2,3,182,3.238820525661804e-07,1.0,513.5003282695889,1.000000089647579
sheet1_to_sheet2,3,183,3.5120208355901846e-07,1.0,513.5003282695889,1.000000089647579
sheet1_to_sheet2,3,184,3.656904774094978e-07,1.0,513.5003282695889,1.000000089647579
sheet1_to_sheet2,3,185,3.7009060505217397e-07,1.0,513.5003282695889,1.000000089647579
sheet1_to_sheet2,3,186,3.881739162865506e-07,1.0,513.5003282695889,1.000000089647579
sheet1_to_sheet2,3,187,4.2097281163019317e-07,1.0,513.5003282695889,1.000000089647579
sheet1_to_sheet2,3,188,4.4718837095158713e-07,1.0,513.5003282695889,1.000000089647579
sheet1_to_sheet2,3,189,4.5613590914330547e-07,1.0,513.5003282695889,1.000000089647579
sheet1_to_sheet2,3,190,5.314252574573737e-07,1.0,513.5003282695889,1.000000089647579
sheet1_to_sheet2,3,191,5.846514361659283e-07,1.0,513.5003282695889,1.000000089647579
sheet1_to_sheet2,3,192,6.499591014247435e-07,1.0,513.5003282695889,1.000000089647579
sheet1_to_sheet2,3,193,6.997713249539681e-07,1.0,513.5003282695889,1.000000089647579
sheet1_to_sheet2,3,194,7.079205688921302e-07,1.0,513.5003282695889,1.000000089647579
sheet1_to_sheet2,3,195,7.668909164256594e-07,1.0,513.5003282695889,1.000000089647579
sheet1_to_sheet2,3,196,8.076932568194759e-07,1.0,513.5003282695889,1.000000089647579
sheet1_to_sheet2,3,197,8.540633391569617e-07,1.0,513.5003282695889,1.000000089647579
sheet1_to_sheet2,3,198,8.6950968814024e-07,1.0,513.5003282695889,1.000000089647579
sheet1_to_sheet2,3,199,9.392226033682864e-07,1.0,513.5003282695889,1.000000089647579
sheet1_to_sheet2,3,200,9.646446542474993e-07,1.0,513.5003282695889,1.000000089647579
sheet1_to_sheet2,3,201,1.0365910579337105e-06,1.0,513.5003282695889,1.000000089647579
sheet1_to_sheet2,3,202,1.0617265287438616e-06,1.0,513.5003282695889,1.000000089647579
sheet1_to_sheet2,3,203,1.093150009435019e-06,1.0,513.5003282695889,1.000000089647579
sheet1_to_sheet2,3,204,1.0968238483051755e-06,1.0,513.5003282695889,1.000000089647579
sheet1_to_sheet2,3,205,1.1975588769572017e-06,1.0,513.5003282695889,1.000000089647579
sheet1_to_sheet2,3,206,1.2115874184591152e-06,1.0,513.5003282695889,1.000000089647579
sheet1_to_sheet2,3,207,1.2782841580391958e-06,1.0,513.5003282695889,1.000000089647579
sheet1_to_sheet2,3,208,1.3286002848595079e-06,1.0,513.5003282695889,1.000000089647579
sheet1_to_sheet2,3,209,1.3903603870253536e-06,1.0,513.5003282695889,1.000000089647579
sheet1_to_sheet2,3,210,1.4187974706562432e-06,1.0,513.5003282695889,1.000000089647579
sheet1_to_sheet2,3,211,1.5837856612465964e-06,1.0,513.5003282695889,1.000000089647579
sheet1_to_sheet2,3,212,1.6936461263432777e-06,1.0,513.5003282695889,1.000000089647579
sheet1_to_sheet2,3,213,1.7357154522325973e-06,1.0,513.5003282695889,1.000000089647579
sheet1_to_sheet2,3,214,1.8376275002194718e-06,1.0,513.5003282695889,1.000000089647579
sheet1_to_sheet2,3,215,1.9426455582837125e-06,1.0,513.5003282695889,1.000000089647579
sheet1_to_sheet2,3,216,2.0738137948020862e-06,1.0,513.5003282695889,1.000000089647579
sheet1_to_sheet2,3,217,2.1168836244682905e-06,1.0,513.5003282695889,1.000000089647579
sheet1_to_sheet2,3,218,2.2696934739782472e-06,1.0,513.5003282695889,1.000000089647579
sheet1_to_sheet2,3,219,2.4077480509249836e-06,1.0,513.5003282695889,1.000000089647579
sheet1_to_sheet2,3,220,2.4769010638072615e-06,1.0,513.5003282695889,1.000000089647579
sheet1_to_sheet2,3,221,2.5343962081607406e-06,1.0,513.5003282695889,1.000000089647579
sheet1_to_sheet2,3,222,2.892932389964417e-06,1.0,513.5003282695889,1.000000089647579
sheet1_to_sheet2,3,223,2.9443790961823142e-06,1.0,513.5003282695889,1.000000089647579
sheet1_to_sheet2,3,224,3.0532926626335166e-06,1.0,513.5003282695889,1.000000089647579
sheet1_to_sheet2,3,225,3.1223678963765976e-06,1.0,513.5003282695889,1.000000089647579
sheet1_to_sheet2,3,226,3.2019055300548667e-06,1.0,513.5003282695889,1.000000089647579
sheet1_to_sheet2,3,227,3.312834671972403e-06,1.0,513.5003282695889,1.000000089647579
sheet1_to_sheet2,3,228,3.5348465823161205e-06,1.0,513.5003282695889,1.000000089647579
sheet1_to_sheet2,3,229,3.66069670675871e-06,1.0,513.5003282695889,1.000000089647579
sheet1_to_sheet2,3,230,3.7972126426330256e-06,1.0,513.5003282695889,1.000000089647579
sheet1_to_sheet2,3,231,3.80126672995073e-06,1.0,513.5003282695889,1.000000089647579
sheet1_to_sheet2,3,232,4.32599221838388e-06,1.0,513.5003282695889,1.000000089647579
sheet1_to_sheet2,3,233,4.465192896515786e-06,1.0,513.5003282695889,1.000000089647579
sheet1_to_sheet2,3,234,4.766508519381957e-06,1.0,513.5003282695889,1.000000089647579
sheet1_to_sheet2,3,235,4.953895471236268e-06,1.0,513.5003282695889,1.000000089647579
sheet1_to_sheet2,3,236,5.281043127360193e-06,1.0,513.5003282695889,1.000000089647579
sheet1_to_sheet2,3,237,5.353321630702232e-06,1.0,513.5003282695889,1.000000089647579
sheet1_to_sheet2,3,238,5.7939867772471885e-06,1.0,513.5003282695889,1.000000089647579
sheet1_to_sheet2,3,239,6.215951256834378e-06,1.0,513.5003282695889,1.000000089647579
sheet1_to_sheet2,3,240,6.38889832969468e-06,1.0,513.5003282695889,1.000000089647579
sheet1_to_sheet2,3,241,6.836408262336858e-06,1.0,513.5003282695889,1.000000089647579
sheet1_to_sheet2,3,242,6.908238807400297e-06,1.0,513.5003282695889,1.000000089647579
sheet1_to_sheet2,3,243,7.225726635693537e-06,1.0,513.5003282695889,1.000000089647579
sheet1_to_sheet2,3,244,7.59637042575017e-06,1.0,513.5003282695889,1.000000089647579
sheet1_to_sheet2,3,245,7.76556975136381e-06,1.0,513.5003282695889,1.000000089647579
sheet1_to_sheet2,3,246,8.03159646664646e-06,1.0,513.5003282695889,1.000000089647579
sheet1_to_sheet2,3,247,8.126539187525811e-06,1.0,513.5003282695889,1.000000089647579
sheet1_to_sheet2,3,248,8.582658440896892e-06,1.0,513.5003282695889,1.000000089647579
sheet1_to_sheet2,3,249,8.87223308919645e-06,1.0,513.5003282695889,1.000000089647579
sheet1_to_sheet2,3,250,8.979439257723383e-06,1.0,513.5003282695889,1.000000089647579
sheet1_to_sheet2,3,251,9.460464894251883e-06,1.0,513.5003282695889,1.000000089647579
sheet1_to_sheet2,3,252,9.63602365562329e-06,1.0,513.5003282695889,1.000000089647579
sheet1_to_sheet2,3,253,9.890610887539696e-06,1.0,513.5003282695889,1.000000089647579
sheet1_to_sheet2,3,254,1.0214686816336603e-05,1.0,513.5003282695889,1.000000089647579
sheet1_to_sheet2,3,255,1.0848688968216969e-05,1.0,513.5003282695889,1.000000089647579
sheet1_to_sheet2,3,256,1.1135547361765985e-05,1.0,513.5003282695889,1.000000089647579
sheet1_to_sheet2,3,257,1.1268638011901512e-05,1.0,513.5003282695889,1.000000089647579
sheet1_to_sheet2,3,258,1.1994210320490869e-05,1.0,513.5003282695889,1.000000089647579
sheet1_to_sheet2,3,259,1.2701543741090689e-05,1.0,513.5003282695889,1.000000089647579
sheet1_to_sheet2,3,260,1.290305366011604e-05,1.0,513.5003282695889,1.000000089647579
sheet1_to_sheet2,3,261,1.3716315420786177e-05,1.0,513.5003282695889,1.000000089647579
sheet1_to_sheet2,3,262,1.441816549792409e-05,1.0,513.5003282695889,1.000000089647579
sheet1_to_sheet2,3,263,1.5681316742811258e-05,1.0,513.5003282695889,1.000000089647579
sheet1_to_sheet2,3,264,1.635840282193034e-05,1.0,513.5003282695889,1.000000089647579
sheet1_to_sheet2,3,265,1.657907177225186e-05,1.0,513.5003282695889,1.000000089647579
sheet1_to_sheet2,3,266,1.8108402869277506e-05,1.0,513.5003282695889,1.000000089647579
sheet1_to_sheet2,3,267,1.8755742183465787e-05,1.0,513.5003282695889,1.000000089647579
sheet1_to_sheet2,3,268,1.9295554795508505e-05,1.0,513.5003282695889,1.000000089647579
sheet1_to_sheet2,3,269,1.9686139556324787e-05,1.0,513.5003282695889,1.000000089647579
sheet1_to_sheet2,3,270,2.0798201155338676e-05,1.0,513.5003282695889,1.000000089647579
sheet1_to_sheet2,3,271,2.1071077573125534e-05,1.0,513.5003282695889,1.000000089647579
sheet1_to_sheet2,3,272,2.1900053481343933e-05,1.0,513.5003282695889,1.000000089647579
sheet1_to_sheet2,3,273,2.4727399190172487e-05,1.0,513.5003282695889,1.000000089647579
sheet1_to_sheet2,3,274,2.504978156432593e-05,1.0,513.5003282695889,1.000000089647579
sheet1_to_sheet2,3,275,2.6797645564074617e-05,1.0,513.5003282695889,1.000000089647579
sheet1_to_sheet2,3,276,2.735136335889168e-05,1.0,513.5003282695889,1.000000089647579
sheet1_to_sheet2,3,277,2.8085523697318217e-05,1.0,513.5003282695889,1.000000089647579
sheet1_to_sheet2,3,278,2.835859902701623e-05,1.0,513.5003282695889,1.000000089647579
sheet1_to_sheet2,3,279,2.9268876948181134e-05,1.0,513.5003282695889,1.000000089647579
sheet1_to_sheet2,3,280,3.090657666509677e-05,1.0,513.5003282695889,1.000000089647579
sheet1_to_sheet2,3,281,3.124166396117815e-05,1.0,513.5003282695889,1.000000089647579
sheet1_to_sheet2,3,282,3.196060957029193e-05,1.0,513.5003282695889,1.000000089647579
sheet1_to_sheet2,3,283,3.229810420339901e-05,1.0,513.5003282695889,1.000000089647579
sheet1_to_sheet2,3,284,3.393472862188446e-05,1.0,513.5003282695889,1.000000089647579
sheet1_to_sheet2,3,285,3.46033320744641e-05,1.0,513.5003282695889,1.000000089647579
sheet1_to_sheet2,3,286,3.568443031630317e-05,1.0,513.5003282695889,1.000000089647579
sheet1_to_sheet2,3,287,3.669237489117565e-05,1.0,513.5003282695889,1.000000089647579
sheet1_to_sheet2,3,288,3.715727961291503e-05,1.0,513.5003282695889,1.000000089647579
sheet1_to_sheet2,3,289,3.911392334027768e-05,1.0,513.5003282695889,1.000000089647579
sheet1_to_sheet2,3,290,3.976531292663638e-05,1.0,513.5003282695889,1.000000089647579
sheet1_to_sheet2,3,291,4.1000248011125824e-05,1.0,513.5003282695889,1.000000089647579
sheet1_to_sheet2,3,292,4.4599546521774536e-05,1.0,513.5003282695889,1.000000089647579
sheet1_to_sheet2,3,293,4.519253863300834e-05,1.0,513.5003282695889,1.000000089647579
sheet1_to_sheet2,3,294,4.742412864712556e-05,1.0,513.5003282695889,1.000000089647579
sheet1_to_sheet2,3,295,4.8454809129349785e-05,1.0,513.5003282695889,1.000000089647579
sheet1_to_sheet2,3,296,5.076985055558354e-05,1.0,513.5003282695889,1.000000089647579
sheet1_to_sheet2,3,297,5.390958284271269e-05,1.0,513.5003282695889,1.000000089647579
sheet1_to_sheet2,3,298,5.548579525816885e-05,1.0,513.5003282695889,1.000000089647579
sheet1_to_sheet2,3,299,5.6463184899032145e-05,1.0,513.5003282695889,1.000000089647579
sheet1_to_sheet2,3,300,5.688760642555317e-05,1.0,513.5003282695889,1.000000089647579
sheet1_to_sheet2,3,301,5.812489522366367e-05,1.0,513.5003282695889,1.000000089647579
sheet1_to_sheet2,3,302,6.236115916888461e-05,1.0,513.5003282695889,1.000000089647579
sheet1_to_sheet2,3,303,6.353601472515276e-05,1.0,513.5003282695889,1.000000089647579
sheet1_to_sheet2,3,304,6.517959425449054e-05,1.0,513.5003282695889,1.000000089647579
sheet1_to_sheet2,3,305,6.709622956755905e-05,1.0,513.5003282695889,1.000000089647579
sheet1_to_sheet2,3,306,7.04265576093135e-05,1.0,513.5003282695889,1.000000089647579
sheet1_to_sheet2,3,307,7.313804924466941e-05,1.0,513.5003282695889,1.000000089647579
sheet1_to_sheet2,3,308,7.455699186058098e-05,1.0,513.5003282695889,1.000000089647579
sheet1_to_sheet2,3,309,7.646677283574776e-05,1.0,513.5003282695889,1.000000089647579
sheet1_to_sheet2,3,310,7.988941597517728e-05,1.0,513.5003282695889,1.000000089647579
sheet1_to_sheet2,3,311,8.122411530296628e-05,1.0,513.5003282695889,1.000000089647579
sheet1_to_sheet2,3,312,8.430152422605504e-05,1.0,513.5003282695889,1.000000089647579
sheet1_to_sheet2,3,313,8.635000627843854e-05,1.0,513.5003282695889,1.000000089647579
sheet1_to_sheet2,3,314,8.871450664087197e-05,1.0,513.5003282695889,1.000000089647579
sheet1_to_sheet2,3,315,9.00421035742252e-05,1.0,513.5003282695889,1.000000089647579
sheet1_to_sheet2,3,316,9.413505865434782e-05,1.0,513.5003282695889,1.000000089647579
sheet1_to_sheet2,3,317,9.627840521404445e-05,1.0,513.5003282695889,1.000000089647579
sheet1_to_sheet2,3,318,0.00010017027340875448,1.0,513.5003282695889,1.000000089647579
sheet1_to_sheet2,3,319,0.00010261411100189247,1.0,513.5003282695889,1.000000089647579
sheet1_to_sheet2,3,320,0.00010276130547894009,1.0,513.5003282695889,1.000000089647579
sheet1_to_sheet2,3,321,0.00010590267539038944,1.0,513.5003282695889,1.000000089647579
sheet1_to_sheet2,3,322,0.00010827711632194578,1.0,513.5003282695889,1.000000089647579
sheet1_to_sheet2,3,323,0.00011272719024070374,1.0,513.5003282695889,1.000000089647579
sheet1_to_sheet2,3,324,0.00011683764133508223,1.0,513.5003282695889,1.000000089647579
sheet1_to_sheet2,3,325,0.00011732335391068627,1.0,513.5003282695889,1.000000089647579
sheet1_to_sheet2,3,326,0.00012598866023454252,1.0,513.5003282695889,1.000000089647579
sheet1_to_sheet2,3,327,0.00012761373204109967,1.0,513.5003282695889,1.000000089647579
sheet1_to_sheet2,3,328,0.00013748391624858152,1.0,513.5003282695889,1.000000089647579
sheet1_to_sheet2,3,329,0.0001405702698901728,1.0,513.5003282695889,1.000000089647579
sheet1_to_sheet2,3,330,0.00014568374883573866,1.0,513.5003282695889,1.000000089647579
sheet1_to_sheet2,3,331,0.0001472325062804182,1.0,513.5003282695889,1.000000089647579
sheet1_to_sheet2,3,332,0.0001482988508252889,1.0,513.5003282695889,1.000000089647579
sheet1_to_sheet2,3,333,0.00015521338644968014,1.0,513.5003282695889,1.000000089647579
sheet1_to_sheet2,3,334,0.0001601119464330199,1.0,513.5003282695889,1.000000089647579
sheet1_to_sheet2,3,335,0.00016815181724184466,1.0,513.5003282695889,1.000000089647579
sheet1_to_sheet2,3,336,0.00017103599405444078,1.0,513.5003282695889,1.000000089647579
sheet1_to_sheet2,3,337,0.00017902307095737224,1.0,513.5003282695889,1.000000089647579
sheet1_to_sheet2,3,338,0.00018397799420390395,1.0,513.5003282695889,1.000000089647579
sheet1_to_sheet2,3,339,0.00018617821213345588,1.0,513.5003282695889,1.000000089647579
sheet1_to_sheet2,3,340,0.00019077423901178655,1.0,513.5003282695889,1.000000089647579
sheet1_to_sheet2,3,341,0.00019788895838360708,1.0,513.5003282695889,1.000000089647579
sheet1_to_sheet2,3,342,0.00020057994691345638,1.0,513.5003282695889,1.000000089647579
sheet1_to_sheet2,3,343,0.000206441136007607,1.0,513.5003282695889,1.000000089647579
sheet1_to_sheet2,3,344,0.00021564960845627985,1.0,513.5003282695889,1.000000089647579
sheet1_to_sheet2,3,345,0.0002286784042351887,1.0,513.5003282695889,1.000000089647579
sheet1_to_sheet2,3,346,0.0002363568597189395,1.0,513.5003282695889,1.000000089647579
sheet1_to_sheet2,3,347,0.00024838007229641417,1.0,513.5003282695889,1.000000089647579
sheet1_to_sheet2,3,348,0.00025999010508337097,1.0,513.5003282695889,1.000000089647579
sheet1_to_sheet2,3,349,0.00026461681061023206,1.0,513.5003282695889,1.000000089647579
sheet1_to_sheet2,3,350,0.0002690298429120615,1.0,513.5003282695889,1.000000089647579
sheet1_to_sheet2,3,351,0.00028791551067234314,1.0,513.5003282695889,1.000000089647579
sheet1_to_sheet2,3,352,0.0002924002528486575,1.0,513.5003282695889,1.000000089647579
sheet1_to_sheet2,3,353,0.0003023000710325267,1.0,513.5003282695889,1.000000089647579
sheet1_to_sheet2,3,354,0.000305887732417832,1.0,513.5003282695889,1.000000089647579
sheet1_to_sheet2,3,355,0.00032485052081186993,1.0,513.5003282695889,1.000000089647579
sheet1_to_sheet2,3,356,0.0003341400259292961,1.0,513.5003282695889,1.000000089647579
sheet1_to_sheet2,3,357,0.00034285418851789245,1.0,513.5003282695889,1.000000089647579
sheet1_to_sheet2,3,358,0.00034454394085860245,1.0,513.5003282695889,1.000000089647579
sheet1_to_sheet2,3,359,0.00037303230725159887,1.0,513.5003282695889,1.000000089647579
sheet1_to_sheet2,3,360,0.00038591961170814646,1.0,513.5003282695889,1.000000089647579
sheet1_to_sheet2,3,361,0.0003944839102237133,1.0,513.5003282695889,1.000000089647579
sheet1_to_sheet2,3,362,0.0004083567654189417,1.0,513.5003282695889,1.000000089647579
sheet1_to_sheet2,3,363,0.000409916070805588,1.0,513.5003282695889,1.000000089647579
sheet1_to_sheet2,3,364,0.00041396028883261446,1.0,513.5003282695889,1.000000089647579
sheet1_to_sheet2,3,365,0.00043033365246696086,1.0,513.5003282695889,1.000000089647579
sheet1_to_sheet2,3,366,0.000448878468370782,1.0,513.5003282695889,1.000000089647579
sheet1_to_sheet2,3,367,0.00045391170351636125,1.0,513.5003282695889,1.000000089647579
sheet1_to_sheet2,3,368,0.00046790287877579646,1.0,513.5003282695889,1.000000089647579
sheet1_to_sheet2,3,369,0.0004830858260473369,1.0,513.5003282695889,1.000000089647579
sheet1_to_sheet2,3,370,0.0004974345085514808,1.0,513.5003282695889,1.000000089647579
sheet1_to_sheet2,3,371,0.0005073052570376651,1.0,513.5003282695889,1.000000089647579
sheet1_to_sheet2,3,372,0.000511570006758377,1.0,513.5003282695889,1.000000089647579
sheet1_to_sheet2,3,373,0.0005187419946295187,1.0,513.5003282695889,1.000000089647579
sheet1_to_sheet2,3,374,0.0005353952892873976,1.0,513.5003282695889,1.000000089647579
sheet1_to_sheet2,3,375,0.0005574858360277256,1.0,513.5003282695889,1.000000089647579
sheet1_to_sheet2,3,376,0.0005848489164180706,1.0,513.5003282695889,1.000000089647579
sheet1_to_sheet2,3,377,0.0005890505865329662,1.0,513.5003282695889,1.000000089647579
sheet1_to_sheet2,3,378,0.0005929265220499156,1.0,513.5003282695889,1.000000089647579
sheet1_to_sheet2,3,379,0.0006091803385648346,1.0,513.5003282695889,1.000000089647579
sheet1_to_sheet2,3,380,0.0006287586964282256,1.0,513.5003282695889,1.000000089647579
sheet1_to_sheet2,3,381,0.0006690196341135401,1.0,513.5003282695889,1.000000089647579
sheet1_to_sheet2,3,382,0.0006808761625749193,1.0,513.5003282695889,1.000000089647579
sheet1_to_sheet2,3,383,0.0007077344409836757,1.0,513.5003282695889,1.000000089647579
sheet1_to_sheet2,3,384,0.0007209805021527513,1.0,513.5003282695889,1.000000089647579
sheet1_to_sheet2,3,385,0.0007264631311025457,1.0,513.5003282695889,1.000000089647579
sheet1_to_sheet2,3,386,0.0007482171048083673,1.0,513.5003282695889,1.000000089647579
sheet1_to_sheet2,3,387,0.0007744753720280739,1.0,513.5003282695889,1.000000089647579
sheet1_to_sheet2,3,388,0.0008077031467426687,1.0,513.5003282695889,1.000000089647579
sheet1_to_sheet2,3,389,0.0008247952585240824,1.0,513.5003282695889,1.000000089647579
sheet1_to_sheet2,3,390,0.000843579013956528,1.0,513.5003282695889,1.000000089647579
sheet1_to_sheet2,3,391,0.0008644983473550259,1.0,513.5003282695889,1.000000089647579
sheet1_to_sheet2,3,392,0.0008800630071668175,1.0,513.5003282695889,1.000000089647579
sheet1_to_sheet2,3,393,0.0009152400043887073,1.0,513.5003282695889,1.000000089647579
sheet1_to_sheet2,3,394,0.0009225689619656609,1.0,513.5003282695889,1.000000089647579
sheet1_to_sheet2,3,395,0.0009466549206676896,1.0,513.5003282695889,1.000000089647579
sheet1_to_sheet2,3,396,0.0009653702359966237,1.0,513.5003282695889,1.000000089647579
sheet1_to_sheet2,3,397,0.0009951493884537432,1.0,513.5003282695889,1.000000089647579
sheet1_to_sheet2,3,398,0.0010043288189123148,1.0,513.5003282695889,1.000000089647579
sheet1_to_sheet2,3,399,0.0010515822994717511,1.0,513.5003282695889,1.000000089647579
sheet1_to_sheet2,3,400,0.0010812526561952212,1.0,513.5003282695889,1.000000089647579
sheet1_to_sheet2,3,401,0.0010969327206592858,1.0,513.5003282695889,1.000000089647579
sheet1_to_sheet2,3,402,0.0011131911241901709,1.0,513.5003282695889,1.000000089647579
sheet1_to_sheet2,3,403,0.001147105197526648,1.0,513.5003282695889,1.000000089647579
sheet1_to_sheet2,3,404,0.001193495356788954,1.0,513.5003282695889,1.000000089647579
sheet1_to_sheet2,3,405,0.0012218873789936922,1.0,513.5003282695889,1.000000089647579
sheet1_to_sheet2,3,406,0.0012370807585510158,1.0,513.5003282695889,1.000000089647579
sheet1_to_sheet2,3,407,0.0012719814898192658,1.0,513.5003282695889,1.000000089647579
sheet1_to_sheet2,3,408,0.001298131653085593,1.0,513.5003282695889,1.000000089647579
sheet1_to_sheet2,3,409,0.0013591713450718107,1.0,513.5003282695889,1.000000089647579
sheet1_to_sheet2,3,410,0.0013884980852496543,1.0,513.5003282695889,1.000000089647579
sheet1_to_sheet2,3,411,0.001430361575805735,1.0,513.5003282695889,1.000000089647579
sheet1_to_sheet2,3,412,0.0014457823210043577,1.0,513.5003282695889,1.000000089647579
sheet1_to_sheet2,3,413,0.0014728297626524726,1.0,513.5003282695889,1.000000089647579
sheet1_to_sheet2,3,414,0.0014951314039782387,1.0,513.5003282695889,1.000000089647579
sheet1_to_sheet2,3,415,0.001524172976929942,1.0,513.5003282695889,1.000000089647579
sheet1_to_sheet2,3,416,0.0015747485714803554,1.0,513.5003282695889,1.000000089647579
sheet1_to_sheet2,3,417,0.0016635418656615788,1.0,513.5003282695889,1.000000089647579
sheet1_to_sheet2,3,418,0.0016872516833014294,1.0,513.5003282695889,1.000000089647579
sheet1_to_sheet2,3,419,0.001734448135852897,1.0,513.5003282695889,1.000000089647579
sheet1_to_sheet2,3,420,0.0017541064902742072,1.0,513.5003282695889,1.000000089647579
sheet1_to_sheet2,3,421,0.0018242037667980946,1.0,513.5003282695889,1.000000089647579
sheet1_to_sheet2,3,422,0.0018526282133073382,1.0,513.5003282695889,1.000000089647579
sheet1_to_sheet2,3,423,0.0019060943170573735,1.0,513.5003282695889,1.000000089647579
sheet1_to_sheet2,3,424,0.0019174266941980756,1.0,513.5003282695889,1.000000089647579
sheet1_to_sheet2,3,425,0.0019390532964338413,1.0,513.5003282695889,1.000000089647579
sheet1_to_sheet2,3,426,0.0020222595176117254,1.0,513.5003282695889,1.000000089647579
sheet1_to_sheet2,3,427,0.002056588020656635,1.0,513.5003282695889,1.000000089647579
sheet1_to_sheet2,3,428,0.0021063875189010553,1.0,513.5003282695889,1.000000089647579
sheet1_to_sheet2,3,429,0.00218429381189835,1.0,513.5003282695889,1.000000089647579
sheet1_to_sheet2,3,430,0.002233267340393894,1.0,513.5003282695889,1.000000089647579
sheet1_to_sheet2,3,431,0.00227976155091337,1.0,513.5003282695889,1.000000089647579
sheet1_to_sheet2,3,432,0.0023089276894812595,1.0,513.5003282695889,1.000000089647579
sheet1_to_sheet2,3,433,0.0023833258120878626,1.0,513.5003282695889,1.000000089647579
sheet1_to_sheet2,3,434,0.0024384054297695245,1.0,513.5003282695889,1.000000089647579
sheet1_to_sheet2,3,435,0.002473964213717235,1.0,513.5003282695889,1.000000089647579
sheet1_to_sheet2,3,436,0.002570003022006448,1.0,513.5003282695889,1.000000089647579
sheet1_to_sheet2,3,437,0.0025833929272763762,1.0,513.5003282695889,1.000000089647579
sheet1_to_sheet2,3,438,0.00271644012378426,1.0,513.5003282695889,1.000000089647579
sheet1_to_sheet2,3,439,0.0027269483994959974,1.0,513.5003282695889,1.000000089647579
sheet1_to_sheet2,3,440,0.002802682063265209,1.0,513.5003282695889,1.000000089647579
sheet1_to_sheet2,3,441,0.0029092333843124406,1.0,513.5003282695889,1.000000089647579
sheet1_to_sheet2,3,442,0.0029668285431169415,1.0,513.5003282695889,1.000000089647579
sheet1_to_sheet2,3,443,0.003013582809993708,1.0,513.5003282695889,1.000000089647579
sheet1_to_sheet2,3,444,0.003062339614878716,1.0,513.5003282695889,1.000000089647579
sheet1_to_sheet2,3,445,0.0030690732207512327,1.0,513.5003282695889,1.000000089647579
sheet1_to_sheet2,3,446,0.003175885695333492,1.0,513.5003282695889,1.000000089647579
sheet1_to_sheet2,3,447,0.0031812162250011806,1.0,513.5003282695889,1.000000089647579
sheet1_to_sheet2,3,448,0.0032584108268243917,1.0,513.5003282695889,1.000000089647579
sheet1_to_sheet2,3,449,0.003312849407509647,1.0,513.5003282695889,1.000000089647579
sheet1_to_sheet2,3,450,0.0034071273771437093,1.0,513.5003282695889,1.000000089647579
sheet1_to_sheet2,3,451,0.0034830666164555953,1.0,513.5003282695889,1.000000089647579
sheet1_to_sheet2,3,452,0.003545349748448898,1.0,513.5003282695889,1.000000089647579
sheet1_to_sheet2,3,453,0.003599276798257117,1.0,513.5003282695889,1.000000089647579
sheet1_to_sheet2,3,454,0.0036776415233030204,1.0,513.5003282695889,1.000000089647579
sheet1_to_sheet2,3,455,0.0038140122841793423,1.0,513.5003282695889,1.000000089647579
sheet1_to_sheet2,3,456,0.003888732613093276,1.0,513.5003282695889,1.000000089647579
sheet1_to_sheet2,3,457,0.003972357242665029,1.0,513.5003282695889,1.000000089647579
sheet1_to_sheet2,3,458,0.004051053841101018,1.0,513.5003282695889,1.000000089647579
sheet1_to_sheet2,3,459,0.004068898922972353,1.0,513.5003282695889,1.000000089647579
sheet1_to_sheet2,3,460,0.00417710553993617,1.0,513.5003282695889,1.000000089647579
sheet1_to_sheet2,3,461,0.0043179663901042244,1.0,513.5003282695889,1.000000089647579
sheet1_to_sheet2,3,462,0.004443447390241503,1.0,513.5003282695889,1.000000089647579
sheet1_to_sheet2,3,463,0.004525102889449655,1.0,513.5003282695889,1.000000089647579
sheet1_to_sheet2,3,464,0.004670013490332242,1.0,513.5003282695889,1.000000089647579
sheet1_to_sheet2,3,465,0.004786524217634072,1.0,513.5003282695889,1.000000089647579
sheet1_to_sheet2,3,466,0.0048065038649158145,1.0,513.5003282695889,1.000000089647579
sheet1_to_sheet2,3,467,0.005090626208299013,1.0,513.5003282695889,1.000000089647579
sheet1_to_sheet2,3,468,0.005183410680101905,1.0,513.5003282695889,1.000000089647579
sheet1_to_sheet2,3,469,0.00521559552516801,1.0,513.5003282695889,1.000000089647579
sheet1_to_sheet2,3,470,0.0052354272651512395,1.0,513.5003282695889,1.000000089647579
sheet1_to_sheet2,3,471,0.005285880827653659,1.0,513.5003282695889,1.000000089647579
sheet1_to_sheet2,3,472,0.0054750301490291,1.0,513.5003282695889,1.000000089647579
sheet1_to_sheet2,3,473,0.00550001479579033,1.0,513.5003282695889,1.000000089647579
sheet1_to_sheet2,3,474,0.005589145630184479,1.0,513.5003282695889,1.000000089647579
sheet1_to_sheet2,3,475,0.005665283891650491,1.0,513.5003282695889,1.000000089647579
sheet1_to_sheet2,3,476,0.005772638140936303,1.0,513.5003282695889,1.000000089647579
sheet1_to_sheet2,3,477,0.005933164123807097,1.0,513.5003282695889,1.000000089647579
sheet1_to_sheet2,3,478,0.006011210653857495,1.0,513.5003282695889,1.000000089647579
sheet1_to_sheet2,3,479,0.006131393607306372,1.0,513.5003282695889,1.000000089647579
sheet1_to_sheet2,3,480,0.006336941132628607,1.0,513.5003282695889,1.000000089647579
sheet1_to_sheet2,3,481,0.00650631781639222,1.0,513.5003282695889,1.000000089647579
sheet1_to_sheet2,3,482,0.006547976178508732,1.0,513.5003282695889,1.000000089647579
sheet1_to_sheet2,3,483,0.006865764809040821,1.0,513.5003282695889,1.000000089647579
sheet1_to_sheet2,3,484,0.00690836581860212,1.0,513.5003282695889,1.000000089647579
sheet1_to_sheet2,3,485,0.007019623956019458,1.0,513.5003282695889,1.000000089647579
sheet1_to_sheet2,3,486,0.0071722762617798235,1.0,513.5003282695889,1.000000089647579
sheet1_to_sheet2,3,487,0.007355202411289118,1.0,513.5003282695889,1.000000089647579
sheet1_to_sheet2,3,488,0.007385259393233011,1.0,513.5003282695889,1.000000089647579
sheet1_to_sheet2,3,489,0.007793518469578993,1.0,513.5003282695889,1.000000089647579
sheet1_to_sheet2,3,490,0.007960222182926094,1.0,513.5003282695889,1.000000089647579
sheet1_to_sheet2,3,491,0.008060831424677747,1.0,513.5003282695889,1.000000089647579
sheet1_to_sheet2,3,492,0.00818897096891258,1.0,513.5003282695889,1.000000089647579
sheet1_to_sheet2,3,493,0.00822984853998343,1.0,513.5003282695889,1.000000089647579
sheet1_to_sheet2,3,494,0.008474153723885896,1.0,513.5003282695889,1.000000089647579
sheet1_to_sheet2,3,495,0.008624723710670015,1.0,513.5003282695889,1.000000089647579
sheet1_to_sheet2,3,496,0.008870543041755366,1.0,513.5003282695889,1.000000089647579
sheet1_to_sheet2,3,497,0.00923386354563357,1.0,513.5003282695889,1.000000089647579
sheet1_to_sheet2,3,498,0.009393426366450717,1.0,513.5003282695889,1.000000089647579
sheet1_to_sheet2,3,499,0.009552364920298921,1.0,513.5003282695889,1.000000089647579
sheet1_to_sheet2,3,500,0.009810507863056851,1.0,513.5003282695889,1.000000089647579
sheet1_to_sheet2,3,501,0.010024821950842996,1.0,513.5003282695889,1.000000089647579
sheet1_to_sheet2,3,502,0.010261967897261918,1.0,513.5003282695889,1.000000089647579
sheet1_to_sheet2,3,503,0.010570189443459119,1.0,513.5003282695889,1.000000089647579
sheet1_to_sheet2,3,504,0.010692945207202173,1.0,513.5003282695889,1.000000089647579
sheet1_to_sheet2,3,505,0.010765720035445965,1.0,513.5003282695889,1.000000089647579
sheet1_to_sheet2,3,506,0.011180606809074465,1.0,513.5003282695889,1.000000089647579
sheet1_to_sheet2,3,507,0.011343329322392934,1.0,513.5003282695889,1.000000089647579
sheet1_to_sheet2,3,508,0.011390366106987293,1.0,513.5003282695889,1.000000089647579
sheet1_to_sheet2,3,509,0.011647342568842674,1.0,513.5003282695889,1.000000089647579
sheet1_to_sheet2,3,510,0.011834311281132008,1.0,513.5003282695889,1.000000089647579
sheet1_to_sheet2,3,511,0.012122878903002458,1.0,513.5003282695889,1.000000089647579
sheet1_to_sheet2,3,512,0.012502805439126618,1.0,513.5003282695889,1.000000089647579
sheet1_to_sheet2,3,513,0.012594734775998031,1.0,513.5003282695889,1.000000089647579
sheet1_to_sheet2,3,514,0.012716575067843091,1.0,513.5003282695889,1.000000089647579
sheet1_to_sheet2,3,515,0.012926595547395702,1.0,513.5003282695889,1.000000089647579
sheet1_to_sheet2,3,516,0.013436302382791417,1.0,513.5003282695889,1.000000089647579
sheet1_to_sheet2,3,517,0.013616710815920832,1.0,513.5003282695889,1.000000089647579
sheet1_to_sheet2,3,518,0.014271325564970485,1.0,513.5003282695889,1.000000089647579
sheet1_to_sheet2,3,519,0.014714555487828624,1.0,513.5003282695889,1.000000089647579
sheet1_to_sheet2,3,520,0.014861637690105012,1.0,513.5003282695889,1.000000089647579
sheet1_to_sheet2,3,521,0.015028417315529686,1.0,513.5003282695889,1.000000089647579
sheet1_to_sheet2,3,522,0.015167042753923136,1.0,513.5003282695889,1.000000089647579
sheet1_to_sheet2,3,523,0.01544837882632922,1.0,513.5003282695889,1.000000089647579
sheet1_to_sheet2,3,524,0.016144797999186472,1.0,513.5003282695889,1.000000089647579
sheet1_to_sheet2,3,525,0.016262864673454534,1.0,513.5003282695889,1.000000089647579
sheet1_to_sheet2,3,526,0.016975097086495892,1.0,513.5003282695889,1.000000089647579
sheet1_to_sheet2,3,527,0.01723777109255442,1.0,513.5003282695889,1.000000089647579
sheet1_to_sheet2,3,528,0.017312404553069385,1.0,513.5003282695889,1.000000089647579
sheet1_to_sheet2,3,529,0.01766311974774091,1.0,513.5003282695889,1.000000089647579
sheet1_to_sheet2,3,530,0.01790262480740519,1.0,513.5003282695889,1.000000089647579
sheet1_to_sheet2,3,531,0.01818236721866602,1.0,513.5003282695889,1.000000089647579
sheet1_to_sheet2,3,532,0.01858684853784051,1.0,513.5003282695889,1.000000089647579
sheet1_to_sheet2,3,533,0.019272310853827416,1.0,513.5003282695889,1.000000089647579
sheet1_to_sheet2,3,534,0.0195804028698977,1.0,513.5003282695889,1.000000089647579
sheet1_to_sheet2,3,535,0.019788013274127124,1.0,513.5003282695889,1.000000089647579
sheet1_to_sheet2,3,536,0.02034903713918027,1.0,513.5003282695889,1.000000089647579
sheet1_to_sheet2,3,537,0.02123044747342588,1.0,513.5003282695889,1.000000089647579
sheet1_to_sheet2,3,538,0.0215616495114835,1.0,513.5003282695889,1.000000089647579
sheet1_to_sheet2,3,539,0.022280015609192124,1.0,513.5003282695889,1.000000089647579
sheet1_to_sheet2,3,540,0.02308283467091402,1.0,513.5003282695889,1.000000089647579
sheet1_to_sheet2,3,541,0.023459152248870407,1.0,513.5003282695889,1.000000089647579
sheet1_to_sheet2,3,542,0.024051880526341093,1.0,513.5003282695889,1.000000089647579
sheet1_to_sheet2,3,543,0.024476767413225346,1.0,513.5003282695889,1.000000089647579
sheet1_to_sheet2,3,544,0.024993644524597774,1.0,513.5003282695889,1.000000089647579
sheet1_to_sheet2,3,545,0.025919553748949904,1.0,513.5003282695889,1.000000089647579
sheet1_to_sheet2,3,546,0.026211091044800596,1.0,513.5003282695889,1.000000089647579
sheet1_to_sheet2,3,547,0.026440393963085996,1.0,513.5003282695889,1.000000089647579
sheet1_to_sheet2,3,548,0.027885883609727515,1.0,513.5003282695889,1.000000089647579
sheet1_to_sheet2,3,549,0.02840104446295121,1.0,513.5003282695889,1.000000089647579
sheet1_to_sheet2,3,550,0.02885431820044042,1.0,513.5003282695889,1.000000089647579
sheet1_to_sheet2,3,551,0.029325178667457062,1.0,513.5003282695889,1.000000089647579
sheet1_to_sheet2,3,552,0.030171980240131818,1.0,513.5003282695889,1.000000089647579
sheet1_to_sheet2,3,553,0.03135440015146709,1.0,513.5003282695889,1.000000089647579
sheet1_to_sheet2,3,554,0.03142352148281232,1.0,513.5003282695889,1.000000089647579
sheet1_to_sheet2,3,555,0.032184390361856476,1.0,513.5003282695889,1.000000089647579
sheet1_to_sheet2,3,556,0.03276345067770339,1.0,513.5003282695889,1.000000089647579
sheet1_to_sheet2,3,557,0.03398248651228782,1.0,513.5003282695889,1.000000089647579
sheet1_to_sheet2,3,558,0.034156693121889306,1.0,513.5003282695889,1.000000089647579
sheet1_to_sheet2,3,559,0.03508869727421374,1.0,513.5003282695889,1.000000089647579
sheet1_to_sheet2,3,560,0.03530386226495888,1.0,513.5003282695889,1.000000089647579
sheet1_to_sheet2,3,561,0.03568422719644192,1.0,513.5003282695889,1.000000089647579
sheet1_to_sheet2,3,562,0.03620639161804879,1.0,513.5003282695889,1.000000089647579
sheet1_to_sheet2,3,563,0.036737604845946126,1.0,513.5003282695889,1.000000089647579
sheet1_to_sheet2,3,564,0.038661435423168994,1.0,513.5003282695889,1.000000089647579
sheet1_to_sheet2,3,565,0.039368210498580594,1.0,513.5003282695889,1.000000089647579
sheet1_to_sheet2,3,566,0.03938202093848665,1.0,513.5003282695889,1.000000089647579
sheet1_to_sheet2,3,567,0.040358973255481934,1.0,513.5003282695889,1.000000089647579
sheet1_to_sheet2,3,568,0.04130155061634592,1.0,513.5003282695889,1.000000089647579
sheet1_to_sheet2,3,569,0.043011632048852375,1.0,513.5003282695889,1.000000089647579
sheet1_to_sheet2,3,570,0.043677354986683584,1.0,513.5003282695889,1.000000089647579
sheet1_to_sheet2,3,571,0.044828973897783446,1.0,513.5003282695889,1.000000089647579
sheet1_to_sheet2,3,572,0.04601966967361272,1.0,513.5003282695889,1.000000089647579
sheet1_to_sheet2,3,573,0.0469858417114367,1.0,513.5003282695889,1.000000089647579
sheet1_to_sheet2,3,574,0.04898782836147025,1.0,513.5003282695889,1.000000089647579
sheet1_to_sheet2,3,575,0.04959212179690445,1.0,513.5003282695889,1.000000089647579
sheet1_to_sheet2,3,576,0.05140036108858865,1.0,513.5003282695889,1.000000089647579
sheet1_to_sheet2,3,577,0.05221945064239219,1.0,513.5003282695889,1.000000089647579
sheet1_to_sheet2,3,578,0.0528037654289467,1.0,513.5003282695889,1.000000089647579
sheet1_to_sheet2,3,579,0.05556349238374407,1.0,513.5003282695889,1.000000089647579
sheet1_to_sheet2,3,580,0.05565682156060202,1.0,513.5003282695889,1.000000089647579
sheet1_to_sheet2,3,581,0.057414256831526754,1.0,513.5003282695889,1.000000089647579
sheet1_to_sheet2,3,582,0.059797123517719916,1.0,513.5003282695889,1.000000089647579
sheet1_to_sheet2,3,583,0.06169667770522725,1.0,513.5003282695889,1.000000089647579
sheet1_to_sheet2,3,584,0.0628140239766278,1.0,513.5003282695889,1.000000089647579
sheet1_to_sheet2,3,585,0.06430015348797352,1.0,513.5003282695889,1.000000089647579
sheet1_to_sheet2,3,586,0.06464769091831153,1.0,513.5003282695889,1.000000089647579
sheet1_to_sheet2,3,587,0.06739408640826271,1.0,513.5003282695889,1.000000089647579
sheet1_to_sheet2,3,588,0.06813168541809467,1.0,513.5003282695889,1.000000089647579
sheet1_to_sheet2,3,589,0.07199928881493561,1.0,513.5003282695889,1.000000089647579
sheet1_to_sheet2,3,590,0.07311280561734393,1.0,513.5003282695889,1.000000089647579
sheet1_to_sheet2,3,591,0.07453024735309735,1.0,513.5003282695889,1.000000089647579
sheet1_to_sheet2,3,592,0.07776813691104499,1.0,513.5003282695889,1.000000089647579
sheet1_to_sheet2,3,593,0.08016954502733446,1.0,513.5003282695889,1.000000089647579
sheet1_to_sheet2,3,594,0.08201987310108491,1.0,513.5003282695889,1.000000089647579
sheet1_to_sheet2,3,595,0.08584402804026114,1.0,513.5003282695889,1.000000089647579
sheet1_to_sheet2,3,596,0.08772068869936976,1.0,513.5003282695889,1.000000089647579
sheet1_to_sheet2,3,597,0.08883667534092325,1.0,513.5003282695889,1.000000089647579
sheet1_to_sheet2,3,598,0.0924760695845781,1.0,513.5003282695889,1.000000089647579
sheet1_to_sheet2,3,599,0.09467951752182516,1.0,513.5003282695889,1.000000089647579
sheet1_to_sheet2,3,600,0.0981576358934,1.0,513.5003282695889,1.000000089647579
sheet1_to_sheet2,3,601,0.10045239947809105,1.0,513.5003282695889,1.000000089647579
sheet1_to_sheet2,3,602,0.1061388626554008,1.0,513.5003282695889,1.000000089647579
sheet1_to_sheet2,3,603,0.108455442399438,1.0,513.5003282695889,1.000000089647579
sheet1_to_sheet2,3,604,0.11099521981800413,1.0,513.5003282695889,1.000000089647579
sheet1_to_sheet2,3,605,0.11513433155258636,1.0,513.5003282695889,1.000000089647579
sheet1_to_sheet2,3,606,0.11824697231837342,1.0,513.5003282695889,1.000000089647579
sheet1_to_sheet2,3,607,0.12005236490717026,1.0,513.5003282695889,1.000000089647579
sheet1_to_sheet2,3,608,0.12400731302601277,1.0,513.5003282695889,1.000000089647579
sheet1_to_sheet2,3,609,0.12580511825401425,1.0,513.5003282695889,1.000000089647579
sheet1_to_sheet2,3,610,0.12991548686983834,1.0,513.5003282695889,1.000000089647579
sheet1_to_sheet2,3,611,0.13171566640904442,1.0,513.5003282695889,1.000000089647579
sheet1_to_sheet2,3,612,0.13331733831961334,1.0,513.5003282695889,1.000000089647579
sheet1_to_sheet2,3,613,0.14066726091868553,1.0,513.5003282695889,1.000000089647579
sheet1_to_sheet2,3,614,0.14365824645314662,1.0,513.5003282695889,1.000000089647579
sheet1_to_sheet2,3,615,0.14460517029972295,1.0,513.5003282695889,1.000000089647579
sheet1_to_sheet2,3,616,0.14984767713971314,1.0,513.5003282695889,1.000000089647579
sheet1_to_sheet2,3,617,0.15617115961199135,1.0,513.5003282695889,1.000000089647579
sheet1_to_sheet2,3,618,0.16123441670553604,1.0,513.5003282695889,1.000000089647579
sheet1_to_sheet2,3,619,0.16675901005128993,1.0,513.5003282695889,1.000000089647579
sheet1_to_sheet2,3,620,0.17248677676753957,1.0,513.5003282695889,1.000000089647579
sheet1_to_sheet2,3,621,0.17577266178830586,1.0,513.5003282695889,1.000000089647579
sheet1_to_sheet2,3,622,0.19043538755481845,1.0,513.5003282695889,1.000000089647579
sheet1_to_sheet2,3,623,0.19498966460755718,1.0,513.5003282695889,1.000000089647579
sheet1_to_sheet2,3,624,0.20143422102254588,1.0,513.5003282695889,1.000000089647579
sheet1_to_sheet2,3,625,0.20765323490264975,1.0,513.5003282695889,1.000000089647579
sheet1_to_sheet2,3,626,0.2150593426040787,1.0,513.5003282695889,1.000000089647579
sheet1_to_sheet2,3,627,0.21648132961858085,1.0,513.5003282695889,1.000000089647579
sheet1_to_sheet2,3,628,0.22184613971195827,1.0,513.5003282695889,1.000000089647579
sheet1_to_sheet2,3,629,0.2226695445058061,1.0,513.5003282695889,1.000000089647579
sheet1_to_sheet2,3,630,0.23216467506062535,1.0,513.5003282695889,1.000000089647579
sheet1_to_sheet2,3,631,0.24640699699965865,1.0,513.5003282695889,1.000000089647579
sheet1_to_sheet2,3,632,0.24760363564836999,1.0,513.5003282695889,1.000000089647579
sheet1_to_sheet2,3,633,0.25439328684777784,1.0,513.5003282695889,1.000000089647579
sheet1_to_sheet2,3,634,0.2576495027396732,1.0,513.5003282695889,1.000000089647579
sheet1_to_sheet2,3,635,0.2748723617659814,1.0,513.5003282695889,1.000000089647579
sheet1_to_sheet2,3,636,0.27886468750619475,1.0,513.5003282695889,1.000000089647579
sheet1_to_sheet2,3,637,0.2853403747521706,1.0,513.5003282695889,1.000000089647579
sheet1_to_sheet2,3,638,0.2891639890269437,1.0,513.5003282695889,1.000000089647579
sheet1_to_sheet2,3,639,0.3008967974539057,1.0,513.5003282695889,1.000000089647579
sheet1_to_sheet2,3,640,0.3115716940973604,1.0,513.5003282695889,1.000000089647579
sheet1_to_sheet2,3,641,0.31440113321840524,1.0,513.5003282695889,1.000000089647579
sheet1_to_sheet2,3,642,0.3232507329497969,1.0,513.5003282695889,1.000000089647579
sheet1_to_sheet2,3,643,0.33975112555190434,1.0,513.5003282695889,1.000000089647579
sheet1_to_sheet2,3,644,0.3549333010694945,1.0,513.5003282695889,1.000000089647579
sheet1_to_sheet2,3,645,0.36176630566209445,1.0,513.5003282695889,1.000000089647579
sheet1_to_sheet2,3,646,0.36914071809813787,1.0,513.5003282695889,1.000000089647579
sheet1_to_sheet2,3,647,0.3796306333133311,1.0,513.5003282695889,1.000000089647579
sheet1_to_sheet2,3,648,0.3985667111532577,1.0,513.5003282695889,1.000000089647579
sheet1_to_sheet2,3,649,0.41570262147453635,1.0,513.5003282695889,1.000000089647579
sheet1_to_sheet2,3,650,0.43979884451578205,1.0,513.5003282695889,1.000000089647579
sheet1_to_sheet2,3,651,0.4579822889072118,1.0,513.5003282695889,1.000000089647579
sheet1_to_sheet2,3,652,0.47306797088755126,1.0,513.5003282695889,1.000000089647579
sheet1_to_sheet2,3,653,0.4811819022141429,1.0,513.5003282695889,1.000000089647579
sheet1_to_sheet2,3,654,0.5116925366849816,1.0,513.5003282695889,1.000000089647579
sheet1_to_sheet2,3,655,0.5416796674173718,1.0,513.5003282695889,1.000000089647579
sheet1_to_sheet2,3,656,0.5735239716085031,1.0,513.5003282695889,1.000000089647579
sheet1_to_sheet2,3,657,0.6043503780970592,1.0,513.5003282695889,1.000000089647579
sheet1_to_sheet2,3,658,0.6390392383418572,1.0,513.5003282695889,1.000000089647579
sheet1_to_sheet2,3,659,0.6763509538369192,1.0,513.5003282695889,1.000000089647579
sheet1_to_sheet2,3,660,0.6939204739394988,1.0,513.5003282695889,1.000000089647579
sheet1_to_sheet2,3,661,0.7666296863780394,1.0,513.5003282695889,1.000000089647579
sheet1_to_sheet2,3,662,0.7812021034169566,1.0,513.5003282695889,1.000000089647579
sheet1_to_sheet2,3,663,0.8039663558134615,1.0,513.5003282695889,1.000000089647579
sheet1_to_sheet2,3,664,0.8365829490626776,1.0,513.5003282695889,1.000000089647579
sheet1_to_sheet2,3,665,0.8552452871563848,1.0,513.5003282695889,1.000000089647579
sheet1_to_sheet2,3,666,0.8826503123119873,1.0,513.5003282695889,1.000000089647579
sheet1_to_sheet2,3,667,0.9038392898663932,1.0,513.5003282695889,1.000000089647579
sheet1_to_sheet2,3,668,0.9506487189108643,1.0,513.5003282695889,1.000000089647579
sheet1_to_sheet2,3,669,0.9770104996206005,1.0,513.5003282695889,1.000000089647579
sheet1_to_sheet2,3,670,0.9980486056528461,1.0,513.5003282695889,1.000000089647579
sheet1_to_sheet2,3,671,1.0455872190351285,1.0,513.5003282695889,1.000000089647579
sheet1_to_sheet2,3,672,1.1475472671334663,1.0,513.5003282695889,1.000000089647579
sheet1_to_sheet2,3,673,1.1718433246417816,1.0,513.5003282695889,1.000000089647579
sheet1_to_sheet2,3,674,1.18259347203911,1.0,513.5003282695889,1.000000089647579
sheet1_to_sheet2,3,675,1.2816685705690924,1.0,513.5003282695889,1.000000089647579
sheet1_to_sheet2,3,676,1.3116021323383529,1.0,513.5003282695889,1.000000089647579
sheet1_to_sheet2,3,677,1.372075688913621,1.0,513.5003282695889,1.000000089647579
sheet1_to_sheet2,3,678,1.448969885511199,1.0,513.5003282695889,1.000000089647579
sheet1_to_sheet2,3,679,1.5745284261486416,1.0,513.5003282695889,1.000000089647579
sheet1_to_sheet2,3,680,1.758291848849002,1.0,513.5003282695889,1.000000089647579
sheet1_to_sheet2,3,681,1.8189156893929326,1.0,513.5003282695889,1.000000089647579
sheet1_to_sheet2,3,682,1.9021426396666796,1.0,513.5003282695889,1.000000089647579
sheet1_to_sheet2,3,683,1.9451744329364982,1.0,513.5003282695889,1.000000089647579
sheet1_to_sheet2,3,684,2.0751194360393765,1.0,513.5003282695889,1.000000089647579
sheet1_to_sheet2,3,685,2.181516908309493,1.0,513.5003282695889,1.000000089647579
sheet1_to_sheet2,3,686,2.2672585506742364,1.0,513.5003282695889,1.000000089647579
sheet1_to_sheet2,3,687,2.319277772300552,1.0,513.5003282695889,1.000000089647579
sheet1_to_sheet2,3,688,2.3521309352659587,1.0,513.5003282695889,1.000000089647579
sheet1_to_sheet2,3,689,2.497914311129501,1.0,513.5003282695889,1.000000089647579
sheet1_to_sheet2,3,690,2.682629108613617,1.0,513.5003282695889,1.000000089647579
sheet1_to_sheet2,3,691,2.8352576364646436,1.0,513.5003282695889,1.000000089647579
sheet1_to_sheet2,3,692,2.9118341190691246,1.0,513.5003282695889,1.000000089647579
sheet1_to_sheet2,3,693,2.9714922794855556,1.0,513.5003282695889,1.000000089647579
sheet1_to_sheet2,3,694,3.2779977594489584,1.0,513.5003282695889,1.000000089647579
sheet1_to_sheet2,3,695,3.357463384670214,1.0,513.5003282695889,1.000000089647579
sheet1_to_sheet2,3,696,3.597006839127478,1.0,513.5003282695889,1.000000089647579
sheet1_to_sheet2,3,697,3.8884103310673663,1.0,513.5003282695889,1.000000089647579
sheet1_to_sheet2,3,698,3.941955168866776,1.0,513.5003282695889,1.000000089647579
sheet1_to_sheet2,3,699,4.216748220488891,1.0,513.5003282695889,1.000000089647579
sheet1_to_sheet2,3,700,4.392042363532753,1.0,513.5003282695889,1.000000089647579
sheet1_to_sheet2,3,701,4.661031018973465,1.0,513.5003282695889,1.000000089647579
sheet1_to_sheet2,3,702,4.935321526168772,1.0,513.5003282695889,1.000000089647579
sheet1_to_sheet2,3,703,5.04483899945329,1.0,513.5003282695889,1.000000089647579
sheet1_to_sheet2,3,704,5.1777211672375,1.0,513.5003282695889,1.000000089647579
sheet1_to_sheet2,3,705,5.5215543593770136,1.0,513.5003282695889,1.000000089647579
sheet1_to_sheet2,3,706,5.957513867714317,1.0,513.5003282695889,1.000000089647579
sheet1_to_sheet2,3,707,6.142534857713436,1.0,513.5003282695889,1.000000089647579
sheet1_to_sheet2,3,708,7.14980716853885,1.0,513.5003282695889,1.000000089647579
sheet1_to_sheet2,3,709,7.280992503206202,1.0,513.5003282695889,1.000000089647579
sheet1_to_sheet2,3,710,7.5287383721274255,1.0,513.5003282695889,1.000000089647579
sheet1_to_sheet2,3,711,8.186108940025601,1.0,513.5003282695889,1.000000089647579
sheet1_to_sheet2,3,712,8.695656071705308,1.0,513.5003282695889,1.000000089647579
sheet1_to_sheet2,3,713,8.784291257100687,1.0,513.5003282695889,1.000000089647579
sheet1_to_sheet2,3,714,9.293113117514876,1.0,513.5003282695889,1.000000089647579
sheet1_to_sheet2,3,715,9.442230428763944,1.0,513.5003282695889,1.000000089647579
sheet1_to_sheet2,3,716,9.954193911936514,1.0,513.5003282695889,1.000000089647579
sheet1_to_sheet2,3,717,10.386579629728947,1.0,513.5003282695889,1.000000089647579
sheet1_to_sheet2,3,718,10.504310284199905,1.0,513.5003282695889,1.000000089647579
sheet1_to_sheet2,3,719,10.857257160659335,1.0,513.5003282695889,1.000000089647579
sheet1_to_sheet2,3,720,13.486977769676564,1.0,513.5003282695889,1.000000089647579
sheet1_to_sheet2,3,721,14.783689689570965,1.0,513.5003282695889,1.000000089647579
sheet1_to_sheet2,3,722,14.957193544035157,1.0,513.5003282695889,1.000000089647579
sheet1_to_sheet2,3,723,15.828678131119027,1.0,513.5003282695889,1.000000089647579
sheet1_to_sheet2,3,724,17.306159606079365,1.0,513.5003282695889,1.000000089647579
sheet1_to_sheet2,3,725,19.840302234630993,1.0,513.5003282695889,1.000000089647579
sheet1_to_sheet2,3,726,20.24695259439708,1.0,513.5003282695889,1.000000089647579
sheet1_to_sheet2,3,727,21.70411855721306,1.0,513.5003282695889,1.000000089647579
sheet1_to_sheet2,3,728,22.368941013799695,1.0,513.5003282695889,1.000000089647579
sheet1_to_sheet2,3,729,23.055682096772436,1.0,513.5003282695889,1.000000089647579
sheet1_to_sheet2,3,730,24.073602725242203,1.0,513.5003282695889,1.000000089647579
sheet1_to_sheet2,3,731,25.129613771326014,1.0,513.5003282695889,1.000000089647579
sheet1_to_sheet2,3,732,27.017291963703062,1.0,513.5003282695889,1.000000089647579
sheet1_to_sheet2,3,733,30.548523582642797,1.0,513.5003282695889,1.000000089647579
sheet1_to_sheet2,3,734,31.82102088307325,1.0,513.5003282695889,1.000000089647579
sheet1_to_sheet2,3,735,35.20832836191639,1.0,513.5003282695889,1.000000089647579
sheet1_to_sheet2,3,736,39.95180960895495,1.0,513.5003282695889,1.000000089647579
sheet1_to_sheet2,3,737,40.3376554158016,1.0,513.5003282695889,1.000000089647579
sheet1_to_sheet2,3,738,48.44831644177944,1.0,513.5003282695889,1.000000089647579
sheet1_to_sheet2,3,739,49.703764519388734,1.0,513.5003282695889,1.000000089647579
sheet1_to_sheet2,3,740,52.37903149145115,1.0,513.5003282695889,1.000000089647579
sheet1_to_sheet2,3,741,55.967493490743365,1.0,513.5003282695889,1.000000089647579
sheet1_to_sheet2,3,742,62.84205293964995,1.0,513.5003282695889,1.000000089647579
sheet1_to_sheet2,3,743,70.46107179174773,1.0,513.5003282695889,1.000000089647579
sheet1_to_sheet2,3,744,76.47482345580917,1.0,513.5003282695889,1.000000089647579
sheet1_to_sheet2,3,745,83.24398656933737,1.0,513.5003282695889,1.000000089647579
sheet1_to_sheet2,3,746,92.73969533865123,1.0,513.5003282695889,1.000000089647579
sheet1_to_sheet2,3,747,95.35112261221936,1.0,513.5003282695889,1.000000089647579
sheet1_to_sheet2,3,748,103.89442436723728,1.0,513.5003282695889,1.000000089647579
sheet1_to_sheet2,3,749,118.06135263361406,1.0,513.5003282695889,1.000000089647579
sheet1_to_sheet2,3,750,138.80708983078966,1.0,513.5003282695889,1.000000089647579
sheet1_to_sheet2,3,751,162.57878416262275,1.0,513.5003282695889,1.000000089647579
sheet1_to_sheet2,3,752,179.5920534447954,1.0,513.5003282695889,1.000000089647579
sheet1_to_sheet2,3,753,194.70759138251657,1.0,513.5003282695889,1.000000089647579
sheet1_to_sheet2,3,754,202.9930952245644,1.0,513.5003282695889,1.000000089647579
sheet1_to_sheet2,3,755,217.7752409132791,1.0,513.5003282695889,1.000000089647579
sheet1_to_sheet2,3,756,236.8828924476983,1.0,513.5003282695889,1.000000089647579
sheet1_to_sheet2,3,757,257.8155493359143,1.0,513.5003282695889,1.000000089647579
sheet1_to_sheet2,3,758,279.95231253491147,1.0,513.5003282695889,1.000000089647579
sheet1_to_sheet2,3,759,307.3041068812103,1.0,513.5003282695889,1.000000089647579
sheet1_to_sheet2,3,760,334.52561768680977,1.0,513.5003282695889,1.000000089647579
sheet1_to_sheet2,3,761,383.04734077571754,1.0,513.5003282695889,1.000000089647579
sheet1_to_sheet2,3,762,409.7666916894932,1.0,513.5003282695889,1.000000089647579
sheet1_to_sheet2,3,763,442.19028394616333,1.0,513.5003282695889,1.000000089647579
sheet1_to_sheet2,3,764,523.9722876343616,1.0,513.5003282695889,1.000000089647579
sheet1_to_sheet2,3,765,557.5434326786611,1.0,513.5003282695889,1.000000089647579
sheet1_to_sheet2,3,766,632.7139102850958,1.0,513.5003282695889,1.000000089647579
sheet1_to_sheet2,3,767,858.5851371827443,1.0,513.5003282695889,1.000000089647579
sheet1_to_sheet2,3,768,925.9867010401426,1.0,513.5003282695889,1.000000089647579
sheet1_to_sheet2,3,769,1025.0663414083397,1.0,513.5003282695889,1.000000089647579
sheet1_to_sheet2,3,770,1129.26430710538,1.0,513.5003282695889,1.000000089647579
sheet1_to_sheet2,3,771,1471.2656685042327,1.0,513.5003282695889,1.000000089647579
sheet1_to_sheet2,3,772,1656.6753708098954,1.0,513.5003282695889,1.000000089647579
sheet1_to_sheet2,3,773,1974.7954749048927,1.0,513.5003282695889,1.000000089647579
sheet1_to_sheet2,3,774,2208.8803048931622,1.0,513.5003282695889,1.000000089647579
sheet1_to_sheet2,3,775,2732.2847859262993,1.0,513.5003282695889,1.000000089647579
sheet1_to_sheet2,3,776,3424.000508112814,1.0,513.5003282695889,1.000000089647579
sheet1_to_sheet2,3,777,4191.864781402604,1.0,513.5003282695889,1.000000089647579
sheet1_to_sheet2,3,778,4326.022378882558,1.0,513.5003282695889,1.000000089647579
sheet1_to_sheet2,3,779,5187.1639334889205,1.0,513.5003282695889,1.000000089647579
sheet1_to_sheet2,3,780,5757.357064225696,1.0,513.5003282695889,1.000000089647579
sheet1_to_sheet2,3,781,8867.86363751174,1.0,513.5003282695889,1.000000089647579
sheet1_to_sheet2,3,782,10952.0494656843,1.0,513.5003282695889,1.000000089647579
sheet1_to_sheet2,3,783,11684.882413505602,1.0,513.5003282695889,1.000000089647579
sheet1_to_sheet2,3,784,12975.408128276042,1.0,513.5003282695889,1.000000089647579
sheet1_to_sheet2,3,785,15174.962122191355,1.0,513.5003282695889,1.000000089647579
sheet1_to_sheet2,3,786,23992.928544275495,1.0,513.5003282695889,1.000000089647579
sheet1_to_sheet2,3,787,28177.386037873464,1.0,513.5003282695889,1.000000089647579
sheet1_to_sheet2,3,788,35288.164664072276,1.0,513.5003282695889,1.000000089647579
sheet1_to_sheet2,3,789,42819.29938882014,1.0,513.5003282695889,1.000000089647579
sheet1_to_sheet2,3,790,60226.934659064646,1.0,513.5003282695889,1.000000089647579
sheet1_to_sheet2,3,791,108928.4083489941,1.0,513.5003282695889,1.000000089647579
sheet1_to_sheet2,3,792,177680.1395933917,1.0,513.5003282695889,1.000000089647579
sheet1_to_sheet2,3,793,200525.11224241293,1.0,513.5003282695889,1.000000089647579
sheet1_to_sheet2,3,794,240264.95708920943,1.0,513.5003282695889,1.000000089647579
sheet1_to_sheet2,3,795,318585.1593447682,1.0,513.5003282695889,1.000000089647579
sheet1_to_sheet2,3,796,498954.8052795815,1.0,513.5003282695889,1.000000089647579
sheet1_to_sheet2,3,797,1372046.1813695212,1.0,513.5003282695889,1.000000089647579
sheet1_to_sheet2,3,798,1504250.127859527,1.0,513.5003282695889,1.000000089647579
sheet1_to_sheet2,3,799,2271381.486089026,1.0,513.5003282695889,1.000000089647579
sheet2_to_sheet1,0,0,0.0,1.0,578.5905014074858,1.0000001732168362
sheet2_to_sheet1,0,1,0.0,1.0,578.5905014074858,1.0000001732168362
sheet2_to_sheet1,0,2,0.0,1.0,578.5905014074858,1.0000001732168362
sheet2_to_sheet1,0,3,0.0,1.0,578.5905014074858,1.0000001732168362
sheet2_to_sheet1,0,4,0.0,1.0,578.5905014074858,1.0000001732168362
sheet2_to_sheet1,0,5,0.0,1.0,578.5905014074858,1.0000001732168362
sheet2_to_sheet1,0,6,0.0,1.0,578.5905014074858,1.0000001732168362
sheet2_to_sheet1,0,7,0.0,1.0,578.5905014074858,1.0000001732168362
sheet2_to_sheet1,0,8,0.0,1.0,578.5905014074858,1.0000001732168362
sheet2_to_sheet1,0,9,0.0,1.0,578.5905014074858,1.0000001732168362
sheet2_to_sheet1,0,10,0.0,1.0,578.5905014074858,1.0000001732168362
sheet2_to_sheet1,0,11,0.0,1.0,578.5905014074858,1.0000001732168362
sheet2_to_sheet1,0,12,0.0,1.0,578.5905014074858,1.0000001732168362
sheet2_to_sheet1,0,13,0.0,1.0,578.5905014074858,1.0000001732168362
sheet2_to_sheet1,0,14,0.0,1.0,578.5905014074858,1.0000001732168362
sheet2_to_sheet1,0,15,0.0,1.0,578.5905014074858,1.0000001732168362
sheet2_to_sheet1,0,16,0.0,1.0,578.5905014074858,1.0000001732168362
sheet2_to_sheet1,0,17,0.0,1.0,578.5905014074858,1.0000001732168362
sheet2_to_sheet1,0,18,0.0,1.0,578.5905014074858,1.0000001732168362
sheet2_to_sheet1,0,19,0.0,1.0,578.5905014074858,1.0000001732168362
sheet2_to_sheet1,0,20,0.0,1.0,578.5905014074858,1.0000001732168362
sheet2_to_sheet1,0,21,0.0,1.0,578.5905014074858,1.0000001732168362
sheet2_to_sheet1,0,22,0.0,1.0,578.5905014074858,1.0000001732168362
sheet2_to_sheet1,0,23,0.0,1.0,578.5905014074858,1.0000001732168362
sheet2_to_sheet1,0,24,0.0,1.0,578.5905014074858,1.0000001732168362
sheet2_to_sheet1,0,25,0.0,1.0,578.5905014074858,1.0000001732168362
sheet2_to_sheet1,0,26,0.0,1.0,578.5905014074858,1.0000001732168362
sheet2_to_sheet1,0,27,0.0,1.0,578.5905014074858,1.0000001732168362
sheet2_to_sheet1,0,28,0.0,1.0,578.5905014074858,1.0000001732168362
sheet2_to_sheet1,0,29,0.0,1.0,578.5905014074858,1.0000001732168362
sheet2_to_sheet1,0,30,0.0,1.0,578.5905014074858,1.0000001732168362
sheet2_to_sheet1,0,31,0.0,1.0,578.5905014074858,1.0000001732168362
sheet2_to_sheet1,0,32,0.0,1.0,578.5905014074858,1.0000001732168362
sheet2_to_sheet1,0,33,0.0,1.0,578.5905014074858,1.0000001732168362
sheet2_to_sheet1,0,34,0.0,1.0,578.5905014074858,1.0000001732168362
sheet2_to_sheet1,0,35,0.0,1.0,578.5905014074858,1.0000001732168362
sheet2_to_sheet1,0,36,0.0,1.0,578.5905014074858,1.0000001732168362
sheet2_to_sheet1,0,37,0.0,1.0,578.5905014074858,1.0000001732168362
sheet2_to_sheet1,0,38,0.0,1.0,578.5905014074858,1.0000001732168362
sheet2_to_sheet1,0,39,0.0,1.0,578.5905014074858,1.0000001732168362
sheet2_to_sheet1,0,40,0.0,1.0,578.5905014074858,1.0000001732168362
sheet2_to_sheet1,0,41,0.0,1.0,578.5905014074858,1.0000001732168362
sheet2_to_sheet1,0,42,0.0,1.0,578.5905014074858,1.0000001732168362
sheet2_to_sheet1,0,43,0.0,1.0,578.5905014074858,1.0000001732168362
sheet2_to_sheet1,0,44,0.0,1.0,578.5905014074858,1.0000001732168362
sheet2_to_sheet1,0,45,0.0,1.0,578.5905014074858,1.0000001732168362
sheet2_to_sheet1,0,46,0.0,1.0,578.5905014074858,1.0000001732168362
sheet2_to_sheet1,0,47,0.0,1.0,578.5905014074858,1.0000001732168362
sheet2_to_sheet1,0,48,0.0,1.0,578.5905014074858,1.0000001732168362
sheet2_to_sheet1,0,49,0.0,1.0,578.5905014074858,1.0000001732168362
sheet2_to_sheet1,0,50,0.0,1.0,578.5905014074858,1.0000001732168362
sheet2_to_sheet1,0,51,0.0,1.0,578.5905014074858,1.0000001732168362
sheet2_to_sheet1,0,52,0.0,1.0,578.5905014074858,1.0000001732168362
sheet2_to_sheet1,0,53,0.0,1.0,578.5905014074858,1.0000001732168362
sheet2_to_sheet1,0,54,0.0,1.0,578.5905014074858,1.0000001732168362
sheet2_to_sheet1,0,55,0.0,1.0,578.5905014074858,1.0000001732168362
sheet2_to_sheet1,0,56,0.0,1.0,578.5905014074858,1.0000001732168362
sheet2_to_sheet1,0,57,0.0,1.0,578.5905014074858,1.0000001732168362
sheet2_to_sheet1,0,58,0.0,1.0,578.5905014074858,1.0000001732168362
sheet2_to_sheet1,0,59,0.0,1.0,578.5905014074858,1.0000001732168362
sheet2_to_sheet1,0,60,0.0,1.0,578.5905014074858,1.0000001732168362
sheet2_to_sheet1,0,61,0.0,1.0,578.5905014074858,1.0000001732168362
sheet2_to_sheet1,0,62,0.0,1.0,578.5905014074858,1.0000001732168362
sheet2_to_sheet1,0,63,0.0,1.0,578.5905014074858,1.0000001732168362
sheet2_to_sheet1,0,64,0.0,1.0,578.5905014074858,1.0000001732168362
sheet2_to_sheet1,0,65,0.0,1.0,578.5905014074858,1.0000001732168362
sheet2_to_sheet1,0,66,0.0,1.0,578.5905014074858,1.0000001732168362
sheet2_to_sheet1,0,67,0.0,1.0,578.5905014074858,1.0000001732168362
sheet2_to_sheet1,0,68,0.0,1.0,578.5905014074858,1.0000001732168362
sheet2_to_sheet1,0,69,0.0,1.0,578.5905014074858,1.0000001732168362
sheet2_to_sheet1,0,70,0.0,1.0,578.5905014074858,1.0000001732168362
sheet2_to_sheet1,0,71,0.0,1.0,578.5905014074858,1.0000001732168362
sheet2_to_sheet1,0,72,0.0,1.0,578.5905014074858,1.0000001732168362
sheet2_to_sheet1,0,73,0.0,1.0,578.5905014074858,1.0000001732168362
sheet2_to_sheet1,0,74,0.0,1.0,578.5905014074858,1.0000001732168362
sheet2_to_sheet1,0,75,0.0,1.0,578.5905014074858,1.0000001732168362
sheet2_to_sheet1,0,76,0.0,1.0,578.5905014074858,1.0000001732168362
sheet2_to_sheet1,0,77,0.0,1.0,578.5905014074858,1.0000001732168362
sheet2_to_sheet1,0,78,0.0,1.0,578.5905014074858,1.0000001732168362
sheet2_to_sheet1,0,79,0.0,1.0,578.5905014074858,1.0000001732168362
sheet2_to_sheet1,0,80,0.0,1.0,578.5905014074858,1.0000001732168362
sheet2_to_sheet1,0,81,0.0,1.0,578.5905014074858,1.0000001732168362
sheet2_to_sheet1,0,82,0.0,1.0,578.5905014074858,1.0000001732168362
sheet2_to_sheet1,0,83,0.0,1.0,578.5905014074858,1.0000001732168362
sheet2_to_sheet1,0,84,0.0,1.0,578.5905014074858,1.0000001732168362
sheet2_to_sheet1,0,85,0.0,1.0,578.5905014074858,1.0000001732168362
sheet2_to_sheet1,0,86,0.0,1.0,578.5905014074858,1.0000001732168362
sheet2_to_sheet1,0,87,0.0,1.0,578.5905014074858,1.0000001732168362
sheet2_to_sheet1,0,88,0.0,1.0,578.5905014074858,1.0000001732168362
sheet2_to_sheet1,0,89,0.0,1.0,578.5905014074858,1.0000001732168362
sheet2_to_sheet1,0,90,0.0,1.0,578.5905014074858,1.0000001732168362
sheet2_to_sheet1,0,91,0.0,1.0,578.5905014074858,1.0000001732168362
sheet2_to_sheet1,0,92,0.0,1.0,578.5905014074858,1.0000001732168362
sheet2_to_sheet1,0,93,0.0,1.0,578.5905014074858,1.0000001732168362
sheet2_to_sheet1,0,94,0.0,1.0,578.5905014074858,1.0000001732168362
sheet2_to_sheet1,0,95,0.0,1.0,578.5905014074858,1.0000001732168362
sheet2_to_sheet1,0,96,0.0,1.0,578.5905014074858,1.0000001732168362
sheet2_to_sheet1,0,97,0.0,1.0,578.5905014074858,1.0000001732168362
sheet2_to_sheet1,0,98,0.0,1.0,578.5905014074858,1.0000001732168362
sheet2_to_sheet1,0,99,0.0,1.0,578.5905014074858,1.0000001732168362
sheet2_to_sheet1,0,100,0.0,1.0,578.5905014074858,1.0000001732168362
sheet2_to_sheet1,0,101,0.0,1.0,578.5905014074858,1.0000001732168362
sheet2_to_sheet1,0,102,0.0,1.0,578.5905014074858,1.0000001732168362
sheet2_to_sheet1,0,103,0.0,1.0,578.5905014074858,1.0000001732168362
sheet2_to_sheet1,0,104,0.0,1.0,578.5905014074858,1.0000001732168362
sheet2_to_sheet1,0,105,0.0,1.0,578.5905014074858,1.0000001732168362
sheet2_to_sheet1,0,106,0.0,1.0,578.5905014074858,1.0000001732168362
sheet2_to_sheet1,0,107,0.0,1.0,578.5905014074858,1.0000001732168362
sheet2_to_sheet1,0,108,0.0,1.0,578.5905014074858,1.0000001732168362
sheet2_to_sheet1,0,109,0.0,1.0,578.5905014074858,1.0000001732168362
sheet2_to_sheet1,0,110,0.0,1.0,578.5905014074858,1.0000001732168362
sheet2_to_sheet1,0,111,0.0,1.0,578.5905014074858,1.0000001732168362
sheet2_to_sheet1,0,112,0.0,1.0,578.5905014074858,1.0000001732168362
sheet2_to_sheet1,0,113,0.0,1.0,578.5905014074858,1.0000001732168362
sheet2_to_sheet1,0,114,0.0,1.0,578.5905014074858,1.0000001732168362
sheet2_to_sheet1,0,115,0.0,1.0,578.5905014074858,1.0000001732168362
sheet2_to_sheet1,0,116,0.0,1.0,578.5905014074858,1.0000001732168362
sheet2_to_sheet1,0,117,0.0,1.0,578.5905014074858,1.0000001732168362
sheet2_to_sheet1,0,118,0.0,1.0,578.5905014074858,1.0000001732168362
sheet2_to_sheet1,0,119,0.0,1.0,578.5905014074858,1.0000001732168362
sheet2_to_sheet1,0,120,0.0,1.0,578.5905014074858,1.0000001732168362
sheet2_to_sheet1,0,121,0.0,1.0,578.5905014074858,1.0000001732168362
sheet2_to_sheet1,0,122,0.0,1.0,578.5905014074858,1.0000001732168362
sheet2_to_sheet1,0,123,0.0,1.0,578.5905014074858,1.0000001732168362
sheet2_to_sheet1,0,124,0.0,1.0,578.5905014074858,1.0000001732168362
sheet2_to_sheet1,0,125,0.0,1.0,578.5905014074858,1.0000001732168362
sheet2_to_sheet1,0,126,0.0,1.0,578.5905014074858,1.0000001732168362
sheet2_to_sheet1,0,127,0.0,1.0,578.5905014074858,1.0000001732168362
sheet2_to_sheet1,0,128,0.0,1.0,578.5905014074858,1.0000001732168362
sheet2_to_sheet1,0,129,0.0,1.0,578.5905014074858,1.0000001732168362
sheet2_to_sheet1,0,130,0.0,1.0,578.5905014074858,1.0000001732168362
sheet2_to_sheet1,0,131,0.0,1.0,578.5905014074858,1.0000001732168362
sheet2_to_sheet1,0,132,0.0,1.0,578.5905014074858,1.0000001732168362
sheet2_to_sheet1,0,133,0.0,1.0,578.5905014074858,1.0000001732168362
sheet2_to_sheet1,0,134,0.0,1.0,578.5905014074858,1.0000001732168362
sheet2_to_sheet1,0,135,0.0,1.0,578.5905014074858,1.0000001732168362
sheet2_to_sheet1,0,136,0.0,1.0,578.5905014074858,1.0000001732168362
sheet2_to_sheet1,0,137,0.0,1.0,578.5905014074858,1.0000001732168362
sheet2_to_sheet1,0,138,0.0,1.0,578.5905014074858,1.0000001732168362
sheet2_to_sheet1,0,139,0.0,1.0,578.5905014074858,1.0000001732168362
sheet2_to_sheet1,0,140,0.0,1.0,578.5905014074858,1.0000001732168362
sheet2_to_sheet1,0,141,0.0,1.0,578.5905014074858,1.0000001732168362
sheet2_to_sheet1,0,142,0.0,1.0,578.5905014074858,1.0000001732168362
sheet2_to_sheet1,0,143,0.0,1.0,578.5905014074858,1.0000001732168362
sheet2_to_sheet1,0,144,0.0,1.0,578.5905014074858,1.0000001732168362
sheet2_to_sheet1,0,145,0.0,1.0,578.5905014074858,1.0000001732168362
sheet2_to_sheet1,0,146,0.0,1.0,578.5905014074858,1.0000001732168362
sheet2_to_sheet1,0,147,0.0,1.0,578.5905014074858,1.0000001732168362
sheet2_to_sheet1,0,148,0.0,1.0,578.5905014074858,1.0000001732168362
sheet2_to_sheet1,0,149,0.0,1.0,578.5905014074858,1.0000001732168362
sheet2_to_sheet1,0,150,0.0,1.0,578.5905014074858,1.0000001732168362
sheet2_to_sheet1,0,151,0.0,1.0,578.5905014074858,1.0000001732168362
sheet2_to_sheet1,0,152,0.0,1.0,578.5905014074858,1.0000001732168362
sheet2_to_sheet1,0,153,0.0,1.0,578.5905014074858,1.0000001732168362
sheet2_to_sheet1,0,154,0.0,1.0,578.5905014074858,1.0000001732168362
sheet2_to_sheet1,0,155,0.0,1.0,578.5905014074858,1.0000001732168362
sheet2_to_sheet1,0,156,0.0,1.0,578.5905014074858,1.0000001732168362
sheet2_to_sheet1,0,157,0.0,1.0,578.5905014074858,1.0000001732168362
sheet2_to_sheet1,0,158,0.0,1.0,578.5905014074858,1.0000001732168362
sheet2_to_sheet1,0,159,0.0,1.0,578.5905014074858,1.0000001732168362
sheet2_to_sheet1,0,160,0.0,1.0,578.5905014074858,1.0000001732168362
sheet2_to_sheet1,0,161,0.0,1.0,578.5905014074858,1.0000001732168362
sheet2_to_sheet1,0,162,0.0,1.0,578.5905014074858,1.0000001732168362
sheet2_to_sheet1,0,163,0.0,1.0,578.5905014074858,1.0000001732168362
sheet2_to_sheet1,0,164,0.0,1.0,578.5905014074858,1.0000001732168362
sheet2_to_sheet1,0,165,0.0,1.0,578.5905014074858,1.0000001732168362
sheet2_to_sheet1,0,166,0.0,1.0,578.5905014074858,1.0000001732168362
sheet2_to_sheet1,0,167,1.5671816456919267e-07,1.0,578.5905014074858,1.0000001732168362
sheet2_to_sheet1,0,168,1.67799633837538e-07,1.0,578.5905014074858,1.0000001732168362
sheet2_to_sheet1,0,169,1.7386586755741946e-07,1.0,578.5905014074858,1.0000001732168362
sheet2_to_sheet1,0,170,1.8402036762164204e-07,1.0,578.5905014074858,1.0000001732168362
sheet2_to_sheet1,0,171,1.9364941282370998e-07,1.0,578.5905014074858,1.0000001732168362
sheet2_to_sheet1,0,172,2.084286038520021e-07,1.0,578.5905014074858,1.0000001732168362
sheet2_to_sheet1,0,173,2.1553067320023613e-07,1.0,578.5905014074858,1.0000001732168362
sheet2_to_sheet1,0,174,2.2166090712428713e-07,1.0,578.5905014074858,1.0000001732168362
sheet2_to_sheet1,0,175,2.3193009660338558e-07,1.0,578.5905014074858,1.0000001732168362
sheet2_to_sheet1,0,176,2.544820540458334e-07,1.0,578.5905014074858,1.0000001732168362
sheet2_to_sheet1,0,177,2.704692709744963e-07,1.0,578.5905014074858,1.0000001732168362
sheet2_to_sheet1,0,178,2.857913357206668e-07,1.0,578.5905014074858,1.0000001732168362
sheet2_to_sheet1,0,179,3.087762975198197e-07,1.0,578.5905014074858,1.0000001732168362
sheet2_to_sheet1,0,180,3.1337696648264766e-07,1.0,578.5905014074858,1.0000001732168362
sheet2_to_sheet1,0,181,3.29151214107799e-07,1.0,578.5905014074858,1.0000001732168362
sheet2_to_sheet1,0,182,3.486210257664744e-07,1.0,578.5905014074858,1.0000001732168362
sheet2_to_sheet1,0,183,3.576898630008078e-07,1.0,578.5905014074858,1.0000001732168362
sheet2_to_sheet1,0,184,3.749508820246292e-07,1.0,578.5905014074858,1.0000001732168362
sheet2_to_sheet1,0,185,3.9559903093030645e-07,1.0,578.5905014074858,1.0000001732168362
sheet2_to_sheet1,0,186,4.212039036047916e-07,1.0,578.5905014074858,1.0000001732168362
sheet2_to_sheet1,0,187,4.275149196562138e-07,1.0,578.5905014074858,1.0000001732168362
sheet2_to_sheet1,0,188,4.663856225156853e-07,1.0,578.5905014074858,1.0000001732168362
sheet2_to_sheet1,0,189,4.6886842080622896e-07,1.0,578.5905014074858,1.0000001732168362
sheet2_to_sheet1,0,190,4.986777551474933e-07,1.0,578.5905014074858,1.0000001732168362
sheet2_to_sheet1,0,191,5.29651275484534e-07,1.0,578.5905014074858,1.0000001732168362
sheet2_to_sheet1,0,192,5.640270826535732e-07,1.0,578.5905014074858,1.0000001732168362
sheet2_to_sheet1,0,193,6.118391371087259e-07,1.0,578.5905014074858,1.0000001732168362
sheet2_to_sheet1,0,194,6.310355821651711e-07,1.0,578.5905014074858,1.0000001732168362
sheet2_to_sheet1,0,195,6.762350208242953e-07,1.0,578.5905014074858,1.0000001732168362
sheet2_to_sheet1,0,196,7.060060252983431e-07,1.0,578.5905014074858,1.0000001732168362
sheet2_to_sheet1,0,197,7.353516865744051e-07,1.0,578.5905014074858,1.0000001732168362
sheet2_to_sheet1,0,198,7.779041651656103e-07,1.0,578.5905014074858,1.0000001732168362
sheet2_to_sheet1,0,199,8.276484413217107e-07,1.0,578.5905014074858,1.0000001732168362
sheet2_to_sheet1,0,200,9.047706882448564e-07,1.0,578.5905014074858,1.0000001732168362
sheet2_to_sheet1,0,201,9.288338415406563e-07,1.0,578.5905014074858,1.0000001732168362
sheet2_to_sheet1,0,202,9.868620352323859e-07,1.0,578.5905014074858,1.0000001732168362
sheet2_to_sheet1,0,203,1.0162013516045164e-06,1.0,578.5905014074858,1.0000001732168362
sheet2_to_sheet1,0,204,1.077654691303915e-06,1.0,578.5905014074858,1.0000001732168362
sheet2_to_sheet1,0,205,1.168270311386285e-06,1.0,578.5905014074858,1.0000001732168362
sheet2_to_sheet1,0,206,1.1802967239788855e-06,1.0,578.5905014074858,1.0000001732168362
sheet2_to_sheet1,0,207,1.1961953345405789e-06,1.0,578.5905014074858,1.0000001732168362
sheet2_to_sheet1,0,208,1.2661482580824256e-06,1.0,578.5905014074858,1.0000001732168362
sheet2_to_sheet1,0,209,1.3634278647743992e-06,1.0,578.5905014074858,1.0000001732168362
sheet2_to_sheet1,0,210,1.4011051448902653e-06,1.0,578.5905014074858,1.0000001732168362
sheet2_to_sheet1,0,211,1.5023222535652782e-06,1.0,578.5905014074858,1.0000001732168362
sheet2_to_sheet1,0,212,1.5729503312772152e-06,1.0,578.5905014074858,1.0000001732168362
sheet2_to_sheet1,0,213,1.6120888932146117e-06,1.0,578.5905014074858,1.0000001732168362
sheet2_to_sheet1,0,214,1.7489976076966916e-06,1.0,578.5905014074858,1.0000001732168362
sheet2_to_sheet1,0,215,1.8220479112763906e-06,1.0,578.5905014074858,1.0000001732168362
sheet2_to_sheet1,0,216,1.9049089546164073e-06,1.0,578.5905014074858,1.0000001732168362
sheet2_to_sheet1,0,217,1.9647809914048563e-06,1.0,578.5905014074858,1.0000001732168362
sheet2_to_sheet1,0,218,2.0026282086902962e-06,1.0,578.5905014074858,1.0000001732168362
sheet2_to_sheet1,0,219,2.1418080412896936e-06,1.0,578.5905014074858,1.0000001732168362
sheet2_to_sheet1,0,220,2.2160568374696017e-06,1.0,578.5905014074858,1.0000001732168362
sheet2_to_sheet1,0,221,2.388735172268925e-06,1.0,578.5905014074858,1.0000001732168362
sheet2_to_sheet1,0,222,2.473682690785643e-06,1.0,578.5905014074858,1.0000001732168362
sheet2_to_sheet1,0,223,2.4993894481247773e-06,1.0,578.5905014074858,1.0000001732168362
sheet2_to_sheet1,0,224,2.6143983606119062e-06,1.0,578.5905014074858,1.0000001732168362
sheet2_to_sheet1,0,225,2.704207421837768e-06,1.0,578.5905014074858,1.0000001732168362
sheet2_to_sheet1,0,226,2.9605005876750526e-06,1.0,578.5905014074858,1.0000001732168362
sheet2_to_sheet1,0,227,3.0054255703703214e-06,1.0,578.5905014074858,1.0000001732168362
sheet2_to_sheet1,0,228,3.1066771734438736e-06,1.0,578.5905014074858,1.0000001732168362
sheet2_to_sheet1,0,229,3.2799567146505004e-06,1.0,578.5905014074858,1.0000001732168362
sheet2_to_sheet1,0,230,3.3954871530776253e-06,1.0,578.5905014074858,1.0000001732168362
sheet2_to_sheet1,0,231,3.5281439175660815e-06,1.0,578.5905014074858,1.0000001732168362
sheet2_to_sheet1,0,232,3.617261110429746e-06,1.0,578.5905014074858,1.0000001732168362
sheet2_to_sheet1,0,233,3.823254114752216e-06,1.0,578.5905014074858,1.0000001732168362
sheet2_to_sheet1,0,234,3.983129296090907e-06,1.0,578.5905014074858,1.0000001732168362
sheet2_to_sheet1,0,235,4.17341217389325e-06,1.0,578.5905014074858,1.0000001732168362
sheet2_to_sheet1,0,236,4.28103266953882e-06,1.0,578.5905014074858,1.0000001732168362
sheet2_to_sheet1,0,237,4.531463567189689e-06,1.0,578.5905014074858,1.0000001732168362
sheet2_to_sheet1,0,238,4.669557855154746e-06,1.0,578.5905014074858,1.0000001732168362
sheet2_to_sheet1,0,239,4.7931568850055755e-06,1.0,578.5905014074858,1.0000001732168362
sheet2_to_sheet1,0,240,5.092458853013461e-06,1.0,578.5905014074858,1.0000001732168362
sheet2_to_sheet1,0,241,5.1771628614336606e-06,1.0,578.5905014074858,1.0000001732168362
sheet2_to_sheet1,0,242,5.339276731898495e-06,1.0,578.5905014074858,1.0000001732168362
sheet2_to_sheet1,0,243,5.445523174693368e-06,1.0,578.5905014074858,1.0000001732168362
sheet2_to_sheet1,0,244,5.844827549505237e-06,1.0,578.5905014074858,1.0000001732168362
sheet2_to_sheet1,0,245,5.954464629312222e-06,1.0,578.5905014074858,1.0000001732168362
sheet2_to_sheet1,0,246,6.25194682500189e-06,1.0,578.5905014074858,1.0000001732168362
sheet2_to_sheet1,0,247,6.516518688468248e-06,1.0,578.5905014074858,1.0000001732168362
sheet2_to_sheet1,0,248,6.647670520586458e-06,1.0,578.5905014074858,1.0000001732168362
sheet2_to_sheet1,0,249,6.854071467311008e-06,1.0,578.5905014074858,1.0000001732168362
sheet2_to_sheet1,0,250,7.249993368166079e-06,1.0,578.5905014074858,1.0000001732168362
sheet2_to_sheet1,0,251,7.347629892086451e-06,1.0,578.5905014074858,1.0000001732168362
sheet2_to_sheet1,0,252,7.560915329060794e-06,1.0,578.5905014074858,1.0000001732168362
sheet2_to_sheet1,0,253,7.698023896858316e-06,1.0,578.5905014074858,1.0000001732168362
sheet2_to_sheet1,0,254,8.284699412338882e-06,1.0,578.5905014074858,1.0000001732168362
sheet2_to_sheet1,0,255,8.315696919383725e-06,1.0,578.5905014074858,1.0000001732168362
sheet2_to_sheet1,0,256,8.588404470179368e-06,1.0,578.5905014074858,1.0000001732168362
sheet2_to_sheet1,0,257,8.933189092582977e-06,1.0,578.5905014074858,1.0000001732168362
sheet2_to_sheet1,0,258,9.260060165020206e-06,1.0,578.5905014074858,1.0000001732168362
sheet2_to_sheet1,0,259,9.704525354884054e-06,1.0,578.5905014074858,1.0000001732168362
sheet2_to_sheet1,0,260,1.0058214791897695e-05,1.0,578.5905014074858,1.0000001732168362
sheet2_to_sheet1,0,261,1.0282600659275449e-05,1.0,578.5905014074858,1.0000001732168362
sheet2_to_sheet1,0,262,1.0616317271399568e-05,1.0,578.5905014074858,1.0000001732168362
sheet2_to_sheet1,0,263,1.0831677138232586e-05,1.0,578.5905014074858,1.0000001732168362
sheet2_to_sheet1,0,264,1.1124653520906553e-05,1.0,578.5905014074858,1.0000001732168362
sheet2_to_sheet1,0,265,1.1803522919343642e-05,1.0,578.5905014074858,1.0000001732168362
sheet2_to_sheet1,0,266,1.2256807558245023e-05,1.0,578.5905014074858,1.0000001732168362
sheet2_to_sheet1,0,267,1.2604533758338775e-05,1.0,578.5905014074858,1.0000001732168362
sheet2_to_sheet1,0,268,1.282437850789877e-05,1.0,578.5905014074858,1.0000001732168362
sheet2_to_sheet1,0,269,1.3368814151548021e-05,1.0,578.5905014074858,1.0000001732168362
sheet2_to_sheet1,0,270,1.3970765226295209e-05,1.0,578.5905014074858,1.0000001732168362
sheet2_to_sheet1,0,271,1.4337604511309442e-05,1.0,578.5905014074858,1.0000001732168362
sheet2_to_sheet1,0,272,1.4758052999267672e-05,1.0,578.5905014074858,1.0000001732168362
sheet2_to_sheet1,0,273,1.5310854302537963e-05,1.0,578.5905014074858,1.0000001732168362
sheet2_to_sheet1,0,274,1.5561682607631605e-05,1.0,578.5905014074858,1.0000001732168362
sheet2_to_sheet1,0,275,1.6561875042364105e-05,1.0,578.5905014074858,1.0000001732168362
sheet2_to_sheet1,0,276,1.6823870390665474e-05,1.0,578.5905014074858,1.0000001732168362
sheet2_to_sheet1,0,277,1.7362909615810934e-05,1.0,578.5905014074858,1.0000001732168362
sheet2_to_sheet1,0,278,1.8440629624477348e-05,1.0,578.5905014074858,1.0000001732168362
sheet2_to_sheet1,0,279,1.860174877992953e-05,1.0,578.5905014074858,1.0000001732168362
sheet2_to_sheet1,0,280,1.8924357814066605e-05,1.0,578.5905014074858,1.0000001732168362
sheet2_to_sheet1,0,281,1.9707336227857747e-05,1.0,578.5905014074858,1.0000001732168362
sheet2_to_sheet1,0,282,1.993071113906618e-05,1.0,578.5905014074858,1.0000001732168362
sheet2_to_sheet1,0,283,2.078965959543313e-05,1.0,578.5905014074858,1.0000001732168362
sheet2_to_sheet1,0,284,2.149387820467577e-05,1.0,578.5905014074858,1.0000001732168362
sheet2_to_sheet1,0,285,2.1946624859563976e-05,1.0,578.5905014074858,1.0000001732168362
sheet2_to_sheet1,0,286,2.247376935700626e-05,1.0,578.5905014074858,1.0000001732168362
sheet2_to_sheet1,0,287,2.4036222883393712e-05,1.0,578.5905014074858,1.0000001732168362
sheet2_to_sheet1,0,288,2.446503716349307e-05,1.0,578.5905014074858,1.0000001732168362
sheet2_to_sheet1,0,289,2.4939523743413405e-05,1.0,578.5905014074858,1.0000001732168362
sheet2_to_sheet1,0,290,2.5658945666437746e-05,1.0,578.5905014074858,1.0000001732168362
sheet2_to_sheet1,0,291,2.661984123871181e-05,1.0,578.5905014074858,1.0000001732168362
sheet2_to_sheet1,0,292,2.7326578099646515e-05,1.0,578.5905014074858,1.0000001732168362
sheet2_to_sheet1,0,293,2.8049705861615504e-05,1.0,578.5905014074858,1.0000001732168362
sheet2_to_sheet1,0,294,2.861854809452326e-05,1.0,578.5905014074858,1.0000001732168362
sheet2_to_sheet1,0,295,2.936115451786548e-05,1.0,578.5905014074858,1.0000001732168362
sheet2_to_sheet1,0,296,3.0365815887133758e-05,1.0,578.5905014074858,1.0000001732168362
sheet2_to_sheet1,0,297,3.082530907721019e-05,1.0,578.5905014074858,1.0000001732168362
sheet2_to_sheet1,0,298,3.208063361619956e-05,1.0,578.5905014074858,1.0000001732168362
sheet2_to_sheet1,0,299,3.361914166443033e-05,1.0,578.5905014074858,1.0000001732168362
sheet2_to_sheet1,0,300,3.423763633856913e-05,1.0,578.5905014074858,1.0000001732168362
sheet2_to_sheet1,0,301,3.473642868250009e-05,1.0,578.5905014074858,1.0000001732168362
sheet2_to_sheet1,0,302,3.550931966749712e-05,1.0,578.5905014074858,1.0000001732168362
sheet2_to_sheet1,0,303,3.642355917139437e-05,1.0,578.5905014074858,1.0000001732168362
sheet2_to_sheet1,0,304,3.668846067149715e-05,1.0,578.5905014074858,1.0000001732168362
sheet2_to_sheet1,0,305,3.8032040247977414e-05,1.0,578.5905014074858,1.0000001732168362
sheet2_to_sheet1,0,306,3.84622053425023e-05,1.0,578.5905014074858,1.0000001732168362
sheet2_to_sheet1,0,307,3.911910996512003e-05,1.0,578.5905014074858,1.0000001732168362
sheet2_to_sheet1,0,308,4.088847944940933e-05,1.0,578.5905014074858,1.0000001732168362
sheet2_to_sheet1,0,309,4.185228866791232e-05,1.0,578.5905014074858,1.0000001732168362
sheet2_to_sheet1,0,310,4.210803001877382e-05,1.0,578.5905014074858,1.0000001732168362
sheet2_to_sheet1,0,311,4.34603271324373e-05,1.0,578.5905014074858,1.0000001732168362
sheet2_to_sheet1,0,312,4.484227533002182e-05,1.0,578.5905014074858,1.0000001732168362
sheet2_to_sheet1,0,313,4.715146795520006e-05,1.0,578.5905014074858,1.0000001732168362
sheet2_to_sheet1,0,314,4.872399395126192e-05,1.0,578.5905014074858,1.0000001732168362
sheet2_to_sheet1,0,315,5.154458748369738e-05,1.0,578.5905014074858,1.0000001732168362
sheet2_to_sheet1,0,316,5.2869581070955355e-05,1.0,578.5905014074858,1.0000001732168362
sheet2_to_sheet1,0,317,5.396035930192218e-05,1.0,578.5905014074858,1.0000001732168362
sheet2_to_sheet1,0,318,5.5695479559641036e-05,1.0,578.5905014074858,1.0000001732168362
sheet2_to_sheet1,0,319,5.7780236093847454e-05,1.0,578.5905014074858,1.0000001732168362
sheet2_to_sheet1,0,320,5.9562893136967965e-05,1.0,578.5905014074858,1.0000001732168362
sheet2_to_sheet1,0,321,5.984550596315427e-05,1.0,578.5905014074858,1.0000001732168362
sheet2_to_sheet1,0,322,6.220324344756786e-05,1.0,578.5905014074858,1.0000001732168362
sheet2_to_sheet1,0,323,6.373755466271439e-05,1.0,578.5905014074858,1.0000001732168362
sheet2_to_sheet1,0,324,6.541077090703115e-05,1.0,578.5905014074858,1.0000001732168362
sheet2_to_sheet1,0,325,6.792827224517212e-05,1.0,578.5905014074858,1.0000001732168362
sheet2_to_sheet1,0,326,7.011215840707044e-05,1.0,578.5905014074858,1.0000001732168362
sheet2_to_sheet1,0,327,7.177295817364355e-05,1.0,578.5905014074858,1.0000001732168362
sheet2_to_sheet1,0,328,7.383100971218377e-05,1.0,578.5905014074858,1.0000001732168362
sheet2_to_sheet1,0,329,7.640994914060882e-05,1.0,578.5905014074858,1.0000001732168362
sheet2_to_sheet1,0,330,7.698192332159414e-05,1.0,578.5905014074858,1.0000001732168362
sheet2_to_sheet1,0,331,7.988328622293479e-05,1.0,578.5905014074858,1.0000001732168362
sheet2_to_sheet1,0,332,8.130330212752957e-05,1.0,578.5905014074858,1.0000001732168362
sheet2_to_sheet1,0,333,8.47993329482221e-05,1.0,578.5905014074858,1.0000001732168362
sheet2_to_sheet1,0,334,8.74840971920704e-05,1.0,578.5905014074858,1.0000001732168362
sheet2_to_sheet1,0,335,9.098544999595635e-05,1.0,578.5905014074858,1.0000001732168362
sheet2_to_sheet1,0,336,9.28819070635585e-05,1.0,578.5905014074858,1.0000001732168362
sheet2_to_sheet1,0,337,9.994844028484386e-05,1.0,578.5905014074858,1.0000001732168362
sheet2_to_sheet1,0,338,0.00010072212126752878,1.0,578.5905014074858,1.0000001732168362
sheet2_to_sheet1,0,339,0.00010413247599084926,1.0,578.5905014074858,1.0000001732168362
sheet2_to_sheet1,0,340,0.00010654670863610973,1.0,578.5905014074858,1.0000001732168362
sheet2_to_sheet1,0,341,0.00010938079642015607,1.0,578.5905014074858,1.0000001732168362
sheet2_to_sheet1,0,342,0.00011223242860649408,1.0,578.5905014074858,1.0000001732168362
sheet2_to_sheet1,0,343,0.00011453262028174419,1.0,578.5905014074858,1.0000001732168362
sheet2_to_sheet1,0,344,0.0001192318877586699,1.0,578.5905014074858,1.0000001732168362
sheet2_to_sheet1,0,345,0.00012252326507651104,1.0,578.5905014074858,1.0000001732168362
sheet2_to_sheet1,0,346,0.0001257964603152475,1.0,578.5905014074858,1.0000001732168362
sheet2_to_sheet1,0,347,0.00013115308862601127,1.0,578.5905014074858,1.0000001732168362
sheet2_to_sheet1,0,348,0.0001334914675164764,1.0,578.5905014074858,1.0000001732168362
sheet2_to_sheet1,0,349,0.0001378057161508261,1.0,578.5905014074858,1.0000001732168362
sheet2_to_sheet1,0,350,0.00014130633916375256,1.0,578.5905014074858,1.0000001732168362
sheet2_to_sheet1,0,351,0.0001444840867257773,1.0,578.5905014074858,1.0000001732168362
sheet2_to_sheet1,0,352,0.0001471961891492073,1.0,578.5905014074858,1.0000001732168362
sheet2_to_sheet1,0,353,0.00015415988761474582,1.0,578.5905014074858,1.0000001732168362
sheet2_to_sheet1,0,354,0.00015508518876926032,1.0,578.5905014074858,1.0000001732168362
sheet2_to_sheet1,0,355,0.00015980587755627892,1.0,578.5905014074858,1.0000001732168362
sheet2_to_sheet1,0,356,0.0001656180214444261,1.0,578.5905014074858,1.0000001732168362
sheet2_to_sheet1,0,357,0.00017116496942698684,1.0,578.5905014074858,1.0000001732168362
sheet2_to_sheet1,0,358,0.0001729313128665222,1.0,578.5905014074858,1.0000001732168362
sheet2_to_sheet1,0,359,0.00018139817207915704,1.0,578.5905014074858,1.0000001732168362
sheet2_to_sheet1,0,360,0.0001877788654089289,1.0,578.5905014074858,1.0000001732168362
sheet2_to_sheet1,0,361,0.0001925663075031435,1.0,578.5905014074858,1.0000001732168362
sheet2_to_sheet1,0,362,0.00019414245362323304,1.0,578.5905014074858,1.0000001732168362
sheet2_to_sheet1,0,363,0.00020082704017662707,1.0,578.5905014074858,1.0000001732168362
sheet2_to_sheet1,0,364,0.00020581768072423413,1.0,578.5905014074858,1.0000001732168362
sheet2_to_sheet1,0,365,0.00021033536273825499,1.0,578.5905014074858,1.0000001732168362
sheet2_to_sheet1,0,366,0.00021433173276686238,1.0,578.5905014074858,1.0000001732168362
sheet2_to_sheet1,0,367,0.00021972225251452927,1.0,578.5905014074858,1.0000001732168362
sheet2_to_sheet1,0,368,0.00022439474427803777,1.0,578.5905014074858,1.0000001732168362
sheet2_to_sheet1,0,369,0.00023072599402376788,1.0,578.5905014074858,1.0000001732168362
sheet2_to_sheet1,0,370,0.000233876132559461,1.0,578.5905014074858,1.0000001732168362
sheet2_to_sheet1,0,371,0.00023582433601858054,1.0,578.5905014074858,1.0000001732168362
sheet2_to_sheet1,0,372,0.00023931205580090767,1.0,578.5905014074858,1.0000001732168362
sheet2_to_sheet1,0,373,0.00024853356205788044,1.0,578.5905014074858,1.0000001732168362
sheet2_to_sheet1,0,374,0.0002521293401103851,1.0,578.5905014074858,1.0000001732168362
sheet2_to_sheet1,0,375,0.00026102250789424415,1.0,578.5905014074858,1.0000001732168362
sheet2_to_sheet1,0,376,0.00026902526479393005,1.0,578.5905014074858,1.0000001732168362
sheet2_to_sheet1,0,377,0.0002713243380228286,1.0,578.5905014074858,1.0000001732168362
sheet2_to_sheet1,0,378,0.00028204013644972197,1.0,578.5905014074858,1.0000001732168362
sheet2_to_sheet1,0,379,0.0002849601539751714,1.0,578.5905014074858,1.0000001732168362
sheet2_to_sheet1,0,380,0.0002950058763729303,1.0,578.5905014074858,1.0000001732168362
sheet2_to_sheet1,0,381,0.00031194286210452617,1.0,578.5905014074858,1.0000001732168362
sheet2_to_sheet1,0,382,0.000320385716307589,1.0,578.5905014074858,1.0000001732168362
sheet2_to_sheet1,0,383,0.00032895062302065774,1.0,578.5905014074858,1.0000001732168362
sheet2_to_sheet1,0,384,0.0003325015474612393,1.0,578.5905014074858,1.0000001732168362
sheet2_to_sheet1,0,385,0.0003374882781011968,1.0,578.5905014074858,1.0000001732168362
sheet2_to_sheet1,0,386,0.0003467795063770138,1.0,578.5905014074858,1.0000001732168362
sheet2_to_sheet1,0,387,0.00034764526697048353,1.0,578.5905014074858,1.0000001732168362
sheet2_to_sheet1,0,388,0.0003560178325437183,1.0,578.5905014074858,1.0000001732168362
sheet2_to_sheet1,0,389,0.00036639228015957625,1.0,578.5905014074858,1.0000001732168362
sheet2_to_sheet1,0,390,0.00037549546957719125,1.0,578.5905014074858,1.0000001732168362
sheet2_to_sheet1,0,391,0.0003796693850188021,1.0,578.5905014074858,1.0000001732168362
sheet2_to_sheet1,0,392,0.00040038884853799286,1.0,578.5905014074858,1.0000001732168362
sheet2_to_sheet1,0,393,0.00041438926878684275,1.0,578.5905014074858,1.0000001732168362
sheet2_to_sheet1,0,394,0.00042328527168948793,1.0,578.5905014074858,1.0000001732168362
sheet2_to_sheet1,0,395,0.00043647211456571946,1.0,578.5905014074858,1.0000001732168362
sheet2_to_sheet1,0,396,0.00044609030523068345,1.0,578.5905014074858,1.0000001732168362
sheet2_to_sheet1,0,397,0.0004549058079023101,1.0,578.5905014074858,1.0000001732168362
sheet2_to_sheet1,0,398,0.00046301399627413336,1.0,578.5905014074858,1.0000001732168362
sheet2_to_sheet1,0,399,0.00046663884542637996,1.0,578.5905014074858,1.0000001732168362
sheet2_to_sheet1,0,400,0.00048184493566820247,1.0,578.5905014074858,1.0000001732168362
sheet2_to_sheet1,0,401,0.0004938584691562663,1.0,578.5905014074858,1.0000001732168362
sheet2_to_sheet1,0,402,0.0005095759261369455,1.0,578.5905014074858,1.0000001732168362
sheet2_to_sheet1,0,403,0.0005164100222076588,1.0,578.5905014074858,1.0000001732168362
sheet2_to_sheet1,0,404,0.0005309647723171955,1.0,578.5905014074858,1.0000001732168362
sheet2_to_sheet1,0,405,0.0005470892659609002,1.0,578.5905014074858,1.0000001732168362
sheet2_to_sheet1,0,406,0.000548878054826877,1.0,578.5905014074858,1.0000001732168362
sheet2_to_sheet1,0,407,0.0005607314748343494,1.0,578.5905014074858,1.0000001732168362
sheet2_to_sheet1,0,408,0.0005753918555226292,1.0,578.5905014074858,1.0000001732168362
sheet2_to_sheet1,0,409,0.0005841543477131553,1.0,578.5905014074858,1.0000001732168362
sheet2_to_sheet1,0,410,0.0006066656075948044,1.0,578.5905014074858,1.0000001732168362
sheet2_to_sheet1,0,411,0.0006355348162234558,1.0,578.5905014074858,1.0000001732168362
sheet2_to_sheet1,0,412,0.0006403878627179346,1.0,578.5905014074858,1.0000001732168362
sheet2_to_sheet1,0,413,0.0006467372227752009,1.0,578.5905014074858,1.0000001732168362
sheet2_to_sheet1,0,414,0.0006601231795872073,1.0,578.5905014074858,1.0000001732168362
sheet2_to_sheet1,0,415,0.0006772781294513396,1.0,578.5905014074858,1.0000001732168362
sheet2_to_sheet1,0,416,0.000689096330635096,1.0,578.5905014074858,1.0000001732168362
sheet2_to_sheet1,0,417,0.0007125480453947981,1.0,578.5905014074858,1.0000001732168362
sheet2_to_sheet1,0,418,0.0007184357964059666,1.0,578.5905014074858,1.0000001732168362
sheet2_to_sheet1,0,419,0.0007353974056948645,1.0,578.5905014074858,1.0000001732168362
sheet2_to_sheet1,0,420,0.0007557296415805422,1.0,578.5905014074858,1.0000001732168362
sheet2_to_sheet1,0,421,0.0007829852334020437,1.0,578.5905014074858,1.0000001732168362
sheet2_to_sheet1,0,422,0.0007994498698916181,1.0,578.5905014074858,1.0000001732168362
sheet2_to_sheet1,0,423,0.0008105924721286666,1.0,578.5905014074858,1.0000001732168362
sheet2_to_sheet1,0,424,0.0008325396926263073,1.0,578.5905014074858,1.0000001732168362
sheet2_to_sheet1,0,425,0.0008632391390954811,1.0,578.5905014074858,1.0000001732168362
sheet2_to_sheet1,0,426,0.0008654600543673665,1.0,578.5905014074858,1.0000001732168362
sheet2_to_sheet1,0,427,0.0009006107177195417,1.0,578.5905014074858,1.0000001732168362
sheet2_to_sheet1,0,428,0.0009077733860812745,1.0,578.5905014074858,1.0000001732168362
sheet2_to_sheet1,0,429,0.0009113641294471199,1.0,578.5905014074858,1.0000001732168362
sheet2_to_sheet1,0,430,0.000952097664629104,1.0,578.5905014074858,1.0000001732168362
sheet2_to_sheet1,0,431,0.0009709126771181701,1.0,578.5905014074858,1.0000001732168362
sheet2_to_sheet1,0,432,0.001002619833891807,1.0,578.5905014074858,1.0000001732168362
sheet2_to_sheet1,0,433,0.0010333893462840717,1.0,578.5905014074858,1.0000001732168362
sheet2_to_sheet1,0,434,0.001036955054160773,1.0,578.5905014074858,1.0000001732168362
sheet2_to_sheet1,0,435,0.0010663951373836263,1.0,578.5905014074858,1.0000001732168362
sheet2_to_sheet1,0,436,0.0011036337715904924,1.0,578.5905014074858,1.0000001732168362
sheet2_to_sheet1,0,437,0.0011238617310056088,1.0,578.5905014074858,1.0000001732168362
sheet2_to_sheet1,0,438,0.0011280890218917038,1.0,578.5905014074858,1.0000001732168362
sheet2_to_sheet1,0,439,0.0011544120461587223,1.0,578.5905014074858,1.0000001732168362
sheet2_to_sheet1,0,440,0.0011798994542179786,1.0,578.5905014074858,1.0000001732168362
sheet2_to_sheet1,0,441,0.0012166772406562807,1.0,578.5905014074858,1.0000001732168362
sheet2_to_sheet1,0,442,0.001226372970754927,1.0,578.5905014074858,1.0000001732168362
sheet2_to_sheet1,0,443,0.001253349262563492,1.0,578.5905014074858,1.0000001732168362
sheet2_to_sheet1,0,444,0.0012729490602686952,1.0,578.5905014074858,1.0000001732168362
sheet2_to_sheet1,0,445,0.0012890631642050049,1.0,578.5905014074858,1.0000001732168362
sheet2_to_sheet1,0,446,0.0013073065413645893,1.0,578.5905014074858,1.0000001732168362
sheet2_to_sheet1,0,447,0.0013466479845019174,1.0,578.5905014074858,1.0000001732168362
sheet2_to_sheet1,0,448,0.0013715141249715488,1.0,578.5905014074858,1.0000001732168362
sheet2_to_sheet1,0,449,0.0013791775499726385,1.0,578.5905014074858,1.0000001732168362
sheet2_to_sheet1,0,450,0.001445819089787302,1.0,578.5905014074858,1.0000001732168362
sheet2_to_sheet1,0,451,0.0014719731998876116,1.0,578.5905014074858,1.0000001732168362
sheet2_to_sheet1,0,452,0.001472963117422443,1.0,578.5905014074858,1.0000001732168362
sheet2_to_sheet1,0,453,0.0015030429047410945,1.0,578.5905014074858,1.0000001732168362
sheet2_to_sheet1,0,454,0.0015319981726017245,1.0,578.5905014074858,1.0000001732168362
sheet2_to_sheet1,0,455,0.0015635162052664287,1.0,578.5905014074858,1.0000001732168362
sheet2_to_sheet1,0,456,0.0016018525033499485,1.0,578.5905014074858,1.0000001732168362
sheet2_to_sheet1,0,457,0.0016107485063371427,1.0,578.5905014074858,1.0000001732168362
sheet2_to_sheet1,0,458,0.0016871400042859353,1.0,578.5905014074858,1.0000001732168362
sheet2_to_sheet1,0,459,0.001715034411075691,1.0,578.5905014074858,1.0000001732168362
sheet2_to_sheet1,0,460,0.0017400579882867605,1.0,578.5905014074858,1.0000001732168362
sheet2_to_sheet1,0,461,0.0017643965849165597,1.0,578.5905014074858,1.0000001732168362
sheet2_to_sheet1,0,462,0.001783450500713554,1.0,578.5905014074858,1.0000001732168362
sheet2_to_sheet1,0,463,0.0017906221033508738,1.0,578.5905014074858,1.0000001732168362
sheet2_to_sheet1,0,464,0.001853169670711346,1.0,578.5905014074858,1.0000001732168362
sheet2_to_sheet1,0,465,0.001869221366619686,1.0,578.5905014074858,1.0000001732168362
sheet2_to_sheet1,0,466,0.0018986514950369098,1.0,578.5905014074858,1.0000001732168362
sheet2_to_sheet1,0,467,0.0019122813801843665,1.0,578.5905014074858,1.0000001732168362
sheet2_to_sheet1,0,468,0.001963480116777125,1.0,578.5905014074858,1.0000001732168362
sheet2_to_sheet1,0,469,0.0020623757785775947,1.0,578.5905014074858,1.0000001732168362
sheet2_to_sheet1,0,470,0.002107082020182329,1.0,578.5905014074858,1.0000001732168362
sheet2_to_sheet1,0,471,0.0021300748259014705,1.0,578.5905014074858,1.0000001732168362
sheet2_to_sheet1,0,472,0.002174087957218179,1.0,578.5905014074858,1.0000001732168362
sheet2_to_sheet1,0,473,0.0022070590417585124,1.0,578.5905014074858,1.0000001732168362
sheet2_to_sheet1,0,474,0.0022749622034020102,1.0,578.5905014074858,1.0000001732168362
sheet2_to_sheet1,0,475,0.0023120839281659477,1.0,578.5905014074858,1.0000001732168362
sheet2_to_sheet1,0,476,0.0023746238954182575,1.0,578.5905014074858,1.0000001732168362
sheet2_to_sheet1,0,477,0.002393279997014788,1.0,578.5905014074858,1.0000001732168362
sheet2_to_sheet1,0,478,0.002468657812349212,1.0,578.5905014074858,1.0000001732168362
sheet2_to_sheet1,0,479,0.0025152676084607382,1.0,578.5905014074858,1.0000001732168362
sheet2_to_sheet1,0,480,0.002552324788730307,1.0,578.5905014074858,1.0000001732168362
sheet2_to_sheet1,0,481,0.002641540750944367,1.0,578.5905014074858,1.0000001732168362
sheet2_to_sheet1,0,482,0.002723800312135213,1.0,578.5905014074858,1.0000001732168362
sheet2_to_sheet1,0,483,0.002822617957861984,1.0,578.5905014074858,1.0000001732168362
sheet2_to_sheet1,0,484,0.0028644403927700177,1.0,578.5905014074858,1.0000001732168362
sheet2_to_sheet1,0,485,0.0028869154384823874,1.0,578.5905014074858,1.0000001732168362
sheet2_to_sheet1,0,486,0.0029301667586131203,1.0,578.5905014074858,1.0000001732168362
sheet2_to_sheet1,0,487,0.002951880055807074,1.0,578.5905014074858,1.0000001732168362
sheet2_to_sheet1,0,488,0.003026556835727291,1.0,578.5905014074858,1.0000001732168362
sheet2_to_sheet1,0,489,0.003096563751640129,1.0,578.5905014074858,1.0000001732168362
sheet2_to_sheet1,0,490,0.0031877675906643015,1.0,578.5905014074858,1.0000001732168362
sheet2_to_sheet1,0,491,0.0032477198755790923,1.0,578.5905014074858,1.0000001732168362
sheet2_to_sheet1,0,492,0.0032783087494163395,1.0,578.5905014074858,1.0000001732168362
sheet2_to_sheet1,0,493,0.0033433356866900644,1.0,578.5905014074858,1.0000001732168362
sheet2_to_sheet1,0,494,0.0034557968022432104,1.0,578.5905014074858,1.0000001732168362
sheet2_to_sheet1,0,495,0.0035742649340527056,1.0,578.5905014074858,1.0000001732168362
sheet2_to_sheet1,0,496,0.003618296905269107,1.0,578.5905014074858,1.0000001732168362
sheet2_to_sheet1,0,497,0.0036458880806883504,1.0,578.5905014074858,1.0000001732168362
sheet2_to_sheet1,0,498,0.003687811901555453,1.0,578.5905014074858,1.0000001732168362
sheet2_to_sheet1,0,499,0.0038518942146609685,1.0,578.5905014074858,1.0000001732168362
sheet2_to_sheet1,0,500,0.003955591204555379,1.0,578.5905014074858,1.0000001732168362
sheet2_to_sheet1,0,501,0.004035155126031396,1.0,578.5905014074858,1.0000001732168362
sheet2_to_sheet1,0,502,0.00410492189255801,1.0,578.5905014074858,1.0000001732168362
sheet2_to_sheet1,0,503,0.00415937131918906,1.0,578.5905014074858,1.0000001732168362
sheet2_to_sheet1,0,504,0.004231521355467213,1.0,578.5905014074858,1.0000001732168362
sheet2_to_sheet1,0,505,0.004320820297073693,1.0,578.5905014074858,1.0000001732168362
sheet2_to_sheet1,0,506,0.004386194098305748,1.0,578.5905014074858,1.0000001732168362
sheet2_to_sheet1,0,507,0.004532564581868458,1.0,578.5905014074858,1.0000001732168362
sheet2_to_sheet1,0,508,0.0046991471757999075,1.0,578.5905014074858,1.0000001732168362
sheet2_to_sheet1,0,509,0.004728499249262085,1.0,578.5905014074858,1.0000001732168362
sheet2_to_sheet1,0,510,0.004914067893479543,1.0,578.5905014074858,1.0000001732168362
sheet2_to_sheet1,0,511,0.004934776690278241,1.0,578.5905014074858,1.0000001732168362
sheet2_to_sheet1,0,512,0.005000515979989678,1.0,578.5905014074858,1.0000001732168362
sheet2_to_sheet1,0,513,0.005165743556234304,1.0,578.5905014074858,1.0000001732168362
sheet2_to_sheet1,0,514,0.0052492203612381685,1.0,578.5905014074858,1.0000001732168362
sheet2_to_sheet1,0,515,0.005348350081175301,1.0,578.5905014074858,1.0000001732168362
sheet2_to_sheet1,0,516,0.005436925811851749,1.0,578.5905014074858,1.0000001732168362
sheet2_to_sheet1,0,517,0.005544916154509214,1.0,578.5905014074858,1.0000001732168362
sheet2_to_sheet1,0,518,0.005647947466989364,1.0,578.5905014074858,1.0000001732168362
sheet2_to_sheet1,0,519,0.005741887189526604,1.0,578.5905014074858,1.0000001732168362
sheet2_to_sheet1,0,520,0.0058543537854603405,1.0,578.5905014074858,1.0000001732168362
sheet2_to_sheet1,0,521,0.005915513846513835,1.0,578.5905014074858,1.0000001732168362
sheet2_to_sheet1,0,522,0.006158344611650583,1.0,578.5905014074858,1.0000001732168362
sheet2_to_sheet1,0,523,0.006506746008491262,1.0,578.5905014074858,1.0000001732168362
sheet2_to_sheet1,0,524,0.006590223921005456,1.0,578.5905014074858,1.0000001732168362
sheet2_to_sheet1,0,525,0.006633877730187506,1.0,578.5905014074858,1.0000001732168362
sheet2_to_sheet1,0,526,0.006912656948518107,1.0,578.5905014074858,1.0000001732168362
sheet2_to_sheet1,0,527,0.0069686206991132794,1.0,578.5905014074858,1.0000001732168362
sheet2_to_sheet1,0,528,0.007103152310386924,1.0,578.5905014074858,1.0000001732168362
sheet2_to_sheet1,0,529,0.007226488943730514,1.0,578.5905014074858,1.0000001732168362
sheet2_to_sheet1,0,530,0.007360867912413569,1.0,578.5905014074858,1.0000001732168362
sheet2_to_sheet1,0,531,0.007382608700156776,1.0,578.5905014074858,1.0000001732168362
sheet2_to_sheet1,0,532,0.007646874919377724,1.0,578.5905014074858,1.0000001732168362
sheet2_to_sheet1,0,533,0.007809079931899046,1.0,578.5905014074858,1.0000001732168362
sheet2_to_sheet1,0,534,0.007984931289399779,1.0,578.5905014074858,1.0000001732168362
sheet2_to_sheet1,0,535,0.008232543352478668,1.0,578.5905014074858,1.0000001732168362
sheet2_to_sheet1,0,536,0.008341750518632476,1.0,578.5905014074858,1.0000001732168362
sheet2_to_sheet1,0,537,0.008516070852357616,1.0,578.5905014074858,1.0000001732168362
sheet2_to_sheet1,0,538,0.008546064821665414,1.0,578.5905014074858,1.0000001732168362
sheet2_to_sheet1,0,539,0.008844247107049008,1.0,578.5905014074858,1.0000001732168362
sheet2_to_sheet1,0,540,0.009073981695966592,1.0,578.5905014074858,1.0000001732168362
sheet2_to_sheet1,0,541,0.009443594190765844,1.0,578.5905014074858,1.0000001732168362
sheet2_to_sheet1,0,542,0.009461214677637634,1.0,578.5905014074858,1.0000001732168362
sheet2_to_sheet1,0,543,0.00979219180962317,1.0,578.5905014074858,1.0000001732168362
sheet2_to_sheet1,0,544,0.010053504343964625,1.0,578.5905014074858,1.0000001732168362
sheet2_to_sheet1,0,545,0.010406373666666855,1.0,578.5905014074858,1.0000001732168362
sheet2_to_sheet1,0,546,0.010753823293384323,1.0,578.5905014074858,1.0000001732168362
sheet2_to_sheet1,0,547,0.01100707133661984,1.0,578.5905014074858,1.0000001732168362
sheet2_to_sheet1,0,548,0.01128954013930161,1.0,578.5905014074858,1.0000001732168362
sheet2_to_sheet1,0,549,0.01161915391916921,1.0,578.5905014074858,1.0000001732168362
sheet2_to_sheet1,0,550,0.01187132903035954,1.0,578.5905014074858,1.0000001732168362
sheet2_to_sheet1,0,551,0.012026129530142622,1.0,578.5905014074858,1.0000001732168362
sheet2_to_sheet1,0,552,0.012416001935746962,1.0,578.5905014074858,1.0000001732168362
sheet2_to_sheet1,0,553,0.01270013965320153,1.0,578.5905014074858,1.0000001732168362
sheet2_to_sheet1,0,554,0.01276398170442332,1.0,578.5905014074858,1.0000001732168362
sheet2_to_sheet1,0,555,0.012931622604872099,1.0,578.5905014074858,1.0000001732168362
sheet2_to_sheet1,0,556,0.013159833807189037,1.0,578.5905014074858,1.0000001732168362
sheet2_to_sheet1,0,557,0.013454660453226608,1.0,578.5905014074858,1.0000001732168362
sheet2_to_sheet1,0,558,0.013723345536966872,1.0,578.5905014074858,1.0000001732168362
sheet2_to_sheet1,0,559,0.013914792574949,1.0,578.5905014074858,1.0000001732168362
sheet2_to_sheet1,0,560,0.01421003174216265,1.0,578.5905014074858,1.0000001732168362
sheet2_to_sheet1,0,561,0.014703310992774941,1.0,578.5905014074858,1.0000001732168362
sheet2_to_sheet1,0,562,0.015075119376109725,1.0,578.5905014074858,1.0000001732168362
sheet2_to_sheet1,0,563,0.015335568916263533,1.0,578.5905014074858,1.0000001732168362
sheet2_to_sheet1,0,564,0.015638462950806717,1.0,578.5905014074858,1.0000001732168362
sheet2_to_sheet1,0,565,0.01600155544816701,1.0,578.5905014074858,1.0000001732168362
sheet2_to_sheet1,0,566,0.016302985438679612,1.0,578.5905014074858,1.0000001732168362
sheet2_to_sheet1,0,567,0.01696483236448152,1.0,578.5905014074858,1.0000001732168362
sheet2_to_sheet1,0,568,0.017269493202762637,1.0,578.5905014074858,1.0000001732168362
sheet2_to_sheet1,0,569,0.017328790621237575,1.0,578.5905014074858,1.0000001732168362
sheet2_to_sheet1,0,570,0.018171675196390107,1.0,578.5905014074858,1.0000001732168362
sheet2_to_sheet1,0,571,0.018501179671189673,1.0,578.5905014074858,1.0000001732168362
sheet2_to_sheet1,0,572,0.01878565403339447,1.0,578.5905014074858,1.0000001732168362
sheet2_to_sheet1,0,573,0.019534660332102865,1.0,578.5905014074858,1.0000001732168362
sheet2_to_sheet1,0,574,0.020212911551122002,1.0,578.5905014074858,1.0000001732168362
sheet2_to_sheet1,0,575,0.02105842533970698,1.0,578.5905014074858,1.0000001732168362
sheet2_to_sheet1,0,576,0.021159300954460645,1.0,578.5905014074858,1.0000001732168362
sheet2_to_sheet1,0,577,0.021973501503599783,1.0,578.5905014074858,1.0000001732168362
sheet2_to_sheet1,0,578,0.02239519472059204,1.0,578.5905014074858,1.0000001732168362
sheet2_to_sheet1,0,579,0.02282632027749762,1.0,578.5905014074858,1.0000001732168362
sheet2_to_sheet1,0,580,0.02303967890181803,1.0,578.5905014074858,1.0000001732168362
sheet2_to_sheet1,0,581,0.02371366702058437,1.0,578.5905014074858,1.0000001732168362
sheet2_to_sheet1,0,582,0.023767602385358202,1.0,578.5905014074858,1.0000001732168362
sheet2_to_sheet1,0,583,0.024558868698003184,1.0,578.5905014074858,1.0000001732168362
sheet2_to_sheet1,0,584,0.025503725446161207,1.0,578.5905014074858,1.0000001732168362
sheet2_to_sheet1,0,585,0.025800508187131636,1.0,578.5905014074858,1.0000001732168362
sheet2_to_sheet1,0,586,0.026525761227765187,1.0,578.5905014074858,1.0000001732168362
sheet2_to_sheet1,0,587,0.02701651743988823,1.0,578.5905014074858,1.0000001732168362
sheet2_to_sheet1,0,588,0.027733030499767667,1.0,578.5905014074858,1.0000001732168362
sheet2_to_sheet1,0,589,0.028557516946505483,1.0,578.5905014074858,1.0000001732168362
sheet2_to_sheet1,0,590,0.029284472522610336,1.0,578.5905014074858,1.0000001732168362
sheet2_to_sheet1,0,591,0.029717761765211573,1.0,578.5905014074858,1.0000001732168362
sheet2_to_sheet1,0,592,0.03052715670101771,1.0,578.5905014074858,1.0000001732168362
sheet2_to_sheet1,0,593,0.03141793183743265,1.0,578.5905014074858,1.0000001732168362
sheet2_to_sheet1,0,594,0.031903372445767936,1.0,578.5905014074858,1.0000001732168362
sheet2_to_sheet1,0,595,0.03277957541758873,1.0,578.5905014074858,1.0000001732168362
sheet2_to_sheet1,0,596,0.03318975590740673,1.0,578.5905014074858,1.0000001732168362
sheet2_to_sheet1,0,597,0.03375179624648148,1.0,578.5905014074858,1.0000001732168362
sheet2_to_sheet1,0,598,0.035205496993833844,1.0,578.5905014074858,1.0000001732168362
sheet2_to_sheet1,0,599,0.03580972429105815,1.0,578.5905014074858,1.0000001732168362
sheet2_to_sheet1,0,600,0.037210863668702604,1.0,578.5905014074858,1.0000001732168362
sheet2_to_sheet1,0,601,0.03768554793205652,1.0,578.5905014074858,1.0000001732168362
sheet2_to_sheet1,0,602,0.038766392454058975,1.0,578.5905014074858,1.0000001732168362
sheet2_to_sheet1,0,603,0.03966987653800176,1.0,578.5905014074858,1.0000001732168362
sheet2_to_sheet1,0,604,0.040362390048005355,1.0,578.5905014074858,1.0000001732168362
sheet2_to_sheet1,0,605,0.041496780124304584,1.0,578.5905014074858,1.0000001732168362
sheet2_to_sheet1,0,606,0.04319102819015952,1.0,578.5905014074858,1.0000001732168362
sheet2_to_sheet1,0,607,0.044638688202004506,1.0,578.5905014074858,1.0000001732168362
sheet2_to_sheet1,0,608,0.04629798067027983,1.0,578.5905014074858,1.0000001732168362
sheet2_to_sheet1,0,609,0.046869579377364905,1.0,578.5905014074858,1.0000001732168362
sheet2_to_sheet1,0,610,0.04974381357318436,1.0,578.5905014074858,1.0000001732168362
sheet2_to_sheet1,0,611,0.05236531025957432,1.0,578.5905014074858,1.0000001732168362
sheet2_to_sheet1,0,612,0.05438279469004687,1.0,578.5905014074858,1.0000001732168362
sheet2_to_sheet1,0,613,0.055077831953537514,1.0,578.5905014074858,1.0000001732168362
sheet2_to_sheet1,0,614,0.05720192249149389,1.0,578.5905014074858,1.0000001732168362
sheet2_to_sheet1,0,615,0.05805498940455765,1.0,578.5905014074858,1.0000001732168362
sheet2_to_sheet1,0,616,0.059741079859022606,1.0,578.5905014074858,1.0000001732168362
sheet2_to_sheet1,0,617,0.060335832719269906,1.0,578.5905014074858,1.0000001732168362
sheet2_to_sheet1,0,618,0.06311910498215342,1.0,578.5905014074858,1.0000001732168362
sheet2_to_sheet1,0,619,0.06708272080107597,1.0,578.5905014074858,1.0000001732168362
sheet2_to_sheet1,0,620,0.06785514490754911,1.0,578.5905014074858,1.0000001732168362
sheet2_to_sheet1,0,621,0.06815554816097089,1.0,578.5905014074858,1.0000001732168362
sheet2_to_sheet1,0,622,0.07163851393036869,1.0,578.5905014074858,1.0000001732168362
sheet2_to_sheet1,0,623,0.07254213173605047,1.0,578.5905014074858,1.0000001732168362
sheet2_to_sheet1,0,624,0.07557653314457523,1.0,578.5905014074858,1.0000001732168362
sheet2_to_sheet1,0,625,0.07623221180293158,1.0,578.5905014074858,1.0000001732168362
sheet2_to_sheet1,0,626,0.07807096974537564,1.0,578.5905014074858,1.0000001732168362
sheet2_to_sheet1,0,627,0.08061772975855219,1.0,578.5905014074858,1.0000001732168362
sheet2_to_sheet1,0,628,0.08184023094272828,1.0,578.5905014074858,1.0000001732168362
sheet2_to_sheet1,0,629,0.0840516427372476,1.0,578.5905014074858,1.0000001732168362
sheet2_to_sheet1,0,630,0.087503051338368,1.0,578.5905014074858,1.0000001732168362
sheet2_to_sheet1,0,631,0.08984104152519554,1.0,578.5905014074858,1.0000001732168362
sheet2_to_sheet1,0,632,0.09042175503548724,1.0,578.5905014074858,1.0000001732168362
sheet2_to_sheet1,0,633,0.0927988799979148,1.0,578.5905014074858,1.0000001732168362
sheet2_to_sheet1,0,634,0.0966361341823727,1.0,578.5905014074858,1.0000001732168362
sheet2_to_sheet1,0,635,0.10238110584652926,1.0,578.5905014074858,1.0000001732168362
sheet2_to_sheet1,0,636,0.1064970484968324,1.0,578.5905014074858,1.0000001732168362
sheet2_to_sheet1,0,637,0.10993649378003514,1.0,578.5905014074858,1.0000001732168362
sheet2_to_sheet1,0,638,0.11272599007417822,1.0,578.5905014074858,1.0000001732168362
sheet2_to_sheet1,0,639,0.11831700524074973,1.0,578.5905014074858,1.0000001732168362
sheet2_to_sheet1,0,640,0.1222297679778865,1.0,578.5905014074858,1.0000001732168362
sheet2_to_sheet1,0,641,0.1248898162603495,1.0,578.5905014074858,1.0000001732168362
sheet2_to_sheet1,0,642,0.1280489867912927,1.0,578.5905014074858,1.0000001732168362
sheet2_to_sheet1,0,643,0.1304136308646164,1.0,578.5905014074858,1.0000001732168362
sheet2_to_sheet1,0,644,0.13265548019896936,1.0,578.5905014074858,1.0000001732168362
sheet2_to_sheet1,0,645,0.1404057800259485,1.0,578.5905014074858,1.0000001732168362
sheet2_to_sheet1,0,646,0.1405143614157864,1.0,578.5905014074858,1.0000001732168362
sheet2_to_sheet1,0,647,0.1477176944727383,1.0,578.5905014074858,1.0000001732168362
sheet2_to_sheet1,0,648,0.1542521957475123,1.0,578.5905014074858,1.0000001732168362
sheet2_to_sheet1,0,649,0.15903552565663595,1.0,578.5905014074858,1.0000001732168362
sheet2_to_sheet1,0,650,0.16252931786715966,1.0,578.5905014074858,1.0000001732168362
sheet2_to_sheet1,0,651,0.17057026957559124,1.0,578.5905014074858,1.0000001732168362
sheet2_to_sheet1,0,652,0.18200458796294802,1.0,578.5905014074858,1.0000001732168362
sheet2_to_sheet1,0,653,0.18497178717201038,1.0,578.5905014074858,1.0000001732168362
sheet2_to_sheet1,0,654,0.19014060039697497,1.0,578.5905014074858,1.0000001732168362
sheet2_to_sheet1,0,655,0.20766280612097202,1.0,578.5905014074858,1.0000001732168362
sheet2_to_sheet1,0,656,0.20919674142953287,1.0,578.5905014074858,1.0000001732168362
sheet2_to_sheet1,0,657,0.21618386587286728,1.0,578.5905014074858,1.0000001732168362
sheet2_to_sheet1,0,658,0.22740447650218373,1.0,578.5905014074858,1.0000001732168362
sheet2_to_sheet1,0,659,0.23499256596733806,1.0,578.5905014074858,1.0000001732168362
sheet2_to_sheet1,0,660,0.24940306478665647,1.0,578.5905014074858,1.0000001732168362
sheet2_to_sheet1,0,661,0.26028123889738775,1.0,578.5905014074858,1.0000001732168362
sheet2_to_sheet1,0,662,0.2627893906857485,1.0,578.5905014074858,1.0000001732168362
sheet2_to_sheet1,0,663,0.2786086676116554,1.0,578.5905014074858,1.0000001732168362
sheet2_to_sheet1,0,664,0.29504567091787914,1.0,578.5905014074858,1.0000001732168362
sheet2_to_sheet1,0,665,0.3114716782356826,1.0,578.5905014074858,1.0000001732168362
sheet2_to_sheet1,0,666,0.32948667002961385,1.0,578.5905014074858,1.0000001732168362
sheet2_to_sheet1,0,667,0.34456912544466134,1.0,578.5905014074858,1.0000001732168362
sheet2_to_sheet1,0,668,0.3704970442695631,1.0,578.5905014074858,1.0000001732168362
sheet2_to_sheet1,0,669,0.37706689865041776,1.0,578.5905014074858,1.0000001732168362
sheet2_to_sheet1,0,670,0.38933552120348186,1.0,578.5905014074858,1.0000001732168362
sheet2_to_sheet1,0,671,0.4111995299619705,1.0,578.5905014074858,1.0000001732168362
sheet2_to_sheet1,0,672,0.42771333735179334,1.0,578.5905014074858,1.0000001732168362
sheet2_to_sheet1,0,673,0.44950785209698674,1.0,578.5905014074858,1.0000001732168362
sheet2_to_sheet1,0,674,0.4729873938101916,1.0,578.5905014074858,1.0000001732168362
sheet2_to_sheet1,0,675,0.48205522262552214,1.0,578.5905014074858,1.0000001732168362
sheet2_to_sheet1,0,676,0.4959796233320805,1.0,578.5905014074858,1.0000001732168362
sheet2_to_sheet1,0,677,0.5265236277561988,1.0,578.5905014074858,1.0000001732168362
sheet2_to_sheet1,0,678,0.5481539186661073,1.0,578.5905014074858,1.0000001732168362
sheet2_to_sheet1,0,679,0.5555398144695535,1.0,578.5905014074858,1.0000001732168362
sheet2_to_sheet1,0,680,0.5872120163495437,1.0,578.5905014074858,1.0000001732168362
sheet2_to_sheet1,0,681,0.6181658919025411,1.0,578.5905014074858,1.0000001732168362
sheet2_to_sheet1,0,682,0.6321889717973264,1.0,578.5905014074858,1.0000001732168362
sheet2_to_sheet1,0,683,0.681961239815833,1.0,578.5905014074858,1.0000001732168362
sheet2_to_sheet1,0,684,0.7665421735532806,1.0,578.5905014074858,1.0000001732168362
sheet2_to_sheet1,0,685,0.7793340285678018,1.0,578.5905014074858,1.0000001732168362
sheet2_to_sheet1,0,686,0.8252223695382146,1.0,578.5905014074858,1.0000001732168362
sheet2_to_sheet1,0,687,0.8536941699317862,1.0,578.5905014074858,1.0000001732168362
sheet2_to_sheet1,0,688,0.9281603038520291,1.0,578.5905014074858,1.0000001732168362
sheet2_to_sheet1,0,689,0.9444860702824903,1.0,578.5905014074858,1.0000001732168362
sheet2_to_sheet1,0,690,1.020169930282544,1.0,578.5905014074858,1.0000001732168362
sheet2_to_sheet1,0,691,1.0352128293202423,1.0,578.5905014074858,1.0000001732168362
sheet2_to_sheet1,0,692,1.064428843863511,1.0,578.5905014074858,1.0000001732168362
sheet2_to_sheet1,0,693,1.0956569565442622,1.0,578.5905014074858,1.0000001732168362
sheet2_to_sheet1,0,694,1.1784209546510191,1.0,578.5905014074858,1.0000001732168362
sheet2_to_sheet1,0,695,1.3532883989720135,1.0,578.5905014074858,1.0000001732168362
sheet2_to_sheet1,0,696,1.419379692224417,1.0,578.5905014074858,1.0000001732168362
sheet2_to_sheet1,0,697,1.5303859969864952,1.0,578.5905014074858,1.0000001732168362
sheet2_to_sheet1,0,698,1.570216356680814,1.0,578.5905014074858,1.0000001732168362
sheet2_to_sheet1,0,699,1.6598512773139833,1.0,578.5905014074858,1.0000001732168362
sheet2_to_sheet1,0,700,1.7662837607784159,1.0,578.5905014074858,1.0000001732168362
sheet2_to_sheet1,0,701,1.9076437936112691,1.0,578.5905014074858,1.0000001732168362
sheet2_to_sheet1,0,702,1.9597713081459749,1.0,578.5905014074858,1.0000001732168362
sheet2_to_sheet1,0,703,2.0016812301702624,1.0,578.5905014074858,1.0000001732168362
sheet2_to_sheet1,0,704,2.1591293277601236,1.0,578.5905014074858,1.0000001732168362
sheet2_to_sheet1,0,705,2.2079727099758237,1.0,578.5905014074858,1.0000001732168362
sheet2_to_sheet1,0,706,2.259171396387821,1.0,578.5905014074858,1.0000001732168362
sheet2_to_sheet1,0,707,2.5052788343427124,1.0,578.5905014074858,1.0000001732168362
sheet2_to_sheet1,0,708,2.7033810647963645,1.0,578.5905014074858,1.0000001732168362
sheet2_to_sheet1,0,709,2.73213709821104,1.0,578.5905014074858,1.0000001732168362
sheet2_to_sheet1,0,710,3.0506948266681113,1.0,578.5905014074858,1.0000001732168362
sheet2_to_sheet1,0,711,3.1200411375638435,1.0,578.5905014074858,1.0000001732168362
sheet2_to_sheet1,0,712,3.2591585291100533,1.0,578.5905014074858,1.0000001732168362
sheet2_to_sheet1,0,713,3.4213667057627344,1.0,578.5905014074858,1.0000001732168362
sheet2_to_sheet1,0,714,3.4936309009747633,1.0,578.5905014074858,1.0000001732168362
sheet2_to_sheet1,0,715,3.8395352748340392,1.0,578.5905014074858,1.0000001732168362
sheet2_to_sheet1,0,716,3.9149163876483972,1.0,578.5905014074858,1.0000001732168362
sheet2_to_sheet1,0,717,4.245200001631657,1.0,578.5905014074858,1.0000001732168362
sheet2_to_sheet1,0,718,4.601547221948978,1.0,578.5905014074858,1.0000001732168362
sheet2_to_sheet1,0,719,5.150448740405783,1.0,578.5905014074858,1.0000001732168362
sheet2_to_sheet1,0,720,5.484276187171287,1.0,578.5905014074858,1.0000001732168362
sheet2_to_sheet1,0,721,5.573794007649478,1.0,578.5905014074858,1.0000001732168362
sheet2_to_sheet1,0,722,5.772268260907692,1.0,578.5905014074858,1.0000001732168362
sheet2_to_sheet1,0,723,6.364730110855382,1.0,578.5905014074858,1.0000001732168362
sheet2_to_sheet1,0,724,6.718147866612754,1.0,578.5905014074858,1.0000001732168362
sheet2_to_sheet1,0,725,6.904266893454581,1.0,578.5905014074858,1.0000001732168362
sheet2_to_sheet1,0,726,7.409329124040283,1.0,578.5905014074858,1.0000001732168362
sheet2_to_sheet1,0,727,7.708033496020734,1.0,578.5905014074858,1.0000001732168362
sheet2_to_sheet1,0,728,8.467657766307005,1.0,578.5905014074858,1.0000001732168362
sheet2_to_sheet1,0,729,9.228231109302888,1.0,578.5905014074858,1.0000001732168362
sheet2_to_sheet1,0,730,10.290249010318512,1.0,578.5905014074858,1.0000001732168362
sheet2_to_sheet1,0,731,10.812569457996313,1.0,578.5905014074858,1.0000001732168362
sheet2_to_sheet1,0,732,11.983707008018884,1.0,578.5905014074858,1.0000001732168362
sheet2_to_sheet1,0,733,12.534599131221876,1.0,578.5905014074858,1.0000001732168362
sheet2_to_sheet1,0,734,13.133602417475787,1.0,578.5905014074858,1.0000001732168362
sheet2_to_sheet1,0,735,13.908948452623042,1.0,578.5905014074858,1.0000001732168362
sheet2_to_sheet1,0,736,14.418776188141928,1.0,578.5905014074858,1.0000001732168362
sheet2_to_sheet1,0,737,17.664391367914313,1.0,578.5905014074858,1.0000001732168362
sheet2_to_sheet1,0,738,21.08597148288242,1.0,578.5905014074858,1.0000001732168362
sheet2_to_sheet1,0,739,21.84158245160125,1.0,578.5905014074858,1.0000001732168362
sheet2_to_sheet1,0,740,26.0344011807156,1.0,578.5905014074858,1.0000001732168362
sheet2_to_sheet1,0,741,26.717086616935287,1.0,578.5905014074858,1.0000001732168362
sheet2_to_sheet1,0,742,29.079047174249432,1.0,578.5905014074858,1.0000001732168362
sheet2_to_sheet1,0,743,30.58091154280865,1.0,578.5905014074858,1.0000001732168362
sheet2_to_sheet1,0,744,35.03847777397135,1.0,578.5905014074858,1.0000001732168362
sheet2_to_sheet1,0,745,37.28854429170877,1.0,578.5905014074858,1.0000001732168362
sheet2_to_sheet1,0,746,39.718057771691704,1.0,578.5905014074858,1.0000001732168362
sheet2_to_sheet1,0,747,43.361995241215084,1.0,578.5905014074858,1.0000001732168362
sheet2_to_sheet1,0,748,46.83301110193681,1.0,578.5905014074858,1.0000001732168362
sheet2_to_sheet1,0,749,54.05463702328316,1.0,578.5905014074858,1.0000001732168362
sheet2_to_sheet1,0,750,55.73154876818928,1.0,578.5905014074858,1.0000001732168362
sheet2_to_sheet1,0,751,61.02353059709108,1.0,578.5905014074858,1.0000001732168362
sheet2_to_sheet1,0,752,63.02487374137779,1.0,578.5905014074858,1.0000001732168362
sheet2_to_sheet1,0,753,73.26501859157796,1.0,578.5905014074858,1.0000001732168362
sheet2_to_sheet1,0,754,84.753502042313,1.0,578.5905014074858,1.0000001732168362
sheet2_to_sheet1,0,755,93.79317757003864,1.0,578.5905014074858,1.0000001732168362
sheet2_to_sheet1,0,756,106.94064065243586,1.0,578.5905014074858,1.0000001732168362
sheet2_to_sheet1,0,757,126.87481545851415,1.0,578.5905014074858,1.0000001732168362
sheet2_to_sheet1,0,758,140.96889170510613,1.0,578.5905014074858,1.0000001732168362
sheet2_to_sheet1,0,759,155.8916480095264,1.0,578.5905014074858,1.0000001732168362
sheet2_to_sheet1,0,760,164.6286644875097,1.0,578.5905014074858,1.0000001732168362
sheet2_to_sheet1,0,761,182.15795957207808,1.0,578.5905014074858,1.0000001732168362
sheet2_to_sheet1,0,762,200.97350437114483,1.0,578.5905014074858,1.0000001732168362
sheet2_to_sheet1,0,763,206.97250283358372,1.0,578.5905014074858,1.0000001732168362
sheet2_to_sheet1,0,764,219.24692669358663,1.0,578.5905014074858,1.0000001732168362
sheet2_to_sheet1,0,765,253.32358585233956,1.0,578.5905014074858,1.0000001732168362
sheet2_to_sheet1,0,766,272.93659960634244,1.0,578.5905014074858,1.0000001732168362
sheet2_to_sheet1,0,767,308.26450712295605,1.0,578.5905014074858,1.0000001732168362
sheet2_to_sheet1,0,768,367.92331543974194,1.0,578.5905014074858,1.0000001732168362
sheet2_to_sheet1,0,769,423.8614766963943,1.0,578.5905014074858,1.0000001732168362
sheet2_to_sheet1,0,770,553.8696516064898,1.0,578.5905014074858,1.0000001732168362
sheet2_to_sheet1,0,771,615.4629740463957,1.0,578.5905014074858,1.0000001732168362
sheet2_to_sheet1,0,772,658.5600808786039,1.0,578.5905014074858,1.0000001732168362
sheet2_to_sheet1,0,773,822.2312918489439,1.0,578.5905014074858,1.0000001732168362
sheet2_to_sheet1,0,774,1104.09866726988,1.0,578.5905014074858,1.0000001732168362
sheet2_to_sheet1,0,775,1418.0973447176684,1.0,578.5905014074858,1.0000001732168362
sheet2_to_sheet1,0,776,1687.351447920094,1.0,578.5905014074858,1.0000001732168362
sheet2_to_sheet1,0,777,2090.3755657419147,1.0,578.5905014074858,1.0000001732168362
sheet2_to_sheet1,0,778,2710.237870669761,1.0,578.5905014074858,1.0000001732168362
sheet2_to_sheet1,0,779,2918.884532813986,1.0,578.5905014074858,1.0000001732168362
sheet2_to_sheet1,0,780,3180.017491484053,1.0,578.5905014074858,1.0000001732168362
sheet2_to_sheet1,0,781,3828.828030485781,1.0,578.5905014074858,1.0000001732168362
sheet2_to_sheet1,0,782,4462.8316986135715,1.0,578.5905014074858,1.0000001732168362
sheet2_to_sheet1,0,783,4515.337852524189,1.0,578.5905014074858,1.0000001732168362
sheet2_to_sheet1,0,784,7095.744508094847,1.0,578.5905014074858,1.0000001732168362
sheet2_to_sheet1,0,785,9989.9174788505,1.0,578.5905014074858,1.0000001732168362
sheet2_to_sheet1,0,786,13653.415449760147,1.0,578.5905014074858,1.0000001732168362
sheet2_to_sheet1,0,787,18706.127725102422,1.0,578.5905014074858,1.0000001732168362
sheet2_to_sheet1,0,788,19441.057653620235,1.0,578.5905014074858,1.0000001732168362
sheet2_to_sheet1,0,789,25107.062623699294,1.0,578.5905014074858,1.0000001732168362
sheet2_to_sheet1,0,790,50794.598796148566,1.0,578.5905014074858,1.0000001732168362
sheet2_to_sheet1,0,791,71330.27887083284,1.0,578.5905014074858,1.0000001732168362
sheet2_to_sheet1,0,792,110873.18727248524,1.0,578.5905014074858,1.0000001732168362
sheet2_to_sheet1,0,793,124394.74689434667,1.0,578.5905014074858,1.0000001732168362
sheet2_to_sheet1,0,794,172676.3300665908,1.0,578.5905014074858,1.0000001732168362
sheet2_to_sheet1,0,795,284460.7281451494,1.0,578.5905014074858,1.0000001732168362
sheet2_to_sheet1,0,796,342745.7905360439,1.0,578.5905014074858,1.0000001732168362
sheet2_to_sheet1,0,797,851341.9024613841,1.0,578.5905014074858,1.0000001732168362
sheet2_to_sheet1,0,798,1282870.1607000176,1.0,578.5905014074858,1.0000001732168362
sheet2_to_sheet1,0,799,1468957.4872522247,1.0,578.5905014074858,1.0000001732168362
sheet2_to_sheet1,1,0,0.0,1.0,604.1872373937751,1.000000139794382
sheet2_to_sheet1,1,1,0.0,1.0,604.1872373937751,1.000000139794382
sheet2_to_sheet1,1,2,0.0,1.0,604.1872373937751,1.000000139794382
sheet2_to_sheet1,1,3,0.0,1.0,604.1872373937751,1.000000139794382
sheet2_to_sheet1,1,4,0.0,1.0,604.1872373937751,1.000000139794382
sheet2_to_sheet1,1,5,0.0,1.0,604.1872373937751,1.000000139794382
sheet2_to_sheet1,1,6,0.0,1.0,604.1872373937751,1.000000139794382
sheet2_to_sheet1,1,7,0.0,1.0,604.1872373937751,1.000000139794382
sheet2_to_sheet1,1,8,0.0,1.0,604.1872373937751,1.000000139794382
sheet2_to_sheet1,1,9,0.0,1.0,604.1872373937751,1.000000139794382
sheet2_to_sheet1,1,10,0.0,1.0,604.1872373937751,1.000000139794382
sheet2_to_sheet1,1,11,0.0,1.0,604.1872373937751,1.000000139794382
sheet2_to_sheet1,1,12,0.0,1.0,604.1872373937751,1.000000139794382
sheet2_to_sheet1,1,13,0.0,1.0,604.1872373937751,1.000000139794382
sheet2_to_sheet1,1,14,0.0,1.0,604.1872373937751,1.000000139794382
sheet2_to_sheet1,1,15,0.0,1.0,604.1872373937751,1.000000139794382
sheet2_to_sheet1,1,16,0.0,1.0,604.1872373937751,1.000000139794382
sheet2_to_sheet1,1,17,0.0,1.0,604.1872373937751,1.000000139794382
sheet2_to_sheet1,1,18,0.0,1.0,604.1872373937751,1.000000139794382
sheet2_to_sheet1,1,19,0.0,1.0,604.1872373937751,1.000000139794382
sheet2_to_sheet1,1,20,0.0,1.0,604.1872373937751,1.000000139794382
sheet2_to_sheet1,1,21,0.0,1.0,604.1872373937751,1.000000139794382
sheet2_to_sheet1,1,22,0.0,1.0,604.1872373937751,1.000000139794382
sheet2_to_sheet1,1,23,0.0,1.0,604.1872373937751,1.000000139794382
sheet2_to_sheet1,1,24,0.0,1.0,604.1872373937751,1.000000139794382
sheet2_to_sheet1,1,25,0.0,1.0,604.1872373937751,1.000000139794382
sheet2_to_sheet1,1,26,0.0,1.0,604.1872373937751,1.000000139794382
sheet2_to_sheet1,1,27,0.0,1.0,604.1872373937751,1.000000139794382
sheet2_to_sheet1,1,28,0.0,1.0,604.1872373937751,1.000000139794382
sheet2_to_sheet1,1,29,0.0,1.0,604.1872373937751,1.000000139794382
sheet2_to_sheet1,1,30,0.0,1.0,604.1872373937751,1.000000139794382
sheet2_to_sheet1,1,31,0.0,1.0,604.1872373937751,1.000000139794382
sheet2_to_sheet1,1,32,0.0,1.0,604.1872373937751,1.000000139794382
sheet2_to_sheet1,1,33,0.0,1.0,604.1872373937751,1.000000139794382
sheet2_to_sheet1,1,34,0.0,1.0,604.1872373937751,1.000000139794382
sheet2_to_sheet1,1,35,0.0,1.0,604.1872373937751,1.000000139794382
sheet2_to_sheet1,1,36,0.0,1.0,604.1872373937751,1.000000139794382
sheet2_to_sheet1,1,37,0.0,1.0,604.1872373937751,1.000000139794382
sheet2_to_sheet1,1,38,0.0,1.0,604.1872373937751,1.000000139794382
sheet2_to_sheet1,1,39,0.0,1.0,604.1872373937751,1.000000139794382
sheet2_to_sheet1,1,40,0.0,1.0,604.1872373937751,1.000000139794382
sheet2_to_sheet1,1,41,0.0,1.0,604.1872373937751,1.000000139794382
sheet2_to_sheet1,1,42,0.0,1.0,604.1872373937751,1.000000139794382
sheet2_to_sheet1,1,43,0.0,1.0,604.1872373937751,1.000000139794382
sheet2_to_sheet1,1,44,0.0,1.0,604.1872373937751,1.000000139794382
sheet2_to_sheet1,1,45,0.0,1.0,604.1872373937751,1.000000139794382
sheet2_to_sheet1,1,46,0.0,1.0,604.1872373937751,1.000000139794382
sheet2_to_sheet1,1,47,0.0,1.0,604.1872373937751,1.000000139794382
sheet2_to_sheet1,1,48,0.0,1.0,604.1872373937751,1.000000139794382
sheet2_to_sheet1,1,49,0.0,1.0,604.1872373937751,1.000000139794382
sheet2_to_sheet1,1,50,0.0,1.0,604.1872373937751,1.000000139794382
sheet2_to_sheet1,1,51,0.0,1.0,604.1872373937751,1.000000139794382
sheet2_to_sheet1,1,52,0.0,1.0,604.1872373937751,1.000000139794382
sheet2_to_sheet1,1,53,0.0,1.0,604.1872373937751,1.000000139794382
sheet2_to_sheet1,1,54,0.0,1.0,604.1872373937751,1.000000139794382
sheet2_to_sheet1,1,55,0.0,1.0,604.1872373937751,1.000000139794382
sheet2_to_sheet1,1,56,0.0,1.0,604.1872373937751,1.000000139794382
sheet2_to_sheet1,1,57,0.0,1.0,604.1872373937751,1.000000139794382
sheet2_to_sheet1,1,58,0.0,1.0,604.1872373937751,1.000000139794382
sheet2_to_sheet1,1,59,0.0,1.0,604.1872373937751,1.000000139794382
sheet2_to_sheet1,1,60,0.0,1.0,604.1872373937751,1.000000139794382
sheet2_to_sheet1,1,61,0.0,1.0,604.1872373937751,1.000000139794382
sheet2_to_sheet1,1,62,0.0,1.0,604.1872373937751,1.000000139794382
sheet2_to_sheet1,1,63,0.0,1.0,604.1872373937751,1.000000139794382
sheet2_to_sheet1,1,64,0.0,1.0,604.1872373937751,1.000000139794382
sheet2_to_sheet1,1,65,0.0,1.0,604.1872373937751,1.000000139794382
sheet2_to_sheet1,1,66,0.0,1.0,604.1872373937751,1.000000139794382
sheet2_to_sheet1,1,67,0.0,1.0,604.1872373937751,1.000000139794382
sheet2_to_sheet1,1,68,0.0,1.0,604.1872373937751,1.000000139794382
sheet2_to_sheet1,1,69,0.0,1.0,604.1872373937751,1.000000139794382
sheet2_to_sheet1,1,70,0.0,1.0,604.1872373937751,1.000000139794382
sheet2_to_sheet1,1,71,0.0,1.0,604.1872373937751,1.000000139794382
sheet2_to_sheet1,1,72,0.0,1.0,604.1872373937751,1.000000139794382
sheet2_to_sheet1,1,73,0.0,1.0,604.1872373937751,1.000000139794382
sheet2_to_sheet1,1,74,0.0,1.0,604.1872373937751,1.000000139794382
sheet2_to_sheet1,1,75,0.0,1.0,604.1872373937751,1.000000139794382
sheet2_to_sheet1,1,76,0.0,1.0,604.1872373937751,1.000000139794382
sheet2_to_sheet1,1,77,0.0,1.0,604.1872373937751,1.000000139794382
sheet2_to_sheet1,1,78,0.0,1.0,604.1872373937751,1.000000139794382
sheet2_to_sheet1,1,79,0.0,1.0,604.1872373937751,1.000000139794382
sheet2_to_sheet1,1,80,0.0,1.0,604.1872373937751,1.000000139794382
sheet2_to_sheet1,1,81,0.0,1.0,604.1872373937751,1.000000139794382
sheet2_to_sheet1,1,82,0.0,1.0,604.1872373937751,1.000000139794382
sheet2_to_sheet1,1,83,0.0,1.0,604.1872373937751,1.000000139794382
sheet2_to_sheet1,1,84,0.0,1.0,604.1872373937751,1.000000139794382
sheet2_to_sheet1,1,85,0.0,1.0,604.1872373937751,1.000000139794382
sheet2_to_sheet1,1,86,0.0,1.0,604.1872373937751,1.000000139794382
sheet2_to_sheet1,1,87,0.0,1.0,604.1872373937751,1.000000139794382
sheet2_to_sheet1,1,88,0.0,1.0,604.1872373937751,1.000000139794382
sheet2_to_sheet1,1,89,0.0,1.0,604.1872373937751,1.000000139794382
sheet2_to_sheet1,1,90,0.0,1.0,604.1872373937751,1.000000139794382
sheet2_to_sheet1,1,91,0.0,1.0,604.1872373937751,1.000000139794382
sheet2_to_sheet1,1,92,0.0,1.0,604.1872373937751,1.000000139794382
sheet2_to_sheet1,1,93,0.0,1.0,604.1872373937751,1.000000139794382
sheet2_to_sheet1,1,94,0.0,1.0,604.1872373937751,1.000000139794382
sheet2_to_sheet1,1,95,0.0,1.0,604.1872373937751,1.000000139794382
sheet2_to_sheet1,1,96,0.0,1.0,604.1872373937751,1.000000139794382
sheet2_to_sheet1,1,97,0.0,1.0,604.1872373937751,1.000000139794382
sheet2_to_sheet1,1,98,0.0,1.0,604.1872373937751,1.000000139794382
sheet2_to_sheet1,1,99,0.0,1.0,604.1872373937751,1.000000139794382
sheet2_to_sheet1,1,100,0.0,1.0,604.1872373937751,1.000000139794382
sheet2_to_sheet1,1,101,0.0,1.0,604.1872373937751,1.000000139794382
sheet2_to_sheet1,1,102,0.0,1.0,604.1872373937751,1.000000139794382
sheet2_to_sheet1,1,103,0.0,1.0,604.1872373937751,1.000000139794382
sheet2_to_sheet1,1,104,0.0,1.0,604.1872373937751,1.000000139794382
sheet2_to_sheet1,1,105,0.0,1.0,604.1872373937751,1.000000139794382
sheet2_to_sheet1,1,106,0.0,1.0,604.1872373937751,1.000000139794382
sheet2_to_sheet1,1,107,0.0,1.0,604.1872373937751,1.000000139794382
sheet2_to_sheet1,1,108,0.0,1.0,604.1872373937751,1.000000139794382
sheet2_to_sheet1,1,109,0.0,1.0,604.1872373937751,1.000000139794382
sheet2_to_sheet1,1,110,0.0,1.0,604.1872373937751,1.000000139794382
sheet2_to_sheet1,1,111,0.0,1.0,604.1872373937751,1.000000139794382
sheet2_to_sheet1,1,112,0.0,1.0,604.1872373937751,1.000000139794382
sheet2_to_sheet1,1,113,0.0,1.0,604.1872373937751,1.000000139794382
sheet2_to_sheet1,1,114,0.0,1.0,604.1872373937751,1.000000139794382
sheet2_to_sheet1,1,115,0.0,1.0,604.1872373937751,1.000000139794382
sheet2_to_sheet1,1,116,0.0,1.0,604.1872373937751,1.000000139794382
sheet2_to_sheet1,1,117,0.0,1.0,604.1872373937751,1.000000139794382
sheet2_to_sheet1,1,118,0.0,1.0,604.1872373937751,1.000000139794382
sheet2_to_sheet1,1,119,0.0,1.0,604.1872373937751,1.000000139794382
sheet2_to_sheet1,1,120,0.0,1.0,604.1872373937751,1.000000139794382
sheet2_to_sheet1,1,121,0.0,1.0,604.1872373937751,1.000000139794382
sheet2_to_sheet1,1,122,0.0,1.0,604.1872373937751,1.000000139794382
sheet2_to_sheet1,1,123,0.0,1.0,604.1872373937751,1.000000139794382
sheet2_to_sheet1,1,124,0.0,1.0,604.1872373937751,1.000000139794382
sheet2_to_sheet1,1,125,0.0,1.0,604.1872373937751,1.000000139794382
sheet2_to_sheet1,1,126,0.0,1.0,604.1872373937751,1.000000139794382
sheet2_to_sheet1,1,127,0.0,1.0,604.1872373937751,1.000000139794382
sheet2_to_sheet1,1,128,0.0,1.0,604.1872373937751,1.000000139794382
sheet2_to_sheet1,1,129,0.0,1.0,604.1872373937751,1.000000139794382
sheet2_to_sheet1,1,130,0.0,1.0,604.1872373937751,1.000000139794382
sheet2_to_sheet1,1,131,0.0,1.0,604.1872373937751,1.000000139794382
sheet2_to_sheet1,1,132,0.0,1.0,604.1872373937751,1.000000139794382
sheet2_to_sheet1,1,133,0.0,1.0,604.1872373937751,1.000000139794382
sheet2_to_sheet1,1,134,0.0,1.0,604.1872373937751,1.000000139794382
sheet2_to_sheet1,1,135,0.0,1.0,604.1872373937751,1.000000139794382
sheet2_to_sheet1,1,136,0.0,1.0,604.1872373937751,1.000000139794382
sheet2_to_sheet1,1,137,0.0,1.0,604.1872373937751,1.000000139794382
sheet2_to_sheet1,1,138,0.0,1.0,604.1872373937751,1.000000139794382
sheet2_to_sheet1,1,139,0.0,1.0,604.1872373937751,1.000000139794382
sheet2_to_sheet1,1,140,0.0,1.0,604.1872373937751,1.000000139794382
sheet2_to_sheet1,1,141,0.0,1.0,604.1872373937751,1.000000139794382
sheet2_to_sheet1,1,142,0.0,1.0,604.1872373937751,1.000000139794382
sheet2_to_sheet1,1,143,0.0,1.0,604.1872373937751,1.000000139794382
sheet2_to_sheet1,1,144,0.0,1.0,604.1872373937751,1.000000139794382
sheet2_to_sheet1,1,145,0.0,1.0,604.1872373937751,1.000000139794382
sheet2_to_sheet1,1,146,0.0,1.0,604.1872373937751,1.000000139794382
sheet2_to_sheet1,1,147,0.0,1.0,604.1872373937751,1.000000139794382
sheet2_to_sheet1,1,148,0.0,1.0,604.1872373937751,1.000000139794382
sheet2_to_sheet1,1,149,0.0,1.0,604.1872373937751,1.000000139794382
sheet2_to_sheet1,1,150,0.0,1.0,604.1872373937751,1.000000139794382
sheet2_to_sheet1,1,151,0.0,1.0,604.1872373937751,1.000000139794382
sheet2_to_sheet1,1,152,0.0,1.0,604.1872373937751,1.000000139794382
sheet2_to_sheet1,1,153,0.0,1.0,604.1872373937751,1.000000139794382
sheet2_to_sheet1,1,154,0.0,1.0,604.1872373937751,1.000000139794382
sheet2_to_sheet1,1,155,0.0,1.0,604.1872373937751,1.000000139794382
sheet2_to_sheet1,1,156,0.0,1.0,604.1872373937751,1.000000139794382
sheet2_to_sheet1,1,157,2.1937882862948763e-07,1.0,604.1872373937751,1.000000139794382
sheet2_to_sheet1,1,158,2.2693988563580564e-07,1.0,604.1872373937751,1.000000139794382
sheet2_to_sheet1,1,159,2.3123657743314297e-07,1.0,604.1872373937751,1.000000139794382
sheet2_to_sheet1,1,160,2.42187511757879e-07,1.0,604.1872373937751,1.000000139794382
sheet2_to_sheet1,1,161,2.54664994202715e-07,1.0,604.1872373937751,1.000000139794382
sheet2_to_sheet1,1,162,2.673775115447739e-07,1.0,604.1872373937751,1.000000139794382
sheet2_to_sheet1,1,163,2.739321314731011e-07,1.0,604.1872373937751,1.000000139794382
sheet2_to_sheet1,1,164,2.9685245842073575e-07,1.0,604.1872373937751,1.000000139794382
sheet2_to_sheet1,1,165,3.219891449616471e-07,1.0,604.1872373937751,1.000000139794382
sheet2_to_sheet1,1,166,3.319456206766752e-07,1.0,604.1872373937751,1.000000139794382
sheet2_to_sheet1,1,167,3.520765675766936e-07,1.0,604.1872373937751,1.000000139794382
sheet2_to_sheet1,1,168,4.0791196624724044e-07,1.0,604.1872373937751,1.000000139794382
sheet2_to_sheet1,1,169,4.251725886078069e-07,1.0,604.1872373937751,1.000000139794382
sheet2_to_sheet1,1,170,4.381789082700997e-07,1.0,604.1872373937751,1.000000139794382
sheet2_to_sheet1,1,171,4.5905034870081464e-07,1.0,604.1872373937751,1.000000139794382
sheet2_to_sheet1,1,172,4.704291204443298e-07,1.0,604.1872373937751,1.000000139794382
sheet2_to_sheet1,1,173,5.087195239729287e-07,1.0,604.1872373937751,1.000000139794382
sheet2_to_sheet1,1,174,5.453179985051085e-07,1.0,604.1872373937751,1.000000139794382
sheet2_to_sheet1,1,175,5.827951143227929e-07,1.0,604.1872373937751,1.000000139794382
sheet2_to_sheet1,1,176,6.047069787881786e-07,1.0,604.1872373937751,1.000000139794382
sheet2_to_sheet1,1,177,6.494955009130587e-07,1.0,604.1872373937751,1.000000139794382
sheet2_to_sheet1,1,178,6.985452960274158e-07,1.0,604.1872373937751,1.000000139794382
sheet2_to_sheet1,1,179,7.271718774156882e-07,1.0,604.1872373937751,1.000000139794382
sheet2_to_sheet1,1,180,7.918407837189087e-07,1.0,604.1872373937751,1.000000139794382
sheet2_to_sheet1,1,181,8.098748000798724e-07,1.0,604.1872373937751,1.000000139794382
sheet2_to_sheet1,1,182,8.207255827870403e-07,1.0,604.1872373937751,1.000000139794382
sheet2_to_sheet1,1,183,8.656205302714078e-07,1.0,604.1872373937751,1.000000139794382
sheet2_to_sheet1,1,184,8.980092360492625e-07,1.0,604.1872373937751,1.000000139794382
sheet2_to_sheet1,1,185,9.675477637688118e-07,1.0,604.1872373937751,1.000000139794382
sheet2_to_sheet1,1,186,1.0150042013593318e-06,1.0,604.1872373937751,1.000000139794382
sheet2_to_sheet1,1,187,1.034765983874773e-06,1.0,604.1872373937751,1.000000139794382
sheet2_to_sheet1,1,188,1.087423549614878e-06,1.0,604.1872373937751,1.000000139794382
sheet2_to_sheet1,1,189,1.1232912167736168e-06,1.0,604.1872373937751,1.000000139794382
sheet2_to_sheet1,1,190,1.2251651586730392e-06,1.0,604.1872373937751,1.000000139794382
sheet2_to_sheet1,1,191,1.262047508705445e-06,1.0,604.1872373937751,1.000000139794382
sheet2_to_sheet1,1,192,1.3405860652855112e-06,1.0,604.1872373937751,1.000000139794382
sheet2_to_sheet1,1,193,1.4138298709678534e-06,1.0,604.1872373937751,1.000000139794382
sheet2_to_sheet1,1,194,1.499826786197703e-06,1.0,604.1872373937751,1.000000139794382
sheet2_to_sheet1,1,195,1.5373632177751124e-06,1.0,604.1872373937751,1.000000139794382
sheet2_to_sheet1,1,196,1.625823781537335e-06,1.0,604.1872373937751,1.000000139794382
sheet2_to_sheet1,1,197,1.6717698609284457e-06,1.0,604.1872373937751,1.000000139794382
sheet2_to_sheet1,1,198,1.7116290449483414e-06,1.0,604.1872373937751,1.000000139794382
sheet2_to_sheet1,1,199,1.9161334743753693e-06,1.0,604.1872373937751,1.000000139794382
sheet2_to_sheet1,1,200,1.9916346761291854e-06,1.0,604.1872373937751,1.000000139794382
sheet2_to_sheet1,1,201,2.021358582802832e-06,1.0,604.1872373937751,1.000000139794382
sheet2_to_sheet1,1,202,2.167500266238672e-06,1.0,604.1872373937751,1.000000139794382
sheet2_to_sheet1,1,203,2.337676827730543e-06,1.0,604.1872373937751,1.000000139794382
sheet2_to_sheet1,1,204,2.430002283534213e-06,1.0,604.1872373937751,1.000000139794382
sheet2_to_sheet1,1,205,2.6033304519726024e-06,1.0,604.1872373937751,1.000000139794382
sheet2_to_sheet1,1,206,2.6935965794363002e-06,1.0,604.1872373937751,1.000000139794382
sheet2_to_sheet1,1,207,2.9256598718427457e-06,1.0,604.1872373937751,1.000000139794382
sheet2_to_sheet1,1,208,3.0732842323527903e-06,1.0,604.1872373937751,1.000000139794382
sheet2_to_sheet1,1,209,3.1393520072341225e-06,1.0,604.1872373937751,1.000000139794382
sheet2_to_sheet1,1,210,3.305015403169554e-06,1.0,604.1872373937751,1.000000139794382
sheet2_to_sheet1,1,211,3.4137014216087926e-06,1.0,604.1872373937751,1.000000139794382
sheet2_to_sheet1,1,212,3.455720840785355e-06,1.0,604.1872373937751,1.000000139794382
sheet2_to_sheet1,1,213,3.610019814616083e-06,1.0,604.1872373937751,1.000000139794382
sheet2_to_sheet1,1,214,3.866981051586781e-06,1.0,604.1872373937751,1.000000139794382
sheet2_to_sheet1,1,215,3.93282923552812e-06,1.0,604.1872373937751,1.000000139794382
sheet2_to_sheet1,1,216,4.042042524027621e-06,1.0,604.1872373937751,1.000000139794382
sheet2_to_sheet1,1,217,4.223684865435147e-06,1.0,604.1872373937751,1.000000139794382
sheet2_to_sheet1,1,218,4.320754205222578e-06,1.0,604.1872373937751,1.000000139794382
sheet2_to_sheet1,1,219,4.4708458217897055e-06,1.0,604.1872373937751,1.000000139794382
sheet2_to_sheet1,1,220,4.732176290296426e-06,1.0,604.1872373937751,1.000000139794382
sheet2_to_sheet1,1,221,4.8852217745992816e-06,1.0,604.1872373937751,1.000000139794382
sheet2_to_sheet1,1,222,4.951390311930261e-06,1.0,604.1872373937751,1.000000139794382
sheet2_to_sheet1,1,223,5.100217724105746e-06,1.0,604.1872373937751,1.000000139794382
sheet2_to_sheet1,1,224,5.197232533881107e-06,1.0,604.1872373937751,1.000000139794382
sheet2_to_sheet1,1,225,5.475424363047805e-06,1.0,604.1872373937751,1.000000139794382
sheet2_to_sheet1,1,226,5.7080241095092094e-06,1.0,604.1872373937751,1.000000139794382
sheet2_to_sheet1,1,227,5.8163417702760855e-06,1.0,604.1872373937751,1.000000139794382
sheet2_to_sheet1,1,228,6.164036995366445e-06,1.0,604.1872373937751,1.000000139794382
sheet2_to_sheet1,1,229,6.566535922467562e-06,1.0,604.1872373937751,1.000000139794382
sheet2_to_sheet1,1,230,6.9287076519232e-06,1.0,604.1872373937751,1.000000139794382
sheet2_to_sheet1,1,231,7.226245516698484e-06,1.0,604.1872373937751,1.000000139794382
sheet2_to_sheet1,1,232,7.769922674959392e-06,1.0,604.1872373937751,1.000000139794382
sheet2_to_sheet1,1,233,7.901801974812598e-06,1.0,604.1872373937751,1.000000139794382
sheet2_to_sheet1,1,234,8.149859356363221e-06,1.0,604.1872373937751,1.000000139794382
sheet2_to_sheet1,1,235,8.466004126608809e-06,1.0,604.1872373937751,1.000000139794382
sheet2_to_sheet1,1,236,8.847550181197821e-06,1.0,604.1872373937751,1.000000139794382
sheet2_to_sheet1,1,237,9.193020513279196e-06,1.0,604.1872373937751,1.000000139794382
sheet2_to_sheet1,1,238,9.645736237864348e-06,1.0,604.1872373937751,1.000000139794382
sheet2_to_sheet1,1,239,9.733811645603564e-06,1.0,604.1872373937751,1.000000139794382
sheet2_to_sheet1,1,240,9.94256761687457e-06,1.0,604.1872373937751,1.000000139794382
sheet2_to_sheet1,1,241,1.0364629049130308e-05,1.0,604.1872373937751,1.000000139794382
sheet2_to_sheet1,1,242,1.0895073140373218e-05,1.0,604.1872373937751,1.000000139794382
sheet2_to_sheet1,1,243,1.1061188397870068e-05,1.0,604.1872373937751,1.000000139794382
sheet2_to_sheet1,1,244,1.1343569375415632e-05,1.0,604.1872373937751,1.000000139794382
sheet2_to_sheet1,1,245,1.1478490383458071e-05,1.0,604.1872373937751,1.000000139794382
sheet2_to_sheet1,1,246,1.1983403525018074e-05,1.0,604.1872373937751,1.000000139794382
sheet2_to_sheet1,1,247,1.2342372961350095e-05,1.0,604.1872373937751,1.000000139794382
sheet2_to_sheet1,1,248,1.274017642410138e-05,1.0,604.1872373937751,1.000000139794382
sheet2_to_sheet1,1,249,1.341042925563965e-05,1.0,604.1872373937751,1.000000139794382
sheet2_to_sheet1,1,250,1.4115842242088984e-05,1.0,604.1872373937751,1.000000139794382
sheet2_to_sheet1,1,251,1.4274364758804705e-05,1.0,604.1872373937751,1.000000139794382
sheet2_to_sheet1,1,252,1.4833746407693138e-05,1.0,604.1872373937751,1.000000139794382
sheet2_to_sheet1,1,253,1.5137558373181626e-05,1.0,604.1872373937751,1.000000139794382
sheet2_to_sheet1,1,254,1.549735554098965e-05,1.0,604.1872373937751,1.000000139794382
sheet2_to_sheet1,1,255,1.6334607180654994e-05,1.0,604.1872373937751,1.000000139794382
sheet2_to_sheet1,1,256,1.7059511309852826e-05,1.0,604.1872373937751,1.000000139794382
sheet2_to_sheet1,1,257,1.7582036434924673e-05,1.0,604.1872373937751,1.000000139794382
sheet2_to_sheet1,1,258,1.7971049001758297e-05,1.0,604.1872373937751,1.000000139794382
sheet2_to_sheet1,1,259,1.8188072391892864e-05,1.0,604.1872373937751,1.000000139794382
sheet2_to_sheet1,1,260,1.8807299302302182e-05,1.0,604.1872373937751,1.000000139794382
sheet2_to_sheet1,1,261,1.9236432357860187e-05,1.0,604.1872373937751,1.000000139794382
sheet2_to_sheet1,1,262,1.9789520172359044e-05,1.0,604.1872373937751,1.000000139794382
sheet2_to_sheet1,1,263,2.0655710007922987e-05,1.0,604.1872373937751,1.000000139794382
sheet2_to_sheet1,1,264,2.1737561707846162e-05,1.0,604.1872373937751,1.000000139794382
sheet2_to_sheet1,1,265,2.2621225683679477e-05,1.0,604.1872373937751,1.000000139794382
sheet2_to_sheet1,1,266,2.35917765479926e-05,1.0,604.1872373937751,1.000000139794382
sheet2_to_sheet1,1,267,2.381019179982408e-05,1.0,604.1872373937751,1.000000139794382
sheet2_to_sheet1,1,268,2.4195775466456644e-05,1.0,604.1872373937751,1.000000139794382
sheet2_to_sheet1,1,269,2.4956536772858834e-05,1.0,604.1872373937751,1.000000139794382
sheet2_to_sheet1,1,270,2.6678285043409203e-05,1.0,604.1872373937751,1.000000139794382
sheet2_to_sheet1,1,271,2.6950278138319164e-05,1.0,604.1872373937751,1.000000139794382
sheet2_to_sheet1,1,272,2.7217817153362585e-05,1.0,604.1872373937751,1.000000139794382
sheet2_to_sheet1,1,273,2.9952236676758562e-05,1.0,604.1872373937751,1.000000139794382
sheet2_to_sheet1,1,274,3.0230099932587274e-05,1.0,604.1872373937751,1.000000139794382
sheet2_to_sheet1,1,275,3.0453958310437296e-05,1.0,604.1872373937751,1.000000139794382
sheet2_to_sheet1,1,276,3.121491044453225e-05,1.0,604.1872373937751,1.000000139794382
sheet2_to_sheet1,1,277,3.2333407032746053e-05,1.0,604.1872373937751,1.000000139794382
sheet2_to_sheet1,1,278,3.325386600659205e-05,1.0,604.1872373937751,1.000000139794382
sheet2_to_sheet1,1,279,3.463262077713965e-05,1.0,604.1872373937751,1.000000139794382
sheet2_to_sheet1,1,280,3.5526893944992444e-05,1.0,604.1872373937751,1.000000139794382
sheet2_to_sheet1,1,281,3.7064859325797995e-05,1.0,604.1872373937751,1.000000139794382
sheet2_to_sheet1,1,282,3.76032380080681e-05,1.0,604.1872373937751,1.000000139794382
sheet2_to_sheet1,1,283,3.894994026533632e-05,1.0,604.1872373937751,1.000000139794382
sheet2_to_sheet1,1,284,3.982657460003988e-05,1.0,604.1872373937751,1.000000139794382
sheet2_to_sheet1,1,285,4.320945904981734e-05,1.0,604.1872373937751,1.000000139794382
sheet2_to_sheet1,1,286,4.434939941998178e-05,1.0,604.1872373937751,1.000000139794382
sheet2_to_sheet1,1,287,4.615167843664852e-05,1.0,604.1872373937751,1.000000139794382
sheet2_to_sheet1,1,288,4.662101316052871e-05,1.0,604.1872373937751,1.000000139794382
sheet2_to_sheet1,1,289,4.743395233219676e-05,1.0,604.1872373937751,1.000000139794382
sheet2_to_sheet1,1,290,4.951001446809345e-05,1.0,604.1872373937751,1.000000139794382
sheet2_to_sheet1,1,291,5.054364388453073e-05,1.0,604.1872373937751,1.000000139794382
sheet2_to_sheet1,1,292,5.1990261869631016e-05,1.0,604.1872373937751,1.000000139794382
sheet2_to_sheet1,1,293,5.280347276275171e-05,1.0,604.1872373937751,1.000000139794382
sheet2_to_sheet1,1,294,5.344887176720499e-05,1.0,604.1872373937751,1.000000139794382
sheet2_to_sheet1,1,295,5.448061654391658e-05,1.0,604.1872373937751,1.000000139794382
sheet2_to_sheet1,1,296,5.523183269454117e-05,1.0,604.1872373937751,1.000000139794382
sheet2_to_sheet1,1,297,5.7129360873211015e-05,1.0,604.1872373937751,1.000000139794382
sheet2_to_sheet1,1,298,6.0478639508748473e-05,1.0,604.1872373937751,1.000000139794382
sheet2_to_sheet1,1,299,6.12422643769897e-05,1.0,604.1872373937751,1.000000139794382
sheet2_to_sheet1,1,300,6.263316504867474e-05,1.0,604.1872373937751,1.000000139794382
sheet2_to_sheet1,1,301,6.405269116524562e-05,1.0,604.1872373937751,1.000000139794382
sheet2_to_sheet1,1,302,6.505416046328783e-05,1.0,604.1872373937751,1.000000139794382
sheet2_to_sheet1,1,303,6.574070828770086e-05,1.0,604.1872373937751,1.000000139794382
sheet2_to_sheet1,1,304,7.065425717524199e-05,1.0,604.1872373937751,1.000000139794382
sheet2_to_sheet1,1,305,7.168035831746438e-05,1.0,604.1872373937751,1.000000139794382
sheet2_to_sheet1,1,306,7.806468911324652e-05,1.0,604.1872373937751,1.000000139794382
sheet2_to_sheet1,1,307,7.900279333255725e-05,1.0,604.1872373937751,1.000000139794382
sheet2_to_sheet1,1,308,8.309477229038812e-05,1.0,604.1872373937751,1.000000139794382
sheet2_to_sheet1,1,309,8.429956926234192e-05,1.0,604.1872373937751,1.000000139794382
sheet2_to_sheet1,1,310,8.57068394815079e-05,1.0,604.1872373937751,1.000000139794382
sheet2_to_sheet1,1,311,8.798864211716536e-05,1.0,604.1872373937751,1.000000139794382
sheet2_to_sheet1,1,312,8.848071739902325e-05,1.0,604.1872373937751,1.000000139794382
sheet2_to_sheet1,1,313,9.200613091920312e-05,1.0,604.1872373937751,1.000000139794382
sheet2_to_sheet1,1,314,9.458064210699382e-05,1.0,604.1872373937751,1.000000139794382
sheet2_to_sheet1,1,315,9.656815962852481e-05,1.0,604.1872373937751,1.000000139794382
sheet2_to_sheet1,1,316,0.00010088675228393153,1.0,604.1872373937751,1.000000139794382
sheet2_to_sheet1,1,317,0.00010622684827574046,1.0,604.1872373937751,1.000000139794382
sheet2_to_sheet1,1,318,0.00011128374305548282,1.0,604.1872373937751,1.000000139794382
sheet2_to_sheet1,1,319,0.00011328898622374461,1.0,604.1872373937751,1.000000139794382
sheet2_to_sheet1,1,320,0.00011510407495233622,1.0,604.1872373937751,1.000000139794382
sheet2_to_sheet1,1,321,0.00011872195544169926,1.0,604.1872373937751,1.000000139794382
sheet2_to_sheet1,1,322,0.0001212786529973541,1.0,604.1872373937751,1.000000139794382
sheet2_to_sheet1,1,323,0.00012752948988429936,1.0,604.1872373937751,1.000000139794382
sheet2_to_sheet1,1,324,0.00013141763434299268,1.0,604.1872373937751,1.000000139794382
sheet2_to_sheet1,1,325,0.0001392447071622662,1.0,604.1872373937751,1.000000139794382
sheet2_to_sheet1,1,326,0.0001444740552470871,1.0,604.1872373937751,1.000000139794382
sheet2_to_sheet1,1,327,0.00014630094639455488,1.0,604.1872373937751,1.000000139794382
sheet2_to_sheet1,1,328,0.00015108025213296468,1.0,604.1872373937751,1.000000139794382
sheet2_to_sheet1,1,329,0.0001568438206165165,1.0,604.1872373937751,1.000000139794382
sheet2_to_sheet1,1,330,0.00016293086446536638,1.0,604.1872373937751,1.000000139794382
sheet2_to_sheet1,1,331,0.00016483564916191853,1.0,604.1872373937751,1.000000139794382
sheet2_to_sheet1,1,332,0.00016631488435753483,1.0,604.1872373937751,1.000000139794382
sheet2_to_sheet1,1,333,0.00016853273517820593,1.0,604.1872373937751,1.000000139794382
sheet2_to_sheet1,1,334,0.0001761308966823466,1.0,604.1872373937751,1.000000139794382
sheet2_to_sheet1,1,335,0.00017762962248778831,1.0,604.1872373937751,1.000000139794382
sheet2_to_sheet1,1,336,0.0001839718070268495,1.0,604.1872373937751,1.000000139794382
sheet2_to_sheet1,1,337,0.00018735496304765997,1.0,604.1872373937751,1.000000139794382
sheet2_to_sheet1,1,338,0.00018982805563500887,1.0,604.1872373937751,1.000000139794382
sheet2_to_sheet1,1,339,0.00019388094337879455,1.0,604.1872373937751,1.000000139794382
sheet2_to_sheet1,1,340,0.00020122077492003258,1.0,604.1872373937751,1.000000139794382
sheet2_to_sheet1,1,341,0.00020361796586795225,1.0,604.1872373937751,1.000000139794382
sheet2_to_sheet1,1,342,0.0002145722345193804,1.0,604.1872373937751,1.000000139794382
sheet2_to_sheet1,1,343,0.00022320615981749438,1.0,604.1872373937751,1.000000139794382
sheet2_to_sheet1,1,344,0.00022402097445772435,1.0,604.1872373937751,1.000000139794382
sheet2_to_sheet1,1,345,0.00023782969056767092,1.0,604.1872373937751,1.000000139794382
sheet2_to_sheet1,1,346,0.000239116550918964,1.0,604.1872373937751,1.000000139794382
sheet2_to_sheet1,1,347,0.00024371112120379602,1.0,604.1872373937751,1.000000139794382
sheet2_to_sheet1,1,348,0.0002483428081419685,1.0,604.1872373937751,1.000000139794382
sheet2_to_sheet1,1,349,0.00025396340456036,1.0,604.1872373937751,1.000000139794382
sheet2_to_sheet1,1,350,0.0002646163372584396,1.0,604.1872373937751,1.000000139794382
sheet2_to_sheet1,1,351,0.000269081955923167,1.0,604.1872373937751,1.000000139794382
sheet2_to_sheet1,1,352,0.00027669856888661026,1.0,604.1872373937751,1.000000139794382
sheet2_to_sheet1,1,353,0.0002818932839215374,1.0,604.1872373937751,1.000000139794382
sheet2_to_sheet1,1,354,0.000292480242090002,1.0,604.1872373937751,1.000000139794382
sheet2_to_sheet1,1,355,0.00029477960742592825,1.0,604.1872373937751,1.000000139794382
sheet2_to_sheet1,1,356,0.00030897391210416437,1.0,604.1872373937751,1.000000139794382
sheet2_to_sheet1,1,357,0.0003141038052898349,1.0,604.1872373937751,1.000000139794382
sheet2_to_sheet1,1,358,0.0003176494815615439,1.0,604.1872373937751,1.000000139794382
sheet2_to_sheet1,1,359,0.0003227527888171071,1.0,604.1872373937751,1.000000139794382
sheet2_to_sheet1,1,360,0.00033522157347599143,1.0,604.1872373937751,1.000000139794382
sheet2_to_sheet1,1,361,0.00033956447862531407,1.0,604.1872373937751,1.000000139794382
sheet2_to_sheet1,1,362,0.00035133224142000377,1.0,604.1872373937751,1.000000139794382
sheet2_to_sheet1,1,363,0.0003628881269915847,1.0,604.1872373937751,1.000000139794382
sheet2_to_sheet1,1,364,0.00036420547624139803,1.0,604.1872373937751,1.000000139794382
sheet2_to_sheet1,1,365,0.00038288202185250805,1.0,604.1872373937751,1.000000139794382
sheet2_to_sheet1,1,366,0.00038631806307207184,1.0,604.1872373937751,1.000000139794382
sheet2_to_sheet1,1,367,0.00039790946612117264,1.0,604.1872373937751,1.000000139794382
sheet2_to_sheet1,1,368,0.0004085265018289806,1.0,604.1872373937751,1.000000139794382
sheet2_to_sheet1,1,369,0.00040979416008951364,1.0,604.1872373937751,1.000000139794382
sheet2_to_sheet1,1,370,0.0004191227532443262,1.0,604.1872373937751,1.000000139794382
sheet2_to_sheet1,1,371,0.0004268867868798253,1.0,604.1872373937751,1.000000139794382
sheet2_to_sheet1,1,372,0.00044140018604831445,1.0,604.1872373937751,1.000000139794382
sheet2_to_sheet1,1,373,0.0004550261562094091,1.0,604.1872373937751,1.000000139794382
sheet2_to_sheet1,1,374,0.00046213157827735353,1.0,604.1872373937751,1.000000139794382
sheet2_to_sheet1,1,375,0.00047610541451409454,1.0,604.1872373937751,1.000000139794382
sheet2_to_sheet1,1,376,0.0005048399818575518,1.0,604.1872373937751,1.000000139794382
sheet2_to_sheet1,1,377,0.0005215374610532633,1.0,604.1872373937751,1.000000139794382
sheet2_to_sheet1,1,378,0.0005271218863286793,1.0,604.1872373937751,1.000000139794382
sheet2_to_sheet1,1,379,0.0005344162111969484,1.0,604.1872373937751,1.000000139794382
sheet2_to_sheet1,1,380,0.0005545353626224831,1.0,604.1872373937751,1.000000139794382
sheet2_to_sheet1,1,381,0.0005637964727594359,1.0,604.1872373937751,1.000000139794382
sheet2_to_sheet1,1,382,0.0005813359407062701,1.0,604.1872373937751,1.000000139794382
sheet2_to_sheet1,1,383,0.0005852262289543418,1.0,604.1872373937751,1.000000139794382
sheet2_to_sheet1,1,384,0.0006112956374832814,1.0,604.1872373937751,1.000000139794382
sheet2_to_sheet1,1,385,0.0006270368897199043,1.0,604.1872373937751,1.000000139794382
sheet2_to_sheet1,1,386,0.0006433800619256895,1.0,604.1872373937751,1.000000139794382
sheet2_to_sheet1,1,387,0.0006721872764024111,1.0,604.1872373937751,1.000000139794382
sheet2_to_sheet1,1,388,0.0006796867985824942,1.0,604.1872373937751,1.000000139794382
sheet2_to_sheet1,1,389,0.0006865456284351278,1.0,604.1872373937751,1.000000139794382
sheet2_to_sheet1,1,390,0.0007167605088307303,1.0,604.1872373937751,1.000000139794382
sheet2_to_sheet1,1,391,0.000743194081478538,1.0,604.1872373937751,1.000000139794382
sheet2_to_sheet1,1,392,0.0007584317662017697,1.0,604.1872373937751,1.000000139794382
sheet2_to_sheet1,1,393,0.0007769954143213168,1.0,604.1872373937751,1.000000139794382
sheet2_to_sheet1,1,394,0.0007861807173987252,1.0,604.1872373937751,1.000000139794382
sheet2_to_sheet1,1,395,0.0008199432410107019,1.0,604.1872373937751,1.000000139794382
sheet2_to_sheet1,1,396,0.0008377750480375298,1.0,604.1872373937751,1.000000139794382
sheet2_to_sheet1,1,397,0.0008632649329332203,1.0,604.1872373937751,1.000000139794382
sheet2_to_sheet1,1,398,0.0008692544563488974,1.0,604.1872373937751,1.000000139794382
sheet2_to_sheet1,1,399,0.0008760826343237548,1.0,604.1872373937751,1.000000139794382
sheet2_to_sheet1,1,400,0.0009098930417372066,1.0,604.1872373937751,1.000000139794382
sheet2_to_sheet1,1,401,0.0009132517940510371,1.0,604.1872373937751,1.000000139794382
sheet2_to_sheet1,1,402,0.0009309683506852764,1.0,604.1872373937751,1.000000139794382
sheet2_to_sheet1,1,403,0.0009470306722527909,1.0,604.1872373937751,1.000000139794382
sheet2_to_sheet1,1,404,0.0009792900758442938,1.0,604.1872373937751,1.000000139794382
sheet2_to_sheet1,1,405,0.0010084379589415029,1.0,604.1872373937751,1.000000139794382
sheet2_to_sheet1,1,406,0.0010180525310892914,1.0,604.1872373937751,1.000000139794382
sheet2_to_sheet1,1,407,0.0010505756167550984,1.0,604.1872373937751,1.000000139794382
sheet2_to_sheet1,1,408,0.0010626202202100522,1.0,604.1872373937751,1.000000139794382
sheet2_to_sheet1,1,409,0.0010857104888670557,1.0,604.1872373937751,1.000000139794382
sheet2_to_sheet1,1,410,0.0011388757344678061,1.0,604.1872373937751,1.000000139794382
sheet2_to_sheet1,1,411,0.0011657451615818425,1.0,604.1872373937751,1.000000139794382
sheet2_to_sheet1,1,412,0.0011785356872296394,1.0,604.1872373937751,1.000000139794382
sheet2_to_sheet1,1,413,0.0012032886985207508,1.0,604.1872373937751,1.000000139794382
sheet2_to_sheet1,1,414,0.0012281721003110117,1.0,604.1872373937751,1.000000139794382
sheet2_to_sheet1,1,415,0.0012785238311293435,1.0,604.1872373937751,1.000000139794382
sheet2_to_sheet1,1,416,0.0013182635657151144,1.0,604.1872373937751,1.000000139794382
sheet2_to_sheet1,1,417,0.0013284271484971068,1.0,604.1872373937751,1.000000139794382
sheet2_to_sheet1,1,418,0.001359685595565178,1.0,604.1872373937751,1.000000139794382
sheet2_to_sheet1,1,419,0.0013887818357022424,1.0,604.1872373937751,1.000000139794382
sheet2_to_sheet1,1,420,0.0014172212131056104,1.0,604.1872373937751,1.000000139794382
sheet2_to_sheet1,1,421,0.0014405898401661666,1.0,604.1872373937751,1.000000139794382
sheet2_to_sheet1,1,422,0.0014886738504319714,1.0,604.1872373937751,1.000000139794382
sheet2_to_sheet1,1,423,0.0015226800200464233,1.0,604.1872373937751,1.000000139794382
sheet2_to_sheet1,1,424,0.0015661702516520661,1.0,604.1872373937751,1.000000139794382
sheet2_to_sheet1,1,425,0.0016145827335123436,1.0,604.1872373937751,1.000000139794382
sheet2_to_sheet1,1,426,0.0016357137570451115,1.0,604.1872373937751,1.000000139794382
sheet2_to_sheet1,1,427,0.0016917959932607086,1.0,604.1872373937751,1.000000139794382
sheet2_to_sheet1,1,428,0.0017140077908262559,1.0,604.1872373937751,1.000000139794382
sheet2_to_sheet1,1,429,0.0017519494814142796,1.0,604.1872373937751,1.000000139794382
sheet2_to_sheet1,1,430,0.001813875149290372,1.0,604.1872373937751,1.000000139794382
sheet2_to_sheet1,1,431,0.0018310251521652548,1.0,604.1872373937751,1.000000139794382
sheet2_to_sheet1,1,432,0.0018494332694276958,1.0,604.1872373937751,1.000000139794382
sheet2_to_sheet1,1,433,0.0018856078656314162,1.0,604.1872373937751,1.000000139794382
sheet2_to_sheet1,1,434,0.0019042302639114043,1.0,604.1872373937751,1.000000139794382
sheet2_to_sheet1,1,435,0.0019505480197694576,1.0,604.1872373937751,1.000000139794382
sheet2_to_sheet1,1,436,0.001955712244195792,1.0,604.1872373937751,1.000000139794382
sheet2_to_sheet1,1,437,0.001993897357214114,1.0,604.1872373937751,1.000000139794382
sheet2_to_sheet1,1,438,0.0020415871650565098,1.0,604.1872373937751,1.000000139794382
sheet2_to_sheet1,1,439,0.002086227351243284,1.0,604.1872373937751,1.000000139794382
sheet2_to_sheet1,1,440,0.002112346196257246,1.0,604.1872373937751,1.000000139794382
sheet2_to_sheet1,1,441,0.0021385102928895075,1.0,604.1872373937751,1.000000139794382
sheet2_to_sheet1,1,442,0.002177434813826971,1.0,604.1872373937751,1.000000139794382
sheet2_to_sheet1,1,443,0.0022189699659313448,1.0,604.1872373937751,1.000000139794382
sheet2_to_sheet1,1,444,0.002257312084741751,1.0,604.1872373937751,1.000000139794382
sheet2_to_sheet1,1,445,0.0023038759313402384,1.0,604.1872373937751,1.000000139794382
sheet2_to_sheet1,1,446,0.0023475781460113618,1.0,604.1872373937751,1.000000139794382
sheet2_to_sheet1,1,447,0.0023819694596320115,1.0,604.1872373937751,1.000000139794382
sheet2_to_sheet1,1,448,0.002412663495615961,1.0,604.1872373937751,1.000000139794382
sheet2_to_sheet1,1,449,0.0024235777357499823,1.0,604.1872373937751,1.000000139794382
sheet2_to_sheet1,1,450,0.0024522236943814385,1.0,604.1872373937751,1.000000139794382
sheet2_to_sheet1,1,451,0.0024873495504483326,1.0,604.1872373937751,1.000000139794382
sheet2_to_sheet1,1,452,0.002606736668192466,1.0,604.1872373937751,1.000000139794382
sheet2_to_sheet1,1,453,0.002640554998636832,1.0,604.1872373937751,1.000000139794382
sheet2_to_sheet1,1,454,0.0026753781015277007,1.0,604.1872373937751,1.000000139794382
sheet2_to_sheet1,1,455,0.0027613538561128913,1.0,604.1872373937751,1.000000139794382
sheet2_to_sheet1,1,456,0.0028353179065576874,1.0,604.1872373937751,1.000000139794382
sheet2_to_sheet1,1,457,0.0028637097850567534,1.0,604.1872373937751,1.000000139794382
sheet2_to_sheet1,1,458,0.0029690972669600343,1.0,604.1872373937751,1.000000139794382
sheet2_to_sheet1,1,459,0.002979119324059068,1.0,604.1872373937751,1.000000139794382
sheet2_to_sheet1,1,460,0.0031012002132374305,1.0,604.1872373937751,1.000000139794382
sheet2_to_sheet1,1,461,0.0032010995913421647,1.0,604.1872373937751,1.000000139794382
sheet2_to_sheet1,1,462,0.003252322539356016,1.0,604.1872373937751,1.000000139794382
sheet2_to_sheet1,1,463,0.003279682242844588,1.0,604.1872373937751,1.000000139794382
sheet2_to_sheet1,1,464,0.0033621063303632317,1.0,604.1872373937751,1.000000139794382
sheet2_to_sheet1,1,465,0.0034473547159665045,1.0,604.1872373937751,1.000000139794382
sheet2_to_sheet1,1,466,0.0034694079354744985,1.0,604.1872373937751,1.000000139794382
sheet2_to_sheet1,1,467,0.0036007852089320223,1.0,604.1872373937751,1.000000139794382
sheet2_to_sheet1,1,468,0.003644825298840932,1.0,604.1872373937751,1.000000139794382
sheet2_to_sheet1,1,469,0.0036815433262431555,1.0,604.1872373937751,1.000000139794382
sheet2_to_sheet1,1,470,0.003725036369676995,1.0,604.1872373937751,1.000000139794382
sheet2_to_sheet1,1,471,0.003794271062175784,1.0,604.1872373937751,1.000000139794382
sheet2_to_sheet1,1,472,0.003894770995420729,1.0,604.1872373937751,1.000000139794382
sheet2_to_sheet1,1,473,0.0039999866630913245,1.0,604.1872373937751,1.000000139794382
sheet2_to_sheet1,1,474,0.004038213680497758,1.0,604.1872373937751,1.000000139794382
sheet2_to_sheet1,1,475,0.004259060590620496,1.0,604.1872373937751,1.000000139794382
sheet2_to_sheet1,1,476,0.004278762022214497,1.0,604.1872373937751,1.000000139794382
sheet2_to_sheet1,1,477,0.004309788145918957,1.0,604.1872373937751,1.000000139794382
sheet2_to_sheet1,1,478,0.00440700163372705,1.0,604.1872373937751,1.000000139794382
sheet2_to_sheet1,1,479,0.004496536780955689,1.0,604.1872373937751,1.000000139794382
sheet2_to_sheet1,1,480,0.004613059577333179,1.0,604.1872373937751,1.000000139794382
sheet2_to_sheet1,1,481,0.004665546438012004,1.0,604.1872373937751,1.000000139794382
sheet2_to_sheet1,1,482,0.004820505481164513,1.0,604.1872373937751,1.000000139794382
sheet2_to_sheet1,1,483,0.004854091106467324,1.0,604.1872373937751,1.000000139794382
sheet2_to_sheet1,1,484,0.0049012726235833255,1.0,604.1872373937751,1.000000139794382
sheet2_to_sheet1,1,485,0.0049464961658951916,1.0,604.1872373937751,1.000000139794382
sheet2_to_sheet1,1,486,0.005033546193952126,1.0,604.1872373937751,1.000000139794382
sheet2_to_sheet1,1,487,0.005131651088227126,1.0,604.1872373937751,1.000000139794382
sheet2_to_sheet1,1,488,0.005244373671442177,1.0,604.1872373937751,1.000000139794382
sheet2_to_sheet1,1,489,0.005281066319241535,1.0,604.1872373937751,1.000000139794382
sheet2_to_sheet1,1,490,0.005401798509297467,1.0,604.1872373937751,1.000000139794382
sheet2_to_sheet1,1,491,0.005512179339371979,1.0,604.1872373937751,1.000000139794382
sheet2_to_sheet1,1,492,0.005564055916858936,1.0,604.1872373937751,1.000000139794382
sheet2_to_sheet1,1,493,0.005630638445232184,1.0,604.1872373937751,1.000000139794382
sheet2_to_sheet1,1,494,0.005821723454589093,1.0,604.1872373937751,1.000000139794382
sheet2_to_sheet1,1,495,0.006082162724806787,1.0,604.1872373937751,1.000000139794382
sheet2_to_sheet1,1,496,0.006095884839912299,1.0,604.1872373937751,1.000000139794382
sheet2_to_sheet1,1,497,0.0061640055751112826,1.0,604.1872373937751,1.000000139794382
sheet2_to_sheet1,1,498,0.006363600945815049,1.0,604.1872373937751,1.000000139794382
sheet2_to_sheet1,1,499,0.006410326013960817,1.0,604.1872373937751,1.000000139794382
sheet2_to_sheet1,1,500,0.006596218833217783,1.0,604.1872373937751,1.000000139794382
sheet2_to_sheet1,1,501,0.006720996774465212,1.0,604.1872373937751,1.000000139794382
sheet2_to_sheet1,1,502,0.006926822695624107,1.0,604.1872373937751,1.000000139794382
sheet2_to_sheet1,1,503,0.007107050013482712,1.0,604.1872373937751,1.000000139794382
sheet2_to_sheet1,1,504,0.007267791749649181,1.0,604.1872373937751,1.000000139794382
sheet2_to_sheet1,1,505,0.007334044804315116,1.0,604.1872373937751,1.000000139794382
sheet2_to_sheet1,1,506,0.007464250284362484,1.0,604.1872373937751,1.000000139794382
sheet2_to_sheet1,1,507,0.007787280682196803,1.0,604.1872373937751,1.000000139794382
sheet2_to_sheet1,1,508,0.007956801608850284,1.0,604.1872373937751,1.000000139794382
sheet2_to_sheet1,1,509,0.00798168317057806,1.0,604.1872373937751,1.000000139794382
sheet2_to_sheet1,1,510,0.008238891998151905,1.0,604.1872373937751,1.000000139794382
sheet2_to_sheet1,1,511,0.008364754293221208,1.0,604.1872373937751,1.000000139794382
sheet2_to_sheet1,1,512,0.008462742742801663,1.0,604.1872373937751,1.000000139794382
sheet2_to_sheet1,1,513,0.008554662248486116,1.0,604.1872373937751,1.000000139794382
sheet2_to_sheet1,1,514,0.00872256626895963,1.0,604.1872373937751,1.000000139794382
sheet2_to_sheet1,1,515,0.008929902588709885,1.0,604.1872373937751,1.000000139794382
sheet2_to_sheet1,1,516,0.009097280179376185,1.0,604.1872373937751,1.000000139794382
sheet2_to_sheet1,1,517,0.009141549402509686,1.0,604.1872373937751,1.000000139794382
sheet2_to_sheet1,1,518,0.009271115365226826,1.0,604.1872373937751,1.000000139794382
sheet2_to_sheet1,1,519,0.009448063148607268,1.0,604.1872373937751,1.000000139794382
sheet2_to_sheet1,1,520,0.009684063184496074,1.0,604.1872373937751,1.000000139794382
sheet2_to_sheet1,1,521,0.009900995025202638,1.0,604.1872373937751,1.000000139794382
sheet2_to_sheet1,1,522,0.010135323873035108,1.0,604.1872373937751,1.000000139794382
sheet2_to_sheet1,1,523,0.010367129124511052,1.0,604.1872373937751,1.000000139794382
sheet2_to_sheet1,1,524,0.010671139781168805,1.0,604.1872373937751,1.000000139794382
sheet2_to_sheet1,1,525,0.010993091364957484,1.0,604.1872373937751,1.000000139794382
sheet2_to_sheet1,1,526,0.011089762302893168,1.0,604.1872373937751,1.000000139794382
sheet2_to_sheet1,1,527,0.011182671902302441,1.0,604.1872373937751,1.000000139794382
sheet2_to_sheet1,1,528,0.011895449410815362,1.0,604.1872373937751,1.000000139794382
sheet2_to_sheet1,1,529,0.011911875432829367,1.0,604.1872373937751,1.000000139794382
sheet2_to_sheet1,1,530,0.012227075764583435,1.0,604.1872373937751,1.000000139794382
sheet2_to_sheet1,1,531,0.012431408036286846,1.0,604.1872373937751,1.000000139794382
sheet2_to_sheet1,1,532,0.012625903057507142,1.0,604.1872373937751,1.000000139794382
sheet2_to_sheet1,1,533,0.012873518345495119,1.0,604.1872373937751,1.000000139794382
sheet2_to_sheet1,1,534,0.01330321480430133,1.0,604.1872373937751,1.000000139794382
sheet2_to_sheet1,1,535,0.01343128496571611,1.0,604.1872373937751,1.000000139794382
sheet2_to_sheet1,1,536,0.01412510643190369,1.0,604.1872373937751,1.000000139794382
sheet2_to_sheet1,1,537,0.01448914874198966,1.0,604.1872373937751,1.000000139794382
sheet2_to_sheet1,1,538,0.01466586894320622,1.0,604.1872373937751,1.000000139794382
sheet2_to_sheet1,1,539,0.014944116043131206,1.0,604.1872373937751,1.000000139794382
sheet2_to_sheet1,1,540,0.015631895168387994,1.0,604.1872373937751,1.000000139794382
sheet2_to_sheet1,1,541,0.016062302508098536,1.0,604.1872373937751,1.000000139794382
sheet2_to_sheet1,1,542,0.016279179872835836,1.0,604.1872373937751,1.000000139794382
sheet2_to_sheet1,1,543,0.01667345592912541,1.0,604.1872373937751,1.000000139794382
sheet2_to_sheet1,1,544,0.017030072979198903,1.0,604.1872373937751,1.000000139794382
sheet2_to_sheet1,1,545,0.0170441316042576,1.0,604.1872373937751,1.000000139794382
sheet2_to_sheet1,1,546,0.017224273825749516,1.0,604.1872373937751,1.000000139794382
sheet2_to_sheet1,1,547,0.017524149892127798,1.0,604.1872373937751,1.000000139794382
sheet2_to_sheet1,1,548,0.01799404482223197,1.0,604.1872373937751,1.000000139794382
sheet2_to_sheet1,1,549,0.018570630520417776,1.0,604.1872373937751,1.000000139794382
sheet2_to_sheet1,1,550,0.018752158189783697,1.0,604.1872373937751,1.000000139794382
sheet2_to_sheet1,1,551,0.019217502611733616,1.0,604.1872373937751,1.000000139794382
sheet2_to_sheet1,1,552,0.019704112744123568,1.0,604.1872373937751,1.000000139794382
sheet2_to_sheet1,1,553,0.01988033966134748,1.0,604.1872373937751,1.000000139794382
sheet2_to_sheet1,1,554,0.020288195346146308,1.0,604.1872373937751,1.000000139794382
sheet2_to_sheet1,1,555,0.02068495923006668,1.0,604.1872373937751,1.000000139794382
sheet2_to_sheet1,1,556,0.022041771244913584,1.0,604.1872373937751,1.000000139794382
sheet2_to_sheet1,1,557,0.022494321384270894,1.0,604.1872373937751,1.000000139794382
sheet2_to_sheet1,1,558,0.022729210258545653,1.0,604.1872373937751,1.000000139794382
sheet2_to_sheet1,1,559,0.02328013570289791,1.0,604.1872373937751,1.000000139794382
sheet2_to_sheet1,1,560,0.023451602563537618,1.0,604.1872373937751,1.000000139794382
sheet2_to_sheet1,1,561,0.02420562577957215,1.0,604.1872373937751,1.000000139794382
sheet2_to_sheet1,1,562,0.024253719181576764,1.0,604.1872373937751,1.000000139794382
sheet2_to_sheet1,1,563,0.025049222418228642,1.0,604.1872373937751,1.000000139794382
sheet2_to_sheet1,1,564,0.025977441862326815,1.0,604.1872373937751,1.000000139794382
sheet2_to_sheet1,1,565,0.026128251162118265,1.0,604.1872373937751,1.000000139794382
sheet2_to_sheet1,1,566,0.026540470368360814,1.0,604.1872373937751,1.000000139794382
sheet2_to_sheet1,1,567,0.02683839007676772,1.0,604.1872373937751,1.000000139794382
sheet2_to_sheet1,1,568,0.028426075523856394,1.0,604.1872373937751,1.000000139794382
sheet2_to_sheet1,1,569,0.02849986556688173,1.0,604.1872373937751,1.000000139794382
sheet2_to_sheet1,1,570,0.02879244778592694,1.0,604.1872373937751,1.000000139794382
sheet2_to_sheet1,1,571,0.029426735619922588,1.0,604.1872373937751,1.000000139794382
sheet2_to_sheet1,1,572,0.03002173232275844,1.0,604.1872373937751,1.000000139794382
sheet2_to_sheet1,1,573,0.0304156759548351,1.0,604.1872373937751,1.000000139794382
sheet2_to_sheet1,1,574,0.030888770924089547,1.0,604.1872373937751,1.000000139794382
sheet2_to_sheet1,1,575,0.03181118000992869,1.0,604.1872373937751,1.000000139794382
sheet2_to_sheet1,1,576,0.03234509375738905,1.0,604.1872373937751,1.000000139794382
sheet2_to_sheet1,1,577,0.032815359328135035,1.0,604.1872373937751,1.000000139794382
sheet2_to_sheet1,1,578,0.033825641861787124,1.0,604.1872373937751,1.000000139794382
sheet2_to_sheet1,1,579,0.03452421948231458,1.0,604.1872373937751,1.000000139794382
sheet2_to_sheet1,1,580,0.03493257378588624,1.0,604.1872373937751,1.000000139794382
sheet2_to_sheet1,1,581,0.03603283204068223,1.0,604.1872373937751,1.000000139794382
sheet2_to_sheet1,1,582,0.03625560582821275,1.0,604.1872373937751,1.000000139794382
sheet2_to_sheet1,1,583,0.037369202470269224,1.0,604.1872373937751,1.000000139794382
sheet2_to_sheet1,1,584,0.04021045500866887,1.0,604.1872373937751,1.000000139794382
sheet2_to_sheet1,1,585,0.04125827379600696,1.0,604.1872373937751,1.000000139794382
sheet2_to_sheet1,1,586,0.04163693214027497,1.0,604.1872373937751,1.000000139794382
sheet2_to_sheet1,1,587,0.04218863698874174,1.0,604.1872373937751,1.000000139794382
sheet2_to_sheet1,1,588,0.043024900086516625,1.0,604.1872373937751,1.000000139794382
sheet2_to_sheet1,1,589,0.04445988666068234,1.0,604.1872373937751,1.000000139794382
sheet2_to_sheet1,1,590,0.04677762808728015,1.0,604.1872373937751,1.000000139794382
sheet2_to_sheet1,1,591,0.04713650359812012,1.0,604.1872373937751,1.000000139794382
sheet2_to_sheet1,1,592,0.04843686717173455,1.0,604.1872373937751,1.000000139794382
sheet2_to_sheet1,1,593,0.04899068780159546,1.0,604.1872373937751,1.000000139794382
sheet2_to_sheet1,1,594,0.051089889353193675,1.0,604.1872373937751,1.000000139794382
sheet2_to_sheet1,1,595,0.05151816894126033,1.0,604.1872373937751,1.000000139794382
sheet2_to_sheet1,1,596,0.051978515795288706,1.0,604.1872373937751,1.000000139794382
sheet2_to_sheet1,1,597,0.053985309026457366,1.0,604.1872373937751,1.000000139794382
sheet2_to_sheet1,1,598,0.05623404037659719,1.0,604.1872373937751,1.000000139794382
sheet2_to_sheet1,1,599,0.058098866438403556,1.0,604.1872373937751,1.000000139794382
sheet2_to_sheet1,1,600,0.05978472747910491,1.0,604.1872373937751,1.000000139794382
sheet2_to_sheet1,1,601,0.061373773522653635,1.0,604.1872373937751,1.000000139794382
sheet2_to_sheet1,1,602,0.06212002771811079,1.0,604.1872373937751,1.000000139794382
sheet2_to_sheet1,1,603,0.06596868359083465,1.0,604.1872373937751,1.000000139794382
sheet2_to_sheet1,1,604,0.06669822359438436,1.0,604.1872373937751,1.000000139794382
sheet2_to_sheet1,1,605,0.06796384132846353,1.0,604.1872373937751,1.000000139794382
sheet2_to_sheet1,1,606,0.07198399138667363,1.0,604.1872373937751,1.000000139794382
sheet2_to_sheet1,1,607,0.07321977179418983,1.0,604.1872373937751,1.000000139794382
sheet2_to_sheet1,1,608,0.07561503331939291,1.0,604.1872373937751,1.000000139794382
sheet2_to_sheet1,1,609,0.078464995592917,1.0,604.1872373937751,1.000000139794382
sheet2_to_sheet1,1,610,0.08004567137481845,1.0,604.1872373937751,1.000000139794382
sheet2_to_sheet1,1,611,0.08379825643907754,1.0,604.1872373937751,1.000000139794382
sheet2_to_sheet1,1,612,0.0860484958904105,1.0,604.1872373937751,1.000000139794382
sheet2_to_sheet1,1,613,0.08835879967052597,1.0,604.1872373937751,1.000000139794382
sheet2_to_sheet1,1,614,0.0898461103762119,1.0,604.1872373937751,1.000000139794382
sheet2_to_sheet1,1,615,0.09161096717286121,1.0,604.1872373937751,1.000000139794382
sheet2_to_sheet1,1,616,0.09708405283009888,1.0,604.1872373937751,1.000000139794382
sheet2_to_sheet1,1,617,0.09740113593063206,1.0,604.1872373937751,1.000000139794382
sheet2_to_sheet1,1,618,0.09829059550548744,1.0,604.1872373937751,1.000000139794382
sheet2_to_sheet1,1,619,0.10179871619301674,1.0,604.1872373937751,1.000000139794382
sheet2_to_sheet1,1,620,0.1041478670282332,1.0,604.1872373937751,1.000000139794382
sheet2_to_sheet1,1,621,0.1057589452290102,1.0,604.1872373937751,1.000000139794382
sheet2_to_sheet1,1,622,0.10809775299931039,1.0,604.1872373937751,1.000000139794382
sheet2_to_sheet1,1,623,0.11495638091751918,1.0,604.1872373937751,1.000000139794382
sheet2_to_sheet1,1,624,0.1174762188365761,1.0,604.1872373937751,1.000000139794382
sheet2_to_sheet1,1,625,0.11946285789788465,1.0,604.1872373937751,1.000000139794382
sheet2_to_sheet1,1,626,0.12508833233058747,1.0,604.1872373937751,1.000000139794382
sheet2_to_sheet1,1,627,0.12839055571007926,1.0,604.1872373937751,1.000000139794382
sheet2_to_sheet1,1,628,0.13297680734901493,1.0,604.1872373937751,1.000000139794382
sheet2_to_sheet1,1,629,0.13467000007781477,1.0,604.1872373937751,1.000000139794382
sheet2_to_sheet1,1,630,0.14020602922323122,1.0,604.1872373937751,1.000000139794382
sheet2_to_sheet1,1,631,0.1408687193613224,1.0,604.1872373937751,1.000000139794382
sheet2_to_sheet1,1,632,0.1487957398674155,1.0,604.1872373937751,1.000000139794382
sheet2_to_sheet1,1,633,0.150903547763188,1.0,604.1872373937751,1.000000139794382
sheet2_to_sheet1,1,634,0.15367600156997208,1.0,604.1872373937751,1.000000139794382
sheet2_to_sheet1,1,635,0.16016432977440276,1.0,604.1872373937751,1.000000139794382
sheet2_to_sheet1,1,636,0.1676966341261219,1.0,604.1872373937751,1.000000139794382
sheet2_to_sheet1,1,637,0.17016239742575112,1.0,604.1872373937751,1.000000139794382
sheet2_to_sheet1,1,638,0.1811048853696199,1.0,604.1872373937751,1.000000139794382
sheet2_to_sheet1,1,639,0.18178913383179005,1.0,604.1872373937751,1.000000139794382
sheet2_to_sheet1,1,640,0.187750451868897,1.0,604.1872373937751,1.000000139794382
sheet2_to_sheet1,1,641,0.20018415049190097,1.0,604.1872373937751,1.000000139794382
sheet2_to_sheet1,1,642,0.20773564979735476,1.0,604.1872373937751,1.000000139794382
sheet2_to_sheet1,1,643,0.21432976516397956,1.0,604.1872373937751,1.000000139794382
sheet2_to_sheet1,1,644,0.2164126372317953,1.0,604.1872373937751,1.000000139794382
sheet2_to_sheet1,1,645,0.22311009979545285,1.0,604.1872373937751,1.000000139794382
sheet2_to_sheet1,1,646,0.2312145291154475,1.0,604.1872373937751,1.000000139794382
sheet2_to_sheet1,1,647,0.2339907272757447,1.0,604.1872373937751,1.000000139794382
sheet2_to_sheet1,1,648,0.2426052123555404,1.0,604.1872373937751,1.000000139794382
sheet2_to_sheet1,1,649,0.2595470711895361,1.0,604.1872373937751,1.000000139794382
sheet2_to_sheet1,1,650,0.26824898670792374,1.0,604.1872373937751,1.000000139794382
sheet2_to_sheet1,1,651,0.2762473559202055,1.0,604.1872373937751,1.000000139794382
sheet2_to_sheet1,1,652,0.29165302922214054,1.0,604.1872373937751,1.000000139794382
sheet2_to_sheet1,1,653,0.30043980279818877,1.0,604.1872373937751,1.000000139794382
sheet2_to_sheet1,1,654,0.30346011442391313,1.0,604.1872373937751,1.000000139794382
sheet2_to_sheet1,1,655,0.3181856930078952,1.0,604.1872373937751,1.000000139794382
sheet2_to_sheet1,1,656,0.3315206178460029,1.0,604.1872373937751,1.000000139794382
sheet2_to_sheet1,1,657,0.3486467921218244,1.0,604.1872373937751,1.000000139794382
sheet2_to_sheet1,1,658,0.3553213762698001,1.0,604.1872373937751,1.000000139794382
sheet2_to_sheet1,1,659,0.3850599795968784,1.0,604.1872373937751,1.000000139794382
sheet2_to_sheet1,1,660,0.4008213597436929,1.0,604.1872373937751,1.000000139794382
sheet2_to_sheet1,1,661,0.40362400033223206,1.0,604.1872373937751,1.000000139794382
sheet2_to_sheet1,1,662,0.42768867137292493,1.0,604.1872373937751,1.000000139794382
sheet2_to_sheet1,1,663,0.450055944137696,1.0,604.1872373937751,1.000000139794382
sheet2_to_sheet1,1,664,0.48263517685426466,1.0,604.1872373937751,1.000000139794382
sheet2_to_sheet1,1,665,0.4895744504650529,1.0,604.1872373937751,1.000000139794382
sheet2_to_sheet1,1,666,0.5027655927396476,1.0,604.1872373937751,1.000000139794382
sheet2_to_sheet1,1,667,0.5136353703728701,1.0,604.1872373937751,1.000000139794382
sheet2_to_sheet1,1,668,0.5214252027573589,1.0,604.1872373937751,1.000000139794382
sheet2_to_sheet1,1,669,0.5487975479159136,1.0,604.1872373937751,1.000000139794382
sheet2_to_sheet1,1,670,0.5838748871123255,1.0,604.1872373937751,1.000000139794382
sheet2_to_sheet1,1,671,0.5886313950895006,1.0,604.1872373937751,1.000000139794382
sheet2_to_sheet1,1,672,0.6346528503572668,1.0,604.1872373937751,1.000000139794382
sheet2_to_sheet1,1,673,0.646883929161427,1.0,604.1872373937751,1.000000139794382
sheet2_to_sheet1,1,674,0.6776880966924439,1.0,604.1872373937751,1.000000139794382
sheet2_to_sheet1,1,675,0.7195092682996558,1.0,604.1872373937751,1.000000139794382
sheet2_to_sheet1,1,676,0.7804282059639676,1.0,604.1872373937751,1.000000139794382
sheet2_to_sheet1,1,677,0.7836623973156993,1.0,604.1872373937751,1.000000139794382
sheet2_to_sheet1,1,678,0.8275615161850389,1.0,604.1872373937751,1.000000139794382
sheet2_to_sheet1,1,679,0.8442370707536059,1.0,604.1872373937751,1.000000139794382
sheet2_to_sheet1,1,680,0.8896598448752396,1.0,604.1872373937751,1.000000139794382
sheet2_to_sheet1,1,681,0.9088546905872177,1.0,604.1872373937751,1.000000139794382
sheet2_to_sheet1,1,682,1.0378062400106265,1.0,604.1872373937751,1.000000139794382
sheet2_to_sheet1,1,683,1.11218318207822,1.0,604.1872373937751,1.000000139794382
sheet2_to_sheet1,1,684,1.163530331786885,1.0,604.1872373937751,1.000000139794382
sheet2_to_sheet1,1,685,1.2191623855503937,1.0,604.1872373937751,1.000000139794382
sheet2_to_sheet1,1,686,1.2831602346701392,1.0,604.1872373937751,1.000000139794382
sheet2_to_sheet1,1,687,1.2871119551066499,1.0,604.1872373937751,1.000000139794382
sheet2_to_sheet1,1,688,1.333145867814965,1.0,604.1872373937751,1.000000139794382
sheet2_to_sheet1,1,689,1.4558812940669033,1.0,604.1872373937751,1.000000139794382
sheet2_to_sheet1,1,690,1.5492685682510658,1.0,604.1872373937751,1.000000139794382
sheet2_to_sheet1,1,691,1.594749009602931,1.0,604.1872373937751,1.000000139794382
sheet2_to_sheet1,1,692,1.7155781602710813,1.0,604.1872373937751,1.000000139794382
sheet2_to_sheet1,1,693,1.8335227814941124,1.0,604.1872373937751,1.000000139794382
sheet2_to_sheet1,1,694,1.9337693923153862,1.0,604.1872373937751,1.000000139794382
sheet2_to_sheet1,1,695,2.0448082365919684,1.0,604.1872373937751,1.000000139794382
sheet2_to_sheet1,1,696,2.132560622418151,1.0,604.1872373937751,1.000000139794382
sheet2_to_sheet1,1,697,2.2658278487934513,1.0,604.1872373937751,1.000000139794382
sheet2_to_sheet1,1,698,2.4378721548939075,1.0,604.1872373937751,1.000000139794382
sheet2_to_sheet1,1,699,2.586512303255051,1.0,604.1872373937751,1.000000139794382
sheet2_to_sheet1,1,700,2.633626578252358,1.0,604.1872373937751,1.000000139794382
sheet2_to_sheet1,1,701,2.807627390298682,1.0,604.1872373937751,1.000000139794382
sheet2_to_sheet1,1,702,2.8686755560408654,1.0,604.1872373937751,1.000000139794382
sheet2_to_sheet1,1,703,3.107084772735794,1.0,604.1872373937751,1.000000139794382
sheet2_to_sheet1,1,704,3.1466031898325273,1.0,604.1872373937751,1.000000139794382
sheet2_to_sheet1,1,705,3.255997796677095,1.0,604.1872373937751,1.000000139794382
sheet2_to_sheet1,1,706,3.4517845749547558,1.0,604.1872373937751,1.000000139794382
sheet2_to_sheet1,1,707,3.5832425239825922,1.0,604.1872373937751,1.000000139794382
sheet2_to_sheet1,1,708,3.8212973291268764,1.0,604.1872373937751,1.000000139794382
sheet2_to_sheet1,1,709,3.9114433851665145,1.0,604.1872373937751,1.000000139794382
sheet2_to_sheet1,1,710,4.142813776057315,1.0,604.1872373937751,1.000000139794382
sheet2_to_sheet1,1,711,4.178925629518971,1.0,604.1872373937751,1.000000139794382
sheet2_to_sheet1,1,712,4.593760052380602,1.0,604.1872373937751,1.000000139794382
sheet2_to_sheet1,1,713,4.937954833705493,1.0,604.1872373937751,1.000000139794382
sheet2_to_sheet1,1,714,5.2159289875515,1.0,604.1872373937751,1.000000139794382
sheet2_to_sheet1,1,715,5.837277014766777,1.0,604.1872373937751,1.000000139794382
sheet2_to_sheet1,1,716,6.189512603835181,1.0,604.1872373937751,1.000000139794382
sheet2_to_sheet1,1,717,6.625162620067014,1.0,604.1872373937751,1.000000139794382
sheet2_to_sheet1,1,718,7.361101695360942,1.0,604.1872373937751,1.000000139794382
sheet2_to_sheet1,1,719,7.519934044258357,1.0,604.1872373937751,1.000000139794382
sheet2_to_sheet1,1,720,7.977044579999839,1.0,604.1872373937751,1.000000139794382
sheet2_to_sheet1,1,721,8.507655827992185,1.0,604.1872373937751,1.000000139794382
sheet2_to_sheet1,1,722,8.81299632415058,1.0,604.1872373937751,1.000000139794382
sheet2_to_sheet1,1,723,8.99237425082279,1.0,604.1872373937751,1.000000139794382
sheet2_to_sheet1,1,724,9.459174745916156,1.0,604.1872373937751,1.000000139794382
sheet2_to_sheet1,1,725,10.316745575911085,1.0,604.1872373937751,1.000000139794382
sheet2_to_sheet1,1,726,10.716160509190582,1.0,604.1872373937751,1.000000139794382
sheet2_to_sheet1,1,727,11.630522878066632,1.0,604.1872373937751,1.000000139794382
sheet2_to_sheet1,1,728,11.882981220987578,1.0,604.1872373937751,1.000000139794382
sheet2_to_sheet1,1,729,13.553979922794268,1.0,604.1872373937751,1.000000139794382
sheet2_to_sheet1,1,730,13.728254931734535,1.0,604.1872373937751,1.000000139794382
sheet2_to_sheet1,1,731,16.59353027774382,1.0,604.1872373937751,1.000000139794382
sheet2_to_sheet1,1,732,17.066686658344032,1.0,604.1872373937751,1.000000139794382
sheet2_to_sheet1,1,733,18.070001136542462,1.0,604.1872373937751,1.000000139794382
sheet2_to_sheet1,1,734,19.090128945442572,1.0,604.1872373937751,1.000000139794382
sheet2_to_sheet1,1,735,21.433619939170946,1.0,604.1872373937751,1.000000139794382
sheet2_to_sheet1,1,736,22.000257206442036,1.0,604.1872373937751,1.000000139794382
sheet2_to_sheet1,1,737,22.786085121889652,1.0,604.1872373937751,1.000000139794382
sheet2_to_sheet1,1,738,29.82772074851422,1.0,604.1872373937751,1.000000139794382
sheet2_to_sheet1,1,739,30.73121284449373,1.0,604.1872373937751,1.000000139794382
sheet2_to_sheet1,1,740,33.50524802286946,1.0,604.1872373937751,1.000000139794382
sheet2_to_sheet1,1,741,34.78628148200211,1.0,604.1872373937751,1.000000139794382
sheet2_to_sheet1,1,742,41.55635674053665,1.0,604.1872373937751,1.000000139794382
sheet2_to_sheet1,1,743,44.184311888166,1.0,604.1872373937751,1.000000139794382
sheet2_to_sheet1,1,744,49.879610793497065,1.0,604.1872373937751,1.000000139794382
sheet2_to_sheet1,1,745,53.26480068878005,1.0,604.1872373937751,1.000000139794382
sheet2_to_sheet1,1,746,56.4333150930979,1.0,604.1872373937751,1.000000139794382
sheet2_to_sheet1,1,747,69.00886303285453,1.0,604.1872373937751,1.000000139794382
sheet2_to_sheet1,1,748,75.7981127159974,1.0,604.1872373937751,1.000000139794382
sheet2_to_sheet1,1,749,76.4643432914811,1.0,604.1872373937751,1.000000139794382
sheet2_to_sheet1,1,750,83.42399976137618,1.0,604.1872373937751,1.000000139794382
sheet2_to_sheet1,1,751,93.12643759494209,1.0,604.1872373937751,1.000000139794382
sheet2_to_sheet1,1,752,98.76422814330888,1.0,604.1872373937751,1.000000139794382
sheet2_to_sheet1,1,753,109.46137731012954,1.0,604.1872373937751,1.000000139794382
sheet2_to_sheet1,1,754,131.74893526768952,1.0,604.1872373937751,1.000000139794382
sheet2_to_sheet1,1,755,140.2311688010483,1.0,604.1872373937751,1.000000139794382
sheet2_to_sheet1,1,756,169.7231656522645,1.0,604.1872373937751,1.000000139794382
sheet2_to_sheet1,1,757,183.39478730263863,1.0,604.1872373937751,1.000000139794382
sheet2_to_sheet1,1,758,191.92297354181233,1.0,604.1872373937751,1.000000139794382
sheet2_to_sheet1,1,759,210.35381032689108,1.0,604.1872373937751,1.000000139794382
sheet2_to_sheet1,1,760,243.6537942810661,1.0,604.1872373937751,1.000000139794382
sheet2_to_sheet1,1,761,247.43854946549496,1.0,604.1872373937751,1.000000139794382
sheet2_to_sheet1,1,762,255.37351962600803,1.0,604.1872373937751,1.000000139794382
sheet2_to_sheet1,1,763,296.50966302173083,1.0,604.1872373937751,1.000000139794382
sheet2_to_sheet1,1,764,351.46059249985416,1.0,604.1872373937751,1.000000139794382
sheet2_to_sheet1,1,765,372.1560100470206,1.0,604.1872373937751,1.000000139794382
sheet2_to_sheet1,1,766,401.71033629860693,1.0,604.1872373937751,1.000000139794382
sheet2_to_sheet1,1,767,480.0458201620878,1.0,604.1872373937751,1.000000139794382
sheet2_to_sheet1,1,768,558.0771350910977,1.0,604.1872373937751,1.000000139794382
sheet2_to_sheet1,1,769,638.9898933959752,1.0,604.1872373937751,1.000000139794382
sheet2_to_sheet1,1,770,732.3838344728763,1.0,604.1872373937751,1.000000139794382
sheet2_to_sheet1,1,771,831.3614943629046,1.0,604.1872373937751,1.000000139794382
sheet2_to_sheet1,1,772,958.3233395131533,1.0,604.1872373937751,1.000000139794382
sheet2_to_sheet1,1,773,1240.4627957829687,1.0,604.1872373937751,1.000000139794382
sheet2_to_sheet1,1,774,1474.750535722732,1.0,604.1872373937751,1.000000139794382
sheet2_to_sheet1,1,775,2019.2850229724495,1.0,604.1872373937751,1.000000139794382
sheet2_to_sheet1,1,776,2248.6453326830115,1.0,604.1872373937751,1.000000139794382
sheet2_to_sheet1,1,777,2601.489496642314,1.0,604.1872373937751,1.000000139794382
sheet2_to_sheet1,1,778,3418.8627513531565,1.0,604.1872373937751,1.000000139794382
sheet2_to_sheet1,1,779,3569.311916453388,1.0,604.1872373937751,1.000000139794382
sheet2_to_sheet1,1,780,3831.4607638069465,1.0,604.1872373937751,1.000000139794382
sheet2_to_sheet1,1,781,4735.087571326914,1.0,604.1872373937751,1.000000139794382
sheet2_to_sheet1,1,782,5764.211134226621,1.0,604.1872373937751,1.000000139794382
sheet2_to_sheet1,1,783,7032.6163333795075,1.0,604.1872373937751,1.000000139794382
sheet2_to_sheet1,1,784,8976.345605453456,1.0,604.1872373937751,1.000000139794382
sheet2_to_sheet1,1,785,14806.569601221167,1.0,604.1872373937751,1.000000139794382
sheet2_to_sheet1,1,786,18129.38935347805,1.0,604.1872373937751,1.000000139794382
sheet2_to_sheet1,1,787,22579.04474151215,1.0,604.1872373937751,1.000000139794382
sheet2_to_sheet1,1,788,25326.687255972312,1.0,604.1872373937751,1.000000139794382
sheet2_to_sheet1,1,789,34059.674948937565,1.0,604.1872373937751,1.000000139794382
sheet2_to_sheet1,1,790,81324.45546585182,1.0,604.1872373937751,1.000000139794382
sheet2_to_sheet1,1,791,99288.64424358084,1.0,604.1872373937751,1.000000139794382
sheet2_to_sheet1,1,792,152005.25449617679,1.0,604.1872373937751,1.000000139794382
sheet2_to_sheet1,1,793,168085.73747565338,1.0,604.1872373937751,1.000000139794382
sheet2_to_sheet1,1,794,235420.0341637134,1.0,604.1872373937751,1.000000139794382
sheet2_to_sheet1,1,795,336163.6873707432,1.0,604.1872373937751,1.000000139794382
sheet2_to_sheet1,1,796,485593.5594490019,1.0,604.1872373937751,1.000000139794382
sheet2_to_sheet1,1,797,1044434.7157167323,1.0,604.1872373937751,1.000000139794382
sheet2_to_sheet1,1,798,1419022.0367427408,1.0,604.1872373937751,1.000000139794382
sheet2_to_sheet1,1,799,1968815.9820004576,1.0,604.1872373937751,1.000000139794382
sheet2_to_sheet1,2,0,0.0,1.0,621.1261141467775,1.000000123908299
sheet2_to_sheet1,2,1,0.0,1.0,621.1261141467775,1.000000123908299
sheet2_to_sheet1,2,2,0.0,1.0,621.1261141467775,1.000000123908299
sheet2_to_sheet1,2,3,0.0,1.0,621.1261141467775,1.000000123908299
sheet2_to_sheet1,2,4,0.0,1.0,621.1261141467775,1.000000123908299
sheet2_to_sheet1,2,5,0.0,1.0,621.1261141467775,1.000000123908299
sheet2_to_sheet1,2,6,0.0,1.0,621.1261141467775,1.000000123908299
sheet2_to_sheet1,2,7,0.0,1.0,621.1261141467775,1.000000123908299
sheet2_to_sheet1,2,8,0.0,1.0,621.1261141467775,1.000000123908299
sheet2_to_sheet1,2,9,0.0,1.0,621.1261141467775,1.000000123908299
sheet2_to_sheet1,2,10,0.0,1.0,621.1261141467775,1.000000123908299
sheet2_to_sheet1,2,11,0.0,1.0,621.1261141467775,1.000000123908299
sheet2_to_sheet1,2,12,0.0,1.0,621.1261141467775,1.000000123908299
sheet2_to_sheet1,2,13,0.0,1.0,621.1261141467775,1.000000123908299
sheet2_to_sheet1,2,14,0.0,1.0,621.1261141467775,1.000000123908299
sheet2_to_sheet1,2,15,0.0,1.0,621.1261141467775,1.000000123908299
sheet2_to_sheet1,2,16,0.0,1.0,621.1261141467775,1.000000123908299
sheet2_to_sheet1,2,17,0.0,1.0,621.1261141467775,1.000000123908299
sheet2_to_sheet1,2,18,0.0,1.0,621.1261141467775,1.000000123908299
sheet2_to_sheet1,2,19,0.0,1.0,621.1261141467775,1.000000123908299
sheet2_to_sheet1,2,20,0.0,1.0,621.1261141467775,1.000000123908299
sheet2_to_sheet1,2,21,0.0,1.0,621.1261141467775,1.000000123908299
sheet2_to_sheet1,2,22,0.0,1.0,621.1261141467775,1.000000123908299
sheet2_to_sheet1,2,23,0.0,1.0,621.1261141467775,1.000000123908299
sheet2_to_sheet1,2,24,0.0,1.0,621.1261141467775,1.000000123908299
sheet2_to_sheet1,2,25,0.0,1.0,621.1261141467775,1.000000123908299
sheet2_to_sheet1,2,26,0.0,1.0,621.1261141467775,1.000000123908299
sheet2_to_sheet1,2,27,0.0,1.0,621.1261141467775,1.000000123908299
sheet2_to_sheet1,2,28,0.0,1.0,621.1261141467775,1.000000123908299
sheet2_to_sheet1,2,29,0.0,1.0,621.1261141467775,1.000000123908299
sheet2_to_sheet1,2,30,0.0,1.0,621.1261141467775,1.000000123908299
sheet2_to_sheet1,2,31,0.0,1.0,621.1261141467775,1.000000123908299
sheet2_to_sheet1,2,32,0.0,1.0,621.1261141467775,1.000000123908299
sheet2_to_sheet1,2,33,0.0,1.0,621.1261141467775,1.000000123908299
sheet2_to_sheet1,2,34,0.0,1.0,621.1261141467775,1.000000123908299
sheet2_to_sheet1,2,35,0.0,1.0,621.1261141467775,1.000000123908299
sheet2_to_sheet1,2,36,0.0,1.0,621.1261141467775,1.000000123908299
sheet2_to_sheet1,2,37,0.0,1.0,621.1261141467775,1.000000123908299
sheet2_to_sheet1,2,38,0.0,1.0,621.1261141467775,1.000000123908299
sheet2_to_sheet1,2,39,0.0,1.0,621.1261141467775,1.000000123908299
sheet2_to_sheet1,2,40,0.0,1.0,621.1261141467775,1.000000123908299
sheet2_to_sheet1,2,41,0.0,1.0,621.1261141467775,1.000000123908299
sheet2_to_sheet1,2,42,0.0,1.0,621.1261141467775,1.000000123908299
sheet2_to_sheet1,2,43,0.0,1.0,621.1261141467775,1.000000123908299
sheet2_to_sheet1,2,44,0.0,1.0,621.1261141467775,1.000000123908299
sheet2_to_sheet1,2,45,0.0,1.0,621.1261141467775,1.000000123908299
sheet2_to_sheet1,2,46,0.0,1.0,621.1261141467775,1.000000123908299
sheet2_to_sheet1,2,47,0.0,1.0,621.1261141467775,1.000000123908299
sheet2_to_sheet1,2,48,0.0,1.0,621.1261141467775,1.000000123908299
sheet2_to_sheet1,2,49,0.0,1.0,621.1261141467775,1.000000123908299
sheet2_to_sheet1,2,50,0.0,1.0,621.1261141467775,1.000000123908299
sheet2_to_sheet1,2,51,0.0,1.0,621.1261141467775,1.000000123908299
sheet2_to_sheet1,2,52,0.0,1.0,621.1261141467775,1.000000123908299
sheet2_to_sheet1,2,53,0.0,1.0,621.1261141467775,1.000000123908299
sheet2_to_sheet1,2,54,0.0,1.0,621.1261141467775,1.000000123908299
sheet2_to_sheet1,2,55,0.0,1.0,621.1261141467775,1.000000123908299
sheet2_to_sheet1,2,56,0.0,1.0,621.1261141467775,1.000000123908299
sheet2_to_sheet1,2,57,0.0,1.0,621.1261141467775,1.000000123908299
sheet2_to_sheet1,2,58,0.0,1.0,621.1261141467775,1.000000123908299
sheet2_to_sheet1,2,59,0.0,1.0,621.1261141467775,1.000000123908299
sheet2_to_sheet1,2,60,0.0,1.0,621.1261141467775,1.000000123908299
sheet2_to_sheet1,2,61,0.0,1.0,621.1261141467775,1.000000123908299
sheet2_to_sheet1,2,62,0.0,1.0,621.1261141467775,1.000000123908299
sheet2_to_sheet1,2,63,0.0,1.0,621.1261141467775,1.000000123908299
sheet2_to_sheet1,2,64,0.0,1.0,621.1261141467775,1.000000123908299
sheet2_to_sheet1,2,65,0.0,1.0,621.1261141467775,1.000000123908299
sheet2_to_sheet1,2,66,0.0,1.0,621.1261141467775,1.000000123908299
sheet2_to_sheet1,2,67,0.0,1.0,621.1261141467775,1.000000123908299
sheet2_to_sheet1,2,68,0.0,1.0,621.1261141467775,1.000000123908299
sheet2_to_sheet1,2,69,0.0,1.0,621.1261141467775,1.000000123908299
sheet2_to_sheet1,2,70,0.0,1.0,621.1261141467775,1.000000123908299
sheet2_to_sheet1,2,71,0.0,1.0,621.1261141467775,1.000000123908299
sheet2_to_sheet1,2,72,0.0,1.0,621.1261141467775,1.000000123908299
sheet2_to_sheet1,2,73,0.0,1.0,621.1261141467775,1.000000123908299
sheet2_to_sheet1,2,74,0.0,1.0,621.1261141467775,1.000000123908299
sheet2_to_sheet1,2,75,0.0,1.0,621.1261141467775,1.000000123908299
sheet2_to_sheet1,2,76,0.0,1.0,621.1261141467775,1.000000123908299
sheet2_to_sheet1,2,77,0.0,1.0,621.1261141467775,1.000000123908299
sheet2_to_sheet1,2,78,0.0,1.0,621.1261141467775,1.000000123908299
sheet2_to_sheet1,2,79,0.0,1.0,621.1261141467775,1.000000123908299
sheet2_to_sheet1,2,80,0.0,1.0,621.1261141467775,1.000000123908299
sheet2_to_sheet1,2,81,0.0,1.0,621.1261141467775,1.000000123908299
sheet2_to_sheet1,2,82,0.0,1.0,621.1261141467775,1.000000123908299
sheet2_to_sheet1,2,83,0.0,1.0,621.1261141467775,1.000000123908299
sheet2_to_sheet1,2,84,0.0,1.0,621.1261141467775,1.000000123908299
sheet2_to_sheet1,2,85,0.0,1.0,621.1261141467775,1.000000123908299
sheet2_to_sheet1,2,86,0.0,1.0,621.1261141467775,1.000000123908299
sheet2_to_sheet1,2,87,0.0,1.0,621.1261141467775,1.000000123908299
sheet2_to_sheet1,2,88,0.0,1.0,621.1261141467775,1.000000123908299
sheet2_to_sheet1,2,89,0.0,1.0,621.1261141467775,1.000000123908299
sheet2_to_sheet1,2,90,0.0,1.0,621.1261141467775,1.000000123908299
sheet2_to_sheet1,2,91,0.0,1.0,621.1261141467775,1.000000123908299
sheet2_to_sheet1,2,92,0.0,1.0,621.1261141467775,1.000000123908299
sheet2_to_sheet1,2,93,0.0,1.0,621.1261141467775,1.000000123908299
sheet2_to_sheet1,2,94,0.0,1.0,621.1261141467775,1.000000123908299
sheet2_to_sheet1,2,95,0.0,1.0,621.1261141467775,1.000000123908299
sheet2_to_sheet1,2,96,0.0,1.0,621.1261141467775,1.000000123908299
sheet2_to_sheet1,2,97,0.0,1.0,621.1261141467775,1.000000123908299
sheet2_to_sheet1,2,98,0.0,1.0,621.1261141467775,1.000000123908299
sheet2_to_sheet1,2,99,0.0,1.0,621.1261141467775,1.000000123908299
sheet2_to_sheet1,2,100,0.0,1.0,621.1261141467775,1.000000123908299
sheet2_to_sheet1,2,101,0.0,1.0,621.1261141467775,1.000000123908299
sheet2_to_sheet1,2,102,0.0,1.0,621.1261141467775,1.000000123908299
sheet2_to_sheet1,2,103,0.0,1.0,621.1261141467775,1.000000123908299
sheet2_to_sheet1,2,104,0.0,1.0,621.1261141467775,1.000000123908299
sheet2_to_sheet1,2,105,0.0,1.0,621.1261141467775,1.000000123908299
sheet2_to_sheet1,2,106,0.0,1.0,621.1261141467775,1.000000123908299
sheet2_to_sheet1,2,107,0.0,1.0,621.1261141467775,1.000000123908299
sheet2_to_sheet1,2,108,0.0,1.0,621.1261141467775,1.000000123908299
sheet2_to_sheet1,2,109,0.0,1.0,621.1261141467775,1.000000123908299
sheet2_to_sheet1,2,110,0.0,1.0,621.1261141467775,1.000000123908299
sheet2_to_sheet1,2,111,0.0,1.0,621.1261141467775,1.000000123908299
sheet2_to_sheet1,2,112,0.0,1.0,621.1261141467775,1.000000123908299
sheet2_to_sheet1,2,113,0.0,1.0,621.1261141467775,1.000000123908299
sheet2_to_sheet1,2,114,0.0,1.0,621.1261141467775,1.000000123908299
sheet2_to_sheet1,2,115,0.0,1.0,621.1261141467775,1.000000123908299
sheet2_to_sheet1,2,116,0.0,1.0,621.1261141467775,1.000000123908299
sheet2_to_sheet1,2,117,0.0,1.0,621.1261141467775,1.000000123908299
sheet2_to_sheet1,2,118,0.0,1.0,621.1261141467775,1.000000123908299
sheet2_to_sheet1,2,119,0.0,1.0,621.1261141467775,1.000000123908299
sheet2_to_sheet1,2,120,0.0,1.0,621.1261141467775,1.000000123908299
sheet2_to_sheet1,2,121,0.0,1.0,621.1261141467775,1.000000123908299
sheet2_to_sheet1,2,122,0.0,1.0,621.1261141467775,1.000000123908299
sheet2_to_sheet1,2,123,0.0,1.0,621.1261141467775,1.000000123908299
sheet2_to_sheet1,2,124,0.0,1.0,621.1261141467775,1.000000123908299
sheet2_to_sheet1,2,125,0.0,1.0,621.1261141467775,1.000000123908299
sheet2_to_sheet1,2,126,0.0,1.0,621.1261141467775,1.000000123908299
sheet2_to_sheet1,2,127,0.0,1.0,621.1261141467775,1.000000123908299
sheet2_to_sheet1,2,128,0.0,1.0,621.1261141467775,1.000000123908299
sheet2_to_sheet1,2,129,0.0,1.0,621.1261141467775,1.000000123908299
sheet2_to_sheet1,2,130,0.0,1.0,621.1261141467775,1.000000123908299
sheet2_to_sheet1,2,131,0.0,1.0,621.1261141467775,1.000000123908299
sheet2_to_sheet1,2,132,0.0,1.0,621.1261141467775,1.000000123908299
sheet2_to_sheet1,2,133,0.0,1.0,621.1261141467775,1.000000123908299
sheet2_to_sheet1,2,134,0.0,1.0,621.1261141467775,1.000000123908299
sheet2_to_sheet1,2,135,0.0,1.0,621.1261141467775,1.000000123908299
sheet2_to_sheet1,2,136,0.0,1.0,621.1261141467775,1.000000123908299
sheet2_to_sheet1,2,137,0.0,1.0,621.1261141467775,1.000000123908299
sheet2_to_sheet1,2,138,0.0,1.0,621.1261141467775,1.000000123908299
sheet2_to_sheet1,2,139,0.0,1.0,621.1261141467775,1.000000123908299
sheet2_to_sheet1,2,140,0.0,1.0,621.1261141467775,1.000000123908299
sheet2_to_sheet1,2,141,0.0,1.0,621.1261141467775,1.000000123908299
sheet2_to_sheet1,2,142,0.0,1.0,621.1261141467775,1.000000123908299
sheet2_to_sheet1,2,143,0.0,1.0,621.1261141467775,1.000000123908299
sheet2_to_sheet1,2,144,0.0,1.0,621.1261141467775,1.000000123908299
sheet2_to_sheet1,2,145,0.0,1.0,621.1261141467775,1.000000123908299
sheet2_to_sheet1,2,146,0.0,1.0,621.1261141467775,1.000000123908299
sheet2_to_sheet1,2,147,2.3818871353924244e-07,1.0,621.1261141467775,1.000000123908299
sheet2_to_sheet1,2,148,2.473187080942559e-07,1.0,621.1261141467775,1.000000123908299
sheet2_to_sheet1,2,149,2.602864909705805e-07,1.0,621.1261141467775,1.000000123908299
sheet2_to_sheet1,2,150,2.7532098893639857e-07,1.0,621.1261141467775,1.000000123908299
sheet2_to_sheet1,2,151,2.8373833291371907e-07,1.0,621.1261141467775,1.000000123908299
sheet2_to_sheet1,2,152,2.8997948999800985e-07,1.0,621.1261141467775,1.000000123908299
sheet2_to_sheet1,2,153,3.3763106114478405e-07,1.0,621.1261141467775,1.000000123908299
sheet2_to_sheet1,2,154,3.5509556375092493e-07,1.0,621.1261141467775,1.000000123908299
sheet2_to_sheet1,2,155,3.6356750998618684e-07,1.0,621.1261141467775,1.000000123908299
sheet2_to_sheet1,2,156,4.5584701474446696e-07,1.0,621.1261141467775,1.000000123908299
sheet2_to_sheet1,2,157,4.7008373986080305e-07,1.0,621.1261141467775,1.000000123908299
sheet2_to_sheet1,2,158,4.768878894430902e-07,1.0,621.1261141467775,1.000000123908299
sheet2_to_sheet1,2,159,5.244008030983728e-07,1.0,621.1261141467775,1.000000123908299
sheet2_to_sheet1,2,160,5.391268825469105e-07,1.0,621.1261141467775,1.000000123908299
sheet2_to_sheet1,2,161,5.619325179397891e-07,1.0,621.1261141467775,1.000000123908299
sheet2_to_sheet1,2,162,5.724410097674237e-07,1.0,621.1261141467775,1.000000123908299
sheet2_to_sheet1,2,163,5.82383146512194e-07,1.0,621.1261141467775,1.000000123908299
sheet2_to_sheet1,2,164,6.072214985969921e-07,1.0,621.1261141467775,1.000000123908299
sheet2_to_sheet1,2,165,6.197666362838778e-07,1.0,621.1261141467775,1.000000123908299
sheet2_to_sheet1,2,166,6.45014533692018e-07,1.0,621.1261141467775,1.000000123908299
sheet2_to_sheet1,2,167,7.03938134828627e-07,1.0,621.1261141467775,1.000000123908299
sheet2_to_sheet1,2,168,8.157381453736329e-07,1.0,621.1261141467775,1.000000123908299
sheet2_to_sheet1,2,169,8.368584928168114e-07,1.0,621.1261141467775,1.000000123908299
sheet2_to_sheet1,2,170,8.591516232616794e-07,1.0,621.1261141467775,1.000000123908299
sheet2_to_sheet1,2,171,9.177969170955391e-07,1.0,621.1261141467775,1.000000123908299
sheet2_to_sheet1,2,172,9.645767952381791e-07,1.0,621.1261141467775,1.000000123908299
sheet2_to_sheet1,2,173,1.016192182835239e-06,1.0,621.1261141467775,1.000000123908299
sheet2_to_sheet1,2,174,1.123324491138267e-06,1.0,621.1261141467775,1.000000123908299
sheet2_to_sheet1,2,175,1.1567657744842907e-06,1.0,621.1261141467775,1.000000123908299
sheet2_to_sheet1,2,176,1.1708532787472501e-06,1.0,621.1261141467775,1.000000123908299
sheet2_to_sheet1,2,177,1.2375291287526044e-06,1.0,621.1261141467775,1.000000123908299
sheet2_to_sheet1,2,178,1.2701619943760633e-06,1.0,621.1261141467775,1.000000123908299
sheet2_to_sheet1,2,179,1.3623487795742717e-06,1.0,621.1261141467775,1.000000123908299
sheet2_to_sheet1,2,180,1.3768598016633232e-06,1.0,621.1261141467775,1.000000123908299
sheet2_to_sheet1,2,181,1.4396814004532772e-06,1.0,621.1261141467775,1.000000123908299
sheet2_to_sheet1,2,182,1.4785558290536992e-06,1.0,621.1261141467775,1.000000123908299
sheet2_to_sheet1,2,183,1.5176145535911016e-06,1.0,621.1261141467775,1.000000123908299
sheet2_to_sheet1,2,184,1.547319123522295e-06,1.0,621.1261141467775,1.000000123908299
sheet2_to_sheet1,2,185,1.6540947163680484e-06,1.0,621.1261141467775,1.000000123908299
sheet2_to_sheet1,2,186,1.6956103764955273e-06,1.0,621.1261141467775,1.000000123908299
sheet2_to_sheet1,2,187,1.8003549410667933e-06,1.0,621.1261141467775,1.000000123908299
sheet2_to_sheet1,2,188,2.058132398039233e-06,1.0,621.1261141467775,1.000000123908299
sheet2_to_sheet1,2,189,2.1474174013692508e-06,1.0,621.1261141467775,1.000000123908299
sheet2_to_sheet1,2,190,2.250397400755489e-06,1.0,621.1261141467775,1.000000123908299
sheet2_to_sheet1,2,191,2.36212126220899e-06,1.0,621.1261141467775,1.000000123908299
sheet2_to_sheet1,2,192,2.4196583842743676e-06,1.0,621.1261141467775,1.000000123908299
sheet2_to_sheet1,2,193,2.521390358944867e-06,1.0,621.1261141467775,1.000000123908299
sheet2_to_sheet1,2,194,2.703030576580322e-06,1.0,621.1261141467775,1.000000123908299
sheet2_to_sheet1,2,195,2.8135731476606062e-06,1.0,621.1261141467775,1.000000123908299
sheet2_to_sheet1,2,196,3.056189060334345e-06,1.0,621.1261141467775,1.000000123908299
sheet2_to_sheet1,2,197,3.4505028886797733e-06,1.0,621.1261141467775,1.000000123908299
sheet2_to_sheet1,2,198,3.5709702984859477e-06,1.0,621.1261141467775,1.000000123908299
sheet2_to_sheet1,2,199,3.690567075331436e-06,1.0,621.1261141467775,1.000000123908299
sheet2_to_sheet1,2,200,3.804788559227215e-06,1.0,621.1261141467775,1.000000123908299
sheet2_to_sheet1,2,201,4.078883863228804e-06,1.0,621.1261141467775,1.000000123908299
sheet2_to_sheet1,2,202,4.393883804569609e-06,1.0,621.1261141467775,1.000000123908299
sheet2_to_sheet1,2,203,4.578771616164677e-06,1.0,621.1261141467775,1.000000123908299
sheet2_to_sheet1,2,204,4.740793129038883e-06,1.0,621.1261141467775,1.000000123908299
sheet2_to_sheet1,2,205,4.979025188413924e-06,1.0,621.1261141467775,1.000000123908299
sheet2_to_sheet1,2,206,5.092256352916927e-06,1.0,621.1261141467775,1.000000123908299
sheet2_to_sheet1,2,207,5.1900728758822895e-06,1.0,621.1261141467775,1.000000123908299
sheet2_to_sheet1,2,208,5.241039807734276e-06,1.0,621.1261141467775,1.000000123908299
sheet2_to_sheet1,2,209,5.357538320018315e-06,1.0,621.1261141467775,1.000000123908299
sheet2_to_sheet1,2,210,5.755282299843108e-06,1.0,621.1261141467775,1.000000123908299
sheet2_to_sheet1,2,211,5.867196630158892e-06,1.0,621.1261141467775,1.000000123908299
sheet2_to_sheet1,2,212,6.120993144312772e-06,1.0,621.1261141467775,1.000000123908299
sheet2_to_sheet1,2,213,6.43679559044318e-06,1.0,621.1261141467775,1.000000123908299
sheet2_to_sheet1,2,214,6.5228594497846545e-06,1.0,621.1261141467775,1.000000123908299
sheet2_to_sheet1,2,215,6.6927393060032996e-06,1.0,621.1261141467775,1.000000123908299
sheet2_to_sheet1,2,216,7.4026901756713404e-06,1.0,621.1261141467775,1.000000123908299
sheet2_to_sheet1,2,217,7.663504345426375e-06,1.0,621.1261141467775,1.000000123908299
sheet2_to_sheet1,2,218,7.937402231632554e-06,1.0,621.1261141467775,1.000000123908299
sheet2_to_sheet1,2,219,8.635469894092283e-06,1.0,621.1261141467775,1.000000123908299
sheet2_to_sheet1,2,220,8.700409413928515e-06,1.0,621.1261141467775,1.000000123908299
sheet2_to_sheet1,2,221,8.819567793053202e-06,1.0,621.1261141467775,1.000000123908299
sheet2_to_sheet1,2,222,9.313100935260103e-06,1.0,621.1261141467775,1.000000123908299
sheet2_to_sheet1,2,223,9.472035921560819e-06,1.0,621.1261141467775,1.000000123908299
sheet2_to_sheet1,2,224,9.719221947780085e-06,1.0,621.1261141467775,1.000000123908299
sheet2_to_sheet1,2,225,9.948124910430774e-06,1.0,621.1261141467775,1.000000123908299
sheet2_to_sheet1,2,226,1.0206974454975075e-05,1.0,621.1261141467775,1.000000123908299
sheet2_to_sheet1,2,227,1.0339554135585034e-05,1.0,621.1261141467775,1.000000123908299
sheet2_to_sheet1,2,228,1.1050529001965302e-05,1.0,621.1261141467775,1.000000123908299
sheet2_to_sheet1,2,229,1.1128340743205142e-05,1.0,621.1261141467775,1.000000123908299
sheet2_to_sheet1,2,230,1.1698579700467322e-05,1.0,621.1261141467775,1.000000123908299
sheet2_to_sheet1,2,231,1.2247449926120681e-05,1.0,621.1261141467775,1.000000123908299
sheet2_to_sheet1,2,232,1.2759050930925909e-05,1.0,621.1261141467775,1.000000123908299
sheet2_to_sheet1,2,233,1.345235222917556e-05,1.0,621.1261141467775,1.000000123908299
sheet2_to_sheet1,2,234,1.3592345667562905e-05,1.0,621.1261141467775,1.000000123908299
sheet2_to_sheet1,2,235,1.4087898678277349e-05,1.0,621.1261141467775,1.000000123908299
sheet2_to_sheet1,2,236,1.4476566181084694e-05,1.0,621.1261141467775,1.000000123908299
sheet2_to_sheet1,2,237,1.4790314159590234e-05,1.0,621.1261141467775,1.000000123908299
sheet2_to_sheet1,2,238,1.5308405426708894e-05,1.0,621.1261141467775,1.000000123908299
sheet2_to_sheet1,2,239,1.5693560702675672e-05,1.0,621.1261141467775,1.000000123908299
sheet2_to_sheet1,2,240,1.6740893646235125e-05,1.0,621.1261141467775,1.000000123908299
sheet2_to_sheet1,2,241,1.7136070981385737e-05,1.0,621.1261141467775,1.000000123908299
sheet2_to_sheet1,2,242,1.74949203304734e-05,1.0,621.1261141467775,1.000000123908299
sheet2_to_sheet1,2,243,1.8690475311011072e-05,1.0,621.1261141467775,1.000000123908299
sheet2_to_sheet1,2,244,1.9224757739294942e-05,1.0,621.1261141467775,1.000000123908299
sheet2_to_sheet1,2,245,1.9537435091701392e-05,1.0,621.1261141467775,1.000000123908299
sheet2_to_sheet1,2,246,2.0296707520779638e-05,1.0,621.1261141467775,1.000000123908299
sheet2_to_sheet1,2,247,2.116106634524812e-05,1.0,621.1261141467775,1.000000123908299
sheet2_to_sheet1,2,248,2.2153662015205817e-05,1.0,621.1261141467775,1.000000123908299
sheet2_to_sheet1,2,249,2.216984722243367e-05,1.0,621.1261141467775,1.000000123908299
sheet2_to_sheet1,2,250,2.2698449829702687e-05,1.0,621.1261141467775,1.000000123908299
sheet2_to_sheet1,2,251,2.3487054445156978e-05,1.0,621.1261141467775,1.000000123908299
sheet2_to_sheet1,2,252,2.4457322338127306e-05,1.0,621.1261141467775,1.000000123908299
sheet2_to_sheet1,2,253,2.5316816003524485e-05,1.0,621.1261141467775,1.000000123908299
sheet2_to_sheet1,2,254,2.602497881132754e-05,1.0,621.1261141467775,1.000000123908299
sheet2_to_sheet1,2,255,2.6302594951797683e-05,1.0,621.1261141467775,1.000000123908299
sheet2_to_sheet1,2,256,2.6698195597602806e-05,1.0,621.1261141467775,1.000000123908299
sheet2_to_sheet1,2,257,2.8730437295295008e-05,1.0,621.1261141467775,1.000000123908299
sheet2_to_sheet1,2,258,2.8910317683592668e-05,1.0,621.1261141467775,1.000000123908299
sheet2_to_sheet1,2,259,2.989644862708646e-05,1.0,621.1261141467775,1.000000123908299
sheet2_to_sheet1,2,260,3.1463820142872215e-05,1.0,621.1261141467775,1.000000123908299
sheet2_to_sheet1,2,261,3.28658157152314e-05,1.0,621.1261141467775,1.000000123908299
sheet2_to_sheet1,2,262,3.308513586953916e-05,1.0,621.1261141467775,1.000000123908299
sheet2_to_sheet1,2,263,3.378324523428723e-05,1.0,621.1261141467775,1.000000123908299
sheet2_to_sheet1,2,264,3.4491046624978135e-05,1.0,621.1261141467775,1.000000123908299
sheet2_to_sheet1,2,265,3.638781852817572e-05,1.0,621.1261141467775,1.000000123908299
sheet2_to_sheet1,2,266,3.724730082580917e-05,1.0,621.1261141467775,1.000000123908299
sheet2_to_sheet1,2,267,3.805651553211139e-05,1.0,621.1261141467775,1.000000123908299
sheet2_to_sheet1,2,268,4.019736862936442e-05,1.0,621.1261141467775,1.000000123908299
sheet2_to_sheet1,2,269,4.252372809254143e-05,1.0,621.1261141467775,1.000000123908299
sheet2_to_sheet1,2,270,4.359576189348063e-05,1.0,621.1261141467775,1.000000123908299
sheet2_to_sheet1,2,271,4.7725590690067004e-05,1.0,621.1261141467775,1.000000123908299
sheet2_to_sheet1,2,272,4.8337284935381084e-05,1.0,621.1261141467775,1.000000123908299
sheet2_to_sheet1,2,273,5.0316786338656546e-05,1.0,621.1261141467775,1.000000123908299
sheet2_to_sheet1,2,274,5.085222438962386e-05,1.0,621.1261141467775,1.000000123908299
sheet2_to_sheet1,2,275,5.1491979037693024e-05,1.0,621.1261141467775,1.000000123908299
sheet2_to_sheet1,2,276,5.3681628102993515e-05,1.0,621.1261141467775,1.000000123908299
sheet2_to_sheet1,2,277,5.472477073590473e-05,1.0,621.1261141467775,1.000000123908299
sheet2_to_sheet1,2,278,5.715121657214646e-05,1.0,621.1261141467775,1.000000123908299
sheet2_to_sheet1,2,279,5.8574911609757244e-05,1.0,621.1261141467775,1.000000123908299
sheet2_to_sheet1,2,280,5.9672948825065284e-05,1.0,621.1261141467775,1.000000123908299
sheet2_to_sheet1,2,281,6.116319645740423e-05,1.0,621.1261141467775,1.000000123908299
sheet2_to_sheet1,2,282,6.454413276245828e-05,1.0,621.1261141467775,1.000000123908299
sheet2_to_sheet1,2,283,6.572379397932809e-05,1.0,621.1261141467775,1.000000123908299
sheet2_to_sheet1,2,284,6.792112013711966e-05,1.0,621.1261141467775,1.000000123908299
sheet2_to_sheet1,2,285,6.813937667355675e-05,1.0,621.1261141467775,1.000000123908299
sheet2_to_sheet1,2,286,7.028425279540925e-05,1.0,621.1261141467775,1.000000123908299
sheet2_to_sheet1,2,287,7.080133011264789e-05,1.0,621.1261141467775,1.000000123908299
sheet2_to_sheet1,2,288,7.344415325417202e-05,1.0,621.1261141467775,1.000000123908299
sheet2_to_sheet1,2,289,7.405920960462709e-05,1.0,621.1261141467775,1.000000123908299
sheet2_to_sheet1,2,290,7.510136509018717e-05,1.0,621.1261141467775,1.000000123908299
sheet2_to_sheet1,2,291,7.919689913416088e-05,1.0,621.1261141467775,1.000000123908299
sheet2_to_sheet1,2,292,8.067804136869656e-05,1.0,621.1261141467775,1.000000123908299
sheet2_to_sheet1,2,293,8.273138336158806e-05,1.0,621.1261141467775,1.000000123908299
sheet2_to_sheet1,2,294,8.392903821983732e-05,1.0,621.1261141467775,1.000000123908299
sheet2_to_sheet1,2,295,8.538770865967674e-05,1.0,621.1261141467775,1.000000123908299
sheet2_to_sheet1,2,296,8.835614729861396e-05,1.0,621.1261141467775,1.000000123908299
sheet2_to_sheet1,2,297,8.93891288615221e-05,1.0,621.1261141467775,1.000000123908299
sheet2_to_sheet1,2,298,9.365639088123688e-05,1.0,621.1261141467775,1.000000123908299
sheet2_to_sheet1,2,299,9.955908436010001e-05,1.0,621.1261141467775,1.000000123908299
sheet2_to_sheet1,2,300,0.00010282327324596804,1.0,621.1261141467775,1.000000123908299
sheet2_to_sheet1,2,301,0.00010456124397239004,1.0,621.1261141467775,1.000000123908299
sheet2_to_sheet1,2,302,0.000109192592936111,1.0,621.1261141467775,1.000000123908299
sheet2_to_sheet1,2,303,0.00011481273799743859,1.0,621.1261141467775,1.000000123908299
sheet2_to_sheet1,2,304,0.00011673775838212615,1.0,621.1261141467775,1.000000123908299
sheet2_to_sheet1,2,305,0.00011966781115008339,1.0,621.1261141467775,1.000000123908299
sheet2_to_sheet1,2,306,0.00012228671556143925,1.0,621.1261141467775,1.000000123908299
sheet2_to_sheet1,2,307,0.00012790682028642042,1.0,621.1261141467775,1.000000123908299
sheet2_to_sheet1,2,308,0.00013236562726661,1.0,621.1261141467775,1.000000123908299
sheet2_to_sheet1,2,309,0.00013758259775392364,1.0,621.1261141467775,1.000000123908299
sheet2_to_sheet1,2,310,0.00014074747595398032,1.0,621.1261141467775,1.000000123908299
sheet2_to_sheet1,2,311,0.00014134803255112235,1.0,621.1261141467775,1.000000123908299
sheet2_to_sheet1,2,312,0.00014635489029638811,1.0,621.1261141467775,1.000000123908299
sheet2_to_sheet1,2,313,0.000151226983710023,1.0,621.1261141467775,1.000000123908299
sheet2_to_sheet1,2,314,0.00015323348456009413,1.0,621.1261141467775,1.000000123908299
sheet2_to_sheet1,2,315,0.0001597491077886662,1.0,621.1261141467775,1.000000123908299
sheet2_to_sheet1,2,316,0.0001693119890688533,1.0,621.1261141467775,1.000000123908299
sheet2_to_sheet1,2,317,0.0001778358525456931,1.0,621.1261141467775,1.000000123908299
sheet2_to_sheet1,2,318,0.00018005942707330195,1.0,621.1261141467775,1.000000123908299
sheet2_to_sheet1,2,319,0.00018630334682523435,1.0,621.1261141467775,1.000000123908299
sheet2_to_sheet1,2,320,0.00019331249010004603,1.0,621.1261141467775,1.000000123908299
sheet2_to_sheet1,2,321,0.00019538020644262226,1.0,621.1261141467775,1.000000123908299
sheet2_to_sheet1,2,322,0.00019771966206050425,1.0,621.1261141467775,1.000000123908299
sheet2_to_sheet1,2,323,0.00020790965704673185,1.0,621.1261141467775,1.000000123908299
sheet2_to_sheet1,2,324,0.00021804880274793153,1.0,621.1261141467775,1.000000123908299
sheet2_to_sheet1,2,325,0.0002236990621007408,1.0,621.1261141467775,1.000000123908299
sheet2_to_sheet1,2,326,0.00023208202782366621,1.0,621.1261141467775,1.000000123908299
sheet2_to_sheet1,2,327,0.00023525012915436312,1.0,621.1261141467775,1.000000123908299
sheet2_to_sheet1,2,328,0.00023984370187343416,1.0,621.1261141467775,1.000000123908299
sheet2_to_sheet1,2,329,0.00024465055733120567,1.0,621.1261141467775,1.000000123908299
sheet2_to_sheet1,2,330,0.00025027257551833823,1.0,621.1261141467775,1.000000123908299
sheet2_to_sheet1,2,331,0.00026065520809653197,1.0,621.1261141467775,1.000000123908299
sheet2_to_sheet1,2,332,0.00026601822492078596,1.0,621.1261141467775,1.000000123908299
sheet2_to_sheet1,2,333,0.00027127908196367394,1.0,621.1261141467775,1.000000123908299
sheet2_to_sheet1,2,334,0.0002817328021199865,1.0,621.1261141467775,1.000000123908299
sheet2_to_sheet1,2,335,0.00028799301879946584,1.0,621.1261141467775,1.000000123908299
sheet2_to_sheet1,2,336,0.00029519545451806766,1.0,621.1261141467775,1.000000123908299
sheet2_to_sheet1,2,337,0.00030465317416173635,1.0,621.1261141467775,1.000000123908299
sheet2_to_sheet1,2,338,0.00030616784457778784,1.0,621.1261141467775,1.000000123908299
sheet2_to_sheet1,2,339,0.0003118572023075697,1.0,621.1261141467775,1.000000123908299
sheet2_to_sheet1,2,340,0.00033011117404411165,1.0,621.1261141467775,1.000000123908299
sheet2_to_sheet1,2,341,0.0003340714511587441,1.0,621.1261141467775,1.000000123908299
sheet2_to_sheet1,2,342,0.0003377914501067969,1.0,621.1261141467775,1.000000123908299
sheet2_to_sheet1,2,343,0.00035820038864584774,1.0,621.1261141467775,1.000000123908299
sheet2_to_sheet1,2,344,0.00036193444811184945,1.0,621.1261141467775,1.000000123908299
sheet2_to_sheet1,2,345,0.0003684195500051621,1.0,621.1261141467775,1.000000123908299
sheet2_to_sheet1,2,346,0.00037270923636349636,1.0,621.1261141467775,1.000000123908299
sheet2_to_sheet1,2,347,0.00038689754202737836,1.0,621.1261141467775,1.000000123908299
sheet2_to_sheet1,2,348,0.00039153891745301214,1.0,621.1261141467775,1.000000123908299
sheet2_to_sheet1,2,349,0.0003993485772608262,1.0,621.1261141467775,1.000000123908299
sheet2_to_sheet1,2,350,0.0004058884165846491,1.0,621.1261141467775,1.000000123908299
sheet2_to_sheet1,2,351,0.0004162957436918082,1.0,621.1261141467775,1.000000123908299
sheet2_to_sheet1,2,352,0.0004312465129959159,1.0,621.1261141467775,1.000000123908299
sheet2_to_sheet1,2,353,0.00044823944237085394,1.0,621.1261141467775,1.000000123908299
sheet2_to_sheet1,2,354,0.0004548657487530491,1.0,621.1261141467775,1.000000123908299
sheet2_to_sheet1,2,355,0.0004682193053703763,1.0,621.1261141467775,1.000000123908299
sheet2_to_sheet1,2,356,0.00048024862991858974,1.0,621.1261141467775,1.000000123908299
sheet2_to_sheet1,2,357,0.0005040545486560176,1.0,621.1261141467775,1.000000123908299
sheet2_to_sheet1,2,358,0.0005101517130253477,1.0,621.1261141467775,1.000000123908299
sheet2_to_sheet1,2,359,0.000513934633746882,1.0,621.1261141467775,1.000000123908299
sheet2_to_sheet1,2,360,0.0005394684324877515,1.0,621.1261141467775,1.000000123908299
sheet2_to_sheet1,2,361,0.0005427788920935691,1.0,621.1261141467775,1.000000123908299
sheet2_to_sheet1,2,362,0.0005610227703540708,1.0,621.1261141467775,1.000000123908299
sheet2_to_sheet1,2,363,0.0005706395909005973,1.0,621.1261141467775,1.000000123908299
sheet2_to_sheet1,2,364,0.0005834148510944628,1.0,621.1261141467775,1.000000123908299
sheet2_to_sheet1,2,365,0.00058490060673908,1.0,621.1261141467775,1.000000123908299
sheet2_to_sheet1,2,366,0.0006153676667456484,1.0,621.1261141467775,1.000000123908299
sheet2_to_sheet1,2,367,0.0006277047420774914,1.0,621.1261141467775,1.000000123908299
sheet2_to_sheet1,2,368,0.0006343204774315767,1.0,621.1261141467775,1.000000123908299
sheet2_to_sheet1,2,369,0.0006430272555065122,1.0,621.1261141467775,1.000000123908299
sheet2_to_sheet1,2,370,0.0006584312986154231,1.0,621.1261141467775,1.000000123908299
sheet2_to_sheet1,2,371,0.0006843131487977268,1.0,621.1261141467775,1.000000123908299
sheet2_to_sheet1,2,372,0.0007089857925744954,1.0,621.1261141467775,1.000000123908299
sheet2_to_sheet1,2,373,0.0007487649485570538,1.0,621.1261141467775,1.000000123908299
sheet2_to_sheet1,2,374,0.0007553095080630429,1.0,621.1261141467775,1.000000123908299
sheet2_to_sheet1,2,375,0.0007777180213532335,1.0,621.1261141467775,1.000000123908299
sheet2_to_sheet1,2,376,0.0007857376202500594,1.0,621.1261141467775,1.000000123908299
sheet2_to_sheet1,2,377,0.0007980006381247361,1.0,621.1261141467775,1.000000123908299
sheet2_to_sheet1,2,378,0.0008169857973506103,1.0,621.1261141467775,1.000000123908299
sheet2_to_sheet1,2,379,0.0008515763510284858,1.0,621.1261141467775,1.000000123908299
sheet2_to_sheet1,2,380,0.0008665844341285076,1.0,621.1261141467775,1.000000123908299
sheet2_to_sheet1,2,381,0.0008798081163198356,1.0,621.1261141467775,1.000000123908299
sheet2_to_sheet1,2,382,0.0008954667198377784,1.0,621.1261141467775,1.000000123908299
sheet2_to_sheet1,2,383,0.0009169934089742752,1.0,621.1261141467775,1.000000123908299
sheet2_to_sheet1,2,384,0.0009504810290910066,1.0,621.1261141467775,1.000000123908299
sheet2_to_sheet1,2,385,0.0009713538131957576,1.0,621.1261141467775,1.000000123908299
sheet2_to_sheet1,2,386,0.00097672235693299,1.0,621.1261141467775,1.000000123908299
sheet2_to_sheet1,2,387,0.001037443478486006,1.0,621.1261141467775,1.000000123908299
sheet2_to_sheet1,2,388,0.0010662797502731377,1.0,621.1261141467775,1.000000123908299
sheet2_to_sheet1,2,389,0.0011098501055236893,1.0,621.1261141467775,1.000000123908299
sheet2_to_sheet1,2,390,0.0011223583740625712,1.0,621.1261141467775,1.000000123908299
sheet2_to_sheet1,2,391,0.0011301392671323738,1.0,621.1261141467775,1.000000123908299
sheet2_to_sheet1,2,392,0.0011546493415703811,1.0,621.1261141467775,1.000000123908299
sheet2_to_sheet1,2,393,0.0011814561757685436,1.0,621.1261141467775,1.000000123908299
sheet2_to_sheet1,2,394,0.0012233486934739959,1.0,621.1261141467775,1.000000123908299
sheet2_to_sheet1,2,395,0.0012596199680053066,1.0,621.1261141467775,1.000000123908299
sheet2_to_sheet1,2,396,0.0012668158481384513,1.0,621.1261141467775,1.000000123908299
sheet2_to_sheet1,2,397,0.0012993617123991138,1.0,621.1261141467775,1.000000123908299
sheet2_to_sheet1,2,398,0.001330056200303227,1.0,621.1261141467775,1.000000123908299
sheet2_to_sheet1,2,399,0.0013454032710596316,1.0,621.1261141467775,1.000000123908299
sheet2_to_sheet1,2,400,0.0013775966761033404,1.0,621.1261141467775,1.000000123908299
sheet2_to_sheet1,2,401,0.0013815146286175176,1.0,621.1261141467775,1.000000123908299
sheet2_to_sheet1,2,402,0.001433106552803345,1.0,621.1261141467775,1.000000123908299
sheet2_to_sheet1,2,403,0.0014786018728695125,1.0,621.1261141467775,1.000000123908299
sheet2_to_sheet1,2,404,0.001496918260848076,1.0,621.1261141467775,1.000000123908299
sheet2_to_sheet1,2,405,0.0015294004904423647,1.0,621.1261141467775,1.000000123908299
sheet2_to_sheet1,2,406,0.0015964032229121132,1.0,621.1261141467775,1.000000123908299
sheet2_to_sheet1,2,407,0.0016042573182947547,1.0,621.1261141467775,1.000000123908299
sheet2_to_sheet1,2,408,0.0016710670377205813,1.0,621.1261141467775,1.000000123908299
sheet2_to_sheet1,2,409,0.0017046893980374278,1.0,621.1261141467775,1.000000123908299
sheet2_to_sheet1,2,410,0.0017253318495689476,1.0,621.1261141467775,1.000000123908299
sheet2_to_sheet1,2,411,0.0017586746007562236,1.0,621.1261141467775,1.000000123908299
sheet2_to_sheet1,2,412,0.0018203742731290754,1.0,621.1261141467775,1.000000123908299
sheet2_to_sheet1,2,413,0.0018355230368827487,1.0,621.1261141467775,1.000000123908299
sheet2_to_sheet1,2,414,0.0018743350345381735,1.0,621.1261141467775,1.000000123908299
sheet2_to_sheet1,2,415,0.001905532752725399,1.0,621.1261141467775,1.000000123908299
sheet2_to_sheet1,2,416,0.0019112607269908986,1.0,621.1261141467775,1.000000123908299
sheet2_to_sheet1,2,417,0.0019805238786672332,1.0,621.1261141467775,1.000000123908299
sheet2_to_sheet1,2,418,0.002039790580273588,1.0,621.1261141467775,1.000000123908299
sheet2_to_sheet1,2,419,0.0020613306552546085,1.0,621.1261141467775,1.000000123908299
sheet2_to_sheet1,2,420,0.0021237902877458133,1.0,621.1261141467775,1.000000123908299
sheet2_to_sheet1,2,421,0.002139724526309804,1.0,621.1261141467775,1.000000123908299
sheet2_to_sheet1,2,422,0.0022094040607589854,1.0,621.1261141467775,1.000000123908299
sheet2_to_sheet1,2,423,0.00225408347818208,1.0,621.1261141467775,1.000000123908299
sheet2_to_sheet1,2,424,0.00226438185072278,1.0,621.1261141467775,1.000000123908299
sheet2_to_sheet1,2,425,0.0023004129303868435,1.0,621.1261141467775,1.000000123908299
sheet2_to_sheet1,2,426,0.0023504841138765574,1.0,621.1261141467775,1.000000123908299
sheet2_to_sheet1,2,427,0.002401884310413829,1.0,621.1261141467775,1.000000123908299
sheet2_to_sheet1,2,428,0.0024344937655728337,1.0,621.1261141467775,1.000000123908299
sheet2_to_sheet1,2,429,0.0024685285047861077,1.0,621.1261141467775,1.000000123908299
sheet2_to_sheet1,2,430,0.0024962638356956046,1.0,621.1261141467775,1.000000123908299
sheet2_to_sheet1,2,431,0.00255587097600651,1.0,621.1261141467775,1.000000123908299
sheet2_to_sheet1,2,432,0.002572627023674886,1.0,621.1261141467775,1.000000123908299
sheet2_to_sheet1,2,433,0.0026735473162651556,1.0,621.1261141467775,1.000000123908299
sheet2_to_sheet1,2,434,0.0027335184640261806,1.0,621.1261141467775,1.000000123908299
sheet2_to_sheet1,2,435,0.0027814815045533983,1.0,621.1261141467775,1.000000123908299
sheet2_to_sheet1,2,436,0.00281302230848951,1.0,621.1261141467775,1.000000123908299
sheet2_to_sheet1,2,437,0.002827377239284296,1.0,621.1261141467775,1.000000123908299
sheet2_to_sheet1,2,438,0.0029071968217660683,1.0,621.1261141467775,1.000000123908299
sheet2_to_sheet1,2,439,0.0029762074549480625,1.0,621.1261141467775,1.000000123908299
sheet2_to_sheet1,2,440,0.003019195515472204,1.0,621.1261141467775,1.000000123908299
sheet2_to_sheet1,2,441,0.0030711963266289496,1.0,621.1261141467775,1.000000123908299
sheet2_to_sheet1,2,442,0.0031239105882349813,1.0,621.1261141467775,1.000000123908299
sheet2_to_sheet1,2,443,0.0032138621211349042,1.0,621.1261141467775,1.000000123908299
sheet2_to_sheet1,2,444,0.003266848785382693,1.0,621.1261141467775,1.000000123908299
sheet2_to_sheet1,2,445,0.0033036018314934737,1.0,621.1261141467775,1.000000123908299
sheet2_to_sheet1,2,446,0.0033579242020065365,1.0,621.1261141467775,1.000000123908299
sheet2_to_sheet1,2,447,0.0033855344018521574,1.0,621.1261141467775,1.000000123908299
sheet2_to_sheet1,2,448,0.0034815436035580557,1.0,621.1261141467775,1.000000123908299
sheet2_to_sheet1,2,449,0.0035531501501393763,1.0,621.1261141467775,1.000000123908299
sheet2_to_sheet1,2,450,0.0035850703593642637,1.0,621.1261141467775,1.000000123908299
sheet2_to_sheet1,2,451,0.0037075034408623453,1.0,621.1261141467775,1.000000123908299
sheet2_to_sheet1,2,452,0.003754815979935781,1.0,621.1261141467775,1.000000123908299
sheet2_to_sheet1,2,453,0.003891497149543328,1.0,621.1261141467775,1.000000123908299
sheet2_to_sheet1,2,454,0.004013903711465774,1.0,621.1261141467775,1.000000123908299
sheet2_to_sheet1,2,455,0.0040562152169022455,1.0,621.1261141467775,1.000000123908299
sheet2_to_sheet1,2,456,0.004100369413889932,1.0,621.1261141467775,1.000000123908299
sheet2_to_sheet1,2,457,0.004214527377167165,1.0,621.1261141467775,1.000000123908299
sheet2_to_sheet1,2,458,0.004239556561804146,1.0,621.1261141467775,1.000000123908299
sheet2_to_sheet1,2,459,0.004411768162928641,1.0,621.1261141467775,1.000000123908299
sheet2_to_sheet1,2,460,0.004525663061862989,1.0,621.1261141467775,1.000000123908299
sheet2_to_sheet1,2,461,0.0046091816244254805,1.0,621.1261141467775,1.000000123908299
sheet2_to_sheet1,2,462,0.004698883553540383,1.0,621.1261141467775,1.000000123908299
sheet2_to_sheet1,2,463,0.004750718595590238,1.0,621.1261141467775,1.000000123908299
sheet2_to_sheet1,2,464,0.004847601356451169,1.0,621.1261141467775,1.000000123908299
sheet2_to_sheet1,2,465,0.0049474980929999374,1.0,621.1261141467775,1.000000123908299
sheet2_to_sheet1,2,466,0.005048173852402176,1.0,621.1261141467775,1.000000123908299
sheet2_to_sheet1,2,467,0.005152691839594565,1.0,621.1261141467775,1.000000123908299
sheet2_to_sheet1,2,468,0.005265950176794707,1.0,621.1261141467775,1.000000123908299
sheet2_to_sheet1,2,469,0.005386278352672209,1.0,621.1261141467775,1.000000123908299
sheet2_to_sheet1,2,470,0.0054422802117615795,1.0,621.1261141467775,1.000000123908299
sheet2_to_sheet1,2,471,0.005503446553708459,1.0,621.1261141467775,1.000000123908299
sheet2_to_sheet1,2,472,0.005770198147263134,1.0,621.1261141467775,1.000000123908299
sheet2_to_sheet1,2,473,0.0059018102045356015,1.0,621.1261141467775,1.000000123908299
sheet2_to_sheet1,2,474,0.0059376175024621934,1.0,621.1261141467775,1.000000123908299
sheet2_to_sheet1,2,475,0.00601095199522755,1.0,621.1261141467775,1.000000123908299
sheet2_to_sheet1,2,476,0.006184602726001375,1.0,621.1261141467775,1.000000123908299
sheet2_to_sheet1,2,477,0.006252396978318671,1.0,621.1261141467775,1.000000123908299
sheet2_to_sheet1,2,478,0.0063247886215388105,1.0,621.1261141467775,1.000000123908299
sheet2_to_sheet1,2,479,0.006406382480716742,1.0,621.1261141467775,1.000000123908299
sheet2_to_sheet1,2,480,0.006470797377911002,1.0,621.1261141467775,1.000000123908299
sheet2_to_sheet1,2,481,0.006532441035900947,1.0,621.1261141467775,1.000000123908299
sheet2_to_sheet1,2,482,0.006673283080507214,1.0,621.1261141467775,1.000000123908299
sheet2_to_sheet1,2,483,0.006715969302715655,1.0,621.1261141467775,1.000000123908299
sheet2_to_sheet1,2,484,0.0067594426696912825,1.0,621.1261141467775,1.000000123908299
sheet2_to_sheet1,2,485,0.007098878910193371,1.0,621.1261141467775,1.000000123908299
sheet2_to_sheet1,2,486,0.007259396596079886,1.0,621.1261141467775,1.000000123908299
sheet2_to_sheet1,2,487,0.007290529969825387,1.0,621.1261141467775,1.000000123908299
sheet2_to_sheet1,2,488,0.007400471322731314,1.0,621.1261141467775,1.000000123908299
sheet2_to_sheet1,2,489,0.007652704407642481,1.0,621.1261141467775,1.000000123908299
sheet2_to_sheet1,2,490,0.007756013684902782,1.0,621.1261141467775,1.000000123908299
sheet2_to_sheet1,2,491,0.007868809034148874,1.0,621.1261141467775,1.000000123908299
sheet2_to_sheet1,2,492,0.00797967608027738,1.0,621.1261141467775,1.000000123908299
sheet2_to_sheet1,2,493,0.008261636495870072,1.0,621.1261141467775,1.000000123908299
sheet2_to_sheet1,2,494,0.0083063179066177,1.0,621.1261141467775,1.000000123908299
sheet2_to_sheet1,2,495,0.008469704869973997,1.0,621.1261141467775,1.000000123908299
sheet2_to_sheet1,2,496,0.00863401929941079,1.0,621.1261141467775,1.000000123908299
sheet2_to_sheet1,2,497,0.008848154031328237,1.0,621.1261141467775,1.000000123908299
sheet2_to_sheet1,2,498,0.00914534512033711,1.0,621.1261141467775,1.000000123908299
sheet2_to_sheet1,2,499,0.009191384742603266,1.0,621.1261141467775,1.000000123908299
sheet2_to_sheet1,2,500,0.009420833424788968,1.0,621.1261141467775,1.000000123908299
sheet2_to_sheet1,2,501,0.009618778447601608,1.0,621.1261141467775,1.000000123908299
sheet2_to_sheet1,2,502,0.009836965987911606,1.0,621.1261141467775,1.000000123908299
sheet2_to_sheet1,2,503,0.009850762163969486,1.0,621.1261141467775,1.000000123908299
sheet2_to_sheet1,2,504,0.010055498030783091,1.0,621.1261141467775,1.000000123908299
sheet2_to_sheet1,2,505,0.010269500522377156,1.0,621.1261141467775,1.000000123908299
sheet2_to_sheet1,2,506,0.010518680125567635,1.0,621.1261141467775,1.000000123908299
sheet2_to_sheet1,2,507,0.010751915792197165,1.0,621.1261141467775,1.000000123908299
sheet2_to_sheet1,2,508,0.01090886338507102,1.0,621.1261141467775,1.000000123908299
sheet2_to_sheet1,2,509,0.011235940148868908,1.0,621.1261141467775,1.000000123908299
sheet2_to_sheet1,2,510,0.011451927156442667,1.0,621.1261141467775,1.000000123908299
sheet2_to_sheet1,2,511,0.011718649815404427,1.0,621.1261141467775,1.000000123908299
sheet2_to_sheet1,2,512,0.012097023747655894,1.0,621.1261141467775,1.000000123908299
sheet2_to_sheet1,2,513,0.012369704343329572,1.0,621.1261141467775,1.000000123908299
sheet2_to_sheet1,2,514,0.01252807401100571,1.0,621.1261141467775,1.000000123908299
sheet2_to_sheet1,2,515,0.012794997963712612,1.0,621.1261141467775,1.000000123908299
sheet2_to_sheet1,2,516,0.012892805739159307,1.0,621.1261141467775,1.000000123908299
sheet2_to_sheet1,2,517,0.01347500326370982,1.0,621.1261141467775,1.000000123908299
sheet2_to_sheet1,2,518,0.013633018742954606,1.0,621.1261141467775,1.000000123908299
sheet2_to_sheet1,2,519,0.014107424862439901,1.0,621.1261141467775,1.000000123908299
sheet2_to_sheet1,2,520,0.014238495513982426,1.0,621.1261141467775,1.000000123908299
sheet2_to_sheet1,2,521,0.014645946061562077,1.0,621.1261141467775,1.000000123908299
sheet2_to_sheet1,2,522,0.014824085758526128,1.0,621.1261141467775,1.000000123908299
sheet2_to_sheet1,2,523,0.01527930237170575,1.0,621.1261141467775,1.000000123908299
sheet2_to_sheet1,2,524,0.015496600695090302,1.0,621.1261141467775,1.000000123908299
sheet2_to_sheet1,2,525,0.015829451072831367,1.0,621.1261141467775,1.000000123908299
sheet2_to_sheet1,2,526,0.016431187310752004,1.0,621.1261141467775,1.000000123908299
sheet2_to_sheet1,2,527,0.016653068055098533,1.0,621.1261141467775,1.000000123908299
sheet2_to_sheet1,2,528,0.01715344498436423,1.0,621.1261141467775,1.000000123908299
sheet2_to_sheet1,2,529,0.017632698574691706,1.0,621.1261141467775,1.000000123908299
sheet2_to_sheet1,2,530,0.01788407493403294,1.0,621.1261141467775,1.000000123908299
sheet2_to_sheet1,2,531,0.018001059371328162,1.0,621.1261141467775,1.000000123908299
sheet2_to_sheet1,2,532,0.018848509606233837,1.0,621.1261141467775,1.000000123908299
sheet2_to_sheet1,2,533,0.019124612184713237,1.0,621.1261141467775,1.000000123908299
sheet2_to_sheet1,2,534,0.01934002197998621,1.0,621.1261141467775,1.000000123908299
sheet2_to_sheet1,2,535,0.019744796300042892,1.0,621.1261141467775,1.000000123908299
sheet2_to_sheet1,2,536,0.020194261025628445,1.0,621.1261141467775,1.000000123908299
sheet2_to_sheet1,2,537,0.02047407944744805,1.0,621.1261141467775,1.000000123908299
sheet2_to_sheet1,2,538,0.020750403980729214,1.0,621.1261141467775,1.000000123908299
sheet2_to_sheet1,2,539,0.02113640016243882,1.0,621.1261141467775,1.000000123908299
sheet2_to_sheet1,2,540,0.021551557009391716,1.0,621.1261141467775,1.000000123908299
sheet2_to_sheet1,2,541,0.02197075925880225,1.0,621.1261141467775,1.000000123908299
sheet2_to_sheet1,2,542,0.022227450148875238,1.0,621.1261141467775,1.000000123908299
sheet2_to_sheet1,2,543,0.022664680426113856,1.0,621.1261141467775,1.000000123908299
sheet2_to_sheet1,2,544,0.022995571876398287,1.0,621.1261141467775,1.000000123908299
sheet2_to_sheet1,2,545,0.023575057576843767,1.0,621.1261141467775,1.000000123908299
sheet2_to_sheet1,2,546,0.024007596988039996,1.0,621.1261141467775,1.000000123908299
sheet2_to_sheet1,2,547,0.024301361183684297,1.0,621.1261141467775,1.000000123908299
sheet2_to_sheet1,2,548,0.024626427359445726,1.0,621.1261141467775,1.000000123908299
sheet2_to_sheet1,2,549,0.025354176021875018,1.0,621.1261141467775,1.000000123908299
sheet2_to_sheet1,2,550,0.02573159200319946,1.0,621.1261141467775,1.000000123908299
sheet2_to_sheet1,2,551,0.02622760711918762,1.0,621.1261141467775,1.000000123908299
sheet2_to_sheet1,2,552,0.027194211060766846,1.0,621.1261141467775,1.000000123908299
sheet2_to_sheet1,2,553,0.027481737698403775,1.0,621.1261141467775,1.000000123908299
sheet2_to_sheet1,2,554,0.028221718947706673,1.0,621.1261141467775,1.000000123908299
sheet2_to_sheet1,2,555,0.02866852879962911,1.0,621.1261141467775,1.000000123908299
sheet2_to_sheet1,2,556,0.029462702638590653,1.0,621.1261141467775,1.000000123908299
sheet2_to_sheet1,2,557,0.030015868344000676,1.0,621.1261141467775,1.000000123908299
sheet2_to_sheet1,2,558,0.030474689650433637,1.0,621.1261141467775,1.000000123908299
sheet2_to_sheet1,2,559,0.031456327248843924,1.0,621.1261141467775,1.000000123908299
sheet2_to_sheet1,2,560,0.03182065844908016,1.0,621.1261141467775,1.000000123908299
sheet2_to_sheet1,2,561,0.03238800961584405,1.0,621.1261141467775,1.000000123908299
sheet2_to_sheet1,2,562,0.03276944386693752,1.0,621.1261141467775,1.000000123908299
sheet2_to_sheet1,2,563,0.03336411498685851,1.0,621.1261141467775,1.000000123908299
sheet2_to_sheet1,2,564,0.03388393840842111,1.0,621.1261141467775,1.000000123908299
sheet2_to_sheet1,2,565,0.034751926891609705,1.0,621.1261141467775,1.000000123908299
sheet2_to_sheet1,2,566,0.0352632780471915,1.0,621.1261141467775,1.000000123908299
sheet2_to_sheet1,2,567,0.03564565522594673,1.0,621.1261141467775,1.000000123908299
sheet2_to_sheet1,2,568,0.036418267086459656,1.0,621.1261141467775,1.000000123908299
sheet2_to_sheet1,2,569,0.03755934243340129,1.0,621.1261141467775,1.000000123908299
sheet2_to_sheet1,2,570,0.03803684034624471,1.0,621.1261141467775,1.000000123908299
sheet2_to_sheet1,2,571,0.0381872622591107,1.0,621.1261141467775,1.000000123908299
sheet2_to_sheet1,2,572,0.039112957453604415,1.0,621.1261141467775,1.000000123908299
sheet2_to_sheet1,2,573,0.04070112693216795,1.0,621.1261141467775,1.000000123908299
sheet2_to_sheet1,2,574,0.04097638457211149,1.0,621.1261141467775,1.000000123908299
sheet2_to_sheet1,2,575,0.043605018799072776,1.0,621.1261141467775,1.000000123908299
sheet2_to_sheet1,2,576,0.044168234118763854,1.0,621.1261141467775,1.000000123908299
sheet2_to_sheet1,2,577,0.045120034580082236,1.0,621.1261141467775,1.000000123908299
sheet2_to_sheet1,2,578,0.045572054944829896,1.0,621.1261141467775,1.000000123908299
sheet2_to_sheet1,2,579,0.04709307902699306,1.0,621.1261141467775,1.000000123908299
sheet2_to_sheet1,2,580,0.04753942585806101,1.0,621.1261141467775,1.000000123908299
sheet2_to_sheet1,2,581,0.04985367374539583,1.0,621.1261141467775,1.000000123908299
sheet2_to_sheet1,2,582,0.050564815346972325,1.0,621.1261141467775,1.000000123908299
sheet2_to_sheet1,2,583,0.05137392917768722,1.0,621.1261141467775,1.000000123908299
sheet2_to_sheet1,2,584,0.05346229464155248,1.0,621.1261141467775,1.000000123908299
sheet2_to_sheet1,2,585,0.054233653930185664,1.0,621.1261141467775,1.000000123908299
sheet2_to_sheet1,2,586,0.05525772875109422,1.0,621.1261141467775,1.000000123908299
sheet2_to_sheet1,2,587,0.057595925845021725,1.0,621.1261141467775,1.000000123908299
sheet2_to_sheet1,2,588,0.05867951092428446,1.0,621.1261141467775,1.000000123908299
sheet2_to_sheet1,2,589,0.05933773525720419,1.0,621.1261141467775,1.000000123908299
sheet2_to_sheet1,2,590,0.06109454525398874,1.0,621.1261141467775,1.000000123908299
sheet2_to_sheet1,2,591,0.06283144446060429,1.0,621.1261141467775,1.000000123908299
sheet2_to_sheet1,2,592,0.06479637345901043,1.0,621.1261141467775,1.000000123908299
sheet2_to_sheet1,2,593,0.066660147512773,1.0,621.1261141467775,1.000000123908299
sheet2_to_sheet1,2,594,0.06685892961293814,1.0,621.1261141467775,1.000000123908299
sheet2_to_sheet1,2,595,0.06928088774545255,1.0,621.1261141467775,1.000000123908299
sheet2_to_sheet1,2,596,0.0707849119444538,1.0,621.1261141467775,1.000000123908299
sheet2_to_sheet1,2,597,0.0733986832155704,1.0,621.1261141467775,1.000000123908299
sheet2_to_sheet1,2,598,0.0756529192964811,1.0,621.1261141467775,1.000000123908299
sheet2_to_sheet1,2,599,0.07867540630227929,1.0,621.1261141467775,1.000000123908299
sheet2_to_sheet1,2,600,0.0790403201646607,1.0,621.1261141467775,1.000000123908299
sheet2_to_sheet1,2,601,0.08319379745684846,1.0,621.1261141467775,1.000000123908299
sheet2_to_sheet1,2,602,0.08688536866029704,1.0,621.1261141467775,1.000000123908299
sheet2_to_sheet1,2,603,0.08699776668529834,1.0,621.1261141467775,1.000000123908299
sheet2_to_sheet1,2,604,0.09154913728952804,1.0,621.1261141467775,1.000000123908299
sheet2_to_sheet1,2,605,0.0919304047586958,1.0,621.1261141467775,1.000000123908299
sheet2_to_sheet1,2,606,0.09249165576494,1.0,621.1261141467775,1.000000123908299
sheet2_to_sheet1,2,607,0.09744056896817917,1.0,621.1261141467775,1.000000123908299
sheet2_to_sheet1,2,608,0.09961277628081205,1.0,621.1261141467775,1.000000123908299
sheet2_to_sheet1,2,609,0.10056801950113628,1.0,621.1261141467775,1.000000123908299
sheet2_to_sheet1,2,610,0.10182291775360301,1.0,621.1261141467775,1.000000123908299
sheet2_to_sheet1,2,611,0.10233985900311755,1.0,621.1261141467775,1.000000123908299
sheet2_to_sheet1,2,612,0.10520088349863137,1.0,621.1261141467775,1.000000123908299
sheet2_to_sheet1,2,613,0.10853981364340037,1.0,621.1261141467775,1.000000123908299
sheet2_to_sheet1,2,614,0.11050044369755233,1.0,621.1261141467775,1.000000123908299
sheet2_to_sheet1,2,615,0.11447261531399419,1.0,621.1261141467775,1.000000123908299
sheet2_to_sheet1,2,616,0.11542088344823567,1.0,621.1261141467775,1.000000123908299
sheet2_to_sheet1,2,617,0.1193801743993284,1.0,621.1261141467775,1.000000123908299
sheet2_to_sheet1,2,618,0.12381968385295863,1.0,621.1261141467775,1.000000123908299
sheet2_to_sheet1,2,619,0.13190861801345521,1.0,621.1261141467775,1.000000123908299
sheet2_to_sheet1,2,620,0.1332807144461855,1.0,621.1261141467775,1.000000123908299
sheet2_to_sheet1,2,621,0.13578116697119522,1.0,621.1261141467775,1.000000123908299
sheet2_to_sheet1,2,622,0.1413252807881602,1.0,621.1261141467775,1.000000123908299
sheet2_to_sheet1,2,623,0.14515908534866914,1.0,621.1261141467775,1.000000123908299
sheet2_to_sheet1,2,624,0.1472893772144874,1.0,621.1261141467775,1.000000123908299
sheet2_to_sheet1,2,625,0.15655490859163157,1.0,621.1261141467775,1.000000123908299
sheet2_to_sheet1,2,626,0.16078869437635826,1.0,621.1261141467775,1.000000123908299
sheet2_to_sheet1,2,627,0.16470614257988242,1.0,621.1261141467775,1.000000123908299
sheet2_to_sheet1,2,628,0.16502217635165714,1.0,621.1261141467775,1.000000123908299
sheet2_to_sheet1,2,629,0.16847018445510054,1.0,621.1261141467775,1.000000123908299
sheet2_to_sheet1,2,630,0.17343680388551885,1.0,621.1261141467775,1.000000123908299
sheet2_to_sheet1,2,631,0.17880573232171526,1.0,621.1261141467775,1.000000123908299
sheet2_to_sheet1,2,632,0.18839341485318617,1.0,621.1261141467775,1.000000123908299
sheet2_to_sheet1,2,633,0.19221273587845183,1.0,621.1261141467775,1.000000123908299
sheet2_to_sheet1,2,634,0.194082119658989,1.0,621.1261141467775,1.000000123908299
sheet2_to_sheet1,2,635,0.2001814622745207,1.0,621.1261141467775,1.000000123908299
sheet2_to_sheet1,2,636,0.20772638513701208,1.0,621.1261141467775,1.000000123908299
sheet2_to_sheet1,2,637,0.2104577052393654,1.0,621.1261141467775,1.000000123908299
sheet2_to_sheet1,2,638,0.2190612504761897,1.0,621.1261141467775,1.000000123908299
sheet2_to_sheet1,2,639,0.23123964536938124,1.0,621.1261141467775,1.000000123908299
sheet2_to_sheet1,2,640,0.23248684157563776,1.0,621.1261141467775,1.000000123908299
sheet2_to_sheet1,2,641,0.2451435847672647,1.0,621.1261141467775,1.000000123908299
sheet2_to_sheet1,2,642,0.2508063026411041,1.0,621.1261141467775,1.000000123908299
sheet2_to_sheet1,2,643,0.2637844812928433,1.0,621.1261141467775,1.000000123908299
sheet2_to_sheet1,2,644,0.2709913681523496,1.0,621.1261141467775,1.000000123908299
sheet2_to_sheet1,2,645,0.2861363103806054,1.0,621.1261141467775,1.000000123908299
sheet2_to_sheet1,2,646,0.2973162564913919,1.0,621.1261141467775,1.000000123908299
sheet2_to_sheet1,2,647,0.30274197767193134,1.0,621.1261141467775,1.000000123908299
sheet2_to_sheet1,2,648,0.31029217927380476,1.0,621.1261141467775,1.000000123908299
sheet2_to_sheet1,2,649,0.32381219956169627,1.0,621.1261141467775,1.000000123908299
sheet2_to_sheet1,2,650,0.3375362270266293,1.0,621.1261141467775,1.000000123908299
sheet2_to_sheet1,2,651,0.3478616344020967,1.0,621.1261141467775,1.000000123908299
sheet2_to_sheet1,2,652,0.3546370491642948,1.0,621.1261141467775,1.000000123908299
sheet2_to_sheet1,2,653,0.37500171935041265,1.0,621.1261141467775,1.000000123908299
sheet2_to_sheet1,2,654,0.3910195618837624,1.0,621.1261141467775,1.000000123908299
sheet2_to_sheet1,2,655,0.408144449530022,1.0,621.1261141467775,1.000000123908299
sheet2_to_sheet1,2,656,0.42182612617048226,1.0,621.1261141467775,1.000000123908299
sheet2_to_sheet1,2,657,0.44188476168077284,1.0,621.1261141467775,1.000000123908299
sheet2_to_sheet1,2,658,0.4583025735434099,1.0,621.1261141467775,1.000000123908299
sheet2_to_sheet1,2,659,0.46655088997160993,1.0,621.1261141467775,1.000000123908299
sheet2_to_sheet1,2,660,0.5049560605884553,1.0,621.1261141467775,1.000000123908299
sheet2_to_sheet1,2,661,0.53178337938631,1.0,621.1261141467775,1.000000123908299
sheet2_to_sheet1,2,662,0.544486732522858,1.0,621.1261141467775,1.000000123908299
sheet2_to_sheet1,2,663,0.555896299996709,1.0,621.1261141467775,1.000000123908299
sheet2_to_sheet1,2,664,0.565883199999603,1.0,621.1261141467775,1.000000123908299
sheet2_to_sheet1,2,665,0.5910362607799247,1.0,621.1261141467775,1.000000123908299
sheet2_to_sheet1,2,666,0.5972103460193076,1.0,621.1261141467775,1.000000123908299
sheet2_to_sheet1,2,667,0.6041405332511884,1.0,621.1261141467775,1.000000123908299
sheet2_to_sheet1,2,668,0.6389051571842584,1.0,621.1261141467775,1.000000123908299
sheet2_to_sheet1,2,669,0.6489718370838155,1.0,621.1261141467775,1.000000123908299
sheet2_to_sheet1,2,670,0.6872256553659967,1.0,621.1261141467775,1.000000123908299
sheet2_to_sheet1,2,671,0.7134164354343245,1.0,621.1261141467775,1.000000123908299
sheet2_to_sheet1,2,672,0.7515193447296044,1.0,621.1261141467775,1.000000123908299
sheet2_to_sheet1,2,673,0.7843628631110827,1.0,621.1261141467775,1.000000123908299
sheet2_to_sheet1,2,674,0.8316585150767137,1.0,621.1261141467775,1.000000123908299
sheet2_to_sheet1,2,675,0.8500561472699522,1.0,621.1261141467775,1.000000123908299
sheet2_to_sheet1,2,676,0.8900795413273556,1.0,621.1261141467775,1.000000123908299
sheet2_to_sheet1,2,677,0.918096176980172,1.0,621.1261141467775,1.000000123908299
sheet2_to_sheet1,2,678,0.9270822301576179,1.0,621.1261141467775,1.000000123908299
sheet2_to_sheet1,2,679,0.9935983120750658,1.0,621.1261141467775,1.000000123908299
sheet2_to_sheet1,2,680,1.077674679430377,1.0,621.1261141467775,1.000000123908299
sheet2_to_sheet1,2,681,1.1226887294482784,1.0,621.1261141467775,1.000000123908299
sheet2_to_sheet1,2,682,1.2191093339139143,1.0,621.1261141467775,1.000000123908299
sheet2_to_sheet1,2,683,1.2647964630562405,1.0,621.1261141467775,1.000000123908299
sheet2_to_sheet1,2,684,1.3867789241710122,1.0,621.1261141467775,1.000000123908299
sheet2_to_sheet1,2,685,1.449887964672645,1.0,621.1261141467775,1.000000123908299
sheet2_to_sheet1,2,686,1.475526928332327,1.0,621.1261141467775,1.000000123908299
sheet2_to_sheet1,2,687,1.5671880779766998,1.0,621.1261141467775,1.000000123908299
sheet2_to_sheet1,2,688,1.5820611871255321,1.0,621.1261141467775,1.000000123908299
sheet2_to_sheet1,2,689,1.6575544366776347,1.0,621.1261141467775,1.000000123908299
sheet2_to_sheet1,2,690,1.7830261844810424,1.0,621.1261141467775,1.000000123908299
sheet2_to_sheet1,2,691,1.9538135156374798,1.0,621.1261141467775,1.000000123908299
sheet2_to_sheet1,2,692,2.081805428085422,1.0,621.1261141467775,1.000000123908299
sheet2_to_sheet1,2,693,2.2710766053176963,1.0,621.1261141467775,1.000000123908299
sheet2_to_sheet1,2,694,2.322612131024028,1.0,621.1261141467775,1.000000123908299
sheet2_to_sheet1,2,695,2.4497531876505176,1.0,621.1261141467775,1.000000123908299
sheet2_to_sheet1,2,696,2.600283421108329,1.0,621.1261141467775,1.000000123908299
sheet2_to_sheet1,2,697,2.709868359140806,1.0,621.1261141467775,1.000000123908299
sheet2_to_sheet1,2,698,2.7900838382740334,1.0,621.1261141467775,1.000000123908299
sheet2_to_sheet1,2,699,3.008478491561118,1.0,621.1261141467775,1.000000123908299
sheet2_to_sheet1,2,700,3.1478454398045,1.0,621.1261141467775,1.000000123908299
sheet2_to_sheet1,2,701,3.247989096687152,1.0,621.1261141467775,1.000000123908299
sheet2_to_sheet1,2,702,3.3672834293836735,1.0,621.1261141467775,1.000000123908299
sheet2_to_sheet1,2,703,3.517338717420162,1.0,621.1261141467775,1.000000123908299
sheet2_to_sheet1,2,704,3.656190777799716,1.0,621.1261141467775,1.000000123908299
sheet2_to_sheet1,2,705,4.015589006515453,1.0,621.1261141467775,1.000000123908299
sheet2_to_sheet1,2,706,4.161118131014062,1.0,621.1261141467775,1.000000123908299
sheet2_to_sheet1,2,707,4.342684308095988,1.0,621.1261141467775,1.000000123908299
sheet2_to_sheet1,2,708,4.552904051328521,1.0,621.1261141467775,1.000000123908299
sheet2_to_sheet1,2,709,4.603703237484609,1.0,621.1261141467775,1.000000123908299
sheet2_to_sheet1,2,710,4.773268389623149,1.0,621.1261141467775,1.000000123908299
sheet2_to_sheet1,2,711,5.126218302069216,1.0,621.1261141467775,1.000000123908299
sheet2_to_sheet1,2,712,5.245216070319599,1.0,621.1261141467775,1.000000123908299
sheet2_to_sheet1,2,713,5.846346214678051,1.0,621.1261141467775,1.000000123908299
sheet2_to_sheet1,2,714,6.026483615881281,1.0,621.1261141467775,1.000000123908299
sheet2_to_sheet1,2,715,6.47542053506277,1.0,621.1261141467775,1.000000123908299
sheet2_to_sheet1,2,716,7.454519762672638,1.0,621.1261141467775,1.000000123908299
sheet2_to_sheet1,2,717,8.519211227894584,1.0,621.1261141467775,1.000000123908299
sheet2_to_sheet1,2,718,8.901403435844763,1.0,621.1261141467775,1.000000123908299
sheet2_to_sheet1,2,719,9.44575987064592,1.0,621.1261141467775,1.000000123908299
sheet2_to_sheet1,2,720,10.230703251105208,1.0,621.1261141467775,1.000000123908299
sheet2_to_sheet1,2,721,10.556565234906348,1.0,621.1261141467775,1.000000123908299
sheet2_to_sheet1,2,722,11.05073405091216,1.0,621.1261141467775,1.000000123908299
sheet2_to_sheet1,2,723,11.323705789526434,1.0,621.1261141467775,1.000000123908299
sheet2_to_sheet1,2,724,11.756687056519755,1.0,621.1261141467775,1.000000123908299
sheet2_to_sheet1,2,725,12.969929327842435,1.0,621.1261141467775,1.000000123908299
sheet2_to_sheet1,2,726,13.305735382460389,1.0,621.1261141467775,1.000000123908299
sheet2_to_sheet1,2,727,14.305854951022855,1.0,621.1261141467775,1.000000123908299
sheet2_to_sheet1,2,728,15.430259118195256,1.0,621.1261141467775,1.000000123908299
sheet2_to_sheet1,2,729,17.792013121684466,1.0,621.1261141467775,1.000000123908299
sheet2_to_sheet1,2,730,18.808188824329044,1.0,621.1261141467775,1.000000123908299
sheet2_to_sheet1,2,731,19.970695246354317,1.0,621.1261141467775,1.000000123908299
sheet2_to_sheet1,2,732,22.338962797283955,1.0,621.1261141467775,1.000000123908299
sheet2_to_sheet1,2,733,23.03470637305607,1.0,621.1261141467775,1.000000123908299
sheet2_to_sheet1,2,734,24.13784368851535,1.0,621.1261141467775,1.000000123908299
sheet2_to_sheet1,2,735,25.80947773306979,1.0,621.1261141467775,1.000000123908299
sheet2_to_sheet1,2,736,29.548356893254187,1.0,621.1261141467775,1.000000123908299
sheet2_to_sheet1,2,737,32.589559451502716,1.0,621.1261141467775,1.000000123908299
sheet2_to_sheet1,2,738,35.420677752290985,1.0,621.1261141467775,1.000000123908299
sheet2_to_sheet1,2,739,39.22667957606881,1.0,621.1261141467775,1.000000123908299
sheet2_to_sheet1,2,740,40.069211767085505,1.0,621.1261141467775,1.000000123908299
sheet2_to_sheet1,2,741,41.803073846409276,1.0,621.1261141467775,1.000000123908299
sheet2_to_sheet1,2,742,51.112638379687354,1.0,621.1261141467775,1.000000123908299
sheet2_to_sheet1,2,743,52.66318030339186,1.0,621.1261141467775,1.000000123908299
sheet2_to_sheet1,2,744,57.18895505907817,1.0,621.1261141467775,1.000000123908299
sheet2_to_sheet1,2,745,67.75915451125213,1.0,621.1261141467775,1.000000123908299
sheet2_to_sheet1,2,746,71.22350946316647,1.0,621.1261141467775,1.000000123908299
sheet2_to_sheet1,2,747,80.91046914480707,1.0,621.1261141467775,1.000000123908299
sheet2_to_sheet1,2,748,88.6577699666554,1.0,621.1261141467775,1.000000123908299
sheet2_to_sheet1,2,749,91.061712774032,1.0,621.1261141467775,1.000000123908299
sheet2_to_sheet1,2,750,99.30073926062508,1.0,621.1261141467775,1.000000123908299
sheet2_to_sheet1,2,751,120.28043050230019,1.0,621.1261141467775,1.000000123908299
sheet2_to_sheet1,2,752,125.52287729777372,1.0,621.1261141467775,1.000000123908299
sheet2_to_sheet1,2,753,132.35606436164534,1.0,621.1261141467775,1.000000123908299
sheet2_to_sheet1,2,754,142.35662744914447,1.0,621.1261141467775,1.000000123908299
sheet2_to_sheet1,2,755,187.90053101795428,1.0,621.1261141467775,1.000000123908299
sheet2_to_sheet1,2,756,215.16130482274153,1.0,621.1261141467775,1.000000123908299
sheet2_to_sheet1,2,757,231.03530270233685,1.0,621.1261141467775,1.000000123908299
sheet2_to_sheet1,2,758,250.52683996955344,1.0,621.1261141467775,1.000000123908299
sheet2_to_sheet1,2,759,273.14806761789833,1.0,621.1261141467775,1.000000123908299
sheet2_to_sheet1,2,760,290.9911364924806,1.0,621.1261141467775,1.000000123908299
sheet2_to_sheet1,2,761,304.26669764731594,1.0,621.1261141467775,1.000000123908299
sheet2_to_sheet1,2,762,321.4950199749585,1.0,621.1261141467775,1.000000123908299
sheet2_to_sheet1,2,763,407.6255647530595,1.0,621.1261141467775,1.000000123908299
sheet2_to_sheet1,2,764,415.62223856187956,1.0,621.1261141467775,1.000000123908299
sheet2_to_sheet1,2,765,469.5861605980127,1.0,621.1261141467775,1.000000123908299
sheet2_to_sheet1,2,766,526.3265700758888,1.0,621.1261141467775,1.000000123908299
sheet2_to_sheet1,2,767,572.2653440127033,1.0,621.1261141467775,1.000000123908299
sheet2_to_sheet1,2,768,726.046057745958,1.0,621.1261141467775,1.000000123908299
sheet2_to_sheet1,2,769,772.9838551489937,1.0,621.1261141467775,1.000000123908299
sheet2_to_sheet1,2,770,892.2784145647646,1.0,621.1261141467775,1.000000123908299
sheet2_to_sheet1,2,771,1003.6760140621357,1.0,621.1261141467775,1.000000123908299
sheet2_to_sheet1,2,772,1149.638693055993,1.0,621.1261141467775,1.000000123908299
sheet2_to_sheet1,2,773,1547.9181477000293,1.0,621.1261141467775,1.000000123908299
sheet2_to_sheet1,2,774,1819.194941506519,1.0,621.1261141467775,1.000000123908299
sheet2_to_sheet1,2,775,2376.50879166481,1.0,621.1261141467775,1.000000123908299
sheet2_to_sheet1,2,776,2622.597362337349,1.0,621.1261141467775,1.000000123908299
sheet2_to_sheet1,2,777,3230.761046985671,1.0,621.1261141467775,1.000000123908299
sheet2_to_sheet1,2,778,4222.568068603925,1.0,621.1261141467775,1.000000123908299
sheet2_to_sheet1,2,779,4403.054462128378,1.0,621.1261141467775,1.000000123908299
sheet2_to_sheet1,2,780,4649.128474019083,1.0,621.1261141467775,1.000000123908299
sheet2_to_sheet1,2,781,5852.106677319386,1.0,621.1261141467775,1.000000123908299
sheet2_to_sheet1,2,782,6917.684974102147,1.0,621.1261141467775,1.000000123908299
sheet2_to_sheet1,2,783,9423.486568279144,1.0,621.1261141467775,1.000000123908299
sheet2_to_sheet1,2,784,11785.989218969205,1.0,621.1261141467775,1.000000123908299
sheet2_to_sheet1,2,785,19089.31954389292,1.0,621.1261141467775,1.000000123908299
sheet2_to_sheet1,2,786,21661.461518736094,1.0,621.1261141467775,1.000000123908299
sheet2_to_sheet1,2,787,27013.09244754116,1.0,621.1261141467775,1.000000123908299
sheet2_to_sheet1,2,788,29206.08206522606,1.0,621.1261141467775,1.000000123908299
sheet2_to_sheet1,2,789,45623.91326604886,1.0,621.1261141467775,1.000000123908299
sheet2_to_sheet1,2,790,101046.12300917027,1.0,621.1261141467775,1.000000123908299
sheet2_to_sheet1,2,791,118908.293661404,1.0,621.1261141467775,1.000000123908299
sheet2_to_sheet1,2,792,178008.14178327008,1.0,621.1261141467775,1.000000123908299
sheet2_to_sheet1,2,793,215399.0348327953,1.0,621.1261141467775,1.000000123908299
sheet2_to_sheet1,2,794,291814.0006057458,1.0,621.1261141467775,1.000000123908299
sheet2_to_sheet1,2,795,374525.8753715605,1.0,621.1261141467775,1.000000123908299
sheet2_to_sheet1,2,796,697802.6200348154,1.0,621.1261141467775,1.000000123908299
sheet2_to_sheet1,2,797,1222537.6513881525,1.0,621.1261141467775,1.000000123908299
sheet2_to_sheet1,2,798,1531898.591062095,1.0,621.1261141467775,1.000000123908299
sheet2_to_sheet1,2,799,2368600.9091152796,1.0,621.1261141467775,1.000000123908299
sheet2_to_sheet1,3,0,0.0,1.0,636.2250608865843,1.0000001154252258
sheet2_to_sheet1,3,1,0.0,1.0,636.2250608865843,1.0000001154252258
sheet2_to_sheet1,3,2,0.0,1.0,636.2250608865843,1.0000001154252258
sheet2_to_sheet1,3,3,0.0,1.0,636.2250608865843,1.0000001154252258
sheet2_to_sheet1,3,4,0.0,1.0,636.2250608865843,1.0000001154252258
sheet2_to_sheet1,3,5,0.0,1.0,636.2250608865843,1.0000001154252258
sheet2_to_sheet1,3,6,0.0,1.0,636.2250608865843,1.0000001154252258
sheet2_to_sheet1,3,7,0.0,1.0,636.2250608865843,1.0000001154252258
sheet2_to_sheet1,3,8,0.0,1.0,636.2250608865843,1.0000001154252258
sheet2_to_sheet1,3,9,0.0,1.0,636.2250608865843,1.0000001154252258
sheet2_to_sheet1,3,10,0.0,1.0,636.2250608865843,1.0000001154252258
sheet2_to_sheet1,3,11,0.0,1.0,636.2250608865843,1.0000001154252258
sheet2_to_sheet1,3,12,0.0,1.0,636.2250608865843,1.0000001154252258
sheet2_to_sheet1,3,13,0.0,1.0,636.2250608865843,1.0000001154252258
sheet2_to_sheet1,3,14,0.0,1.0,636.2250608865843,1.0000001154252258
sheet2_to_sheet1,3,15,0.0,1.0,636.2250608865843,1.0000001154252258
sheet2_to_sheet1,3,16,0.0,1.0,636.2250608865843,1.0000001154252258
sheet2_to_sheet1,3,17,0.0,1.0,636.2250608865843,1.0000001154252258
sheet2_to_sheet1,3,18,0.0,1.0,636.2250608865843,1.0000001154252258
sheet2_to_sheet1,3,19,0.0,1.0,636.2250608865843,1.0000001154252258
sheet2_to_sheet1,3,20,0.0,1.0,636.2250608865843,1.0000001154252258
sheet2_to_sheet1,3,21,0.0,1.0,636.2250608865843,1.0000001154252258
sheet2_to_sheet1,3,22,0.0,1.0,636.2250608865843,1.0000001154252258
sheet2_to_sheet1,3,23,0.0,1.0,636.2250608865843,1.0000001154252258
sheet2_to_sheet1,3,24,0.0,1.0,636.2250608865843,1.0000001154252258
sheet2_to_sheet1,3,25,0.0,1.0,636.2250608865843,1.0000001154252258
sheet2_to_sheet1,3,26,0.0,1.0,636.2250608865843,1.0000001154252258
sheet2_to_sheet1,3,27,0.0,1.0,636.2250608865843,1.0000001154252258
sheet2_to_sheet1,3,28,0.0,1.0,636.2250608865843,1.0000001154252258
sheet2_to_sheet1,3,29,0.0,1.0,636.2250608865843,1.0000001154252258
sheet2_to_sheet1,3,30,0.0,1.0,636.2250608865843,1.0000001154252258
sheet2_to_sheet1,3,31,0.0,1.0,636.2250608865843,1.0000001154252258
sheet2_to_sheet1,3,32,0.0,1.0,636.2250608865843,1.0000001154252258
sheet2_to_sheet1,3,33,0.0,1.0,636.2250608865843,1.0000001154252258
sheet2_to_sheet1,3,34,0.0,1.0,636.2250608865843,1.0000001154252258
sheet2_to_sheet1,3,35,0.0,1.0,636.2250608865843,1.0000001154252258
sheet2_to_sheet1,3,36,0.0,1.0,636.2250608865843,1.0000001154252258
sheet2_to_sheet1,3,37,0.0,1.0,636.2250608865843,1.0000001154252258
sheet2_to_sheet1,3,38,0.0,1.0,636.2250608865843,1.0000001154252258
sheet2_to_sheet1,3,39,0.0,1.0,636.2250608865843,1.0000001154252258
sheet2_to_sheet1,3,40,0.0,1.0,636.2250608865843,1.0000001154252258
sheet2_to_sheet1,3,41,0.0,1.0,636.2250608865843,1.0000001154252258
sheet2_to_sheet1,3,42,0.0,1.0,636.2250608865843,1.0000001154252258
sheet2_to_sheet1,3,43,0.0,1.0,636.2250608865843,1.0000001154252258
sheet2_to_sheet1,3,44,0.0,1.0,636.2250608865843,1.0000001154252258
sheet2_to_sheet1,3,45,0.0,1.0,636.2250608865843,1.0000001154252258
sheet2_to_sheet1,3,46,0.0,1.0,636.2250608865843,1.0000001154252258
sheet2_to_sheet1,3,47,0.0,1.0,636.2250608865843,1.0000001154252258
sheet2_to_sheet1,3,48,0.0,1.0,636.2250608865843,1.0000001154252258
sheet2_to_sheet1,3,49,0.0,1.0,636.2250608865843,1.0000001154252258
sheet2_to_sheet1,3,50,0.0,1.0,636.2250608865843,1.0000001154252258
sheet2_to_sheet1,3,51,0.0,1.0,636.2250608865843,1.0000001154252258
sheet2_to_sheet1,3,52,0.0,1.0,636.2250608865843,1.0000001154252258
sheet2_to_sheet1,3,53,0.0,1.0,636.2250608865843,1.0000001154252258
sheet2_to_sheet1,3,54,0.0,1.0,636.2250608865843,1.0000001154252258
sheet2_to_sheet1,3,55,0.0,1.0,636.2250608865843,1.0000001154252258
sheet2_to_sheet1,3,56,0.0,1.0,636.2250608865843,1.0000001154252258
sheet2_to_sheet1,3,57,0.0,1.0,636.2250608865843,1.0000001154252258
sheet2_to_sheet1,3,58,0.0,1.0,636.2250608865843,1.0000001154252258
sheet2_to_sheet1,3,59,0.0,1.0,636.2250608865843,1.0000001154252258
sheet2_to_sheet1,3,60,0.0,1.0,636.2250608865843,1.0000001154252258
sheet2_to_sheet1,3,61,0.0,1.0,636.2250608865843,1.0000001154252258
sheet2_to_sheet1,3,62,0.0,1.0,636.2250608865843,1.0000001154252258
sheet2_to_sheet1,3,63,0.0,1.0,636.2250608865843,1.0000001154252258
sheet2_to_sheet1,3,64,0.0,1.0,636.2250608865843,1.0000001154252258
sheet2_to_sheet1,3,65,0.0,1.0,636.2250608865843,1.0000001154252258
sheet2_to_sheet1,3,66,0.0,1.0,636.2250608865843,1.0000001154252258
sheet2_to_sheet1,3,67,0.0,1.0,636.2250608865843,1.0000001154252258
sheet2_to_sheet1,3,68,0.0,1.0,636.2250608865843,1.0000001154252258
sheet2_to_sheet1,3,69,0.0,1.0,636.2250608865843,1.0000001154252258
sheet2_to_sheet1,3,70,0.0,1.0,636.2250608865843,1.0000001154252258
sheet2_to_sheet1,3,71,0.0,1.0,636.2250608865843,1.0000001154252258
sheet2_to_sheet1,3,72,0.0,1.0,636.2250608865843,1.0000001154252258
sheet2_to_sheet1,3,73,0.0,1.0,636.2250608865843,1.0000001154252258
sheet2_to_sheet1,3,74,0.0,1.0,636.2250608865843,1.0000001154252258
sheet2_to_sheet1,3,75,0.0,1.0,636.2250608865843,1.0000001154252258
sheet2_to_sheet1,3,76,0.0,1.0,636.2250608865843,1.0000001154252258
sheet2_to_sheet1,3,77,0.0,1.0,636.2250608865843,1.0000001154252258
sheet2_to_sheet1,3,78,0.0,1.0,636.2250608865843,1.0000001154252258
sheet2_to_sheet1,3,79,0.0,1.0,636.2250608865843,1.0000001154252258
sheet2_to_sheet1,3,80,0.0,1.0,636.2250608865843,1.0000001154252258
sheet2_to_sheet1,3,81,0.0,1.0,636.2250608865843,1.0000001154252258
sheet2_to_sheet1,3,82,0.0,1.0,636.2250608865843,1.0000001154252258
sheet2_to_sheet1,3,83,0.0,1.0,636.2250608865843,1.0000001154252258
sheet2_to_sheet1,3,84,0.0,1.0,636.2250608865843,1.0000001154252258
sheet2_to_sheet1,3,85,0.0,1.0,636.2250608865843,1.0000001154252258
sheet2_to_sheet1,3,86,0.0,1.0,636.2250608865843,1.0000001154252258
sheet2_to_sheet1,3,87,0.0,1.0,636.2250608865843,1.0000001154252258
sheet2_to_sheet1,3,88,0.0,1.0,636.2250608865843,1.0000001154252258
sheet2_to_sheet1,3,89,0.0,1.0,636.2250608865843,1.0000001154252258
sheet2_to_sheet1,3,90,0.0,1.0,636.2250608865843,1.0000001154252258
sheet2_to_sheet1,3,91,0.0,1.0,636.2250608865843,1.0000001154252258
sheet2_to_sheet1,3,92,0.0,1.0,636.2250608865843,1.0000001154252258
sheet2_to_sheet1,3,93,0.0,1.0,636.2250608865843,1.0000001154252258
sheet2_to_sheet1,3,94,0.0,1.0,636.2250608865843,1.0000001154252258
sheet2_to_sheet1,3,95,0.0,1.0,636.2250608865843,1.0000001154252258
sheet2_to_sheet1,3,96,0.0,1.0,636.2250608865843,1.0000001154252258
sheet2_to_sheet1,3,97,0.0,1.0,636.2250608865843,1.0000001154252258
sheet2_to_sheet1,3,98,0.0,1.0,636.2250608865843,1.0000001154252258
sheet2_to_sheet1,3,99,0.0,1.0,636.2250608865843,1.0000001154252258
sheet2_to_sheet1,3,100,0.0,1.0,636.2250608865843,1.0000001154252258
sheet2_to_sheet1,3,101,0.0,1.0,636.2250608865843,1.0000001154252258
sheet2_to_sheet1,3,102,0.0,1.0,636.2250608865843,1.0000001154252258
sheet2_to_sheet1,3,103,0.0,1.0,636.2250608865843,1.0000001154252258
sheet2_to_sheet1,3,104,0.0,1.0,636.2250608865843,1.0000001154252258
sheet2_to_sheet1,3,105,0.0,1.0,636.2250608865843,1.0000001154252258
sheet2_to_sheet1,3,106,0.0,1.0,636.2250608865843,1.0000001154252258
sheet2_to_sheet1,3,107,0.0,1.0,636.2250608865843,1.0000001154252258
sheet2_to_sheet1,3,108,0.0,1.0,636.2250608865843,1.0000001154252258
sheet2_to_sheet1,3,109,0.0,1.0,636.2250608865843,1.0000001154252258
sheet2_to_sheet1,3,110,0.0,1.0,636.2250608865843,1.0000001154252258
sheet2_to_sheet1,3,111,0.0,1.0,636.2250608865843,1.0000001154252258
sheet2_to_sheet1,3,112,0.0,1.0,636.2250608865843,1.0000001154252258
sheet2_to_sheet1,3,113,0.0,1.0,636.2250608865843,1.0000001154252258
sheet2_to_sheet1,3,114,0.0,1.0,636.2250608865843,1.0000001154252258
sheet2_to_sheet1,3,115,0.0,1.0,636.2250608865843,1.0000001154252258
sheet2_to_sheet1,3,116,0.0,1.0,636.2250608865843,1.0000001154252258
sheet2_to_sheet1,3,117,0.0,1.0,636.2250608865843,1.0000001154252258
sheet2_to_sheet1,3,118,0.0,1.0,636.2250608865843,1.0000001154252258
sheet2_to_sheet1,3,119,0.0,1.0,636.2250608865843,1.0000001154252258
sheet2_to_sheet1,3,120,0.0,1.0,636.2250608865843,1.0000001154252258
sheet2_to_sheet1,3,121,0.0,1.0,636.2250608865843,1.0000001154252258
sheet2_to_sheet1,3,122,0.0,1.0,636.2250608865843,1.0000001154252258
sheet2_to_sheet1,3,123,0.0,1.0,636.2250608865843,1.0000001154252258
sheet2_to_sheet1,3,124,0.0,1.0,636.2250608865843,1.0000001154252258
sheet2_to_sheet1,3,125,0.0,1.0,636.2250608865843,1.0000001154252258
sheet2_to_sheet1,3,126,0.0,1.0,636.2250608865843,1.0000001154252258
sheet2_to_sheet1,3,127,0.0,1.0,636.2250608865843,1.0000001154252258
sheet2_to_sheet1,3,128,0.0,1.0,636.2250608865843,1.0000001154252258
sheet2_to_sheet1,3,129,0.0,1.0,636.2250608865843,1.0000001154252258
sheet2_to_sheet1,3,130,0.0,1.0,636.2250608865843,1.0000001154252258
sheet2_to_sheet1,3,131,0.0,1.0,636.2250608865843,1.0000001154252258
sheet2_to_sheet1,3,132,0.0,1.0,636.2250608865843,1.0000001154252258
sheet2_to_sheet1,3,133,0.0,1.0,636.2250608865843,1.0000001154252258
sheet2_to_sheet1,3,134,0.0,1.0,636.2250608865843,1.0000001154252258
sheet2_to_sheet1,3,135,0.0,1.0,636.2250608865843,1.0000001154252258
sheet2_to_sheet1,3,136,2.89300318992796e-07,1.0,636.2250608865843,1.0000001154252258
sheet2_to_sheet1,3,137,2.996584195087569e-07,1.0,636.2250608865843,1.0000001154252258
sheet2_to_sheet1,3,138,3.0661469975170396e-07,1.0,636.2250608865843,1.0000001154252258
sheet2_to_sheet1,3,139,3.2815367708380044e-07,1.0,636.2250608865843,1.0000001154252258
sheet2_to_sheet1,3,140,3.730992907619752e-07,1.0,636.2250608865843,1.0000001154252258
sheet2_to_sheet1,3,141,3.8153974085161394e-07,1.0,636.2250608865843,1.0000001154252258
sheet2_to_sheet1,3,142,3.953787632663489e-07,1.0,636.2250608865843,1.0000001154252258
sheet2_to_sheet1,3,143,4.142548310957372e-07,1.0,636.2250608865843,1.0000001154252258
sheet2_to_sheet1,3,144,4.1571481300485106e-07,1.0,636.2250608865843,1.0000001154252258
sheet2_to_sheet1,3,145,4.3338456096812526e-07,1.0,636.2250608865843,1.0000001154252258
sheet2_to_sheet1,3,146,4.477000278798509e-07,1.0,636.2250608865843,1.0000001154252258
sheet2_to_sheet1,3,147,4.689078686104558e-07,1.0,636.2250608865843,1.0000001154252258
sheet2_to_sheet1,3,148,5.668480525201648e-07,1.0,636.2250608865843,1.0000001154252258
sheet2_to_sheet1,3,149,6.0241751661178e-07,1.0,636.2250608865843,1.0000001154252258
sheet2_to_sheet1,3,150,6.515890522311021e-07,1.0,636.2250608865843,1.0000001154252258
sheet2_to_sheet1,3,151,7.007701949082709e-07,1.0,636.2250608865843,1.0000001154252258
sheet2_to_sheet1,3,152,7.224161975762429e-07,1.0,636.2250608865843,1.0000001154252258
sheet2_to_sheet1,3,153,7.404099643033083e-07,1.0,636.2250608865843,1.0000001154252258
sheet2_to_sheet1,3,154,7.533177358374098e-07,1.0,636.2250608865843,1.0000001154252258
sheet2_to_sheet1,3,155,7.755689523521844e-07,1.0,636.2250608865843,1.0000001154252258
sheet2_to_sheet1,3,156,8.135930902973147e-07,1.0,636.2250608865843,1.0000001154252258
sheet2_to_sheet1,3,157,8.499920665019155e-07,1.0,636.2250608865843,1.0000001154252258
sheet2_to_sheet1,3,158,9.099058853874156e-07,1.0,636.2250608865843,1.0000001154252258
sheet2_to_sheet1,3,159,9.924622886151e-07,1.0,636.2250608865843,1.0000001154252258
sheet2_to_sheet1,3,160,9.974606549720844e-07,1.0,636.2250608865843,1.0000001154252258
sheet2_to_sheet1,3,161,1.07141883021068e-06,1.0,636.2250608865843,1.0000001154252258
sheet2_to_sheet1,3,162,1.2680351627415837e-06,1.0,636.2250608865843,1.0000001154252258
sheet2_to_sheet1,3,163,1.2978153541699674e-06,1.0,636.2250608865843,1.0000001154252258
sheet2_to_sheet1,3,164,1.4113685771683148e-06,1.0,636.2250608865843,1.0000001154252258
sheet2_to_sheet1,3,165,1.4653476189941934e-06,1.0,636.2250608865843,1.0000001154252258
sheet2_to_sheet1,3,166,1.5133951627572288e-06,1.0,636.2250608865843,1.0000001154252258
sheet2_to_sheet1,3,167,1.5882471612636642e-06,1.0,636.2250608865843,1.0000001154252258
sheet2_to_sheet1,3,168,1.6718974824510313e-06,1.0,636.2250608865843,1.0000001154252258
sheet2_to_sheet1,3,169,1.7080170469555002e-06,1.0,636.2250608865843,1.0000001154252258
sheet2_to_sheet1,3,170,1.72640832894271e-06,1.0,636.2250608865843,1.0000001154252258
sheet2_to_sheet1,3,171,1.7949227140575595e-06,1.0,636.2250608865843,1.0000001154252258
sheet2_to_sheet1,3,172,1.8228820704573789e-06,1.0,636.2250608865843,1.0000001154252258
sheet2_to_sheet1,3,173,1.9281599355563576e-06,1.0,636.2250608865843,1.0000001154252258
sheet2_to_sheet1,3,174,1.997572988073249e-06,1.0,636.2250608865843,1.0000001154252258
sheet2_to_sheet1,3,175,2.043009646536004e-06,1.0,636.2250608865843,1.0000001154252258
sheet2_to_sheet1,3,176,2.0676986983735655e-06,1.0,636.2250608865843,1.0000001154252258
sheet2_to_sheet1,3,177,2.187957804849218e-06,1.0,636.2250608865843,1.0000001154252258
sheet2_to_sheet1,3,178,2.287378143235095e-06,1.0,636.2250608865843,1.0000001154252258
sheet2_to_sheet1,3,179,2.3977267938664775e-06,1.0,636.2250608865843,1.0000001154252258
sheet2_to_sheet1,3,180,2.55325120163395e-06,1.0,636.2250608865843,1.0000001154252258
sheet2_to_sheet1,3,181,2.736561706115414e-06,1.0,636.2250608865843,1.0000001154252258
sheet2_to_sheet1,3,182,2.778891463036219e-06,1.0,636.2250608865843,1.0000001154252258
sheet2_to_sheet1,3,183,2.9712423795696095e-06,1.0,636.2250608865843,1.0000001154252258
sheet2_to_sheet1,3,184,3.23488639743352e-06,1.0,636.2250608865843,1.0000001154252258
sheet2_to_sheet1,3,185,3.3194887028373315e-06,1.0,636.2250608865843,1.0000001154252258
sheet2_to_sheet1,3,186,3.5989865292565535e-06,1.0,636.2250608865843,1.0000001154252258
sheet2_to_sheet1,3,187,3.6708172288713054e-06,1.0,636.2250608865843,1.0000001154252258
sheet2_to_sheet1,3,188,3.9798843542100985e-06,1.0,636.2250608865843,1.0000001154252258
sheet2_to_sheet1,3,189,4.0483962455590755e-06,1.0,636.2250608865843,1.0000001154252258
sheet2_to_sheet1,3,190,4.113118644726151e-06,1.0,636.2250608865843,1.0000001154252258
sheet2_to_sheet1,3,191,4.475189928514427e-06,1.0,636.2250608865843,1.0000001154252258
sheet2_to_sheet1,3,192,4.615303824504055e-06,1.0,636.2250608865843,1.0000001154252258
sheet2_to_sheet1,3,193,4.8596015147307084e-06,1.0,636.2250608865843,1.0000001154252258
sheet2_to_sheet1,3,194,5.0986010010439656e-06,1.0,636.2250608865843,1.0000001154252258
sheet2_to_sheet1,3,195,5.388798717516272e-06,1.0,636.2250608865843,1.0000001154252258
sheet2_to_sheet1,3,196,5.746267035354038e-06,1.0,636.2250608865843,1.0000001154252258
sheet2_to_sheet1,3,197,5.914403476032592e-06,1.0,636.2250608865843,1.0000001154252258
sheet2_to_sheet1,3,198,6.311718835433482e-06,1.0,636.2250608865843,1.0000001154252258
sheet2_to_sheet1,3,199,6.440489810776767e-06,1.0,636.2250608865843,1.0000001154252258
sheet2_to_sheet1,3,200,6.697021026892556e-06,1.0,636.2250608865843,1.0000001154252258
sheet2_to_sheet1,3,201,7.159126335007918e-06,1.0,636.2250608865843,1.0000001154252258
sheet2_to_sheet1,3,202,7.503688930032361e-06,1.0,636.2250608865843,1.0000001154252258
sheet2_to_sheet1,3,203,7.955040090627947e-06,1.0,636.2250608865843,1.0000001154252258
sheet2_to_sheet1,3,204,8.321027819509233e-06,1.0,636.2250608865843,1.0000001154252258
sheet2_to_sheet1,3,205,8.399708705593077e-06,1.0,636.2250608865843,1.0000001154252258
sheet2_to_sheet1,3,206,8.577000050753656e-06,1.0,636.2250608865843,1.0000001154252258
sheet2_to_sheet1,3,207,8.725883686605718e-06,1.0,636.2250608865843,1.0000001154252258
sheet2_to_sheet1,3,208,9.4065685547023e-06,1.0,636.2250608865843,1.0000001154252258
sheet2_to_sheet1,3,209,9.711066123994017e-06,1.0,636.2250608865843,1.0000001154252258
sheet2_to_sheet1,3,210,9.986302110164944e-06,1.0,636.2250608865843,1.0000001154252258
sheet2_to_sheet1,3,211,1.046702766845004e-05,1.0,636.2250608865843,1.0000001154252258
sheet2_to_sheet1,3,212,1.0864263125405599e-05,1.0,636.2250608865843,1.0000001154252258
sheet2_to_sheet1,3,213,1.1706639248297077e-05,1.0,636.2250608865843,1.0000001154252258
sheet2_to_sheet1,3,214,1.1862553763005526e-05,1.0,636.2250608865843,1.0000001154252258
sheet2_to_sheet1,3,215,1.2159350004380696e-05,1.0,636.2250608865843,1.0000001154252258
sheet2_to_sheet1,3,216,1.2675290069317114e-05,1.0,636.2250608865843,1.0000001154252258
sheet2_to_sheet1,3,217,1.3177492287255114e-05,1.0,636.2250608865843,1.0000001154252258
sheet2_to_sheet1,3,218,1.395882765413858e-05,1.0,636.2250608865843,1.0000001154252258
sheet2_to_sheet1,3,219,1.4305361338883835e-05,1.0,636.2250608865843,1.0000001154252258
sheet2_to_sheet1,3,220,1.4905774384153597e-05,1.0,636.2250608865843,1.0000001154252258
sheet2_to_sheet1,3,221,1.5443781508391287e-05,1.0,636.2250608865843,1.0000001154252258
sheet2_to_sheet1,3,222,1.6691893400552085e-05,1.0,636.2250608865843,1.0000001154252258
sheet2_to_sheet1,3,223,1.7177647157915627e-05,1.0,636.2250608865843,1.0000001154252258
sheet2_to_sheet1,3,224,1.731817189208072e-05,1.0,636.2250608865843,1.0000001154252258
sheet2_to_sheet1,3,225,1.7380107538640193e-05,1.0,636.2250608865843,1.0000001154252258
sheet2_to_sheet1,3,226,1.8495661567015022e-05,1.0,636.2250608865843,1.0000001154252258
sheet2_to_sheet1,3,227,1.9057862323565565e-05,1.0,636.2250608865843,1.0000001154252258
sheet2_to_sheet1,3,228,1.9704795047631686e-05,1.0,636.2250608865843,1.0000001154252258
sheet2_to_sheet1,3,229,2.0934960088253605e-05,1.0,636.2250608865843,1.0000001154252258
sheet2_to_sheet1,3,230,2.1670254491950958e-05,1.0,636.2250608865843,1.0000001154252258
sheet2_to_sheet1,3,231,2.2296734834582355e-05,1.0,636.2250608865843,1.0000001154252258
sheet2_to_sheet1,3,232,2.2695778865111707e-05,1.0,636.2250608865843,1.0000001154252258
sheet2_to_sheet1,3,233,2.3723922556780735e-05,1.0,636.2250608865843,1.0000001154252258
sheet2_to_sheet1,3,234,2.4709895459097968e-05,1.0,636.2250608865843,1.0000001154252258
sheet2_to_sheet1,3,235,2.516532353550866e-05,1.0,636.2250608865843,1.0000001154252258
sheet2_to_sheet1,3,236,2.607771506991312e-05,1.0,636.2250608865843,1.0000001154252258
sheet2_to_sheet1,3,237,2.6497603201173446e-05,1.0,636.2250608865843,1.0000001154252258
sheet2_to_sheet1,3,238,2.8235369730554054e-05,1.0,636.2250608865843,1.0000001154252258
sheet2_to_sheet1,3,239,2.8412672711060398e-05,1.0,636.2250608865843,1.0000001154252258
sheet2_to_sheet1,3,240,2.994783403527662e-05,1.0,636.2250608865843,1.0000001154252258
sheet2_to_sheet1,3,241,3.072123529359034e-05,1.0,636.2250608865843,1.0000001154252258
sheet2_to_sheet1,3,242,3.187456665828882e-05,1.0,636.2250608865843,1.0000001154252258
sheet2_to_sheet1,3,243,3.222158037424623e-05,1.0,636.2250608865843,1.0000001154252258
sheet2_to_sheet1,3,244,3.289317038473065e-05,1.0,636.2250608865843,1.0000001154252258
sheet2_to_sheet1,3,245,3.4072214808808573e-05,1.0,636.2250608865843,1.0000001154252258
sheet2_to_sheet1,3,246,3.4850805922711874e-05,1.0,636.2250608865843,1.0000001154252258
sheet2_to_sheet1,3,247,3.587750498228735e-05,1.0,636.2250608865843,1.0000001154252258
sheet2_to_sheet1,3,248,3.711300317859166e-05,1.0,636.2250608865843,1.0000001154252258
sheet2_to_sheet1,3,249,3.83179523700798e-05,1.0,636.2250608865843,1.0000001154252258
sheet2_to_sheet1,3,250,3.893810424396196e-05,1.0,636.2250608865843,1.0000001154252258
sheet2_to_sheet1,3,251,4.0007329098390675e-05,1.0,636.2250608865843,1.0000001154252258
sheet2_to_sheet1,3,252,4.225554445278808e-05,1.0,636.2250608865843,1.0000001154252258
sheet2_to_sheet1,3,253,4.2414890511997744e-05,1.0,636.2250608865843,1.0000001154252258
sheet2_to_sheet1,3,254,4.355522224855607e-05,1.0,636.2250608865843,1.0000001154252258
sheet2_to_sheet1,3,255,4.479872515357283e-05,1.0,636.2250608865843,1.0000001154252258
sheet2_to_sheet1,3,256,4.710875045542468e-05,1.0,636.2250608865843,1.0000001154252258
sheet2_to_sheet1,3,257,4.769062514244664e-05,1.0,636.2250608865843,1.0000001154252258
sheet2_to_sheet1,3,258,4.888710821186078e-05,1.0,636.2250608865843,1.0000001154252258
sheet2_to_sheet1,3,259,5.0324465268303615e-05,1.0,636.2250608865843,1.0000001154252258
sheet2_to_sheet1,3,260,5.2431695285872875e-05,1.0,636.2250608865843,1.0000001154252258
sheet2_to_sheet1,3,261,5.354707511384547e-05,1.0,636.2250608865843,1.0000001154252258
sheet2_to_sheet1,3,262,5.56501653536592e-05,1.0,636.2250608865843,1.0000001154252258
sheet2_to_sheet1,3,263,5.777962670786292e-05,1.0,636.2250608865843,1.0000001154252258
sheet2_to_sheet1,3,264,5.881636283893205e-05,1.0,636.2250608865843,1.0000001154252258
sheet2_to_sheet1,3,265,6.131148851270056e-05,1.0,636.2250608865843,1.0000001154252258
sheet2_to_sheet1,3,266,6.340757341476475e-05,1.0,636.2250608865843,1.0000001154252258
sheet2_to_sheet1,3,267,6.513892698700084e-05,1.0,636.2250608865843,1.0000001154252258
sheet2_to_sheet1,3,268,6.6045781636737e-05,1.0,636.2250608865843,1.0000001154252258
sheet2_to_sheet1,3,269,6.754725688835917e-05,1.0,636.2250608865843,1.0000001154252258
sheet2_to_sheet1,3,270,6.98553647557484e-05,1.0,636.2250608865843,1.0000001154252258
sheet2_to_sheet1,3,271,7.067366709540835e-05,1.0,636.2250608865843,1.0000001154252258
sheet2_to_sheet1,3,272,7.243691346784189e-05,1.0,636.2250608865843,1.0000001154252258
sheet2_to_sheet1,3,273,7.506139323171671e-05,1.0,636.2250608865843,1.0000001154252258
sheet2_to_sheet1,3,274,7.771309360244595e-05,1.0,636.2250608865843,1.0000001154252258
sheet2_to_sheet1,3,275,7.899806463211005e-05,1.0,636.2250608865843,1.0000001154252258
sheet2_to_sheet1,3,276,8.045004035714462e-05,1.0,636.2250608865843,1.0000001154252258
sheet2_to_sheet1,3,277,8.476181285365434e-05,1.0,636.2250608865843,1.0000001154252258
sheet2_to_sheet1,3,278,8.782898776123187e-05,1.0,636.2250608865843,1.0000001154252258
sheet2_to_sheet1,3,279,9.043219014968806e-05,1.0,636.2250608865843,1.0000001154252258
sheet2_to_sheet1,3,280,9.289284497809016e-05,1.0,636.2250608865843,1.0000001154252258
sheet2_to_sheet1,3,281,9.538414219385145e-05,1.0,636.2250608865843,1.0000001154252258
sheet2_to_sheet1,3,282,0.00010070741059352553,1.0,636.2250608865843,1.0000001154252258
sheet2_to_sheet1,3,283,0.0001023819141831293,1.0,636.2250608865843,1.0000001154252258
sheet2_to_sheet1,3,284,0.00010393674793393984,1.0,636.2250608865843,1.0000001154252258
sheet2_to_sheet1,3,285,0.00010526240498567848,1.0,636.2250608865843,1.0000001154252258
sheet2_to_sheet1,3,286,0.00010820300079666294,1.0,636.2250608865843,1.0000001154252258
sheet2_to_sheet1,3,287,0.00011139617815188531,1.0,636.2250608865843,1.0000001154252258
sheet2_to_sheet1,3,288,0.0001148473127858249,1.0,636.2250608865843,1.0000001154252258
sheet2_to_sheet1,3,289,0.00011756976767638692,1.0,636.2250608865843,1.0000001154252258
sheet2_to_sheet1,3,290,0.00012245828431014217,1.0,636.2250608865843,1.0000001154252258
sheet2_to_sheet1,3,291,0.00012647785344034363,1.0,636.2250608865843,1.0000001154252258
sheet2_to_sheet1,3,292,0.00012755065197893886,1.0,636.2250608865843,1.0000001154252258
sheet2_to_sheet1,3,293,0.00013520663398811525,1.0,636.2250608865843,1.0000001154252258
sheet2_to_sheet1,3,294,0.00013630214512390883,1.0,636.2250608865843,1.0000001154252258
sheet2_to_sheet1,3,295,0.00014235598234555805,1.0,636.2250608865843,1.0000001154252258
sheet2_to_sheet1,3,296,0.00014595195340616027,1.0,636.2250608865843,1.0000001154252258
sheet2_to_sheet1,3,297,0.00015602046199527384,1.0,636.2250608865843,1.0000001154252258
sheet2_to_sheet1,3,298,0.00015759795587973598,1.0,636.2250608865843,1.0000001154252258
sheet2_to_sheet1,3,299,0.0001634618367437083,1.0,636.2250608865843,1.0000001154252258
sheet2_to_sheet1,3,300,0.0001690085204269365,1.0,636.2250608865843,1.0000001154252258
sheet2_to_sheet1,3,301,0.000177654325218429,1.0,636.2250608865843,1.0000001154252258
sheet2_to_sheet1,3,302,0.00018434845296194001,1.0,636.2250608865843,1.0000001154252258
sheet2_to_sheet1,3,303,0.0001902956950567197,1.0,636.2250608865843,1.0000001154252258
sheet2_to_sheet1,3,304,0.0001934084140022745,1.0,636.2250608865843,1.0000001154252258
sheet2_to_sheet1,3,305,0.00019755889284045434,1.0,636.2250608865843,1.0000001154252258
sheet2_to_sheet1,3,306,0.00020881536863185198,1.0,636.2250608865843,1.0000001154252258
sheet2_to_sheet1,3,307,0.0002099898272212741,1.0,636.2250608865843,1.0000001154252258
sheet2_to_sheet1,3,308,0.00021433993791607873,1.0,636.2250608865843,1.0000001154252258
sheet2_to_sheet1,3,309,0.00023183160891361706,1.0,636.2250608865843,1.0000001154252258
sheet2_to_sheet1,3,310,0.00023695052274197252,1.0,636.2250608865843,1.0000001154252258
sheet2_to_sheet1,3,311,0.00024803800953727555,1.0,636.2250608865843,1.0000001154252258
sheet2_to_sheet1,3,312,0.00025247121390510027,1.0,636.2250608865843,1.0000001154252258
sheet2_to_sheet1,3,313,0.00026124550861085207,1.0,636.2250608865843,1.0000001154252258
sheet2_to_sheet1,3,314,0.00026621883612968505,1.0,636.2250608865843,1.0000001154252258
sheet2_to_sheet1,3,315,0.00027105599834797994,1.0,636.2250608865843,1.0000001154252258
sheet2_to_sheet1,3,316,0.00028252160820199825,1.0,636.2250608865843,1.0000001154252258
sheet2_to_sheet1,3,317,0.0002883000274870679,1.0,636.2250608865843,1.0000001154252258
sheet2_to_sheet1,3,318,0.00029809404868973014,1.0,636.2250608865843,1.0000001154252258
sheet2_to_sheet1,3,319,0.0003117100447356811,1.0,636.2250608865843,1.0000001154252258
sheet2_to_sheet1,3,320,0.00031992117593839864,1.0,636.2250608865843,1.0000001154252258
sheet2_to_sheet1,3,321,0.00033763235062656303,1.0,636.2250608865843,1.0000001154252258
sheet2_to_sheet1,3,322,0.0003410362010183949,1.0,636.2250608865843,1.0000001154252258
sheet2_to_sheet1,3,323,0.00034357551581549046,1.0,636.2250608865843,1.0000001154252258
sheet2_to_sheet1,3,324,0.00034589018779825363,1.0,636.2250608865843,1.0000001154252258
sheet2_to_sheet1,3,325,0.00036001591642185034,1.0,636.2250608865843,1.0000001154252258
sheet2_to_sheet1,3,326,0.0003699400450034558,1.0,636.2250608865843,1.0000001154252258
sheet2_to_sheet1,3,327,0.0003799183435101782,1.0,636.2250608865843,1.0000001154252258
sheet2_to_sheet1,3,328,0.0003841468662317535,1.0,636.2250608865843,1.0000001154252258
sheet2_to_sheet1,3,329,0.0003912355911045839,1.0,636.2250608865843,1.0000001154252258
sheet2_to_sheet1,3,330,0.0003963348144597401,1.0,636.2250608865843,1.0000001154252258
sheet2_to_sheet1,3,331,0.00040329327559324515,1.0,636.2250608865843,1.0000001154252258
sheet2_to_sheet1,3,332,0.00041583434190669953,1.0,636.2250608865843,1.0000001154252258
sheet2_to_sheet1,3,333,0.0004234755009384074,1.0,636.2250608865843,1.0000001154252258
sheet2_to_sheet1,3,334,0.0004357083136373705,1.0,636.2250608865843,1.0000001154252258
sheet2_to_sheet1,3,335,0.0004510715556092332,1.0,636.2250608865843,1.0000001154252258
sheet2_to_sheet1,3,336,0.0004618376113845665,1.0,636.2250608865843,1.0000001154252258
sheet2_to_sheet1,3,337,0.0004681530824343568,1.0,636.2250608865843,1.0000001154252258
sheet2_to_sheet1,3,338,0.00047252298910371203,1.0,636.2250608865843,1.0000001154252258
sheet2_to_sheet1,3,339,0.00048727510634427167,1.0,636.2250608865843,1.0000001154252258
sheet2_to_sheet1,3,340,0.000493614880841671,1.0,636.2250608865843,1.0000001154252258
sheet2_to_sheet1,3,341,0.0005139207519395223,1.0,636.2250608865843,1.0000001154252258
sheet2_to_sheet1,3,342,0.0005250891612129591,1.0,636.2250608865843,1.0000001154252258
sheet2_to_sheet1,3,343,0.0005538036662869785,1.0,636.2250608865843,1.0000001154252258
sheet2_to_sheet1,3,344,0.0005562276886285811,1.0,636.2250608865843,1.0000001154252258
sheet2_to_sheet1,3,345,0.0005796980190840221,1.0,636.2250608865843,1.0000001154252258
sheet2_to_sheet1,3,346,0.0005903265034885984,1.0,636.2250608865843,1.0000001154252258
sheet2_to_sheet1,3,347,0.0006168994160651562,1.0,636.2250608865843,1.0000001154252258
sheet2_to_sheet1,3,348,0.0006319878535561376,1.0,636.2250608865843,1.0000001154252258
sheet2_to_sheet1,3,349,0.00064441223872569,1.0,636.2250608865843,1.0000001154252258
sheet2_to_sheet1,3,350,0.0006526449991417005,1.0,636.2250608865843,1.0000001154252258
sheet2_to_sheet1,3,351,0.0006625207923475567,1.0,636.2250608865843,1.0000001154252258
sheet2_to_sheet1,3,352,0.0006676371755404793,1.0,636.2250608865843,1.0000001154252258
sheet2_to_sheet1,3,353,0.0006834824832804595,1.0,636.2250608865843,1.0000001154252258
sheet2_to_sheet1,3,354,0.0007144812766631389,1.0,636.2250608865843,1.0000001154252258
sheet2_to_sheet1,3,355,0.0007256681702124583,1.0,636.2250608865843,1.0000001154252258
sheet2_to_sheet1,3,356,0.0007483286884199506,1.0,636.2250608865843,1.0000001154252258
sheet2_to_sheet1,3,357,0.0007511834597753034,1.0,636.2250608865843,1.0000001154252258
sheet2_to_sheet1,3,358,0.0007764940266339689,1.0,636.2250608865843,1.0000001154252258
sheet2_to_sheet1,3,359,0.0007908369966306983,1.0,636.2250608865843,1.0000001154252258
sheet2_to_sheet1,3,360,0.0008062221683049815,1.0,636.2250608865843,1.0000001154252258
sheet2_to_sheet1,3,361,0.0008194796453641911,1.0,636.2250608865843,1.0000001154252258
sheet2_to_sheet1,3,362,0.0008474795437589687,1.0,636.2250608865843,1.0000001154252258
sheet2_to_sheet1,3,363,0.0008733217219696146,1.0,636.2250608865843,1.0000001154252258
sheet2_to_sheet1,3,364,0.0008874248382745375,1.0,636.2250608865843,1.0000001154252258
sheet2_to_sheet1,3,365,0.0009138153754864549,1.0,636.2250608865843,1.0000001154252258
sheet2_to_sheet1,3,366,0.0009378637421542115,1.0,636.2250608865843,1.0000001154252258
sheet2_to_sheet1,3,367,0.0009582412994478767,1.0,636.2250608865843,1.0000001154252258
sheet2_to_sheet1,3,368,0.0009976597694129176,1.0,636.2250608865843,1.0000001154252258
sheet2_to_sheet1,3,369,0.0010051923237226685,1.0,636.2250608865843,1.0000001154252258
sheet2_to_sheet1,3,370,0.0010443988396233897,1.0,636.2250608865843,1.0000001154252258
sheet2_to_sheet1,3,371,0.0010671246027012977,1.0,636.2250608865843,1.0000001154252258
sheet2_to_sheet1,3,372,0.0010841391695870402,1.0,636.2250608865843,1.0000001154252258
sheet2_to_sheet1,3,373,0.001105757272510039,1.0,636.2250608865843,1.0000001154252258
sheet2_to_sheet1,3,374,0.001139848716125852,1.0,636.2250608865843,1.0000001154252258
sheet2_to_sheet1,3,375,0.0011553490681592085,1.0,636.2250608865843,1.0000001154252258
sheet2_to_sheet1,3,376,0.001200420235397575,1.0,636.2250608865843,1.0000001154252258
sheet2_to_sheet1,3,377,0.0012343459082664713,1.0,636.2250608865843,1.0000001154252258
sheet2_to_sheet1,3,378,0.0012404523920389139,1.0,636.2250608865843,1.0000001154252258
sheet2_to_sheet1,3,379,0.0012876463078329147,1.0,636.2250608865843,1.0000001154252258
sheet2_to_sheet1,3,380,0.001307505132218681,1.0,636.2250608865843,1.0000001154252258
sheet2_to_sheet1,3,381,0.001344926457561731,1.0,636.2250608865843,1.0000001154252258
sheet2_to_sheet1,3,382,0.0013840288839771636,1.0,636.2250608865843,1.0000001154252258
sheet2_to_sheet1,3,383,0.0014028309330742753,1.0,636.2250608865843,1.0000001154252258
sheet2_to_sheet1,3,384,0.001472883608147309,1.0,636.2250608865843,1.0000001154252258
sheet2_to_sheet1,3,385,0.0014976958488765423,1.0,636.2250608865843,1.0000001154252258
sheet2_to_sheet1,3,386,0.0015377851239476927,1.0,636.2250608865843,1.0000001154252258
sheet2_to_sheet1,3,387,0.0015623459450597415,1.0,636.2250608865843,1.0000001154252258
sheet2_to_sheet1,3,388,0.0015867606432837683,1.0,636.2250608865843,1.0000001154252258
sheet2_to_sheet1,3,389,0.0016056976255708938,1.0,636.2250608865843,1.0000001154252258
sheet2_to_sheet1,3,390,0.00164090506556819,1.0,636.2250608865843,1.0000001154252258
sheet2_to_sheet1,3,391,0.0017034097584095686,1.0,636.2250608865843,1.0000001154252258
sheet2_to_sheet1,3,392,0.001726321845086017,1.0,636.2250608865843,1.0000001154252258
sheet2_to_sheet1,3,393,0.0017473024770481031,1.0,636.2250608865843,1.0000001154252258
sheet2_to_sheet1,3,394,0.0018037225634638498,1.0,636.2250608865843,1.0000001154252258
sheet2_to_sheet1,3,395,0.0018657322448470415,1.0,636.2250608865843,1.0000001154252258
sheet2_to_sheet1,3,396,0.0018673135755635359,1.0,636.2250608865843,1.0000001154252258
sheet2_to_sheet1,3,397,0.0019026596581410062,1.0,636.2250608865843,1.0000001154252258
sheet2_to_sheet1,3,398,0.0019893862196720957,1.0,636.2250608865843,1.0000001154252258
sheet2_to_sheet1,3,399,0.002067826995876903,1.0,636.2250608865843,1.0000001154252258
sheet2_to_sheet1,3,400,0.002108600537049716,1.0,636.2250608865843,1.0000001154252258
sheet2_to_sheet1,3,401,0.002190624213294166,1.0,636.2250608865843,1.0000001154252258
sheet2_to_sheet1,3,402,0.0021983486445129137,1.0,636.2250608865843,1.0000001154252258
sheet2_to_sheet1,3,403,0.0022221189611557504,1.0,636.2250608865843,1.0000001154252258
sheet2_to_sheet1,3,404,0.002278206097582964,1.0,636.2250608865843,1.0000001154252258
sheet2_to_sheet1,3,405,0.002316450304364553,1.0,636.2250608865843,1.0000001154252258
sheet2_to_sheet1,3,406,0.0023702143792328823,1.0,636.2250608865843,1.0000001154252258
sheet2_to_sheet1,3,407,0.0023993730874024973,1.0,636.2250608865843,1.0000001154252258
sheet2_to_sheet1,3,408,0.002431084623179131,1.0,636.2250608865843,1.0000001154252258
sheet2_to_sheet1,3,409,0.002504948653016649,1.0,636.2250608865843,1.0000001154252258
sheet2_to_sheet1,3,410,0.002534890098777075,1.0,636.2250608865843,1.0000001154252258
sheet2_to_sheet1,3,411,0.002641941837435461,1.0,636.2250608865843,1.0000001154252258
sheet2_to_sheet1,3,412,0.002669761722980064,1.0,636.2250608865843,1.0000001154252258
sheet2_to_sheet1,3,413,0.002754351179544773,1.0,636.2250608865843,1.0000001154252258
sheet2_to_sheet1,3,414,0.0028152479662225983,1.0,636.2250608865843,1.0000001154252258
sheet2_to_sheet1,3,415,0.0028742811096801545,1.0,636.2250608865843,1.0000001154252258
sheet2_to_sheet1,3,416,0.00291047822324485,1.0,636.2250608865843,1.0000001154252258
sheet2_to_sheet1,3,417,0.0029441734075890394,1.0,636.2250608865843,1.0000001154252258
sheet2_to_sheet1,3,418,0.0029764182852687286,1.0,636.2250608865843,1.0000001154252258
sheet2_to_sheet1,3,419,0.0030672010277932337,1.0,636.2250608865843,1.0000001154252258
sheet2_to_sheet1,3,420,0.0031462391249977815,1.0,636.2250608865843,1.0000001154252258
sheet2_to_sheet1,3,421,0.003190186137123288,1.0,636.2250608865843,1.0000001154252258
sheet2_to_sheet1,3,422,0.0032070079600822533,1.0,636.2250608865843,1.0000001154252258
sheet2_to_sheet1,3,423,0.003236844567125382,1.0,636.2250608865843,1.0000001154252258
sheet2_to_sheet1,3,424,0.0033091138081478393,1.0,636.2250608865843,1.0000001154252258
sheet2_to_sheet1,3,425,0.0033311740168776153,1.0,636.2250608865843,1.0000001154252258
sheet2_to_sheet1,3,426,0.003345889417654441,1.0,636.2250608865843,1.0000001154252258
sheet2_to_sheet1,3,427,0.0034779260611348412,1.0,636.2250608865843,1.0000001154252258
sheet2_to_sheet1,3,428,0.0035083527734728363,1.0,636.2250608865843,1.0000001154252258
sheet2_to_sheet1,3,429,0.0036248754584490943,1.0,636.2250608865843,1.0000001154252258
sheet2_to_sheet1,3,430,0.0036782393353450046,1.0,636.2250608865843,1.0000001154252258
sheet2_to_sheet1,3,431,0.0037930438128563546,1.0,636.2250608865843,1.0000001154252258
sheet2_to_sheet1,3,432,0.0039025790307895447,1.0,636.2250608865843,1.0000001154252258
sheet2_to_sheet1,3,433,0.003941879127535105,1.0,636.2250608865843,1.0000001154252258
sheet2_to_sheet1,3,434,0.003979159108135117,1.0,636.2250608865843,1.0000001154252258
sheet2_to_sheet1,3,435,0.004036142724303064,1.0,636.2250608865843,1.0000001154252258
sheet2_to_sheet1,3,436,0.004127632141327828,1.0,636.2250608865843,1.0000001154252258
sheet2_to_sheet1,3,437,0.0042103882614032495,1.0,636.2250608865843,1.0000001154252258
sheet2_to_sheet1,3,438,0.004283738606965203,1.0,636.2250608865843,1.0000001154252258
sheet2_to_sheet1,3,439,0.004445981711268854,1.0,636.2250608865843,1.0000001154252258
sheet2_to_sheet1,3,440,0.004505913163830844,1.0,636.2250608865843,1.0000001154252258
sheet2_to_sheet1,3,441,0.004561981300486848,1.0,636.2250608865843,1.0000001154252258
sheet2_to_sheet1,3,442,0.004707796428849056,1.0,636.2250608865843,1.0000001154252258
sheet2_to_sheet1,3,443,0.004763608808073984,1.0,636.2250608865843,1.0000001154252258
sheet2_to_sheet1,3,444,0.004878254883269795,1.0,636.2250608865843,1.0000001154252258
sheet2_to_sheet1,3,445,0.004919066416044813,1.0,636.2250608865843,1.0000001154252258
sheet2_to_sheet1,3,446,0.005027004222181287,1.0,636.2250608865843,1.0000001154252258
sheet2_to_sheet1,3,447,0.005112485341600604,1.0,636.2250608865843,1.0000001154252258
sheet2_to_sheet1,3,448,0.005192041787202624,1.0,636.2250608865843,1.0000001154252258
sheet2_to_sheet1,3,449,0.005236589012806123,1.0,636.2250608865843,1.0000001154252258
sheet2_to_sheet1,3,450,0.00548371086753915,1.0,636.2250608865843,1.0000001154252258
sheet2_to_sheet1,3,451,0.005518856628874348,1.0,636.2250608865843,1.0000001154252258
sheet2_to_sheet1,3,452,0.005654939502474153,1.0,636.2250608865843,1.0000001154252258
sheet2_to_sheet1,3,453,0.005692749616736067,1.0,636.2250608865843,1.0000001154252258
sheet2_to_sheet1,3,454,0.005787016352441396,1.0,636.2250608865843,1.0000001154252258
sheet2_to_sheet1,3,455,0.005844013212795897,1.0,636.2250608865843,1.0000001154252258
sheet2_to_sheet1,3,456,0.005923145155817474,1.0,636.2250608865843,1.0000001154252258
sheet2_to_sheet1,3,457,0.006056890666977688,1.0,636.2250608865843,1.0000001154252258
sheet2_to_sheet1,3,458,0.006215085176209171,1.0,636.2250608865843,1.0000001154252258
sheet2_to_sheet1,3,459,0.006307951225549571,1.0,636.2250608865843,1.0000001154252258
sheet2_to_sheet1,3,460,0.00644522341686781,1.0,636.2250608865843,1.0000001154252258
sheet2_to_sheet1,3,461,0.006565147741202861,1.0,636.2250608865843,1.0000001154252258
sheet2_to_sheet1,3,462,0.00676264225706133,1.0,636.2250608865843,1.0000001154252258
sheet2_to_sheet1,3,463,0.006827478603289004,1.0,636.2250608865843,1.0000001154252258
sheet2_to_sheet1,3,464,0.006944525116211875,1.0,636.2250608865843,1.0000001154252258
sheet2_to_sheet1,3,465,0.0070428151109568245,1.0,636.2250608865843,1.0000001154252258
sheet2_to_sheet1,3,466,0.007299872706321509,1.0,636.2250608865843,1.0000001154252258
sheet2_to_sheet1,3,467,0.007423128100749131,1.0,636.2250608865843,1.0000001154252258
sheet2_to_sheet1,3,468,0.007540439111293379,1.0,636.2250608865843,1.0000001154252258
sheet2_to_sheet1,3,469,0.007699159050653746,1.0,636.2250608865843,1.0000001154252258
sheet2_to_sheet1,3,470,0.007730983202627065,1.0,636.2250608865843,1.0000001154252258
sheet2_to_sheet1,3,471,0.007892685395427167,1.0,636.2250608865843,1.0000001154252258
sheet2_to_sheet1,3,472,0.007962620743433948,1.0,636.2250608865843,1.0000001154252258
sheet2_to_sheet1,3,473,0.008068669836826163,1.0,636.2250608865843,1.0000001154252258
sheet2_to_sheet1,3,474,0.008202469226713624,1.0,636.2250608865843,1.0000001154252258
sheet2_to_sheet1,3,475,0.00827436704825495,1.0,636.2250608865843,1.0000001154252258
sheet2_to_sheet1,3,476,0.008380374396623643,1.0,636.2250608865843,1.0000001154252258
sheet2_to_sheet1,3,477,0.00874656595732117,1.0,636.2250608865843,1.0000001154252258
sheet2_to_sheet1,3,478,0.008902601754745262,1.0,636.2250608865843,1.0000001154252258
sheet2_to_sheet1,3,479,0.009001305359719429,1.0,636.2250608865843,1.0000001154252258
sheet2_to_sheet1,3,480,0.009172970904516447,1.0,636.2250608865843,1.0000001154252258
sheet2_to_sheet1,3,481,0.009228265185857393,1.0,636.2250608865843,1.0000001154252258
sheet2_to_sheet1,3,482,0.009289961962439182,1.0,636.2250608865843,1.0000001154252258
sheet2_to_sheet1,3,483,0.009472331612015997,1.0,636.2250608865843,1.0000001154252258
sheet2_to_sheet1,3,484,0.009587769005781678,1.0,636.2250608865843,1.0000001154252258
sheet2_to_sheet1,3,485,0.009712029551980923,1.0,636.2250608865843,1.0000001154252258
sheet2_to_sheet1,3,486,0.009989851014729908,1.0,636.2250608865843,1.0000001154252258
sheet2_to_sheet1,3,487,0.010244104316668464,1.0,636.2250608865843,1.0000001154252258
sheet2_to_sheet1,3,488,0.010563482926123304,1.0,636.2250608865843,1.0000001154252258
sheet2_to_sheet1,3,489,0.0109344582955916,1.0,636.2250608865843,1.0000001154252258
sheet2_to_sheet1,3,490,0.010987263107732105,1.0,636.2250608865843,1.0000001154252258
sheet2_to_sheet1,3,491,0.011120125943449055,1.0,636.2250608865843,1.0000001154252258
sheet2_to_sheet1,3,492,0.011385912017717704,1.0,636.2250608865843,1.0000001154252258
sheet2_to_sheet1,3,493,0.01158803961862356,1.0,636.2250608865843,1.0000001154252258
sheet2_to_sheet1,3,494,0.011753930455736993,1.0,636.2250608865843,1.0000001154252258
sheet2_to_sheet1,3,495,0.01189875140508124,1.0,636.2250608865843,1.0000001154252258
sheet2_to_sheet1,3,496,0.012194691866366791,1.0,636.2250608865843,1.0000001154252258
sheet2_to_sheet1,3,497,0.012259334221560388,1.0,636.2250608865843,1.0000001154252258
sheet2_to_sheet1,3,498,0.012502533207233423,1.0,636.2250608865843,1.0000001154252258
sheet2_to_sheet1,3,499,0.012883098774863674,1.0,636.2250608865843,1.0000001154252258
sheet2_to_sheet1,3,500,0.013117566800358768,1.0,636.2250608865843,1.0000001154252258
sheet2_to_sheet1,3,501,0.013175773061823833,1.0,636.2250608865843,1.0000001154252258
sheet2_to_sheet1,3,502,0.013903197003295625,1.0,636.2250608865843,1.0000001154252258
sheet2_to_sheet1,3,503,0.014274076343683726,1.0,636.2250608865843,1.0000001154252258
sheet2_to_sheet1,3,504,0.014554442037311755,1.0,636.2250608865843,1.0000001154252258
sheet2_to_sheet1,3,505,0.014646896772243243,1.0,636.2250608865843,1.0000001154252258
sheet2_to_sheet1,3,506,0.015150024801744832,1.0,636.2250608865843,1.0000001154252258
sheet2_to_sheet1,3,507,0.015698562872881624,1.0,636.2250608865843,1.0000001154252258
sheet2_to_sheet1,3,508,0.016009912523995355,1.0,636.2250608865843,1.0000001154252258
sheet2_to_sheet1,3,509,0.016145997102973587,1.0,636.2250608865843,1.0000001154252258
sheet2_to_sheet1,3,510,0.016659388961976093,1.0,636.2250608865843,1.0000001154252258
sheet2_to_sheet1,3,511,0.016693500036855977,1.0,636.2250608865843,1.0000001154252258
sheet2_to_sheet1,3,512,0.01727466949695755,1.0,636.2250608865843,1.0000001154252258
sheet2_to_sheet1,3,513,0.01774218258107369,1.0,636.2250608865843,1.0000001154252258
sheet2_to_sheet1,3,514,0.01807614195784909,1.0,636.2250608865843,1.0000001154252258
sheet2_to_sheet1,3,515,0.018335679023168617,1.0,636.2250608865843,1.0000001154252258
sheet2_to_sheet1,3,516,0.018759921027739938,1.0,636.2250608865843,1.0000001154252258
sheet2_to_sheet1,3,517,0.018868172655216956,1.0,636.2250608865843,1.0000001154252258
sheet2_to_sheet1,3,518,0.01954994066304333,1.0,636.2250608865843,1.0000001154252258
sheet2_to_sheet1,3,519,0.01980257085563703,1.0,636.2250608865843,1.0000001154252258
sheet2_to_sheet1,3,520,0.0201473137257071,1.0,636.2250608865843,1.0000001154252258
sheet2_to_sheet1,3,521,0.020611536850423922,1.0,636.2250608865843,1.0000001154252258
sheet2_to_sheet1,3,522,0.021340130815856857,1.0,636.2250608865843,1.0000001154252258
sheet2_to_sheet1,3,523,0.022320639604636414,1.0,636.2250608865843,1.0000001154252258
sheet2_to_sheet1,3,524,0.022493131284629108,1.0,636.2250608865843,1.0000001154252258
sheet2_to_sheet1,3,525,0.023170785957880597,1.0,636.2250608865843,1.0000001154252258
sheet2_to_sheet1,3,526,0.02369222338678927,1.0,636.2250608865843,1.0000001154252258
sheet2_to_sheet1,3,527,0.023906048112687053,1.0,636.2250608865843,1.0000001154252258
sheet2_to_sheet1,3,528,0.024247668803833968,1.0,636.2250608865843,1.0000001154252258
sheet2_to_sheet1,3,529,0.02452435901818783,1.0,636.2250608865843,1.0000001154252258
sheet2_to_sheet1,3,530,0.024895410619373916,1.0,636.2250608865843,1.0000001154252258
sheet2_to_sheet1,3,531,0.025267617246605673,1.0,636.2250608865843,1.0000001154252258
sheet2_to_sheet1,3,532,0.025605121205337547,1.0,636.2250608865843,1.0000001154252258
sheet2_to_sheet1,3,533,0.02629900651224705,1.0,636.2250608865843,1.0000001154252258
sheet2_to_sheet1,3,534,0.02695671717289017,1.0,636.2250608865843,1.0000001154252258
sheet2_to_sheet1,3,535,0.027570392472240492,1.0,636.2250608865843,1.0000001154252258
sheet2_to_sheet1,3,536,0.028438631061333746,1.0,636.2250608865843,1.0000001154252258
sheet2_to_sheet1,3,537,0.028737333414470614,1.0,636.2250608865843,1.0000001154252258
sheet2_to_sheet1,3,538,0.029152667186037335,1.0,636.2250608865843,1.0000001154252258
sheet2_to_sheet1,3,539,0.02978873825380881,1.0,636.2250608865843,1.0000001154252258
sheet2_to_sheet1,3,540,0.03061314700309611,1.0,636.2250608865843,1.0000001154252258
sheet2_to_sheet1,3,541,0.03154993542100222,1.0,636.2250608865843,1.0000001154252258
sheet2_to_sheet1,3,542,0.031969622597704035,1.0,636.2250608865843,1.0000001154252258
sheet2_to_sheet1,3,543,0.03252939087190968,1.0,636.2250608865843,1.0000001154252258
sheet2_to_sheet1,3,544,0.03366253010048746,1.0,636.2250608865843,1.0000001154252258
sheet2_to_sheet1,3,545,0.03459702266945996,1.0,636.2250608865843,1.0000001154252258
sheet2_to_sheet1,3,546,0.03527575517341841,1.0,636.2250608865843,1.0000001154252258
sheet2_to_sheet1,3,547,0.035789771174188786,1.0,636.2250608865843,1.0000001154252258
sheet2_to_sheet1,3,548,0.03620762117418087,1.0,636.2250608865843,1.0000001154252258
sheet2_to_sheet1,3,549,0.03636002274928491,1.0,636.2250608865843,1.0000001154252258
sheet2_to_sheet1,3,550,0.03713495047823293,1.0,636.2250608865843,1.0000001154252258
sheet2_to_sheet1,3,551,0.037802025079051046,1.0,636.2250608865843,1.0000001154252258
sheet2_to_sheet1,3,552,0.038213696718313456,1.0,636.2250608865843,1.0000001154252258
sheet2_to_sheet1,3,553,0.03851928147508961,1.0,636.2250608865843,1.0000001154252258
sheet2_to_sheet1,3,554,0.04041122341188051,1.0,636.2250608865843,1.0000001154252258
sheet2_to_sheet1,3,555,0.04075335316512584,1.0,636.2250608865843,1.0000001154252258
sheet2_to_sheet1,3,556,0.04186991182315821,1.0,636.2250608865843,1.0000001154252258
sheet2_to_sheet1,3,557,0.04244764803127022,1.0,636.2250608865843,1.0000001154252258
sheet2_to_sheet1,3,558,0.04259278930790906,1.0,636.2250608865843,1.0000001154252258
sheet2_to_sheet1,3,559,0.043291076124119116,1.0,636.2250608865843,1.0000001154252258
sheet2_to_sheet1,3,560,0.043969287072828205,1.0,636.2250608865843,1.0000001154252258
sheet2_to_sheet1,3,561,0.04497822630459554,1.0,636.2250608865843,1.0000001154252258
sheet2_to_sheet1,3,562,0.04580361647620747,1.0,636.2250608865843,1.0000001154252258
sheet2_to_sheet1,3,563,0.0481532034036925,1.0,636.2250608865843,1.0000001154252258
sheet2_to_sheet1,3,564,0.04827579068553059,1.0,636.2250608865843,1.0000001154252258
sheet2_to_sheet1,3,565,0.049058316157825584,1.0,636.2250608865843,1.0000001154252258
sheet2_to_sheet1,3,566,0.04972502826240135,1.0,636.2250608865843,1.0000001154252258
sheet2_to_sheet1,3,567,0.05129047269864711,1.0,636.2250608865843,1.0000001154252258
sheet2_to_sheet1,3,568,0.05250321489531259,1.0,636.2250608865843,1.0000001154252258
sheet2_to_sheet1,3,569,0.05326564356209392,1.0,636.2250608865843,1.0000001154252258
sheet2_to_sheet1,3,570,0.054347160539994006,1.0,636.2250608865843,1.0000001154252258
sheet2_to_sheet1,3,571,0.05592628116564234,1.0,636.2250608865843,1.0000001154252258
sheet2_to_sheet1,3,572,0.05681606692201879,1.0,636.2250608865843,1.0000001154252258
sheet2_to_sheet1,3,573,0.057927052836516835,1.0,636.2250608865843,1.0000001154252258
sheet2_to_sheet1,3,574,0.058402292342966414,1.0,636.2250608865843,1.0000001154252258
sheet2_to_sheet1,3,575,0.06041805961897279,1.0,636.2250608865843,1.0000001154252258
sheet2_to_sheet1,3,576,0.060743923422230714,1.0,636.2250608865843,1.0000001154252258
sheet2_to_sheet1,3,577,0.06179055372799301,1.0,636.2250608865843,1.0000001154252258
sheet2_to_sheet1,3,578,0.06267572457785413,1.0,636.2250608865843,1.0000001154252258
sheet2_to_sheet1,3,579,0.06565478701889149,1.0,636.2250608865843,1.0000001154252258
sheet2_to_sheet1,3,580,0.06716261614457629,1.0,636.2250608865843,1.0000001154252258
sheet2_to_sheet1,3,581,0.0699286421555632,1.0,636.2250608865843,1.0000001154252258
sheet2_to_sheet1,3,582,0.07100294260454132,1.0,636.2250608865843,1.0000001154252258
sheet2_to_sheet1,3,583,0.07215777870292822,1.0,636.2250608865843,1.0000001154252258
sheet2_to_sheet1,3,584,0.0738389789734581,1.0,636.2250608865843,1.0000001154252258
sheet2_to_sheet1,3,585,0.07626297525241317,1.0,636.2250608865843,1.0000001154252258
sheet2_to_sheet1,3,586,0.07896147513756234,1.0,636.2250608865843,1.0000001154252258
sheet2_to_sheet1,3,587,0.08192983329557137,1.0,636.2250608865843,1.0000001154252258
sheet2_to_sheet1,3,588,0.08264599951600278,1.0,636.2250608865843,1.0000001154252258
sheet2_to_sheet1,3,589,0.08505562857413779,1.0,636.2250608865843,1.0000001154252258
sheet2_to_sheet1,3,590,0.08641223383554651,1.0,636.2250608865843,1.0000001154252258
sheet2_to_sheet1,3,591,0.08831674421154424,1.0,636.2250608865843,1.0000001154252258
sheet2_to_sheet1,3,592,0.09201979290854626,1.0,636.2250608865843,1.0000001154252258
sheet2_to_sheet1,3,593,0.09695836018533308,1.0,636.2250608865843,1.0000001154252258
sheet2_to_sheet1,3,594,0.0973243742877335,1.0,636.2250608865843,1.0000001154252258
sheet2_to_sheet1,3,595,0.09897362774142177,1.0,636.2250608865843,1.0000001154252258
sheet2_to_sheet1,3,596,0.10204401752911246,1.0,636.2250608865843,1.0000001154252258
sheet2_to_sheet1,3,597,0.10383851532819344,1.0,636.2250608865843,1.0000001154252258
sheet2_to_sheet1,3,598,0.10699161510095369,1.0,636.2250608865843,1.0000001154252258
sheet2_to_sheet1,3,599,0.10846047630144916,1.0,636.2250608865843,1.0000001154252258
sheet2_to_sheet1,3,600,0.11044371766121044,1.0,636.2250608865843,1.0000001154252258
sheet2_to_sheet1,3,601,0.11198445486846002,1.0,636.2250608865843,1.0000001154252258
sheet2_to_sheet1,3,602,0.11454785352625502,1.0,636.2250608865843,1.0000001154252258
sheet2_to_sheet1,3,603,0.11584509990209103,1.0,636.2250608865843,1.0000001154252258
sheet2_to_sheet1,3,604,0.1190234669188845,1.0,636.2250608865843,1.0000001154252258
sheet2_to_sheet1,3,605,0.12593179467285126,1.0,636.2250608865843,1.0000001154252258
sheet2_to_sheet1,3,606,0.12918173965258192,1.0,636.2250608865843,1.0000001154252258
sheet2_to_sheet1,3,607,0.13050882333131159,1.0,636.2250608865843,1.0000001154252258
sheet2_to_sheet1,3,608,0.13236380991838498,1.0,636.2250608865843,1.0000001154252258
sheet2_to_sheet1,3,609,0.13689690279008798,1.0,636.2250608865843,1.0000001154252258
sheet2_to_sheet1,3,610,0.14069256274598102,1.0,636.2250608865843,1.0000001154252258
sheet2_to_sheet1,3,611,0.1443479021221031,1.0,636.2250608865843,1.0000001154252258
sheet2_to_sheet1,3,612,0.14760269371889045,1.0,636.2250608865843,1.0000001154252258
sheet2_to_sheet1,3,613,0.15279104854728887,1.0,636.2250608865843,1.0000001154252258
sheet2_to_sheet1,3,614,0.15460358219001122,1.0,636.2250608865843,1.0000001154252258
sheet2_to_sheet1,3,615,0.15907208951169985,1.0,636.2250608865843,1.0000001154252258
sheet2_to_sheet1,3,616,0.16503015092352438,1.0,636.2250608865843,1.0000001154252258
sheet2_to_sheet1,3,617,0.16727196051751017,1.0,636.2250608865843,1.0000001154252258
sheet2_to_sheet1,3,618,0.17041332988859964,1.0,636.2250608865843,1.0000001154252258
sheet2_to_sheet1,3,619,0.17638388750843204,1.0,636.2250608865843,1.0000001154252258
sheet2_to_sheet1,3,620,0.18352267692991553,1.0,636.2250608865843,1.0000001154252258
sheet2_to_sheet1,3,621,0.18898433997591058,1.0,636.2250608865843,1.0000001154252258
sheet2_to_sheet1,3,622,0.19343508819393906,1.0,636.2250608865843,1.0000001154252258
sheet2_to_sheet1,3,623,0.19622510414579883,1.0,636.2250608865843,1.0000001154252258
sheet2_to_sheet1,3,624,0.20059882923813713,1.0,636.2250608865843,1.0000001154252258
sheet2_to_sheet1,3,625,0.20496954802550377,1.0,636.2250608865843,1.0000001154252258
sheet2_to_sheet1,3,626,0.2091886171124012,1.0,636.2250608865843,1.0000001154252258
sheet2_to_sheet1,3,627,0.2103126435351494,1.0,636.2250608865843,1.0000001154252258
sheet2_to_sheet1,3,628,0.2170935245428336,1.0,636.2250608865843,1.0000001154252258
sheet2_to_sheet1,3,629,0.2207600057551254,1.0,636.2250608865843,1.0000001154252258
sheet2_to_sheet1,3,630,0.22582593327941186,1.0,636.2250608865843,1.0000001154252258
sheet2_to_sheet1,3,631,0.23740619005761324,1.0,636.2250608865843,1.0000001154252258
sheet2_to_sheet1,3,632,0.24754630371293815,1.0,636.2250608865843,1.0000001154252258
sheet2_to_sheet1,3,633,0.2630490636609894,1.0,636.2250608865843,1.0000001154252258
sheet2_to_sheet1,3,634,0.2716653274701294,1.0,636.2250608865843,1.0000001154252258
sheet2_to_sheet1,3,635,0.28459703346521376,1.0,636.2250608865843,1.0000001154252258
sheet2_to_sheet1,3,636,0.28548425086070045,1.0,636.2250608865843,1.0000001154252258
sheet2_to_sheet1,3,637,0.3023954183312398,1.0,636.2250608865843,1.0000001154252258
sheet2_to_sheet1,3,638,0.3074921266253534,1.0,636.2250608865843,1.0000001154252258
sheet2_to_sheet1,3,639,0.3103885278810069,1.0,636.2250608865843,1.0000001154252258
sheet2_to_sheet1,3,640,0.32713127101732686,1.0,636.2250608865843,1.0000001154252258
sheet2_to_sheet1,3,641,0.336116264474952,1.0,636.2250608865843,1.0000001154252258
sheet2_to_sheet1,3,642,0.34562731061022595,1.0,636.2250608865843,1.0000001154252258
sheet2_to_sheet1,3,643,0.35475490628725076,1.0,636.2250608865843,1.0000001154252258
sheet2_to_sheet1,3,644,0.36429545952085296,1.0,636.2250608865843,1.0000001154252258
sheet2_to_sheet1,3,645,0.37378192493272927,1.0,636.2250608865843,1.0000001154252258
sheet2_to_sheet1,3,646,0.38635172392789596,1.0,636.2250608865843,1.0000001154252258
sheet2_to_sheet1,3,647,0.4066310413868429,1.0,636.2250608865843,1.0000001154252258
sheet2_to_sheet1,3,648,0.4222191961971764,1.0,636.2250608865843,1.0000001154252258
sheet2_to_sheet1,3,649,0.4245475151334487,1.0,636.2250608865843,1.0000001154252258
sheet2_to_sheet1,3,650,0.45147843812258437,1.0,636.2250608865843,1.0000001154252258
sheet2_to_sheet1,3,651,0.4620299931799542,1.0,636.2250608865843,1.0000001154252258
sheet2_to_sheet1,3,652,0.4764163401084253,1.0,636.2250608865843,1.0000001154252258
sheet2_to_sheet1,3,653,0.4906958394514403,1.0,636.2250608865843,1.0000001154252258
sheet2_to_sheet1,3,654,0.5627720694733737,1.0,636.2250608865843,1.0000001154252258
sheet2_to_sheet1,3,655,0.5688831673245368,1.0,636.2250608865843,1.0000001154252258
sheet2_to_sheet1,3,656,0.6006642263297227,1.0,636.2250608865843,1.0000001154252258
sheet2_to_sheet1,3,657,0.61092280920909,1.0,636.2250608865843,1.0000001154252258
sheet2_to_sheet1,3,658,0.6344928421597477,1.0,636.2250608865843,1.0000001154252258
sheet2_to_sheet1,3,659,0.6606975457327241,1.0,636.2250608865843,1.0000001154252258
sheet2_to_sheet1,3,660,0.6775061028423865,1.0,636.2250608865843,1.0000001154252258
sheet2_to_sheet1,3,661,0.6889923440038619,1.0,636.2250608865843,1.0000001154252258
sheet2_to_sheet1,3,662,0.705848099833727,1.0,636.2250608865843,1.0000001154252258
sheet2_to_sheet1,3,663,0.7135363217736778,1.0,636.2250608865843,1.0000001154252258
sheet2_to_sheet1,3,664,0.7343417045020295,1.0,636.2250608865843,1.0000001154252258
sheet2_to_sheet1,3,665,0.7435302489449671,1.0,636.2250608865843,1.0000001154252258
sheet2_to_sheet1,3,666,0.7872806973537937,1.0,636.2250608865843,1.0000001154252258
sheet2_to_sheet1,3,667,0.8379116275523287,1.0,636.2250608865843,1.0000001154252258
sheet2_to_sheet1,3,668,0.8734853906921821,1.0,636.2250608865843,1.0000001154252258
sheet2_to_sheet1,3,669,0.8984291213941782,1.0,636.2250608865843,1.0000001154252258
sheet2_to_sheet1,3,670,0.935892928167405,1.0,636.2250608865843,1.0000001154252258
sheet2_to_sheet1,3,671,0.9699686800364058,1.0,636.2250608865843,1.0000001154252258
sheet2_to_sheet1,3,672,1.0217750490861093,1.0,636.2250608865843,1.0000001154252258
sheet2_to_sheet1,3,673,1.0408675577929971,1.0,636.2250608865843,1.0000001154252258
sheet2_to_sheet1,3,674,1.0677952969628959,1.0,636.2250608865843,1.0000001154252258
sheet2_to_sheet1,3,675,1.13910299594234,1.0,636.2250608865843,1.0000001154252258
sheet2_to_sheet1,3,676,1.1485521634964737,1.0,636.2250608865843,1.0000001154252258
sheet2_to_sheet1,3,677,1.232274149354086,1.0,636.2250608865843,1.0000001154252258
sheet2_to_sheet1,3,678,1.2814474051383025,1.0,636.2250608865843,1.0000001154252258
sheet2_to_sheet1,3,679,1.415119813920412,1.0,636.2250608865843,1.0000001154252258
sheet2_to_sheet1,3,680,1.4700484625573123,1.0,636.2250608865843,1.0000001154252258
sheet2_to_sheet1,3,681,1.616701422471102,1.0,636.2250608865843,1.0000001154252258
sheet2_to_sheet1,3,682,1.697835915661381,1.0,636.2250608865843,1.0000001154252258
sheet2_to_sheet1,3,683,1.7272546566666338,1.0,636.2250608865843,1.0000001154252258
sheet2_to_sheet1,3,684,1.778510184738271,1.0,636.2250608865843,1.0000001154252258
sheet2_to_sheet1,3,685,1.8351033670632204,1.0,636.2250608865843,1.0000001154252258
sheet2_to_sheet1,3,686,1.9068433434769598,1.0,636.2250608865843,1.0000001154252258
sheet2_to_sheet1,3,687,2.0210600919834536,1.0,636.2250608865843,1.0000001154252258
sheet2_to_sheet1,3,688,2.130504391591091,1.0,636.2250608865843,1.0000001154252258
sheet2_to_sheet1,3,689,2.3346326275236535,1.0,636.2250608865843,1.0000001154252258
sheet2_to_sheet1,3,690,2.444905731168315,1.0,636.2250608865843,1.0000001154252258
sheet2_to_sheet1,3,691,2.6341449854984997,1.0,636.2250608865843,1.0000001154252258
sheet2_to_sheet1,3,692,2.7312391593198413,1.0,636.2250608865843,1.0000001154252258
sheet2_to_sheet1,3,693,2.9088498472200404,1.0,636.2250608865843,1.0000001154252258
sheet2_to_sheet1,3,694,3.1469305408329475,1.0,636.2250608865843,1.0000001154252258
sheet2_to_sheet1,3,695,3.290496372876525,1.0,636.2250608865843,1.0000001154252258
sheet2_to_sheet1,3,696,3.45765231631223,1.0,636.2250608865843,1.0000001154252258
sheet2_to_sheet1,3,697,3.5625497280623923,1.0,636.2250608865843,1.0000001154252258
sheet2_to_sheet1,3,698,3.6174054748752225,1.0,636.2250608865843,1.0000001154252258
sheet2_to_sheet1,3,699,3.7059285695642625,1.0,636.2250608865843,1.0000001154252258
sheet2_to_sheet1,3,700,4.142671167602677,1.0,636.2250608865843,1.0000001154252258
sheet2_to_sheet1,3,701,4.2740542665256624,1.0,636.2250608865843,1.0000001154252258
sheet2_to_sheet1,3,702,4.540289630949239,1.0,636.2250608865843,1.0000001154252258
sheet2_to_sheet1,3,703,4.751166212499737,1.0,636.2250608865843,1.0000001154252258
sheet2_to_sheet1,3,704,4.799855417478743,1.0,636.2250608865843,1.0000001154252258
sheet2_to_sheet1,3,705,4.971931821977291,1.0,636.2250608865843,1.0000001154252258
sheet2_to_sheet1,3,706,5.262152314867627,1.0,636.2250608865843,1.0000001154252258
sheet2_to_sheet1,3,707,5.464969932731978,1.0,636.2250608865843,1.0000001154252258
sheet2_to_sheet1,3,708,5.716998895398352,1.0,636.2250608865843,1.0000001154252258
sheet2_to_sheet1,3,709,5.836353158884905,1.0,636.2250608865843,1.0000001154252258
sheet2_to_sheet1,3,710,6.356448343496272,1.0,636.2250608865843,1.0000001154252258
sheet2_to_sheet1,3,711,6.430907938230233,1.0,636.2250608865843,1.0000001154252258
sheet2_to_sheet1,3,712,7.4222071173494415,1.0,636.2250608865843,1.0000001154252258
sheet2_to_sheet1,3,713,7.512211817934474,1.0,636.2250608865843,1.0000001154252258
sheet2_to_sheet1,3,714,8.300414070767758,1.0,636.2250608865843,1.0000001154252258
sheet2_to_sheet1,3,715,9.728352296098453,1.0,636.2250608865843,1.0000001154252258
sheet2_to_sheet1,3,716,10.138553783496338,1.0,636.2250608865843,1.0000001154252258
sheet2_to_sheet1,3,717,11.038724138297274,1.0,636.2250608865843,1.0000001154252258
sheet2_to_sheet1,3,718,11.710612663043419,1.0,636.2250608865843,1.0000001154252258
sheet2_to_sheet1,3,719,11.853200739264642,1.0,636.2250608865843,1.0000001154252258
sheet2_to_sheet1,3,720,12.920057725433889,1.0,636.2250608865843,1.0000001154252258
sheet2_to_sheet1,3,721,13.57676316052357,1.0,636.2250608865843,1.0000001154252258
sheet2_to_sheet1,3,722,14.661715366316688,1.0,636.2250608865843,1.0000001154252258
sheet2_to_sheet1,3,723,15.727310813608145,1.0,636.2250608865843,1.0000001154252258
sheet2_to_sheet1,3,724,16.92300700492093,1.0,636.2250608865843,1.0000001154252258
sheet2_to_sheet1,3,725,17.815997095520313,1.0,636.2250608865843,1.0000001154252258
sheet2_to_sheet1,3,726,18.34120387471369,1.0,636.2250608865843,1.0000001154252258
sheet2_to_sheet1,3,727,20.02952094612782,1.0,636.2250608865843,1.0000001154252258
sheet2_to_sheet1,3,728,20.28885833466259,1.0,636.2250608865843,1.0000001154252258
sheet2_to_sheet1,3,729,23.028834790057108,1.0,636.2250608865843,1.0000001154252258
sheet2_to_sheet1,3,730,23.569678776677403,1.0,636.2250608865843,1.0000001154252258
sheet2_to_sheet1,3,731,27.02069038702595,1.0,636.2250608865843,1.0000001154252258
sheet2_to_sheet1,3,732,28.350569395614496,1.0,636.2250608865843,1.0000001154252258
sheet2_to_sheet1,3,733,29.0133037397746,1.0,636.2250608865843,1.0000001154252258
sheet2_to_sheet1,3,734,30.851499426002544,1.0,636.2250608865843,1.0000001154252258
sheet2_to_sheet1,3,735,33.69658477197491,1.0,636.2250608865843,1.0000001154252258
sheet2_to_sheet1,3,736,40.542498727759195,1.0,636.2250608865843,1.0000001154252258
sheet2_to_sheet1,3,737,44.568574115415544,1.0,636.2250608865843,1.0000001154252258
sheet2_to_sheet1,3,738,47.86782435684551,1.0,636.2250608865843,1.0000001154252258
sheet2_to_sheet1,3,739,49.72140147450603,1.0,636.2250608865843,1.0000001154252258
sheet2_to_sheet1,3,740,52.17705465811874,1.0,636.2250608865843,1.0000001154252258
sheet2_to_sheet1,3,741,58.007738500460015,1.0,636.2250608865843,1.0000001154252258
sheet2_to_sheet1,3,742,61.03851107403522,1.0,636.2250608865843,1.0000001154252258
sheet2_to_sheet1,3,743,67.33212689546986,1.0,636.2250608865843,1.0000001154252258
sheet2_to_sheet1,3,744,75.53413654732041,1.0,636.2250608865843,1.0000001154252258
sheet2_to_sheet1,3,745,87.12988935051195,1.0,636.2250608865843,1.0000001154252258
sheet2_to_sheet1,3,746,90.16995616165235,1.0,636.2250608865843,1.0000001154252258
sheet2_to_sheet1,3,747,105.20435757718344,1.0,636.2250608865843,1.0000001154252258
sheet2_to_sheet1,3,748,111.47405616081696,1.0,636.2250608865843,1.0000001154252258
sheet2_to_sheet1,3,749,125.08820939032995,1.0,636.2250608865843,1.0000001154252258
sheet2_to_sheet1,3,750,127.64437763059233,1.0,636.2250608865843,1.0000001154252258
sheet2_to_sheet1,3,751,145.2025280616652,1.0,636.2250608865843,1.0000001154252258
sheet2_to_sheet1,3,752,153.71384884046498,1.0,636.2250608865843,1.0000001154252258
sheet2_to_sheet1,3,753,162.26984000114874,1.0,636.2250608865843,1.0000001154252258
sheet2_to_sheet1,3,754,183.08195472886263,1.0,636.2250608865843,1.0000001154252258
sheet2_to_sheet1,3,755,227.63310735989498,1.0,636.2250608865843,1.0000001154252258
sheet2_to_sheet1,3,756,246.85442858980386,1.0,636.2250608865843,1.0000001154252258
sheet2_to_sheet1,3,757,268.6508359638992,1.0,636.2250608865843,1.0000001154252258
sheet2_to_sheet1,3,758,304.8700060938006,1.0,636.2250608865843,1.0000001154252258
sheet2_to_sheet1,3,759,319.99332799731957,1.0,636.2250608865843,1.0000001154252258
sheet2_to_sheet1,3,760,342.4563988391974,1.0,636.2250608865843,1.0000001154252258
sheet2_to_sheet1,3,761,381.5796962981004,1.0,636.2250608865843,1.0000001154252258
sheet2_to_sheet1,3,762,420.05271191378927,1.0,636.2250608865843,1.0000001154252258
sheet2_to_sheet1,3,763,460.79519900599007,1.0,636.2250608865843,1.0000001154252258
sheet2_to_sheet1,3,764,531.2842367910598,1.0,636.2250608865843,1.0000001154252258
sheet2_to_sheet1,3,765,565.4769573644681,1.0,636.2250608865843,1.0000001154252258
sheet2_to_sheet1,3,766,679.1639107979662,1.0,636.2250608865843,1.0000001154252258
sheet2_to_sheet1,3,767,734.5232683867694,1.0,636.2250608865843,1.0000001154252258
sheet2_to_sheet1,3,768,862.5983740683296,1.0,636.2250608865843,1.0000001154252258
sheet2_to_sheet1,3,769,954.0769307103859,1.0,636.2250608865843,1.0000001154252258
sheet2_to_sheet1,3,770,1105.5536628331888,1.0,636.2250608865843,1.0000001154252258
sheet2_to_sheet1,3,771,1303.698863651666,1.0,636.2250608865843,1.0000001154252258
sheet2_to_sheet1,3,772,1520.3048466187927,1.0,636.2250608865843,1.0000001154252258
sheet2_to_sheet1,3,773,1830.644579311196,1.0,636.2250608865843,1.0000001154252258
sheet2_to_sheet1,3,774,2281.1965565560204,1.0,636.2250608865843,1.0000001154252258
sheet2_to_sheet1,3,775,2889.96276050866,1.0,636.2250608865843,1.0000001154252258
sheet2_to_sheet1,3,776,3677.9346489218938,1.0,636.2250608865843,1.0000001154252258
sheet2_to_sheet1,3,777,4225.404515636279,1.0,636.2250608865843,1.0000001154252258
sheet2_to_sheet1,3,778,4691.205153936324,1.0,636.2250608865843,1.0000001154252258
sheet2_to_sheet1,3,779,5208.650860752917,1.0,636.2250608865843,1.0000001154252258
sheet2_to_sheet1,3,780,7142.505935107174,1.0,636.2250608865843,1.0000001154252258
sheet2_to_sheet1,3,781,8266.090412455029,1.0,636.2250608865843,1.0000001154252258
sheet2_to_sheet1,3,782,10687.88586429183,1.0,636.2250608865843,1.0000001154252258
sheet2_to_sheet1,3,783,12904.094897982217,1.0,636.2250608865843,1.0000001154252258
sheet2_to_sheet1,3,784,19004.181475114903,1.0,636.2250608865843,1.0000001154252258
sheet2_to_sheet1,3,785,22311.536704291953,1.0,636.2250608865843,1.0000001154252258
sheet2_to_sheet1,3,786,26485.099111576117,1.0,636.2250608865843,1.0000001154252258
sheet2_to_sheet1,3,787,30002.29108823088,1.0,636.2250608865843,1.0000001154252258
sheet2_to_sheet1,3,788,34908.98093000309,1.0,636.2250608865843,1.0000001154252258
sheet2_to_sheet1,3,789,57993.63956811371,1.0,636.2250608865843,1.0000001154252258
sheet2_to_sheet1,3,790,121358.645986091,1.0,636.2250608865843,1.0000001154252258
sheet2_to_sheet1,3,791,158441.96391283363,1.0,636.2250608865843,1.0000001154252258
sheet2_to_sheet1,3,792,199846.26901355843,1.0,636.2250608865843,1.0000001154252258
sheet2_to_sheet1,3,793,246448.07768082406,1.0,636.2250608865843,1.0000001154252258
sheet2_to_sheet1,3,794,412946.17509198334,1.0,636.2250608865843,1.0000001154252258
sheet2_to_sheet1,3,795,445514.1130684499,1.0,636.2250608865843,1.0000001154252258
sheet2_to_sheet1,3,796,852275.2495723903,1.0,636.2250608865843,1.0000001154252258
sheet2_to_sheet1,3,797,1388013.6226305924,1.0,636.2250608865843,1.0000001154252258
sheet2_to_sheet1,3,798,1785472.75657678,1.0,636.2250608865843,1.0000001154252258
sheet2_to_sheet1,3,799,2757443.3959084116,1.0,636.2250608865843,1.0000001154252258
