task,Lx,Ly,horizon,fold,input,input_index,lag,correlation,bootstrap_lower,bootstrap_upper,bootstrap_block_length,significant,continuous_significant_intervals,block_permutation_max_abs_p95,is_fold_maximum,maximum_absolute_correlation,maximum_correlation_lag,fold_direction_consistent
short,64,16,1,1,主加热功率,0,0,-0.030469637889225597,-0.08350825812631262,0.027368172322884597,12,False,14:18;21:29;41:42;50:50,0.07697860220680218,False,0.06778372407774005,15,True
short,64,16,1,1,主加热功率,0,1,-0.029121873831762613,-0.08711217564573216,0.02267649681274982,12,False,14:18;21:29;41:42;50:50,0.07697860220680218,False,0.06778372407774005,15,True
short,64,16,1,1,主加热功率,0,2,-0.023978400131974463,-0.08228784625551758,0.029345654779156863,12,False,14:18;21:29;41:42;50:50,0.07697860220680218,False,0.06778372407774005,15,True
short,64,16,1,1,主加热功率,0,3,-0.03902287932570189,-0.09748979074227143,0.016303391280676077,12,False,14:18;21:29;41:42;50:50,0.07697860220680218,False,0.06778372407774005,15,True
short,64,16,1,1,主加热功率,0,4,-0.051869693879021996,-0.10861355614290143,0.004289200127914873,12,False,14:18;21:29;41:42;50:50,0.07697860220680218,False,0.06778372407774005,15,True
short,64,16,1,1,主加热功率,0,5,-0.05251967181967331,-0.1132334759105894,0.008219485339093648,12,False,14:18;21:29;41:42;50:50,0.07697860220680218,False,0.06778372407774005,15,True
short,64,16,1,1,主加热功率,0,6,-0.04960481398977287,-0.1101804450925496,0.004954563299534322,12,False,14:18;21:29;41:42;50:50,0.07697860220680218,False,0.06778372407774005,15,True
short,64,16,1,1,主加热功率,0,7,-0.05658137468011153,-0.11283872901969,0.001614582978153594,12,False,14:18;21:29;41:42;50:50,0.07697860220680218,False,0.06778372407774005,15,True
short,64,16,1,1,主加热功率,0,8,-0.04993632408825683,-0.10580945987277274,0.00958169468118647,12,False,14:18;21:29;41:42;50:50,0.07697860220680218,False,0.06778372407774005,15,True
short,64,16,1,1,主加热功率,0,9,-0.04134243736747373,-0.10362068210269484,0.01135920721611939,12,False,14:18;21:29;41:42;50:50,0.07697860220680218,False,0.06778372407774005,15,True
short,64,16,1,1,主加热功率,0,10,-0.029711701725612612,-0.09312377410475582,0.019979304066924924,12,False,14:18;21:29;41:42;50:50,0.07697860220680218,False,0.06778372407774005,15,True
short,64,16,1,1,主加热功率,0,11,-0.029052270314667353,-0.09112572234400812,0.01896870913340911,12,False,14:18;21:29;41:42;50:50,0.07697860220680218,False,0.06778372407774005,15,True
short,64,16,1,1,主加热功率,0,12,-0.02796557757928775,-0.08159050626745327,0.025573938106924574,12,False,14:18;21:29;41:42;50:50,0.07697860220680218,False,0.06778372407774005,15,True
short,64,16,1,1,主加热功率,0,13,-0.04076250691612079,-0.0905873124880421,0.012304090782589278,12,False,14:18;21:29;41:42;50:50,0.07697860220680218,False,0.06778372407774005,15,True
short,64,16,1,1,主加热功率,0,14,-0.05613146243576645,-0.10640511676561103,-0.009570541302968442,12,True,14:18;21:29;41:42;50:50,0.07697860220680218,False,0.06778372407774005,15,True
short,64,16,1,1,主加热功率,0,15,-0.06778372407774005,-0.12133823122762748,-0.03123715666326681,12,True,14:18;21:29;41:42;50:50,0.07697860220680218,True,0.06778372407774005,15,True
short,64,16,1,1,主加热功率,0,16,-0.06055293494712945,-0.10748102429834878,-0.022567588149907686,12,True,14:18;21:29;41:42;50:50,0.07697860220680218,False,0.06778372407774005,15,True
short,64,16,1,1,主加热功率,0,17,-0.049792005878015244,-0.10312146700795832,-0.013767406288621095,12,True,14:18;21:29;41:42;50:50,0.07697860220680218,False,0.06778372407774005,15,True
short,64,16,1,1,主加热功率,0,18,-0.04477436957143018,-0.10388226820002663,-0.005043323799682903,12,True,14:18;21:29;41:42;50:50,0.07697860220680218,False,0.06778372407774005,15,True
short,64,16,1,1,主加热功率,0,19,-0.03157691398480273,-0.08488095452244161,0.007445525636504235,12,False,14:18;21:29;41:42;50:50,0.07697860220680218,False,0.06778372407774005,15,True
short,64,16,1,1,主加热功率,0,20,-0.03306293798718049,-0.07993093027584479,0.00761225939162982,12,False,14:18;21:29;41:42;50:50,0.07697860220680218,False,0.06778372407774005,15,True
short,64,16,1,1,主加热功率,0,21,-0.04127983911613108,-0.08594608172607382,-0.001988363225287876,12,True,14:18;21:29;41:42;50:50,0.07697860220680218,False,0.06778372407774005,15,True
short,64,16,1,1,主加热功率,0,22,-0.05477210206194454,-0.10323043104465465,-0.013100282217546303,12,True,14:18;21:29;41:42;50:50,0.07697860220680218,False,0.06778372407774005,15,True
short,64,16,1,1,主加热功率,0,23,-0.05733772968674239,-0.10502864154147659,-0.01141400405205563,12,True,14:18;21:29;41:42;50:50,0.07697860220680218,False,0.06778372407774005,15,True
short,64,16,1,1,主加热功率,0,24,-0.06250295086700516,-0.10791165218187601,-0.01595069136072418,12,True,14:18;21:29;41:42;50:50,0.07697860220680218,False,0.06778372407774005,15,True
short,64,16,1,1,主加热功率,0,25,-0.06148582721584718,-0.109267894975014,-0.017484455518016428,12,True,14:18;21:29;41:42;50:50,0.07697860220680218,False,0.06778372407774005,15,True
short,64,16,1,1,主加热功率,0,26,-0.058527346979973874,-0.10547005298072477,-0.010059015083691603,12,True,14:18;21:29;41:42;50:50,0.07697860220680218,False,0.06778372407774005,15,True
short,64,16,1,1,主加热功率,0,27,-0.056435418918577396,-0.10567915946892441,-0.008437694850966355,12,True,14:18;21:29;41:42;50:50,0.07697860220680218,False,0.06778372407774005,15,True
short,64,16,1,1,主加热功率,0,28,-0.059030233102084426,-0.10600202582256167,-0.012061457149230648,12,True,14:18;21:29;41:42;50:50,0.07697860220680218,False,0.06778372407774005,15,True
short,64,16,1,1,主加热功率,0,29,-0.04943114832444004,-0.10216039091889785,-0.005114081477633821,12,True,14:18;21:29;41:42;50:50,0.07697860220680218,False,0.06778372407774005,15,True
short,64,16,1,1,主加热功率,0,30,-0.03852472912051567,-0.08978212935502478,0.008764258888941976,12,False,14:18;21:29;41:42;50:50,0.07697860220680218,False,0.06778372407774005,15,True
short,64,16,1,1,主加热功率,0,31,-0.03607388152249357,-0.08672435461527805,0.01789059965963474,12,False,14:18;21:29;41:42;50:50,0.07697860220680218,False,0.06778372407774005,15,True
short,64,16,1,1,主加热功率,0,32,-0.03603380485086176,-0.08418776241081563,0.016337107313979707,12,False,14:18;21:29;41:42;50:50,0.07697860220680218,False,0.06778372407774005,15,True
short,64,16,1,1,主加热功率,0,33,-0.028846205439949864,-0.07161429680268054,0.01887500538222576,12,False,14:18;21:29;41:42;50:50,0.07697860220680218,False,0.06778372407774005,15,True
short,64,16,1,1,主加热功率,0,34,-0.032096126519334266,-0.07289806419393852,0.018467889654486123,12,False,14:18;21:29;41:42;50:50,0.07697860220680218,False,0.06778372407774005,15,True
short,64,16,1,1,主加热功率,0,35,-0.04068424282856144,-0.0858383421581221,0.014426953246611453,12,False,14:18;21:29;41:42;50:50,0.07697860220680218,False,0.06778372407774005,15,True
short,64,16,1,1,主加热功率,0,36,-0.040615079208324224,-0.09246057283570022,0.013731732832206026,12,False,14:18;21:29;41:42;50:50,0.07697860220680218,False,0.06778372407774005,15,True
short,64,16,1,1,主加热功率,0,37,-0.0309068177975941,-0.0825647044580383,0.019774589465603284,12,False,14:18;21:29;41:42;50:50,0.07697860220680218,False,0.06778372407774005,15,True
short,64,16,1,1,主加热功率,0,38,-0.03240145153439479,-0.07981894186501741,0.024577557287484484,12,False,14:18;21:29;41:42;50:50,0.07697860220680218,False,0.06778372407774005,15,True
short,64,16,1,1,主加热功率,0,39,-0.040319581739564396,-0.08749071039840166,0.016978560765954,12,False,14:18;21:29;41:42;50:50,0.07697860220680218,False,0.06778372407774005,15,True
short,64,16,1,1,主加热功率,0,40,-0.04655729585940623,-0.09213140831646831,0.005362072521986911,12,False,14:18;21:29;41:42;50:50,0.07697860220680218,False,0.06778372407774005,15,True
short,64,16,1,1,主加热功率,0,41,-0.05965573778626437,-0.10264882678010755,-0.008026852262405348,12,True,14:18;21:29;41:42;50:50,0.07697860220680218,False,0.06778372407774005,15,True
short,64,16,1,1,主加热功率,0,42,-0.06525380129371346,-0.11155256482441267,-0.009768682530222476,12,True,14:18;21:29;41:42;50:50,0.07697860220680218,False,0.06778372407774005,15,True
short,64,16,1,1,主加热功率,0,43,-0.053008963098711524,-0.10193981388278464,0.004839048624029348,12,False,14:18;21:29;41:42;50:50,0.07697860220680218,False,0.06778372407774005,15,True
short,64,16,1,1,主加热功率,0,44,-0.032386201869472324,-0.08305408102678002,0.020411860202264105,12,False,14:18;21:29;41:42;50:50,0.07697860220680218,False,0.06778372407774005,15,True
short,64,16,1,1,主加热功率,0,45,-0.025292053716963265,-0.07915326379925165,0.027118719133642364,12,False,14:18;21:29;41:42;50:50,0.07697860220680218,False,0.06778372407774005,15,True
short,64,16,1,1,主加热功率,0,46,-0.0297989001951936,-0.08491218840387299,0.016650226805440444,12,False,14:18;21:29;41:42;50:50,0.07697860220680218,False,0.06778372407774005,15,True
short,64,16,1,1,主加热功率,0,47,-0.026944728992702935,-0.08171105750502394,0.017159613451769563,12,False,14:18;21:29;41:42;50:50,0.07697860220680218,False,0.06778372407774005,15,True
short,64,16,1,1,主加热功率,0,48,-0.02693733526334114,-0.07892203824374124,0.015314549656937692,12,False,14:18;21:29;41:42;50:50,0.07697860220680218,False,0.06778372407774005,15,True
short,64,16,1,1,主加热功率,0,49,-0.039455505441464235,-0.08951801623846362,0.004301636020396118,12,False,14:18;21:29;41:42;50:50,0.07697860220680218,False,0.06778372407774005,15,True
short,64,16,1,1,主加热功率,0,50,-0.0472984360862084,-0.0988653514621806,-0.003367001619357243,12,True,14:18;21:29;41:42;50:50,0.07697860220680218,False,0.06778372407774005,15,True
short,64,16,1,1,晶升速度,1,0,-0.019804209933911365,-0.06734564993658657,0.022180769081817812,12,False,25:28,0.07751446091397483,False,0.06222033930324344,26,False
short,64,16,1,1,晶升速度,1,1,-0.028986720313103984,-0.07811762614262992,0.01388759135781745,12,False,25:28,0.07751446091397483,False,0.06222033930324344,26,False
short,64,16,1,1,晶升速度,1,2,-0.030601023889980716,-0.07996938599179693,0.01565639764918391,12,False,25:28,0.07751446091397483,False,0.06222033930324344,26,False
short,64,16,1,1,晶升速度,1,3,-0.03206573604679131,-0.07915328363550547,0.016672008618153673,12,False,25:28,0.07751446091397483,False,0.06222033930324344,26,False
short,64,16,1,1,晶升速度,1,4,-0.024875113585348555,-0.07365351685835814,0.023798220913615362,12,False,25:28,0.07751446091397483,False,0.06222033930324344,26,False
short,64,16,1,1,晶升速度,1,5,-0.0169360380891454,-0.06206748413002391,0.032974978200600615,12,False,25:28,0.07751446091397483,False,0.06222033930324344,26,False
short,64,16,1,1,晶升速度,1,6,-0.023390722041032323,-0.07014732136869371,0.025382784128552903,12,False,25:28,0.07751446091397483,False,0.06222033930324344,26,False
short,64,16,1,1,晶升速度,1,7,-0.037009004398821814,-0.08781352513023373,0.008848001532820546,12,False,25:28,0.07751446091397483,False,0.06222033930324344,26,False
short,64,16,1,1,晶升速度,1,8,-0.03485956960889138,-0.08475754343399512,0.011979983218646632,12,False,25:28,0.07751446091397483,False,0.06222033930324344,26,False
short,64,16,1,1,晶升速度,1,9,-0.03655332559133268,-0.08627376175192558,0.011854969825864318,12,False,25:28,0.07751446091397483,False,0.06222033930324344,26,False
short,64,16,1,1,晶升速度,1,10,-0.04120248553504602,-0.09184505353004835,0.007645380064270578,12,False,25:28,0.07751446091397483,False,0.06222033930324344,26,False
short,64,16,1,1,晶升速度,1,11,-0.03377056761287613,-0.08406032889037486,0.015285330801023584,12,False,25:28,0.07751446091397483,False,0.06222033930324344,26,False
short,64,16,1,1,晶升速度,1,12,-0.02299588520921396,-0.0727341493999,0.027266302348604006,12,False,25:28,0.07751446091397483,False,0.06222033930324344,26,False
short,64,16,1,1,晶升速度,1,13,-0.018838924432891695,-0.06595642112534325,0.03162153414804936,12,False,25:28,0.07751446091397483,False,0.06222033930324344,26,False
short,64,16,1,1,晶升速度,1,14,-0.017256098597677388,-0.06620907733520494,0.03061293800526473,12,False,25:28,0.07751446091397483,False,0.06222033930324344,26,False
short,64,16,1,1,晶升速度,1,15,-0.01589247288271046,-0.0658795061658143,0.030398726607019325,12,False,25:28,0.07751446091397483,False,0.06222033930324344,26,False
short,64,16,1,1,晶升速度,1,16,-0.01714613011630433,-0.06721419777893758,0.027456785980870552,12,False,25:28,0.07751446091397483,False,0.06222033930324344,26,False
short,64,16,1,1,晶升速度,1,17,-0.03044942089376634,-0.07868884232684943,0.01261361368623568,12,False,25:28,0.07751446091397483,False,0.06222033930324344,26,False
short,64,16,1,1,晶升速度,1,18,-0.03919850597998279,-0.08975928662148133,0.00324886574857943,12,False,25:28,0.07751446091397483,False,0.06222033930324344,26,False
short,64,16,1,1,晶升速度,1,19,-0.03540897839389354,-0.08403556362501904,0.0068331245276502745,12,False,25:28,0.07751446091397483,False,0.06222033930324344,26,False
short,64,16,1,1,晶升速度,1,20,-0.040873958724400715,-0.08891125458617588,0.004065356895489609,12,False,25:28,0.07751446091397483,False,0.06222033930324344,26,False
short,64,16,1,1,晶升速度,1,21,-0.03863107182515506,-0.09076791452859538,0.006415647642359379,12,False,25:28,0.07751446091397483,False,0.06222033930324344,26,False
short,64,16,1,1,晶升速度,1,22,-0.032533365934661364,-0.08558810110232339,0.01378060925296385,12,False,25:28,0.07751446091397483,False,0.06222033930324344,26,False
short,64,16,1,1,晶升速度,1,23,-0.029523292015935787,-0.08501252069519523,0.015195997010393347,12,False,25:28,0.07751446091397483,False,0.06222033930324344,26,False
short,64,16,1,1,晶升速度,1,24,-0.04381516153568111,-0.10216927076635464,0.001118711485115882,12,False,25:28,0.07751446091397483,False,0.06222033930324344,26,False
short,64,16,1,1,晶升速度,1,25,-0.05962833707886337,-0.11888907040966673,-0.013980193724282542,12,True,25:28,0.07751446091397483,False,0.06222033930324344,26,False
short,64,16,1,1,晶升速度,1,26,-0.06222033930324344,-0.12247658279513053,-0.017286499878160784,12,True,25:28,0.07751446091397483,True,0.06222033930324344,26,False
short,64,16,1,1,晶升速度,1,27,-0.05763003350985427,-0.11484230308372884,-0.011806615946971992,12,True,25:28,0.07751446091397483,False,0.06222033930324344,26,False
short,64,16,1,1,晶升速度,1,28,-0.04914667841314719,-0.10911251113512409,-0.0008216921727611562,12,True,25:28,0.07751446091397483,False,0.06222033930324344,26,False
short,64,16,1,1,晶升速度,1,29,-0.02204278039737695,-0.08539479724278591,0.025158032984312944,12,False,25:28,0.07751446091397483,False,0.06222033930324344,26,False
short,64,16,1,1,晶升速度,1,30,0.0041281250159514215,-0.057530868026468854,0.0491424290011569,12,False,25:28,0.07751446091397483,False,0.06222033930324344,26,False
short,64,16,1,1,晶升速度,1,31,0.01203629034924494,-0.05109916485871393,0.057098707374014034,12,False,25:28,0.07751446091397483,False,0.06222033930324344,26,False
short,64,16,1,1,晶升速度,1,32,0.01227116000091628,-0.049574718297454905,0.0572024117223584,12,False,25:28,0.07751446091397483,False,0.06222033930324344,26,False
short,64,16,1,1,晶升速度,1,33,0.017428991794052988,-0.04389154372059666,0.06276888514649992,12,False,25:28,0.07751446091397483,False,0.06222033930324344,26,False
short,64,16,1,1,晶升速度,1,34,0.009495069641774632,-0.05397611370817475,0.05418289565686111,12,False,25:28,0.07751446091397483,False,0.06222033930324344,26,False
short,64,16,1,1,晶升速度,1,35,0.0012305732397214584,-0.06559863791460852,0.045247799524413955,12,False,25:28,0.07751446091397483,False,0.06222033930324344,26,False
short,64,16,1,1,晶升速度,1,36,0.001502920560907673,-0.06107397058507498,0.04422418551911074,12,False,25:28,0.07751446091397483,False,0.06222033930324344,26,False
short,64,16,1,1,晶升速度,1,37,0.008312070543082311,-0.052299116900230265,0.049958517915596565,12,False,25:28,0.07751446091397483,False,0.06222033930324344,26,False
short,64,16,1,1,晶升速度,1,38,0.009593113423447128,-0.04935249424005679,0.05161249181055364,12,False,25:28,0.07751446091397483,False,0.06222033930324344,26,False
short,64,16,1,1,晶升速度,1,39,0.010826040483500495,-0.04965909857983516,0.053830527919248944,12,False,25:28,0.07751446091397483,False,0.06222033930324344,26,False
short,64,16,1,1,晶升速度,1,40,0.019650994705579725,-0.04189813704927644,0.062448590993382604,12,False,25:28,0.07751446091397483,False,0.06222033930324344,26,False
short,64,16,1,1,晶升速度,1,41,0.014182803130007882,-0.043177580856245644,0.056660791506248136,12,False,25:28,0.07751446091397483,False,0.06222033930324344,26,False
short,64,16,1,1,晶升速度,1,42,0.0038997176431309725,-0.05342617062681239,0.043879920683203906,12,False,25:28,0.07751446091397483,False,0.06222033930324344,26,False
short,64,16,1,1,晶升速度,1,43,-0.002776757094549482,-0.061268600783456,0.035472670337476926,12,False,25:28,0.07751446091397483,False,0.06222033930324344,26,False
short,64,16,1,1,晶升速度,1,44,-0.006242155994535084,-0.0626490882178103,0.03274105888423511,12,False,25:28,0.07751446091397483,False,0.06222033930324344,26,False
short,64,16,1,1,晶升速度,1,45,-0.008315063051415751,-0.06521613827077402,0.029686730835478337,12,False,25:28,0.07751446091397483,False,0.06222033930324344,26,False
short,64,16,1,1,晶升速度,1,46,-0.010711451433594291,-0.06980878770287575,0.02694126427007134,12,False,25:28,0.07751446091397483,False,0.06222033930324344,26,False
short,64,16,1,1,晶升速度,1,47,-0.004709888535020478,-0.06386538982101611,0.035164269087329975,12,False,25:28,0.07751446091397483,False,0.06222033930324344,26,False
short,64,16,1,1,晶升速度,1,48,-0.003233038297678335,-0.06271303386385528,0.04204038332759929,12,False,25:28,0.07751446091397483,False,0.06222033930324344,26,False
short,64,16,1,1,晶升速度,1,49,-0.010429110499168557,-0.0692407303038194,0.03292337634988907,12,False,25:28,0.07751446091397483,False,0.06222033930324344,26,False
short,64,16,1,1,晶升速度,1,50,-0.01567323732722272,-0.0743884331209692,0.02789762903651202,12,False,25:28,0.07751446091397483,False,0.06222033930324344,26,False
short,64,16,1,1,晶转速度,2,0,-0.06392713260317597,-0.11801068511801158,-0.004798574022451224,12,True,0:0;10:12;14:16;18:21;24:24;26:26;28:29;31:31;36:36;38:38;42:43;45:45;49:49,0.06561288632313428,False,0.06492183377089542,14,False
short,64,16,1,1,晶转速度,2,1,-0.05725817811018491,-0.11246147443456665,0.0021819475374739205,12,False,0:0;10:12;14:16;18:21;24:24;26:26;28:29;31:31;36:36;38:38;42:43;45:45;49:49,0.06561288632313428,False,0.06492183377089542,14,False
short,64,16,1,1,晶转速度,2,2,-0.05721589522049354,-0.11097237991789198,0.002945256492249193,12,False,0:0;10:12;14:16;18:21;24:24;26:26;28:29;31:31;36:36;38:38;42:43;45:45;49:49,0.06561288632313428,False,0.06492183377089542,14,False
short,64,16,1,1,晶转速度,2,3,-0.05465234141655998,-0.10983614656170007,0.0023335895584584883,12,False,0:0;10:12;14:16;18:21;24:24;26:26;28:29;31:31;36:36;38:38;42:43;45:45;49:49,0.06561288632313428,False,0.06492183377089542,14,False
short,64,16,1,1,晶转速度,2,4,-0.05210462057286578,-0.10433997368678004,0.008219526382377487,12,False,0:0;10:12;14:16;18:21;24:24;26:26;28:29;31:31;36:36;38:38;42:43;45:45;49:49,0.06561288632313428,False,0.06492183377089542,14,False
short,64,16,1,1,晶转速度,2,5,-0.05641642775121971,-0.1103264707673693,0.0023192783690684266,12,False,0:0;10:12;14:16;18:21;24:24;26:26;28:29;31:31;36:36;38:38;42:43;45:45;49:49,0.06561288632313428,False,0.06492183377089542,14,False
short,64,16,1,1,晶转速度,2,6,-0.05252535641170744,-0.10655852002754296,0.007461945113887332,12,False,0:0;10:12;14:16;18:21;24:24;26:26;28:29;31:31;36:36;38:38;42:43;45:45;49:49,0.06561288632313428,False,0.06492183377089542,14,False
short,64,16,1,1,晶转速度,2,7,-0.054088850992773184,-0.1081386124971304,0.003914234401963436,12,False,0:0;10:12;14:16;18:21;24:24;26:26;28:29;31:31;36:36;38:38;42:43;45:45;49:49,0.06561288632313428,False,0.06492183377089542,14,False
short,64,16,1,1,晶转速度,2,8,-0.05407159732748454,-0.10877437454270711,0.002419906573223744,12,False,0:0;10:12;14:16;18:21;24:24;26:26;28:29;31:31;36:36;38:38;42:43;45:45;49:49,0.06561288632313428,False,0.06492183377089542,14,False
short,64,16,1,1,晶转速度,2,9,-0.05437161865463815,-0.11082101700259372,0.0001626915486972161,12,False,0:0;10:12;14:16;18:21;24:24;26:26;28:29;31:31;36:36;38:38;42:43;45:45;49:49,0.06561288632313428,False,0.06492183377089542,14,False
short,64,16,1,1,晶转速度,2,10,-0.056277961781549035,-0.11118022152527068,-0.0016127621757142433,12,True,0:0;10:12;14:16;18:21;24:24;26:26;28:29;31:31;36:36;38:38;42:43;45:45;49:49,0.06561288632313428,False,0.06492183377089542,14,False
short,64,16,1,1,晶转速度,2,11,-0.055248375521449296,-0.11008260776608218,-0.0010559409783900049,12,True,0:0;10:12;14:16;18:21;24:24;26:26;28:29;31:31;36:36;38:38;42:43;45:45;49:49,0.06561288632313428,False,0.06492183377089542,14,False
short,64,16,1,1,晶转速度,2,12,-0.05709812866074264,-0.11276970495417879,-0.0018444082795995823,12,True,0:0;10:12;14:16;18:21;24:24;26:26;28:29;31:31;36:36;38:38;42:43;45:45;49:49,0.06561288632313428,False,0.06492183377089542,14,False
short,64,16,1,1,晶转速度,2,13,-0.05655779463717847,-0.11288056448910608,0.0002761008036999712,12,False,0:0;10:12;14:16;18:21;24:24;26:26;28:29;31:31;36:36;38:38;42:43;45:45;49:49,0.06561288632313428,False,0.06492183377089542,14,False
short,64,16,1,1,晶转速度,2,14,-0.06492183377089542,-0.11920020118101401,-0.009308521041686953,12,True,0:0;10:12;14:16;18:21;24:24;26:26;28:29;31:31;36:36;38:38;42:43;45:45;49:49,0.06561288632313428,True,0.06492183377089542,14,False
short,64,16,1,1,晶转速度,2,15,-0.05973490013489956,-0.11862179691020187,-0.004018375730433154,12,True,0:0;10:12;14:16;18:21;24:24;26:26;28:29;31:31;36:36;38:38;42:43;45:45;49:49,0.06561288632313428,False,0.06492183377089542,14,False
short,64,16,1,1,晶转速度,2,16,-0.05792952407553922,-0.11400734476712614,-0.0004979400562003843,12,True,0:0;10:12;14:16;18:21;24:24;26:26;28:29;31:31;36:36;38:38;42:43;45:45;49:49,0.06561288632313428,False,0.06492183377089542,14,False
short,64,16,1,1,晶转速度,2,17,-0.05640513873205178,-0.11100360561402459,0.0023156168225103614,12,False,0:0;10:12;14:16;18:21;24:24;26:26;28:29;31:31;36:36;38:38;42:43;45:45;49:49,0.06561288632313428,False,0.06492183377089542,14,False
short,64,16,1,1,晶转速度,2,18,-0.06144025648422238,-0.11470441092414843,-0.0053378019370039,12,True,0:0;10:12;14:16;18:21;24:24;26:26;28:29;31:31;36:36;38:38;42:43;45:45;49:49,0.06561288632313428,False,0.06492183377089542,14,False
short,64,16,1,1,晶转速度,2,19,-0.05990807320750916,-0.11924741864701663,-0.00304122402087778,12,True,0:0;10:12;14:16;18:21;24:24;26:26;28:29;31:31;36:36;38:38;42:43;45:45;49:49,0.06561288632313428,False,0.06492183377089542,14,False
short,64,16,1,1,晶转速度,2,20,-0.058574564564950964,-0.11442970239163588,-0.0014628201355846968,12,True,0:0;10:12;14:16;18:21;24:24;26:26;28:29;31:31;36:36;38:38;42:43;45:45;49:49,0.06561288632313428,False,0.06492183377089542,14,False
short,64,16,1,1,晶转速度,2,21,-0.05676469178764097,-0.11081092984465479,-0.0005952703252697925,12,True,0:0;10:12;14:16;18:21;24:24;26:26;28:29;31:31;36:36;38:38;42:43;45:45;49:49,0.06561288632313428,False,0.06492183377089542,14,False
short,64,16,1,1,晶转速度,2,22,-0.053986518326727115,-0.10818889475486673,0.0034073506784967258,12,False,0:0;10:12;14:16;18:21;24:24;26:26;28:29;31:31;36:36;38:38;42:43;45:45;49:49,0.06561288632313428,False,0.06492183377089542,14,False
short,64,16,1,1,晶转速度,2,23,-0.05371821980692189,-0.10882835499306472,0.005639825123030172,12,False,0:0;10:12;14:16;18:21;24:24;26:26;28:29;31:31;36:36;38:38;42:43;45:45;49:49,0.06561288632313428,False,0.06492183377089542,14,False
short,64,16,1,1,晶转速度,2,24,-0.06145472320854998,-0.11356566768597096,-0.0012207710692625105,12,True,0:0;10:12;14:16;18:21;24:24;26:26;28:29;31:31;36:36;38:38;42:43;45:45;49:49,0.06561288632313428,False,0.06492183377089542,14,False
short,64,16,1,1,晶转速度,2,25,-0.05540799157164193,-0.10970135040984286,0.0024170957926825318,12,False,0:0;10:12;14:16;18:21;24:24;26:26;28:29;31:31;36:36;38:38;42:43;45:45;49:49,0.06561288632313428,False,0.06492183377089542,14,False
short,64,16,1,1,晶转速度,2,26,-0.058543328459642247,-0.11632559479101709,-0.00015176129933997903,12,True,0:0;10:12;14:16;18:21;24:24;26:26;28:29;31:31;36:36;38:38;42:43;45:45;49:49,0.06561288632313428,False,0.06492183377089542,14,False
short,64,16,1,1,晶转速度,2,27,-0.057613212639632934,-0.11699652157529454,0.002024945537988229,12,False,0:0;10:12;14:16;18:21;24:24;26:26;28:29;31:31;36:36;38:38;42:43;45:45;49:49,0.06561288632313428,False,0.06492183377089542,14,False
short,64,16,1,1,晶转速度,2,28,-0.059061729699534195,-0.11101694724114061,-0.0011755709532543885,12,True,0:0;10:12;14:16;18:21;24:24;26:26;28:29;31:31;36:36;38:38;42:43;45:45;49:49,0.06561288632313428,False,0.06492183377089542,14,False
short,64,16,1,1,晶转速度,2,29,-0.059225440950541636,-0.11529183097552127,-0.0006935721269652499,12,True,0:0;10:12;14:16;18:21;24:24;26:26;28:29;31:31;36:36;38:38;42:43;45:45;49:49,0.06561288632313428,False,0.06492183377089542,14,False
short,64,16,1,1,晶转速度,2,30,-0.05362352365264281,-0.10930654310147551,0.004063522891246132,12,False,0:0;10:12;14:16;18:21;24:24;26:26;28:29;31:31;36:36;38:38;42:43;45:45;49:49,0.06561288632313428,False,0.06492183377089542,14,False
short,64,16,1,1,晶转速度,2,31,-0.057543526638798886,-0.11133702617637457,-0.0028422516395446517,12,True,0:0;10:12;14:16;18:21;24:24;26:26;28:29;31:31;36:36;38:38;42:43;45:45;49:49,0.06561288632313428,False,0.06492183377089542,14,False
short,64,16,1,1,晶转速度,2,32,-0.056207268464082104,-0.1104906373816116,0.00011083292725955641,12,False,0:0;10:12;14:16;18:21;24:24;26:26;28:29;31:31;36:36;38:38;42:43;45:45;49:49,0.06561288632313428,False,0.06492183377089542,14,False
short,64,16,1,1,晶转速度,2,33,-0.05076499686702949,-0.10749751775703302,0.007516208872134081,12,False,0:0;10:12;14:16;18:21;24:24;26:26;28:29;31:31;36:36;38:38;42:43;45:45;49:49,0.06561288632313428,False,0.06492183377089542,14,False
short,64,16,1,1,晶转速度,2,34,-0.05204670219492377,-0.10908311841597834,0.005967274292266144,12,False,0:0;10:12;14:16;18:21;24:24;26:26;28:29;31:31;36:36;38:38;42:43;45:45;49:49,0.06561288632313428,False,0.06492183377089542,14,False
short,64,16,1,1,晶转速度,2,35,-0.050525885831345554,-0.10339758777892724,0.006702877735271272,12,False,0:0;10:12;14:16;18:21;24:24;26:26;28:29;31:31;36:36;38:38;42:43;45:45;49:49,0.06561288632313428,False,0.06492183377089542,14,False
short,64,16,1,1,晶转速度,2,36,-0.05847387575824544,-0.11577287013447574,-0.0013128481301074926,12,True,0:0;10:12;14:16;18:21;24:24;26:26;28:29;31:31;36:36;38:38;42:43;45:45;49:49,0.06561288632313428,False,0.06492183377089542,14,False
short,64,16,1,1,晶转速度,2,37,-0.05427658174735545,-0.11281551553447007,0.0013235182136791188,12,False,0:0;10:12;14:16;18:21;24:24;26:26;28:29;31:31;36:36;38:38;42:43;45:45;49:49,0.06561288632313428,False,0.06492183377089542,14,False
short,64,16,1,1,晶转速度,2,38,-0.059981312035679774,-0.11595176682942493,-0.004437452077302731,12,True,0:0;10:12;14:16;18:21;24:24;26:26;28:29;31:31;36:36;38:38;42:43;45:45;49:49,0.06561288632313428,False,0.06492183377089542,14,False
short,64,16,1,1,晶转速度,2,39,-0.058411658979681716,-0.11537029719672788,0.00046908782193810165,12,False,0:0;10:12;14:16;18:21;24:24;26:26;28:29;31:31;36:36;38:38;42:43;45:45;49:49,0.06561288632313428,False,0.06492183377089542,14,False
short,64,16,1,1,晶转速度,2,40,-0.05617826810636775,-0.11310870003564985,0.002688526789825338,12,False,0:0;10:12;14:16;18:21;24:24;26:26;28:29;31:31;36:36;38:38;42:43;45:45;49:49,0.06561288632313428,False,0.06492183377089542,14,False
short,64,16,1,1,晶转速度,2,41,-0.05494314498095722,-0.10802044228080598,0.0018691244240136803,12,False,0:0;10:12;14:16;18:21;24:24;26:26;28:29;31:31;36:36;38:38;42:43;45:45;49:49,0.06561288632313428,False,0.06492183377089542,14,False
short,64,16,1,1,晶转速度,2,42,-0.056994972960746224,-0.11510695187499576,-0.0001538339362092305,12,True,0:0;10:12;14:16;18:21;24:24;26:26;28:29;31:31;36:36;38:38;42:43;45:45;49:49,0.06561288632313428,False,0.06492183377089542,14,False
short,64,16,1,1,晶转速度,2,43,-0.0596512320685016,-0.11548245206690036,-0.0016824022620319326,12,True,0:0;10:12;14:16;18:21;24:24;26:26;28:29;31:31;36:36;38:38;42:43;45:45;49:49,0.06561288632313428,False,0.06492183377089542,14,False
short,64,16,1,1,晶转速度,2,44,-0.05607586761109225,-0.11075338545646066,0.0017019216991547548,12,False,0:0;10:12;14:16;18:21;24:24;26:26;28:29;31:31;36:36;38:38;42:43;45:45;49:49,0.06561288632313428,False,0.06492183377089542,14,False
short,64,16,1,1,晶转速度,2,45,-0.05855884871102297,-0.1182118209422525,-0.001130706025945717,12,True,0:0;10:12;14:16;18:21;24:24;26:26;28:29;31:31;36:36;38:38;42:43;45:45;49:49,0.06561288632313428,False,0.06492183377089542,14,False
short,64,16,1,1,晶转速度,2,46,-0.05760288059124877,-0.11242012472692162,0.00010073980251954574,12,False,0:0;10:12;14:16;18:21;24:24;26:26;28:29;31:31;36:36;38:38;42:43;45:45;49:49,0.06561288632313428,False,0.06492183377089542,14,False
short,64,16,1,1,晶转速度,2,47,-0.05712254696122659,-0.11483802640121894,0.0015847076259951805,12,False,0:0;10:12;14:16;18:21;24:24;26:26;28:29;31:31;36:36;38:38;42:43;45:45;49:49,0.06561288632313428,False,0.06492183377089542,14,False
short,64,16,1,1,晶转速度,2,48,-0.053181432653045486,-0.10903224157931825,0.003144009930668226,12,False,0:0;10:12;14:16;18:21;24:24;26:26;28:29;31:31;36:36;38:38;42:43;45:45;49:49,0.06561288632313428,False,0.06492183377089542,14,False
short,64,16,1,1,晶转速度,2,49,-0.06069493783178337,-0.11553073746035805,-0.003935829625149333,12,True,0:0;10:12;14:16;18:21;24:24;26:26;28:29;31:31;36:36;38:38;42:43;45:45;49:49,0.06561288632313428,False,0.06492183377089542,14,False
short,64,16,1,1,晶转速度,2,50,-0.05126743021951186,-0.10636094920208623,0.010125455446405347,12,False,0:0;10:12;14:16;18:21;24:24;26:26;28:29;31:31;36:36;38:38;42:43;45:45;49:49,0.06561288632313428,False,0.06492183377089542,14,False
short,64,16,1,1,埚升速度,3,0,-0.019731193262230846,-0.06742888943325429,0.021833296450973188,12,False,25:27,0.07603055931428279,False,0.05964591862718044,26,False
short,64,16,1,1,埚升速度,3,1,-0.030786818633045554,-0.08051643847573918,0.01297165317042349,12,False,25:27,0.07603055931428279,False,0.05964591862718044,26,False
short,64,16,1,1,埚升速度,3,2,-0.030624877631303258,-0.07983701020754545,0.016365628560428776,12,False,25:27,0.07603055931428279,False,0.05964591862718044,26,False
short,64,16,1,1,埚升速度,3,3,-0.030814636494255112,-0.0777651912973659,0.01788392796992979,12,False,25:27,0.07603055931428279,False,0.05964591862718044,26,False
short,64,16,1,1,埚升速度,3,4,-0.02568854246277972,-0.07296233930204621,0.02363602346344542,12,False,25:27,0.07603055931428279,False,0.05964591862718044,26,False
short,64,16,1,1,埚升速度,3,5,-0.019259388308349955,-0.0647832930312898,0.03134838564511277,12,False,25:27,0.07603055931428279,False,0.05964591862718044,26,False
short,64,16,1,1,埚升速度,3,6,-0.02521357645255359,-0.07212720691195053,0.024129725896569962,12,False,25:27,0.07603055931428279,False,0.05964591862718044,26,False
short,64,16,1,1,埚升速度,3,7,-0.03991762558093352,-0.08905513030519754,0.005054617663608347,12,False,25:27,0.07603055931428279,False,0.05964591862718044,26,False
short,64,16,1,1,埚升速度,3,8,-0.03825231174404577,-0.08737447596124814,0.008755280304120441,12,False,25:27,0.07603055931428279,False,0.05964591862718044,26,False
short,64,16,1,1,埚升速度,3,9,-0.03815877273203745,-0.08868715134141714,0.010319687863800596,12,False,25:27,0.07603055931428279,False,0.05964591862718044,26,False
short,64,16,1,1,埚升速度,3,10,-0.04212433911758146,-0.09248681818040132,0.006874716198307744,12,False,25:27,0.07603055931428279,False,0.05964591862718044,26,False
short,64,16,1,1,埚升速度,3,11,-0.03734505491774949,-0.08724636805672105,0.012734088237473965,12,False,25:27,0.07603055931428279,False,0.05964591862718044,26,False
short,64,16,1,1,埚升速度,3,12,-0.026634923620047202,-0.07626485846100631,0.02498774687424338,12,False,25:27,0.07603055931428279,False,0.05964591862718044,26,False
short,64,16,1,1,埚升速度,3,13,-0.020446149313829882,-0.06870348552313958,0.031437697946849474,12,False,25:27,0.07603055931428279,False,0.05964591862718044,26,False
short,64,16,1,1,埚升速度,3,14,-0.01647425528425642,-0.06673419352002032,0.03196421697647491,12,False,25:27,0.07603055931428279,False,0.05964591862718044,26,False
short,64,16,1,1,埚升速度,3,15,-0.01668122987811978,-0.06710627867691182,0.03079057940010687,12,False,25:27,0.07603055931428279,False,0.05964591862718044,26,False
short,64,16,1,1,埚升速度,3,16,-0.015079113276833277,-0.06429420592725975,0.030002991123693045,12,False,25:27,0.07603055931428279,False,0.05964591862718044,26,False
short,64,16,1,1,埚升速度,3,17,-0.03136356530569146,-0.07871331527141597,0.011320164123213987,12,False,25:27,0.07603055931428279,False,0.05964591862718044,26,False
short,64,16,1,1,埚升速度,3,18,-0.03929695962867351,-0.09015185955934192,0.002391703454942268,12,False,25:27,0.07603055931428279,False,0.05964591862718044,26,False
short,64,16,1,1,埚升速度,3,19,-0.03978176282442493,-0.08778652021615056,0.0012243009987846585,12,False,25:27,0.07603055931428279,False,0.05964591862718044,26,False
short,64,16,1,1,埚升速度,3,20,-0.04099326367047579,-0.08909484124006165,0.002474655519152084,12,False,25:27,0.07603055931428279,False,0.05964591862718044,26,False
short,64,16,1,1,埚升速度,3,21,-0.04001579326696969,-0.09198420190638072,0.0029071985146212685,12,False,25:27,0.07603055931428279,False,0.05964591862718044,26,False
short,64,16,1,1,埚升速度,3,22,-0.03321980906213057,-0.08569636290931433,0.011308363159964916,12,False,25:27,0.07603055931428279,False,0.05964591862718044,26,False
short,64,16,1,1,埚升速度,3,23,-0.030246577996816928,-0.08433898536314674,0.013332868409662772,12,False,25:27,0.07603055931428279,False,0.05964591862718044,26,False
short,64,16,1,1,埚升速度,3,24,-0.042413664652783394,-0.10017387523366764,0.0024895697462642996,12,False,25:27,0.07603055931428279,False,0.05964591862718044,26,False
short,64,16,1,1,埚升速度,3,25,-0.05911865476881912,-0.11765657352657986,-0.01254199012517825,12,True,25:27,0.07603055931428279,False,0.05964591862718044,26,False
short,64,16,1,1,埚升速度,3,26,-0.05964591862718044,-0.11909001525294037,-0.013533222049867257,12,True,25:27,0.07603055931428279,True,0.05964591862718044,26,False
short,64,16,1,1,埚升速度,3,27,-0.0581892796367131,-0.11527517528938495,-0.012346763637923808,12,True,25:27,0.07603055931428279,False,0.05964591862718044,26,False
short,64,16,1,1,埚升速度,3,28,-0.047957246810925586,-0.10781469588809602,0.001905385899317661,12,False,25:27,0.07603055931428279,False,0.05964591862718044,26,False
short,64,16,1,1,埚升速度,3,29,-0.02495793695582829,-0.08717071309631691,0.023955588159719304,12,False,25:27,0.07603055931428279,False,0.05964591862718044,26,False
short,64,16,1,1,埚升速度,3,30,0.002956788715894979,-0.05744413606448115,0.04964783231830624,12,False,25:27,0.07603055931428279,False,0.05964591862718044,26,False
short,64,16,1,1,埚升速度,3,31,0.011469435842349107,-0.05086019894464313,0.05558273724257823,12,False,25:27,0.07603055931428279,False,0.05964591862718044,26,False
short,64,16,1,1,埚升速度,3,32,0.012681765499347753,-0.048842812378068784,0.058079751085281,12,False,25:27,0.07603055931428279,False,0.05964591862718044,26,False
short,64,16,1,1,埚升速度,3,33,0.016213010497764406,-0.04616698279137945,0.060644835249201355,12,False,25:27,0.07603055931428279,False,0.05964591862718044,26,False
short,64,16,1,1,埚升速度,3,34,0.011703245210883369,-0.05066159802955078,0.05576066982643854,12,False,25:27,0.07603055931428279,False,0.05964591862718044,26,False
short,64,16,1,1,埚升速度,3,35,0.0025187538273372632,-0.06346571800014432,0.04567974485861134,12,False,25:27,0.07603055931428279,False,0.05964591862718044,26,False
short,64,16,1,1,埚升速度,3,36,0.0026087417565033317,-0.059557643795144326,0.04525691486641558,12,False,25:27,0.07603055931428279,False,0.05964591862718044,26,False
short,64,16,1,1,埚升速度,3,37,0.00842467793886141,-0.05136091703240365,0.04928817562750959,12,False,25:27,0.07603055931428279,False,0.05964591862718044,26,False
short,64,16,1,1,埚升速度,3,38,0.011694531717344017,-0.04660285336212831,0.05171844330181369,12,False,25:27,0.07603055931428279,False,0.05964591862718044,26,False
short,64,16,1,1,埚升速度,3,39,0.01249254936217778,-0.04722229313758635,0.056387179420488716,12,False,25:27,0.07603055931428279,False,0.05964591862718044,26,False
short,64,16,1,1,埚升速度,3,40,0.019993287341429886,-0.03944214776473944,0.06353213816908446,12,False,25:27,0.07603055931428279,False,0.05964591862718044,26,False
short,64,16,1,1,埚升速度,3,41,0.01771362572177622,-0.03839186384348194,0.060478610592758365,12,False,25:27,0.07603055931428279,False,0.05964591862718044,26,False
short,64,16,1,1,埚升速度,3,42,0.006895416929879543,-0.04881445004243458,0.0467215278404671,12,False,25:27,0.07603055931428279,False,0.05964591862718044,26,False
short,64,16,1,1,埚升速度,3,43,-0.002508019657810482,-0.059575977204942926,0.03356045948067686,12,False,25:27,0.07603055931428279,False,0.05964591862718044,26,False
short,64,16,1,1,埚升速度,3,44,-0.006743163621257286,-0.06143341142078144,0.029783917864801862,12,False,25:27,0.07603055931428279,False,0.05964591862718044,26,False
short,64,16,1,1,埚升速度,3,45,-0.009252847119248526,-0.06719008623137966,0.028933690546394077,12,False,25:27,0.07603055931428279,False,0.05964591862718044,26,False
short,64,16,1,1,埚升速度,3,46,-0.012045804089023239,-0.07118831237283416,0.024565377713770497,12,False,25:27,0.07603055931428279,False,0.05964591862718044,26,False
short,64,16,1,1,埚升速度,3,47,-0.0062136305620995105,-0.06419253967827386,0.03340015716192605,12,False,25:27,0.07603055931428279,False,0.05964591862718044,26,False
short,64,16,1,1,埚升速度,3,48,-0.0041657161535636434,-0.06382757667152272,0.040007632499453404,12,False,25:27,0.07603055931428279,False,0.05964591862718044,26,False
short,64,16,1,1,埚升速度,3,49,-0.008784065362626953,-0.06690190955558442,0.033609583629070745,12,False,25:27,0.07603055931428279,False,0.05964591862718044,26,False
short,64,16,1,1,埚升速度,3,50,-0.014855445680138238,-0.07469403306672769,0.02887455512424013,12,False,25:27,0.07603055931428279,False,0.05964591862718044,26,False
short,64,16,1,1,埚转速度,4,0,-0.01448330572265441,-0.05752321513938681,0.026383182089940203,12,False,3:3;11:11;34:34,0.07566675306427113,False,0.05013159710100526,11,True
short,64,16,1,1,埚转速度,4,1,-0.011309372944287605,-0.05452463918227746,0.029978882080041267,12,False,3:3;11:11;34:34,0.07566675306427113,False,0.05013159710100526,11,True
short,64,16,1,1,埚转速度,4,2,-0.01904272172275952,-0.06340841246205013,0.011482424160021633,12,False,3:3;11:11;34:34,0.07566675306427113,False,0.05013159710100526,11,True
short,64,16,1,1,埚转速度,4,3,-0.045321539568869924,-0.09315693713003698,-0.003378065998135512,12,True,3:3;11:11;34:34,0.07566675306427113,False,0.05013159710100526,11,True
short,64,16,1,1,埚转速度,4,4,0.01107438024716939,-0.02690550414357305,0.05327710994851308,12,False,3:3;11:11;34:34,0.07566675306427113,False,0.05013159710100526,11,True
short,64,16,1,1,埚转速度,4,5,0.019072101005762038,-0.030864660145882662,0.06284519985272208,12,False,3:3;11:11;34:34,0.07566675306427113,False,0.05013159710100526,11,True
short,64,16,1,1,埚转速度,4,6,0.0262533896224812,-0.009170329550853201,0.06964575562632361,12,False,3:3;11:11;34:34,0.07566675306427113,False,0.05013159710100526,11,True
short,64,16,1,1,埚转速度,4,7,-0.0213118447924246,-0.06410389030316407,0.019069770426088203,12,False,3:3;11:11;34:34,0.07566675306427113,False,0.05013159710100526,11,True
short,64,16,1,1,埚转速度,4,8,0.01055626219171491,-0.03751528487536764,0.04552636643142872,12,False,3:3;11:11;34:34,0.07566675306427113,False,0.05013159710100526,11,True
short,64,16,1,1,埚转速度,4,9,0.024560199551420248,-0.02787623386286377,0.0684635846618693,12,False,3:3;11:11;34:34,0.07566675306427113,False,0.05013159710100526,11,True
short,64,16,1,1,埚转速度,4,10,0.032992351249723516,-0.02020562288226523,0.07762982361194912,12,False,3:3;11:11;34:34,0.07566675306427113,False,0.05013159710100526,11,True
short,64,16,1,1,埚转速度,4,11,-0.05013159710100526,-0.08828533092987195,-0.011383995832553725,12,True,3:3;11:11;34:34,0.07566675306427113,True,0.05013159710100526,11,True
short,64,16,1,1,埚转速度,4,12,0.0242739061428625,-0.013959475342935013,0.06370275826767674,12,False,3:3;11:11;34:34,0.07566675306427113,False,0.05013159710100526,11,True
short,64,16,1,1,埚转速度,4,13,0.028437976021793453,-0.008078369870835628,0.07431706008855905,12,False,3:3;11:11;34:34,0.07566675306427113,False,0.05013159710100526,11,True
short,64,16,1,1,埚转速度,4,14,-0.012070086144700778,-0.052034175286049734,0.028827272615209166,12,False,3:3;11:11;34:34,0.07566675306427113,False,0.05013159710100526,11,True
short,64,16,1,1,埚转速度,4,15,0.02441757853143946,-0.009910519662261754,0.062093348856314255,12,False,3:3;11:11;34:34,0.07566675306427113,False,0.05013159710100526,11,True
short,64,16,1,1,埚转速度,4,16,-0.00043151852056911997,-0.045986404634695624,0.04441197657278896,12,False,3:3;11:11;34:34,0.07566675306427113,False,0.05013159710100526,11,True
short,64,16,1,1,埚转速度,4,17,-0.009625944444258547,-0.047226680759816994,0.032639527921243305,12,False,3:3;11:11;34:34,0.07566675306427113,False,0.05013159710100526,11,True
short,64,16,1,1,埚转速度,4,18,-0.019838160132066015,-0.06163555651240487,0.02850084880582133,12,False,3:3;11:11;34:34,0.07566675306427113,False,0.05013159710100526,11,True
short,64,16,1,1,埚转速度,4,19,0.021918596775230878,-0.02554295375466835,0.06102728132825769,12,False,3:3;11:11;34:34,0.07566675306427113,False,0.05013159710100526,11,True
short,64,16,1,1,埚转速度,4,20,0.02928839376458765,-0.009332747460323131,0.06916809300286651,12,False,3:3;11:11;34:34,0.07566675306427113,False,0.05013159710100526,11,True
short,64,16,1,1,埚转速度,4,21,-0.0013818104161748025,-0.040109528022504747,0.040302902369727264,12,False,3:3;11:11;34:34,0.07566675306427113,False,0.05013159710100526,11,True
short,64,16,1,1,埚转速度,4,22,-0.008154778575402253,-0.052392702759755654,0.04157149269075241,12,False,3:3;11:11;34:34,0.07566675306427113,False,0.05013159710100526,11,True
short,64,16,1,1,埚转速度,4,23,0.025617407458313424,-0.02613315311371515,0.07662837611808623,12,False,3:3;11:11;34:34,0.07566675306427113,False,0.05013159710100526,11,True
short,64,16,1,1,埚转速度,4,24,-0.021118148641949275,-0.0693061931005268,0.026768129971959136,12,False,3:3;11:11;34:34,0.07566675306427113,False,0.05013159710100526,11,True
short,64,16,1,1,埚转速度,4,25,-0.03047070121499077,-0.07409769838095065,0.011333988081695697,12,False,3:3;11:11;34:34,0.07566675306427113,False,0.05013159710100526,11,True
short,64,16,1,1,埚转速度,4,26,-0.003179140770569555,-0.04324568229220358,0.03861377771072704,12,False,3:3;11:11;34:34,0.07566675306427113,False,0.05013159710100526,11,True
short,64,16,1,1,埚转速度,4,27,-0.00447450160612922,-0.05012574226725216,0.04270611791260658,12,False,3:3;11:11;34:34,0.07566675306427113,False,0.05013159710100526,11,True
short,64,16,1,1,埚转速度,4,28,-0.02636093823812346,-0.06470125749372305,0.011770911761235304,12,False,3:3;11:11;34:34,0.07566675306427113,False,0.05013159710100526,11,True
short,64,16,1,1,埚转速度,4,29,-0.021767886571433383,-0.06213725338082843,0.031210988858397244,12,False,3:3;11:11;34:34,0.07566675306427113,False,0.05013159710100526,11,True
short,64,16,1,1,埚转速度,4,30,0.03786123749775153,-0.010010508399364793,0.07771693918458995,12,False,3:3;11:11;34:34,0.07566675306427113,False,0.05013159710100526,11,True
short,64,16,1,1,埚转速度,4,31,0.016612188902615378,-0.020187030036254154,0.0623085591055187,12,False,3:3;11:11;34:34,0.07566675306427113,False,0.05013159710100526,11,True
short,64,16,1,1,埚转速度,4,32,0.011427192975123615,-0.0376228030336394,0.056442625035477895,12,False,3:3;11:11;34:34,0.07566675306427113,False,0.05013159710100526,11,True
short,64,16,1,1,埚转速度,4,33,0.018493616292459575,-0.027095724052329302,0.0636144212145098,12,False,3:3;11:11;34:34,0.07566675306427113,False,0.05013159710100526,11,True
short,64,16,1,1,埚转速度,4,34,0.04500983905502552,0.0003208781713598478,0.09771602615550627,12,True,3:3;11:11;34:34,0.07566675306427113,False,0.05013159710100526,11,True
short,64,16,1,1,埚转速度,4,35,-0.005091572486731706,-0.04453033712139651,0.03732988005770392,12,False,3:3;11:11;34:34,0.07566675306427113,False,0.05013159710100526,11,True
short,64,16,1,1,埚转速度,4,36,-0.010549236974031944,-0.058052874576183404,0.03138921504738394,12,False,3:3;11:11;34:34,0.07566675306427113,False,0.05013159710100526,11,True
short,64,16,1,1,埚转速度,4,37,-0.027886406475666384,-0.07228942145495089,0.011134513205931559,12,False,3:3;11:11;34:34,0.07566675306427113,False,0.05013159710100526,11,True
short,64,16,1,1,埚转速度,4,38,0.008575343584728931,-0.040008589255435295,0.05373832355937103,12,False,3:3;11:11;34:34,0.07566675306427113,False,0.05013159710100526,11,True
short,64,16,1,1,埚转速度,4,39,-0.047725918390627876,-0.08674004953326533,0.0053157477346746414,12,False,3:3;11:11;34:34,0.07566675306427113,False,0.05013159710100526,11,True
short,64,16,1,1,埚转速度,4,40,0.008191156014433761,-0.03549486314056902,0.054271482128310206,12,False,3:3;11:11;34:34,0.07566675306427113,False,0.05013159710100526,11,True
short,64,16,1,1,埚转速度,4,41,0.016787250134012874,-0.020460918245384842,0.05438397514647513,12,False,3:3;11:11;34:34,0.07566675306427113,False,0.05013159710100526,11,True
short,64,16,1,1,埚转速度,4,42,0.002061661896144752,-0.04562889244524705,0.04154170222291272,12,False,3:3;11:11;34:34,0.07566675306427113,False,0.05013159710100526,11,True
short,64,16,1,1,埚转速度,4,43,-0.025752492815277778,-0.06446356991609782,0.02305318340719823,12,False,3:3;11:11;34:34,0.07566675306427113,False,0.05013159710100526,11,True
short,64,16,1,1,埚转速度,4,44,0.014746145896566355,-0.027482595371774443,0.0465087528273169,12,False,3:3;11:11;34:34,0.07566675306427113,False,0.05013159710100526,11,True
short,64,16,1,1,埚转速度,4,45,0.0029164620412807053,-0.03509835941940805,0.04538382107844503,12,False,3:3;11:11;34:34,0.07566675306427113,False,0.05013159710100526,11,True
short,64,16,1,1,埚转速度,4,46,-0.022487714892543587,-0.07246876387233245,0.023847153978304496,12,False,3:3;11:11;34:34,0.07566675306427113,False,0.05013159710100526,11,True
short,64,16,1,1,埚转速度,4,47,0.00290163462317026,-0.046195943272289396,0.04184867847972932,12,False,3:3;11:11;34:34,0.07566675306427113,False,0.05013159710100526,11,True
short,64,16,1,1,埚转速度,4,48,0.0051086307687452604,-0.04741206285519639,0.053679006048877195,12,False,3:3;11:11;34:34,0.07566675306427113,False,0.05013159710100526,11,True
short,64,16,1,1,埚转速度,4,49,-0.011058260813684887,-0.05431097982566415,0.04848177765380614,12,False,3:3;11:11;34:34,0.07566675306427113,False,0.05013159710100526,11,True
short,64,16,1,1,埚转速度,4,50,0.007046969884608994,-0.03422241474400631,0.05362892225434498,12,False,3:3;11:11;34:34,0.07566675306427113,False,0.05013159710100526,11,True
short,64,16,1,2,主加热功率,0,0,-0.06429068817499044,-0.10852322815077575,-0.018190349994243765,12,True,0:50,0.07825483324360868,False,0.10691647797356667,32,True
short,64,16,1,2,主加热功率,0,1,-0.0663503094567133,-0.1102220832431343,-0.016138765740051145,12,True,0:50,0.07825483324360868,False,0.10691647797356667,32,True
short,64,16,1,2,主加热功率,0,2,-0.0648489868496561,-0.10895524742906419,-0.015092470345632086,12,True,0:50,0.07825483324360868,False,0.10691647797356667,32,True
short,64,16,1,2,主加热功率,0,3,-0.07175983427772127,-0.11333518417465292,-0.01879854991885993,12,True,0:50,0.07825483324360868,False,0.10691647797356667,32,True
short,64,16,1,2,主加热功率,0,4,-0.061475311010322754,-0.0991776273889203,-0.01152453167278979,12,True,0:50,0.07825483324360868,False,0.10691647797356667,32,True
short,64,16,1,2,主加热功率,0,5,-0.0576149521880708,-0.09752623640769859,-0.011759819274697311,12,True,0:50,0.07825483324360868,False,0.10691647797356667,32,True
short,64,16,1,2,主加热功率,0,6,-0.07335169328386205,-0.11328945524790465,-0.027951111303068744,12,True,0:50,0.07825483324360868,False,0.10691647797356667,32,True
short,64,16,1,2,主加热功率,0,7,-0.09190427645003497,-0.13461819520149856,-0.04399342915640963,12,True,0:50,0.07825483324360868,False,0.10691647797356667,32,True
short,64,16,1,2,主加热功率,0,8,-0.10476347129976672,-0.14357768078011895,-0.06179394003407315,12,True,0:50,0.07825483324360868,False,0.10691647797356667,32,True
short,64,16,1,2,主加热功率,0,9,-0.09116609520603544,-0.12940728212724723,-0.04330872221863356,12,True,0:50,0.07825483324360868,False,0.10691647797356667,32,True
short,64,16,1,2,主加热功率,0,10,-0.06928981565385543,-0.11163122288406135,-0.019281623157233467,12,True,0:50,0.07825483324360868,False,0.10691647797356667,32,True
short,64,16,1,2,主加热功率,0,11,-0.06503558230050474,-0.10715488647150596,-0.016330929625516143,12,True,0:50,0.07825483324360868,False,0.10691647797356667,32,True
short,64,16,1,2,主加热功率,0,12,-0.0627911548677329,-0.1089914094277562,-0.015144179111742168,12,True,0:50,0.07825483324360868,False,0.10691647797356667,32,True
short,64,16,1,2,主加热功率,0,13,-0.06540004449014658,-0.11132550553395283,-0.021682944493377983,12,True,0:50,0.07825483324360868,False,0.10691647797356667,32,True
short,64,16,1,2,主加热功率,0,14,-0.061682660810892444,-0.10425766725869362,-0.022187642647525953,12,True,0:50,0.07825483324360868,False,0.10691647797356667,32,True
short,64,16,1,2,主加热功率,0,15,-0.05833475074624123,-0.09370435436557682,-0.02066736515823331,12,True,0:50,0.07825483324360868,False,0.10691647797356667,32,True
short,64,16,1,2,主加热功率,0,16,-0.05620334469521219,-0.09636723680019628,-0.013064286896340892,12,True,0:50,0.07825483324360868,False,0.10691647797356667,32,True
short,64,16,1,2,主加热功率,0,17,-0.05724161423742743,-0.0942516900640965,-0.015724369376692342,12,True,0:50,0.07825483324360868,False,0.10691647797356667,32,True
short,64,16,1,2,主加热功率,0,18,-0.07447250715043267,-0.11169577061757223,-0.02819397042004109,12,True,0:50,0.07825483324360868,False,0.10691647797356667,32,True
short,64,16,1,2,主加热功率,0,19,-0.07748659745295723,-0.1151277765997258,-0.03167113253903417,12,True,0:50,0.07825483324360868,False,0.10691647797356667,32,True
short,64,16,1,2,主加热功率,0,20,-0.08496024333733122,-0.12127495427725307,-0.04204976555035189,12,True,0:50,0.07825483324360868,False,0.10691647797356667,32,True
short,64,16,1,2,主加热功率,0,21,-0.08566430163248823,-0.12411504644495006,-0.04333883291592232,12,True,0:50,0.07825483324360868,False,0.10691647797356667,32,True
short,64,16,1,2,主加热功率,0,22,-0.08736705136050327,-0.12192360086950225,-0.04270113228224546,12,True,0:50,0.07825483324360868,False,0.10691647797356667,32,True
short,64,16,1,2,主加热功率,0,23,-0.07311104517569125,-0.11034217500043166,-0.027758314007566755,12,True,0:50,0.07825483324360868,False,0.10691647797356667,32,True
short,64,16,1,2,主加热功率,0,24,-0.07534228850946707,-0.11704447360728391,-0.025843631924157996,12,True,0:50,0.07825483324360868,False,0.10691647797356667,32,True
short,64,16,1,2,主加热功率,0,25,-0.08783684280479251,-0.12846131839799324,-0.04099020774654704,12,True,0:50,0.07825483324360868,False,0.10691647797356667,32,True
short,64,16,1,2,主加热功率,0,26,-0.1012849959850894,-0.14147293248896986,-0.05918912506202314,12,True,0:50,0.07825483324360868,False,0.10691647797356667,32,True
short,64,16,1,2,主加热功率,0,27,-0.09969156195159483,-0.13440801081451417,-0.05289807266905633,12,True,0:50,0.07825483324360868,False,0.10691647797356667,32,True
short,64,16,1,2,主加热功率,0,28,-0.10513949377998792,-0.14700018389879746,-0.06405369575196816,12,True,0:50,0.07825483324360868,False,0.10691647797356667,32,True
short,64,16,1,2,主加热功率,0,29,-0.10182856339723463,-0.14414601665005874,-0.06302961243118087,12,True,0:50,0.07825483324360868,False,0.10691647797356667,32,True
short,64,16,1,2,主加热功率,0,30,-0.09953123636207574,-0.14469031346956865,-0.06016219952317073,12,True,0:50,0.07825483324360868,False,0.10691647797356667,32,True
short,64,16,1,2,主加热功率,0,31,-0.10067454155884668,-0.1381035780943114,-0.05360969262730985,12,True,0:50,0.07825483324360868,False,0.10691647797356667,32,True
short,64,16,1,2,主加热功率,0,32,-0.10691647797356667,-0.14680567751322263,-0.06848925300072091,12,True,0:50,0.07825483324360868,True,0.10691647797356667,32,True
short,64,16,1,2,主加热功率,0,33,-0.09598642231052076,-0.137605524069124,-0.060188095272658504,12,True,0:50,0.07825483324360868,False,0.10691647797356667,32,True
short,64,16,1,2,主加热功率,0,34,-0.08786456643262382,-0.13047703761605425,-0.04628590033218926,12,True,0:50,0.07825483324360868,False,0.10691647797356667,32,True
short,64,16,1,2,主加热功率,0,35,-0.08970356789061021,-0.13508195175877472,-0.05094556729399909,12,True,0:50,0.07825483324360868,False,0.10691647797356667,32,True
short,64,16,1,2,主加热功率,0,36,-0.08788298701195395,-0.13362493099799205,-0.04579547889176283,12,True,0:50,0.07825483324360868,False,0.10691647797356667,32,True
short,64,16,1,2,主加热功率,0,37,-0.08055318311741311,-0.12957077187208735,-0.034772648784426194,12,True,0:50,0.07825483324360868,False,0.10691647797356667,32,True
short,64,16,1,2,主加热功率,0,38,-0.08209837894820378,-0.12963995304984818,-0.04088318063566195,12,True,0:50,0.07825483324360868,False,0.10691647797356667,32,True
short,64,16,1,2,主加热功率,0,39,-0.08616253267989073,-0.13150253900625844,-0.046815761113958354,12,True,0:50,0.07825483324360868,False,0.10691647797356667,32,True
short,64,16,1,2,主加热功率,0,40,-0.09080141841092526,-0.13468418281140676,-0.05123465105785383,12,True,0:50,0.07825483324360868,False,0.10691647797356667,32,True
short,64,16,1,2,主加热功率,0,41,-0.09121771326608867,-0.13288452363781225,-0.04728030696118848,12,True,0:50,0.07825483324360868,False,0.10691647797356667,32,True
short,64,16,1,2,主加热功率,0,42,-0.09457051342331155,-0.13657769971854616,-0.051592438260341565,12,True,0:50,0.07825483324360868,False,0.10691647797356667,32,True
short,64,16,1,2,主加热功率,0,43,-0.09540792526740142,-0.13709505202881328,-0.052966505753890634,12,True,0:50,0.07825483324360868,False,0.10691647797356667,32,True
short,64,16,1,2,主加热功率,0,44,-0.08423116767335617,-0.1247067129281206,-0.04420811081708999,12,True,0:50,0.07825483324360868,False,0.10691647797356667,32,True
short,64,16,1,2,主加热功率,0,45,-0.07831195566670177,-0.12534301617363436,-0.03577013333150184,12,True,0:50,0.07825483324360868,False,0.10691647797356667,32,True
short,64,16,1,2,主加热功率,0,46,-0.06986952615559458,-0.12175123741804511,-0.02869082204115673,12,True,0:50,0.07825483324360868,False,0.10691647797356667,32,True
short,64,16,1,2,主加热功率,0,47,-0.0713543869195646,-0.11577024249321159,-0.02862271455608155,12,True,0:50,0.07825483324360868,False,0.10691647797356667,32,True
short,64,16,1,2,主加热功率,0,48,-0.06438086580562258,-0.11087938481863223,-0.020254451756317356,12,True,0:50,0.07825483324360868,False,0.10691647797356667,32,True
short,64,16,1,2,主加热功率,0,49,-0.05880987917133948,-0.1085994884780538,-0.012803751267135384,12,True,0:50,0.07825483324360868,False,0.10691647797356667,32,True
short,64,16,1,2,主加热功率,0,50,-0.0595835616513921,-0.10596719053966322,-0.012078542979998224,12,True,0:50,0.07825483324360868,False,0.10691647797356667,32,True
short,64,16,1,2,晶升速度,1,0,0.01801492956537228,-0.0272569531474543,0.06224369518431597,12,False,24:26;29:48;50:50,0.07129957105966192,False,0.11321426318007949,41,False
short,64,16,1,2,晶升速度,1,1,0.0003126604500372018,-0.04849272597692281,0.04229053092977172,12,False,24:26;29:48;50:50,0.07129957105966192,False,0.11321426318007949,41,False
short,64,16,1,2,晶升速度,1,2,-0.006365964201941922,-0.05494486744800806,0.03748808967417841,12,False,24:26;29:48;50:50,0.07129957105966192,False,0.11321426318007949,41,False
short,64,16,1,2,晶升速度,1,3,0.0028452869403018687,-0.03586576155110204,0.048998751675341276,12,False,24:26;29:48;50:50,0.07129957105966192,False,0.11321426318007949,41,False
short,64,16,1,2,晶升速度,1,4,0.012789823746330756,-0.024806577529040204,0.06031049654212091,12,False,24:26;29:48;50:50,0.07129957105966192,False,0.11321426318007949,41,False
short,64,16,1,2,晶升速度,1,5,0.0126573496354581,-0.030170731863437713,0.05890210441832502,12,False,24:26;29:48;50:50,0.07129957105966192,False,0.11321426318007949,41,False
short,64,16,1,2,晶升速度,1,6,0.026869137909892857,-0.01454211030533001,0.07621642306900406,12,False,24:26;29:48;50:50,0.07129957105966192,False,0.11321426318007949,41,False
short,64,16,1,2,晶升速度,1,7,0.032612785564820064,-0.013139805122546687,0.08333884743499335,12,False,24:26;29:48;50:50,0.07129957105966192,False,0.11321426318007949,41,False
short,64,16,1,2,晶升速度,1,8,0.03666582233943957,-0.008933804720685315,0.08883999667337715,12,False,24:26;29:48;50:50,0.07129957105966192,False,0.11321426318007949,41,False
short,64,16,1,2,晶升速度,1,9,0.03758382899624576,-0.006817148100981615,0.08923018645567247,12,False,24:26;29:48;50:50,0.07129957105966192,False,0.11321426318007949,41,False
short,64,16,1,2,晶升速度,1,10,0.02046982414852454,-0.02669725836669748,0.07367817624415832,12,False,24:26;29:48;50:50,0.07129957105966192,False,0.11321426318007949,41,False
short,64,16,1,2,晶升速度,1,11,-0.0009531168517627014,-0.04838282829524353,0.050383921415921525,12,False,24:26;29:48;50:50,0.07129957105966192,False,0.11321426318007949,41,False
short,64,16,1,2,晶升速度,1,12,-0.020505035817900984,-0.058372862919926605,0.030902847222344237,12,False,24:26;29:48;50:50,0.07129957105966192,False,0.11321426318007949,41,False
short,64,16,1,2,晶升速度,1,13,-0.022360537453379195,-0.06152295326740427,0.029250154357121028,12,False,24:26;29:48;50:50,0.07129957105966192,False,0.11321426318007949,41,False
short,64,16,1,2,晶升速度,1,14,-0.015184074556349313,-0.05669202572146671,0.03831915772218005,12,False,24:26;29:48;50:50,0.07129957105966192,False,0.11321426318007949,41,False
short,64,16,1,2,晶升速度,1,15,0.00012616257339960292,-0.04227844855840052,0.052454937162514134,12,False,24:26;29:48;50:50,0.07129957105966192,False,0.11321426318007949,41,False
short,64,16,1,2,晶升速度,1,16,0.019931993233905685,-0.02368521383971555,0.07498176703567735,12,False,24:26;29:48;50:50,0.07129957105966192,False,0.11321426318007949,41,False
short,64,16,1,2,晶升速度,1,17,0.026018201112221,-0.023181612562756273,0.08185012364930326,12,False,24:26;29:48;50:50,0.07129957105966192,False,0.11321426318007949,41,False
short,64,16,1,2,晶升速度,1,18,0.02381210786971511,-0.024958649582382003,0.07569318375616896,12,False,24:26;29:48;50:50,0.07129957105966192,False,0.11321426318007949,41,False
short,64,16,1,2,晶升速度,1,19,0.01824169029110982,-0.03532117026059473,0.06978551886971977,12,False,24:26;29:48;50:50,0.07129957105966192,False,0.11321426318007949,41,False
short,64,16,1,2,晶升速度,1,20,0.007479597073812729,-0.03902357618712521,0.05880410098335976,12,False,24:26;29:48;50:50,0.07129957105966192,False,0.11321426318007949,41,False
short,64,16,1,2,晶升速度,1,21,-0.007897316903370108,-0.05042517230351072,0.04197418820337274,12,False,24:26;29:48;50:50,0.07129957105966192,False,0.11321426318007949,41,False
short,64,16,1,2,晶升速度,1,22,-0.023540009162332252,-0.06796503773887275,0.024691016030114688,12,False,24:26;29:48;50:50,0.07129957105966192,False,0.11321426318007949,41,False
short,64,16,1,2,晶升速度,1,23,-0.04397856384932523,-0.09069233911080929,0.004599374529549492,12,False,24:26;29:48;50:50,0.07129957105966192,False,0.11321426318007949,41,False
short,64,16,1,2,晶升速度,1,24,-0.056321520760042085,-0.10392254216825006,-0.011763492935910448,12,True,24:26;29:48;50:50,0.07129957105966192,False,0.11321426318007949,41,False
short,64,16,1,2,晶升速度,1,25,-0.058476160583340604,-0.10510344133369388,-0.011635359985043585,12,True,24:26;29:48;50:50,0.07129957105966192,False,0.11321426318007949,41,False
short,64,16,1,2,晶升速度,1,26,-0.04735351172948871,-0.0977053737743821,-0.001431992234184401,12,True,24:26;29:48;50:50,0.07129957105966192,False,0.11321426318007949,41,False
short,64,16,1,2,晶升速度,1,27,-0.009141371576446487,-0.05990744939724023,0.03882197650287462,12,False,24:26;29:48;50:50,0.07129957105966192,False,0.11321426318007949,41,False
short,64,16,1,2,晶升速度,1,28,0.028674857826756182,-0.016852180076946926,0.08206526285640955,12,False,24:26;29:48;50:50,0.07129957105966192,False,0.11321426318007949,41,False
short,64,16,1,2,晶升速度,1,29,0.05904912179938279,0.015104781760614193,0.11393566303424027,12,True,24:26;29:48;50:50,0.07129957105966192,False,0.11321426318007949,41,False
short,64,16,1,2,晶升速度,1,30,0.0816311926058916,0.036729577371340374,0.13535146070087412,12,True,24:26;29:48;50:50,0.07129957105966192,False,0.11321426318007949,41,False
short,64,16,1,2,晶升速度,1,31,0.08409314878634794,0.03475552484289453,0.13323191988783548,12,True,24:26;29:48;50:50,0.07129957105966192,False,0.11321426318007949,41,False
short,64,16,1,2,晶升速度,1,32,0.07800643090425767,0.025734369406128253,0.12578836561785092,12,True,24:26;29:48;50:50,0.07129957105966192,False,0.11321426318007949,41,False
short,64,16,1,2,晶升速度,1,33,0.06780734682386647,0.019334638096560594,0.11617728612906772,12,True,24:26;29:48;50:50,0.07129957105966192,False,0.11321426318007949,41,False
short,64,16,1,2,晶升速度,1,34,0.06531841693003891,0.014932423611819701,0.11062153911783641,12,True,24:26;29:48;50:50,0.07129957105966192,False,0.11321426318007949,41,False
short,64,16,1,2,晶升速度,1,35,0.06432745906627456,0.016863817099026446,0.11206455756490295,12,True,24:26;29:48;50:50,0.07129957105966192,False,0.11321426318007949,41,False
short,64,16,1,2,晶升速度,1,36,0.06316192213093658,0.017768747559749547,0.10675785285675533,12,True,24:26;29:48;50:50,0.07129957105966192,False,0.11321426318007949,41,False
short,64,16,1,2,晶升速度,1,37,0.060247513361743936,0.00912817332642955,0.10300085995327135,12,True,24:26;29:48;50:50,0.07129957105966192,False,0.11321426318007949,41,False
short,64,16,1,2,晶升速度,1,38,0.06820232695317582,0.015502665668516314,0.1156859916255151,12,True,24:26;29:48;50:50,0.07129957105966192,False,0.11321426318007949,41,False
short,64,16,1,2,晶升速度,1,39,0.08165353986449432,0.028240875920725106,0.12576881875541335,12,True,24:26;29:48;50:50,0.07129957105966192,False,0.11321426318007949,41,False
short,64,16,1,2,晶升速度,1,40,0.10246165782574816,0.056816260967579274,0.14501037053075388,12,True,24:26;29:48;50:50,0.07129957105966192,False,0.11321426318007949,41,False
short,64,16,1,2,晶升速度,1,41,0.11321426318007949,0.0685864976911182,0.15583017048253187,12,True,24:26;29:48;50:50,0.07129957105966192,True,0.11321426318007949,41,False
short,64,16,1,2,晶升速度,1,42,0.10372343323054348,0.05912229219554514,0.14696860434074732,12,True,24:26;29:48;50:50,0.07129957105966192,False,0.11321426318007949,41,False
short,64,16,1,2,晶升速度,1,43,0.08087105606088846,0.03197795751192405,0.12870763878247776,12,True,24:26;29:48;50:50,0.07129957105966192,False,0.11321426318007949,41,False
short,64,16,1,2,晶升速度,1,44,0.07006809776141133,0.024543376325242092,0.12184384751514489,12,True,24:26;29:48;50:50,0.07129957105966192,False,0.11321426318007949,41,False
short,64,16,1,2,晶升速度,1,45,0.05657942246760139,0.010804661001148914,0.10414706767971295,12,True,24:26;29:48;50:50,0.07129957105966192,False,0.11321426318007949,41,False
short,64,16,1,2,晶升速度,1,46,0.05192084485666578,0.0011966824142789385,0.10238799450128329,12,True,24:26;29:48;50:50,0.07129957105966192,False,0.11321426318007949,41,False
short,64,16,1,2,晶升速度,1,47,0.05153805526164472,0.0033121006596791716,0.10478700962761488,12,True,24:26;29:48;50:50,0.07129957105966192,False,0.11321426318007949,41,False
short,64,16,1,2,晶升速度,1,48,0.050919519316560774,0.003955212327350397,0.09588121237400427,12,True,24:26;29:48;50:50,0.07129957105966192,False,0.11321426318007949,41,False
short,64,16,1,2,晶升速度,1,49,0.049010555683251834,-0.0042096694508286965,0.09343035961713034,12,False,24:26;29:48;50:50,0.07129957105966192,False,0.11321426318007949,41,False
short,64,16,1,2,晶升速度,1,50,0.05518609598042716,0.0001300455400367771,0.10041722667547116,12,True,24:26;29:48;50:50,0.07129957105966192,False,0.11321426318007949,41,False
short,64,16,1,2,晶转速度,2,0,0.0918952513230696,0.04122116546979686,0.13299257060214195,12,True,0:50,0.05724413912139396,False,0.09854778012371344,25,False
short,64,16,1,2,晶转速度,2,1,0.09657629466340971,0.04762412315527045,0.13649628936165645,12,True,0:50,0.05724413912139396,False,0.09854778012371344,25,False
short,64,16,1,2,晶转速度,2,2,0.09440518097888896,0.04714823349401201,0.13678450132134828,12,True,0:50,0.05724413912139396,False,0.09854778012371344,25,False
short,64,16,1,2,晶转速度,2,3,0.09592127621665586,0.046099156484379324,0.13813185921410343,12,True,0:50,0.05724413912139396,False,0.09854778012371344,25,False
short,64,16,1,2,晶转速度,2,4,0.09383385696571002,0.04696762367975926,0.13593413337218027,12,True,0:50,0.05724413912139396,False,0.09854778012371344,25,False
short,64,16,1,2,晶转速度,2,5,0.09676167439113025,0.04824146175117572,0.1393467269255221,12,True,0:50,0.05724413912139396,False,0.09854778012371344,25,False
short,64,16,1,2,晶转速度,2,6,0.09132242602527164,0.03945234515468583,0.13203905099795368,12,True,0:50,0.05724413912139396,False,0.09854778012371344,25,False
short,64,16,1,2,晶转速度,2,7,0.09177943493662528,0.040771358192186115,0.1313503943136985,12,True,0:50,0.05724413912139396,False,0.09854778012371344,25,False
short,64,16,1,2,晶转速度,2,8,0.09412249400613118,0.04671999681080886,0.13396568615020432,12,True,0:50,0.05724413912139396,False,0.09854778012371344,25,False
short,64,16,1,2,晶转速度,2,9,0.09194340451691692,0.04358745924508961,0.1333908095677085,12,True,0:50,0.05724413912139396,False,0.09854778012371344,25,False
short,64,16,1,2,晶转速度,2,10,0.09421310804532844,0.04386299280475517,0.13327190851009987,12,True,0:50,0.05724413912139396,False,0.09854778012371344,25,False
short,64,16,1,2,晶转速度,2,11,0.09480775582826835,0.04248891710586063,0.13304861783756713,12,True,0:50,0.05724413912139396,False,0.09854778012371344,25,False
short,64,16,1,2,晶转速度,2,12,0.09283531725698893,0.043097696428231136,0.1327116143231896,12,True,0:50,0.05724413912139396,False,0.09854778012371344,25,False
short,64,16,1,2,晶转速度,2,13,0.0883855037378857,0.040564431351515697,0.12882419913231202,12,True,0:50,0.05724413912139396,False,0.09854778012371344,25,False
short,64,16,1,2,晶转速度,2,14,0.09147100419694229,0.04033867824946013,0.13190337550399583,12,True,0:50,0.05724413912139396,False,0.09854778012371344,25,False
short,64,16,1,2,晶转速度,2,15,0.09769520088725962,0.04464837900635807,0.13737212606033955,12,True,0:50,0.05724413912139396,False,0.09854778012371344,25,False
short,64,16,1,2,晶转速度,2,16,0.0932093390907614,0.04359736007019889,0.13256698836884076,12,True,0:50,0.05724413912139396,False,0.09854778012371344,25,False
short,64,16,1,2,晶转速度,2,17,0.09674399637883195,0.04609320100710413,0.1354360470998573,12,True,0:50,0.05724413912139396,False,0.09854778012371344,25,False
short,64,16,1,2,晶转速度,2,18,0.09312037065771134,0.03952930589431693,0.1331147083309288,12,True,0:50,0.05724413912139396,False,0.09854778012371344,25,False
short,64,16,1,2,晶转速度,2,19,0.09450304669834286,0.04765603829930753,0.13501196220790998,12,True,0:50,0.05724413912139396,False,0.09854778012371344,25,False
short,64,16,1,2,晶转速度,2,20,0.09327445294799569,0.04735792535351672,0.1344526943020546,12,True,0:50,0.05724413912139396,False,0.09854778012371344,25,False
short,64,16,1,2,晶转速度,2,21,0.0959232817379484,0.04667760599117805,0.13635086347808323,12,True,0:50,0.05724413912139396,False,0.09854778012371344,25,False
short,64,16,1,2,晶转速度,2,22,0.0981892459707865,0.04713505636996633,0.13890394772492304,12,True,0:50,0.05724413912139396,False,0.09854778012371344,25,False
short,64,16,1,2,晶转速度,2,23,0.09736111255936272,0.048084594534604355,0.1393164238316325,12,True,0:50,0.05724413912139396,False,0.09854778012371344,25,False
short,64,16,1,2,晶转速度,2,24,0.09621472854376052,0.04577721864176613,0.13602876716488096,12,True,0:50,0.05724413912139396,False,0.09854778012371344,25,False
short,64,16,1,2,晶转速度,2,25,0.09854778012371344,0.045150672992146326,0.13648495266241845,12,True,0:50,0.05724413912139396,True,0.09854778012371344,25,False
short,64,16,1,2,晶转速度,2,26,0.0887296379657584,0.03941879515819291,0.12588900002306366,12,True,0:50,0.05724413912139396,False,0.09854778012371344,25,False
short,64,16,1,2,晶转速度,2,27,0.094669551702306,0.04389791678134439,0.13270037436869986,12,True,0:50,0.05724413912139396,False,0.09854778012371344,25,False
short,64,16,1,2,晶转速度,2,28,0.09000879285062889,0.03898987083464746,0.12840635805159828,12,True,0:50,0.05724413912139396,False,0.09854778012371344,25,False
short,64,16,1,2,晶转速度,2,29,0.09278597115773504,0.04499834472889314,0.13041380077742837,12,True,0:50,0.05724413912139396,False,0.09854778012371344,25,False
short,64,16,1,2,晶转速度,2,30,0.09171530637266449,0.042997950667376154,0.13119122088383992,12,True,0:50,0.05724413912139396,False,0.09854778012371344,25,False
short,64,16,1,2,晶转速度,2,31,0.09232747942719892,0.0413020120109852,0.13140917223483903,12,True,0:50,0.05724413912139396,False,0.09854778012371344,25,False
short,64,16,1,2,晶转速度,2,32,0.08720320895974165,0.03604435214004398,0.1273642881543588,12,True,0:50,0.05724413912139396,False,0.09854778012371344,25,False
short,64,16,1,2,晶转速度,2,33,0.09160382086722481,0.04355482480980664,0.1301980431573584,12,True,0:50,0.05724413912139396,False,0.09854778012371344,25,False
short,64,16,1,2,晶转速度,2,34,0.08974148968277623,0.04184474337553684,0.12765476117712343,12,True,0:50,0.05724413912139396,False,0.09854778012371344,25,False
short,64,16,1,2,晶转速度,2,35,0.09535230629651997,0.049247136653963124,0.13291565152232054,12,True,0:50,0.05724413912139396,False,0.09854778012371344,25,False
short,64,16,1,2,晶转速度,2,36,0.09576324960591004,0.04675666095881612,0.13491761253724793,12,True,0:50,0.05724413912139396,False,0.09854778012371344,25,False
short,64,16,1,2,晶转速度,2,37,0.09159778032028369,0.042537016445326224,0.13076859152613382,12,True,0:50,0.05724413912139396,False,0.09854778012371344,25,False
short,64,16,1,2,晶转速度,2,38,0.09526292958431536,0.047333611859803164,0.1316035375438942,12,True,0:50,0.05724413912139396,False,0.09854778012371344,25,False
short,64,16,1,2,晶转速度,2,39,0.08748059128871138,0.03828522683068077,0.12922319684675926,12,True,0:50,0.05724413912139396,False,0.09854778012371344,25,False
short,64,16,1,2,晶转速度,2,40,0.0913814662432962,0.04026398427145,0.13156402635129832,12,True,0:50,0.05724413912139396,False,0.09854778012371344,25,False
short,64,16,1,2,晶转速度,2,41,0.09407101059473984,0.04325859264972111,0.132586684622784,12,True,0:50,0.05724413912139396,False,0.09854778012371344,25,False
short,64,16,1,2,晶转速度,2,42,0.097923434418443,0.04758068527589138,0.1357334875467567,12,True,0:50,0.05724413912139396,False,0.09854778012371344,25,False
short,64,16,1,2,晶转速度,2,43,0.09697792563223229,0.04788583385630676,0.134872669857151,12,True,0:50,0.05724413912139396,False,0.09854778012371344,25,False
short,64,16,1,2,晶转速度,2,44,0.08875724292486285,0.04138216012698417,0.12840170468664516,12,True,0:50,0.05724413912139396,False,0.09854778012371344,25,False
short,64,16,1,2,晶转速度,2,45,0.09398951443965536,0.04154698913008578,0.13098711614323352,12,True,0:50,0.05724413912139396,False,0.09854778012371344,25,False
short,64,16,1,2,晶转速度,2,46,0.09195057285490245,0.043829523672538485,0.13138911939771974,12,True,0:50,0.05724413912139396,False,0.09854778012371344,25,False
short,64,16,1,2,晶转速度,2,47,0.09634545304202662,0.04972413064018567,0.13831265857243594,12,True,0:50,0.05724413912139396,False,0.09854778012371344,25,False
short,64,16,1,2,晶转速度,2,48,0.09613066455841607,0.05023820756534451,0.1344405967303805,12,True,0:50,0.05724413912139396,False,0.09854778012371344,25,False
short,64,16,1,2,晶转速度,2,49,0.09492513153588468,0.04888253189241854,0.1362795297823229,12,True,0:50,0.05724413912139396,False,0.09854778012371344,25,False
short,64,16,1,2,晶转速度,2,50,0.09559560475898163,0.04965068793917601,0.13385214332758205,12,True,0:50,0.05724413912139396,False,0.09854778012371344,25,False
short,64,16,1,2,埚升速度,3,0,0.007058202376712136,-0.04175588021390068,0.05102771279196987,12,False,23:26;29:45;50:50,0.07347345789988331,False,0.10927983656732311,41,False
short,64,16,1,2,埚升速度,3,1,-0.0047763166999290904,-0.054745916207218435,0.036618330212877824,12,False,23:26;29:45;50:50,0.07347345789988331,False,0.10927983656732311,41,False
short,64,16,1,2,埚升速度,3,2,-0.01567794960357846,-0.06374105438750247,0.0300274849793134,12,False,23:26;29:45;50:50,0.07347345789988331,False,0.10927983656732311,41,False
short,64,16,1,2,埚升速度,3,3,-0.0071123033341474904,-0.04350849850135935,0.041026388052058826,12,False,23:26;29:45;50:50,0.07347345789988331,False,0.10927983656732311,41,False
short,64,16,1,2,埚升速度,3,4,0.006537366050769945,-0.02965593556847357,0.05594251466179874,12,False,23:26;29:45;50:50,0.07347345789988331,False,0.10927983656732311,41,False
short,64,16,1,2,埚升速度,3,5,0.009286787096210811,-0.029329725551552922,0.05799172290350214,12,False,23:26;29:45;50:50,0.07347345789988331,False,0.10927983656732311,41,False
short,64,16,1,2,埚升速度,3,6,0.022008902340936085,-0.019493729603514746,0.07349042488596765,12,False,23:26;29:45;50:50,0.07347345789988331,False,0.10927983656732311,41,False
short,64,16,1,2,埚升速度,3,7,0.03371825327311461,-0.012270271994879057,0.08656744610127509,12,False,23:26;29:45;50:50,0.07347345789988331,False,0.10927983656732311,41,False
short,64,16,1,2,埚升速度,3,8,0.037148031889291076,-0.009194383673658333,0.09318757458219035,12,False,23:26;29:45;50:50,0.07347345789988331,False,0.10927983656732311,41,False
short,64,16,1,2,埚升速度,3,9,0.033161179583673865,-0.011462142967722966,0.08646164727481935,12,False,23:26;29:45;50:50,0.07347345789988331,False,0.10927983656732311,41,False
short,64,16,1,2,埚升速度,3,10,0.015032781726422795,-0.03267777536089329,0.068982909208343,12,False,23:26;29:45;50:50,0.07347345789988331,False,0.10927983656732311,41,False
short,64,16,1,2,埚升速度,3,11,-0.0061071102707035835,-0.053611831613649484,0.045624798557249796,12,False,23:26;29:45;50:50,0.07347345789988331,False,0.10927983656732311,41,False
short,64,16,1,2,埚升速度,3,12,-0.028473177321944213,-0.06759723944653534,0.024588787887940073,12,False,23:26;29:45;50:50,0.07347345789988331,False,0.10927983656732311,41,False
short,64,16,1,2,埚升速度,3,13,-0.03193221628309784,-0.06846364396837476,0.018213870455510223,12,False,23:26;29:45;50:50,0.07347345789988331,False,0.10927983656732311,41,False
short,64,16,1,2,埚升速度,3,14,-0.021087769899655228,-0.056775525092992406,0.024792037868853364,12,False,23:26;29:45;50:50,0.07347345789988331,False,0.10927983656732311,41,False
short,64,16,1,2,埚升速度,3,15,0.0010142109233017397,-0.03938686843495737,0.05006492462757059,12,False,23:26;29:45;50:50,0.07347345789988331,False,0.10927983656732311,41,False
short,64,16,1,2,埚升速度,3,16,0.01848903515229971,-0.019298220580138616,0.0763468562593508,12,False,23:26;29:45;50:50,0.07347345789988331,False,0.10927983656732311,41,False
short,64,16,1,2,埚升速度,3,17,0.02505386409495817,-0.01928123147177572,0.07920888681950917,12,False,23:26;29:45;50:50,0.07347345789988331,False,0.10927983656732311,41,False
short,64,16,1,2,埚升速度,3,18,0.02252037020139304,-0.020677973743159522,0.07198630751868756,12,False,23:26;29:45;50:50,0.07347345789988331,False,0.10927983656732311,41,False
short,64,16,1,2,埚升速度,3,19,0.010681750594898478,-0.03879638300806496,0.061428054599260526,12,False,23:26;29:45;50:50,0.07347345789988331,False,0.10927983656732311,41,False
short,64,16,1,2,埚升速度,3,20,-0.000209310568370338,-0.0444155441289454,0.05122541381153302,12,False,23:26;29:45;50:50,0.07347345789988331,False,0.10927983656732311,41,False
short,64,16,1,2,埚升速度,3,21,-0.0140052025138065,-0.05385164706464246,0.03417560081184367,12,False,23:26;29:45;50:50,0.07347345789988331,False,0.10927983656732311,41,False
short,64,16,1,2,埚升速度,3,22,-0.027126525576927317,-0.06934435805612822,0.02167390879422509,12,False,23:26;29:45;50:50,0.07347345789988331,False,0.10927983656732311,41,False
short,64,16,1,2,埚升速度,3,23,-0.05180816787411564,-0.09562684609973456,-0.004463339734462688,12,True,23:26;29:45;50:50,0.07347345789988331,False,0.10927983656732311,41,False
short,64,16,1,2,埚升速度,3,24,-0.0639997825648321,-0.11066072739155527,-0.018689141119248152,12,True,23:26;29:45;50:50,0.07347345789988331,False,0.10927983656732311,41,False
short,64,16,1,2,埚升速度,3,25,-0.06190113793113325,-0.10788203103569019,-0.013796334924761434,12,True,23:26;29:45;50:50,0.07347345789988331,False,0.10927983656732311,41,False
short,64,16,1,2,埚升速度,3,26,-0.04937092592504864,-0.0977327861239175,-0.00505625747607099,12,True,23:26;29:45;50:50,0.07347345789988331,False,0.10927983656732311,41,False
short,64,16,1,2,埚升速度,3,27,-0.012277818492633234,-0.06162597833557097,0.03359037645853552,12,False,23:26;29:45;50:50,0.07347345789988331,False,0.10927983656732311,41,False
short,64,16,1,2,埚升速度,3,28,0.02972433736007506,-0.013661911458884816,0.08269745444076891,12,False,23:26;29:45;50:50,0.07347345789988331,False,0.10927983656732311,41,False
short,64,16,1,2,埚升速度,3,29,0.05969832037117999,0.016403446282977206,0.11361656417620276,12,True,23:26;29:45;50:50,0.07347345789988331,False,0.10927983656732311,41,False
short,64,16,1,2,埚升速度,3,30,0.07666691078271208,0.03450213216126583,0.1271884169341395,12,True,23:26;29:45;50:50,0.07347345789988331,False,0.10927983656732311,41,False
short,64,16,1,2,埚升速度,3,31,0.07596497668251577,0.029934350376913416,0.12667554117610963,12,True,23:26;29:45;50:50,0.07347345789988331,False,0.10927983656732311,41,False
short,64,16,1,2,埚升速度,3,32,0.07290601871221336,0.02441114335134567,0.12259403519469181,12,True,23:26;29:45;50:50,0.07347345789988331,False,0.10927983656732311,41,False
short,64,16,1,2,埚升速度,3,33,0.06542281365794599,0.018290206265289686,0.11320528166682554,12,True,23:26;29:45;50:50,0.07347345789988331,False,0.10927983656732311,41,False
short,64,16,1,2,埚升速度,3,34,0.059322991227953814,0.011696786390856318,0.10470093205761476,12,True,23:26;29:45;50:50,0.07347345789988331,False,0.10927983656732311,41,False
short,64,16,1,2,埚升速度,3,35,0.05795702365852496,0.009706613392766756,0.10502202626994155,12,True,23:26;29:45;50:50,0.07347345789988331,False,0.10927983656732311,41,False
short,64,16,1,2,埚升速度,3,36,0.061776217004193265,0.016799232503415553,0.10546880015439915,12,True,23:26;29:45;50:50,0.07347345789988331,False,0.10927983656732311,41,False
short,64,16,1,2,埚升速度,3,37,0.05575900251426241,0.0036983719902439222,0.09812476645559916,12,True,23:26;29:45;50:50,0.07347345789988331,False,0.10927983656732311,41,False
short,64,16,1,2,埚升速度,3,38,0.06269788333182262,0.009875831561281911,0.11030616906584924,12,True,23:26;29:45;50:50,0.07347345789988331,False,0.10927983656732311,41,False
short,64,16,1,2,埚升速度,3,39,0.08156906863339812,0.02764968764299312,0.1265906097972694,12,True,23:26;29:45;50:50,0.07347345789988331,False,0.10927983656732311,41,False
short,64,16,1,2,埚升速度,3,40,0.1002005446070156,0.05421089972926269,0.1419554828141042,12,True,23:26;29:45;50:50,0.07347345789988331,False,0.10927983656732311,41,False
short,64,16,1,2,埚升速度,3,41,0.10927983656732311,0.06358796804462687,0.15100211491980078,12,True,23:26;29:45;50:50,0.07347345789988331,True,0.10927983656732311,41,False
short,64,16,1,2,埚升速度,3,42,0.09959936845643479,0.054061458606723206,0.14187252869925082,12,True,23:26;29:45;50:50,0.07347345789988331,False,0.10927983656732311,41,False
short,64,16,1,2,埚升速度,3,43,0.07899593719319413,0.03497399689324293,0.1251070590529231,12,True,23:26;29:45;50:50,0.07347345789988331,False,0.10927983656732311,41,False
short,64,16,1,2,埚升速度,3,44,0.06820523512149718,0.02681440705728817,0.12066226264252283,12,True,23:26;29:45;50:50,0.07347345789988331,False,0.10927983656732311,41,False
short,64,16,1,2,埚升速度,3,45,0.049712772325021436,0.004084235167173435,0.10118411010531277,12,True,23:26;29:45;50:50,0.07347345789988331,False,0.10927983656732311,41,False
short,64,16,1,2,埚升速度,3,46,0.04475273823110999,-0.0063788434653056945,0.09193119476664009,12,False,23:26;29:45;50:50,0.07347345789988331,False,0.10927983656732311,41,False
short,64,16,1,2,埚升速度,3,47,0.044648609208887274,-0.0033941105024794904,0.09750209231094836,12,False,23:26;29:45;50:50,0.07347345789988331,False,0.10927983656732311,41,False
short,64,16,1,2,埚升速度,3,48,0.04241717354611383,-0.001992442426594541,0.08715919420868695,12,False,23:26;29:45;50:50,0.07347345789988331,False,0.10927983656732311,41,False
short,64,16,1,2,埚升速度,3,49,0.04726872506354488,-0.003441030175651529,0.09377531358065642,12,False,23:26;29:45;50:50,0.07347345789988331,False,0.10927983656732311,41,False
short,64,16,1,2,埚升速度,3,50,0.054815777438072234,0.005266295179888825,0.09935901226642221,12,True,23:26;29:45;50:50,0.07347345789988331,False,0.10927983656732311,41,False
short,64,16,1,2,埚转速度,4,0,-0.003929259319078566,-0.0472918055478013,0.04020439813861155,12,False,,0.08290387871949062,False,0.03895874880343622,29,True
short,64,16,1,2,埚转速度,4,1,0.015385304831025615,-0.026532655436298156,0.05929667215716604,12,False,,0.08290387871949062,False,0.03895874880343622,29,True
short,64,16,1,2,埚转速度,4,2,0.01386901565659527,-0.028287709142521607,0.05554684723871091,12,False,,0.08290387871949062,False,0.03895874880343622,29,True
short,64,16,1,2,埚转速度,4,3,0.010561248780021352,-0.028826029714687788,0.05711262315694484,12,False,,0.08290387871949062,False,0.03895874880343622,29,True
short,64,16,1,2,埚转速度,4,4,-0.02155866408102319,-0.06260542688101282,0.02589979392555842,12,False,,0.08290387871949062,False,0.03895874880343622,29,True
short,64,16,1,2,埚转速度,4,5,0.007572294124035344,-0.04148958232554513,0.056713787982445765,12,False,,0.08290387871949062,False,0.03895874880343622,29,True
short,64,16,1,2,埚转速度,4,6,-0.023799994999450676,-0.06702164987801595,0.025646371396172745,12,False,,0.08290387871949062,False,0.03895874880343622,29,True
short,64,16,1,2,埚转速度,4,7,0.014479345471946462,-0.03203890899295385,0.05843917085276781,12,False,,0.08290387871949062,False,0.03895874880343622,29,True
short,64,16,1,2,埚转速度,4,8,0.012088536657897319,-0.026804052337889798,0.049364978314388144,12,False,,0.08290387871949062,False,0.03895874880343622,29,True
short,64,16,1,2,埚转速度,4,9,0.02066380168556357,-0.023362969570546135,0.07394627571184158,12,False,,0.08290387871949062,False,0.03895874880343622,29,True
short,64,16,1,2,埚转速度,4,10,0.028128083255398156,-0.015303415439680817,0.07401567454021785,12,False,,0.08290387871949062,False,0.03895874880343622,29,True
short,64,16,1,2,埚转速度,4,11,-0.00032827655437633657,-0.04212948557492392,0.04279454254164315,12,False,,0.08290387871949062,False,0.03895874880343622,29,True
short,64,16,1,2,埚转速度,4,12,0.007632097117859855,-0.03421944911744326,0.05393247636951585,12,False,,0.08290387871949062,False,0.03895874880343622,29,True
short,64,16,1,2,埚转速度,4,13,-0.010067780767617922,-0.054132808419105394,0.028834345869630792,12,False,,0.08290387871949062,False,0.03895874880343622,29,True
short,64,16,1,2,埚转速度,4,14,0.0021666453889279762,-0.04359420018040046,0.0526204924149591,12,False,,0.08290387871949062,False,0.03895874880343622,29,True
short,64,16,1,2,埚转速度,4,15,-0.01711219426292161,-0.058116829173381214,0.02933253035630852,12,False,,0.08290387871949062,False,0.03895874880343622,29,True
short,64,16,1,2,埚转速度,4,16,0.014162000413065123,-0.03807083734758991,0.05696429512742687,12,False,,0.08290387871949062,False,0.03895874880343622,29,True
short,64,16,1,2,埚转速度,4,17,-0.0040874092475811225,-0.056714559507458295,0.03699684730080923,12,False,,0.08290387871949062,False,0.03895874880343622,29,True
short,64,16,1,2,埚转速度,4,18,-0.028832179918511155,-0.07292690639869483,0.010675765684769462,12,False,,0.08290387871949062,False,0.03895874880343622,29,True
short,64,16,1,2,埚转速度,4,19,0.010349146281277154,-0.033481482100421206,0.07633342688959431,12,False,,0.08290387871949062,False,0.03895874880343622,29,True
short,64,16,1,2,埚转速度,4,20,-0.010828725286455666,-0.05923644835615725,0.05184280952955339,12,False,,0.08290387871949062,False,0.03895874880343622,29,True
short,64,16,1,2,埚转速度,4,21,0.00918474621408241,-0.03231454434143986,0.04671276072492607,12,False,,0.08290387871949062,False,0.03895874880343622,29,True
short,64,16,1,2,埚转速度,4,22,0.024093015853641,-0.022979102779178803,0.06687735662348031,12,False,,0.08290387871949062,False,0.03895874880343622,29,True
short,64,16,1,2,埚转速度,4,23,0.002093565906553567,-0.05282532420395102,0.044160804327078265,12,False,,0.08290387871949062,False,0.03895874880343622,29,True
short,64,16,1,2,埚转速度,4,24,-0.016144527324255288,-0.06559642092286933,0.020772564931803877,12,False,,0.08290387871949062,False,0.03895874880343622,29,True
short,64,16,1,2,埚转速度,4,25,-0.017007679328836713,-0.056735896990414654,0.028057012120753913,12,False,,0.08290387871949062,False,0.03895874880343622,29,True
short,64,16,1,2,埚转速度,4,26,-0.003116221432648764,-0.052963944281612364,0.04253764538612563,12,False,,0.08290387871949062,False,0.03895874880343622,29,True
short,64,16,1,2,埚转速度,4,27,-0.03537668565334889,-0.08658279586768612,0.007293676859254948,12,False,,0.08290387871949062,False,0.03895874880343622,29,True
short,64,16,1,2,埚转速度,4,28,-0.014083455172564072,-0.061473534575690277,0.030575167753368927,12,False,,0.08290387871949062,False,0.03895874880343622,29,True
short,64,16,1,2,埚转速度,4,29,-0.03895874880343622,-0.07440551199838379,0.011403005285639863,12,False,,0.08290387871949062,True,0.03895874880343622,29,True
short,64,16,1,2,埚转速度,4,30,-0.00898322869209605,-0.05755189693306328,0.03802971942959309,12,False,,0.08290387871949062,False,0.03895874880343622,29,True
short,64,16,1,2,埚转速度,4,31,0.012787006487724352,-0.02697380520253372,0.06384113763111093,12,False,,0.08290387871949062,False,0.03895874880343622,29,True
short,64,16,1,2,埚转速度,4,32,-0.0036306799370647573,-0.051339257896437694,0.04213868788221228,12,False,,0.08290387871949062,False,0.03895874880343622,29,True
short,64,16,1,2,埚转速度,4,33,0.019668558022675475,-0.016880127705371593,0.057828003687869,12,False,,0.08290387871949062,False,0.03895874880343622,29,True
short,64,16,1,2,埚转速度,4,34,0.027352136499150182,-0.026726066612166775,0.07819971881327735,12,False,,0.08290387871949062,False,0.03895874880343622,29,True
short,64,16,1,2,埚转速度,4,35,-0.02482005959331297,-0.07115282032207919,0.01909093391767893,12,False,,0.08290387871949062,False,0.03895874880343622,29,True
short,64,16,1,2,埚转速度,4,36,0.019781258423038475,-0.035002945172389874,0.07194642424429798,12,False,,0.08290387871949062,False,0.03895874880343622,29,True
short,64,16,1,2,埚转速度,4,37,-0.01451417742412035,-0.07463202664447277,0.04092646494578245,12,False,,0.08290387871949062,False,0.03895874880343622,29,True
short,64,16,1,2,埚转速度,4,38,-0.013618749907895739,-0.06601841205592733,0.022034990986140774,12,False,,0.08290387871949062,False,0.03895874880343622,29,True
short,64,16,1,2,埚转速度,4,39,-0.016016827051867015,-0.05314834263331333,0.031675402678881956,12,False,,0.08290387871949062,False,0.03895874880343622,29,True
short,64,16,1,2,埚转速度,4,40,-0.03565726547531877,-0.07282798999431002,0.01740641240224638,12,False,,0.08290387871949062,False,0.03895874880343622,29,True
short,64,16,1,2,埚转速度,4,41,0.01381130986397791,-0.034147187196986444,0.051417189663964705,12,False,,0.08290387871949062,False,0.03895874880343622,29,True
short,64,16,1,2,埚转速度,4,42,-0.02777141977458834,-0.08516819028178109,0.012794117820709962,12,False,,0.08290387871949062,False,0.03895874880343622,29,True
short,64,16,1,2,埚转速度,4,43,-0.0057497749237568644,-0.0560048455575859,0.03719985253514605,12,False,,0.08290387871949062,False,0.03895874880343622,29,True
short,64,16,1,2,埚转速度,4,44,0.006135602177975007,-0.04005461057280952,0.05820434636782367,12,False,,0.08290387871949062,False,0.03895874880343622,29,True
short,64,16,1,2,埚转速度,4,45,0.0008678162399046077,-0.039774984017068124,0.04757276722447575,12,False,,0.08290387871949062,False,0.03895874880343622,29,True
short,64,16,1,2,埚转速度,4,46,0.024772350925597358,-0.016266197330858982,0.06712756409274656,12,False,,0.08290387871949062,False,0.03895874880343622,29,True
short,64,16,1,2,埚转速度,4,47,0.012013163934449464,-0.0333780463956303,0.061534131844262756,12,False,,0.08290387871949062,False,0.03895874880343622,29,True
short,64,16,1,2,埚转速度,4,48,0.005350257423566737,-0.04311462900932528,0.038910350623942734,12,False,,0.08290387871949062,False,0.03895874880343622,29,True
short,64,16,1,2,埚转速度,4,49,-0.02650442480518693,-0.0687396486533751,0.010480014567314446,12,False,,0.08290387871949062,False,0.03895874880343622,29,True
short,64,16,1,2,埚转速度,4,50,-0.024315196400562383,-0.06454096928236888,0.023570305015579763,12,False,,0.08290387871949062,False,0.03895874880343622,29,True
medium,256,32,15,1,主加热功率,0,0,-0.11819034394319299,-0.2372869939247697,0.011230161136880717,12,False,1:33;48:150,0.199701494313884,False,0.2509826381622086,120,True
medium,256,32,15,1,主加热功率,0,1,-0.12567464415655344,-0.24346210475298669,-0.001530361179213316,12,True,1:33;48:150,0.199701494313884,False,0.2509826381622086,120,True
medium,256,32,15,1,主加热功率,0,2,-0.13254691160511783,-0.2473968563580184,-0.012163885585135285,12,True,1:33;48:150,0.199701494313884,False,0.2509826381622086,120,True
medium,256,32,15,1,主加热功率,0,3,-0.13838106314936555,-0.25106185477579107,-0.02016238431336311,12,True,1:33;48:150,0.199701494313884,False,0.2509826381622086,120,True
medium,256,32,15,1,主加热功率,0,4,-0.1401429782815943,-0.252855844894728,-0.027149895372433147,12,True,1:33;48:150,0.199701494313884,False,0.2509826381622086,120,True
medium,256,32,15,1,主加热功率,0,5,-0.13677017406461212,-0.2480603659247151,-0.02485417207267206,12,True,1:33;48:150,0.199701494313884,False,0.2509826381622086,120,True
medium,256,32,15,1,主加热功率,0,6,-0.13352390008562529,-0.2438696098308363,-0.0231194749824724,12,True,1:33;48:150,0.199701494313884,False,0.2509826381622086,120,True
medium,256,32,15,1,主加热功率,0,7,-0.13222068026151734,-0.23667410198236888,-0.018016692239012522,12,True,1:33;48:150,0.199701494313884,False,0.2509826381622086,120,True
medium,256,32,15,1,主加热功率,0,8,-0.132086533465697,-0.2328774222360349,-0.020420105957568643,12,True,1:33;48:150,0.199701494313884,False,0.2509826381622086,120,True
medium,256,32,15,1,主加热功率,0,9,-0.13366080567605768,-0.22943915385221944,-0.028165795481698338,12,True,1:33;48:150,0.199701494313884,False,0.2509826381622086,120,True
medium,256,32,15,1,主加热功率,0,10,-0.13766066275491243,-0.23230551382680098,-0.03615238337374701,12,True,1:33;48:150,0.199701494313884,False,0.2509826381622086,120,True
medium,256,32,15,1,主加热功率,0,11,-0.14401733244536935,-0.233879177900209,-0.0496528551760909,12,True,1:33;48:150,0.199701494313884,False,0.2509826381622086,120,True
medium,256,32,15,1,主加热功率,0,12,-0.150342725396547,-0.2372636578860178,-0.05694005327774774,12,True,1:33;48:150,0.199701494313884,False,0.2509826381622086,120,True
medium,256,32,15,1,主加热功率,0,13,-0.15641613910500934,-0.24724024507412223,-0.0641029366287128,12,True,1:33;48:150,0.199701494313884,False,0.2509826381622086,120,True
medium,256,32,15,1,主加热功率,0,14,-0.16052520397707437,-0.2517652532924882,-0.0684168303965243,12,True,1:33;48:150,0.199701494313884,False,0.2509826381622086,120,True
medium,256,32,15,1,主加热功率,0,15,-0.15957255464274286,-0.25389726293488746,-0.06441452738254885,12,True,1:33;48:150,0.199701494313884,False,0.2509826381622086,120,True
medium,256,32,15,1,主加热功率,0,16,-0.15401617200857173,-0.25142153063541883,-0.05627810298528038,12,True,1:33;48:150,0.199701494313884,False,0.2509826381622086,120,True
medium,256,32,15,1,主加热功率,0,17,-0.14956308993820897,-0.2497159765965514,-0.049143006257514714,12,True,1:33;48:150,0.199701494313884,False,0.2509826381622086,120,True
medium,256,32,15,1,主加热功率,0,18,-0.14710278245736322,-0.24644641677929255,-0.04696492019123244,12,True,1:33;48:150,0.199701494313884,False,0.2509826381622086,120,True
medium,256,32,15,1,主加热功率,0,19,-0.14408617322570247,-0.24266477681657792,-0.042462715389066596,12,True,1:33;48:150,0.199701494313884,False,0.2509826381622086,120,True
medium,256,32,15,1,主加热功率,0,20,-0.14425613444728183,-0.2440876844380887,-0.03603731895804793,12,True,1:33;48:150,0.199701494313884,False,0.2509826381622086,120,True
medium,256,32,15,1,主加热功率,0,21,-0.1461707191225294,-0.24892206207870562,-0.030536360341893724,12,True,1:33;48:150,0.199701494313884,False,0.2509826381622086,120,True
medium,256,32,15,1,主加热功率,0,22,-0.14679878194610377,-0.2505850638987199,-0.028356375094100567,12,True,1:33;48:150,0.199701494313884,False,0.2509826381622086,120,True
medium,256,32,15,1,主加热功率,0,23,-0.14271638516395885,-0.24908430193304612,-0.02426116952761209,12,True,1:33;48:150,0.199701494313884,False,0.2509826381622086,120,True
medium,256,32,15,1,主加热功率,0,24,-0.13849418507903494,-0.24651114461066734,-0.01802846921687601,12,True,1:33;48:150,0.199701494313884,False,0.2509826381622086,120,True
medium,256,32,15,1,主加热功率,0,25,-0.13491779588641242,-0.24665285336867748,-0.013940081638696582,12,True,1:33;48:150,0.199701494313884,False,0.2509826381622086,120,True
medium,256,32,15,1,主加热功率,0,26,-0.13258182525992643,-0.24789419045413963,-0.013799744093823786,12,True,1:33;48:150,0.199701494313884,False,0.2509826381622086,120,True
medium,256,32,15,1,主加热功率,0,27,-0.13316171916753375,-0.2472376449334516,-0.015566881883342917,12,True,1:33;48:150,0.199701494313884,False,0.2509826381622086,120,True
medium,256,32,15,1,主加热功率,0,28,-0.13529659430906033,-0.24868968926941576,-0.02183015401027417,12,True,1:33;48:150,0.199701494313884,False,0.2509826381622086,120,True
medium,256,32,15,1,主加热功率,0,29,-0.1339659191672076,-0.24859035317895725,-0.021487861251222276,12,True,1:33;48:150,0.199701494313884,False,0.2509826381622086,120,True
medium,256,32,15,1,主加热功率,0,30,-0.1303243017341182,-0.2496224832159435,-0.011779554265872204,12,True,1:33;48:150,0.199701494313884,False,0.2509826381622086,120,True
medium,256,32,15,1,主加热功率,0,31,-0.1274121069810378,-0.2517437509297704,-0.0074741879810424385,12,True,1:33;48:150,0.199701494313884,False,0.2509826381622086,120,True
medium,256,32,15,1,主加热功率,0,32,-0.12563753569412273,-0.25284494600473284,-0.00860964831595851,12,True,1:33;48:150,0.199701494313884,False,0.2509826381622086,120,True
medium,256,32,15,1,主加热功率,0,33,-0.1231525376841415,-0.2540140504404128,-0.0034132700211745464,12,True,1:33;48:150,0.199701494313884,False,0.2509826381622086,120,True
medium,256,32,15,1,主加热功率,0,34,-0.12228559568099764,-0.25418360222139785,0.0003545908663807485,12,False,1:33;48:150,0.199701494313884,False,0.2509826381622086,120,True
medium,256,32,15,1,主加热功率,0,35,-0.12367753506823279,-0.2546643077261668,0.001443975205123451,12,False,1:33;48:150,0.199701494313884,False,0.2509826381622086,120,True
medium,256,32,15,1,主加热功率,0,36,-0.12523195519586736,-0.2536106746171078,0.0006694793116519258,12,False,1:33;48:150,0.199701494313884,False,0.2509826381622086,120,True
medium,256,32,15,1,主加热功率,0,37,-0.12582353257074513,-0.2489580055212731,0.0033454440077921397,12,False,1:33;48:150,0.199701494313884,False,0.2509826381622086,120,True
medium,256,32,15,1,主加热功率,0,38,-0.12795979931628002,-0.24597620873258338,0.005373132378618554,12,False,1:33;48:150,0.199701494313884,False,0.2509826381622086,120,True
medium,256,32,15,1,主加热功率,0,39,-0.1298764241088278,-0.2454707695131371,0.0036200291401999856,12,False,1:33;48:150,0.199701494313884,False,0.2509826381622086,120,True
medium,256,32,15,1,主加热功率,0,40,-0.12868712167364746,-0.24091427288297007,0.00882555798785412,12,False,1:33;48:150,0.199701494313884,False,0.2509826381622086,120,True
medium,256,32,15,1,主加热功率,0,41,-0.12526668264504795,-0.2368641447882767,0.013645072740595565,12,False,1:33;48:150,0.199701494313884,False,0.2509826381622086,120,True
medium,256,32,15,1,主加热功率,0,42,-0.1197167073154366,-0.23043912972770145,0.01929029190507251,12,False,1:33;48:150,0.199701494313884,False,0.2509826381622086,120,True
medium,256,32,15,1,主加热功率,0,43,-0.11350334881500669,-0.22103346092398643,0.026687394057503238,12,False,1:33;48:150,0.199701494313884,False,0.2509826381622086,120,True
medium,256,32,15,1,主加热功率,0,44,-0.11130421256140323,-0.2170968138374125,0.028782431434077098,12,False,1:33;48:150,0.199701494313884,False,0.2509826381622086,120,True
medium,256,32,15,1,主加热功率,0,45,-0.11474053730518503,-0.2185537384881257,0.023221192522953488,12,False,1:33;48:150,0.199701494313884,False,0.2509826381622086,120,True
medium,256,32,15,1,主加热功率,0,46,-0.12373086362301447,-0.22257596766699803,0.01245279134570931,12,False,1:33;48:150,0.199701494313884,False,0.2509826381622086,120,True
medium,256,32,15,1,主加热功率,0,47,-0.13145791827695893,-0.2248877203529379,4.9322745310380334e-05,12,False,1:33;48:150,0.199701494313884,False,0.2509826381622086,120,True
medium,256,32,15,1,主加热功率,0,48,-0.1376272332583178,-0.22559393942165795,-0.010254374441889865,12,True,1:33;48:150,0.199701494313884,False,0.2509826381622086,120,True
medium,256,32,15,1,主加热功率,0,49,-0.14405668348511058,-0.22891261028462273,-0.019248728740207426,12,True,1:33;48:150,0.199701494313884,False,0.2509826381622086,120,True
medium,256,32,15,1,主加热功率,0,50,-0.14822290138979466,-0.2305146875399314,-0.022008506035350664,12,True,1:33;48:150,0.199701494313884,False,0.2509826381622086,120,True
medium,256,32,15,1,主加热功率,0,51,-0.14891446160443458,-0.22988521910015938,-0.01845492503484485,12,True,1:33;48:150,0.199701494313884,False,0.2509826381622086,120,True
medium,256,32,15,1,主加热功率,0,52,-0.15055096002857685,-0.23218709862833267,-0.02583557586521182,12,True,1:33;48:150,0.199701494313884,False,0.2509826381622086,120,True
medium,256,32,15,1,主加热功率,0,53,-0.1541138022934537,-0.2376622698421278,-0.03314832738255667,12,True,1:33;48:150,0.199701494313884,False,0.2509826381622086,120,True
medium,256,32,15,1,主加热功率,0,54,-0.1582174081382174,-0.24564767803618723,-0.03638265085940007,12,True,1:33;48:150,0.199701494313884,False,0.2509826381622086,120,True
medium,256,32,15,1,主加热功率,0,55,-0.1634006706766742,-0.2576878327207633,-0.038166163545283543,12,True,1:33;48:150,0.199701494313884,False,0.2509826381622086,120,True
medium,256,32,15,1,主加热功率,0,56,-0.17063386390320529,-0.26654357739193835,-0.04841908222062089,12,True,1:33;48:150,0.199701494313884,False,0.2509826381622086,120,True
medium,256,32,15,1,主加热功率,0,57,-0.17540019864035383,-0.2733484380152892,-0.05176612147461892,12,True,1:33;48:150,0.199701494313884,False,0.2509826381622086,120,True
medium,256,32,15,1,主加热功率,0,58,-0.17750853138549066,-0.27987511772274964,-0.05095584050549254,12,True,1:33;48:150,0.199701494313884,False,0.2509826381622086,120,True
medium,256,32,15,1,主加热功率,0,59,-0.17930401650266747,-0.2858555354036398,-0.05184529200870842,12,True,1:33;48:150,0.199701494313884,False,0.2509826381622086,120,True
medium,256,32,15,1,主加热功率,0,60,-0.18142227159893165,-0.2917834321603747,-0.052491799512451684,12,True,1:33;48:150,0.199701494313884,False,0.2509826381622086,120,True
medium,256,32,15,1,主加热功率,0,61,-0.1793145131448392,-0.29204928854733037,-0.052042246011856245,12,True,1:33;48:150,0.199701494313884,False,0.2509826381622086,120,True
medium,256,32,15,1,主加热功率,0,62,-0.17701082600661924,-0.28968430293060815,-0.052102243159553294,12,True,1:33;48:150,0.199701494313884,False,0.2509826381622086,120,True
medium,256,32,15,1,主加热功率,0,63,-0.17864311865192276,-0.2920058784060413,-0.05800324500918834,12,True,1:33;48:150,0.199701494313884,False,0.2509826381622086,120,True
medium,256,32,15,1,主加热功率,0,64,-0.18010357626570223,-0.2957237250251373,-0.0642250889367076,12,True,1:33;48:150,0.199701494313884,False,0.2509826381622086,120,True
medium,256,32,15,1,主加热功率,0,65,-0.1785734429568083,-0.29373441829351665,-0.06526474374799839,12,True,1:33;48:150,0.199701494313884,False,0.2509826381622086,120,True
medium,256,32,15,1,主加热功率,0,66,-0.17738293097458369,-0.29116782998345025,-0.06642406181692811,12,True,1:33;48:150,0.199701494313884,False,0.2509826381622086,120,True
medium,256,32,15,1,主加热功率,0,67,-0.17582018126213594,-0.288892672245237,-0.0664256039068179,12,True,1:33;48:150,0.199701494313884,False,0.2509826381622086,120,True
medium,256,32,15,1,主加热功率,0,68,-0.17132364156903485,-0.28769081433411253,-0.06500195813612326,12,True,1:33;48:150,0.199701494313884,False,0.2509826381622086,120,True
medium,256,32,15,1,主加热功率,0,69,-0.1663272526527881,-0.2857647223194289,-0.0613257967054662,12,True,1:33;48:150,0.199701494313884,False,0.2509826381622086,120,True
medium,256,32,15,1,主加热功率,0,70,-0.16329655219065561,-0.2886554391527077,-0.058312125540631116,12,True,1:33;48:150,0.199701494313884,False,0.2509826381622086,120,True
medium,256,32,15,1,主加热功率,0,71,-0.1622279779165552,-0.29159428384786923,-0.05802848643465989,12,True,1:33;48:150,0.199701494313884,False,0.2509826381622086,120,True
medium,256,32,15,1,主加热功率,0,72,-0.16247848850873062,-0.2967597877883104,-0.05992019135399816,12,True,1:33;48:150,0.199701494313884,False,0.2509826381622086,120,True
medium,256,32,15,1,主加热功率,0,73,-0.16582996921572526,-0.30236978570730355,-0.06297472410236538,12,True,1:33;48:150,0.199701494313884,False,0.2509826381622086,120,True
medium,256,32,15,1,主加热功率,0,74,-0.16696781483715448,-0.3076417973277998,-0.06256880832702455,12,True,1:33;48:150,0.199701494313884,False,0.2509826381622086,120,True
medium,256,32,15,1,主加热功率,0,75,-0.1641000032404511,-0.30751812143341667,-0.0571092813607414,12,True,1:33;48:150,0.199701494313884,False,0.2509826381622086,120,True
medium,256,32,15,1,主加热功率,0,76,-0.1589002893551509,-0.3009677779236073,-0.04892657445788881,12,True,1:33;48:150,0.199701494313884,False,0.2509826381622086,120,True
medium,256,32,15,1,主加热功率,0,77,-0.15296472893277496,-0.2941351661309824,-0.04122522098537686,12,True,1:33;48:150,0.199701494313884,False,0.2509826381622086,120,True
medium,256,32,15,1,主加热功率,0,78,-0.14631218129454152,-0.28702598040414107,-0.031089693022148812,12,True,1:33;48:150,0.199701494313884,False,0.2509826381622086,120,True
medium,256,32,15,1,主加热功率,0,79,-0.13902326891973618,-0.2743343555644346,-0.019925459212627776,12,True,1:33;48:150,0.199701494313884,False,0.2509826381622086,120,True
medium,256,32,15,1,主加热功率,0,80,-0.1365142741538826,-0.2656100347515885,-0.01577480368062672,12,True,1:33;48:150,0.199701494313884,False,0.2509826381622086,120,True
medium,256,32,15,1,主加热功率,0,81,-0.13569092821936393,-0.25641940101571997,-0.013179081861164298,12,True,1:33;48:150,0.199701494313884,False,0.2509826381622086,120,True
medium,256,32,15,1,主加热功率,0,82,-0.13534901755825796,-0.24884185020799568,-0.013543421028094282,12,True,1:33;48:150,0.199701494313884,False,0.2509826381622086,120,True
medium,256,32,15,1,主加热功率,0,83,-0.13576471863809805,-0.2468599381857854,-0.015394396462697612,12,True,1:33;48:150,0.199701494313884,False,0.2509826381622086,120,True
medium,256,32,15,1,主加热功率,0,84,-0.13864224220993554,-0.24768901023907847,-0.021419321534931052,12,True,1:33;48:150,0.199701494313884,False,0.2509826381622086,120,True
medium,256,32,15,1,主加热功率,0,85,-0.13938185506670042,-0.24764523253467258,-0.024446333926541816,12,True,1:33;48:150,0.199701494313884,False,0.2509826381622086,120,True
medium,256,32,15,1,主加热功率,0,86,-0.1367655607897437,-0.2438916150078861,-0.02444478440085549,12,True,1:33;48:150,0.199701494313884,False,0.2509826381622086,120,True
medium,256,32,15,1,主加热功率,0,87,-0.13555845055014892,-0.24620356387123277,-0.027419343230733036,12,True,1:33;48:150,0.199701494313884,False,0.2509826381622086,120,True
medium,256,32,15,1,主加热功率,0,88,-0.13392878579624554,-0.2467383531629702,-0.02809780597162203,12,True,1:33;48:150,0.199701494313884,False,0.2509826381622086,120,True
medium,256,32,15,1,主加热功率,0,89,-0.1334954038868488,-0.24645094496666767,-0.028853315406113036,12,True,1:33;48:150,0.199701494313884,False,0.2509826381622086,120,True
medium,256,32,15,1,主加热功率,0,90,-0.13508548918211435,-0.246586512172604,-0.03402265075072976,12,True,1:33;48:150,0.199701494313884,False,0.2509826381622086,120,True
medium,256,32,15,1,主加热功率,0,91,-0.1403272569329715,-0.25138637380149725,-0.037628051421629394,12,True,1:33;48:150,0.199701494313884,False,0.2509826381622086,120,True
medium,256,32,15,1,主加热功率,0,92,-0.14732847662535398,-0.2599638322780013,-0.041086604573468195,12,True,1:33;48:150,0.199701494313884,False,0.2509826381622086,120,True
medium,256,32,15,1,主加热功率,0,93,-0.153107962441214,-0.26546510235922083,-0.04049306175068038,12,True,1:33;48:150,0.199701494313884,False,0.2509826381622086,120,True
medium,256,32,15,1,主加热功率,0,94,-0.1584549962346149,-0.2760006735648234,-0.043578927385682524,12,True,1:33;48:150,0.199701494313884,False,0.2509826381622086,120,True
medium,256,32,15,1,主加热功率,0,95,-0.16374239618404945,-0.28372613965079635,-0.049051290579441034,12,True,1:33;48:150,0.199701494313884,False,0.2509826381622086,120,True
medium,256,32,15,1,主加热功率,0,96,-0.1677733570893328,-0.2877294187244741,-0.052047613311293726,12,True,1:33;48:150,0.199701494313884,False,0.2509826381622086,120,True
medium,256,32,15,1,主加热功率,0,97,-0.17312408853317918,-0.2976065936588435,-0.05390013441710528,12,True,1:33;48:150,0.199701494313884,False,0.2509826381622086,120,True
medium,256,32,15,1,主加热功率,0,98,-0.18137160599056523,-0.3041503545928779,-0.06239587463987834,12,True,1:33;48:150,0.199701494313884,False,0.2509826381622086,120,True
medium,256,32,15,1,主加热功率,0,99,-0.18803463875458348,-0.3096960508990074,-0.07103318739104751,12,True,1:33;48:150,0.199701494313884,False,0.2509826381622086,120,True
medium,256,32,15,1,主加热功率,0,100,-0.19291462782122581,-0.3151888949580359,-0.07566642719472608,12,True,1:33;48:150,0.199701494313884,False,0.2509826381622086,120,True
medium,256,32,15,1,主加热功率,0,101,-0.19613003697138642,-0.31967528922857386,-0.07815509931363576,12,True,1:33;48:150,0.199701494313884,False,0.2509826381622086,120,True
medium,256,32,15,1,主加热功率,0,102,-0.19814625910411215,-0.3226650686501796,-0.08267796026181501,12,True,1:33;48:150,0.199701494313884,False,0.2509826381622086,120,True
medium,256,32,15,1,主加热功率,0,103,-0.19886948405582472,-0.32081773027976346,-0.0856570902069595,12,True,1:33;48:150,0.199701494313884,False,0.2509826381622086,120,True
medium,256,32,15,1,主加热功率,0,104,-0.20026565535763102,-0.3210505407694651,-0.08686712998157162,12,True,1:33;48:150,0.199701494313884,False,0.2509826381622086,120,True
medium,256,32,15,1,主加热功率,0,105,-0.204413679400358,-0.326384278950407,-0.08914710623705265,12,True,1:33;48:150,0.199701494313884,False,0.2509826381622086,120,True
medium,256,32,15,1,主加热功率,0,106,-0.2080482444914811,-0.33241103962118596,-0.09525949056999371,12,True,1:33;48:150,0.199701494313884,False,0.2509826381622086,120,True
medium,256,32,15,1,主加热功率,0,107,-0.21080094801520827,-0.33727765640895985,-0.09754816235897432,12,True,1:33;48:150,0.199701494313884,False,0.2509826381622086,120,True
medium,256,32,15,1,主加热功率,0,108,-0.21513087077765106,-0.3431372210857039,-0.10392141520809783,12,True,1:33;48:150,0.199701494313884,False,0.2509826381622086,120,True
medium,256,32,15,1,主加热功率,0,109,-0.22021065637704343,-0.3499612440974197,-0.11351981351840451,12,True,1:33;48:150,0.199701494313884,False,0.2509826381622086,120,True
medium,256,32,15,1,主加热功率,0,110,-0.22257335225158117,-0.3561931924936401,-0.11784314287508785,12,True,1:33;48:150,0.199701494313884,False,0.2509826381622086,120,True
medium,256,32,15,1,主加热功率,0,111,-0.22533398583094852,-0.3611003556721168,-0.12206898811842899,12,True,1:33;48:150,0.199701494313884,False,0.2509826381622086,120,True
medium,256,32,15,1,主加热功率,0,112,-0.22721456432335022,-0.3643011687957312,-0.1257363898561175,12,True,1:33;48:150,0.199701494313884,False,0.2509826381622086,120,True
medium,256,32,15,1,主加热功率,0,113,-0.22731724103721038,-0.3641672672817868,-0.12588806941490102,12,True,1:33;48:150,0.199701494313884,False,0.2509826381622086,120,True
medium,256,32,15,1,主加热功率,0,114,-0.22684867923472488,-0.3645759523314708,-0.12525155804838714,12,True,1:33;48:150,0.199701494313884,False,0.2509826381622086,120,True
medium,256,32,15,1,主加热功率,0,115,-0.22822611267484647,-0.36708073509994454,-0.12928470164530373,12,True,1:33;48:150,0.199701494313884,False,0.2509826381622086,120,True
medium,256,32,15,1,主加热功率,0,116,-0.23305578333080584,-0.37019456174295956,-0.13837307749200706,12,True,1:33;48:150,0.199701494313884,False,0.2509826381622086,120,True
medium,256,32,15,1,主加热功率,0,117,-0.23810106679246548,-0.3710372618710216,-0.1451549032413861,12,True,1:33;48:150,0.199701494313884,False,0.2509826381622086,120,True
medium,256,32,15,1,主加热功率,0,118,-0.2443293491245526,-0.3730628130672347,-0.14948610080509325,12,True,1:33;48:150,0.199701494313884,False,0.2509826381622086,120,True
medium,256,32,15,1,主加热功率,0,119,-0.24919385935237848,-0.3740419384855549,-0.14908955601599597,12,True,1:33;48:150,0.199701494313884,False,0.2509826381622086,120,True
medium,256,32,15,1,主加热功率,0,120,-0.2509826381622086,-0.37192252341161064,-0.14559794244023713,12,True,1:33;48:150,0.199701494313884,True,0.2509826381622086,120,True
medium,256,32,15,1,主加热功率,0,121,-0.24969864015739987,-0.3665622434416964,-0.1400454263531431,12,True,1:33;48:150,0.199701494313884,False,0.2509826381622086,120,True
medium,256,32,15,1,主加热功率,0,122,-0.24891816416620938,-0.3635232288772994,-0.13815541963513903,12,True,1:33;48:150,0.199701494313884,False,0.2509826381622086,120,True
medium,256,32,15,1,主加热功率,0,123,-0.24621377985620338,-0.3643202519073823,-0.13427913684497286,12,True,1:33;48:150,0.199701494313884,False,0.2509826381622086,120,True
medium,256,32,15,1,主加热功率,0,124,-0.24454664336368415,-0.36611100479600894,-0.13364876151283864,12,True,1:33;48:150,0.199701494313884,False,0.2509826381622086,120,True
medium,256,32,15,1,主加热功率,0,125,-0.2435633627686506,-0.3624293910199017,-0.13397629489984328,12,True,1:33;48:150,0.199701494313884,False,0.2509826381622086,120,True
medium,256,32,15,1,主加热功率,0,126,-0.24423962916649464,-0.36621482693108176,-0.13602056440220556,12,True,1:33;48:150,0.199701494313884,False,0.2509826381622086,120,True
medium,256,32,15,1,主加热功率,0,127,-0.2443311842972291,-0.369091417789646,-0.13342352327107865,12,True,1:33;48:150,0.199701494313884,False,0.2509826381622086,120,True
medium,256,32,15,1,主加热功率,0,128,-0.24001555788929022,-0.36891321317846765,-0.12863983076878627,12,True,1:33;48:150,0.199701494313884,False,0.2509826381622086,120,True
medium,256,32,15,1,主加热功率,0,129,-0.2342713251967035,-0.3650053286317404,-0.12428610338623709,12,True,1:33;48:150,0.199701494313884,False,0.2509826381622086,120,True
medium,256,32,15,1,主加热功率,0,130,-0.22944362882241431,-0.3666832752430877,-0.1201462671310694,12,True,1:33;48:150,0.199701494313884,False,0.2509826381622086,120,True
medium,256,32,15,1,主加热功率,0,131,-0.2235904757885721,-0.36398936109402225,-0.11777897424788625,12,True,1:33;48:150,0.199701494313884,False,0.2509826381622086,120,True
medium,256,32,15,1,主加热功率,0,132,-0.2188400500446028,-0.3599287103491243,-0.11691767450557242,12,True,1:33;48:150,0.199701494313884,False,0.2509826381622086,120,True
medium,256,32,15,1,主加热功率,0,133,-0.21442723200638786,-0.3536585564598064,-0.1168216526996817,12,True,1:33;48:150,0.199701494313884,False,0.2509826381622086,120,True
medium,256,32,15,1,主加热功率,0,134,-0.21090915762513282,-0.34816161172776794,-0.11260271465746549,12,True,1:33;48:150,0.199701494313884,False,0.2509826381622086,120,True
medium,256,32,15,1,主加热功率,0,135,-0.20718579905875883,-0.3425703711989311,-0.10597553085385279,12,True,1:33;48:150,0.199701494313884,False,0.2509826381622086,120,True
medium,256,32,15,1,主加热功率,0,136,-0.2056099916370175,-0.33999941888581353,-0.10200429909838955,12,True,1:33;48:150,0.199701494313884,False,0.2509826381622086,120,True
medium,256,32,15,1,主加热功率,0,137,-0.2065755570918525,-0.3399280607757341,-0.1019860356381244,12,True,1:33;48:150,0.199701494313884,False,0.2509826381622086,120,True
medium,256,32,15,1,主加热功率,0,138,-0.2077511777154318,-0.33863987921767125,-0.10035441571833953,12,True,1:33;48:150,0.199701494313884,False,0.2509826381622086,120,True
medium,256,32,15,1,主加热功率,0,139,-0.20679186354609705,-0.33518211935291736,-0.09919638986085395,12,True,1:33;48:150,0.199701494313884,False,0.2509826381622086,120,True
medium,256,32,15,1,主加热功率,0,140,-0.20595364480086553,-0.32875049281730356,-0.0967219541311139,12,True,1:33;48:150,0.199701494313884,False,0.2509826381622086,120,True
medium,256,32,15,1,主加热功率,0,141,-0.20446315026329215,-0.3259315683157877,-0.0938745654729689,12,True,1:33;48:150,0.199701494313884,False,0.2509826381622086,120,True
medium,256,32,15,1,主加热功率,0,142,-0.2027728391261827,-0.32561406368641976,-0.09192774884687273,12,True,1:33;48:150,0.199701494313884,False,0.2509826381622086,120,True
medium,256,32,15,1,主加热功率,0,143,-0.2056810730939016,-0.32696360902653687,-0.09759614006182368,12,True,1:33;48:150,0.199701494313884,False,0.2509826381622086,120,True
medium,256,32,15,1,主加热功率,0,144,-0.2111516043106502,-0.3304757022088162,-0.1086491211033262,12,True,1:33;48:150,0.199701494313884,False,0.2509826381622086,120,True
medium,256,32,15,1,主加热功率,0,145,-0.21539349131964491,-0.33390209081368416,-0.11491544451059525,12,True,1:33;48:150,0.199701494313884,False,0.2509826381622086,120,True
medium,256,32,15,1,主加热功率,0,146,-0.21727112220340195,-0.32962099871222544,-0.11407495595450615,12,True,1:33;48:150,0.199701494313884,False,0.2509826381622086,120,True
medium,256,32,15,1,主加热功率,0,147,-0.2177078316644694,-0.32897022693240485,-0.11301587171513366,12,True,1:33;48:150,0.199701494313884,False,0.2509826381622086,120,True
medium,256,32,15,1,主加热功率,0,148,-0.2174665164648476,-0.3292776512236057,-0.10944254834369743,12,True,1:33;48:150,0.199701494313884,False,0.2509826381622086,120,True
medium,256,32,15,1,主加热功率,0,149,-0.21656328224559643,-0.3291644332607636,-0.10418489900735754,12,True,1:33;48:150,0.199701494313884,False,0.2509826381622086,120,True
medium,256,32,15,1,主加热功率,0,150,-0.21615701620277075,-0.3282479833427538,-0.10094859539487239,12,True,1:33;48:150,0.199701494313884,False,0.2509826381622086,120,True
medium,256,32,15,1,晶升速度,1,0,-0.03307634651221774,-0.17824320712926486,0.09990224154908683,12,False,,0.18828347213416366,False,0.12321071736553355,148,False
medium,256,32,15,1,晶升速度,1,1,-0.0342755453769384,-0.1770194299036742,0.0967183880162573,12,False,,0.18828347213416366,False,0.12321071736553355,148,False
medium,256,32,15,1,晶升速度,1,2,-0.032869278790808275,-0.17444025716757722,0.09636079232765175,12,False,,0.18828347213416366,False,0.12321071736553355,148,False
medium,256,32,15,1,晶升速度,1,3,-0.03332170561686563,-0.17253729632807036,0.09213451335025863,12,False,,0.18828347213416366,False,0.12321071736553355,148,False
medium,256,32,15,1,晶升速度,1,4,-0.035104444676966384,-0.17143257979654244,0.08617124933663885,12,False,,0.18828347213416366,False,0.12321071736553355,148,False
medium,256,32,15,1,晶升速度,1,5,-0.0373347324357119,-0.1708311233137898,0.08133614287861159,12,False,,0.18828347213416366,False,0.12321071736553355,148,False
medium,256,32,15,1,晶升速度,1,6,-0.04197815791548759,-0.17090182352814207,0.07231715591669681,12,False,,0.18828347213416366,False,0.12321071736553355,148,False
medium,256,32,15,1,晶升速度,1,7,-0.04496216155491413,-0.1685327054857516,0.06690496042209593,12,False,,0.18828347213416366,False,0.12321071736553355,148,False
medium,256,32,15,1,晶升速度,1,8,-0.04393775229194297,-0.1606436968212309,0.06747771780191585,12,False,,0.18828347213416366,False,0.12321071736553355,148,False
medium,256,32,15,1,晶升速度,1,9,-0.04234182208589687,-0.15948731363573623,0.06923618400237727,12,False,,0.18828347213416366,False,0.12321071736553355,148,False
medium,256,32,15,1,晶升速度,1,10,-0.042931700731696346,-0.159921521131777,0.07013490045980657,12,False,,0.18828347213416366,False,0.12321071736553355,148,False
medium,256,32,15,1,晶升速度,1,11,-0.045877899372282656,-0.16128858930298082,0.0677698176295037,12,False,,0.18828347213416366,False,0.12321071736553355,148,False
medium,256,32,15,1,晶升速度,1,12,-0.050704659981261904,-0.16654612515574455,0.06393946280740917,12,False,,0.18828347213416366,False,0.12321071736553355,148,False
medium,256,32,15,1,晶升速度,1,13,-0.05655986982314556,-0.1743460698445985,0.058266222082734104,12,False,,0.18828347213416366,False,0.12321071736553355,148,False
medium,256,32,15,1,晶升速度,1,14,-0.06185391936796006,-0.18279085071822618,0.05225474770667102,12,False,,0.18828347213416366,False,0.12321071736553355,148,False
medium,256,32,15,1,晶升速度,1,15,-0.06213543793935627,-0.18530132101245883,0.05180692773743559,12,False,,0.18828347213416366,False,0.12321071736553355,148,False
medium,256,32,15,1,晶升速度,1,16,-0.057079498018583266,-0.1816533323610017,0.05643501163901419,12,False,,0.18828347213416366,False,0.12321071736553355,148,False
medium,256,32,15,1,晶升速度,1,17,-0.05019969933298945,-0.17566030815881528,0.061422378795511844,12,False,,0.18828347213416366,False,0.12321071736553355,148,False
medium,256,32,15,1,晶升速度,1,18,-0.040716827382421536,-0.1666124964872725,0.06937701604769854,12,False,,0.18828347213416366,False,0.12321071736553355,148,False
medium,256,32,15,1,晶升速度,1,19,-0.02807815570200813,-0.15414445684116596,0.07898914424358905,12,False,,0.18828347213416366,False,0.12321071736553355,148,False
medium,256,32,15,1,晶升速度,1,20,-0.01755423060841108,-0.14144614974578787,0.08713432412230364,12,False,,0.18828347213416366,False,0.12321071736553355,148,False
medium,256,32,15,1,晶升速度,1,21,-0.007621981640039082,-0.13241834897467397,0.09770993598426975,12,False,,0.18828347213416366,False,0.12321071736553355,148,False
medium,256,32,15,1,晶升速度,1,22,0.00202195649212036,-0.12435351541527895,0.10842440754197137,12,False,,0.18828347213416366,False,0.12321071736553355,148,False
medium,256,32,15,1,晶升速度,1,23,0.012303990032152195,-0.11942870825731287,0.1215986271937778,12,False,,0.18828347213416366,False,0.12321071736553355,148,False
medium,256,32,15,1,晶升速度,1,24,0.022204418349527518,-0.1125501950616844,0.1336770102105813,12,False,,0.18828347213416366,False,0.12321071736553355,148,False
medium,256,32,15,1,晶升速度,1,25,0.035138636156948726,-0.10241375709587004,0.14686321954476939,12,False,,0.18828347213416366,False,0.12321071736553355,148,False
medium,256,32,15,1,晶升速度,1,26,0.053431658998834605,-0.08435247269499825,0.16423300729175133,12,False,,0.18828347213416366,False,0.12321071736553355,148,False
medium,256,32,15,1,晶升速度,1,27,0.07181528199904737,-0.06711786395634033,0.18136693897530864,12,False,,0.18828347213416366,False,0.12321071736553355,148,False
medium,256,32,15,1,晶升速度,1,28,0.0873316833093844,-0.04980468267292547,0.19557067184354726,12,False,,0.18828347213416366,False,0.12321071736553355,148,False
medium,256,32,15,1,晶升速度,1,29,0.09976534894823144,-0.038620928317291525,0.207917400238267,12,False,,0.18828347213416366,False,0.12321071736553355,148,False
medium,256,32,15,1,晶升速度,1,30,0.10575853594005048,-0.033068831874474715,0.21518384390916098,12,False,,0.18828347213416366,False,0.12321071736553355,148,False
medium,256,32,15,1,晶升速度,1,31,0.10529803443954769,-0.03556881933488153,0.21596889101129205,12,False,,0.18828347213416366,False,0.12321071736553355,148,False
medium,256,32,15,1,晶升速度,1,32,0.10135711491406696,-0.03859757039149067,0.21317327310540002,12,False,,0.18828347213416366,False,0.12321071736553355,148,False
medium,256,32,15,1,晶升速度,1,33,0.09828818583750473,-0.039563172192787474,0.21294428111893565,12,False,,0.18828347213416366,False,0.12321071736553355,148,False
medium,256,32,15,1,晶升速度,1,34,0.09442102838216247,-0.041706473828382606,0.2123825390348784,12,False,,0.18828347213416366,False,0.12321071736553355,148,False
medium,256,32,15,1,晶升速度,1,35,0.09036160303482423,-0.04636684397997872,0.21302352110523845,12,False,,0.18828347213416366,False,0.12321071736553355,148,False
medium,256,32,15,1,晶升速度,1,36,0.08694081291025622,-0.05137192485497552,0.21518981454270664,12,False,,0.18828347213416366,False,0.12321071736553355,148,False
medium,256,32,15,1,晶升速度,1,37,0.08324353075794032,-0.05714448943188725,0.21392231179791418,12,False,,0.18828347213416366,False,0.12321071736553355,148,False
medium,256,32,15,1,晶升速度,1,38,0.07520511350432511,-0.06690695847324336,0.20839889668370976,12,False,,0.18828347213416366,False,0.12321071736553355,148,False
medium,256,32,15,1,晶升速度,1,39,0.06484497950011865,-0.07825947350836165,0.20111070597020977,12,False,,0.18828347213416366,False,0.12321071736553355,148,False
medium,256,32,15,1,晶升速度,1,40,0.05480635571519034,-0.08812869054729183,0.19509713636917314,12,False,,0.18828347213416366,False,0.12321071736553355,148,False
medium,256,32,15,1,晶升速度,1,41,0.045048540844744515,-0.0981100692690135,0.1892363001156734,12,False,,0.18828347213416366,False,0.12321071736553355,148,False
medium,256,32,15,1,晶升速度,1,42,0.036786059450326265,-0.10512690264501971,0.1841775707058505,12,False,,0.18828347213416366,False,0.12321071736553355,148,False
medium,256,32,15,1,晶升速度,1,43,0.03097491524287264,-0.10868291906715107,0.18125782140160046,12,False,,0.18828347213416366,False,0.12321071736553355,148,False
medium,256,32,15,1,晶升速度,1,44,0.027686882485091706,-0.11175820507215128,0.1808375644332307,12,False,,0.18828347213416366,False,0.12321071736553355,148,False
medium,256,32,15,1,晶升速度,1,45,0.02391038305809851,-0.11652096463244167,0.1788073393064469,12,False,,0.18828347213416366,False,0.12321071736553355,148,False
medium,256,32,15,1,晶升速度,1,46,0.018055307797836574,-0.12157701983374004,0.17238911350321665,12,False,,0.18828347213416366,False,0.12321071736553355,148,False
medium,256,32,15,1,晶升速度,1,47,0.012040959368549516,-0.12442391354543944,0.16401093774108863,12,False,,0.18828347213416366,False,0.12321071736553355,148,False
medium,256,32,15,1,晶升速度,1,48,0.004832405661629789,-0.12853410555905576,0.15366919449971064,12,False,,0.18828347213416366,False,0.12321071736553355,148,False
medium,256,32,15,1,晶升速度,1,49,-0.0036207840194212868,-0.13735447544718132,0.1420528888986691,12,False,,0.18828347213416366,False,0.12321071736553355,148,False
medium,256,32,15,1,晶升速度,1,50,-0.010166977339235593,-0.14442374684373877,0.13200227236115397,12,False,,0.18828347213416366,False,0.12321071736553355,148,False
medium,256,32,15,1,晶升速度,1,51,-0.013828008949722774,-0.1493800607710859,0.12517730305381222,12,False,,0.18828347213416366,False,0.12321071736553355,148,False
medium,256,32,15,1,晶升速度,1,52,-0.017247533203442335,-0.1540690925417056,0.11985884609698359,12,False,,0.18828347213416366,False,0.12321071736553355,148,False
medium,256,32,15,1,晶升速度,1,53,-0.01777243587147067,-0.15604848299981913,0.11881257107860033,12,False,,0.18828347213416366,False,0.12321071736553355,148,False
medium,256,32,15,1,晶升速度,1,54,-0.016984888642520353,-0.1539553327905487,0.11948090012742989,12,False,,0.18828347213416366,False,0.12321071736553355,148,False
medium,256,32,15,1,晶升速度,1,55,-0.016447131806919556,-0.15022039067038354,0.12058310182903567,12,False,,0.18828347213416366,False,0.12321071736553355,148,False
medium,256,32,15,1,晶升速度,1,56,-0.020034030495961763,-0.14952604575865816,0.11879823228061198,12,False,,0.18828347213416366,False,0.12321071736553355,148,False
medium,256,32,15,1,晶升速度,1,57,-0.025559775289537345,-0.15132237339223856,0.11509389434140224,12,False,,0.18828347213416366,False,0.12321071736553355,148,False
medium,256,32,15,1,晶升速度,1,58,-0.030582968510814112,-0.15753635368486704,0.1124164444145814,12,False,,0.18828347213416366,False,0.12321071736553355,148,False
medium,256,32,15,1,晶升速度,1,59,-0.036319255324574376,-0.16462387974306217,0.11018166042395115,12,False,,0.18828347213416366,False,0.12321071736553355,148,False
medium,256,32,15,1,晶升速度,1,60,-0.04115323413552308,-0.1709459965543765,0.10694999133288374,12,False,,0.18828347213416366,False,0.12321071736553355,148,False
medium,256,32,15,1,晶升速度,1,61,-0.04347072833656399,-0.1741593546092645,0.10597637014668088,12,False,,0.18828347213416366,False,0.12321071736553355,148,False
medium,256,32,15,1,晶升速度,1,62,-0.04351713117046361,-0.17581165738351018,0.10745873999170398,12,False,,0.18828347213416366,False,0.12321071736553355,148,False
medium,256,32,15,1,晶升速度,1,63,-0.043755555591424224,-0.17757909591157833,0.10664488887713842,12,False,,0.18828347213416366,False,0.12321071736553355,148,False
medium,256,32,15,1,晶升速度,1,64,-0.04305280498593677,-0.17656126760054489,0.10548009008261354,12,False,,0.18828347213416366,False,0.12321071736553355,148,False
medium,256,32,15,1,晶升速度,1,65,-0.04244511788186504,-0.17516790370697768,0.10430619434970356,12,False,,0.18828347213416366,False,0.12321071736553355,148,False
medium,256,32,15,1,晶升速度,1,66,-0.043455429136497865,-0.17676479719444416,0.10234535739256648,12,False,,0.18828347213416366,False,0.12321071736553355,148,False
medium,256,32,15,1,晶升速度,1,67,-0.045139693080802054,-0.17864558451971338,0.1013784018638337,12,False,,0.18828347213416366,False,0.12321071736553355,148,False
medium,256,32,15,1,晶升速度,1,68,-0.04555196544531812,-0.1784992706147287,0.10069714258155987,12,False,,0.18828347213416366,False,0.12321071736553355,148,False
medium,256,32,15,1,晶升速度,1,69,-0.043321853649981895,-0.17549004597698714,0.10360599695983161,12,False,,0.18828347213416366,False,0.12321071736553355,148,False
medium,256,32,15,1,晶升速度,1,70,-0.0418782427021793,-0.17295754165035912,0.103677758922117,12,False,,0.18828347213416366,False,0.12321071736553355,148,False
medium,256,32,15,1,晶升速度,1,71,-0.03916735757746226,-0.17235624102294433,0.10397068057129154,12,False,,0.18828347213416366,False,0.12321071736553355,148,False
medium,256,32,15,1,晶升速度,1,72,-0.035301162963275644,-0.17092966727377962,0.10659286004092826,12,False,,0.18828347213416366,False,0.12321071736553355,148,False
medium,256,32,15,1,晶升速度,1,73,-0.03289512730314238,-0.16958757469142882,0.10648025590042925,12,False,,0.18828347213416366,False,0.12321071736553355,148,False
medium,256,32,15,1,晶升速度,1,74,-0.031593835284845266,-0.16660336161793113,0.10504528817627602,12,False,,0.18828347213416366,False,0.12321071736553355,148,False
medium,256,32,15,1,晶升速度,1,75,-0.03029833855743287,-0.16344175669060623,0.10447389463704258,12,False,,0.18828347213416366,False,0.12321071736553355,148,False
medium,256,32,15,1,晶升速度,1,76,-0.027729928250870353,-0.1593150572256748,0.10662748235611316,12,False,,0.18828347213416366,False,0.12321071736553355,148,False
medium,256,32,15,1,晶升速度,1,77,-0.025920274009015393,-0.15831196936959835,0.10799676290246799,12,False,,0.18828347213416366,False,0.12321071736553355,148,False
medium,256,32,15,1,晶升速度,1,78,-0.024524477539396492,-0.15943231243059644,0.11004765782689281,12,False,,0.18828347213416366,False,0.12321071736553355,148,False
medium,256,32,15,1,晶升速度,1,79,-0.023563391868192986,-0.16175994358608412,0.11211293439571497,12,False,,0.18828347213416366,False,0.12321071736553355,148,False
medium,256,32,15,1,晶升速度,1,80,-0.023277604236129335,-0.1620279784535517,0.11229762051278966,12,False,,0.18828347213416366,False,0.12321071736553355,148,False
medium,256,32,15,1,晶升速度,1,81,-0.024559081804923503,-0.16198122947669386,0.11007484847062862,12,False,,0.18828347213416366,False,0.12321071736553355,148,False
medium,256,32,15,1,晶升速度,1,82,-0.02503221160400158,-0.16364729298169767,0.10788482003503709,12,False,,0.18828347213416366,False,0.12321071736553355,148,False
medium,256,32,15,1,晶升速度,1,83,-0.02643800434357482,-0.16771613537953528,0.10737087749474028,12,False,,0.18828347213416366,False,0.12321071736553355,148,False
medium,256,32,15,1,晶升速度,1,84,-0.031203984719079664,-0.17838956298327174,0.10303230168066395,12,False,,0.18828347213416366,False,0.12321071736553355,148,False
medium,256,32,15,1,晶升速度,1,85,-0.036163266496310034,-0.18921045316099253,0.09949653568842508,12,False,,0.18828347213416366,False,0.12321071736553355,148,False
medium,256,32,15,1,晶升速度,1,86,-0.039719902624574775,-0.19754401986805234,0.09836050084890184,12,False,,0.18828347213416366,False,0.12321071736553355,148,False
medium,256,32,15,1,晶升速度,1,87,-0.042544279465669285,-0.2042090513743073,0.09587738963469819,12,False,,0.18828347213416366,False,0.12321071736553355,148,False
medium,256,32,15,1,晶升速度,1,88,-0.04557395664615341,-0.2084347433845777,0.09323646456529659,12,False,,0.18828347213416366,False,0.12321071736553355,148,False
medium,256,32,15,1,晶升速度,1,89,-0.047211809988594026,-0.20839031116475396,0.09245642954091514,12,False,,0.18828347213416366,False,0.12321071736553355,148,False
medium,256,32,15,1,晶升速度,1,90,-0.04822840413661743,-0.20756297395226797,0.0929837875913785,12,False,,0.18828347213416366,False,0.12321071736553355,148,False
medium,256,32,15,1,晶升速度,1,91,-0.05097472408353625,-0.20777551672251765,0.09211434228515408,12,False,,0.18828347213416366,False,0.12321071736553355,148,False
medium,256,32,15,1,晶升速度,1,92,-0.05474350058060651,-0.2077819658028262,0.09067143096657225,12,False,,0.18828347213416366,False,0.12321071736553355,148,False
medium,256,32,15,1,晶升速度,1,93,-0.058636166332011325,-0.2100233148547071,0.08998345731724218,12,False,,0.18828347213416366,False,0.12321071736553355,148,False
medium,256,32,15,1,晶升速度,1,94,-0.06256935939462742,-0.21319927222230323,0.08787853071277092,12,False,,0.18828347213416366,False,0.12321071736553355,148,False
medium,256,32,15,1,晶升速度,1,95,-0.0662854994067694,-0.21472571784666458,0.08469910895307713,12,False,,0.18828347213416366,False,0.12321071736553355,148,False
medium,256,32,15,1,晶升速度,1,96,-0.06839517765431127,-0.21525608236895422,0.0835170305195404,12,False,,0.18828347213416366,False,0.12321071736553355,148,False
medium,256,32,15,1,晶升速度,1,97,-0.0695581514235334,-0.21493295781361935,0.08109685650137045,12,False,,0.18828347213416366,False,0.12321071736553355,148,False
medium,256,32,15,1,晶升速度,1,98,-0.07068396172935094,-0.21487692420630558,0.0787196142932867,12,False,,0.18828347213416366,False,0.12321071736553355,148,False
medium,256,32,15,1,晶升速度,1,99,-0.0710832107093113,-0.21390080586802124,0.07578051708171289,12,False,,0.18828347213416366,False,0.12321071736553355,148,False
medium,256,32,15,1,晶升速度,1,100,-0.07064680353507725,-0.20992514083713937,0.07571901292789507,12,False,,0.18828347213416366,False,0.12321071736553355,148,False
medium,256,32,15,1,晶升速度,1,101,-0.0714625806402967,-0.2114951853168599,0.0752210073800554,12,False,,0.18828347213416366,False,0.12321071736553355,148,False
medium,256,32,15,1,晶升速度,1,102,-0.07420251571672443,-0.21286234763862225,0.073177014118634,12,False,,0.18828347213416366,False,0.12321071736553355,148,False
medium,256,32,15,1,晶升速度,1,103,-0.0769327370957478,-0.21431616993284547,0.07268518152082841,12,False,,0.18828347213416366,False,0.12321071736553355,148,False
medium,256,32,15,1,晶升速度,1,104,-0.07952684427512555,-0.21597628296388813,0.07172388764596711,12,False,,0.18828347213416366,False,0.12321071736553355,148,False
medium,256,32,15,1,晶升速度,1,105,-0.08188595329835861,-0.22323324130506003,0.0703047552173678,12,False,,0.18828347213416366,False,0.12321071736553355,148,False
medium,256,32,15,1,晶升速度,1,106,-0.08315676442845635,-0.22790124724096986,0.06930912010726296,12,False,,0.18828347213416366,False,0.12321071736553355,148,False
medium,256,32,15,1,晶升速度,1,107,-0.08339874252766162,-0.229988289809842,0.06958890380934674,12,False,,0.18828347213416366,False,0.12321071736553355,148,False
medium,256,32,15,1,晶升速度,1,108,-0.08150101997319545,-0.22995932555523727,0.07214011054081569,12,False,,0.18828347213416366,False,0.12321071736553355,148,False
medium,256,32,15,1,晶升速度,1,109,-0.07979001491643209,-0.22935626434921147,0.07260166192714404,12,False,,0.18828347213416366,False,0.12321071736553355,148,False
medium,256,32,15,1,晶升速度,1,110,-0.0777731842214455,-0.22892247914575672,0.0733080387355009,12,False,,0.18828347213416366,False,0.12321071736553355,148,False
medium,256,32,15,1,晶升速度,1,111,-0.07612506701400358,-0.22760678739319795,0.0764179546937139,12,False,,0.18828347213416366,False,0.12321071736553355,148,False
medium,256,32,15,1,晶升速度,1,112,-0.0758067669342362,-0.22756449680268528,0.07586924456284648,12,False,,0.18828347213416366,False,0.12321071736553355,148,False
medium,256,32,15,1,晶升速度,1,113,-0.07580383484918143,-0.22886003146371903,0.07447450038573689,12,False,,0.18828347213416366,False,0.12321071736553355,148,False
medium,256,32,15,1,晶升速度,1,114,-0.07457227411197455,-0.22524143266887123,0.07681052290817927,12,False,,0.18828347213416366,False,0.12321071736553355,148,False
medium,256,32,15,1,晶升速度,1,115,-0.07332494818327429,-0.22074490132079547,0.07965581823696398,12,False,,0.18828347213416366,False,0.12321071736553355,148,False
medium,256,32,15,1,晶升速度,1,116,-0.07284615498944226,-0.21726153816662683,0.08012789822910642,12,False,,0.18828347213416366,False,0.12321071736553355,148,False
medium,256,32,15,1,晶升速度,1,117,-0.07149215861319978,-0.21235318738265563,0.0821719446219527,12,False,,0.18828347213416366,False,0.12321071736553355,148,False
medium,256,32,15,1,晶升速度,1,118,-0.06901152921288921,-0.20574795571446505,0.08385966190909404,12,False,,0.18828347213416366,False,0.12321071736553355,148,False
medium,256,32,15,1,晶升速度,1,119,-0.06855262296805223,-0.20234495604813743,0.08134243915751951,12,False,,0.18828347213416366,False,0.12321071736553355,148,False
medium,256,32,15,1,晶升速度,1,120,-0.06902511411192375,-0.20059332220241893,0.079347245948118,12,False,,0.18828347213416366,False,0.12321071736553355,148,False
medium,256,32,15,1,晶升速度,1,121,-0.06932679563119529,-0.19962580240137157,0.07790163913696996,12,False,,0.18828347213416366,False,0.12321071736553355,148,False
medium,256,32,15,1,晶升速度,1,122,-0.06953410792812725,-0.20239779951585576,0.0765061761621755,12,False,,0.18828347213416366,False,0.12321071736553355,148,False
medium,256,32,15,1,晶升速度,1,123,-0.07022715116822653,-0.20490725553936906,0.07366499650356524,12,False,,0.18828347213416366,False,0.12321071736553355,148,False
medium,256,32,15,1,晶升速度,1,124,-0.06998448592292529,-0.20666159055801225,0.07072360487913473,12,False,,0.18828347213416366,False,0.12321071736553355,148,False
medium,256,32,15,1,晶升速度,1,125,-0.06855615547564976,-0.2039947976329049,0.0689318110121106,12,False,,0.18828347213416366,False,0.12321071736553355,148,False
medium,256,32,15,1,晶升速度,1,126,-0.06794764865226616,-0.20082806259471558,0.06587817811598676,12,False,,0.18828347213416366,False,0.12321071736553355,148,False
medium,256,32,15,1,晶升速度,1,127,-0.06885913551812638,-0.20260053107764467,0.06219838706395534,12,False,,0.18828347213416366,False,0.12321071736553355,148,False
medium,256,32,15,1,晶升速度,1,128,-0.06925244096262463,-0.20035553179432336,0.06151291323516083,12,False,,0.18828347213416366,False,0.12321071736553355,148,False
medium,256,32,15,1,晶升速度,1,129,-0.07079477296857815,-0.20073571073968716,0.06056590016318469,12,False,,0.18828347213416366,False,0.12321071736553355,148,False
medium,256,32,15,1,晶升速度,1,130,-0.07308035612120678,-0.20450771031055254,0.060185622578775036,12,False,,0.18828347213416366,False,0.12321071736553355,148,False
medium,256,32,15,1,晶升速度,1,131,-0.07394001425465371,-0.2092083390415488,0.05911601306808274,12,False,,0.18828347213416366,False,0.12321071736553355,148,False
medium,256,32,15,1,晶升速度,1,132,-0.07449510101400358,-0.2130259060874625,0.05870067139678469,12,False,,0.18828347213416366,False,0.12321071736553355,148,False
medium,256,32,15,1,晶升速度,1,133,-0.07561749766553082,-0.21877802213902817,0.056550995812986005,12,False,,0.18828347213416366,False,0.12321071736553355,148,False
medium,256,32,15,1,晶升速度,1,134,-0.07632049641903714,-0.21837106473704326,0.05534621150231232,12,False,,0.18828347213416366,False,0.12321071736553355,148,False
medium,256,32,15,1,晶升速度,1,135,-0.077373418738363,-0.21800357622666075,0.05657788004742225,12,False,,0.18828347213416366,False,0.12321071736553355,148,False
medium,256,32,15,1,晶升速度,1,136,-0.07862834980413548,-0.21901249613544474,0.0586698142063586,12,False,,0.18828347213416366,False,0.12321071736553355,148,False
medium,256,32,15,1,晶升速度,1,137,-0.08160771413824248,-0.22190452968586066,0.057732408345886624,12,False,,0.18828347213416366,False,0.12321071736553355,148,False
medium,256,32,15,1,晶升速度,1,138,-0.08613937538109934,-0.22810941118699582,0.05601041399701614,12,False,,0.18828347213416366,False,0.12321071736553355,148,False
medium,256,32,15,1,晶升速度,1,139,-0.09150278184602746,-0.2377539108576013,0.05283310348859674,12,False,,0.18828347213416366,False,0.12321071736553355,148,False
medium,256,32,15,1,晶升速度,1,140,-0.098773587649195,-0.2468877097518515,0.052066542390787,12,False,,0.18828347213416366,False,0.12321071736553355,148,False
medium,256,32,15,1,晶升速度,1,141,-0.10447464077263345,-0.2547732852869558,0.05067561911981017,12,False,,0.18828347213416366,False,0.12321071736553355,148,False
medium,256,32,15,1,晶升速度,1,142,-0.10844426790140986,-0.26028757975755973,0.05060960486640914,12,False,,0.18828347213416366,False,0.12321071736553355,148,False
medium,256,32,15,1,晶升速度,1,143,-0.11141272064398071,-0.2641583458291676,0.050486374696970315,12,False,,0.18828347213416366,False,0.12321071736553355,148,False
medium,256,32,15,1,晶升速度,1,144,-0.11455857972318743,-0.2646727403689084,0.049672053335457614,12,False,,0.18828347213416366,False,0.12321071736553355,148,False
medium,256,32,15,1,晶升速度,1,145,-0.11761895233380647,-0.26560817383714125,0.049291049485622435,12,False,,0.18828347213416366,False,0.12321071736553355,148,False
medium,256,32,15,1,晶升速度,1,146,-0.11993089196199584,-0.26720467620254,0.05073327672486151,12,False,,0.18828347213416366,False,0.12321071736553355,148,False
medium,256,32,15,1,晶升速度,1,147,-0.12202673609960805,-0.2680863791007515,0.04987209062976159,12,False,,0.18828347213416366,False,0.12321071736553355,148,False
medium,256,32,15,1,晶升速度,1,148,-0.12321071736553355,-0.2656659329807986,0.049428651674886824,12,False,,0.18828347213416366,True,0.12321071736553355,148,False
medium,256,32,15,1,晶升速度,1,149,-0.12266988003802709,-0.26363415813702146,0.05245166488364986,12,False,,0.18828347213416366,False,0.12321071736553355,148,False
medium,256,32,15,1,晶升速度,1,150,-0.12037525473475558,-0.26302265331389996,0.05715373373554537,12,False,,0.18828347213416366,False,0.12321071736553355,148,False
medium,256,32,15,1,晶转速度,2,0,-0.08998373473496783,-0.2411325690998099,0.07042140895506889,12,False,,0.1670219727477385,False,0.10768625003690911,115,False
medium,256,32,15,1,晶转速度,2,1,-0.08888120232441224,-0.2387156832509305,0.07310369297338008,12,False,,0.1670219727477385,False,0.10768625003690911,115,False
medium,256,32,15,1,晶转速度,2,2,-0.08894791019667857,-0.23944197778975126,0.07402091251699505,12,False,,0.1670219727477385,False,0.10768625003690911,115,False
medium,256,32,15,1,晶转速度,2,3,-0.08876534761420449,-0.2394284219923369,0.07479415989951033,12,False,,0.1670219727477385,False,0.10768625003690911,115,False
medium,256,32,15,1,晶转速度,2,4,-0.09019364590122754,-0.2397432787479139,0.07452535297593625,12,False,,0.1670219727477385,False,0.10768625003690911,115,False
medium,256,32,15,1,晶转速度,2,5,-0.09193644619207013,-0.2405405316852751,0.073937936377862,12,False,,0.1670219727477385,False,0.10768625003690911,115,False
medium,256,32,15,1,晶转速度,2,6,-0.0925498709665831,-0.23964334695880649,0.07368417652010571,12,False,,0.1670219727477385,False,0.10768625003690911,115,False
medium,256,32,15,1,晶转速度,2,7,-0.09366561862792061,-0.2411567054159727,0.0742735519954093,12,False,,0.1670219727477385,False,0.10768625003690911,115,False
medium,256,32,15,1,晶转速度,2,8,-0.09379400803476183,-0.24122569849483375,0.07492066415044464,12,False,,0.1670219727477385,False,0.10768625003690911,115,False
medium,256,32,15,1,晶转速度,2,9,-0.09376603796614556,-0.24234507665081237,0.07361302931521321,12,False,,0.1670219727477385,False,0.10768625003690911,115,False
medium,256,32,15,1,晶转速度,2,10,-0.09525769093307547,-0.24540578426874274,0.07081253861626217,12,False,,0.1670219727477385,False,0.10768625003690911,115,False
medium,256,32,15,1,晶转速度,2,11,-0.09530035084632416,-0.24731858421690484,0.07017715709734652,12,False,,0.1670219727477385,False,0.10768625003690911,115,False
medium,256,32,15,1,晶转速度,2,12,-0.09613763786274165,-0.24817162581942964,0.06993298817815832,12,False,,0.1670219727477385,False,0.10768625003690911,115,False
medium,256,32,15,1,晶转速度,2,13,-0.09630396541633457,-0.24941174957237783,0.06866029408785608,12,False,,0.1670219727477385,False,0.10768625003690911,115,False
medium,256,32,15,1,晶转速度,2,14,-0.09696397876997014,-0.2508812553821826,0.0674374283262371,12,False,,0.1670219727477385,False,0.10768625003690911,115,False
medium,256,32,15,1,晶转速度,2,15,-0.09586003956669283,-0.2501706520616918,0.06891991020603361,12,False,,0.1670219727477385,False,0.10768625003690911,115,False
medium,256,32,15,1,晶转速度,2,16,-0.09443559260911243,-0.2490509920473991,0.06935688151525803,12,False,,0.1670219727477385,False,0.10768625003690911,115,False
medium,256,32,15,1,晶转速度,2,17,-0.0943791057704222,-0.24951877566312386,0.06780195859927698,12,False,,0.1670219727477385,False,0.10768625003690911,115,False
medium,256,32,15,1,晶转速度,2,18,-0.0944083611222768,-0.24968427697224832,0.06564940679026501,12,False,,0.1670219727477385,False,0.10768625003690911,115,False
medium,256,32,15,1,晶转速度,2,19,-0.09209068253430262,-0.24790552581794997,0.06853999708935055,12,False,,0.1670219727477385,False,0.10768625003690911,115,False
medium,256,32,15,1,晶转速度,2,20,-0.09054507550168357,-0.24568528504523748,0.07034297547092341,12,False,,0.1670219727477385,False,0.10768625003690911,115,False
medium,256,32,15,1,晶转速度,2,21,-0.08898187685152172,-0.24330269265827842,0.07141032635215228,12,False,,0.1670219727477385,False,0.10768625003690911,115,False
medium,256,32,15,1,晶转速度,2,22,-0.08911855295896963,-0.24303338097572805,0.07097603506535667,12,False,,0.1670219727477385,False,0.10768625003690911,115,False
medium,256,32,15,1,晶转速度,2,23,-0.08916201893905887,-0.24323403915874295,0.07210182629076131,12,False,,0.1670219727477385,False,0.10768625003690911,115,False
medium,256,32,15,1,晶转速度,2,24,-0.09047359796672094,-0.24132950420286223,0.06958649249264136,12,False,,0.1670219727477385,False,0.10768625003690911,115,False
medium,256,32,15,1,晶转速度,2,25,-0.0898950849633498,-0.24115770066250994,0.06994616808910749,12,False,,0.1670219727477385,False,0.10768625003690911,115,False
medium,256,32,15,1,晶转速度,2,26,-0.090388012433267,-0.2418199468100614,0.06984045242678494,12,False,,0.1670219727477385,False,0.10768625003690911,115,False
medium,256,32,15,1,晶转速度,2,27,-0.08967159446453427,-0.24414801329571242,0.07069519243119901,12,False,,0.1670219727477385,False,0.10768625003690911,115,False
medium,256,32,15,1,晶转速度,2,28,-0.0896353946326145,-0.245868997120604,0.06942862338874074,12,False,,0.1670219727477385,False,0.10768625003690911,115,False
medium,256,32,15,1,晶转速度,2,29,-0.08987986371644432,-0.24673715973295096,0.06955939916331126,12,False,,0.1670219727477385,False,0.10768625003690911,115,False
medium,256,32,15,1,晶转速度,2,30,-0.08945695956475885,-0.24803223225641946,0.07235270200926351,12,False,,0.1670219727477385,False,0.10768625003690911,115,False
medium,256,32,15,1,晶转速度,2,31,-0.09064911317707738,-0.2517767632895329,0.06944929893081227,12,False,,0.1670219727477385,False,0.10768625003690911,115,False
medium,256,32,15,1,晶转速度,2,32,-0.0905923032568166,-0.25307906359230276,0.07050775135868369,12,False,,0.1670219727477385,False,0.10768625003690911,115,False
medium,256,32,15,1,晶转速度,2,33,-0.09091638004418619,-0.2539656361418683,0.06996611921174314,12,False,,0.1670219727477385,False,0.10768625003690911,115,False
medium,256,32,15,1,晶转速度,2,34,-0.09156755096430454,-0.2539296259169907,0.07011076311264802,12,False,,0.1670219727477385,False,0.10768625003690911,115,False
medium,256,32,15,1,晶转速度,2,35,-0.09312415536894861,-0.2547754048437699,0.0694408774793058,12,False,,0.1670219727477385,False,0.10768625003690911,115,False
medium,256,32,15,1,晶转速度,2,36,-0.09309459220455327,-0.25308808505522207,0.06760664329377342,12,False,,0.1670219727477385,False,0.10768625003690911,115,False
medium,256,32,15,1,晶转速度,2,37,-0.09336566275924091,-0.25277410664950606,0.06684911084517217,12,False,,0.1670219727477385,False,0.10768625003690911,115,False
medium,256,32,15,1,晶转速度,2,38,-0.09371445145686522,-0.2509780268480306,0.06646216832899865,12,False,,0.1670219727477385,False,0.10768625003690911,115,False
medium,256,32,15,1,晶转速度,2,39,-0.09375451399901835,-0.25109053187189145,0.06550642511248791,12,False,,0.1670219727477385,False,0.10768625003690911,115,False
medium,256,32,15,1,晶转速度,2,40,-0.09283964207955832,-0.24977549665504623,0.06601504166498891,12,False,,0.1670219727477385,False,0.10768625003690911,115,False
medium,256,32,15,1,晶转速度,2,41,-0.09130978945612071,-0.24898502934502997,0.06515270083798949,12,False,,0.1670219727477385,False,0.10768625003690911,115,False
medium,256,32,15,1,晶转速度,2,42,-0.09091641444816503,-0.24834146010378041,0.0639891758984182,12,False,,0.1670219727477385,False,0.10768625003690911,115,False
medium,256,32,15,1,晶转速度,2,43,-0.08908261330206568,-0.24882765628475387,0.06325443159587796,12,False,,0.1670219727477385,False,0.10768625003690911,115,False
medium,256,32,15,1,晶转速度,2,44,-0.08700302398770217,-0.2435689752069809,0.06613891960405299,12,False,,0.1670219727477385,False,0.10768625003690911,115,False
medium,256,32,15,1,晶转速度,2,45,-0.0853615513028024,-0.23746832308906451,0.06858154137987918,12,False,,0.1670219727477385,False,0.10768625003690911,115,False
medium,256,32,15,1,晶转速度,2,46,-0.08419290803447133,-0.23653180706563826,0.06914196281173506,12,False,,0.1670219727477385,False,0.10768625003690911,115,False
medium,256,32,15,1,晶转速度,2,47,-0.08436461986185474,-0.2380315756328747,0.06890599063967387,12,False,,0.1670219727477385,False,0.10768625003690911,115,False
medium,256,32,15,1,晶转速度,2,48,-0.08440659527687126,-0.2393079846091784,0.07128513286487737,12,False,,0.1670219727477385,False,0.10768625003690911,115,False
medium,256,32,15,1,晶转速度,2,49,-0.08511855718349015,-0.2373674488868818,0.07141577827576645,12,False,,0.1670219727477385,False,0.10768625003690911,115,False
medium,256,32,15,1,晶转速度,2,50,-0.08360731272472517,-0.23552057671305873,0.07445263894399713,12,False,,0.1670219727477385,False,0.10768625003690911,115,False
medium,256,32,15,1,晶转速度,2,51,-0.08414865985544798,-0.23359545564103054,0.07429542830958327,12,False,,0.1670219727477385,False,0.10768625003690911,115,False
medium,256,32,15,1,晶转速度,2,52,-0.08303118692890747,-0.2336349593602375,0.07542637884178544,12,False,,0.1670219727477385,False,0.10768625003690911,115,False
medium,256,32,15,1,晶转速度,2,53,-0.08100259201095499,-0.23481475429045912,0.07798316862719332,12,False,,0.1670219727477385,False,0.10768625003690911,115,False
medium,256,32,15,1,晶转速度,2,54,-0.07890747978225246,-0.23338016183366855,0.08197335978356389,12,False,,0.1670219727477385,False,0.10768625003690911,115,False
medium,256,32,15,1,晶转速度,2,55,-0.07776202821661334,-0.23238765536801334,0.08379500899961809,12,False,,0.1670219727477385,False,0.10768625003690911,115,False
medium,256,32,15,1,晶转速度,2,56,-0.077719345110511,-0.23241962251971882,0.08470399846794317,12,False,,0.1670219727477385,False,0.10768625003690911,115,False
medium,256,32,15,1,晶转速度,2,57,-0.07573313104840552,-0.2294145783703845,0.08687449693340096,12,False,,0.1670219727477385,False,0.10768625003690911,115,False
medium,256,32,15,1,晶转速度,2,58,-0.07706059292965975,-0.2313768563623721,0.08160561823036036,12,False,,0.1670219727477385,False,0.10768625003690911,115,False
medium,256,32,15,1,晶转速度,2,59,-0.07704555405518625,-0.23126059119442496,0.07952371592485805,12,False,,0.1670219727477385,False,0.10768625003690911,115,False
medium,256,32,15,1,晶转速度,2,60,-0.0768306984859741,-0.2297555351834702,0.07692180815877207,12,False,,0.1670219727477385,False,0.10768625003690911,115,False
medium,256,32,15,1,晶转速度,2,61,-0.07645254643756445,-0.2291721800321979,0.07573424675436481,12,False,,0.1670219727477385,False,0.10768625003690911,115,False
medium,256,32,15,1,晶转速度,2,62,-0.07401310607548597,-0.22514671473557846,0.07808364957814189,12,False,,0.1670219727477385,False,0.10768625003690911,115,False
medium,256,32,15,1,晶转速度,2,63,-0.07176864805132545,-0.22280534644532815,0.07846847784583458,12,False,,0.1670219727477385,False,0.10768625003690911,115,False
medium,256,32,15,1,晶转速度,2,64,-0.07039519841436302,-0.22514908742274978,0.07888699448382085,12,False,,0.1670219727477385,False,0.10768625003690911,115,False
medium,256,32,15,1,晶转速度,2,65,-0.06956280847477701,-0.22439946751654022,0.07644230078209244,12,False,,0.1670219727477385,False,0.10768625003690911,115,False
medium,256,32,15,1,晶转速度,2,66,-0.06990060755125392,-0.22212718744375176,0.07557294841969774,12,False,,0.1670219727477385,False,0.10768625003690911,115,False
medium,256,32,15,1,晶转速度,2,67,-0.06928182779705777,-0.21952684133307496,0.07284101629667472,12,False,,0.1670219727477385,False,0.10768625003690911,115,False
medium,256,32,15,1,晶转速度,2,68,-0.07043896217252454,-0.220536485656237,0.07267712443317839,12,False,,0.1670219727477385,False,0.10768625003690911,115,False
medium,256,32,15,1,晶转速度,2,69,-0.06960777089669566,-0.2202262405288068,0.07539235176493216,12,False,,0.1670219727477385,False,0.10768625003690911,115,False
medium,256,32,15,1,晶转速度,2,70,-0.06982395594478893,-0.22166034795157633,0.07809793943115101,12,False,,0.1670219727477385,False,0.10768625003690911,115,False
medium,256,32,15,1,晶转速度,2,71,-0.06988596301945957,-0.21962306677302498,0.08028759867789818,12,False,,0.1670219727477385,False,0.10768625003690911,115,False
medium,256,32,15,1,晶转速度,2,72,-0.07151412455258545,-0.22371089010209602,0.07931082690497007,12,False,,0.1670219727477385,False,0.10768625003690911,115,False
medium,256,32,15,1,晶转速度,2,73,-0.07119057269059122,-0.22408319715889952,0.07927642729082082,12,False,,0.1670219727477385,False,0.10768625003690911,115,False
medium,256,32,15,1,晶转速度,2,74,-0.07173059215001551,-0.22181546150367765,0.07859082942374898,12,False,,0.1670219727477385,False,0.10768625003690911,115,False
medium,256,32,15,1,晶转速度,2,75,-0.07304539669092672,-0.2242894281051911,0.07682643247221785,12,False,,0.1670219727477385,False,0.10768625003690911,115,False
medium,256,32,15,1,晶转速度,2,76,-0.07404914804149372,-0.22309827832538437,0.07607439730356769,12,False,,0.1670219727477385,False,0.10768625003690911,115,False
medium,256,32,15,1,晶转速度,2,77,-0.07528609378248505,-0.22427148376232411,0.07425993548991816,12,False,,0.1670219727477385,False,0.10768625003690911,115,False
medium,256,32,15,1,晶转速度,2,78,-0.07680472397373544,-0.22478591500651232,0.0734840497259844,12,False,,0.1670219727477385,False,0.10768625003690911,115,False
medium,256,32,15,1,晶转速度,2,79,-0.07620014808140087,-0.22356836529484375,0.07393919170054787,12,False,,0.1670219727477385,False,0.10768625003690911,115,False
medium,256,32,15,1,晶转速度,2,80,-0.07620513840020289,-0.2229402713899182,0.07587645263990994,12,False,,0.1670219727477385,False,0.10768625003690911,115,False
medium,256,32,15,1,晶转速度,2,81,-0.07517010286762166,-0.22206824838620562,0.07658739579406423,12,False,,0.1670219727477385,False,0.10768625003690911,115,False
medium,256,32,15,1,晶转速度,2,82,-0.07463823985224141,-0.22234054303240366,0.07936169983003058,12,False,,0.1670219727477385,False,0.10768625003690911,115,False
medium,256,32,15,1,晶转速度,2,83,-0.07548084252187331,-0.22242232163497722,0.07907098653670872,12,False,,0.1670219727477385,False,0.10768625003690911,115,False
medium,256,32,15,1,晶转速度,2,84,-0.07808394095115892,-0.22746084005481682,0.07640714755022049,12,False,,0.1670219727477385,False,0.10768625003690911,115,False
medium,256,32,15,1,晶转速度,2,85,-0.0789418599331141,-0.22923493102723433,0.07478324332151154,12,False,,0.1670219727477385,False,0.10768625003690911,115,False
medium,256,32,15,1,晶转速度,2,86,-0.08145524070947073,-0.23237869508190226,0.07146287868789353,12,False,,0.1670219727477385,False,0.10768625003690911,115,False
medium,256,32,15,1,晶转速度,2,87,-0.08255644811648333,-0.23482686484326018,0.07000390756519048,12,False,,0.1670219727477385,False,0.10768625003690911,115,False
medium,256,32,15,1,晶转速度,2,88,-0.082246548261714,-0.23607597746197817,0.06751401607229936,12,False,,0.1670219727477385,False,0.10768625003690911,115,False
medium,256,32,15,1,晶转速度,2,89,-0.08197938057115779,-0.238494139903156,0.06631138292987446,12,False,,0.1670219727477385,False,0.10768625003690911,115,False
medium,256,32,15,1,晶转速度,2,90,-0.0813697567397299,-0.2376382351824446,0.0662150750756218,12,False,,0.1670219727477385,False,0.10768625003690911,115,False
medium,256,32,15,1,晶转速度,2,91,-0.08085865555806068,-0.2351218764353335,0.06777698375897238,12,False,,0.1670219727477385,False,0.10768625003690911,115,False
medium,256,32,15,1,晶转速度,2,92,-0.08117626437115873,-0.23390750945214642,0.06737721104149792,12,False,,0.1670219727477385,False,0.10768625003690911,115,False
medium,256,32,15,1,晶转速度,2,93,-0.0816362489053899,-0.23352757029417853,0.07104525463051337,12,False,,0.1670219727477385,False,0.10768625003690911,115,False
medium,256,32,15,1,晶转速度,2,94,-0.08327189242300993,-0.23335015197027603,0.07267290820035414,12,False,,0.1670219727477385,False,0.10768625003690911,115,False
medium,256,32,15,1,晶转速度,2,95,-0.08295629238327566,-0.23224783146580563,0.07319228743607442,12,False,,0.1670219727477385,False,0.10768625003690911,115,False
medium,256,32,15,1,晶转速度,2,96,-0.08502739027908812,-0.2343240927918712,0.07036810569812044,12,False,,0.1670219727477385,False,0.10768625003690911,115,False
medium,256,32,15,1,晶转速度,2,97,-0.08553721429205793,-0.2339673933595678,0.0693659159365985,12,False,,0.1670219727477385,False,0.10768625003690911,115,False
medium,256,32,15,1,晶转速度,2,98,-0.08592683220158487,-0.23215110940835074,0.069381428493804,12,False,,0.1670219727477385,False,0.10768625003690911,115,False
medium,256,32,15,1,晶转速度,2,99,-0.08491255118941195,-0.2295972958706214,0.0712073442697265,12,False,,0.1670219727477385,False,0.10768625003690911,115,False
medium,256,32,15,1,晶转速度,2,100,-0.08637315579417079,-0.23110632073120918,0.07439874468817131,12,False,,0.1670219727477385,False,0.10768625003690911,115,False
medium,256,32,15,1,晶转速度,2,101,-0.08666719446019311,-0.23189228068952888,0.07694442309948889,12,False,,0.1670219727477385,False,0.10768625003690911,115,False
medium,256,32,15,1,晶转速度,2,102,-0.08692052850930336,-0.23131801285276626,0.0770832502633262,12,False,,0.1670219727477385,False,0.10768625003690911,115,False
medium,256,32,15,1,晶转速度,2,103,-0.08927157329379908,-0.23217475486097183,0.0762488087940582,12,False,,0.1670219727477385,False,0.10768625003690911,115,False
medium,256,32,15,1,晶转速度,2,104,-0.09102018029264854,-0.23341195087542532,0.07538124014219293,12,False,,0.1670219727477385,False,0.10768625003690911,115,False
medium,256,32,15,1,晶转速度,2,105,-0.09320523531568692,-0.23503550177099436,0.07435429993850443,12,False,,0.1670219727477385,False,0.10768625003690911,115,False
medium,256,32,15,1,晶转速度,2,106,-0.09399044717620016,-0.23633115678480068,0.07603197225072635,12,False,,0.1670219727477385,False,0.10768625003690911,115,False
medium,256,32,15,1,晶转速度,2,107,-0.09559150257916603,-0.23844863496749463,0.0739466381918297,12,False,,0.1670219727477385,False,0.10768625003690911,115,False
medium,256,32,15,1,晶转速度,2,108,-0.09703327755565173,-0.2398250504483633,0.07271736072084181,12,False,,0.1670219727477385,False,0.10768625003690911,115,False
medium,256,32,15,1,晶转速度,2,109,-0.09904040088228853,-0.24324554653583408,0.07120376752272313,12,False,,0.1670219727477385,False,0.10768625003690911,115,False
medium,256,32,15,1,晶转速度,2,110,-0.10354975293158046,-0.24827943129129457,0.06520614630198077,12,False,,0.1670219727477385,False,0.10768625003690911,115,False
medium,256,32,15,1,晶转速度,2,111,-0.10466655321899677,-0.24803776934514177,0.06256757944393194,12,False,,0.1670219727477385,False,0.10768625003690911,115,False
medium,256,32,15,1,晶转速度,2,112,-0.1072673789969726,-0.2500923893282247,0.0591758471990362,12,False,,0.1670219727477385,False,0.10768625003690911,115,False
medium,256,32,15,1,晶转速度,2,113,-0.1074944890782442,-0.2511976027232399,0.059998739818344936,12,False,,0.1670219727477385,False,0.10768625003690911,115,False
medium,256,32,15,1,晶转速度,2,114,-0.10764082026566822,-0.24989581403555616,0.0584481372832389,12,False,,0.1670219727477385,False,0.10768625003690911,115,False
medium,256,32,15,1,晶转速度,2,115,-0.10768625003690911,-0.25220107062719954,0.05717625914697551,12,False,,0.1670219727477385,True,0.10768625003690911,115,False
medium,256,32,15,1,晶转速度,2,116,-0.10546899633535484,-0.2501528728427429,0.05830187788518301,12,False,,0.1670219727477385,False,0.10768625003690911,115,False
medium,256,32,15,1,晶转速度,2,117,-0.1044581631992087,-0.24889490020674782,0.056923505275072755,12,False,,0.1670219727477385,False,0.10768625003690911,115,False
medium,256,32,15,1,晶转速度,2,118,-0.10415664119176463,-0.251297399934601,0.05612103329948447,12,False,,0.1670219727477385,False,0.10768625003690911,115,False
medium,256,32,15,1,晶转速度,2,119,-0.10354644626561843,-0.2507947139432634,0.05617010782630276,12,False,,0.1670219727477385,False,0.10768625003690911,115,False
medium,256,32,15,1,晶转速度,2,120,-0.10249318334336391,-0.2513796105192325,0.05774210249587891,12,False,,0.1670219727477385,False,0.10768625003690911,115,False
medium,256,32,15,1,晶转速度,2,121,-0.10395142499056925,-0.25413242670505876,0.05648234710277729,12,False,,0.1670219727477385,False,0.10768625003690911,115,False
medium,256,32,15,1,晶转速度,2,122,-0.10277965399061174,-0.25242700084571384,0.057434438265193385,12,False,,0.1670219727477385,False,0.10768625003690911,115,False
medium,256,32,15,1,晶转速度,2,123,-0.10086119213088048,-0.2528078977779497,0.05996960249506689,12,False,,0.1670219727477385,False,0.10768625003690911,115,False
medium,256,32,15,1,晶转速度,2,124,-0.09908822073573537,-0.2512111322189578,0.06130683249033619,12,False,,0.1670219727477385,False,0.10768625003690911,115,False
medium,256,32,15,1,晶转速度,2,125,-0.09732398570489491,-0.24848686708504142,0.064530842514118,12,False,,0.1670219727477385,False,0.10768625003690911,115,False
medium,256,32,15,1,晶转速度,2,126,-0.0962846375224221,-0.24788200157025864,0.06684669697650474,12,False,,0.1670219727477385,False,0.10768625003690911,115,False
medium,256,32,15,1,晶转速度,2,127,-0.0956019159232252,-0.24724669905250302,0.06697951623126426,12,False,,0.1670219727477385,False,0.10768625003690911,115,False
medium,256,32,15,1,晶转速度,2,128,-0.09709419011941663,-0.24866005766396165,0.0639500853147357,12,False,,0.1670219727477385,False,0.10768625003690911,115,False
medium,256,32,15,1,晶转速度,2,129,-0.09804382449373597,-0.24943390356024125,0.0641235477023959,12,False,,0.1670219727477385,False,0.10768625003690911,115,False
medium,256,32,15,1,晶转速度,2,130,-0.09805725272916314,-0.24929551347139553,0.06313249483587996,12,False,,0.1670219727477385,False,0.10768625003690911,115,False
medium,256,32,15,1,晶转速度,2,131,-0.09915481448763633,-0.2503837083035799,0.06109599138439868,12,False,,0.1670219727477385,False,0.10768625003690911,115,False
medium,256,32,15,1,晶转速度,2,132,-0.10061247673798711,-0.25002751565220677,0.05866659222447995,12,False,,0.1670219727477385,False,0.10768625003690911,115,False
medium,256,32,15,1,晶转速度,2,133,-0.10000295111505815,-0.24815576770353195,0.057085875398670674,12,False,,0.1670219727477385,False,0.10768625003690911,115,False
medium,256,32,15,1,晶转速度,2,134,-0.0991675483481342,-0.24507216367941081,0.056236398618693846,12,False,,0.1670219727477385,False,0.10768625003690911,115,False
medium,256,32,15,1,晶转速度,2,135,-0.10013852447757425,-0.2477011234865331,0.05382314626383319,12,False,,0.1670219727477385,False,0.10768625003690911,115,False
medium,256,32,15,1,晶转速度,2,136,-0.09937577237182856,-0.24751654152862082,0.05494010815418922,12,False,,0.1670219727477385,False,0.10768625003690911,115,False
medium,256,32,15,1,晶转速度,2,137,-0.09904726699087697,-0.24612123461642274,0.05340664132539456,12,False,,0.1670219727477385,False,0.10768625003690911,115,False
medium,256,32,15,1,晶转速度,2,138,-0.09893408025016119,-0.24738914578332177,0.052031545608860884,12,False,,0.1670219727477385,False,0.10768625003690911,115,False
medium,256,32,15,1,晶转速度,2,139,-0.09789012766351335,-0.24768617710108118,0.052962650721270016,12,False,,0.1670219727477385,False,0.10768625003690911,115,False
medium,256,32,15,1,晶转速度,2,140,-0.09630541239265299,-0.24708626442509662,0.05447049846627383,12,False,,0.1670219727477385,False,0.10768625003690911,115,False
medium,256,32,15,1,晶转速度,2,141,-0.09538769236244664,-0.24684546153945075,0.05535803042443257,12,False,,0.1670219727477385,False,0.10768625003690911,115,False
medium,256,32,15,1,晶转速度,2,142,-0.0939477090244129,-0.24598746045857448,0.05679045465344844,12,False,,0.1670219727477385,False,0.10768625003690911,115,False
medium,256,32,15,1,晶转速度,2,143,-0.09102234077233565,-0.24325814669485005,0.060702363961788165,12,False,,0.1670219727477385,False,0.10768625003690911,115,False
medium,256,32,15,1,晶转速度,2,144,-0.08962057692496934,-0.24000656936951348,0.06335629774078289,12,False,,0.1670219727477385,False,0.10768625003690911,115,False
medium,256,32,15,1,晶转速度,2,145,-0.08790530741569154,-0.23794904813898538,0.06617105529530512,12,False,,0.1670219727477385,False,0.10768625003690911,115,False
medium,256,32,15,1,晶转速度,2,146,-0.08956362859673528,-0.23887633177301218,0.0638558221667404,12,False,,0.1670219727477385,False,0.10768625003690911,115,False
medium,256,32,15,1,晶转速度,2,147,-0.08946931232864724,-0.23996745319985266,0.0636648506663478,12,False,,0.1670219727477385,False,0.10768625003690911,115,False
medium,256,32,15,1,晶转速度,2,148,-0.08979088335507267,-0.2417724447800332,0.06313119575184052,12,False,,0.1670219727477385,False,0.10768625003690911,115,False
medium,256,32,15,1,晶转速度,2,149,-0.09103862517601971,-0.24142835187786266,0.06256871213333234,12,False,,0.1670219727477385,False,0.10768625003690911,115,False
medium,256,32,15,1,晶转速度,2,150,-0.0907468865025668,-0.24108924418417665,0.06519310992445075,12,False,,0.1670219727477385,False,0.10768625003690911,115,False
medium,256,32,15,1,埚升速度,3,0,-0.037341814412251935,-0.17943089417959684,0.09515246154381475,12,False,,0.18950926194498852,False,0.12662880357992065,148,False
medium,256,32,15,1,埚升速度,3,1,-0.038701084935412175,-0.1781590610395995,0.09257026979225345,12,False,,0.18950926194498852,False,0.12662880357992065,148,False
medium,256,32,15,1,埚升速度,3,2,-0.03659722748671719,-0.17488084933997428,0.09333097254735029,12,False,,0.18950926194498852,False,0.12662880357992065,148,False
medium,256,32,15,1,埚升速度,3,3,-0.037244671211230644,-0.173759221716217,0.0886131976726895,12,False,,0.18950926194498852,False,0.12662880357992065,148,False
medium,256,32,15,1,埚升速度,3,4,-0.03927609607029623,-0.1723576471659295,0.08280047117078013,12,False,,0.18950926194498852,False,0.12662880357992065,148,False
medium,256,32,15,1,埚升速度,3,5,-0.04220030312083584,-0.17315372483989308,0.07702741381028351,12,False,,0.18950926194498852,False,0.12662880357992065,148,False
medium,256,32,15,1,埚升速度,3,6,-0.04645716622937651,-0.17323245950714397,0.06822626847996494,12,False,,0.18950926194498852,False,0.12662880357992065,148,False
medium,256,32,15,1,埚升速度,3,7,-0.04934450080311908,-0.17163526941936785,0.061737908295257375,12,False,,0.18950926194498852,False,0.12662880357992065,148,False
medium,256,32,15,1,埚升速度,3,8,-0.04785009079266378,-0.16400521864333445,0.06275863639180927,12,False,,0.18950926194498852,False,0.12662880357992065,148,False
medium,256,32,15,1,埚升速度,3,9,-0.04573396641748021,-0.16255219986038083,0.065321759497509,12,False,,0.18950926194498852,False,0.12662880357992065,148,False
medium,256,32,15,1,埚升速度,3,10,-0.045778668934289536,-0.1630292449660533,0.06808301967261363,12,False,,0.18950926194498852,False,0.12662880357992065,148,False
medium,256,32,15,1,埚升速度,3,11,-0.04839901288954408,-0.16490073041164363,0.06618523313199488,12,False,,0.18950926194498852,False,0.12662880357992065,148,False
medium,256,32,15,1,埚升速度,3,12,-0.05195030682536881,-0.16904952296124284,0.06372213181602929,12,False,,0.18950926194498852,False,0.12662880357992065,148,False
medium,256,32,15,1,埚升速度,3,13,-0.05715517613457978,-0.17604951924970616,0.05860621560172654,12,False,,0.18950926194498852,False,0.12662880357992065,148,False
medium,256,32,15,1,埚升速度,3,14,-0.06174151669176716,-0.18333209259434588,0.050923134328121726,12,False,,0.18950926194498852,False,0.12662880357992065,148,False
medium,256,32,15,1,埚升速度,3,15,-0.06269067112940671,-0.18558659805982008,0.05070519629904524,12,False,,0.18950926194498852,False,0.12662880357992065,148,False
medium,256,32,15,1,埚升速度,3,16,-0.057752521267632154,-0.18131897080013035,0.056099665436178926,12,False,,0.18950926194498852,False,0.12662880357992065,148,False
medium,256,32,15,1,埚升速度,3,17,-0.05144902925362085,-0.1758256835973997,0.06147726880559347,12,False,,0.18950926194498852,False,0.12662880357992065,148,False
medium,256,32,15,1,埚升速度,3,18,-0.04173415562965805,-0.1663039532251015,0.07022996731627795,12,False,,0.18950926194498852,False,0.12662880357992065,148,False
medium,256,32,15,1,埚升速度,3,19,-0.029420086264539694,-0.15379469954958813,0.07994986478023029,12,False,,0.18950926194498852,False,0.12662880357992065,148,False
medium,256,32,15,1,埚升速度,3,20,-0.017520312172859983,-0.14076963138211374,0.0894020713306055,12,False,,0.18950926194498852,False,0.12662880357992065,148,False
medium,256,32,15,1,埚升速度,3,21,-0.007138643387664222,-0.13205648444272608,0.09951721848162552,12,False,,0.18950926194498852,False,0.12662880357992065,148,False
medium,256,32,15,1,埚升速度,3,22,0.00310562814946433,-0.12586852107533003,0.10988519786024022,12,False,,0.18950926194498852,False,0.12662880357992065,148,False
medium,256,32,15,1,埚升速度,3,23,0.013535770950750663,-0.11807060338964213,0.12225155817415419,12,False,,0.18950926194498852,False,0.12662880357992065,148,False
medium,256,32,15,1,埚升速度,3,24,0.02410530951135552,-0.11073347143470257,0.1350837192647726,12,False,,0.18950926194498852,False,0.12662880357992065,148,False
medium,256,32,15,1,埚升速度,3,25,0.03723071961058624,-0.0992676345346662,0.14963540625097405,12,False,,0.18950926194498852,False,0.12662880357992065,148,False
medium,256,32,15,1,埚升速度,3,26,0.055535067084827826,-0.0808270643611894,0.16745192531094522,12,False,,0.18950926194498852,False,0.12662880357992065,148,False
medium,256,32,15,1,埚升速度,3,27,0.07403636844520922,-0.06335455738053983,0.18503370671326913,12,False,,0.18950926194498852,False,0.12662880357992065,148,False
medium,256,32,15,1,埚升速度,3,28,0.09022376207186751,-0.0465825014299622,0.19969970364358222,12,False,,0.18950926194498852,False,0.12662880357992065,148,False
medium,256,32,15,1,埚升速度,3,29,0.1023541586777922,-0.03655119552953537,0.21157945091408234,12,False,,0.18950926194498852,False,0.12662880357992065,148,False
medium,256,32,15,1,埚升速度,3,30,0.10877879239137352,-0.030026973611240786,0.2189673064490193,12,False,,0.18950926194498852,False,0.12662880357992065,148,False
medium,256,32,15,1,埚升速度,3,31,0.10832113605008248,-0.03185806373377605,0.2204895745752988,12,False,,0.18950926194498852,False,0.12662880357992065,148,False
medium,256,32,15,1,埚升速度,3,32,0.10414195131760097,-0.035495570661662604,0.21779710036478447,12,False,,0.18950926194498852,False,0.12662880357992065,148,False
medium,256,32,15,1,埚升速度,3,33,0.10056165616842228,-0.03757307986733838,0.21669777358780656,12,False,,0.18950926194498852,False,0.12662880357992065,148,False
medium,256,32,15,1,埚升速度,3,34,0.09672359402822753,-0.040149092219680056,0.2155366856728373,12,False,,0.18950926194498852,False,0.12662880357992065,148,False
medium,256,32,15,1,埚升速度,3,35,0.09259448687092335,-0.04423741622621719,0.21582137497405557,12,False,,0.18950926194498852,False,0.12662880357992065,148,False
medium,256,32,15,1,埚升速度,3,36,0.08902384508725901,-0.04816344658436778,0.2174518609955998,12,False,,0.18950926194498852,False,0.12662880357992065,148,False
medium,256,32,15,1,埚升速度,3,37,0.08524045403223843,-0.053517081705558744,0.21518529270527048,12,False,,0.18950926194498852,False,0.12662880357992065,148,False
medium,256,32,15,1,埚升速度,3,38,0.07782598543900289,-0.06277665654242813,0.2103744442530284,12,False,,0.18950926194498852,False,0.12662880357992065,148,False
medium,256,32,15,1,埚升速度,3,39,0.06737121859359414,-0.07505829741955057,0.20319014347866232,12,False,,0.18950926194498852,False,0.12662880357992065,148,False
medium,256,32,15,1,埚升速度,3,40,0.05725694047749944,-0.08641162334068395,0.19695416122350634,12,False,,0.18950926194498852,False,0.12662880357992065,148,False
medium,256,32,15,1,埚升速度,3,41,0.047309657329326606,-0.09601607083876618,0.190309173394259,12,False,,0.18950926194498852,False,0.12662880357992065,148,False
medium,256,32,15,1,埚升速度,3,42,0.038392667210408876,-0.10343327260970836,0.1840583227722043,12,False,,0.18950926194498852,False,0.12662880357992065,148,False
medium,256,32,15,1,埚升速度,3,43,0.03152321608389699,-0.10779104347428003,0.1800841367791437,12,False,,0.18950926194498852,False,0.12662880357992065,148,False
medium,256,32,15,1,埚升速度,3,44,0.028026315316250036,-0.11243340503762186,0.1799904372634477,12,False,,0.18950926194498852,False,0.12662880357992065,148,False
medium,256,32,15,1,埚升速度,3,45,0.024496044298239466,-0.11740864908178247,0.17586065720129643,12,False,,0.18950926194498852,False,0.12662880357992065,148,False
medium,256,32,15,1,埚升速度,3,46,0.01911222590540536,-0.12150883505486175,0.17082248645145748,12,False,,0.18950926194498852,False,0.12662880357992065,148,False
medium,256,32,15,1,埚升速度,3,47,0.01339906230571055,-0.1228502591530579,0.16588585690082389,12,False,,0.18950926194498852,False,0.12662880357992065,148,False
medium,256,32,15,1,埚升速度,3,48,0.006238711046889656,-0.12642043477089052,0.15549972123129183,12,False,,0.18950926194498852,False,0.12662880357992065,148,False
medium,256,32,15,1,埚升速度,3,49,-0.002312061953955694,-0.13531359707914126,0.1437664396042953,12,False,,0.18950926194498852,False,0.12662880357992065,148,False
medium,256,32,15,1,埚升速度,3,50,-0.009621090697141123,-0.1432444410905933,0.13264354162710132,12,False,,0.18950926194498852,False,0.12662880357992065,148,False
medium,256,32,15,1,埚升速度,3,51,-0.013717623678404022,-0.14856611429159003,0.12573156150049974,12,False,,0.18950926194498852,False,0.12662880357992065,148,False
medium,256,32,15,1,埚升速度,3,52,-0.017555053627859574,-0.1547072089246219,0.1201614438906433,12,False,,0.18950926194498852,False,0.12662880357992065,148,False
medium,256,32,15,1,埚升速度,3,53,-0.018820831908940815,-0.15659871173767118,0.11823131642585662,12,False,,0.18950926194498852,False,0.12662880357992065,148,False
medium,256,32,15,1,埚升速度,3,54,-0.01849593543747621,-0.15373535507589256,0.11830352160897929,12,False,,0.18950926194498852,False,0.12662880357992065,148,False
medium,256,32,15,1,埚升速度,3,55,-0.017832776958117306,-0.1495388353833633,0.11993205545513781,12,False,,0.18950926194498852,False,0.12662880357992065,148,False
medium,256,32,15,1,埚升速度,3,56,-0.021128193021609346,-0.1486252868461209,0.11751152885913692,12,False,,0.18950926194498852,False,0.12662880357992065,148,False
medium,256,32,15,1,埚升速度,3,57,-0.026566222585599552,-0.15068660184768523,0.11348172843924613,12,False,,0.18950926194498852,False,0.12662880357992065,148,False
medium,256,32,15,1,埚升速度,3,58,-0.03161896250617724,-0.15628064722083554,0.1110388466917203,12,False,,0.18950926194498852,False,0.12662880357992065,148,False
medium,256,32,15,1,埚升速度,3,59,-0.03733642806039387,-0.16278019626728757,0.10876072488280801,12,False,,0.18950926194498852,False,0.12662880357992065,148,False
medium,256,32,15,1,埚升速度,3,60,-0.042500934731025904,-0.16855963200837323,0.10597537060593692,12,False,,0.18950926194498852,False,0.12662880357992065,148,False
medium,256,32,15,1,埚升速度,3,61,-0.04511147350274754,-0.17273262839010559,0.10451570006746495,12,False,,0.18950926194498852,False,0.12662880357992065,148,False
medium,256,32,15,1,埚升速度,3,62,-0.04558750387357254,-0.17591894893771146,0.10540857768556935,12,False,,0.18950926194498852,False,0.12662880357992065,148,False
medium,256,32,15,1,埚升速度,3,63,-0.04570185211310995,-0.17765373436649498,0.10476792903312987,12,False,,0.18950926194498852,False,0.12662880357992065,148,False
medium,256,32,15,1,埚升速度,3,64,-0.04487426947324567,-0.17666878269096387,0.1030969034653648,12,False,,0.18950926194498852,False,0.12662880357992065,148,False
medium,256,32,15,1,埚升速度,3,65,-0.04373477018205645,-0.17553332427030363,0.10233356277019297,12,False,,0.18950926194498852,False,0.12662880357992065,148,False
medium,256,32,15,1,埚升速度,3,66,-0.04431797312745558,-0.1759458171598891,0.10154349174569609,12,False,,0.18950926194498852,False,0.12662880357992065,148,False
medium,256,32,15,1,埚升速度,3,67,-0.045551880736585004,-0.17746018947413472,0.10141503839941803,12,False,,0.18950926194498852,False,0.12662880357992065,148,False
medium,256,32,15,1,埚升速度,3,68,-0.04565229111322139,-0.17742024135137272,0.10090479787208312,12,False,,0.18950926194498852,False,0.12662880357992065,148,False
medium,256,32,15,1,埚升速度,3,69,-0.043215312991236224,-0.1752764500826745,0.10401963049189084,12,False,,0.18950926194498852,False,0.12662880357992065,148,False
medium,256,32,15,1,埚升速度,3,70,-0.04215398183349249,-0.17450666830840533,0.10360319055508557,12,False,,0.18950926194498852,False,0.12662880357992065,148,False
medium,256,32,15,1,埚升速度,3,71,-0.03958732784810073,-0.1729018303017168,0.10399523019038127,12,False,,0.18950926194498852,False,0.12662880357992065,148,False
medium,256,32,15,1,埚升速度,3,72,-0.035762700891220876,-0.17126398997782308,0.10660417697859925,12,False,,0.18950926194498852,False,0.12662880357992065,148,False
medium,256,32,15,1,埚升速度,3,73,-0.03280103982602349,-0.16759025914609949,0.10665041865638787,12,False,,0.18950926194498852,False,0.12662880357992065,148,False
medium,256,32,15,1,埚升速度,3,74,-0.03139798460396628,-0.1651253602213603,0.10463310215923435,12,False,,0.18950926194498852,False,0.12662880357992065,148,False
medium,256,32,15,1,埚升速度,3,75,-0.029952513809159805,-0.1607780322831482,0.10402244812556422,12,False,,0.18950926194498852,False,0.12662880357992065,148,False
medium,256,32,15,1,埚升速度,3,76,-0.02786306093582893,-0.1585110485861699,0.10507012790346626,12,False,,0.18950926194498852,False,0.12662880357992065,148,False
medium,256,32,15,1,埚升速度,3,77,-0.026067869222368548,-0.15799155125214254,0.10633492024978358,12,False,,0.18950926194498852,False,0.12662880357992065,148,False
medium,256,32,15,1,埚升速度,3,78,-0.02440370993735123,-0.15874310910158296,0.10813749358957579,12,False,,0.18950926194498852,False,0.12662880357992065,148,False
medium,256,32,15,1,埚升速度,3,79,-0.023282903232928084,-0.16091025938687512,0.10974773007253164,12,False,,0.18950926194498852,False,0.12662880357992065,148,False
medium,256,32,15,1,埚升速度,3,80,-0.022705164291377485,-0.16075229262845458,0.10995372817754637,12,False,,0.18950926194498852,False,0.12662880357992065,148,False
medium,256,32,15,1,埚升速度,3,81,-0.023651668841508953,-0.16071486998630494,0.10759259328390874,12,False,,0.18950926194498852,False,0.12662880357992065,148,False
medium,256,32,15,1,埚升速度,3,82,-0.02346498725554485,-0.16134356380878673,0.10739175187378373,12,False,,0.18950926194498852,False,0.12662880357992065,148,False
medium,256,32,15,1,埚升速度,3,83,-0.024476213546436528,-0.16522060982816997,0.10717890084998444,12,False,,0.18950926194498852,False,0.12662880357992065,148,False
medium,256,32,15,1,埚升速度,3,84,-0.029200287153322853,-0.17418741544560346,0.10271787820747298,12,False,,0.18950926194498852,False,0.12662880357992065,148,False
medium,256,32,15,1,埚升速度,3,85,-0.03440353246015037,-0.1849486048765343,0.09977358301325456,12,False,,0.18950926194498852,False,0.12662880357992065,148,False
medium,256,32,15,1,埚升速度,3,86,-0.0382641773603207,-0.19364342286679165,0.09843668271853026,12,False,,0.18950926194498852,False,0.12662880357992065,148,False
medium,256,32,15,1,埚升速度,3,87,-0.04145982420705491,-0.2009755402894561,0.09709191199700702,12,False,,0.18950926194498852,False,0.12662880357992065,148,False
medium,256,32,15,1,埚升速度,3,88,-0.04419177691599881,-0.205416829648143,0.09555805079387006,12,False,,0.18950926194498852,False,0.12662880357992065,148,False
medium,256,32,15,1,埚升速度,3,89,-0.04594442991571473,-0.20789212341575192,0.09485875324537466,12,False,,0.18950926194498852,False,0.12662880357992065,148,False
medium,256,32,15,1,埚升速度,3,90,-0.046625997667264336,-0.20733408309105217,0.09524559323464421,12,False,,0.18950926194498852,False,0.12662880357992065,148,False
medium,256,32,15,1,埚升速度,3,91,-0.04910019492965525,-0.20727258048818273,0.09421083118701064,12,False,,0.18950926194498852,False,0.12662880357992065,148,False
medium,256,32,15,1,埚升速度,3,92,-0.052605664059863104,-0.2062337602684622,0.09206564462071583,12,False,,0.18950926194498852,False,0.12662880357992065,148,False
medium,256,32,15,1,埚升速度,3,93,-0.05690955017740801,-0.2099734274234236,0.09043916824898934,12,False,,0.18950926194498852,False,0.12662880357992065,148,False
medium,256,32,15,1,埚升速度,3,94,-0.061192469197263115,-0.2129859248493665,0.08728181074485583,12,False,,0.18950926194498852,False,0.12662880357992065,148,False
medium,256,32,15,1,埚升速度,3,95,-0.06594791583713232,-0.2143717809585009,0.08258873959601465,12,False,,0.18950926194498852,False,0.12662880357992065,148,False
medium,256,32,15,1,埚升速度,3,96,-0.06877523191475778,-0.21548009084667277,0.08025113261731029,12,False,,0.18950926194498852,False,0.12662880357992065,148,False
medium,256,32,15,1,埚升速度,3,97,-0.0709312824665073,-0.21584492603661076,0.07770012369826533,12,False,,0.18950926194498852,False,0.12662880357992065,148,False
medium,256,32,15,1,埚升速度,3,98,-0.07291281538309563,-0.21638982098532739,0.07403433848173338,12,False,,0.18950926194498852,False,0.12662880357992065,148,False
medium,256,32,15,1,埚升速度,3,99,-0.07327518185348944,-0.21537577721741905,0.07116243867720952,12,False,,0.18950926194498852,False,0.12662880357992065,148,False
medium,256,32,15,1,埚升速度,3,100,-0.07252150919076081,-0.21322306355140885,0.07225930480994724,12,False,,0.18950926194498852,False,0.12662880357992065,148,False
medium,256,32,15,1,埚升速度,3,101,-0.07273690585830662,-0.21415454140193727,0.07401915271537089,12,False,,0.18950926194498852,False,0.12662880357992065,148,False
medium,256,32,15,1,埚升速度,3,102,-0.07545657196770794,-0.21759708918118298,0.0734301295651411,12,False,,0.18950926194498852,False,0.12662880357992065,148,False
medium,256,32,15,1,埚升速度,3,103,-0.07850437721374959,-0.21924475350488484,0.07319987220153765,12,False,,0.18950926194498852,False,0.12662880357992065,148,False
medium,256,32,15,1,埚升速度,3,104,-0.08143144686807895,-0.22052056229460246,0.07216312096290887,12,False,,0.18950926194498852,False,0.12662880357992065,148,False
medium,256,32,15,1,埚升速度,3,105,-0.08442470566141534,-0.22814930578883322,0.06909458208419032,12,False,,0.18950926194498852,False,0.12662880357992065,148,False
medium,256,32,15,1,埚升速度,3,106,-0.0856024597028838,-0.23275354158704523,0.06760569169753121,12,False,,0.18950926194498852,False,0.12662880357992065,148,False
medium,256,32,15,1,埚升速度,3,107,-0.08559757125997733,-0.2322843223639069,0.06777136748497212,12,False,,0.18950926194498852,False,0.12662880357992065,148,False
medium,256,32,15,1,埚升速度,3,108,-0.08349484146846615,-0.23101225421819055,0.07022512796252346,12,False,,0.18950926194498852,False,0.12662880357992065,148,False
medium,256,32,15,1,埚升速度,3,109,-0.08162127564705308,-0.2300129679208502,0.07249249174094086,12,False,,0.18950926194498852,False,0.12662880357992065,148,False
medium,256,32,15,1,埚升速度,3,110,-0.0796801791660743,-0.22904203756380473,0.0736435418242541,12,False,,0.18950926194498852,False,0.12662880357992065,148,False
medium,256,32,15,1,埚升速度,3,111,-0.07824657477330008,-0.22760198342474422,0.07555750724833446,12,False,,0.18950926194498852,False,0.12662880357992065,148,False
medium,256,32,15,1,埚升速度,3,112,-0.07823553967565076,-0.22775518897693553,0.07422874877712829,12,False,,0.18950926194498852,False,0.12662880357992065,148,False
medium,256,32,15,1,埚升速度,3,113,-0.07819676073077265,-0.22955027857799568,0.07258075248414607,12,False,,0.18950926194498852,False,0.12662880357992065,148,False
medium,256,32,15,1,埚升速度,3,114,-0.07711706305448349,-0.22884880221613033,0.07499817772058542,12,False,,0.18950926194498852,False,0.12662880357992065,148,False
medium,256,32,15,1,埚升速度,3,115,-0.07591642156941665,-0.22476068465672872,0.07748763728379818,12,False,,0.18950926194498852,False,0.12662880357992065,148,False
medium,256,32,15,1,埚升速度,3,116,-0.0754146731335693,-0.22097963702253556,0.07782277196990911,12,False,,0.18950926194498852,False,0.12662880357992065,148,False
medium,256,32,15,1,埚升速度,3,117,-0.07364295953133224,-0.21487375871460979,0.07944814518495234,12,False,,0.18950926194498852,False,0.12662880357992065,148,False
medium,256,32,15,1,埚升速度,3,118,-0.07092081659163163,-0.20720933049549856,0.08081764633800592,12,False,,0.18950926194498852,False,0.12662880357992065,148,False
medium,256,32,15,1,埚升速度,3,119,-0.07013270157712953,-0.20312168653416518,0.07857594916015935,12,False,,0.18950926194498852,False,0.12662880357992065,148,False
medium,256,32,15,1,埚升速度,3,120,-0.07041410262428732,-0.20099632694704947,0.07650475898004717,12,False,,0.18950926194498852,False,0.12662880357992065,148,False
medium,256,32,15,1,埚升速度,3,121,-0.0713544218937492,-0.2012311107842335,0.07394327030678617,12,False,,0.18950926194498852,False,0.12662880357992065,148,False
medium,256,32,15,1,埚升速度,3,122,-0.07222713404590198,-0.20466778494225238,0.07174847215449207,12,False,,0.18950926194498852,False,0.12662880357992065,148,False
medium,256,32,15,1,埚升速度,3,123,-0.0732785379051885,-0.2078203970284057,0.06912295481062139,12,False,,0.18950926194498852,False,0.12662880357992065,148,False
medium,256,32,15,1,埚升速度,3,124,-0.07296619058222747,-0.20885932752764377,0.06744326459434007,12,False,,0.18950926194498852,False,0.12662880357992065,148,False
medium,256,32,15,1,埚升速度,3,125,-0.07096817284974233,-0.20519981518737854,0.06624477985528483,12,False,,0.18950926194498852,False,0.12662880357992065,148,False
medium,256,32,15,1,埚升速度,3,126,-0.069916876485702,-0.20481738619020237,0.063073094723672,12,False,,0.18950926194498852,False,0.12662880357992065,148,False
medium,256,32,15,1,埚升速度,3,127,-0.07011959039625236,-0.2026867973334873,0.061745888385877405,12,False,,0.18950926194498852,False,0.12662880357992065,148,False
medium,256,32,15,1,埚升速度,3,128,-0.0707435499965742,-0.20082490606391556,0.06127507909905754,12,False,,0.18950926194498852,False,0.12662880357992065,148,False
medium,256,32,15,1,埚升速度,3,129,-0.07281069338939172,-0.2022101640497554,0.060184671009255626,12,False,,0.18950926194498852,False,0.12662880357992065,148,False
medium,256,32,15,1,埚升速度,3,130,-0.07526395651854387,-0.20616622781237057,0.05788444518213393,12,False,,0.18950926194498852,False,0.12662880357992065,148,False
medium,256,32,15,1,埚升速度,3,131,-0.07695939006557806,-0.2115382006009808,0.05607730535018338,12,False,,0.18950926194498852,False,0.12662880357992065,148,False
medium,256,32,15,1,埚升速度,3,132,-0.07769750388585102,-0.2171316986368257,0.055006754162713986,12,False,,0.18950926194498852,False,0.12662880357992065,148,False
medium,256,32,15,1,埚升速度,3,133,-0.07888749619730334,-0.22365831884953452,0.053392375407421214,12,False,,0.18950926194498852,False,0.12662880357992065,148,False
medium,256,32,15,1,埚升速度,3,134,-0.07986162142041726,-0.22324139584370115,0.052373525834378015,12,False,,0.18950926194498852,False,0.12662880357992065,148,False
medium,256,32,15,1,埚升速度,3,135,-0.08070890531392706,-0.22340386821714722,0.05298638425553161,12,False,,0.18950926194498852,False,0.12662880357992065,148,False
medium,256,32,15,1,埚升速度,3,136,-0.08161521328393045,-0.2230277548555587,0.05546095463504805,12,False,,0.18950926194498852,False,0.12662880357992065,148,False
medium,256,32,15,1,埚升速度,3,137,-0.08423247663586468,-0.2249971023273186,0.056000161548192685,12,False,,0.18950926194498852,False,0.12662880357992065,148,False
medium,256,32,15,1,埚升速度,3,138,-0.08881939452614158,-0.23114819648728552,0.05364155602177177,12,False,,0.18950926194498852,False,0.12662880357992065,148,False
medium,256,32,15,1,埚升速度,3,139,-0.09451214510512818,-0.24122018542992674,0.049973725593531734,12,False,,0.18950926194498852,False,0.12662880357992065,148,False
medium,256,32,15,1,埚升速度,3,140,-0.10193364353582077,-0.2512642821112661,0.04895016929666127,12,False,,0.18950926194498852,False,0.12662880357992065,148,False
medium,256,32,15,1,埚升速度,3,141,-0.10784718465527274,-0.2592754457537385,0.048181505022817844,12,False,,0.18950926194498852,False,0.12662880357992065,148,False
medium,256,32,15,1,埚升速度,3,142,-0.11203918573713476,-0.263962448907912,0.047295715794615695,12,False,,0.18950926194498852,False,0.12662880357992065,148,False
medium,256,32,15,1,埚升速度,3,143,-0.11458304228381093,-0.26590449092650825,0.047922530465508734,12,False,,0.18950926194498852,False,0.12662880357992065,148,False
medium,256,32,15,1,埚升速度,3,144,-0.11756640169180743,-0.26735373518912053,0.04761494540861741,12,False,,0.18950926194498852,False,0.12662880357992065,148,False
medium,256,32,15,1,埚升速度,3,145,-0.12038531932575336,-0.2682512454842323,0.046625918134533054,12,False,,0.18950926194498852,False,0.12662880357992065,148,False
medium,256,32,15,1,埚升速度,3,146,-0.1222801186151817,-0.2696748941187079,0.04787631200112172,12,False,,0.18950926194498852,False,0.12662880357992065,148,False
medium,256,32,15,1,埚升速度,3,147,-0.12455442760052443,-0.27177553689874684,0.04631343800394816,12,False,,0.18950926194498852,False,0.12662880357992065,148,False
medium,256,32,15,1,埚升速度,3,148,-0.12662880357992065,-0.27083351689487756,0.0451663484432444,12,False,,0.18950926194498852,True,0.12662880357992065,148,False
medium,256,32,15,1,埚升速度,3,149,-0.12597963715179647,-0.26785923116599425,0.04833212520524656,12,False,,0.18950926194498852,False,0.12662880357992065,148,False
medium,256,32,15,1,埚升速度,3,150,-0.1241160192942525,-0.2682941126262149,0.05281571516758996,12,False,,0.18950926194498852,False,0.12662880357992065,148,False
medium,256,32,15,1,埚转速度,4,0,-0.001074217549997577,-0.0416541722791732,0.030240507392275448,12,False,147:148,0.07723724839417166,False,0.041156834496479985,148,True
medium,256,32,15,1,埚转速度,4,1,0.006124255812067847,-0.030147212725758512,0.039953680315886655,12,False,147:148,0.07723724839417166,False,0.041156834496479985,148,True
medium,256,32,15,1,埚转速度,4,2,0.008656745076761955,-0.02957463182951138,0.046245928112204744,12,False,147:148,0.07723724839417166,False,0.041156834496479985,148,True
medium,256,32,15,1,埚转速度,4,3,0.011400645473693962,-0.030984624925957122,0.049139103826987364,12,False,147:148,0.07723724839417166,False,0.041156834496479985,148,True
medium,256,32,15,1,埚转速度,4,4,0.01575585621630775,-0.02982608580767191,0.053463272687602106,12,False,147:148,0.07723724839417166,False,0.041156834496479985,148,True
medium,256,32,15,1,埚转速度,4,5,0.018439745625298272,-0.019530406170536942,0.05735027856046543,12,False,147:148,0.07723724839417166,False,0.041156834496479985,148,True
medium,256,32,15,1,埚转速度,4,6,0.021240424653276687,-0.026018067037724874,0.051284863596596265,12,False,147:148,0.07723724839417166,False,0.041156834496479985,148,True
medium,256,32,15,1,埚转速度,4,7,0.014304567239891477,-0.025149728647588784,0.05147305710974581,12,False,147:148,0.07723724839417166,False,0.041156834496479985,148,True
medium,256,32,15,1,埚转速度,4,8,0.016670378825812116,-0.026951906126764666,0.05501290150403418,12,False,147:148,0.07723724839417166,False,0.041156834496479985,148,True
medium,256,32,15,1,埚转速度,4,9,0.01970299473609062,-0.017520484872915174,0.05090708706718439,12,False,147:148,0.07723724839417166,False,0.041156834496479985,148,True
medium,256,32,15,1,埚转速度,4,10,0.011024024224264472,-0.03883128378395025,0.0411839813441197,12,False,147:148,0.07723724839417166,False,0.041156834496479985,148,True
medium,256,32,15,1,埚转速度,4,11,-0.002177141076514291,-0.042718465220945516,0.033851161922983625,12,False,147:148,0.07723724839417166,False,0.041156834496479985,148,True
medium,256,32,15,1,埚转速度,4,12,0.008106744473202834,-0.0299362176126223,0.043866231430998055,12,False,147:148,0.07723724839417166,False,0.041156834496479985,148,True
medium,256,32,15,1,埚转速度,4,13,0.0020300625989321942,-0.037941166169412434,0.0390795548634447,12,False,147:148,0.07723724839417166,False,0.041156834496479985,148,True
medium,256,32,15,1,埚转速度,4,14,-0.009192493151500433,-0.05250765080543363,0.032377880685178086,12,False,147:148,0.07723724839417166,False,0.041156834496479985,148,True
medium,256,32,15,1,埚转速度,4,15,-0.011012405016249959,-0.047748578411512546,0.032540542968002815,12,False,147:148,0.07723724839417166,False,0.041156834496479985,148,True
medium,256,32,15,1,埚转速度,4,16,-0.009299315958271588,-0.05252647135123386,0.029188712838353097,12,False,147:148,0.07723724839417166,False,0.041156834496479985,148,True
medium,256,32,15,1,埚转速度,4,17,-0.004809009444947272,-0.05056731868358832,0.04645382665202481,12,False,147:148,0.07723724839417166,False,0.041156834496479985,148,True
medium,256,32,15,1,埚转速度,4,18,-0.0014533229698998535,-0.04373786942071022,0.042497980355954854,12,False,147:148,0.07723724839417166,False,0.041156834496479985,148,True
medium,256,32,15,1,埚转速度,4,19,0.006204544654653968,-0.03662608754310557,0.0527405073803768,12,False,147:148,0.07723724839417166,False,0.041156834496479985,148,True
medium,256,32,15,1,埚转速度,4,20,0.0113398586698534,-0.027678471991863653,0.055017313850427706,12,False,147:148,0.07723724839417166,False,0.041156834496479985,148,True
medium,256,32,15,1,埚转速度,4,21,0.004881049670449478,-0.04257019557000075,0.04818107796200554,12,False,147:148,0.07723724839417166,False,0.041156834496479985,148,True
medium,256,32,15,1,埚转速度,4,22,0.001820394322333245,-0.04799772439917331,0.044909988435573034,12,False,147:148,0.07723724839417166,False,0.041156834496479985,148,True
medium,256,32,15,1,埚转速度,4,23,-0.000985494265720485,-0.04073101952856597,0.040296091916932876,12,False,147:148,0.07723724839417166,False,0.041156834496479985,148,True
medium,256,32,15,1,埚转速度,4,24,-0.004273493354953648,-0.03732731590869043,0.03156639219276717,12,False,147:148,0.07723724839417166,False,0.041156834496479985,148,True
medium,256,32,15,1,埚转速度,4,25,-0.009737600615459705,-0.04461101341548145,0.024685683360217172,12,False,147:148,0.07723724839417166,False,0.041156834496479985,148,True
medium,256,32,15,1,埚转速度,4,26,-0.0015224716335493272,-0.039833299849526244,0.03125428078572411,12,False,147:148,0.07723724839417166,False,0.041156834496479985,148,True
medium,256,32,15,1,埚转速度,4,27,0.0016362485462760009,-0.036746622889420245,0.043245441415736344,12,False,147:148,0.07723724839417166,False,0.041156834496479985,148,True
medium,256,32,15,1,埚转速度,4,28,0.003692819147298933,-0.04018735684865674,0.04771541599464837,12,False,147:148,0.07723724839417166,False,0.041156834496479985,148,True
medium,256,32,15,1,埚转速度,4,29,0.003761871998299611,-0.03807412268192149,0.04597715255330563,12,False,147:148,0.07723724839417166,False,0.041156834496479985,148,True
medium,256,32,15,1,埚转速度,4,30,0.011079762369482911,-0.03122226804375205,0.05038213669551863,12,False,147:148,0.07723724839417166,False,0.041156834496479985,148,True
medium,256,32,15,1,埚转速度,4,31,0.0049321008074676344,-0.04030080871868978,0.040886531394795526,12,False,147:148,0.07723724839417166,False,0.041156834496479985,148,True
medium,256,32,15,1,埚转速度,4,32,-0.0034560970629972767,-0.0518489972868599,0.03478100763517586,12,False,147:148,0.07723724839417166,False,0.041156834496479985,148,True
medium,256,32,15,1,埚转速度,4,33,-0.0065027137296268306,-0.052993526649197126,0.03288337456083805,12,False,147:148,0.07723724839417166,False,0.041156834496479985,148,True
medium,256,32,15,1,埚转速度,4,34,-0.009377741936068622,-0.056538494462388414,0.03195595973255434,12,False,147:148,0.07723724839417166,False,0.041156834496479985,148,True
medium,256,32,15,1,埚转速度,4,35,-0.021065654654874325,-0.06238584174773973,0.01451339799475186,12,False,147:148,0.07723724839417166,False,0.041156834496479985,148,True
medium,256,32,15,1,埚转速度,4,36,-0.018675903731803566,-0.06101219584208683,0.02240500588654993,12,False,147:148,0.07723724839417166,False,0.041156834496479985,148,True
medium,256,32,15,1,埚转速度,4,37,-0.014436364043051457,-0.05555912060652331,0.02156078688270199,12,False,147:148,0.07723724839417166,False,0.041156834496479985,148,True
medium,256,32,15,1,埚转速度,4,38,-0.016184968731165764,-0.05047599419552999,0.021767217518981696,12,False,147:148,0.07723724839417166,False,0.041156834496479985,148,True
medium,256,32,15,1,埚转速度,4,39,-0.032106033579396794,-0.07203405502771082,0.00761308036517937,12,False,147:148,0.07723724839417166,False,0.041156834496479985,148,True
medium,256,32,15,1,埚转速度,4,40,-0.02168829658232239,-0.06623158359800836,0.023676654685010876,12,False,147:148,0.07723724839417166,False,0.041156834496479985,148,True
medium,256,32,15,1,埚转速度,4,41,-0.019170143282529972,-0.070295537238748,0.02296599928957962,12,False,147:148,0.07723724839417166,False,0.041156834496479985,148,True
medium,256,32,15,1,埚转速度,4,42,-0.023604446500675554,-0.06920694010753081,0.022171288254354788,12,False,147:148,0.07723724839417166,False,0.041156834496479985,148,True
medium,256,32,15,1,埚转速度,4,43,-0.030925879741705638,-0.07397052732247567,0.011019519419114823,12,False,147:148,0.07723724839417166,False,0.041156834496479985,148,True
medium,256,32,15,1,埚转速度,4,44,-0.016227055349383884,-0.06514845039684375,0.03087563716323297,12,False,147:148,0.07723724839417166,False,0.041156834496479985,148,True
medium,256,32,15,1,埚转速度,4,45,-0.015976518583785307,-0.06327925754698918,0.031622352845869575,12,False,147:148,0.07723724839417166,False,0.041156834496479985,148,True
medium,256,32,15,1,埚转速度,4,46,-0.016965177880591476,-0.06586953538992586,0.031686418714136626,12,False,147:148,0.07723724839417166,False,0.041156834496479985,148,True
medium,256,32,15,1,埚转速度,4,47,-0.016216940558329968,-0.06533533716740521,0.03190663187971542,12,False,147:148,0.07723724839417166,False,0.041156834496479985,148,True
medium,256,32,15,1,埚转速度,4,48,-0.022696888398070682,-0.07999912484564241,0.030245012452034762,12,False,147:148,0.07723724839417166,False,0.041156834496479985,148,True
medium,256,32,15,1,埚转速度,4,49,-0.027217827831836384,-0.07417536623486029,0.01907548433258504,12,False,147:148,0.07723724839417166,False,0.041156834496479985,148,True
medium,256,32,15,1,埚转速度,4,50,-0.029329964240517554,-0.07255524584068018,0.007913220639666707,12,False,147:148,0.07723724839417166,False,0.041156834496479985,148,True
medium,256,32,15,1,埚转速度,4,51,-0.024300516099278652,-0.07028904087069072,0.014881776824073628,12,False,147:148,0.07723724839417166,False,0.041156834496479985,148,True
medium,256,32,15,1,埚转速度,4,52,-0.01774545429865105,-0.06394339503782263,0.023927244689828917,12,False,147:148,0.07723724839417166,False,0.041156834496479985,148,True
medium,256,32,15,1,埚转速度,4,53,-0.01562342720025474,-0.06009437442102189,0.024089067116825267,12,False,147:148,0.07723724839417166,False,0.041156834496479985,148,True
medium,256,32,15,1,埚转速度,4,54,-0.004570051119206737,-0.04712754760549796,0.030150500809952928,12,False,147:148,0.07723724839417166,False,0.041156834496479985,148,True
medium,256,32,15,1,埚转速度,4,55,0.005362651663881661,-0.037975848818088805,0.038954662047127935,12,False,147:148,0.07723724839417166,False,0.041156834496479985,148,True
medium,256,32,15,1,埚转速度,4,56,2.6463805648130244e-05,-0.035481151780398325,0.040637033825593874,12,False,147:148,0.07723724839417166,False,0.041156834496479985,148,True
medium,256,32,15,1,埚转速度,4,57,0.0017510570750138455,-0.03719974326837064,0.03795634366861673,12,False,147:148,0.07723724839417166,False,0.041156834496479985,148,True
medium,256,32,15,1,埚转速度,4,58,0.005808405211518236,-0.03438347486239396,0.0430473425338242,12,False,147:148,0.07723724839417166,False,0.041156834496479985,148,True
medium,256,32,15,1,埚转速度,4,59,-0.0021780662415694704,-0.0433874362907554,0.034430595092708856,12,False,147:148,0.07723724839417166,False,0.041156834496479985,148,True
medium,256,32,15,1,埚转速度,4,60,-0.013837018448612822,-0.05114036390153882,0.02898810696250173,12,False,147:148,0.07723724839417166,False,0.041156834496479985,148,True
medium,256,32,15,1,埚转速度,4,61,-0.014026491938869748,-0.055035987309225584,0.03465567998943646,12,False,147:148,0.07723724839417166,False,0.041156834496479985,148,True
medium,256,32,15,1,埚转速度,4,62,-0.0010030005947696148,-0.0421733189359326,0.04528497913746191,12,False,147:148,0.07723724839417166,False,0.041156834496479985,148,True
medium,256,32,15,1,埚转速度,4,63,-0.0020510328286540373,-0.04156358438634208,0.0501155486811457,12,False,147:148,0.07723724839417166,False,0.041156834496479985,148,True
medium,256,32,15,1,埚转速度,4,64,-0.005716045521134015,-0.04738912007467139,0.04246592446192909,12,False,147:148,0.07723724839417166,False,0.041156834496479985,148,True
medium,256,32,15,1,埚转速度,4,65,0.0014582738019030027,-0.04101716843990444,0.04699618608543642,12,False,147:148,0.07723724839417166,False,0.041156834496479985,148,True
medium,256,32,15,1,埚转速度,4,66,-0.0034933403366692356,-0.04531520518858167,0.03931043688339702,12,False,147:148,0.07723724839417166,False,0.041156834496479985,148,True
medium,256,32,15,1,埚转速度,4,67,-0.014671658196513703,-0.061588661999161236,0.027277633289517374,12,False,147:148,0.07723724839417166,False,0.041156834496479985,148,True
medium,256,32,15,1,埚转速度,4,68,-0.008963003612880039,-0.05859695840940599,0.031715098648225803,12,False,147:148,0.07723724839417166,False,0.041156834496479985,148,True
medium,256,32,15,1,埚转速度,4,69,0.0008868473602167392,-0.035472553842534685,0.042872297635030705,12,False,147:148,0.07723724839417166,False,0.041156834496479985,148,True
medium,256,32,15,1,埚转速度,4,70,-0.011562186283418404,-0.049779650566835656,0.02574167658865319,12,False,147:148,0.07723724839417166,False,0.041156834496479985,148,True
medium,256,32,15,1,埚转速度,4,71,-0.010471344516979765,-0.058710099743205485,0.03360199122649497,12,False,147:148,0.07723724839417166,False,0.041156834496479985,148,True
medium,256,32,15,1,埚转速度,4,72,-0.013369205431523333,-0.05721666585999535,0.028990787233744493,12,False,147:148,0.07723724839417166,False,0.041156834496479985,148,True
medium,256,32,15,1,埚转速度,4,73,-0.027093617661354066,-0.07613460503215264,0.02017344314559614,12,False,147:148,0.07723724839417166,False,0.041156834496479985,148,True
medium,256,32,15,1,埚转速度,4,74,-0.04021965187322124,-0.08194849982759839,0.007843374547061945,12,False,147:148,0.07723724839417166,False,0.041156834496479985,148,True
medium,256,32,15,1,埚转速度,4,75,-0.039435118306449336,-0.07852251903441096,0.006692550147909458,12,False,147:148,0.07723724839417166,False,0.041156834496479985,148,True
medium,256,32,15,1,埚转速度,4,76,-0.03131963930934662,-0.07776501846551473,0.012054539212755372,12,False,147:148,0.07723724839417166,False,0.041156834496479985,148,True
medium,256,32,15,1,埚转速度,4,77,-0.035535557925194014,-0.07426049743074366,0.013162591137577045,12,False,147:148,0.07723724839417166,False,0.041156834496479985,148,True
medium,256,32,15,1,埚转速度,4,78,-0.023433002879052395,-0.06349384912169007,0.021434651633808192,12,False,147:148,0.07723724839417166,False,0.041156834496479985,148,True
medium,256,32,15,1,埚转速度,4,79,-0.0057811730413247,-0.04867982389582067,0.030582740160711185,12,False,147:148,0.07723724839417166,False,0.041156834496479985,148,True
medium,256,32,15,1,埚转速度,4,80,-0.0069290948380490045,-0.04414277357859523,0.02841239779725512,12,False,147:148,0.07723724839417166,False,0.041156834496479985,148,True
medium,256,32,15,1,埚转速度,4,81,-0.011828034192777573,-0.04825176965204268,0.028850927996258217,12,False,147:148,0.07723724839417166,False,0.041156834496479985,148,True
medium,256,32,15,1,埚转速度,4,82,-0.005323080667644578,-0.04112185759282929,0.03255289039172152,12,False,147:148,0.07723724839417166,False,0.041156834496479985,148,True
medium,256,32,15,1,埚转速度,4,83,-0.008837293854325893,-0.05205408726235784,0.030169488098224534,12,False,147:148,0.07723724839417166,False,0.041156834496479985,148,True
medium,256,32,15,1,埚转速度,4,84,-0.025865847044201487,-0.0706524389623868,0.013511656876761924,12,False,147:148,0.07723724839417166,False,0.041156834496479985,148,True
medium,256,32,15,1,埚转速度,4,85,-0.0254938651351351,-0.0625434677855257,0.011541821739463918,12,False,147:148,0.07723724839417166,False,0.041156834496479985,148,True
medium,256,32,15,1,埚转速度,4,86,-0.024092109867707653,-0.06202731926828521,0.013093193372784254,12,False,147:148,0.07723724839417166,False,0.041156834496479985,148,True
medium,256,32,15,1,埚转速度,4,87,-0.024677271012477228,-0.05946264294260455,0.02112810501648663,12,False,147:148,0.07723724839417166,False,0.041156834496479985,148,True
medium,256,32,15,1,埚转速度,4,88,-0.018331082465071143,-0.05514431587751657,0.02556357075579223,12,False,147:148,0.07723724839417166,False,0.041156834496479985,148,True
medium,256,32,15,1,埚转速度,4,89,-0.006607702008144244,-0.04498537083075617,0.03472446489191583,12,False,147:148,0.07723724839417166,False,0.041156834496479985,148,True
medium,256,32,15,1,埚转速度,4,90,0.005525366965904978,-0.029891056575872425,0.04439257056194103,12,False,147:148,0.07723724839417166,False,0.041156834496479985,148,True
medium,256,32,15,1,埚转速度,4,91,-0.0013379899815179304,-0.03557996098689263,0.03568913148984477,12,False,147:148,0.07723724839417166,False,0.041156834496479985,148,True
medium,256,32,15,1,埚转速度,4,92,-0.009178110716791824,-0.04420784955135887,0.035031718374062396,12,False,147:148,0.07723724839417166,False,0.041156834496479985,148,True
medium,256,32,15,1,埚转速度,4,93,-0.012804097924457063,-0.04311006220263979,0.033583809795382405,12,False,147:148,0.07723724839417166,False,0.041156834496479985,148,True
medium,256,32,15,1,埚转速度,4,94,-0.022093114111592236,-0.05434828806795873,0.0230876610584499,12,False,147:148,0.07723724839417166,False,0.041156834496479985,148,True
medium,256,32,15,1,埚转速度,4,95,-0.022215860177287203,-0.05442088380187109,0.02463550118882372,12,False,147:148,0.07723724839417166,False,0.041156834496479985,148,True
medium,256,32,15,1,埚转速度,4,96,-0.010547827713873319,-0.046957420543427414,0.030552726293578136,12,False,147:148,0.07723724839417166,False,0.041156834496479985,148,True
medium,256,32,15,1,埚转速度,4,97,-0.014046718165681845,-0.04963040344079129,0.028337025711076297,12,False,147:148,0.07723724839417166,False,0.041156834496479985,148,True
medium,256,32,15,1,埚转速度,4,98,-0.012401891170010266,-0.04751777000605316,0.0234942202845593,12,False,147:148,0.07723724839417166,False,0.041156834496479985,148,True
medium,256,32,15,1,埚转速度,4,99,-0.0166774912996086,-0.051869176620805965,0.0208435151871819,12,False,147:148,0.07723724839417166,False,0.041156834496479985,148,True
medium,256,32,15,1,埚转速度,4,100,-0.010813102209851945,-0.048284220405761566,0.023944960723174535,12,False,147:148,0.07723724839417166,False,0.041156834496479985,148,True
medium,256,32,15,1,埚转速度,4,101,-0.015680942691209607,-0.054649170848916455,0.021164830918715478,12,False,147:148,0.07723724839417166,False,0.041156834496479985,148,True
medium,256,32,15,1,埚转速度,4,102,-0.02490801940591558,-0.06417375727913624,0.010042044830301234,12,False,147:148,0.07723724839417166,False,0.041156834496479985,148,True
medium,256,32,15,1,埚转速度,4,103,-0.014493226908611434,-0.04840527282844529,0.020237100207375725,12,False,147:148,0.07723724839417166,False,0.041156834496479985,148,True
medium,256,32,15,1,埚转速度,4,104,-0.0075317417331930096,-0.04485069409463018,0.02776414633223789,12,False,147:148,0.07723724839417166,False,0.041156834496479985,148,True
medium,256,32,15,1,埚转速度,4,105,-0.01123003832959367,-0.04778025311890145,0.023841494891182445,12,False,147:148,0.07723724839417166,False,0.041156834496479985,148,True
medium,256,32,15,1,埚转速度,4,106,-0.015124548104222894,-0.05075740268481031,0.021778836309159874,12,False,147:148,0.07723724839417166,False,0.041156834496479985,148,True
medium,256,32,15,1,埚转速度,4,107,-0.007675525577197746,-0.04979422072103002,0.029821291191475696,12,False,147:148,0.07723724839417166,False,0.041156834496479985,148,True
medium,256,32,15,1,埚转速度,4,108,-0.005161289219833432,-0.04181360001496087,0.029064652182535348,12,False,147:148,0.07723724839417166,False,0.041156834496479985,148,True
medium,256,32,15,1,埚转速度,4,109,-0.011696519935169883,-0.04742901447618127,0.012622086338215831,12,False,147:148,0.07723724839417166,False,0.041156834496479985,148,True
medium,256,32,15,1,埚转速度,4,110,-0.008166277538368837,-0.03949046411240679,0.024751734729031027,12,False,147:148,0.07723724839417166,False,0.041156834496479985,148,True
medium,256,32,15,1,埚转速度,4,111,-0.01173527236879239,-0.04804343284754227,0.020668869177091986,12,False,147:148,0.07723724839417166,False,0.041156834496479985,148,True
medium,256,32,15,1,埚转速度,4,112,-0.01580213930351408,-0.04988020477597572,0.02280200273935534,12,False,147:148,0.07723724839417166,False,0.041156834496479985,148,True
medium,256,32,15,1,埚转速度,4,113,-0.011008609823792597,-0.04796905198294878,0.023519616321074167,12,False,147:148,0.07723724839417166,False,0.041156834496479985,148,True
medium,256,32,15,1,埚转速度,4,114,0.006734241082015906,-0.024204959823105835,0.03640020310296396,12,False,147:148,0.07723724839417166,False,0.041156834496479985,148,True
medium,256,32,15,1,埚转速度,4,115,0.0088300700372376,-0.032397792075656476,0.04345917159285661,12,False,147:148,0.07723724839417166,False,0.041156834496479985,148,True
medium,256,32,15,1,埚转速度,4,116,0.008867897086890732,-0.03772201280566759,0.04926563829573055,12,False,147:148,0.07723724839417166,False,0.041156834496479985,148,True
medium,256,32,15,1,埚转速度,4,117,0.01594978204399869,-0.02596160721473036,0.056965706569525,12,False,147:148,0.07723724839417166,False,0.041156834496479985,148,True
medium,256,32,15,1,埚转速度,4,118,0.01453124343498713,-0.02447330305336495,0.05986291953223347,12,False,147:148,0.07723724839417166,False,0.041156834496479985,148,True
medium,256,32,15,1,埚转速度,4,119,-0.0016574869261066043,-0.03564789056570309,0.04004394347354745,12,False,147:148,0.07723724839417166,False,0.041156834496479985,148,True
medium,256,32,15,1,埚转速度,4,120,-0.0085174042879577,-0.04414567062655571,0.03858244166928883,12,False,147:148,0.07723724839417166,False,0.041156834496479985,148,True
medium,256,32,15,1,埚转速度,4,121,0.0036160620522670845,-0.03401962520462665,0.041131190776885,12,False,147:148,0.07723724839417166,False,0.041156834496479985,148,True
medium,256,32,15,1,埚转速度,4,122,0.00385565091997395,-0.03724228663742333,0.042479390741334916,12,False,147:148,0.07723724839417166,False,0.041156834496479985,148,True
medium,256,32,15,1,埚转速度,4,123,0.0018618415667971413,-0.033487809788140976,0.0364822603557816,12,False,147:148,0.07723724839417166,False,0.041156834496479985,148,True
medium,256,32,15,1,埚转速度,4,124,0.0064984513020586955,-0.03110598535469877,0.04126729312805924,12,False,147:148,0.07723724839417166,False,0.041156834496479985,148,True
medium,256,32,15,1,埚转速度,4,125,0.007941787188548814,-0.03200183794385908,0.0429669975258751,12,False,147:148,0.07723724839417166,False,0.041156834496479985,148,True
medium,256,32,15,1,埚转速度,4,126,0.0013863116745088,-0.043236056143723424,0.02995525690694247,12,False,147:148,0.07723724839417166,False,0.041156834496479985,148,True
medium,256,32,15,1,埚转速度,4,127,0.005209750087261014,-0.044501538652648186,0.03828887787812592,12,False,147:148,0.07723724839417166,False,0.041156834496479985,148,True
medium,256,32,15,1,埚转速度,4,128,0.004608643359782592,-0.041747380629544084,0.03877228080768715,12,False,147:148,0.07723724839417166,False,0.041156834496479985,148,True
medium,256,32,15,1,埚转速度,4,129,-0.0052557275397587325,-0.04093807763120962,0.03502523344696746,12,False,147:148,0.07723724839417166,False,0.041156834496479985,148,True
medium,256,32,15,1,埚转速度,4,130,-0.019214955690766884,-0.06322671353185629,0.016169223216596078,12,False,147:148,0.07723724839417166,False,0.041156834496479985,148,True
medium,256,32,15,1,埚转速度,4,131,-0.013428869974705115,-0.07001488555802471,0.029702875460474624,12,False,147:148,0.07723724839417166,False,0.041156834496479985,148,True
medium,256,32,15,1,埚转速度,4,132,-0.009252661121606356,-0.06394794331139335,0.03276506952893402,12,False,147:148,0.07723724839417166,False,0.041156834496479985,148,True
medium,256,32,15,1,埚转速度,4,133,-0.015526454063971786,-0.05566856250575699,0.019225034858690843,12,False,147:148,0.07723724839417166,False,0.041156834496479985,148,True
medium,256,32,15,1,埚转速度,4,134,-0.016719217433701104,-0.061534126872777636,0.018637020508975168,12,False,147:148,0.07723724839417166,False,0.041156834496479985,148,True
medium,256,32,15,1,埚转速度,4,135,-0.011924962867407803,-0.05415119168718045,0.0258281618055624,12,False,147:148,0.07723724839417166,False,0.041156834496479985,148,True
medium,256,32,15,1,埚转速度,4,136,-0.024798252907579768,-0.06718731694029152,0.01866032726026651,12,False,147:148,0.07723724839417166,False,0.041156834496479985,148,True
medium,256,32,15,1,埚转速度,4,137,-0.03110224276445024,-0.08474341663394787,0.009459144933330669,12,False,147:148,0.07723724839417166,False,0.041156834496479985,148,True
medium,256,32,15,1,埚转速度,4,138,-0.027361586255201888,-0.07902250288111046,0.008658050324302226,12,False,147:148,0.07723724839417166,False,0.041156834496479985,148,True
medium,256,32,15,1,埚转速度,4,139,-0.019085890260001886,-0.061377492364806,0.01894939021483034,12,False,147:148,0.07723724839417166,False,0.041156834496479985,148,True
medium,256,32,15,1,埚转速度,4,140,-0.027546594040749512,-0.06947437508694643,0.007475173033445128,12,False,147:148,0.07723724839417166,False,0.041156834496479985,148,True
medium,256,32,15,1,埚转速度,4,141,-0.02310766869095775,-0.06825877836727762,0.014171196954098964,12,False,147:148,0.07723724839417166,False,0.041156834496479985,148,True
medium,256,32,15,1,埚转速度,4,142,-0.01944397532158102,-0.06277121826481281,0.012807103342218787,12,False,147:148,0.07723724839417166,False,0.041156834496479985,148,True
medium,256,32,15,1,埚转速度,4,143,-0.02620133852464263,-0.06456596413129158,0.005894580669491112,12,False,147:148,0.07723724839417166,False,0.041156834496479985,148,True
medium,256,32,15,1,埚转速度,4,144,-0.035299807274998006,-0.07253619698583898,0.009816566614310332,12,False,147:148,0.07723724839417166,False,0.041156834496479985,148,True
medium,256,32,15,1,埚转速度,4,145,-0.028528265357329222,-0.06822056389812023,0.011852079370279317,12,False,147:148,0.07723724839417166,False,0.041156834496479985,148,True
medium,256,32,15,1,埚转速度,4,146,-0.0309966013065201,-0.05943235451286773,0.008450097574141733,12,False,147:148,0.07723724839417166,False,0.041156834496479985,148,True
medium,256,32,15,1,埚转速度,4,147,-0.04029572218499002,-0.07830253962464015,-0.003385675184954125,12,True,147:148,0.07723724839417166,False,0.041156834496479985,148,True
medium,256,32,15,1,埚转速度,4,148,-0.041156834496479985,-0.07906912030504358,-0.0031083055355117864,12,True,147:148,0.07723724839417166,True,0.041156834496479985,148,True
medium,256,32,15,1,埚转速度,4,149,-0.027011379764662696,-0.06567150483770483,0.01747855187901054,12,False,147:148,0.07723724839417166,False,0.041156834496479985,148,True
medium,256,32,15,1,埚转速度,4,150,-0.028542975060056115,-0.07189326000609061,0.014660881227317454,12,False,147:148,0.07723724839417166,False,0.041156834496479985,148,True
medium,256,32,15,2,主加热功率,0,0,-0.19652505103753945,-0.3056750307522195,-0.09236903081517128,12,True,0:150,0.16598516798323656,False,0.2789672260438906,26,True
medium,256,32,15,2,主加热功率,0,1,-0.1956163801812695,-0.3048277996920243,-0.08939061940095662,12,True,0:150,0.16598516798323656,False,0.2789672260438906,26,True
medium,256,32,15,2,主加热功率,0,2,-0.19416078699921638,-0.3009712975530445,-0.08349679947672374,12,True,0:150,0.16598516798323656,False,0.2789672260438906,26,True
medium,256,32,15,2,主加热功率,0,3,-0.19247471373547284,-0.3048884157053009,-0.07865013274838606,12,True,0:150,0.16598516798323656,False,0.2789672260438906,26,True
medium,256,32,15,2,主加热功率,0,4,-0.1925835727615893,-0.30721231983509967,-0.08036090586645352,12,True,0:150,0.16598516798323656,False,0.2789672260438906,26,True
medium,256,32,15,2,主加热功率,0,5,-0.19670149961874642,-0.3111489909265219,-0.08899968438886577,12,True,0:150,0.16598516798323656,False,0.2789672260438906,26,True
medium,256,32,15,2,主加热功率,0,6,-0.20422090089858247,-0.31484147472356505,-0.09835734270609325,12,True,0:150,0.16598516798323656,False,0.2789672260438906,26,True
medium,256,32,15,2,主加热功率,0,7,-0.2088783230598976,-0.316291278172611,-0.09929052120078065,12,True,0:150,0.16598516798323656,False,0.2789672260438906,26,True
medium,256,32,15,2,主加热功率,0,8,-0.20863578111112416,-0.3140350470233586,-0.09634425422601867,12,True,0:150,0.16598516798323656,False,0.2789672260438906,26,True
medium,256,32,15,2,主加热功率,0,9,-0.20057673388071404,-0.3051612256637404,-0.08077488999162669,12,True,0:150,0.16598516798323656,False,0.2789672260438906,26,True
medium,256,32,15,2,主加热功率,0,10,-0.195978651287612,-0.3026573791999798,-0.07920898126553214,12,True,0:150,0.16598516798323656,False,0.2789672260438906,26,True
medium,256,32,15,2,主加热功率,0,11,-0.19921837539615364,-0.30750083658371175,-0.08946030418670753,12,True,0:150,0.16598516798323656,False,0.2789672260438906,26,True
medium,256,32,15,2,主加热功率,0,12,-0.20671973952217784,-0.3150373961231462,-0.09448926179290836,12,True,0:150,0.16598516798323656,False,0.2789672260438906,26,True
medium,256,32,15,2,主加热功率,0,13,-0.21445886441765222,-0.32171322126626567,-0.09594648893172314,12,True,0:150,0.16598516798323656,False,0.2789672260438906,26,True
medium,256,32,15,2,主加热功率,0,14,-0.22166537507098769,-0.3248687336863675,-0.10354900266130274,12,True,0:150,0.16598516798323656,False,0.2789672260438906,26,True
medium,256,32,15,2,主加热功率,0,15,-0.23047815028372468,-0.3335746578689769,-0.11582664408662811,12,True,0:150,0.16598516798323656,False,0.2789672260438906,26,True
medium,256,32,15,2,主加热功率,0,16,-0.2399003384080783,-0.3425454952502109,-0.1285855492140977,12,True,0:150,0.16598516798323656,False,0.2789672260438906,26,True
medium,256,32,15,2,主加热功率,0,17,-0.25072442285710594,-0.35356604565804944,-0.1427338203744373,12,True,0:150,0.16598516798323656,False,0.2789672260438906,26,True
medium,256,32,15,2,主加热功率,0,18,-0.2628621481513129,-0.3662436665440354,-0.15750765173271464,12,True,0:150,0.16598516798323656,False,0.2789672260438906,26,True
medium,256,32,15,2,主加热功率,0,19,-0.2684093513847923,-0.37439473062792833,-0.16216019320582462,12,True,0:150,0.16598516798323656,False,0.2789672260438906,26,True
medium,256,32,15,2,主加热功率,0,20,-0.27116798569615896,-0.3747974195909299,-0.1636892501185257,12,True,0:150,0.16598516798323656,False,0.2789672260438906,26,True
medium,256,32,15,2,主加热功率,0,21,-0.27339132569087937,-0.3714290308042505,-0.16776296168404098,12,True,0:150,0.16598516798323656,False,0.2789672260438906,26,True
medium,256,32,15,2,主加热功率,0,22,-0.2747622549665027,-0.37893622453670545,-0.17249957902677987,12,True,0:150,0.16598516798323656,False,0.2789672260438906,26,True
medium,256,32,15,2,主加热功率,0,23,-0.2739381898941377,-0.3867222275884382,-0.17104245180264888,12,True,0:150,0.16598516798323656,False,0.2789672260438906,26,True
medium,256,32,15,2,主加热功率,0,24,-0.2757083296798524,-0.384864028736694,-0.17299696374645127,12,True,0:150,0.16598516798323656,False,0.2789672260438906,26,True
medium,256,32,15,2,主加热功率,0,25,-0.2779820968404035,-0.37939876983647575,-0.17011802210728058,12,True,0:150,0.16598516798323656,False,0.2789672260438906,26,True
medium,256,32,15,2,主加热功率,0,26,-0.2789672260438906,-0.378466961406117,-0.16968133580715697,12,True,0:150,0.16598516798323656,True,0.2789672260438906,26,True
medium,256,32,15,2,主加热功率,0,27,-0.27765919521102095,-0.3756894891045294,-0.16679167049869195,12,True,0:150,0.16598516798323656,False,0.2789672260438906,26,True
medium,256,32,15,2,主加热功率,0,28,-0.27825315474499623,-0.3812432595329013,-0.1657707320524073,12,True,0:150,0.16598516798323656,False,0.2789672260438906,26,True
medium,256,32,15,2,主加热功率,0,29,-0.2768483511717019,-0.38255668818449956,-0.1623097508266107,12,True,0:150,0.16598516798323656,False,0.2789672260438906,26,True
medium,256,32,15,2,主加热功率,0,30,-0.2731012101168069,-0.3804755490674308,-0.1594040946900072,12,True,0:150,0.16598516798323656,False,0.2789672260438906,26,True
medium,256,32,15,2,主加热功率,0,31,-0.2675095251466337,-0.37783372883951666,-0.15389553477577206,12,True,0:150,0.16598516798323656,False,0.2789672260438906,26,True
medium,256,32,15,2,主加热功率,0,32,-0.2601369655101593,-0.3736002873197305,-0.1484503347702864,12,True,0:150,0.16598516798323656,False,0.2789672260438906,26,True
medium,256,32,15,2,主加热功率,0,33,-0.251300057245101,-0.3672766535856332,-0.14261026952612357,12,True,0:150,0.16598516798323656,False,0.2789672260438906,26,True
medium,256,32,15,2,主加热功率,0,34,-0.2430685922708968,-0.36527857920850504,-0.13517188767114083,12,True,0:150,0.16598516798323656,False,0.2789672260438906,26,True
medium,256,32,15,2,主加热功率,0,35,-0.23540980271659595,-0.35971770199821695,-0.12814626701354,12,True,0:150,0.16598516798323656,False,0.2789672260438906,26,True
medium,256,32,15,2,主加热功率,0,36,-0.2274003432834955,-0.3496877698779074,-0.11806350135627952,12,True,0:150,0.16598516798323656,False,0.2789672260438906,26,True
medium,256,32,15,2,主加热功率,0,37,-0.22198835252207333,-0.3447702288464362,-0.10880468810342826,12,True,0:150,0.16598516798323656,False,0.2789672260438906,26,True
medium,256,32,15,2,主加热功率,0,38,-0.2190600189907871,-0.33871818259101616,-0.10476627198612484,12,True,0:150,0.16598516798323656,False,0.2789672260438906,26,True
medium,256,32,15,2,主加热功率,0,39,-0.21730412827459308,-0.3361631005886083,-0.10589632172981445,12,True,0:150,0.16598516798323656,False,0.2789672260438906,26,True
medium,256,32,15,2,主加热功率,0,40,-0.21445783662396617,-0.3283800223108995,-0.10441633598305558,12,True,0:150,0.16598516798323656,False,0.2789672260438906,26,True
medium,256,32,15,2,主加热功率,0,41,-0.2092515972741665,-0.31925308045296974,-0.10200598402148259,12,True,0:150,0.16598516798323656,False,0.2789672260438906,26,True
medium,256,32,15,2,主加热功率,0,42,-0.2034840151634719,-0.30970907017144483,-0.09563546850229401,12,True,0:150,0.16598516798323656,False,0.2789672260438906,26,True
medium,256,32,15,2,主加热功率,0,43,-0.19458480497337893,-0.3000777422641357,-0.0956967616654062,12,True,0:150,0.16598516798323656,False,0.2789672260438906,26,True
medium,256,32,15,2,主加热功率,0,44,-0.18659442555308103,-0.2943589981081021,-0.08705223214065014,12,True,0:150,0.16598516798323656,False,0.2789672260438906,26,True
medium,256,32,15,2,主加热功率,0,45,-0.1776269359191877,-0.2895906870494612,-0.07663465628721636,12,True,0:150,0.16598516798323656,False,0.2789672260438906,26,True
medium,256,32,15,2,主加热功率,0,46,-0.16856598522490862,-0.27638409034883327,-0.0659757890796474,12,True,0:150,0.16598516798323656,False,0.2789672260438906,26,True
medium,256,32,15,2,主加热功率,0,47,-0.16311807404588474,-0.26903544154603953,-0.06413170503098098,12,True,0:150,0.16598516798323656,False,0.2789672260438906,26,True
medium,256,32,15,2,主加热功率,0,48,-0.1571820267718423,-0.2664671614139219,-0.054319725142492094,12,True,0:150,0.16598516798323656,False,0.2789672260438906,26,True
medium,256,32,15,2,主加热功率,0,49,-0.15533994058742426,-0.26994669482731337,-0.04235125838860286,12,True,0:150,0.16598516798323656,False,0.2789672260438906,26,True
medium,256,32,15,2,主加热功率,0,50,-0.15874759739521643,-0.2774308299317909,-0.044477725726113325,12,True,0:150,0.16598516798323656,False,0.2789672260438906,26,True
medium,256,32,15,2,主加热功率,0,51,-0.1607646195146908,-0.2769683118153338,-0.05274435779266094,12,True,0:150,0.16598516798323656,False,0.2789672260438906,26,True
medium,256,32,15,2,主加热功率,0,52,-0.15802887600167473,-0.2754272826288539,-0.0569947681197922,12,True,0:150,0.16598516798323656,False,0.2789672260438906,26,True
medium,256,32,15,2,主加热功率,0,53,-0.1548007277169311,-0.27067426950950785,-0.05317039076746431,12,True,0:150,0.16598516798323656,False,0.2789672260438906,26,True
medium,256,32,15,2,主加热功率,0,54,-0.15136700175762835,-0.26203137881742644,-0.04649980695907356,12,True,0:150,0.16598516798323656,False,0.2789672260438906,26,True
medium,256,32,15,2,主加热功率,0,55,-0.14962157639229226,-0.25547002968225496,-0.04837788279662397,12,True,0:150,0.16598516798323656,False,0.2789672260438906,26,True
medium,256,32,15,2,主加热功率,0,56,-0.14835723614952903,-0.24870031552397626,-0.051966988722647836,12,True,0:150,0.16598516798323656,False,0.2789672260438906,26,True
medium,256,32,15,2,主加热功率,0,57,-0.14632597024768024,-0.23838346244531627,-0.05028468240732787,12,True,0:150,0.16598516798323656,False,0.2789672260438906,26,True
medium,256,32,15,2,主加热功率,0,58,-0.14667502730651005,-0.24155607377446028,-0.049045703943368324,12,True,0:150,0.16598516798323656,False,0.2789672260438906,26,True
medium,256,32,15,2,主加热功率,0,59,-0.1453553659360376,-0.23733678022965565,-0.04673613285641824,12,True,0:150,0.16598516798323656,False,0.2789672260438906,26,True
medium,256,32,15,2,主加热功率,0,60,-0.14918327705792703,-0.23952486897000175,-0.04592903616379647,12,True,0:150,0.16598516798323656,False,0.2789672260438906,26,True
medium,256,32,15,2,主加热功率,0,61,-0.1568558225753313,-0.24661343942377031,-0.05270327671572958,12,True,0:150,0.16598516798323656,False,0.2789672260438906,26,True
medium,256,32,15,2,主加热功率,0,62,-0.16444243827363403,-0.25430786772114616,-0.06327994411496338,12,True,0:150,0.16598516798323656,False,0.2789672260438906,26,True
medium,256,32,15,2,主加热功率,0,63,-0.17507087169185304,-0.26671025228780015,-0.07388778847607096,12,True,0:150,0.16598516798323656,False,0.2789672260438906,26,True
medium,256,32,15,2,主加热功率,0,64,-0.1828408588343777,-0.2775442276946241,-0.08616706103026686,12,True,0:150,0.16598516798323656,False,0.2789672260438906,26,True
medium,256,32,15,2,主加热功率,0,65,-0.18565341069228358,-0.28700766453909154,-0.0902159310081626,12,True,0:150,0.16598516798323656,False,0.2789672260438906,26,True
medium,256,32,15,2,主加热功率,0,66,-0.18761894194225476,-0.29495216569985294,-0.08546749195838427,12,True,0:150,0.16598516798323656,False,0.2789672260438906,26,True
medium,256,32,15,2,主加热功率,0,67,-0.1906265126250816,-0.3027131593668398,-0.08642332021763184,12,True,0:150,0.16598516798323656,False,0.2789672260438906,26,True
medium,256,32,15,2,主加热功率,0,68,-0.19382040818813528,-0.30229825734902255,-0.0863739715581639,12,True,0:150,0.16598516798323656,False,0.2789672260438906,26,True
medium,256,32,15,2,主加热功率,0,69,-0.19902620787719866,-0.30539878234750456,-0.0824020203996099,12,True,0:150,0.16598516798323656,False,0.2789672260438906,26,True
medium,256,32,15,2,主加热功率,0,70,-0.2017440664416379,-0.31059610212218336,-0.07534152899896912,12,True,0:150,0.16598516798323656,False,0.2789672260438906,26,True
medium,256,32,15,2,主加热功率,0,71,-0.2059810742541399,-0.3138067536986044,-0.07324824758874972,12,True,0:150,0.16598516798323656,False,0.2789672260438906,26,True
medium,256,32,15,2,主加热功率,0,72,-0.2086524031333959,-0.31632190399381327,-0.07924974188727409,12,True,0:150,0.16598516798323656,False,0.2789672260438906,26,True
medium,256,32,15,2,主加热功率,0,73,-0.21186740792095518,-0.31964429631170727,-0.09352177597527561,12,True,0:150,0.16598516798323656,False,0.2789672260438906,26,True
medium,256,32,15,2,主加热功率,0,74,-0.21701761145786871,-0.3258057344004011,-0.100816304759185,12,True,0:150,0.16598516798323656,False,0.2789672260438906,26,True
medium,256,32,15,2,主加热功率,0,75,-0.22272728188143687,-0.33357483078716843,-0.10464779652176431,12,True,0:150,0.16598516798323656,False,0.2789672260438906,26,True
medium,256,32,15,2,主加热功率,0,76,-0.22694644140985312,-0.3357790862422316,-0.10956091190751771,12,True,0:150,0.16598516798323656,False,0.2789672260438906,26,True
medium,256,32,15,2,主加热功率,0,77,-0.22810513110734634,-0.3294205175203057,-0.11622538992582215,12,True,0:150,0.16598516798323656,False,0.2789672260438906,26,True
medium,256,32,15,2,主加热功率,0,78,-0.22126633578755492,-0.3148315164515622,-0.11543593110651876,12,True,0:150,0.16598516798323656,False,0.2789672260438906,26,True
medium,256,32,15,2,主加热功率,0,79,-0.2128120097256826,-0.3088990481255922,-0.11292106029524056,12,True,0:150,0.16598516798323656,False,0.2789672260438906,26,True
medium,256,32,15,2,主加热功率,0,80,-0.20339065919689786,-0.30394684611115,-0.09746535513187153,12,True,0:150,0.16598516798323656,False,0.2789672260438906,26,True
medium,256,32,15,2,主加热功率,0,81,-0.19861772039443565,-0.30231577535654874,-0.08665847567439287,12,True,0:150,0.16598516798323656,False,0.2789672260438906,26,True
medium,256,32,15,2,主加热功率,0,82,-0.19446986926961654,-0.3009030602405799,-0.08319851809996902,12,True,0:150,0.16598516798323656,False,0.2789672260438906,26,True
medium,256,32,15,2,主加热功率,0,83,-0.19127802325356832,-0.30055496586573976,-0.08339665608919537,12,True,0:150,0.16598516798323656,False,0.2789672260438906,26,True
medium,256,32,15,2,主加热功率,0,84,-0.18550290598514535,-0.29958034912822396,-0.07603740358891313,12,True,0:150,0.16598516798323656,False,0.2789672260438906,26,True
medium,256,32,15,2,主加热功率,0,85,-0.18188244062994255,-0.29997768350272147,-0.07543142909975699,12,True,0:150,0.16598516798323656,False,0.2789672260438906,26,True
medium,256,32,15,2,主加热功率,0,86,-0.18067817208962839,-0.30354884306176866,-0.08002872810114961,12,True,0:150,0.16598516798323656,False,0.2789672260438906,26,True
medium,256,32,15,2,主加热功率,0,87,-0.18525133801225138,-0.3060593888935155,-0.0880005044618738,12,True,0:150,0.16598516798323656,False,0.2789672260438906,26,True
medium,256,32,15,2,主加热功率,0,88,-0.18873461509162187,-0.3021194069921258,-0.08649605740830435,12,True,0:150,0.16598516798323656,False,0.2789672260438906,26,True
medium,256,32,15,2,主加热功率,0,89,-0.19113048167556657,-0.30493396735754924,-0.08140094314174191,12,True,0:150,0.16598516798323656,False,0.2789672260438906,26,True
medium,256,32,15,2,主加热功率,0,90,-0.19259332791215342,-0.3060606949344416,-0.078907718135468,12,True,0:150,0.16598516798323656,False,0.2789672260438906,26,True
medium,256,32,15,2,主加热功率,0,91,-0.18807333072815952,-0.30225914978609797,-0.07176779945288626,12,True,0:150,0.16598516798323656,False,0.2789672260438906,26,True
medium,256,32,15,2,主加热功率,0,92,-0.18266834555261582,-0.29946102584183576,-0.06621424979036533,12,True,0:150,0.16598516798323656,False,0.2789672260438906,26,True
medium,256,32,15,2,主加热功率,0,93,-0.1809829641114199,-0.2952716068151165,-0.06733092704411796,12,True,0:150,0.16598516798323656,False,0.2789672260438906,26,True
medium,256,32,15,2,主加热功率,0,94,-0.18142465438553626,-0.29602546642033317,-0.07139724837998691,12,True,0:150,0.16598516798323656,False,0.2789672260438906,26,True
medium,256,32,15,2,主加热功率,0,95,-0.18380181755598204,-0.2962333200904403,-0.08331195481031163,12,True,0:150,0.16598516798323656,False,0.2789672260438906,26,True
medium,256,32,15,2,主加热功率,0,96,-0.18374243584664002,-0.29385670674841924,-0.08567920253519093,12,True,0:150,0.16598516798323656,False,0.2789672260438906,26,True
medium,256,32,15,2,主加热功率,0,97,-0.18606669898291425,-0.293927582625915,-0.08664832490389125,12,True,0:150,0.16598516798323656,False,0.2789672260438906,26,True
medium,256,32,15,2,主加热功率,0,98,-0.1896395248212058,-0.2939810426789458,-0.08566972914176807,12,True,0:150,0.16598516798323656,False,0.2789672260438906,26,True
medium,256,32,15,2,主加热功率,0,99,-0.19665171824044908,-0.2971470955455542,-0.08748280651470146,12,True,0:150,0.16598516798323656,False,0.2789672260438906,26,True
medium,256,32,15,2,主加热功率,0,100,-0.20418038413001166,-0.30441676770228004,-0.09085704678040935,12,True,0:150,0.16598516798323656,False,0.2789672260438906,26,True
medium,256,32,15,2,主加热功率,0,101,-0.20796176361512145,-0.31180227828558715,-0.09897796920942514,12,True,0:150,0.16598516798323656,False,0.2789672260438906,26,True
medium,256,32,15,2,主加热功率,0,102,-0.20604800070207535,-0.31012701151660893,-0.1076012929041499,12,True,0:150,0.16598516798323656,False,0.2789672260438906,26,True
medium,256,32,15,2,主加热功率,0,103,-0.20386593368913278,-0.3086987823771981,-0.11167989406118993,12,True,0:150,0.16598516798323656,False,0.2789672260438906,26,True
medium,256,32,15,2,主加热功率,0,104,-0.19904255200059337,-0.3094039176943695,-0.10697396965465132,12,True,0:150,0.16598516798323656,False,0.2789672260438906,26,True
medium,256,32,15,2,主加热功率,0,105,-0.19364294130558196,-0.31251903616582893,-0.09770888725983962,12,True,0:150,0.16598516798323656,False,0.2789672260438906,26,True
medium,256,32,15,2,主加热功率,0,106,-0.1925784770234233,-0.3141719193573214,-0.09193050896643755,12,True,0:150,0.16598516798323656,False,0.2789672260438906,26,True
medium,256,32,15,2,主加热功率,0,107,-0.19529714160110972,-0.3218586948710367,-0.09423587084003211,12,True,0:150,0.16598516798323656,False,0.2789672260438906,26,True
medium,256,32,15,2,主加热功率,0,108,-0.2001428099066636,-0.326754087081391,-0.10155607988279866,12,True,0:150,0.16598516798323656,False,0.2789672260438906,26,True
medium,256,32,15,2,主加热功率,0,109,-0.20624569646636104,-0.33283556249604856,-0.10810727561828697,12,True,0:150,0.16598516798323656,False,0.2789672260438906,26,True
medium,256,32,15,2,主加热功率,0,110,-0.21131072464786205,-0.3361714886004985,-0.10981005309747426,12,True,0:150,0.16598516798323656,False,0.2789672260438906,26,True
medium,256,32,15,2,主加热功率,0,111,-0.21596584918292672,-0.3379658377152819,-0.10589038773809083,12,True,0:150,0.16598516798323656,False,0.2789672260438906,26,True
medium,256,32,15,2,主加热功率,0,112,-0.22016979848375617,-0.33881824781113495,-0.10758727626695086,12,True,0:150,0.16598516798323656,False,0.2789672260438906,26,True
medium,256,32,15,2,主加热功率,0,113,-0.226465054307357,-0.34124872840810777,-0.11589503995740193,12,True,0:150,0.16598516798323656,False,0.2789672260438906,26,True
medium,256,32,15,2,主加热功率,0,114,-0.22940375938265417,-0.3406640055907336,-0.11767913026111444,12,True,0:150,0.16598516798323656,False,0.2789672260438906,26,True
medium,256,32,15,2,主加热功率,0,115,-0.22993040825842395,-0.34865969599415525,-0.11957873991305921,12,True,0:150,0.16598516798323656,False,0.2789672260438906,26,True
medium,256,32,15,2,主加热功率,0,116,-0.22763828633591612,-0.35282327412120207,-0.11458292673140161,12,True,0:150,0.16598516798323656,False,0.2789672260438906,26,True
medium,256,32,15,2,主加热功率,0,117,-0.22679518378240654,-0.3540857355631008,-0.11266777956999857,12,True,0:150,0.16598516798323656,False,0.2789672260438906,26,True
medium,256,32,15,2,主加热功率,0,118,-0.22478709761794816,-0.3489096724515589,-0.11302273856141436,12,True,0:150,0.16598516798323656,False,0.2789672260438906,26,True
medium,256,32,15,2,主加热功率,0,119,-0.22434414762378965,-0.34677511360695834,-0.11489131374295655,12,True,0:150,0.16598516798323656,False,0.2789672260438906,26,True
medium,256,32,15,2,主加热功率,0,120,-0.22232323250455205,-0.35023163569135957,-0.11353784861579981,12,True,0:150,0.16598516798323656,False,0.2789672260438906,26,True
medium,256,32,15,2,主加热功率,0,121,-0.22323087246305437,-0.3525747643767571,-0.11493098395087782,12,True,0:150,0.16598516798323656,False,0.2789672260438906,26,True
medium,256,32,15,2,主加热功率,0,122,-0.2216489611042258,-0.3570982929945763,-0.11320773439723109,12,True,0:150,0.16598516798323656,False,0.2789672260438906,26,True
medium,256,32,15,2,主加热功率,0,123,-0.21442851413728245,-0.3520572753726481,-0.10282986773526542,12,True,0:150,0.16598516798323656,False,0.2789672260438906,26,True
medium,256,32,15,2,主加热功率,0,124,-0.2094094735655161,-0.35016219065232634,-0.08960160143248097,12,True,0:150,0.16598516798323656,False,0.2789672260438906,26,True
medium,256,32,15,2,主加热功率,0,125,-0.20742107659216272,-0.3497987842509652,-0.09042119963581878,12,True,0:150,0.16598516798323656,False,0.2789672260438906,26,True
medium,256,32,15,2,主加热功率,0,126,-0.20653906434021765,-0.3505860707767246,-0.08742887789278636,12,True,0:150,0.16598516798323656,False,0.2789672260438906,26,True
medium,256,32,15,2,主加热功率,0,127,-0.20236364229978512,-0.34626424567578584,-0.07530758304669435,12,True,0:150,0.16598516798323656,False,0.2789672260438906,26,True
medium,256,32,15,2,主加热功率,0,128,-0.1939628459457901,-0.33455903117055713,-0.06332354354182244,12,True,0:150,0.16598516798323656,False,0.2789672260438906,26,True
medium,256,32,15,2,主加热功率,0,129,-0.1826875053417219,-0.32128664963460374,-0.04881256875618589,12,True,0:150,0.16598516798323656,False,0.2789672260438906,26,True
medium,256,32,15,2,主加热功率,0,130,-0.1754365359408606,-0.3099447149920692,-0.04072289287878918,12,True,0:150,0.16598516798323656,False,0.2789672260438906,26,True
medium,256,32,15,2,主加热功率,0,131,-0.17151003451865876,-0.3033516355891118,-0.03821823684975048,12,True,0:150,0.16598516798323656,False,0.2789672260438906,26,True
medium,256,32,15,2,主加热功率,0,132,-0.17147657121366644,-0.305504248263513,-0.03907966824190786,12,True,0:150,0.16598516798323656,False,0.2789672260438906,26,True
medium,256,32,15,2,主加热功率,0,133,-0.17023422122450804,-0.30083923688875575,-0.04001269906316243,12,True,0:150,0.16598516798323656,False,0.2789672260438906,26,True
medium,256,32,15,2,主加热功率,0,134,-0.16861428126897385,-0.2993417773568047,-0.04032365378952983,12,True,0:150,0.16598516798323656,False,0.2789672260438906,26,True
medium,256,32,15,2,主加热功率,0,135,-0.17151807220495396,-0.3008068259721568,-0.04008438288742999,12,True,0:150,0.16598516798323656,False,0.2789672260438906,26,True
medium,256,32,15,2,主加热功率,0,136,-0.1743099441414668,-0.30055940331294134,-0.04649593510094696,12,True,0:150,0.16598516798323656,False,0.2789672260438906,26,True
medium,256,32,15,2,主加热功率,0,137,-0.1775568798397201,-0.2961831829392767,-0.05469335961085508,12,True,0:150,0.16598516798323656,False,0.2789672260438906,26,True
medium,256,32,15,2,主加热功率,0,138,-0.18230154673800458,-0.29416637432870646,-0.06509442702145782,12,True,0:150,0.16598516798323656,False,0.2789672260438906,26,True
medium,256,32,15,2,主加热功率,0,139,-0.1821856553483143,-0.2935585131000461,-0.06740359653887137,12,True,0:150,0.16598516798323656,False,0.2789672260438906,26,True
medium,256,32,15,2,主加热功率,0,140,-0.1773340381730362,-0.2904164560057294,-0.06581589234362818,12,True,0:150,0.16598516798323656,False,0.2789672260438906,26,True
medium,256,32,15,2,主加热功率,0,141,-0.16857950354819903,-0.2844451068204929,-0.05687745928498316,12,True,0:150,0.16598516798323656,False,0.2789672260438906,26,True
medium,256,32,15,2,主加热功率,0,142,-0.16234778524294471,-0.2809300269982668,-0.05358563583942006,12,True,0:150,0.16598516798323656,False,0.2789672260438906,26,True
medium,256,32,15,2,主加热功率,0,143,-0.15814884644948188,-0.27790943417902736,-0.05227688588850607,12,True,0:150,0.16598516798323656,False,0.2789672260438906,26,True
medium,256,32,15,2,主加热功率,0,144,-0.1561065374434719,-0.28050250963800116,-0.04453026130907091,12,True,0:150,0.16598516798323656,False,0.2789672260438906,26,True
medium,256,32,15,2,主加热功率,0,145,-0.15480784848612783,-0.2810817812289005,-0.03936335613773232,12,True,0:150,0.16598516798323656,False,0.2789672260438906,26,True
medium,256,32,15,2,主加热功率,0,146,-0.15657868871256483,-0.28497410183715033,-0.04484763298568383,12,True,0:150,0.16598516798323656,False,0.2789672260438906,26,True
medium,256,32,15,2,主加热功率,0,147,-0.15609672944066807,-0.27960568257303525,-0.05306916083704311,12,True,0:150,0.16598516798323656,False,0.2789672260438906,26,True
medium,256,32,15,2,主加热功率,0,148,-0.15937314731900562,-0.27864105086368574,-0.05870360041405989,12,True,0:150,0.16598516798323656,False,0.2789672260438906,26,True
medium,256,32,15,2,主加热功率,0,149,-0.16480042515490528,-0.28013868715605,-0.06400739027254204,12,True,0:150,0.16598516798323656,False,0.2789672260438906,26,True
medium,256,32,15,2,主加热功率,0,150,-0.1683349495064733,-0.28346038807759516,-0.06718952361858176,12,True,0:150,0.16598516798323656,False,0.2789672260438906,26,True
medium,256,32,15,2,晶升速度,1,0,0.006527443049910207,-0.14301894619719946,0.15021517204657947,12,False,25:65;73:74;83:101;136:150,0.20899579738638024,False,0.302776354008541,40,False
medium,256,32,15,2,晶升速度,1,1,-0.0017818333780911528,-0.15673266471970113,0.14505110736801835,12,False,25:65;73:74;83:101;136:150,0.20899579738638024,False,0.302776354008541,40,False
medium,256,32,15,2,晶升速度,1,2,-0.0003738020749129861,-0.15881306584628327,0.14907264267021864,12,False,25:65;73:74;83:101;136:150,0.20899579738638024,False,0.302776354008541,40,False
medium,256,32,15,2,晶升速度,1,3,0.005489581605678425,-0.1498384863318455,0.15637313569868316,12,False,25:65;73:74;83:101;136:150,0.20899579738638024,False,0.302776354008541,40,False
medium,256,32,15,2,晶升速度,1,4,0.009753639421929514,-0.14255797304405177,0.16023413528845085,12,False,25:65;73:74;83:101;136:150,0.20899579738638024,False,0.302776354008541,40,False
medium,256,32,15,2,晶升速度,1,5,0.01093281145451687,-0.14181388532658185,0.15941296602860347,12,False,25:65;73:74;83:101;136:150,0.20899579738638024,False,0.302776354008541,40,False
medium,256,32,15,2,晶升速度,1,6,0.01046083680848372,-0.1451872383719639,0.15779289356924253,12,False,25:65;73:74;83:101;136:150,0.20899579738638024,False,0.302776354008541,40,False
medium,256,32,15,2,晶升速度,1,7,0.003031593700734919,-0.15277942103396105,0.14701975698060868,12,False,25:65;73:74;83:101;136:150,0.20899579738638024,False,0.302776354008541,40,False
medium,256,32,15,2,晶升速度,1,8,-0.009138042103805191,-0.1593698774354136,0.12989425174321537,12,False,25:65;73:74;83:101;136:150,0.20899579738638024,False,0.302776354008541,40,False
medium,256,32,15,2,晶升速度,1,9,-0.02670922112599587,-0.17579914111754993,0.1079636025151556,12,False,25:65;73:74;83:101;136:150,0.20899579738638024,False,0.302776354008541,40,False
medium,256,32,15,2,晶升速度,1,10,-0.04712404549321461,-0.19510039483286376,0.08036657870133927,12,False,25:65;73:74;83:101;136:150,0.20899579738638024,False,0.302776354008541,40,False
medium,256,32,15,2,晶升速度,1,11,-0.06400272274038109,-0.20874473340172203,0.06504056205745222,12,False,25:65;73:74;83:101;136:150,0.20899579738638024,False,0.302776354008541,40,False
medium,256,32,15,2,晶升速度,1,12,-0.07296071289059042,-0.2137300720288505,0.05779694444400092,12,False,25:65;73:74;83:101;136:150,0.20899579738638024,False,0.302776354008541,40,False
medium,256,32,15,2,晶升速度,1,13,-0.06860523316024575,-0.20698802319819953,0.06281153498713946,12,False,25:65;73:74;83:101;136:150,0.20899579738638024,False,0.302776354008541,40,False
medium,256,32,15,2,晶升速度,1,14,-0.05518130246525362,-0.19405147909861187,0.0729198465660426,12,False,25:65;73:74;83:101;136:150,0.20899579738638024,False,0.302776354008541,40,False
medium,256,32,15,2,晶升速度,1,15,-0.036200700470332844,-0.17222177819876602,0.09835006939454945,12,False,25:65;73:74;83:101;136:150,0.20899579738638024,False,0.302776354008541,40,False
medium,256,32,15,2,晶升速度,1,16,-0.015304869002028402,-0.15096780381975988,0.12251172223941277,12,False,25:65;73:74;83:101;136:150,0.20899579738638024,False,0.302776354008541,40,False
medium,256,32,15,2,晶升速度,1,17,0.0013975660485578529,-0.13894007955377993,0.13694443381987745,12,False,25:65;73:74;83:101;136:150,0.20899579738638024,False,0.302776354008541,40,False
medium,256,32,15,2,晶升速度,1,18,0.014720042137294923,-0.13448506150271122,0.1490332917011411,12,False,25:65;73:74;83:101;136:150,0.20899579738638024,False,0.302776354008541,40,False
medium,256,32,15,2,晶升速度,1,19,0.025785676319861475,-0.12902495305402886,0.16060247854025078,12,False,25:65;73:74;83:101;136:150,0.20899579738638024,False,0.302776354008541,40,False
medium,256,32,15,2,晶升速度,1,20,0.037502911056693115,-0.11922614305092095,0.17607269179680354,12,False,25:65;73:74;83:101;136:150,0.20899579738638024,False,0.302776354008541,40,False
medium,256,32,15,2,晶升速度,1,21,0.051232981713935255,-0.10442154856570438,0.19373473425030516,12,False,25:65;73:74;83:101;136:150,0.20899579738638024,False,0.302776354008541,40,False
medium,256,32,15,2,晶升速度,1,22,0.06928345439296865,-0.08759572581586351,0.20764605372486578,12,False,25:65;73:74;83:101;136:150,0.20899579738638024,False,0.302776354008541,40,False
medium,256,32,15,2,晶升速度,1,23,0.09099046442718865,-0.06372571619618327,0.22844093723089232,12,False,25:65;73:74;83:101;136:150,0.20899579738638024,False,0.302776354008541,40,False
medium,256,32,15,2,晶升速度,1,24,0.12023535465319977,-0.03300419571559786,0.258990889523714,12,False,25:65;73:74;83:101;136:150,0.20899579738638024,False,0.302776354008541,40,False
medium,256,32,15,2,晶升速度,1,25,0.15640095939860174,0.004395968000031314,0.2947973940176479,12,True,25:65;73:74;83:101;136:150,0.20899579738638024,False,0.302776354008541,40,False
medium,256,32,15,2,晶升速度,1,26,0.19801551821889918,0.04502251785654351,0.3353996555418891,12,True,25:65;73:74;83:101;136:150,0.20899579738638024,False,0.302776354008541,40,False
medium,256,32,15,2,晶升速度,1,27,0.24093931287005313,0.08973334227956714,0.37433400212231466,12,True,25:65;73:74;83:101;136:150,0.20899579738638024,False,0.302776354008541,40,False
medium,256,32,15,2,晶升速度,1,28,0.2732760704535546,0.123569775939875,0.3982286994283169,12,True,25:65;73:74;83:101;136:150,0.20899579738638024,False,0.302776354008541,40,False
medium,256,32,15,2,晶升速度,1,29,0.29191892080780757,0.14506063556904894,0.40856730999369695,12,True,25:65;73:74;83:101;136:150,0.20899579738638024,False,0.302776354008541,40,False
medium,256,32,15,2,晶升速度,1,30,0.30006939749875816,0.1558998751334053,0.41364037621117844,12,True,25:65;73:74;83:101;136:150,0.20899579738638024,False,0.302776354008541,40,False
medium,256,32,15,2,晶升速度,1,31,0.2982933712229629,0.1564023359743562,0.4145054879466302,12,True,25:65;73:74;83:101;136:150,0.20899579738638024,False,0.302776354008541,40,False
medium,256,32,15,2,晶升速度,1,32,0.2928481383567888,0.1518279759390846,0.40812777259944544,12,True,25:65;73:74;83:101;136:150,0.20899579738638024,False,0.302776354008541,40,False
medium,256,32,15,2,晶升速度,1,33,0.2881601129472549,0.1535981827167195,0.3994088792575691,12,True,25:65;73:74;83:101;136:150,0.20899579738638024,False,0.302776354008541,40,False
medium,256,32,15,2,晶升速度,1,34,0.28529177732928235,0.1524081640838232,0.39224123976546704,12,True,25:65;73:74;83:101;136:150,0.20899579738638024,False,0.302776354008541,40,False
medium,256,32,15,2,晶升速度,1,35,0.28265903505274,0.1490555815898926,0.38647621271949856,12,True,25:65;73:74;83:101;136:150,0.20899579738638024,False,0.302776354008541,40,False
medium,256,32,15,2,晶升速度,1,36,0.28227191594588147,0.14717135864082015,0.38458164116190574,12,True,25:65;73:74;83:101;136:150,0.20899579738638024,False,0.302776354008541,40,False
medium,256,32,15,2,晶升速度,1,37,0.2855521953474848,0.14970983118685,0.38905769684635816,12,True,25:65;73:74;83:101;136:150,0.20899579738638024,False,0.302776354008541,40,False
medium,256,32,15,2,晶升速度,1,38,0.29364872708201795,0.15918832926829823,0.402639199510764,12,True,25:65;73:74;83:101;136:150,0.20899579738638024,False,0.302776354008541,40,False
medium,256,32,15,2,晶升速度,1,39,0.29968642712594434,0.1660765301573084,0.4118902434735889,12,True,25:65;73:74;83:101;136:150,0.20899579738638024,False,0.302776354008541,40,False
medium,256,32,15,2,晶升速度,1,40,0.302776354008541,0.17292853346865597,0.4156167523911007,12,True,25:65;73:74;83:101;136:150,0.20899579738638024,True,0.302776354008541,40,False
medium,256,32,15,2,晶升速度,1,41,0.2962838545386966,0.1605717478183926,0.4099378498935456,12,True,25:65;73:74;83:101;136:150,0.20899579738638024,False,0.302776354008541,40,False
medium,256,32,15,2,晶升速度,1,42,0.2827918026892584,0.13991937122690354,0.401539710110032,12,True,25:65;73:74;83:101;136:150,0.20899579738638024,False,0.302776354008541,40,False
medium,256,32,15,2,晶升速度,1,43,0.2669391498571608,0.11935959882520249,0.38654739943257294,12,True,25:65;73:74;83:101;136:150,0.20899579738638024,False,0.302776354008541,40,False
medium,256,32,15,2,晶升速度,1,44,0.2557377843065367,0.10812984625877409,0.3757596814603475,12,True,25:65;73:74;83:101;136:150,0.20899579738638024,False,0.302776354008541,40,False
medium,256,32,15,2,晶升速度,1,45,0.24916752681598253,0.10564424925886044,0.3693825370354388,12,True,25:65;73:74;83:101;136:150,0.20899579738638024,False,0.302776354008541,40,False
medium,256,32,15,2,晶升速度,1,46,0.24707423992831345,0.10113482590368911,0.36678580048145026,12,True,25:65;73:74;83:101;136:150,0.20899579738638024,False,0.302776354008541,40,False
medium,256,32,15,2,晶升速度,1,47,0.24798719533606628,0.10525102521608343,0.3669297377953593,12,True,25:65;73:74;83:101;136:150,0.20899579738638024,False,0.302776354008541,40,False
medium,256,32,15,2,晶升速度,1,48,0.24955459937294522,0.1089504730173059,0.37061488642168017,12,True,25:65;73:74;83:101;136:150,0.20899579738638024,False,0.302776354008541,40,False
medium,256,32,15,2,晶升速度,1,49,0.25192242657894415,0.11054932108773044,0.37511798282524306,12,True,25:65;73:74;83:101;136:150,0.20899579738638024,False,0.302776354008541,40,False
medium,256,32,15,2,晶升速度,1,50,0.2553339848805766,0.11377109066775566,0.3723732751655983,12,True,25:65;73:74;83:101;136:150,0.20899579738638024,False,0.302776354008541,40,False
medium,256,32,15,2,晶升速度,1,51,0.2573818142582993,0.11022740702739531,0.37042741376321786,12,True,25:65;73:74;83:101;136:150,0.20899579738638024,False,0.302776354008541,40,False
medium,256,32,15,2,晶升速度,1,52,0.25383812037454895,0.10671253922320559,0.3648939965792952,12,True,25:65;73:74;83:101;136:150,0.20899579738638024,False,0.302776354008541,40,False
medium,256,32,15,2,晶升速度,1,53,0.2424022879058959,0.09735708770390447,0.351807160143942,12,True,25:65;73:74;83:101;136:150,0.20899579738638024,False,0.302776354008541,40,False
medium,256,32,15,2,晶升速度,1,54,0.2282068787978269,0.08410756291220887,0.3361765948185404,12,True,25:65;73:74;83:101;136:150,0.20899579738638024,False,0.302776354008541,40,False
medium,256,32,15,2,晶升速度,1,55,0.20875511418802933,0.06391739290039689,0.3195025590733308,12,True,25:65;73:74;83:101;136:150,0.20899579738638024,False,0.302776354008541,40,False
medium,256,32,15,2,晶升速度,1,56,0.19426397558169023,0.0534147896264961,0.30951574013592204,12,True,25:65;73:74;83:101;136:150,0.20899579738638024,False,0.302776354008541,40,False
medium,256,32,15,2,晶升速度,1,57,0.1844987141374214,0.04119018239768887,0.3043142691494001,12,True,25:65;73:74;83:101;136:150,0.20899579738638024,False,0.302776354008541,40,False
medium,256,32,15,2,晶升速度,1,58,0.18103323131564442,0.0321802993981564,0.3000303318770572,12,True,25:65;73:74;83:101;136:150,0.20899579738638024,False,0.302776354008541,40,False
medium,256,32,15,2,晶升速度,1,59,0.18151749306473078,0.03157152227233398,0.30144032270969634,12,True,25:65;73:74;83:101;136:150,0.20899579738638024,False,0.302776354008541,40,False
medium,256,32,15,2,晶升速度,1,60,0.1785502351948982,0.031669192766591844,0.3013499046429947,12,True,25:65;73:74;83:101;136:150,0.20899579738638024,False,0.302776354008541,40,False
medium,256,32,15,2,晶升速度,1,61,0.1754368589659435,0.02967430499778069,0.2966531542295001,12,True,25:65;73:74;83:101;136:150,0.20899579738638024,False,0.302776354008541,40,False
medium,256,32,15,2,晶升速度,1,62,0.17162791615829284,0.029913661369610184,0.29383728056996794,12,True,25:65;73:74;83:101;136:150,0.20899579738638024,False,0.302776354008541,40,False
medium,256,32,15,2,晶升速度,1,63,0.16699367756832825,0.021874138963730076,0.28611944752093305,12,True,25:65;73:74;83:101;136:150,0.20899579738638024,False,0.302776354008541,40,False
medium,256,32,15,2,晶升速度,1,64,0.16212184550596023,0.012206854375447936,0.27706390298501743,12,True,25:65;73:74;83:101;136:150,0.20899579738638024,False,0.302776354008541,40,False
medium,256,32,15,2,晶升速度,1,65,0.15596815169402956,0.0049158407559433594,0.27317278442123005,12,True,25:65;73:74;83:101;136:150,0.20899579738638024,False,0.302776354008541,40,False
medium,256,32,15,2,晶升速度,1,66,0.14730962365618946,-0.008978260426346668,0.2636527104166157,12,False,25:65;73:74;83:101;136:150,0.20899579738638024,False,0.302776354008541,40,False
medium,256,32,15,2,晶升速度,1,67,0.1358272374584489,-0.024457226331658366,0.25163702374461033,12,False,25:65;73:74;83:101;136:150,0.20899579738638024,False,0.302776354008541,40,False
medium,256,32,15,2,晶升速度,1,68,0.12757863576529269,-0.027860514851613852,0.24265754337568554,12,False,25:65;73:74;83:101;136:150,0.20899579738638024,False,0.302776354008541,40,False
medium,256,32,15,2,晶升速度,1,69,0.1236213841107887,-0.024423278598787825,0.23748914464069246,12,False,25:65;73:74;83:101;136:150,0.20899579738638024,False,0.302776354008541,40,False
medium,256,32,15,2,晶升速度,1,70,0.12807560786047398,-0.019196774273000518,0.24280102535845402,12,False,25:65;73:74;83:101;136:150,0.20899579738638024,False,0.302776354008541,40,False
medium,256,32,15,2,晶升速度,1,71,0.13613395524500316,-0.010628823350284465,0.2572630630443524,12,False,25:65;73:74;83:101;136:150,0.20899579738638024,False,0.302776354008541,40,False
medium,256,32,15,2,晶升速度,1,72,0.1440855560773374,-0.0008928111525603145,0.27665847351327505,12,False,25:65;73:74;83:101;136:150,0.20899579738638024,False,0.302776354008541,40,False
medium,256,32,15,2,晶升速度,1,73,0.14791928689502964,0.00258928722924851,0.2855606352530414,12,True,25:65;73:74;83:101;136:150,0.20899579738638024,False,0.302776354008541,40,False
medium,256,32,15,2,晶升速度,1,74,0.14768727222641803,0.00031754653019294005,0.2858016824915989,12,True,25:65;73:74;83:101;136:150,0.20899579738638024,False,0.302776354008541,40,False
medium,256,32,15,2,晶升速度,1,75,0.14718992699035074,-0.004360586903112373,0.29031357798491236,12,False,25:65;73:74;83:101;136:150,0.20899579738638024,False,0.302776354008541,40,False
medium,256,32,15,2,晶升速度,1,76,0.14564791763152068,-0.008543969732540502,0.2935553347342875,12,False,25:65;73:74;83:101;136:150,0.20899579738638024,False,0.302776354008541,40,False
medium,256,32,15,2,晶升速度,1,77,0.14393862243238936,-0.009232680811893752,0.2927283527872198,12,False,25:65;73:74;83:101;136:150,0.20899579738638024,False,0.302776354008541,40,False
medium,256,32,15,2,晶升速度,1,78,0.14248154059874718,-0.0057960997558757,0.2943746429055221,12,False,25:65;73:74;83:101;136:150,0.20899579738638024,False,0.302776354008541,40,False
medium,256,32,15,2,晶升速度,1,79,0.1391755045558317,-0.003454122903055417,0.2966894168826114,12,False,25:65;73:74;83:101;136:150,0.20899579738638024,False,0.302776354008541,40,False
medium,256,32,15,2,晶升速度,1,80,0.13658426325252065,-0.001387942180169562,0.29619762843874364,12,False,25:65;73:74;83:101;136:150,0.20899579738638024,False,0.302776354008541,40,False
medium,256,32,15,2,晶升速度,1,81,0.13626590714876233,-0.00498373717177562,0.29966158662975906,12,False,25:65;73:74;83:101;136:150,0.20899579738638024,False,0.302776354008541,40,False
medium,256,32,15,2,晶升速度,1,82,0.14267369112595585,-0.001506071200227492,0.3071717827938246,12,False,25:65;73:74;83:101;136:150,0.20899579738638024,False,0.302776354008541,40,False
medium,256,32,15,2,晶升速度,1,83,0.14985641937364907,0.0059025338396419234,0.31920216563639675,12,True,25:65;73:74;83:101;136:150,0.20899579738638024,False,0.302776354008541,40,False
medium,256,32,15,2,晶升速度,1,84,0.15469699389051106,0.012554697869219542,0.322874737253325,12,True,25:65;73:74;83:101;136:150,0.20899579738638024,False,0.302776354008541,40,False
medium,256,32,15,2,晶升速度,1,85,0.1561889613608648,0.00789527271257182,0.324258534803562,12,True,25:65;73:74;83:101;136:150,0.20899579738638024,False,0.302776354008541,40,False
medium,256,32,15,2,晶升速度,1,86,0.15211311796294988,0.0034607347819788827,0.31850628154295085,12,True,25:65;73:74;83:101;136:150,0.20899579738638024,False,0.302776354008541,40,False
medium,256,32,15,2,晶升速度,1,87,0.14936272427291725,0.0046619611594637045,0.31076611075510274,12,True,25:65;73:74;83:101;136:150,0.20899579738638024,False,0.302776354008541,40,False
medium,256,32,15,2,晶升速度,1,88,0.1495486154830565,0.008413252789757636,0.3103367659347585,12,True,25:65;73:74;83:101;136:150,0.20899579738638024,False,0.302776354008541,40,False
medium,256,32,15,2,晶升速度,1,89,0.14878223446128885,0.00835185867426686,0.3058572663667706,12,True,25:65;73:74;83:101;136:150,0.20899579738638024,False,0.302776354008541,40,False
medium,256,32,15,2,晶升速度,1,90,0.1492658911119144,0.005177905547200479,0.29838357804885235,12,True,25:65;73:74;83:101;136:150,0.20899579738638024,False,0.302776354008541,40,False
medium,256,32,15,2,晶升速度,1,91,0.1502012982050854,0.003527786625516315,0.29166191431497923,12,True,25:65;73:74;83:101;136:150,0.20899579738638024,False,0.302776354008541,40,False
medium,256,32,15,2,晶升速度,1,92,0.15044913110597824,0.002575944921338262,0.29375122216740107,12,True,25:65;73:74;83:101;136:150,0.20899579738638024,False,0.302776354008541,40,False
medium,256,32,15,2,晶升速度,1,93,0.15473081280578327,0.007371314887013336,0.30436026958501555,12,True,25:65;73:74;83:101;136:150,0.20899579738638024,False,0.302776354008541,40,False
medium,256,32,15,2,晶升速度,1,94,0.1607054209065739,0.011482526624897585,0.31301530257600724,12,True,25:65;73:74;83:101;136:150,0.20899579738638024,False,0.302776354008541,40,False
medium,256,32,15,2,晶升速度,1,95,0.16494312173275946,0.019960318168444135,0.3158324286648637,12,True,25:65;73:74;83:101;136:150,0.20899579738638024,False,0.302776354008541,40,False
medium,256,32,15,2,晶升速度,1,96,0.16832877939501,0.026503608023762157,0.31219696301466326,12,True,25:65;73:74;83:101;136:150,0.20899579738638024,False,0.302776354008541,40,False
medium,256,32,15,2,晶升速度,1,97,0.16782508844183347,0.028641807618861034,0.3028070196117246,12,True,25:65;73:74;83:101;136:150,0.20899579738638024,False,0.302776354008541,40,False
medium,256,32,15,2,晶升速度,1,98,0.16282966542918406,0.02672226508636788,0.2889475770784881,12,True,25:65;73:74;83:101;136:150,0.20899579738638024,False,0.302776354008541,40,False
medium,256,32,15,2,晶升速度,1,99,0.15587876278625656,0.029145726864949498,0.2775100694291673,12,True,25:65;73:74;83:101;136:150,0.20899579738638024,False,0.302776354008541,40,False
medium,256,32,15,2,晶升速度,1,100,0.14510066537289035,0.0279360660274499,0.26370133926881556,12,True,25:65;73:74;83:101;136:150,0.20899579738638024,False,0.302776354008541,40,False
medium,256,32,15,2,晶升速度,1,101,0.13482051407930476,0.019663287939215898,0.25002962019495606,12,True,25:65;73:74;83:101;136:150,0.20899579738638024,False,0.302776354008541,40,False
medium,256,32,15,2,晶升速度,1,102,0.12295397687380072,-0.00011419311164240394,0.23287002932929568,12,False,25:65;73:74;83:101;136:150,0.20899579738638024,False,0.302776354008541,40,False
medium,256,32,15,2,晶升速度,1,103,0.11219538365198303,-0.009127789693994743,0.21891739343173489,12,False,25:65;73:74;83:101;136:150,0.20899579738638024,False,0.302776354008541,40,False
medium,256,32,15,2,晶升速度,1,104,0.10226320082764084,-0.014521271607533824,0.2039648783419306,12,False,25:65;73:74;83:101;136:150,0.20899579738638024,False,0.302776354008541,40,False
medium,256,32,15,2,晶升速度,1,105,0.09357957526250135,-0.0227858580535621,0.19445929041790477,12,False,25:65;73:74;83:101;136:150,0.20899579738638024,False,0.302776354008541,40,False
medium,256,32,15,2,晶升速度,1,106,0.08707255352333346,-0.027100468327018915,0.1874161208433279,12,False,25:65;73:74;83:101;136:150,0.20899579738638024,False,0.302776354008541,40,False
medium,256,32,15,2,晶升速度,1,107,0.08091610434767812,-0.03127444771321831,0.18333552803812725,12,False,25:65;73:74;83:101;136:150,0.20899579738638024,False,0.302776354008541,40,False
medium,256,32,15,2,晶升速度,1,108,0.0733213888962329,-0.03355903827152723,0.17902485207670554,12,False,25:65;73:74;83:101;136:150,0.20899579738638024,False,0.302776354008541,40,False
medium,256,32,15,2,晶升速度,1,109,0.06576962054636173,-0.039077920096407634,0.17240894317084882,12,False,25:65;73:74;83:101;136:150,0.20899579738638024,False,0.302776354008541,40,False
medium,256,32,15,2,晶升速度,1,110,0.05773648826285012,-0.04876355400719593,0.16461254700493116,12,False,25:65;73:74;83:101;136:150,0.20899579738638024,False,0.302776354008541,40,False
medium,256,32,15,2,晶升速度,1,111,0.04908279703261843,-0.06163746777046371,0.1548397586585501,12,False,25:65;73:74;83:101;136:150,0.20899579738638024,False,0.302776354008541,40,False
medium,256,32,15,2,晶升速度,1,112,0.04183525919532579,-0.0730446234078373,0.14387521818548987,12,False,25:65;73:74;83:101;136:150,0.20899579738638024,False,0.302776354008541,40,False
medium,256,32,15,2,晶升速度,1,113,0.03963726633368518,-0.07627498136042372,0.1395986903912627,12,False,25:65;73:74;83:101;136:150,0.20899579738638024,False,0.302776354008541,40,False
medium,256,32,15,2,晶升速度,1,114,0.04025688796094148,-0.07687575861884749,0.14037509406286158,12,False,25:65;73:74;83:101;136:150,0.20899579738638024,False,0.302776354008541,40,False
medium,256,32,15,2,晶升速度,1,115,0.04344190381409152,-0.07258242145193364,0.14218819527596938,12,False,25:65;73:74;83:101;136:150,0.20899579738638024,False,0.302776354008541,40,False
medium,256,32,15,2,晶升速度,1,116,0.0472903435017751,-0.06538414560625384,0.14846540887090995,12,False,25:65;73:74;83:101;136:150,0.20899579738638024,False,0.302776354008541,40,False
medium,256,32,15,2,晶升速度,1,117,0.048655730487758724,-0.05861895004938922,0.1510306778256777,12,False,25:65;73:74;83:101;136:150,0.20899579738638024,False,0.302776354008541,40,False
medium,256,32,15,2,晶升速度,1,118,0.046636138687530186,-0.06488650137291198,0.14929775422521077,12,False,25:65;73:74;83:101;136:150,0.20899579738638024,False,0.302776354008541,40,False
medium,256,32,15,2,晶升速度,1,119,0.04490519277188439,-0.07231079005932232,0.1479233273101674,12,False,25:65;73:74;83:101;136:150,0.20899579738638024,False,0.302776354008541,40,False
medium,256,32,15,2,晶升速度,1,120,0.04504453705396002,-0.0728397078279818,0.15077296051346878,12,False,25:65;73:74;83:101;136:150,0.20899579738638024,False,0.302776354008541,40,False
medium,256,32,15,2,晶升速度,1,121,0.04259943418725516,-0.07783252744486646,0.15087278858187592,12,False,25:65;73:74;83:101;136:150,0.20899579738638024,False,0.302776354008541,40,False
medium,256,32,15,2,晶升速度,1,122,0.03771691791182763,-0.08918273024442609,0.14409804136030324,12,False,25:65;73:74;83:101;136:150,0.20899579738638024,False,0.302776354008541,40,False
medium,256,32,15,2,晶升速度,1,123,0.031049913526959662,-0.09475815207921603,0.13632248217833526,12,False,25:65;73:74;83:101;136:150,0.20899579738638024,False,0.302776354008541,40,False
medium,256,32,15,2,晶升速度,1,124,0.024219671363780945,-0.10281167850665361,0.12988393229301226,12,False,25:65;73:74;83:101;136:150,0.20899579738638024,False,0.302776354008541,40,False
medium,256,32,15,2,晶升速度,1,125,0.022425117056158256,-0.10206268188013719,0.1255149427778904,12,False,25:65;73:74;83:101;136:150,0.20899579738638024,False,0.302776354008541,40,False
medium,256,32,15,2,晶升速度,1,126,0.025608649236801822,-0.09904403361006087,0.12442450438419911,12,False,25:65;73:74;83:101;136:150,0.20899579738638024,False,0.302776354008541,40,False
medium,256,32,15,2,晶升速度,1,127,0.031240660116904625,-0.0897340045070448,0.11995709323585797,12,False,25:65;73:74;83:101;136:150,0.20899579738638024,False,0.302776354008541,40,False
medium,256,32,15,2,晶升速度,1,128,0.03719386710618358,-0.0808259180409127,0.11745219613827809,12,False,25:65;73:74;83:101;136:150,0.20899579738638024,False,0.302776354008541,40,False
medium,256,32,15,2,晶升速度,1,129,0.04275286674873509,-0.07034323399356279,0.12818172573335235,12,False,25:65;73:74;83:101;136:150,0.20899579738638024,False,0.302776354008541,40,False
medium,256,32,15,2,晶升速度,1,130,0.04814089669331762,-0.05923621504694086,0.13928547615844092,12,False,25:65;73:74;83:101;136:150,0.20899579738638024,False,0.302776354008541,40,False
medium,256,32,15,2,晶升速度,1,131,0.056020834918180426,-0.04609428468224121,0.15473795252383551,12,False,25:65;73:74;83:101;136:150,0.20899579738638024,False,0.302776354008541,40,False
medium,256,32,15,2,晶升速度,1,132,0.06778110599414117,-0.03674812574887482,0.16632328980019254,12,False,25:65;73:74;83:101;136:150,0.20899579738638024,False,0.302776354008541,40,False
medium,256,32,15,2,晶升速度,1,133,0.08219676792746283,-0.028845995103940168,0.17694948613395395,12,False,25:65;73:74;83:101;136:150,0.20899579738638024,False,0.302776354008541,40,False
medium,256,32,15,2,晶升速度,1,134,0.0968536626210755,-0.013933191307299026,0.1955545789913241,12,False,25:65;73:74;83:101;136:150,0.20899579738638024,False,0.302776354008541,40,False
medium,256,32,15,2,晶升速度,1,135,0.1080208526313073,-0.005117608586721984,0.2123243111108682,12,False,25:65;73:74;83:101;136:150,0.20899579738638024,False,0.302776354008541,40,False
medium,256,32,15,2,晶升速度,1,136,0.12040193328985718,0.005262650503709446,0.22706595134835492,12,True,25:65;73:74;83:101;136:150,0.20899579738638024,False,0.302776354008541,40,False
medium,256,32,15,2,晶升速度,1,137,0.13561257223730883,0.017330293648371534,0.24537542606964982,12,True,25:65;73:74;83:101;136:150,0.20899579738638024,False,0.302776354008541,40,False
medium,256,32,15,2,晶升速度,1,138,0.1501965739984725,0.02693417670160602,0.26292873991932814,12,True,25:65;73:74;83:101;136:150,0.20899579738638024,False,0.302776354008541,40,False
medium,256,32,15,2,晶升速度,1,139,0.165182212117715,0.04444751821092604,0.28187838636354534,12,True,25:65;73:74;83:101;136:150,0.20899579738638024,False,0.302776354008541,40,False
medium,256,32,15,2,晶升速度,1,140,0.17776695497418052,0.057651036834433025,0.3011683143883013,12,True,25:65;73:74;83:101;136:150,0.20899579738638024,False,0.302776354008541,40,False
medium,256,32,15,2,晶升速度,1,141,0.18430722433180405,0.06392919192702441,0.30837152146255775,12,True,25:65;73:74;83:101;136:150,0.20899579738638024,False,0.302776354008541,40,False
medium,256,32,15,2,晶升速度,1,142,0.18416023889485925,0.061467310374866344,0.3086244325561082,12,True,25:65;73:74;83:101;136:150,0.20899579738638024,False,0.302776354008541,40,False
medium,256,32,15,2,晶升速度,1,143,0.1834970969253572,0.056274509512555325,0.30919813746060426,12,True,25:65;73:74;83:101;136:150,0.20899579738638024,False,0.302776354008541,40,False
medium,256,32,15,2,晶升速度,1,144,0.18298241646842472,0.05016450450438593,0.30443432674988935,12,True,25:65;73:74;83:101;136:150,0.20899579738638024,False,0.302776354008541,40,False
medium,256,32,15,2,晶升速度,1,145,0.18532789257800653,0.0491040842812412,0.30121720004999497,12,True,25:65;73:74;83:101;136:150,0.20899579738638024,False,0.302776354008541,40,False
medium,256,32,15,2,晶升速度,1,146,0.18459376421446347,0.04544967464045527,0.30011554498047627,12,True,25:65;73:74;83:101;136:150,0.20899579738638024,False,0.302776354008541,40,False
medium,256,32,15,2,晶升速度,1,147,0.18196692066990872,0.03987850774559288,0.29644933401223383,12,True,25:65;73:74;83:101;136:150,0.20899579738638024,False,0.302776354008541,40,False
medium,256,32,15,2,晶升速度,1,148,0.17957101672319328,0.038293561214954024,0.29762646239271684,12,True,25:65;73:74;83:101;136:150,0.20899579738638024,False,0.302776354008541,40,False
medium,256,32,15,2,晶升速度,1,149,0.17803133677937621,0.039410899687978965,0.3069488344461385,12,True,25:65;73:74;83:101;136:150,0.20899579738638024,False,0.302776354008541,40,False
medium,256,32,15,2,晶升速度,1,150,0.17859485831526903,0.04489066018392414,0.3135002711470669,12,True,25:65;73:74;83:101;136:150,0.20899579738638024,False,0.302776354008541,40,False
medium,256,32,15,2,晶转速度,2,0,0.274024755492867,0.15011238125350612,0.40428173619088054,12,True,0:150,0.15320571222836557,False,0.30565260973674085,125,False
medium,256,32,15,2,晶转速度,2,1,0.2752521806215333,0.15134598780721362,0.40710276344771507,12,True,0:150,0.15320571222836557,False,0.30565260973674085,125,False
medium,256,32,15,2,晶转速度,2,2,0.2744328121230841,0.15098610819402974,0.4066271196598687,12,True,0:150,0.15320571222836557,False,0.30565260973674085,125,False
medium,256,32,15,2,晶转速度,2,3,0.2751443668988958,0.15057147944611268,0.40699714735696524,12,True,0:150,0.15320571222836557,False,0.30565260973674085,125,False
medium,256,32,15,2,晶转速度,2,4,0.27457017585796334,0.14951852235321103,0.4066866845971876,12,True,0:150,0.15320571222836557,False,0.30565260973674085,125,False
medium,256,32,15,2,晶转速度,2,5,0.2745563173357773,0.14838900750774972,0.4057032844947008,12,True,0:150,0.15320571222836557,False,0.30565260973674085,125,False
medium,256,32,15,2,晶转速度,2,6,0.27390198052152925,0.1491631384217552,0.4047047970066241,12,True,0:150,0.15320571222836557,False,0.30565260973674085,125,False
medium,256,32,15,2,晶转速度,2,7,0.2747933557921285,0.1509457026819325,0.40482862758093646,12,True,0:150,0.15320571222836557,False,0.30565260973674085,125,False
medium,256,32,15,2,晶转速度,2,8,0.2763100929275042,0.15151750797915509,0.4071655119924753,12,True,0:150,0.15320571222836557,False,0.30565260973674085,125,False
medium,256,32,15,2,晶转速度,2,9,0.276844084465433,0.15204727076677166,0.40717867566696003,12,True,0:150,0.15320571222836557,False,0.30565260973674085,125,False
medium,256,32,15,2,晶转速度,2,10,0.27803361910954594,0.15320547971471563,0.40873666085831534,12,True,0:150,0.15320571222836557,False,0.30565260973674085,125,False
medium,256,32,15,2,晶转速度,2,11,0.2790542654334763,0.15545524152295045,0.410971447798572,12,True,0:150,0.15320571222836557,False,0.30565260973674085,125,False
medium,256,32,15,2,晶转速度,2,12,0.27760999902477407,0.15327313661497155,0.40915418112183005,12,True,0:150,0.15320571222836557,False,0.30565260973674085,125,False
medium,256,32,15,2,晶转速度,2,13,0.2782844380715062,0.15398138643722664,0.4097121279401024,12,True,0:150,0.15320571222836557,False,0.30565260973674085,125,False
medium,256,32,15,2,晶转速度,2,14,0.2784408114907175,0.1553291115041338,0.4112592726296958,12,True,0:150,0.15320571222836557,False,0.30565260973674085,125,False
medium,256,32,15,2,晶转速度,2,15,0.2785014827257396,0.1550615093110719,0.41174893406374174,12,True,0:150,0.15320571222836557,False,0.30565260973674085,125,False
medium,256,32,15,2,晶转速度,2,16,0.277409824048248,0.15500428400518085,0.4101603547453244,12,True,0:150,0.15320571222836557,False,0.30565260973674085,125,False
medium,256,32,15,2,晶转速度,2,17,0.27722972469588564,0.15690368325179488,0.40910567791433544,12,True,0:150,0.15320571222836557,False,0.30565260973674085,125,False
medium,256,32,15,2,晶转速度,2,18,0.27529066719208306,0.15464594101236795,0.4069724024589958,12,True,0:150,0.15320571222836557,False,0.30565260973674085,125,False
medium,256,32,15,2,晶转速度,2,19,0.27491898256275626,0.1529011127320829,0.4078890907140323,12,True,0:150,0.15320571222836557,False,0.30565260973674085,125,False
medium,256,32,15,2,晶转速度,2,20,0.27382389029439574,0.14828341210197812,0.4077340858105779,12,True,0:150,0.15320571222836557,False,0.30565260973674085,125,False
medium,256,32,15,2,晶转速度,2,21,0.27443678507402663,0.15021103614688847,0.40852382581439195,12,True,0:150,0.15320571222836557,False,0.30565260973674085,125,False
medium,256,32,15,2,晶转速度,2,22,0.27452550363873796,0.1511318496968367,0.40668435771761124,12,True,0:150,0.15320571222836557,False,0.30565260973674085,125,False
medium,256,32,15,2,晶转速度,2,23,0.27330302446092586,0.149850081435106,0.4047974793561301,12,True,0:150,0.15320571222836557,False,0.30565260973674085,125,False
medium,256,32,15,2,晶转速度,2,24,0.2728638749589094,0.15130951545842627,0.4039362360118474,12,True,0:150,0.15320571222836557,False,0.30565260973674085,125,False
medium,256,32,15,2,晶转速度,2,25,0.27086466082273786,0.14709000806964573,0.40259335369300575,12,True,0:150,0.15320571222836557,False,0.30565260973674085,125,False
medium,256,32,15,2,晶转速度,2,26,0.26913315836284235,0.14386878517415044,0.40309435766692664,12,True,0:150,0.15320571222836557,False,0.30565260973674085,125,False
medium,256,32,15,2,晶转速度,2,27,0.27042618633528437,0.14444642667687213,0.40434100762410274,12,True,0:150,0.15320571222836557,False,0.30565260973674085,125,False
medium,256,32,15,2,晶转速度,2,28,0.2703530474176574,0.1460665714009065,0.4030490466671501,12,True,0:150,0.15320571222836557,False,0.30565260973674085,125,False
medium,256,32,15,2,晶转速度,2,29,0.27220392480907085,0.1483714539367334,0.4025291297332858,12,True,0:150,0.15320571222836557,False,0.30565260973674085,125,False
medium,256,32,15,2,晶转速度,2,30,0.27161571850960714,0.14891588603407147,0.4006445506498536,12,True,0:150,0.15320571222836557,False,0.30565260973674085,125,False
medium,256,32,15,2,晶转速度,2,31,0.2721814297328219,0.1507878950776615,0.40293575863062264,12,True,0:150,0.15320571222836557,False,0.30565260973674085,125,False
medium,256,32,15,2,晶转速度,2,32,0.2720000943132441,0.15008628142465247,0.4038941382319791,12,True,0:150,0.15320571222836557,False,0.30565260973674085,125,False
medium,256,32,15,2,晶转速度,2,33,0.2744233086760824,0.15017328546090697,0.40755147901877686,12,True,0:150,0.15320571222836557,False,0.30565260973674085,125,False
medium,256,32,15,2,晶转速度,2,34,0.2755767794928744,0.15308764592793941,0.4092084959352264,12,True,0:150,0.15320571222836557,False,0.30565260973674085,125,False
medium,256,32,15,2,晶转速度,2,35,0.2769320231318109,0.15558414057240558,0.4097055749225432,12,True,0:150,0.15320571222836557,False,0.30565260973674085,125,False
medium,256,32,15,2,晶转速度,2,36,0.27664012072015737,0.15368513371035203,0.40960057385984106,12,True,0:150,0.15320571222836557,False,0.30565260973674085,125,False
medium,256,32,15,2,晶转速度,2,37,0.2760957571305648,0.1527665673035766,0.40657002169693957,12,True,0:150,0.15320571222836557,False,0.30565260973674085,125,False
medium,256,32,15,2,晶转速度,2,38,0.27599959247742945,0.15215446324054682,0.4068822721949942,12,True,0:150,0.15320571222836557,False,0.30565260973674085,125,False
medium,256,32,15,2,晶转速度,2,39,0.27481905285526526,0.1494803441133227,0.4059880967403671,12,True,0:150,0.15320571222836557,False,0.30565260973674085,125,False
medium,256,32,15,2,晶转速度,2,40,0.2771378242377007,0.15341525425106559,0.4102168844476687,12,True,0:150,0.15320571222836557,False,0.30565260973674085,125,False
medium,256,32,15,2,晶转速度,2,41,0.27763081385699306,0.15165313229243765,0.4122386520706308,12,True,0:150,0.15320571222836557,False,0.30565260973674085,125,False
medium,256,32,15,2,晶转速度,2,42,0.27833967548443034,0.1532326126737575,0.41152918087290175,12,True,0:150,0.15320571222836557,False,0.30565260973674085,125,False
medium,256,32,15,2,晶转速度,2,43,0.27843159278433466,0.1545411612167243,0.4131913319248568,12,True,0:150,0.15320571222836557,False,0.30565260973674085,125,False
medium,256,32,15,2,晶转速度,2,44,0.278388404028319,0.15392531512380186,0.4138218021616322,12,True,0:150,0.15320571222836557,False,0.30565260973674085,125,False
medium,256,32,15,2,晶转速度,2,45,0.2786707468466702,0.15491841659775826,0.413803390658777,12,True,0:150,0.15320571222836557,False,0.30565260973674085,125,False
medium,256,32,15,2,晶转速度,2,46,0.2790340772243396,0.15330796631585875,0.4163889842376433,12,True,0:150,0.15320571222836557,False,0.30565260973674085,125,False
medium,256,32,15,2,晶转速度,2,47,0.2790785793535561,0.1539780059178639,0.41601384962736676,12,True,0:150,0.15320571222836557,False,0.30565260973674085,125,False
medium,256,32,15,2,晶转速度,2,48,0.278320316623661,0.15334227571505973,0.415660970953401,12,True,0:150,0.15320571222836557,False,0.30565260973674085,125,False
medium,256,32,15,2,晶转速度,2,49,0.2777718249864899,0.15230924977762303,0.41721184865991484,12,True,0:150,0.15320571222836557,False,0.30565260973674085,125,False
medium,256,32,15,2,晶转速度,2,50,0.27717469382772153,0.15075267977616688,0.41549737836105916,12,True,0:150,0.15320571222836557,False,0.30565260973674085,125,False
medium,256,32,15,2,晶转速度,2,51,0.27664668299895573,0.1499220567379327,0.413732431300695,12,True,0:150,0.15320571222836557,False,0.30565260973674085,125,False
medium,256,32,15,2,晶转速度,2,52,0.277174501702327,0.1517169840563731,0.41329063645747033,12,True,0:150,0.15320571222836557,False,0.30565260973674085,125,False
medium,256,32,15,2,晶转速度,2,53,0.27867675201973574,0.15489886197644376,0.4152953159678204,12,True,0:150,0.15320571222836557,False,0.30565260973674085,125,False
medium,256,32,15,2,晶转速度,2,54,0.2791028267163183,0.15408489745248768,0.41696063156448654,12,True,0:150,0.15320571222836557,False,0.30565260973674085,125,False
medium,256,32,15,2,晶转速度,2,55,0.2802453728440549,0.15597268969080633,0.4184485424534664,12,True,0:150,0.15320571222836557,False,0.30565260973674085,125,False
medium,256,32,15,2,晶转速度,2,56,0.281035194483922,0.1572524314233623,0.41700904388690063,12,True,0:150,0.15320571222836557,False,0.30565260973674085,125,False
medium,256,32,15,2,晶转速度,2,57,0.27916926865935693,0.15481354555112495,0.4145786928651305,12,True,0:150,0.15320571222836557,False,0.30565260973674085,125,False
medium,256,32,15,2,晶转速度,2,58,0.2775013746287689,0.15354541528295695,0.41292560470243256,12,True,0:150,0.15320571222836557,False,0.30565260973674085,125,False
medium,256,32,15,2,晶转速度,2,59,0.2767389872699382,0.1511488455367915,0.4136297848734655,12,True,0:150,0.15320571222836557,False,0.30565260973674085,125,False
medium,256,32,15,2,晶转速度,2,60,0.27828228977057207,0.1526174744558087,0.4160990417695228,12,True,0:150,0.15320571222836557,False,0.30565260973674085,125,False
medium,256,32,15,2,晶转速度,2,61,0.2775789005814441,0.1517128722405727,0.4152779328205071,12,True,0:150,0.15320571222836557,False,0.30565260973674085,125,False
medium,256,32,15,2,晶转速度,2,62,0.27829098961753956,0.1549732181039199,0.4151176246015704,12,True,0:150,0.15320571222836557,False,0.30565260973674085,125,False
medium,256,32,15,2,晶转速度,2,63,0.2787578096450572,0.15670354168555017,0.41558400990472166,12,True,0:150,0.15320571222836557,False,0.30565260973674085,125,False
medium,256,32,15,2,晶转速度,2,64,0.27865457806199334,0.15760339758591302,0.41493341289583946,12,True,0:150,0.15320571222836557,False,0.30565260973674085,125,False
medium,256,32,15,2,晶转速度,2,65,0.2797448614352412,0.16113879899624758,0.4160978372411002,12,True,0:150,0.15320571222836557,False,0.30565260973674085,125,False
medium,256,32,15,2,晶转速度,2,66,0.2805246395940124,0.16169138980467793,0.4145540143042891,12,True,0:150,0.15320571222836557,False,0.30565260973674085,125,False
medium,256,32,15,2,晶转速度,2,67,0.2803927507732836,0.1611644422667732,0.41501728803569043,12,True,0:150,0.15320571222836557,False,0.30565260973674085,125,False
medium,256,32,15,2,晶转速度,2,68,0.2786498769404923,0.15923982622317914,0.4127678633495671,12,True,0:150,0.15320571222836557,False,0.30565260973674085,125,False
medium,256,32,15,2,晶转速度,2,69,0.2783303243034971,0.1596131191638868,0.4117713711757286,12,True,0:150,0.15320571222836557,False,0.30565260973674085,125,False
medium,256,32,15,2,晶转速度,2,70,0.27672681155520373,0.1592421630112785,0.41084156873536043,12,True,0:150,0.15320571222836557,False,0.30565260973674085,125,False
medium,256,32,15,2,晶转速度,2,71,0.2739040521030264,0.1570510298756499,0.4091543074113144,12,True,0:150,0.15320571222836557,False,0.30565260973674085,125,False
medium,256,32,15,2,晶转速度,2,72,0.27456494616398636,0.1570425716608501,0.40800114089816775,12,True,0:150,0.15320571222836557,False,0.30565260973674085,125,False
medium,256,32,15,2,晶转速度,2,73,0.2748249098543579,0.15624850922070507,0.40888524881761956,12,True,0:150,0.15320571222836557,False,0.30565260973674085,125,False
medium,256,32,15,2,晶转速度,2,74,0.27457183402295293,0.15639946663790408,0.4081297336631888,12,True,0:150,0.15320571222836557,False,0.30565260973674085,125,False
medium,256,32,15,2,晶转速度,2,75,0.27371355032029177,0.15619940306753335,0.4045612128264275,12,True,0:150,0.15320571222836557,False,0.30565260973674085,125,False
medium,256,32,15,2,晶转速度,2,76,0.2743092813058638,0.15685091896253595,0.4067578344713219,12,True,0:150,0.15320571222836557,False,0.30565260973674085,125,False
medium,256,32,15,2,晶转速度,2,77,0.27453518576251357,0.15699199350819357,0.40647531761032046,12,True,0:150,0.15320571222836557,False,0.30565260973674085,125,False
medium,256,32,15,2,晶转速度,2,78,0.27589484164078687,0.16007312192094275,0.4083349028629328,12,True,0:150,0.15320571222836557,False,0.30565260973674085,125,False
medium,256,32,15,2,晶转速度,2,79,0.27719637236883765,0.1606891878357415,0.40954142138620026,12,True,0:150,0.15320571222836557,False,0.30565260973674085,125,False
medium,256,32,15,2,晶转速度,2,80,0.2762556276268199,0.16002198735365092,0.40760922399472443,12,True,0:150,0.15320571222836557,False,0.30565260973674085,125,False
medium,256,32,15,2,晶转速度,2,81,0.2747264839428031,0.1573327899544642,0.4042738386757089,12,True,0:150,0.15320571222836557,False,0.30565260973674085,125,False
medium,256,32,15,2,晶转速度,2,82,0.272800949281305,0.1534839061197359,0.398883260234805,12,True,0:150,0.15320571222836557,False,0.30565260973674085,125,False
medium,256,32,15,2,晶转速度,2,83,0.2727281372112616,0.15226542692230274,0.3973588723770316,12,True,0:150,0.15320571222836557,False,0.30565260973674085,125,False
medium,256,32,15,2,晶转速度,2,84,0.27315749627479957,0.1509312261836183,0.3978581974106727,12,True,0:150,0.15320571222836557,False,0.30565260973674085,125,False
medium,256,32,15,2,晶转速度,2,85,0.27308986026688137,0.1526322135606344,0.3963471373381275,12,True,0:150,0.15320571222836557,False,0.30565260973674085,125,False
medium,256,32,15,2,晶转速度,2,86,0.2741734901492684,0.15359724712050413,0.39808903487677894,12,True,0:150,0.15320571222836557,False,0.30565260973674085,125,False
medium,256,32,15,2,晶转速度,2,87,0.275116660913212,0.15590579411988675,0.3964359365621092,12,True,0:150,0.15320571222836557,False,0.30565260973674085,125,False
medium,256,32,15,2,晶转速度,2,88,0.2757878845836276,0.15869812743546147,0.3971837493859848,12,True,0:150,0.15320571222836557,False,0.30565260973674085,125,False
medium,256,32,15,2,晶转速度,2,89,0.2763071507867397,0.15850149823598084,0.39827969543716096,12,True,0:150,0.15320571222836557,False,0.30565260973674085,125,False
medium,256,32,15,2,晶转速度,2,90,0.2767117201717283,0.15928952553864656,0.39739667975750187,12,True,0:150,0.15320571222836557,False,0.30565260973674085,125,False
medium,256,32,15,2,晶转速度,2,91,0.27527034052781896,0.15842951599905247,0.3957575831083007,12,True,0:150,0.15320571222836557,False,0.30565260973674085,125,False
medium,256,32,15,2,晶转速度,2,92,0.2758263056064044,0.1592688657765582,0.3979864886096624,12,True,0:150,0.15320571222836557,False,0.30565260973674085,125,False
medium,256,32,15,2,晶转速度,2,93,0.2732241091448445,0.15663124912761062,0.39708745042643473,12,True,0:150,0.15320571222836557,False,0.30565260973674085,125,False
medium,256,32,15,2,晶转速度,2,94,0.2705272089576212,0.15398485821599558,0.39270781671731414,12,True,0:150,0.15320571222836557,False,0.30565260973674085,125,False
medium,256,32,15,2,晶转速度,2,95,0.27024869537815793,0.15483078313870655,0.39184833356870996,12,True,0:150,0.15320571222836557,False,0.30565260973674085,125,False
medium,256,32,15,2,晶转速度,2,96,0.2704316546177068,0.1547293214438824,0.3921067543903253,12,True,0:150,0.15320571222836557,False,0.30565260973674085,125,False
medium,256,32,15,2,晶转速度,2,97,0.2722223923449036,0.1566046333760228,0.3946335892814873,12,True,0:150,0.15320571222836557,False,0.30565260973674085,125,False
medium,256,32,15,2,晶转速度,2,98,0.2739787233962876,0.158116778583197,0.39437581834976976,12,True,0:150,0.15320571222836557,False,0.30565260973674085,125,False
medium,256,32,15,2,晶转速度,2,99,0.27532301125988773,0.16029569105670202,0.3959383772701647,12,True,0:150,0.15320571222836557,False,0.30565260973674085,125,False
medium,256,32,15,2,晶转速度,2,100,0.27690656490042254,0.1610753919912262,0.39779051075518485,12,True,0:150,0.15320571222836557,False,0.30565260973674085,125,False
medium,256,32,15,2,晶转速度,2,101,0.2798565055556527,0.16480000498071543,0.40205975214910755,12,True,0:150,0.15320571222836557,False,0.30565260973674085,125,False
medium,256,32,15,2,晶转速度,2,102,0.28058879169999906,0.16567604763669447,0.40155080739490806,12,True,0:150,0.15320571222836557,False,0.30565260973674085,125,False
medium,256,32,15,2,晶转速度,2,103,0.2817587957010183,0.16494859098246992,0.4041985790352559,12,True,0:150,0.15320571222836557,False,0.30565260973674085,125,False
medium,256,32,15,2,晶转速度,2,104,0.2817419997811839,0.1636574628726762,0.4047717844420257,12,True,0:150,0.15320571222836557,False,0.30565260973674085,125,False
medium,256,32,15,2,晶转速度,2,105,0.2818903428755761,0.16305499386351047,0.4028846915902702,12,True,0:150,0.15320571222836557,False,0.30565260973674085,125,False
medium,256,32,15,2,晶转速度,2,106,0.2827676276171182,0.164911828894073,0.40808991783195503,12,True,0:150,0.15320571222836557,False,0.30565260973674085,125,False
medium,256,32,15,2,晶转速度,2,107,0.2824053428708836,0.16169821907476895,0.40942442018886793,12,True,0:150,0.15320571222836557,False,0.30565260973674085,125,False
medium,256,32,15,2,晶转速度,2,108,0.284006188935114,0.16328982697403202,0.4096209650414323,12,True,0:150,0.15320571222836557,False,0.30565260973674085,125,False
medium,256,32,15,2,晶转速度,2,109,0.28478224681106273,0.1657447305720933,0.41000204799221757,12,True,0:150,0.15320571222836557,False,0.30565260973674085,125,False
medium,256,32,15,2,晶转速度,2,110,0.28652214942516613,0.16787527865370802,0.41181742599378024,12,True,0:150,0.15320571222836557,False,0.30565260973674085,125,False
medium,256,32,15,2,晶转速度,2,111,0.2894258498198159,0.1699870208994226,0.4129637055974759,12,True,0:150,0.15320571222836557,False,0.30565260973674085,125,False
medium,256,32,15,2,晶转速度,2,112,0.29097252959334097,0.1726875628419831,0.4133974322934972,12,True,0:150,0.15320571222836557,False,0.30565260973674085,125,False
medium,256,32,15,2,晶转速度,2,113,0.292236897526355,0.17457152436591794,0.4154737337173109,12,True,0:150,0.15320571222836557,False,0.30565260973674085,125,False
medium,256,32,15,2,晶转速度,2,114,0.2928611773486209,0.17479195086271315,0.416933923611479,12,True,0:150,0.15320571222836557,False,0.30565260973674085,125,False
medium,256,32,15,2,晶转速度,2,115,0.2949609350903896,0.17794463756288473,0.41830580561873354,12,True,0:150,0.15320571222836557,False,0.30565260973674085,125,False
medium,256,32,15,2,晶转速度,2,116,0.29466407451952426,0.17702173730634524,0.41848896120933937,12,True,0:150,0.15320571222836557,False,0.30565260973674085,125,False
medium,256,32,15,2,晶转速度,2,117,0.29552343617378984,0.17925048830451262,0.4196790868808166,12,True,0:150,0.15320571222836557,False,0.30565260973674085,125,False
medium,256,32,15,2,晶转速度,2,118,0.2964060476067037,0.18005580072812233,0.4210372160743501,12,True,0:150,0.15320571222836557,False,0.30565260973674085,125,False
medium,256,32,15,2,晶转速度,2,119,0.29901270983518957,0.18218049203304842,0.4236941653692235,12,True,0:150,0.15320571222836557,False,0.30565260973674085,125,False
medium,256,32,15,2,晶转速度,2,120,0.29898676533658763,0.1835748030803401,0.42400914707548615,12,True,0:150,0.15320571222836557,False,0.30565260973674085,125,False
medium,256,32,15,2,晶转速度,2,121,0.30004984585465166,0.1859081726738894,0.4272439056366706,12,True,0:150,0.15320571222836557,False,0.30565260973674085,125,False
medium,256,32,15,2,晶转速度,2,122,0.3019958758966561,0.185912924309016,0.4303985099358196,12,True,0:150,0.15320571222836557,False,0.30565260973674085,125,False
medium,256,32,15,2,晶转速度,2,123,0.3030508202409322,0.18394560755841724,0.4292568134053419,12,True,0:150,0.15320571222836557,False,0.30565260973674085,125,False
medium,256,32,15,2,晶转速度,2,124,0.3048603073878355,0.18559815807567118,0.4297686886203026,12,True,0:150,0.15320571222836557,False,0.30565260973674085,125,False
medium,256,32,15,2,晶转速度,2,125,0.30565260973674085,0.18808856191943168,0.4317557525206384,12,True,0:150,0.15320571222836557,True,0.30565260973674085,125,False
medium,256,32,15,2,晶转速度,2,126,0.30274444088393393,0.1847374475425594,0.4291560510151865,12,True,0:150,0.15320571222836557,False,0.30565260973674085,125,False
medium,256,32,15,2,晶转速度,2,127,0.30238327112904084,0.1834470223838779,0.42971243563033695,12,True,0:150,0.15320571222836557,False,0.30565260973674085,125,False
medium,256,32,15,2,晶转速度,2,128,0.30028628937099117,0.18091810151349333,0.42574108825534385,12,True,0:150,0.15320571222836557,False,0.30565260973674085,125,False
medium,256,32,15,2,晶转速度,2,129,0.29977035718775275,0.18253702160664526,0.42435408059436774,12,True,0:150,0.15320571222836557,False,0.30565260973674085,125,False
medium,256,32,15,2,晶转速度,2,130,0.297011491703776,0.18001968310299066,0.42350747938311734,12,True,0:150,0.15320571222836557,False,0.30565260973674085,125,False
medium,256,32,15,2,晶转速度,2,131,0.29595886621493067,0.1801845730778809,0.42186061664178187,12,True,0:150,0.15320571222836557,False,0.30565260973674085,125,False
medium,256,32,15,2,晶转速度,2,132,0.2955745582653059,0.18022933024802568,0.4205487621378598,12,True,0:150,0.15320571222836557,False,0.30565260973674085,125,False
medium,256,32,15,2,晶转速度,2,133,0.2937179989621563,0.17695123953859998,0.4176268214655167,12,True,0:150,0.15320571222836557,False,0.30565260973674085,125,False
medium,256,32,15,2,晶转速度,2,134,0.2915288626185307,0.17451283927366684,0.41526046948471784,12,True,0:150,0.15320571222836557,False,0.30565260973674085,125,False
medium,256,32,15,2,晶转速度,2,135,0.2935950353588808,0.1777200779647511,0.4186984817695443,12,True,0:150,0.15320571222836557,False,0.30565260973674085,125,False
medium,256,32,15,2,晶转速度,2,136,0.2931793491306256,0.17491376085354945,0.4197236500359031,12,True,0:150,0.15320571222836557,False,0.30565260973674085,125,False
medium,256,32,15,2,晶转速度,2,137,0.29178829795318695,0.17200016659124068,0.4196700479244905,12,True,0:150,0.15320571222836557,False,0.30565260973674085,125,False
medium,256,32,15,2,晶转速度,2,138,0.29127959255231906,0.17096162046406807,0.42005568283593386,12,True,0:150,0.15320571222836557,False,0.30565260973674085,125,False
medium,256,32,15,2,晶转速度,2,139,0.2924859838041816,0.17097400642288255,0.4230820792418101,12,True,0:150,0.15320571222836557,False,0.30565260973674085,125,False
medium,256,32,15,2,晶转速度,2,140,0.2912096977809552,0.17010339049843587,0.4248513091173071,12,True,0:150,0.15320571222836557,False,0.30565260973674085,125,False
medium,256,32,15,2,晶转速度,2,141,0.29269295752489954,0.1695548961469486,0.425829587318056,12,True,0:150,0.15320571222836557,False,0.30565260973674085,125,False
medium,256,32,15,2,晶转速度,2,142,0.2920413153902797,0.16825037687702776,0.42291275250629323,12,True,0:150,0.15320571222836557,False,0.30565260973674085,125,False
medium,256,32,15,2,晶转速度,2,143,0.29086772054731086,0.16688854021606958,0.4229317613996102,12,True,0:150,0.15320571222836557,False,0.30565260973674085,125,False
medium,256,32,15,2,晶转速度,2,144,0.28807114257776617,0.1645208078360498,0.41960462925902187,12,True,0:150,0.15320571222836557,False,0.30565260973674085,125,False
medium,256,32,15,2,晶转速度,2,145,0.2866774568417548,0.16332656984908128,0.41762259681019626,12,True,0:150,0.15320571222836557,False,0.30565260973674085,125,False
medium,256,32,15,2,晶转速度,2,146,0.28692873022384574,0.163444803065667,0.4168904679791741,12,True,0:150,0.15320571222836557,False,0.30565260973674085,125,False
medium,256,32,15,2,晶转速度,2,147,0.28434235933879853,0.16069514889566303,0.41363468161936373,12,True,0:150,0.15320571222836557,False,0.30565260973674085,125,False
medium,256,32,15,2,晶转速度,2,148,0.2834024038184532,0.16081912496080147,0.4120645555977397,12,True,0:150,0.15320571222836557,False,0.30565260973674085,125,False
medium,256,32,15,2,晶转速度,2,149,0.28405175902388013,0.16371161552894198,0.41024578453818666,12,True,0:150,0.15320571222836557,False,0.30565260973674085,125,False
medium,256,32,15,2,晶转速度,2,150,0.28230702891419895,0.16388477664056833,0.40571812367630133,12,True,0:150,0.15320571222836557,False,0.30565260973674085,125,False
medium,256,32,15,2,埚升速度,3,0,-0.010807152281417352,-0.1595654310676652,0.13990658022185823,12,False,26:64;95:100;136:150,0.2069172923953205,False,0.2934873010163432,40,False
medium,256,32,15,2,埚升速度,3,1,-0.01645079974896746,-0.16954226218758067,0.13718505567194383,12,False,26:64;95:100;136:150,0.2069172923953205,False,0.2934873010163432,40,False
medium,256,32,15,2,埚升速度,3,2,-0.01389304938612131,-0.17165419904876986,0.14227825301805666,12,False,26:64;95:100;136:150,0.2069172923953205,False,0.2934873010163432,40,False
medium,256,32,15,2,埚升速度,3,3,-0.005920168067662769,-0.16041577409675134,0.1492042978292883,12,False,26:64;95:100;136:150,0.2069172923953205,False,0.2934873010163432,40,False
medium,256,32,15,2,埚升速度,3,4,0.0005967615701780486,-0.15136928557951518,0.15453265158832075,12,False,26:64;95:100;136:150,0.2069172923953205,False,0.2934873010163432,40,False
medium,256,32,15,2,埚升速度,3,5,0.0019158344652852953,-0.1468372315390975,0.15268411801854143,12,False,26:64;95:100;136:150,0.2069172923953205,False,0.2934873010163432,40,False
medium,256,32,15,2,埚升速度,3,6,0.0005311333326508033,-0.14831131777031922,0.1484410739951784,12,False,26:64;95:100;136:150,0.2069172923953205,False,0.2934873010163432,40,False
medium,256,32,15,2,埚升速度,3,7,-0.007105544643992298,-0.15490045330295463,0.13850228394104644,12,False,26:64;95:100;136:150,0.2069172923953205,False,0.2934873010163432,40,False
medium,256,32,15,2,埚升速度,3,8,-0.020263584215939146,-0.16409242973917706,0.11905959803396665,12,False,26:64;95:100;136:150,0.2069172923953205,False,0.2934873010163432,40,False
medium,256,32,15,2,埚升速度,3,9,-0.03968851225554287,-0.1794548071359186,0.0932986787969388,12,False,26:64;95:100;136:150,0.2069172923953205,False,0.2934873010163432,40,False
medium,256,32,15,2,埚升速度,3,10,-0.06097997706595045,-0.20001442741997652,0.06610048062022165,12,False,26:64;95:100;136:150,0.2069172923953205,False,0.2934873010163432,40,False
medium,256,32,15,2,埚升速度,3,11,-0.07748772778875525,-0.21527324693012542,0.04877558219773494,12,False,26:64;95:100;136:150,0.2069172923953205,False,0.2934873010163432,40,False
medium,256,32,15,2,埚升速度,3,12,-0.08575783478679998,-0.2223336098274202,0.04097661228851152,12,False,26:64;95:100;136:150,0.2069172923953205,False,0.2934873010163432,40,False
medium,256,32,15,2,埚升速度,3,13,-0.08040215197708381,-0.21436837956340785,0.0478123925187307,12,False,26:64;95:100;136:150,0.2069172923953205,False,0.2934873010163432,40,False
medium,256,32,15,2,埚升速度,3,14,-0.0644265877702595,-0.19545926525120735,0.06599076015792657,12,False,26:64;95:100;136:150,0.2069172923953205,False,0.2934873010163432,40,False
medium,256,32,15,2,埚升速度,3,15,-0.043512578920630936,-0.17318294834046025,0.08802421574852756,12,False,26:64;95:100;136:150,0.2069172923953205,False,0.2934873010163432,40,False
medium,256,32,15,2,埚升速度,3,16,-0.023610582904870198,-0.1555620555754814,0.10961428890895125,12,False,26:64;95:100;136:150,0.2069172923953205,False,0.2934873010163432,40,False
medium,256,32,15,2,埚升速度,3,17,-0.008247720956693497,-0.14521849760298625,0.12118682543082919,12,False,26:64;95:100;136:150,0.2069172923953205,False,0.2934873010163432,40,False
medium,256,32,15,2,埚升速度,3,18,0.0036814740952630215,-0.14231209136675493,0.13105036804554202,12,False,26:64;95:100;136:150,0.2069172923953205,False,0.2934873010163432,40,False
medium,256,32,15,2,埚升速度,3,19,0.014310008145331381,-0.13787088913703247,0.14131403716367089,12,False,26:64;95:100;136:150,0.2069172923953205,False,0.2934873010163432,40,False
medium,256,32,15,2,埚升速度,3,20,0.02594422077197946,-0.1288761286992124,0.15381310327106024,12,False,26:64;95:100;136:150,0.2069172923953205,False,0.2934873010163432,40,False
medium,256,32,15,2,埚升速度,3,21,0.03979950711540571,-0.11435220610602986,0.16868411569812453,12,False,26:64;95:100;136:150,0.2069172923953205,False,0.2934873010163432,40,False
medium,256,32,15,2,埚升速度,3,22,0.05886070184393855,-0.09711825799613105,0.19141191877074085,12,False,26:64;95:100;136:150,0.2069172923953205,False,0.2934873010163432,40,False
medium,256,32,15,2,埚升速度,3,23,0.08036166371926033,-0.07315746501267716,0.21331295619009658,12,False,26:64;95:100;136:150,0.2069172923953205,False,0.2934873010163432,40,False
medium,256,32,15,2,埚升速度,3,24,0.11020625880495338,-0.04281371539823738,0.24572746911810936,12,False,26:64;95:100;136:150,0.2069172923953205,False,0.2934873010163432,40,False
medium,256,32,15,2,埚升速度,3,25,0.14820696638495442,-0.0027874726572809402,0.2825174174570853,12,False,26:64;95:100;136:150,0.2069172923953205,False,0.2934873010163432,40,False
medium,256,32,15,2,埚升速度,3,26,0.19036456679899463,0.043525334152791764,0.31993707688898354,12,True,26:64;95:100;136:150,0.2069172923953205,False,0.2934873010163432,40,False
medium,256,32,15,2,埚升速度,3,27,0.23306923730829454,0.08785074774500788,0.3542389841633421,12,True,26:64;95:100;136:150,0.2069172923953205,False,0.2934873010163432,40,False
medium,256,32,15,2,埚升速度,3,28,0.2653822389428179,0.11979755376349589,0.37928821218578623,12,True,26:64;95:100;136:150,0.2069172923953205,False,0.2934873010163432,40,False
medium,256,32,15,2,埚升速度,3,29,0.2835426432703581,0.13734784155380597,0.3903331799168074,12,True,26:64;95:100;136:150,0.2069172923953205,False,0.2934873010163432,40,False
medium,256,32,15,2,埚升速度,3,30,0.2913533345927612,0.14663478024974594,0.3999267449606341,12,True,26:64;95:100;136:150,0.2069172923953205,False,0.2934873010163432,40,False
medium,256,32,15,2,埚升速度,3,31,0.28912114057805266,0.1456100179393749,0.4015653776283164,12,True,26:64;95:100;136:150,0.2069172923953205,False,0.2934873010163432,40,False
medium,256,32,15,2,埚升速度,3,32,0.2839106666682582,0.14423419244625912,0.39821296363107933,12,True,26:64;95:100;136:150,0.2069172923953205,False,0.2934873010163432,40,False
medium,256,32,15,2,埚升速度,3,33,0.2789162942524706,0.14566362688693757,0.38701175625340517,12,True,26:64;95:100;136:150,0.2069172923953205,False,0.2934873010163432,40,False
medium,256,32,15,2,埚升速度,3,34,0.27458850400153156,0.14076172673742074,0.37694214756309585,12,True,26:64;95:100;136:150,0.2069172923953205,False,0.2934873010163432,40,False
medium,256,32,15,2,埚升速度,3,35,0.27267111123399124,0.1374095591753279,0.37240229193704855,12,True,26:64;95:100;136:150,0.2069172923953205,False,0.2934873010163432,40,False
medium,256,32,15,2,埚升速度,3,36,0.2736234777604759,0.13716692413518558,0.37431576259861915,12,True,26:64;95:100;136:150,0.2069172923953205,False,0.2934873010163432,40,False
medium,256,32,15,2,埚升速度,3,37,0.2769404984010227,0.14502774299741397,0.3800828271475013,12,True,26:64;95:100;136:150,0.2069172923953205,False,0.2934873010163432,40,False
medium,256,32,15,2,埚升速度,3,38,0.2846668351314785,0.15499786266485385,0.3936205013750806,12,True,26:64;95:100;136:150,0.2069172923953205,False,0.2934873010163432,40,False
medium,256,32,15,2,埚升速度,3,39,0.29140653936255695,0.16469478411951038,0.40216315234780065,12,True,26:64;95:100;136:150,0.2069172923953205,False,0.2934873010163432,40,False
medium,256,32,15,2,埚升速度,3,40,0.2934873010163432,0.16514538004356402,0.40543181543057416,12,True,26:64;95:100;136:150,0.2069172923953205,True,0.2934873010163432,40,False
medium,256,32,15,2,埚升速度,3,41,0.28540124551429596,0.14828500477465315,0.40126142110192514,12,True,26:64;95:100;136:150,0.2069172923953205,False,0.2934873010163432,40,False
medium,256,32,15,2,埚升速度,3,42,0.27119026919434835,0.12726019105715858,0.3918872722236566,12,True,26:64;95:100;136:150,0.2069172923953205,False,0.2934873010163432,40,False
medium,256,32,15,2,埚升速度,3,43,0.2553589578491813,0.10581860131207534,0.37600400121667304,12,True,26:64;95:100;136:150,0.2069172923953205,False,0.2934873010163432,40,False
medium,256,32,15,2,埚升速度,3,44,0.24351775235627396,0.09380098648376357,0.3616130246948466,12,True,26:64;95:100;136:150,0.2069172923953205,False,0.2934873010163432,40,False
medium,256,32,15,2,埚升速度,3,45,0.2357567349422706,0.08311381424924809,0.3581454010628772,12,True,26:64;95:100;136:150,0.2069172923953205,False,0.2934873010163432,40,False
medium,256,32,15,2,埚升速度,3,46,0.2343340155696865,0.07900514530295942,0.3568760482249181,12,True,26:64;95:100;136:150,0.2069172923953205,False,0.2934873010163432,40,False
medium,256,32,15,2,埚升速度,3,47,0.23745008625175465,0.08671945634114685,0.3606195980658116,12,True,26:64;95:100;136:150,0.2069172923953205,False,0.2934873010163432,40,False
medium,256,32,15,2,埚升速度,3,48,0.24064784566311984,0.09602509089089292,0.3633371668983053,12,True,26:64;95:100;136:150,0.2069172923953205,False,0.2934873010163432,40,False
medium,256,32,15,2,埚升速度,3,49,0.24500671969853338,0.1040372831987149,0.36723525099345616,12,True,26:64;95:100;136:150,0.2069172923953205,False,0.2934873010163432,40,False
medium,256,32,15,2,埚升速度,3,50,0.24848061849345235,0.10653398722639656,0.36588971603250275,12,True,26:64;95:100;136:150,0.2069172923953205,False,0.2934873010163432,40,False
medium,256,32,15,2,埚升速度,3,51,0.2495867136453111,0.10771098420284508,0.3640513713220592,12,True,26:64;95:100;136:150,0.2069172923953205,False,0.2934873010163432,40,False
medium,256,32,15,2,埚升速度,3,52,0.24385323207271065,0.10302894069588472,0.35542285895715314,12,True,26:64;95:100;136:150,0.2069172923953205,False,0.2934873010163432,40,False
medium,256,32,15,2,埚升速度,3,53,0.23131948227215068,0.08990276280261518,0.3420460648985297,12,True,26:64;95:100;136:150,0.2069172923953205,False,0.2934873010163432,40,False
medium,256,32,15,2,埚升速度,3,54,0.21548983436374738,0.07178673008376991,0.32461557499462934,12,True,26:64;95:100;136:150,0.2069172923953205,False,0.2934873010163432,40,False
medium,256,32,15,2,埚升速度,3,55,0.19471063136392167,0.05246174360663609,0.30747169327874435,12,True,26:64;95:100;136:150,0.2069172923953205,False,0.2934873010163432,40,False
medium,256,32,15,2,埚升速度,3,56,0.1806059422370375,0.03892341734981928,0.29844777408024153,12,True,26:64;95:100;136:150,0.2069172923953205,False,0.2934873010163432,40,False
medium,256,32,15,2,埚升速度,3,57,0.17157867439380858,0.029014733042018574,0.292217924510122,12,True,26:64;95:100;136:150,0.2069172923953205,False,0.2934873010163432,40,False
medium,256,32,15,2,埚升速度,3,58,0.1680276048073951,0.020922771849479133,0.2888666720564098,12,True,26:64;95:100;136:150,0.2069172923953205,False,0.2934873010163432,40,False
medium,256,32,15,2,埚升速度,3,59,0.1677226856909264,0.021209799227049603,0.2903773271125688,12,True,26:64;95:100;136:150,0.2069172923953205,False,0.2934873010163432,40,False
medium,256,32,15,2,埚升速度,3,60,0.1651567341478847,0.021680946314565443,0.28846150700568984,12,True,26:64;95:100;136:150,0.2069172923953205,False,0.2934873010163432,40,False
medium,256,32,15,2,埚升速度,3,61,0.16248313193796218,0.02006531652696702,0.28500462012889755,12,True,26:64;95:100;136:150,0.2069172923953205,False,0.2934873010163432,40,False
medium,256,32,15,2,埚升速度,3,62,0.15718212399945777,0.015376376234129258,0.2805810575780794,12,True,26:64;95:100;136:150,0.2069172923953205,False,0.2934873010163432,40,False
medium,256,32,15,2,埚升速度,3,63,0.15164179361711994,0.007489179793822076,0.27352739719232594,12,True,26:64;95:100;136:150,0.2069172923953205,False,0.2934873010163432,40,False
medium,256,32,15,2,埚升速度,3,64,0.14623538854011514,0.0012592812874903658,0.2651118541486784,12,True,26:64;95:100;136:150,0.2069172923953205,False,0.2934873010163432,40,False
medium,256,32,15,2,埚升速度,3,65,0.13982620364384676,-0.008685604411553577,0.2566139228558784,12,False,26:64;95:100;136:150,0.2069172923953205,False,0.2934873010163432,40,False
medium,256,32,15,2,埚升速度,3,66,0.1296004547224745,-0.023687990904786318,0.24524665586235744,12,False,26:64;95:100;136:150,0.2069172923953205,False,0.2934873010163432,40,False
medium,256,32,15,2,埚升速度,3,67,0.1193763088847456,-0.03444032703616741,0.23156906736390107,12,False,26:64;95:100;136:150,0.2069172923953205,False,0.2934873010163432,40,False
medium,256,32,15,2,埚升速度,3,68,0.11267777944676523,-0.03733475218575545,0.2268470068297119,12,False,26:64;95:100;136:150,0.2069172923953205,False,0.2934873010163432,40,False
medium,256,32,15,2,埚升速度,3,69,0.10966208610429648,-0.04433214508892004,0.22392194657621564,12,False,26:64;95:100;136:150,0.2069172923953205,False,0.2934873010163432,40,False
medium,256,32,15,2,埚升速度,3,70,0.11554141275882789,-0.03573588572647593,0.23265615119264396,12,False,26:64;95:100;136:150,0.2069172923953205,False,0.2934873010163432,40,False
medium,256,32,15,2,埚升速度,3,71,0.12427645068454056,-0.024255160785364358,0.2476895881742497,12,False,26:64;95:100;136:150,0.2069172923953205,False,0.2934873010163432,40,False
medium,256,32,15,2,埚升速度,3,72,0.13194555989471718,-0.014314518930319183,0.2657110167016922,12,False,26:64;95:100;136:150,0.2069172923953205,False,0.2934873010163432,40,False
medium,256,32,15,2,埚升速度,3,73,0.13447244433398034,-0.011505503938588499,0.26952104447902775,12,False,26:64;95:100;136:150,0.2069172923953205,False,0.2934873010163432,40,False
medium,256,32,15,2,埚升速度,3,74,0.13532984954610672,-0.012686895539274629,0.26821843882560364,12,False,26:64;95:100;136:150,0.2069172923953205,False,0.2934873010163432,40,False
medium,256,32,15,2,埚升速度,3,75,0.1368901248929253,-0.013468076364811812,0.2728691482529187,12,False,26:64;95:100;136:150,0.2069172923953205,False,0.2934873010163432,40,False
medium,256,32,15,2,埚升速度,3,76,0.1357118145458816,-0.016793779819080264,0.2759377623069633,12,False,26:64;95:100;136:150,0.2069172923953205,False,0.2934873010163432,40,False
medium,256,32,15,2,埚升速度,3,77,0.13393576364869936,-0.017268554871474363,0.27821386587259916,12,False,26:64;95:100;136:150,0.2069172923953205,False,0.2934873010163432,40,False
medium,256,32,15,2,埚升速度,3,78,0.13203601149666966,-0.01400861946875597,0.2826401401990365,12,False,26:64;95:100;136:150,0.2069172923953205,False,0.2934873010163432,40,False
medium,256,32,15,2,埚升速度,3,79,0.12741725778468804,-0.013116493345720083,0.2832724175799583,12,False,26:64;95:100;136:150,0.2069172923953205,False,0.2934873010163432,40,False
medium,256,32,15,2,埚升速度,3,80,0.1232800438553171,-0.014242186317341927,0.27967256680919417,12,False,26:64;95:100;136:150,0.2069172923953205,False,0.2934873010163432,40,False
medium,256,32,15,2,埚升速度,3,81,0.12296342709999208,-0.01944778201157199,0.28536169453594523,12,False,26:64;95:100;136:150,0.2069172923953205,False,0.2934873010163432,40,False
medium,256,32,15,2,埚升速度,3,82,0.12999982963780032,-0.012857357732098586,0.2959710077284054,12,False,26:64;95:100;136:150,0.2069172923953205,False,0.2934873010163432,40,False
medium,256,32,15,2,埚升速度,3,83,0.13681359293479944,-0.007539554533708774,0.30466364036079085,12,False,26:64;95:100;136:150,0.2069172923953205,False,0.2934873010163432,40,False
medium,256,32,15,2,埚升速度,3,84,0.14111175194433154,-0.0027271539418039963,0.3066912955425755,12,False,26:64;95:100;136:150,0.2069172923953205,False,0.2934873010163432,40,False
medium,256,32,15,2,埚升速度,3,85,0.14192422577084612,-0.002234478748721569,0.3074621538217413,12,False,26:64;95:100;136:150,0.2069172923953205,False,0.2934873010163432,40,False
medium,256,32,15,2,埚升速度,3,86,0.13786287584927248,-0.008837696281756822,0.3022002985491756,12,False,26:64;95:100;136:150,0.2069172923953205,False,0.2934873010163432,40,False
medium,256,32,15,2,埚升速度,3,87,0.1338488999413547,-0.018063328278889262,0.29293739683480324,12,False,26:64;95:100;136:150,0.2069172923953205,False,0.2934873010163432,40,False
medium,256,32,15,2,埚升速度,3,88,0.13544603641254155,-0.014144880091202372,0.29403945140952215,12,False,26:64;95:100;136:150,0.2069172923953205,False,0.2934873010163432,40,False
medium,256,32,15,2,埚升速度,3,89,0.13589051600704669,-0.006178702373813852,0.2963887480021898,12,False,26:64;95:100;136:150,0.2069172923953205,False,0.2934873010163432,40,False
medium,256,32,15,2,埚升速度,3,90,0.13527792504027633,-0.0066919045425483815,0.2904516741523329,12,False,26:64;95:100;136:150,0.2069172923953205,False,0.2934873010163432,40,False
medium,256,32,15,2,埚升速度,3,91,0.13586970730574693,-0.0073910517522492985,0.28373288915873723,12,False,26:64;95:100;136:150,0.2069172923953205,False,0.2934873010163432,40,False
medium,256,32,15,2,埚升速度,3,92,0.13594857635196952,-0.011466311018354347,0.2790760613795035,12,False,26:64;95:100;136:150,0.2069172923953205,False,0.2934873010163432,40,False
medium,256,32,15,2,埚升速度,3,93,0.1414169863149404,-0.008498330599570393,0.2906599829435157,12,False,26:64;95:100;136:150,0.2069172923953205,False,0.2934873010163432,40,False
medium,256,32,15,2,埚升速度,3,94,0.1474830902583815,-0.0030375612042127954,0.30025567477572823,12,False,26:64;95:100;136:150,0.2069172923953205,False,0.2934873010163432,40,False
medium,256,32,15,2,埚升速度,3,95,0.15224813298780604,0.007289654074361286,0.30492942855006844,12,True,26:64;95:100;136:150,0.2069172923953205,False,0.2934873010163432,40,False
medium,256,32,15,2,埚升速度,3,96,0.1565990333334565,0.01308455082472475,0.30342608239101526,12,True,26:64;95:100;136:150,0.2069172923953205,False,0.2934873010163432,40,False
medium,256,32,15,2,埚升速度,3,97,0.15476879249356967,0.013773445541663763,0.2938162525009641,12,True,26:64;95:100;136:150,0.2069172923953205,False,0.2934873010163432,40,False
medium,256,32,15,2,埚升速度,3,98,0.1479245290608699,0.019437940996989433,0.2748280068995999,12,True,26:64;95:100;136:150,0.2069172923953205,False,0.2934873010163432,40,False
medium,256,32,15,2,埚升速度,3,99,0.1406480846797936,0.019113276317123267,0.26342386094512077,12,True,26:64;95:100;136:150,0.2069172923953205,False,0.2934873010163432,40,False
medium,256,32,15,2,埚升速度,3,100,0.12925983445753025,0.0078120378483584815,0.24782667395300018,12,True,26:64;95:100;136:150,0.2069172923953205,False,0.2934873010163432,40,False
medium,256,32,15,2,埚升速度,3,101,0.11680994153680031,-0.007178391805952499,0.23123375724324166,12,False,26:64;95:100;136:150,0.2069172923953205,False,0.2934873010163432,40,False
medium,256,32,15,2,埚升速度,3,102,0.10502576372555718,-0.018924806957538273,0.21574030667625677,12,False,26:64;95:100;136:150,0.2069172923953205,False,0.2934873010163432,40,False
medium,256,32,15,2,埚升速度,3,103,0.09390660922214544,-0.028644081201379085,0.2022768048018292,12,False,26:64;95:100;136:150,0.2069172923953205,False,0.2934873010163432,40,False
medium,256,32,15,2,埚升速度,3,104,0.08336146493946342,-0.03849581234661107,0.1886712201153212,12,False,26:64;95:100;136:150,0.2069172923953205,False,0.2934873010163432,40,False
medium,256,32,15,2,埚升速度,3,105,0.0723431549733964,-0.04862113127762066,0.17625905174676298,12,False,26:64;95:100;136:150,0.2069172923953205,False,0.2934873010163432,40,False
medium,256,32,15,2,埚升速度,3,106,0.06426920480524678,-0.04948237338080327,0.16682046594094752,12,False,26:64;95:100;136:150,0.2069172923953205,False,0.2934873010163432,40,False
medium,256,32,15,2,埚升速度,3,107,0.05851124494308549,-0.05089631663441142,0.16474338159846097,12,False,26:64;95:100;136:150,0.2069172923953205,False,0.2934873010163432,40,False
medium,256,32,15,2,埚升速度,3,108,0.04931704344644462,-0.05281867589410147,0.15919545529907705,12,False,26:64;95:100;136:150,0.2069172923953205,False,0.2934873010163432,40,False
medium,256,32,15,2,埚升速度,3,109,0.04121395138738849,-0.058395439820725106,0.14871738609828888,12,False,26:64;95:100;136:150,0.2069172923953205,False,0.2934873010163432,40,False
medium,256,32,15,2,埚升速度,3,110,0.033161169112496114,-0.06431412761227624,0.14077726228762152,12,False,26:64;95:100;136:150,0.2069172923953205,False,0.2934873010163432,40,False
medium,256,32,15,2,埚升速度,3,111,0.024168401477101486,-0.08297331504180419,0.13071194970221817,12,False,26:64;95:100;136:150,0.2069172923953205,False,0.2934873010163432,40,False
medium,256,32,15,2,埚升速度,3,112,0.016118839392496948,-0.09411308419477481,0.12104344358448106,12,False,26:64;95:100;136:150,0.2069172923953205,False,0.2934873010163432,40,False
medium,256,32,15,2,埚升速度,3,113,0.015174927419505635,-0.09382126207681862,0.12145440590267426,12,False,26:64;95:100;136:150,0.2069172923953205,False,0.2934873010163432,40,False
medium,256,32,15,2,埚升速度,3,114,0.017728978252977402,-0.09094436578688503,0.12054155891765787,12,False,26:64;95:100;136:150,0.2069172923953205,False,0.2934873010163432,40,False
medium,256,32,15,2,埚升速度,3,115,0.022759446181854184,-0.08890487071148626,0.12470158302641059,12,False,26:64;95:100;136:150,0.2069172923953205,False,0.2934873010163432,40,False
medium,256,32,15,2,埚升速度,3,116,0.02792635348662218,-0.08281688033304771,0.12824646600230952,12,False,26:64;95:100;136:150,0.2069172923953205,False,0.2934873010163432,40,False
medium,256,32,15,2,埚升速度,3,117,0.03118362882408635,-0.07807508969347397,0.13468653890276405,12,False,26:64;95:100;136:150,0.2069172923953205,False,0.2934873010163432,40,False
medium,256,32,15,2,埚升速度,3,118,0.029981358811522932,-0.08189675538384703,0.13436079210106863,12,False,26:64;95:100;136:150,0.2069172923953205,False,0.2934873010163432,40,False
medium,256,32,15,2,埚升速度,3,119,0.02758057148329764,-0.0865647679795536,0.1284345178529159,12,False,26:64;95:100;136:150,0.2069172923953205,False,0.2934873010163432,40,False
medium,256,32,15,2,埚升速度,3,120,0.02823224818906887,-0.08561824441309812,0.12986696009458557,12,False,26:64;95:100;136:150,0.2069172923953205,False,0.2934873010163432,40,False
medium,256,32,15,2,埚升速度,3,121,0.026500697186056073,-0.0912039858167795,0.1303022481277905,12,False,26:64;95:100;136:150,0.2069172923953205,False,0.2934873010163432,40,False
medium,256,32,15,2,埚升速度,3,122,0.021417038720512746,-0.1046430604985321,0.12410613481785823,12,False,26:64;95:100;136:150,0.2069172923953205,False,0.2934873010163432,40,False
medium,256,32,15,2,埚升速度,3,123,0.014254719636980249,-0.1134665719903358,0.11814628277948803,12,False,26:64;95:100;136:150,0.2069172923953205,False,0.2934873010163432,40,False
medium,256,32,15,2,埚升速度,3,124,0.008111061172322,-0.11960597786501341,0.11244880395441394,12,False,26:64;95:100;136:150,0.2069172923953205,False,0.2934873010163432,40,False
medium,256,32,15,2,埚升速度,3,125,0.007517936381284442,-0.1203197033335734,0.11005488328022471,12,False,26:64;95:100;136:150,0.2069172923953205,False,0.2934873010163432,40,False
medium,256,32,15,2,埚升速度,3,126,0.010589019714318068,-0.11562788812905707,0.10840636909064581,12,False,26:64;95:100;136:150,0.2069172923953205,False,0.2934873010163432,40,False
medium,256,32,15,2,埚升速度,3,127,0.016936602595977672,-0.10416038294459787,0.10834737777095406,12,False,26:64;95:100;136:150,0.2069172923953205,False,0.2934873010163432,40,False
medium,256,32,15,2,埚升速度,3,128,0.023248549804488785,-0.08989982123782936,0.11340300919950214,12,False,26:64;95:100;136:150,0.2069172923953205,False,0.2934873010163432,40,False
medium,256,32,15,2,埚升速度,3,129,0.028911962933039,-0.08046115121739812,0.1241179356602058,12,False,26:64;95:100;136:150,0.2069172923953205,False,0.2934873010163432,40,False
medium,256,32,15,2,埚升速度,3,130,0.0349795021039832,-0.06986064123592768,0.13785200609895173,12,False,26:64;95:100;136:150,0.2069172923953205,False,0.2934873010163432,40,False
medium,256,32,15,2,埚升速度,3,131,0.04546807143384608,-0.05568030549861742,0.1503126099484106,12,False,26:64;95:100;136:150,0.2069172923953205,False,0.2934873010163432,40,False
medium,256,32,15,2,埚升速度,3,132,0.058397306916193714,-0.04436737122837482,0.16393115975939387,12,False,26:64;95:100;136:150,0.2069172923953205,False,0.2934873010163432,40,False
medium,256,32,15,2,埚升速度,3,133,0.07335557155996023,-0.033284331848212584,0.16730840406895708,12,False,26:64;95:100;136:150,0.2069172923953205,False,0.2934873010163432,40,False
medium,256,32,15,2,埚升速度,3,134,0.08873369586097157,-0.019992041326544804,0.18940684294677232,12,False,26:64;95:100;136:150,0.2069172923953205,False,0.2934873010163432,40,False
medium,256,32,15,2,埚升速度,3,135,0.10147448825861684,-0.009012995510063097,0.209641737735537,12,False,26:64;95:100;136:150,0.2069172923953205,False,0.2934873010163432,40,False
medium,256,32,15,2,埚升速度,3,136,0.11564976546208128,0.007526025161436032,0.2293686965951978,12,True,26:64;95:100;136:150,0.2069172923953205,False,0.2934873010163432,40,False
medium,256,32,15,2,埚升速度,3,137,0.13181087572037578,0.022773610699855656,0.24585970018722691,12,True,26:64;95:100;136:150,0.2069172923953205,False,0.2934873010163432,40,False
medium,256,32,15,2,埚升速度,3,138,0.14817216220087637,0.03692532102755621,0.2648678284777462,12,True,26:64;95:100;136:150,0.2069172923953205,False,0.2934873010163432,40,False
medium,256,32,15,2,埚升速度,3,139,0.1638252195594722,0.05245848340561123,0.282859553546374,12,True,26:64;95:100;136:150,0.2069172923953205,False,0.2934873010163432,40,False
medium,256,32,15,2,埚升速度,3,140,0.17562211666430608,0.06476350007029896,0.2991321307565495,12,True,26:64;95:100;136:150,0.2069172923953205,False,0.2934873010163432,40,False
medium,256,32,15,2,埚升速度,3,141,0.18231820650869474,0.06914350974802665,0.3101495647290201,12,True,26:64;95:100;136:150,0.2069172923953205,False,0.2934873010163432,40,False
medium,256,32,15,2,埚升速度,3,142,0.18211951973579327,0.06268786787222176,0.3084934791617636,12,True,26:64;95:100;136:150,0.2069172923953205,False,0.2934873010163432,40,False
medium,256,32,15,2,埚升速度,3,143,0.17976278105297663,0.056108206145877124,0.3060698898789031,12,True,26:64;95:100;136:150,0.2069172923953205,False,0.2934873010163432,40,False
medium,256,32,15,2,埚升速度,3,144,0.17702999798745037,0.05017537495386195,0.30050462656308957,12,True,26:64;95:100;136:150,0.2069172923953205,False,0.2934873010163432,40,False
medium,256,32,15,2,埚升速度,3,145,0.17538040310928368,0.04583049587615914,0.2932937455124788,12,True,26:64;95:100;136:150,0.2069172923953205,False,0.2934873010163432,40,False
medium,256,32,15,2,埚升速度,3,146,0.17235744851530765,0.03955138849041016,0.28742388640404026,12,True,26:64;95:100;136:150,0.2069172923953205,False,0.2934873010163432,40,False
medium,256,32,15,2,埚升速度,3,147,0.16819634788887478,0.032511486431819586,0.28234475336842135,12,True,26:64;95:100;136:150,0.2069172923953205,False,0.2934873010163432,40,False
medium,256,32,15,2,埚升速度,3,148,0.1652058455893935,0.029525101106882327,0.28476052469404023,12,True,26:64;95:100;136:150,0.2069172923953205,False,0.2934873010163432,40,False
medium,256,32,15,2,埚升速度,3,149,0.1634312129431599,0.02548619415190381,0.28979886043142356,12,True,26:64;95:100;136:150,0.2069172923953205,False,0.2934873010163432,40,False
medium,256,32,15,2,埚升速度,3,150,0.1630913637524428,0.02789600086430566,0.29794712963411313,12,True,26:64;95:100;136:150,0.2069172923953205,False,0.2934873010163432,40,False
medium,256,32,15,2,埚转速度,4,0,0.016288432303992517,-0.021417368506469876,0.05625907365350128,12,False,15:15;61:62;100:100;105:105;134:136,0.07465674514189413,False,0.03952639983491472,134,True
medium,256,32,15,2,埚转速度,4,1,0.01173961782400983,-0.027848517620366022,0.051935120782398085,12,False,15:15;61:62;100:100;105:105;134:136,0.07465674514189413,False,0.03952639983491472,134,True
medium,256,32,15,2,埚转速度,4,2,0.011595268429826434,-0.028355431137983944,0.048694873088967756,12,False,15:15;61:62;100:100;105:105;134:136,0.07465674514189413,False,0.03952639983491472,134,True
medium,256,32,15,2,埚转速度,4,3,0.009444111786489998,-0.024031755109643286,0.046182791619637294,12,False,15:15;61:62;100:100;105:105;134:136,0.07465674514189413,False,0.03952639983491472,134,True
medium,256,32,15,2,埚转速度,4,4,0.0007734687052404275,-0.03089898540625189,0.03976286105536587,12,False,15:15;61:62;100:100;105:105;134:136,0.07465674514189413,False,0.03952639983491472,134,True
medium,256,32,15,2,埚转速度,4,5,0.00887512609979477,-0.024695974830737627,0.0490331667654201,12,False,15:15;61:62;100:100;105:105;134:136,0.07465674514189413,False,0.03952639983491472,134,True
medium,256,32,15,2,埚转速度,4,6,0.0028899665803366337,-0.026278783301291183,0.0336092980358996,12,False,15:15;61:62;100:100;105:105;134:136,0.07465674514189413,False,0.03952639983491472,134,True
medium,256,32,15,2,埚转速度,4,7,0.009368753145792452,-0.023345797354723547,0.03788087774083323,12,False,15:15;61:62;100:100;105:105;134:136,0.07465674514189413,False,0.03952639983491472,134,True
medium,256,32,15,2,埚转速度,4,8,0.011056187431039553,-0.01925434044342052,0.042926179479301343,12,False,15:15;61:62;100:100;105:105;134:136,0.07465674514189413,False,0.03952639983491472,134,True
medium,256,32,15,2,埚转速度,4,9,0.010403472606274004,-0.029009595629145637,0.04001263781115401,12,False,15:15;61:62;100:100;105:105;134:136,0.07465674514189413,False,0.03952639983491472,134,True
medium,256,32,15,2,埚转速度,4,10,0.0022506849093950096,-0.037288822454403986,0.03670812244524402,12,False,15:15;61:62;100:100;105:105;134:136,0.07465674514189413,False,0.03952639983491472,134,True
medium,256,32,15,2,埚转速度,4,11,-0.009814556998980456,-0.04914834144017385,0.02856044381186642,12,False,15:15;61:62;100:100;105:105;134:136,0.07465674514189413,False,0.03952639983491472,134,True
medium,256,32,15,2,埚转速度,4,12,-0.01194463351544754,-0.053917669089025025,0.023699215941272427,12,False,15:15;61:62;100:100;105:105;134:136,0.07465674514189413,False,0.03952639983491472,134,True
medium,256,32,15,2,埚转速度,4,13,-0.021724473036339103,-0.056843464219821005,0.020188147139393143,12,False,15:15;61:62;100:100;105:105;134:136,0.07465674514189413,False,0.03952639983491472,134,True
medium,256,32,15,2,埚转速度,4,14,-0.020804867234717365,-0.062224448563545864,0.01856768479415101,12,False,15:15;61:62;100:100;105:105;134:136,0.07465674514189413,False,0.03952639983491472,134,True
medium,256,32,15,2,埚转速度,4,15,-0.0299556205891794,-0.07145771273260207,-0.0034012278242753786,12,True,15:15;61:62;100:100;105:105;134:136,0.07465674514189413,False,0.03952639983491472,134,True
medium,256,32,15,2,埚转速度,4,16,-0.026903407817038094,-0.06822561660449321,0.007904753947487762,12,False,15:15;61:62;100:100;105:105;134:136,0.07465674514189413,False,0.03952639983491472,134,True
medium,256,32,15,2,埚转速度,4,17,-0.02713186469794429,-0.06335707653490483,0.010438128373532519,12,False,15:15;61:62;100:100;105:105;134:136,0.07465674514189413,False,0.03952639983491472,134,True
medium,256,32,15,2,埚转速度,4,18,-0.027219697757243606,-0.057346174080000534,0.0085405511742955,12,False,15:15;61:62;100:100;105:105;134:136,0.07465674514189413,False,0.03952639983491472,134,True
medium,256,32,15,2,埚转速度,4,19,-0.015562903691072365,-0.052418530671421174,0.02168624832836076,12,False,15:15;61:62;100:100;105:105;134:136,0.07465674514189413,False,0.03952639983491472,134,True
medium,256,32,15,2,埚转速度,4,20,-0.01409211393724316,-0.046106375198261024,0.026263524004146485,12,False,15:15;61:62;100:100;105:105;134:136,0.07465674514189413,False,0.03952639983491472,134,True
medium,256,32,15,2,埚转速度,4,21,-0.016967727855647513,-0.06047711098538708,0.024003935781922902,12,False,15:15;61:62;100:100;105:105;134:136,0.07465674514189413,False,0.03952639983491472,134,True
medium,256,32,15,2,埚转速度,4,22,-0.014427281542886283,-0.05635978869817821,0.028911091254332794,12,False,15:15;61:62;100:100;105:105;134:136,0.07465674514189413,False,0.03952639983491472,134,True
medium,256,32,15,2,埚转速度,4,23,-0.024247548193338186,-0.05952862974983231,0.019911316845479463,12,False,15:15;61:62;100:100;105:105;134:136,0.07465674514189413,False,0.03952639983491472,134,True
medium,256,32,15,2,埚转速度,4,24,-0.027743042679460553,-0.06811163087484062,0.013354085228160558,12,False,15:15;61:62;100:100;105:105;134:136,0.07465674514189413,False,0.03952639983491472,134,True
medium,256,32,15,2,埚转速度,4,25,-0.027833380339879508,-0.06429745270072502,0.00203837603024607,12,False,15:15;61:62;100:100;105:105;134:136,0.07465674514189413,False,0.03952639983491472,134,True
medium,256,32,15,2,埚转速度,4,26,-0.03120773307015611,-0.06892714808061101,0.0056764046415637625,12,False,15:15;61:62;100:100;105:105;134:136,0.07465674514189413,False,0.03952639983491472,134,True
medium,256,32,15,2,埚转速度,4,27,-0.029217801438757365,-0.06659280744244675,0.00775763877209272,12,False,15:15;61:62;100:100;105:105;134:136,0.07465674514189413,False,0.03952639983491472,134,True
medium,256,32,15,2,埚转速度,4,28,-0.025465282926096306,-0.07063380318742928,0.01229542667966133,12,False,15:15;61:62;100:100;105:105;134:136,0.07465674514189413,False,0.03952639983491472,134,True
medium,256,32,15,2,埚转速度,4,29,-0.022821380423871353,-0.06700249290278797,0.020462283094626797,12,False,15:15;61:62;100:100;105:105;134:136,0.07465674514189413,False,0.03952639983491472,134,True
medium,256,32,15,2,埚转速度,4,30,-0.011285288543371208,-0.054394501313386814,0.03116996949097519,12,False,15:15;61:62;100:100;105:105;134:136,0.07465674514189413,False,0.03952639983491472,134,True
medium,256,32,15,2,埚转速度,4,31,-0.008858788844923885,-0.04677624044174296,0.03306848625347113,12,False,15:15;61:62;100:100;105:105;134:136,0.07465674514189413,False,0.03952639983491472,134,True
medium,256,32,15,2,埚转速度,4,32,-0.008563617319753138,-0.052012369080774994,0.03542586879253297,12,False,15:15;61:62;100:100;105:105;134:136,0.07465674514189413,False,0.03952639983491472,134,True
medium,256,32,15,2,埚转速度,4,33,-0.004738705542851812,-0.05368820561171281,0.04340793073169985,12,False,15:15;61:62;100:100;105:105;134:136,0.07465674514189413,False,0.03952639983491472,134,True
medium,256,32,15,2,埚转速度,4,34,-0.007184164885350178,-0.04849167131874843,0.029914778662442403,12,False,15:15;61:62;100:100;105:105;134:136,0.07465674514189413,False,0.03952639983491472,134,True
medium,256,32,15,2,埚转速度,4,35,-0.018719911000833558,-0.06019661782718237,0.014249903398081978,12,False,15:15;61:62;100:100;105:105;134:136,0.07465674514189413,False,0.03952639983491472,134,True
medium,256,32,15,2,埚转速度,4,36,-0.019578267869669503,-0.0603933722322848,0.01531232063851095,12,False,15:15;61:62;100:100;105:105;134:136,0.07465674514189413,False,0.03952639983491472,134,True
medium,256,32,15,2,埚转速度,4,37,-0.016816703811618768,-0.056198428489205386,0.010218559560480461,12,False,15:15;61:62;100:100;105:105;134:136,0.07465674514189413,False,0.03952639983491472,134,True
medium,256,32,15,2,埚转速度,4,38,-0.009996521966676174,-0.04889787348950359,0.027494280164006568,12,False,15:15;61:62;100:100;105:105;134:136,0.07465674514189413,False,0.03952639983491472,134,True
medium,256,32,15,2,埚转速度,4,39,-0.008209572963710943,-0.04620856908545257,0.035248805747499085,12,False,15:15;61:62;100:100;105:105;134:136,0.07465674514189413,False,0.03952639983491472,134,True
medium,256,32,15,2,埚转速度,4,40,-0.00245437216998432,-0.041873485684235226,0.032249797809242135,12,False,15:15;61:62;100:100;105:105;134:136,0.07465674514189413,False,0.03952639983491472,134,True
medium,256,32,15,2,埚转速度,4,41,0.0038812396403991515,-0.03589644849569961,0.048345497024900846,12,False,15:15;61:62;100:100;105:105;134:136,0.07465674514189413,False,0.03952639983491472,134,True
medium,256,32,15,2,埚转速度,4,42,0.0022349509720065055,-0.03517815201929416,0.04217382436981551,12,False,15:15;61:62;100:100;105:105;134:136,0.07465674514189413,False,0.03952639983491472,134,True
medium,256,32,15,2,埚转速度,4,43,0.017785990858251714,-0.015437074652589821,0.07158682786969871,12,False,15:15;61:62;100:100;105:105;134:136,0.07465674514189413,False,0.03952639983491472,134,True
medium,256,32,15,2,埚转速度,4,44,0.02989828898412715,-0.001617889305207243,0.08017601080661896,12,False,15:15;61:62;100:100;105:105;134:136,0.07465674514189413,False,0.03952639983491472,134,True
medium,256,32,15,2,埚转速度,4,45,0.03020497252248695,-0.005173753370665596,0.06972427691054371,12,False,15:15;61:62;100:100;105:105;134:136,0.07465674514189413,False,0.03952639983491472,134,True
medium,256,32,15,2,埚转速度,4,46,0.02850908780530814,-0.00900187809988155,0.0633408241462542,12,False,15:15;61:62;100:100;105:105;134:136,0.07465674514189413,False,0.03952639983491472,134,True
medium,256,32,15,2,埚转速度,4,47,0.02223149888123799,-0.016152584845937217,0.06811121656798845,12,False,15:15;61:62;100:100;105:105;134:136,0.07465674514189413,False,0.03952639983491472,134,True
medium,256,32,15,2,埚转速度,4,48,0.010375144793092494,-0.032847693071165626,0.05616823679093124,12,False,15:15;61:62;100:100;105:105;134:136,0.07465674514189413,False,0.03952639983491472,134,True
medium,256,32,15,2,埚转速度,4,49,0.006873910265670311,-0.030673123526716625,0.047895052324327565,12,False,15:15;61:62;100:100;105:105;134:136,0.07465674514189413,False,0.03952639983491472,134,True
medium,256,32,15,2,埚转速度,4,50,0.007279014356584181,-0.028094778129546145,0.04334441051409694,12,False,15:15;61:62;100:100;105:105;134:136,0.07465674514189413,False,0.03952639983491472,134,True
medium,256,32,15,2,埚转速度,4,51,0.013964454448851108,-0.023004368838345113,0.049401970522000585,12,False,15:15;61:62;100:100;105:105;134:136,0.07465674514189413,False,0.03952639983491472,134,True
medium,256,32,15,2,埚转速度,4,52,0.010861891443324606,-0.02629643031766684,0.04353558206217132,12,False,15:15;61:62;100:100;105:105;134:136,0.07465674514189413,False,0.03952639983491472,134,True
medium,256,32,15,2,埚转速度,4,53,0.003118506966627599,-0.03559919287771721,0.0399369585431695,12,False,15:15;61:62;100:100;105:105;134:136,0.07465674514189413,False,0.03952639983491472,134,True
medium,256,32,15,2,埚转速度,4,54,0.003260104383482549,-0.031172452133085206,0.0356439555991953,12,False,15:15;61:62;100:100;105:105;134:136,0.07465674514189413,False,0.03952639983491472,134,True
medium,256,32,15,2,埚转速度,4,55,0.007454029618918907,-0.02873039005192026,0.04178002235433548,12,False,15:15;61:62;100:100;105:105;134:136,0.07465674514189413,False,0.03952639983491472,134,True
medium,256,32,15,2,埚转速度,4,56,0.006858606917441589,-0.028887011686002807,0.039367405583385855,12,False,15:15;61:62;100:100;105:105;134:136,0.07465674514189413,False,0.03952639983491472,134,True
medium,256,32,15,2,埚转速度,4,57,0.00404020006407235,-0.03576323874327589,0.044888816629274964,12,False,15:15;61:62;100:100;105:105;134:136,0.07465674514189413,False,0.03952639983491472,134,True
medium,256,32,15,2,埚转速度,4,58,-0.003224521882366773,-0.0410156623877779,0.027325960731811542,12,False,15:15;61:62;100:100;105:105;134:136,0.07465674514189413,False,0.03952639983491472,134,True
medium,256,32,15,2,埚转速度,4,59,-0.021667227416500765,-0.05827435010919127,0.009510225117525112,12,False,15:15;61:62;100:100;105:105;134:136,0.07465674514189413,False,0.03952639983491472,134,True
medium,256,32,15,2,埚转速度,4,60,-0.028209183690864517,-0.06498806584230886,0.003844049581346813,12,False,15:15;61:62;100:100;105:105;134:136,0.07465674514189413,False,0.03952639983491472,134,True
medium,256,32,15,2,埚转速度,4,61,-0.030783575165900794,-0.06825127765828688,-0.0019494159314150654,12,True,15:15;61:62;100:100;105:105;134:136,0.07465674514189413,False,0.03952639983491472,134,True
medium,256,32,15,2,埚转速度,4,62,-0.03695422070923265,-0.07925398840121055,-0.009089816488142444,12,True,15:15;61:62;100:100;105:105;134:136,0.07465674514189413,False,0.03952639983491472,134,True
medium,256,32,15,2,埚转速度,4,63,-0.026624393931471587,-0.055139997142935125,0.0011709303159897365,12,False,15:15;61:62;100:100;105:105;134:136,0.07465674514189413,False,0.03952639983491472,134,True
medium,256,32,15,2,埚转速度,4,64,-0.023983585875383358,-0.06189190821999941,0.012851890794204106,12,False,15:15;61:62;100:100;105:105;134:136,0.07465674514189413,False,0.03952639983491472,134,True
medium,256,32,15,2,埚转速度,4,65,-0.011287323627580509,-0.05113990387739734,0.026079502207395026,12,False,15:15;61:62;100:100;105:105;134:136,0.07465674514189413,False,0.03952639983491472,134,True
medium,256,32,15,2,埚转速度,4,66,-0.011760335884881179,-0.04850627574285572,0.04040031947069848,12,False,15:15;61:62;100:100;105:105;134:136,0.07465674514189413,False,0.03952639983491472,134,True
medium,256,32,15,2,埚转速度,4,67,-0.017825307908255407,-0.048975531111147934,0.024749823786847584,12,False,15:15;61:62;100:100;105:105;134:136,0.07465674514189413,False,0.03952639983491472,134,True
medium,256,32,15,2,埚转速度,4,68,-0.013325022417092559,-0.043394472737494666,0.015909751932574316,12,False,15:15;61:62;100:100;105:105;134:136,0.07465674514189413,False,0.03952639983491472,134,True
medium,256,32,15,2,埚转速度,4,69,-0.007919860355128466,-0.04631698876591443,0.021594150256454385,12,False,15:15;61:62;100:100;105:105;134:136,0.07465674514189413,False,0.03952639983491472,134,True
medium,256,32,15,2,埚转速度,4,70,-0.01824577580426635,-0.051936739459226285,0.012350697153991539,12,False,15:15;61:62;100:100;105:105;134:136,0.07465674514189413,False,0.03952639983491472,134,True
medium,256,32,15,2,埚转速度,4,71,-0.024268850280244666,-0.058146520925720514,0.012155854179851546,12,False,15:15;61:62;100:100;105:105;134:136,0.07465674514189413,False,0.03952639983491472,134,True
medium,256,32,15,2,埚转速度,4,72,-0.028835481410318345,-0.06783568350723633,0.01216487527843091,12,False,15:15;61:62;100:100;105:105;134:136,0.07465674514189413,False,0.03952639983491472,134,True
medium,256,32,15,2,埚转速度,4,73,-0.03165804438479704,-0.061343542163888966,0.008985330896160952,12,False,15:15;61:62;100:100;105:105;134:136,0.07465674514189413,False,0.03952639983491472,134,True
medium,256,32,15,2,埚转速度,4,74,-0.028171924940889846,-0.054882533973585626,0.00808584433250302,12,False,15:15;61:62;100:100;105:105;134:136,0.07465674514189413,False,0.03952639983491472,134,True
medium,256,32,15,2,埚转速度,4,75,-0.03249785387423456,-0.05898781741822107,0.0039281454834180895,12,False,15:15;61:62;100:100;105:105;134:136,0.07465674514189413,False,0.03952639983491472,134,True
medium,256,32,15,2,埚转速度,4,76,-0.028667856618456986,-0.061923630748584244,0.011813913666586715,12,False,15:15;61:62;100:100;105:105;134:136,0.07465674514189413,False,0.03952639983491472,134,True
medium,256,32,15,2,埚转速度,4,77,-0.02124103493138287,-0.058038617298536425,0.012211228687501345,12,False,15:15;61:62;100:100;105:105;134:136,0.07465674514189413,False,0.03952639983491472,134,True
medium,256,32,15,2,埚转速度,4,78,-0.018376896793048374,-0.058831601820880146,0.0203218818420136,12,False,15:15;61:62;100:100;105:105;134:136,0.07465674514189413,False,0.03952639983491472,134,True
medium,256,32,15,2,埚转速度,4,79,-0.008750202838543428,-0.048674112197450235,0.024651629150890288,12,False,15:15;61:62;100:100;105:105;134:136,0.07465674514189413,False,0.03952639983491472,134,True
medium,256,32,15,2,埚转速度,4,80,-0.01559871436173189,-0.05646625551155712,0.02275498655156196,12,False,15:15;61:62;100:100;105:105;134:136,0.07465674514189413,False,0.03952639983491472,134,True
medium,256,32,15,2,埚转速度,4,81,-0.0190776609388816,-0.060966915749313184,0.018409883154605847,12,False,15:15;61:62;100:100;105:105;134:136,0.07465674514189413,False,0.03952639983491472,134,True
medium,256,32,15,2,埚转速度,4,82,-0.014878203069862005,-0.05967418987895698,0.02344766948919605,12,False,15:15;61:62;100:100;105:105;134:136,0.07465674514189413,False,0.03952639983491472,134,True
medium,256,32,15,2,埚转速度,4,83,-0.010494240711290709,-0.060571744140416,0.030985678751224023,12,False,15:15;61:62;100:100;105:105;134:136,0.07465674514189413,False,0.03952639983491472,134,True
medium,256,32,15,2,埚转速度,4,84,-0.011010344356787561,-0.06197779116880111,0.03688514418299639,12,False,15:15;61:62;100:100;105:105;134:136,0.07465674514189413,False,0.03952639983491472,134,True
medium,256,32,15,2,埚转速度,4,85,-0.012167319871934345,-0.05563448068841066,0.03779432250259324,12,False,15:15;61:62;100:100;105:105;134:136,0.07465674514189413,False,0.03952639983491472,134,True
medium,256,32,15,2,埚转速度,4,86,-0.0017603672284906917,-0.04928040203413701,0.04190242855474539,12,False,15:15;61:62;100:100;105:105;134:136,0.07465674514189413,False,0.03952639983491472,134,True
medium,256,32,15,2,埚转速度,4,87,0.005582955783261641,-0.040843637750062466,0.055851720747722246,12,False,15:15;61:62;100:100;105:105;134:136,0.07465674514189413,False,0.03952639983491472,134,True
medium,256,32,15,2,埚转速度,4,88,-0.0024789133803415045,-0.03368133963843269,0.048678919817430846,12,False,15:15;61:62;100:100;105:105;134:136,0.07465674514189413,False,0.03952639983491472,134,True
medium,256,32,15,2,埚转速度,4,89,0.01298084797423312,-0.027544273033062883,0.07031439962806492,12,False,15:15;61:62;100:100;105:105;134:136,0.07465674514189413,False,0.03952639983491472,134,True
medium,256,32,15,2,埚转速度,4,90,0.01942422352014824,-0.01898860650794899,0.07093897923336563,12,False,15:15;61:62;100:100;105:105;134:136,0.07465674514189413,False,0.03952639983491472,134,True
medium,256,32,15,2,埚转速度,4,91,0.020512712554377432,-0.024260456477065328,0.06195209120400992,12,False,15:15;61:62;100:100;105:105;134:136,0.07465674514189413,False,0.03952639983491472,134,True
medium,256,32,15,2,埚转速度,4,92,0.01891475133089087,-0.02035835931383667,0.06538385544008411,12,False,15:15;61:62;100:100;105:105;134:136,0.07465674514189413,False,0.03952639983491472,134,True
medium,256,32,15,2,埚转速度,4,93,0.023247577960075587,-0.01734770774961258,0.0650264803160963,12,False,15:15;61:62;100:100;105:105;134:136,0.07465674514189413,False,0.03952639983491472,134,True
medium,256,32,15,2,埚转速度,4,94,0.015366236216337958,-0.025078052702638947,0.054871106345864944,12,False,15:15;61:62;100:100;105:105;134:136,0.07465674514189413,False,0.03952639983491472,134,True
medium,256,32,15,2,埚转速度,4,95,0.01349082717505907,-0.021586401691696785,0.0540251412842723,12,False,15:15;61:62;100:100;105:105;134:136,0.07465674514189413,False,0.03952639983491472,134,True
medium,256,32,15,2,埚转速度,4,96,0.00820950016254999,-0.029248337593027952,0.049845296752446526,12,False,15:15;61:62;100:100;105:105;134:136,0.07465674514189413,False,0.03952639983491472,134,True
medium,256,32,15,2,埚转速度,4,97,0.010693187332387001,-0.028630753040959016,0.051762005334310225,12,False,15:15;61:62;100:100;105:105;134:136,0.07465674514189413,False,0.03952639983491472,134,True
medium,256,32,15,2,埚转速度,4,98,0.013282748090794758,-0.02412855103376601,0.04459853851364834,12,False,15:15;61:62;100:100;105:105;134:136,0.07465674514189413,False,0.03952639983491472,134,True
medium,256,32,15,2,埚转速度,4,99,0.015099097720399827,-0.02155188797569094,0.055162268538296304,12,False,15:15;61:62;100:100;105:105;134:136,0.07465674514189413,False,0.03952639983491472,134,True
medium,256,32,15,2,埚转速度,4,100,0.02847867749529931,0.0007633980734533971,0.06034326434769289,12,True,15:15;61:62;100:100;105:105;134:136,0.07465674514189413,False,0.03952639983491472,134,True
medium,256,32,15,2,埚转速度,4,101,0.029264902451893955,-0.004569981845808748,0.06016086143880193,12,False,15:15;61:62;100:100;105:105;134:136,0.07465674514189413,False,0.03952639983491472,134,True
medium,256,32,15,2,埚转速度,4,102,0.02154218238092439,-0.014920577156418605,0.05856693436454953,12,False,15:15;61:62;100:100;105:105;134:136,0.07465674514189413,False,0.03952639983491472,134,True
medium,256,32,15,2,埚转速度,4,103,0.030030801791465465,-0.008958412829483476,0.06762193265513006,12,False,15:15;61:62;100:100;105:105;134:136,0.07465674514189413,False,0.03952639983491472,134,True
medium,256,32,15,2,埚转速度,4,104,0.0323118612661462,-0.003369502055759627,0.07199340655567205,12,False,15:15;61:62;100:100;105:105;134:136,0.07465674514189413,False,0.03952639983491472,134,True
medium,256,32,15,2,埚转速度,4,105,0.038589143572797836,0.004703311788581403,0.07428962848505301,12,True,15:15;61:62;100:100;105:105;134:136,0.07465674514189413,False,0.03952639983491472,134,True
medium,256,32,15,2,埚转速度,4,106,0.03598397338325685,-0.003580218562254346,0.06657590148659241,12,False,15:15;61:62;100:100;105:105;134:136,0.07465674514189413,False,0.03952639983491472,134,True
medium,256,32,15,2,埚转速度,4,107,0.03682461504151674,-0.0015757218500639233,0.07437344899744854,12,False,15:15;61:62;100:100;105:105;134:136,0.07465674514189413,False,0.03952639983491472,134,True
medium,256,32,15,2,埚转速度,4,108,0.03096406277563133,-0.009179729637253567,0.07117536808592562,12,False,15:15;61:62;100:100;105:105;134:136,0.07465674514189413,False,0.03952639983491472,134,True
medium,256,32,15,2,埚转速度,4,109,0.025352743184288554,-0.011243136526699215,0.06569264044071173,12,False,15:15;61:62;100:100;105:105;134:136,0.07465674514189413,False,0.03952639983491472,134,True
medium,256,32,15,2,埚转速度,4,110,0.028461260832657143,-0.013005505174274951,0.06901745211793836,12,False,15:15;61:62;100:100;105:105;134:136,0.07465674514189413,False,0.03952639983491472,134,True
medium,256,32,15,2,埚转速度,4,111,0.030774038000443805,-0.011157061156072614,0.08492518475646083,12,False,15:15;61:62;100:100;105:105;134:136,0.07465674514189413,False,0.03952639983491472,134,True
medium,256,32,15,2,埚转速度,4,112,0.030972567172673396,-0.01710123644994028,0.0818709566116117,12,False,15:15;61:62;100:100;105:105;134:136,0.07465674514189413,False,0.03952639983491472,134,True
medium,256,32,15,2,埚转速度,4,113,0.02640620734804508,-0.01799958852975637,0.08100896060051777,12,False,15:15;61:62;100:100;105:105;134:136,0.07465674514189413,False,0.03952639983491472,134,True
medium,256,32,15,2,埚转速度,4,114,0.02803789067569303,-0.019393907840046205,0.08341269527336562,12,False,15:15;61:62;100:100;105:105;134:136,0.07465674514189413,False,0.03952639983491472,134,True
medium,256,32,15,2,埚转速度,4,115,0.026876637193557474,-0.022366696098292626,0.0790661513915819,12,False,15:15;61:62;100:100;105:105;134:136,0.07465674514189413,False,0.03952639983491472,134,True
medium,256,32,15,2,埚转速度,4,116,0.013368552965985018,-0.03688348367740236,0.05510207348902698,12,False,15:15;61:62;100:100;105:105;134:136,0.07465674514189413,False,0.03952639983491472,134,True
medium,256,32,15,2,埚转速度,4,117,0.013150916194565258,-0.028760857131708725,0.050929767390134065,12,False,15:15;61:62;100:100;105:105;134:136,0.07465674514189413,False,0.03952639983491472,134,True
medium,256,32,15,2,埚转速度,4,118,0.01080456976698404,-0.03406680147046192,0.05046767715550574,12,False,15:15;61:62;100:100;105:105;134:136,0.07465674514189413,False,0.03952639983491472,134,True
medium,256,32,15,2,埚转速度,4,119,0.0069131097686883115,-0.036239740268204,0.048870923592926704,12,False,15:15;61:62;100:100;105:105;134:136,0.07465674514189413,False,0.03952639983491472,134,True
medium,256,32,15,2,埚转速度,4,120,0.003421162491771813,-0.03551477357270156,0.038043640206175344,12,False,15:15;61:62;100:100;105:105;134:136,0.07465674514189413,False,0.03952639983491472,134,True
medium,256,32,15,2,埚转速度,4,121,-0.0004025849988353096,-0.03571019855292777,0.036440726308871865,12,False,15:15;61:62;100:100;105:105;134:136,0.07465674514189413,False,0.03952639983491472,134,True
medium,256,32,15,2,埚转速度,4,122,-0.010720876974021458,-0.04268152343805618,0.028111112184790035,12,False,15:15;61:62;100:100;105:105;134:136,0.07465674514189413,False,0.03952639983491472,134,True
medium,256,32,15,2,埚转速度,4,123,-0.015547752295331195,-0.052482589521634704,0.018836694302462674,12,False,15:15;61:62;100:100;105:105;134:136,0.07465674514189413,False,0.03952639983491472,134,True
medium,256,32,15,2,埚转速度,4,124,-0.011802943642553642,-0.04709794761696159,0.023544519475434164,12,False,15:15;61:62;100:100;105:105;134:136,0.07465674514189413,False,0.03952639983491472,134,True
medium,256,32,15,2,埚转速度,4,125,-0.011475688629787094,-0.04897184367691502,0.029567234369032205,12,False,15:15;61:62;100:100;105:105;134:136,0.07465674514189413,False,0.03952639983491472,134,True
medium,256,32,15,2,埚转速度,4,126,0.0036843611007214777,-0.03811476165864742,0.03994387057078755,12,False,15:15;61:62;100:100;105:105;134:136,0.07465674514189413,False,0.03952639983491472,134,True
medium,256,32,15,2,埚转速度,4,127,-0.004252365029062025,-0.04258301004844549,0.024539097603250924,12,False,15:15;61:62;100:100;105:105;134:136,0.07465674514189413,False,0.03952639983491472,134,True
medium,256,32,15,2,埚转速度,4,128,-0.014055235547966977,-0.047883694519044145,0.024633854718621145,12,False,15:15;61:62;100:100;105:105;134:136,0.07465674514189413,False,0.03952639983491472,134,True
medium,256,32,15,2,埚转速度,4,129,-0.015661824639727276,-0.05200719500886386,0.02498864073683985,12,False,15:15;61:62;100:100;105:105;134:136,0.07465674514189413,False,0.03952639983491472,134,True
medium,256,32,15,2,埚转速度,4,130,-0.029650755967045472,-0.06316899536948489,0.004200381626880849,12,False,15:15;61:62;100:100;105:105;134:136,0.07465674514189413,False,0.03952639983491472,134,True
medium,256,32,15,2,埚转速度,4,131,-0.02808131878518116,-0.059624008257330295,0.0076523029141414576,12,False,15:15;61:62;100:100;105:105;134:136,0.07465674514189413,False,0.03952639983491472,134,True
medium,256,32,15,2,埚转速度,4,132,-0.029822240254586248,-0.06603693769396529,0.008540598682638349,12,False,15:15;61:62;100:100;105:105;134:136,0.07465674514189413,False,0.03952639983491472,134,True
medium,256,32,15,2,埚转速度,4,133,-0.03202228694160907,-0.0632858100244798,0.002621024859820447,12,False,15:15;61:62;100:100;105:105;134:136,0.07465674514189413,False,0.03952639983491472,134,True
medium,256,32,15,2,埚转速度,4,134,-0.03952639983491472,-0.06676403648197696,-0.0051379436401956515,12,True,15:15;61:62;100:100;105:105;134:136,0.07465674514189413,True,0.03952639983491472,134,True
medium,256,32,15,2,埚转速度,4,135,-0.0384480484893196,-0.06563606464385001,-0.006180400097060616,12,True,15:15;61:62;100:100;105:105;134:136,0.07465674514189413,False,0.03952639983491472,134,True
medium,256,32,15,2,埚转速度,4,136,-0.03691573773726331,-0.07141016628945522,-0.004747519376701036,12,True,15:15;61:62;100:100;105:105;134:136,0.07465674514189413,False,0.03952639983491472,134,True
medium,256,32,15,2,埚转速度,4,137,-0.031069996212828306,-0.06334283038864759,0.0058624588389714,12,False,15:15;61:62;100:100;105:105;134:136,0.07465674514189413,False,0.03952639983491472,134,True
medium,256,32,15,2,埚转速度,4,138,-0.022737708070010677,-0.0583074371298004,0.010752920836660212,12,False,15:15;61:62;100:100;105:105;134:136,0.07465674514189413,False,0.03952639983491472,134,True
medium,256,32,15,2,埚转速度,4,139,-0.02250739182911666,-0.050941145950038,0.014309502528593794,12,False,15:15;61:62;100:100;105:105;134:136,0.07465674514189413,False,0.03952639983491472,134,True
medium,256,32,15,2,埚转速度,4,140,-0.01247331504141862,-0.05052784849533257,0.028092616866947893,12,False,15:15;61:62;100:100;105:105;134:136,0.07465674514189413,False,0.03952639983491472,134,True
medium,256,32,15,2,埚转速度,4,141,-0.02484307727568349,-0.06602062012507422,0.008850640158821936,12,False,15:15;61:62;100:100;105:105;134:136,0.07465674514189413,False,0.03952639983491472,134,True
medium,256,32,15,2,埚转速度,4,142,-0.02738383562797957,-0.06098340707543725,0.01076629539368387,12,False,15:15;61:62;100:100;105:105;134:136,0.07465674514189413,False,0.03952639983491472,134,True
medium,256,32,15,2,埚转速度,4,143,-0.018520928178765016,-0.056097921984041704,0.021575526686640582,12,False,15:15;61:62;100:100;105:105;134:136,0.07465674514189413,False,0.03952639983491472,134,True
medium,256,32,15,2,埚转速度,4,144,-0.022602715006255634,-0.058200662490962,0.024655438546220387,12,False,15:15;61:62;100:100;105:105;134:136,0.07465674514189413,False,0.03952639983491472,134,True
medium,256,32,15,2,埚转速度,4,145,-0.01386410664018259,-0.049688649190804686,0.03011864375751499,12,False,15:15;61:62;100:100;105:105;134:136,0.07465674514189413,False,0.03952639983491472,134,True
medium,256,32,15,2,埚转速度,4,146,-0.008149813232749478,-0.04142219926985986,0.03349933585547046,12,False,15:15;61:62;100:100;105:105;134:136,0.07465674514189413,False,0.03952639983491472,134,True
medium,256,32,15,2,埚转速度,4,147,0.007915209812841441,-0.036107045489250464,0.04354071903236597,12,False,15:15;61:62;100:100;105:105;134:136,0.07465674514189413,False,0.03952639983491472,134,True
medium,256,32,15,2,埚转速度,4,148,0.014481571798827185,-0.015724798418095653,0.053119778275089374,12,False,15:15;61:62;100:100;105:105;134:136,0.07465674514189413,False,0.03952639983491472,134,True
medium,256,32,15,2,埚转速度,4,149,0.016158727821302916,-0.014371457489295726,0.05845029698400327,12,False,15:15;61:62;100:100;105:105;134:136,0.07465674514189413,False,0.03952639983491472,134,True
medium,256,32,15,2,埚转速度,4,150,0.024757210919349418,-0.006377224161129899,0.06662289723242898,12,False,15:15;61:62;100:100;105:105;134:136,0.07465674514189413,False,0.03952639983491472,134,True
long,512,64,60,1,主加热功率,0,0,-0.18032319988653683,-0.2879114431302863,-0.06436817669114905,12,True,0:300,0.2101959986157577,False,0.3125223810965728,120,True
long,512,64,60,1,主加热功率,0,1,-0.18246833845835606,-0.28994859973800347,-0.07380450990069212,12,True,0:300,0.2101959986157577,False,0.3125223810965728,120,True
long,512,64,60,1,主加热功率,0,2,-0.1846148747141588,-0.29055916180626595,-0.07846799356810999,12,True,0:300,0.2101959986157577,False,0.3125223810965728,120,True
long,512,64,60,1,主加热功率,0,3,-0.18687090477718873,-0.29275681884397015,-0.08272932188376826,12,True,0:300,0.2101959986157577,False,0.3125223810965728,120,True
long,512,64,60,1,主加热功率,0,4,-0.1882744438414833,-0.29417366395891714,-0.08375247192750065,12,True,0:300,0.2101959986157577,False,0.3125223810965728,120,True
long,512,64,60,1,主加热功率,0,5,-0.18895029090928403,-0.2954618761698013,-0.08793875550325933,12,True,0:300,0.2101959986157577,False,0.3125223810965728,120,True
long,512,64,60,1,主加热功率,0,6,-0.18896539204338036,-0.2968380569660397,-0.09195552064223474,12,True,0:300,0.2101959986157577,False,0.3125223810965728,120,True
long,512,64,60,1,主加热功率,0,7,-0.18927216904988206,-0.2984515081457747,-0.09513015379985094,12,True,0:300,0.2101959986157577,False,0.3125223810965728,120,True
long,512,64,60,1,主加热功率,0,8,-0.18949868947787418,-0.2978068056960888,-0.0928096911305549,12,True,0:300,0.2101959986157577,False,0.3125223810965728,120,True
long,512,64,60,1,主加热功率,0,9,-0.19022377941158955,-0.2960924154561059,-0.09353236428277735,12,True,0:300,0.2101959986157577,False,0.3125223810965728,120,True
long,512,64,60,1,主加热功率,0,10,-0.19137283223928833,-0.2929183673420865,-0.09381823651263389,12,True,0:300,0.2101959986157577,False,0.3125223810965728,120,True
long,512,64,60,1,主加热功率,0,11,-0.1936477737264324,-0.29409463519188017,-0.09155639794385466,12,True,0:300,0.2101959986157577,False,0.3125223810965728,120,True
long,512,64,60,1,主加热功率,0,12,-0.1956554945490499,-0.2939861180494973,-0.09226336225556821,12,True,0:300,0.2101959986157577,False,0.3125223810965728,120,True
long,512,64,60,1,主加热功率,0,13,-0.19621532074176146,-0.2898165057311629,-0.09203871168067757,12,True,0:300,0.2101959986157577,False,0.3125223810965728,120,True
long,512,64,60,1,主加热功率,0,14,-0.1966104344093908,-0.28948352598353777,-0.08855582797403092,12,True,0:300,0.2101959986157577,False,0.3125223810965728,120,True
long,512,64,60,1,主加热功率,0,15,-0.19704139074560087,-0.28904917140022207,-0.08824997140673961,12,True,0:300,0.2101959986157577,False,0.3125223810965728,120,True
long,512,64,60,1,主加热功率,0,16,-0.19619972872450367,-0.2874709836418857,-0.08610842006718676,12,True,0:300,0.2101959986157577,False,0.3125223810965728,120,True
long,512,64,60,1,主加热功率,0,17,-0.19544991928290295,-0.2886134767448548,-0.08277942205230544,12,True,0:300,0.2101959986157577,False,0.3125223810965728,120,True
long,512,64,60,1,主加热功率,0,18,-0.19694944075225063,-0.28804324472077764,-0.081318006743933,12,True,0:300,0.2101959986157577,False,0.3125223810965728,120,True
long,512,64,60,1,主加热功率,0,19,-0.1988239686916732,-0.2870228145218728,-0.08052579345850404,12,True,0:300,0.2101959986157577,False,0.3125223810965728,120,True
long,512,64,60,1,主加热功率,0,20,-0.20037088940177541,-0.29211882716933324,-0.08156353441101691,12,True,0:300,0.2101959986157577,False,0.3125223810965728,120,True
long,512,64,60,1,主加热功率,0,21,-0.20155908612805537,-0.29459300355477275,-0.08138513422301502,12,True,0:300,0.2101959986157577,False,0.3125223810965728,120,True
long,512,64,60,1,主加热功率,0,22,-0.20214270014250058,-0.2937269910280238,-0.0829154391435213,12,True,0:300,0.2101959986157577,False,0.3125223810965728,120,True
long,512,64,60,1,主加热功率,0,23,-0.20087388421233635,-0.2881973781790118,-0.08323469764943037,12,True,0:300,0.2101959986157577,False,0.3125223810965728,120,True
long,512,64,60,1,主加热功率,0,24,-0.19908248244871135,-0.28157869289939824,-0.08353221450965732,12,True,0:300,0.2101959986157577,False,0.3125223810965728,120,True
long,512,64,60,1,主加热功率,0,25,-0.19744444290602114,-0.27693291105568285,-0.07878435163429894,12,True,0:300,0.2101959986157577,False,0.3125223810965728,120,True
long,512,64,60,1,主加热功率,0,26,-0.19658012910256198,-0.27642607836166383,-0.07552112493175775,12,True,0:300,0.2101959986157577,False,0.3125223810965728,120,True
long,512,64,60,1,主加热功率,0,27,-0.19535065917599434,-0.2771304605851753,-0.07266367187654353,12,True,0:300,0.2101959986157577,False,0.3125223810965728,120,True
long,512,64,60,1,主加热功率,0,28,-0.19488455309591537,-0.2810360445177627,-0.07439450804841981,12,True,0:300,0.2101959986157577,False,0.3125223810965728,120,True
long,512,64,60,1,主加热功率,0,29,-0.19384257997122445,-0.2805905537544416,-0.07150154454707418,12,True,0:300,0.2101959986157577,False,0.3125223810965728,120,True
long,512,64,60,1,主加热功率,0,30,-0.19289765976931586,-0.2788470069277895,-0.06898393076684108,12,True,0:300,0.2101959986157577,False,0.3125223810965728,120,True
long,512,64,60,1,主加热功率,0,31,-0.19235278764700314,-0.28024409157254865,-0.06805950616823762,12,True,0:300,0.2101959986157577,False,0.3125223810965728,120,True
long,512,64,60,1,主加热功率,0,32,-0.1913271700619506,-0.28357239229721887,-0.06820907427497186,12,True,0:300,0.2101959986157577,False,0.3125223810965728,120,True
long,512,64,60,1,主加热功率,0,33,-0.1904730013271911,-0.28877896315645607,-0.06914019038208734,12,True,0:300,0.2101959986157577,False,0.3125223810965728,120,True
long,512,64,60,1,主加热功率,0,34,-0.1896498909332788,-0.29224743761244504,-0.07242139990342786,12,True,0:300,0.2101959986157577,False,0.3125223810965728,120,True
long,512,64,60,1,主加热功率,0,35,-0.1897571008180009,-0.2969388696474996,-0.07545675154954802,12,True,0:300,0.2101959986157577,False,0.3125223810965728,120,True
long,512,64,60,1,主加热功率,0,36,-0.18957520657593005,-0.3010250879556929,-0.07626853216596587,12,True,0:300,0.2101959986157577,False,0.3125223810965728,120,True
long,512,64,60,1,主加热功率,0,37,-0.18906611341838905,-0.3037251222312763,-0.07405648400537597,12,True,0:300,0.2101959986157577,False,0.3125223810965728,120,True
long,512,64,60,1,主加热功率,0,38,-0.18916627040592468,-0.30136288806797584,-0.06962452822462284,12,True,0:300,0.2101959986157577,False,0.3125223810965728,120,True
long,512,64,60,1,主加热功率,0,39,-0.19064497430800315,-0.3047683233774657,-0.0658764887988629,12,True,0:300,0.2101959986157577,False,0.3125223810965728,120,True
long,512,64,60,1,主加热功率,0,40,-0.19125291929065374,-0.3068662197552311,-0.06477176918049049,12,True,0:300,0.2101959986157577,False,0.3125223810965728,120,True
long,512,64,60,1,主加热功率,0,41,-0.19100095490195756,-0.30381887838380217,-0.06644675760724968,12,True,0:300,0.2101959986157577,False,0.3125223810965728,120,True
long,512,64,60,1,主加热功率,0,42,-0.19028362356507442,-0.2973019752311648,-0.07105525919044543,12,True,0:300,0.2101959986157577,False,0.3125223810965728,120,True
long,512,64,60,1,主加热功率,0,43,-0.18977604113035085,-0.2925271491660651,-0.07362712253402075,12,True,0:300,0.2101959986157577,False,0.3125223810965728,120,True
long,512,64,60,1,主加热功率,0,44,-0.1903278217744698,-0.2937463497820491,-0.07484383905860907,12,True,0:300,0.2101959986157577,False,0.3125223810965728,120,True
long,512,64,60,1,主加热功率,0,45,-0.19280941063548143,-0.301184979567539,-0.07895370992988329,12,True,0:300,0.2101959986157577,False,0.3125223810965728,120,True
long,512,64,60,1,主加热功率,0,46,-0.19669729966392085,-0.30599053531965215,-0.08352778464951274,12,True,0:300,0.2101959986157577,False,0.3125223810965728,120,True
long,512,64,60,1,主加热功率,0,47,-0.20024065839720595,-0.30863710285356777,-0.08688230290602142,12,True,0:300,0.2101959986157577,False,0.3125223810965728,120,True
long,512,64,60,1,主加热功率,0,48,-0.2034985496915199,-0.30988695342057726,-0.09096396641497352,12,True,0:300,0.2101959986157577,False,0.3125223810965728,120,True
long,512,64,60,1,主加热功率,0,49,-0.20699731145045433,-0.3119159062836314,-0.09409053155401481,12,True,0:300,0.2101959986157577,False,0.3125223810965728,120,True
long,512,64,60,1,主加热功率,0,50,-0.21017799335178405,-0.3155361570844873,-0.09542176886229814,12,True,0:300,0.2101959986157577,False,0.3125223810965728,120,True
long,512,64,60,1,主加热功率,0,51,-0.21189337645894968,-0.3188466433379681,-0.09529133599439094,12,True,0:300,0.2101959986157577,False,0.3125223810965728,120,True
long,512,64,60,1,主加热功率,0,52,-0.21414350476043284,-0.32233808061323327,-0.09870440148973174,12,True,0:300,0.2101959986157577,False,0.3125223810965728,120,True
long,512,64,60,1,主加热功率,0,53,-0.21767602982439296,-0.32609460546595737,-0.10242895857750427,12,True,0:300,0.2101959986157577,False,0.3125223810965728,120,True
long,512,64,60,1,主加热功率,0,54,-0.22156806444179666,-0.3299769457994862,-0.10689068858479017,12,True,0:300,0.2101959986157577,False,0.3125223810965728,120,True
long,512,64,60,1,主加热功率,0,55,-0.22504905605281003,-0.3350067594540054,-0.10983864907422036,12,True,0:300,0.2101959986157577,False,0.3125223810965728,120,True
long,512,64,60,1,主加热功率,0,56,-0.22824477511621385,-0.33895325590265246,-0.11188420617718967,12,True,0:300,0.2101959986157577,False,0.3125223810965728,120,True
long,512,64,60,1,主加热功率,0,57,-0.2305662800530823,-0.3390031201923104,-0.11508467799883353,12,True,0:300,0.2101959986157577,False,0.3125223810965728,120,True
long,512,64,60,1,主加热功率,0,58,-0.23204579326561106,-0.3391999038725116,-0.11613019400127231,12,True,0:300,0.2101959986157577,False,0.3125223810965728,120,True
long,512,64,60,1,主加热功率,0,59,-0.23301679921334725,-0.3372665735813442,-0.11548838645422455,12,True,0:300,0.2101959986157577,False,0.3125223810965728,120,True
long,512,64,60,1,主加热功率,0,60,-0.234713189918933,-0.3382088739497677,-0.11302630503103282,12,True,0:300,0.2101959986157577,False,0.3125223810965728,120,True
long,512,64,60,1,主加热功率,0,61,-0.23479989716480662,-0.3361713082724627,-0.1107768334605063,12,True,0:300,0.2101959986157577,False,0.3125223810965728,120,True
long,512,64,60,1,主加热功率,0,62,-0.23415689576607523,-0.334691149836604,-0.10996713017384417,12,True,0:300,0.2101959986157577,False,0.3125223810965728,120,True
long,512,64,60,1,主加热功率,0,63,-0.23516940445237358,-0.33430426989626405,-0.10823654439379515,12,True,0:300,0.2101959986157577,False,0.3125223810965728,120,True
long,512,64,60,1,主加热功率,0,64,-0.23659548716218456,-0.3396686304469991,-0.10721853886312101,12,True,0:300,0.2101959986157577,False,0.3125223810965728,120,True
long,512,64,60,1,主加热功率,0,65,-0.23747491888401684,-0.3414479358877585,-0.10883103389287835,12,True,0:300,0.2101959986157577,False,0.3125223810965728,120,True
long,512,64,60,1,主加热功率,0,66,-0.23903515812821957,-0.34180308149595473,-0.11098309676444312,12,True,0:300,0.2101959986157577,False,0.3125223810965728,120,True
long,512,64,60,1,主加热功率,0,67,-0.2412987753043831,-0.34236437748626103,-0.11273491528709481,12,True,0:300,0.2101959986157577,False,0.3125223810965728,120,True
long,512,64,60,1,主加热功率,0,68,-0.24338333196778994,-0.3462860508992333,-0.11536485891433568,12,True,0:300,0.2101959986157577,False,0.3125223810965728,120,True
long,512,64,60,1,主加热功率,0,69,-0.24464620275169516,-0.35033591964478783,-0.11920265362373879,12,True,0:300,0.2101959986157577,False,0.3125223810965728,120,True
long,512,64,60,1,主加热功率,0,70,-0.24594642084262194,-0.3543584262643652,-0.12116129381289242,12,True,0:300,0.2101959986157577,False,0.3125223810965728,120,True
long,512,64,60,1,主加热功率,0,71,-0.2473635356572778,-0.35596845792822046,-0.12119215992815499,12,True,0:300,0.2101959986157577,False,0.3125223810965728,120,True
long,512,64,60,1,主加热功率,0,72,-0.24922956780042158,-0.3583051346806407,-0.12410158304726372,12,True,0:300,0.2101959986157577,False,0.3125223810965728,120,True
long,512,64,60,1,主加热功率,0,73,-0.25170034924565066,-0.3613362504800276,-0.12853225068709764,12,True,0:300,0.2101959986157577,False,0.3125223810965728,120,True
long,512,64,60,1,主加热功率,0,74,-0.25386258361362335,-0.3652157705470997,-0.13333425534968593,12,True,0:300,0.2101959986157577,False,0.3125223810965728,120,True
long,512,64,60,1,主加热功率,0,75,-0.25468127044565336,-0.36865658285616654,-0.13646987078374637,12,True,0:300,0.2101959986157577,False,0.3125223810965728,120,True
long,512,64,60,1,主加热功率,0,76,-0.2545888834876817,-0.37411261723617983,-0.13625876268085677,12,True,0:300,0.2101959986157577,False,0.3125223810965728,120,True
long,512,64,60,1,主加热功率,0,77,-0.2550786421277752,-0.3789275414559991,-0.13626633826977017,12,True,0:300,0.2101959986157577,False,0.3125223810965728,120,True
long,512,64,60,1,主加热功率,0,78,-0.25538372173601503,-0.38206399806791236,-0.13709039531580156,12,True,0:300,0.2101959986157577,False,0.3125223810965728,120,True
long,512,64,60,1,主加热功率,0,79,-0.2564945605949623,-0.38836474346352334,-0.13756746772946052,12,True,0:300,0.2101959986157577,False,0.3125223810965728,120,True
long,512,64,60,1,主加热功率,0,80,-0.25888720931875925,-0.3921724419119867,-0.1394787264495844,12,True,0:300,0.2101959986157577,False,0.3125223810965728,120,True
long,512,64,60,1,主加热功率,0,81,-0.2619342374590103,-0.3946099886129026,-0.14164579228321414,12,True,0:300,0.2101959986157577,False,0.3125223810965728,120,True
long,512,64,60,1,主加热功率,0,82,-0.2651907591299278,-0.3980925737688896,-0.14694321127707707,12,True,0:300,0.2101959986157577,False,0.3125223810965728,120,True
long,512,64,60,1,主加热功率,0,83,-0.26684762573920834,-0.40171788130812824,-0.14771028566974687,12,True,0:300,0.2101959986157577,False,0.3125223810965728,120,True
long,512,64,60,1,主加热功率,0,84,-0.268287692784622,-0.40230483140136014,-0.1452743482792193,12,True,0:300,0.2101959986157577,False,0.3125223810965728,120,True
long,512,64,60,1,主加热功率,0,85,-0.2691867709413333,-0.39972091094572276,-0.1426714819467626,12,True,0:300,0.2101959986157577,False,0.3125223810965728,120,True
long,512,64,60,1,主加热功率,0,86,-0.2692983336393616,-0.39539124695992256,-0.14170296253847733,12,True,0:300,0.2101959986157577,False,0.3125223810965728,120,True
long,512,64,60,1,主加热功率,0,87,-0.2700293415760258,-0.3935688492018516,-0.14317110613776274,12,True,0:300,0.2101959986157577,False,0.3125223810965728,120,True
long,512,64,60,1,主加热功率,0,88,-0.2702279684792133,-0.3925687284498223,-0.14573511613879234,12,True,0:300,0.2101959986157577,False,0.3125223810965728,120,True
long,512,64,60,1,主加热功率,0,89,-0.2710561338814099,-0.3894494028739072,-0.15057172098084823,12,True,0:300,0.2101959986157577,False,0.3125223810965728,120,True
long,512,64,60,1,主加热功率,0,90,-0.27231957355546715,-0.38829520489781044,-0.1538330155771007,12,True,0:300,0.2101959986157577,False,0.3125223810965728,120,True
long,512,64,60,1,主加热功率,0,91,-0.2755016871737889,-0.38899224498702795,-0.15804432650422406,12,True,0:300,0.2101959986157577,False,0.3125223810965728,120,True
long,512,64,60,1,主加热功率,0,92,-0.28078923546241896,-0.39071694652251626,-0.16302067685787555,12,True,0:300,0.2101959986157577,False,0.3125223810965728,120,True
long,512,64,60,1,主加热功率,0,93,-0.2853325575257281,-0.3954132273856461,-0.16574961413350928,12,True,0:300,0.2101959986157577,False,0.3125223810965728,120,True
long,512,64,60,1,主加热功率,0,94,-0.2890020723850292,-0.39654797583830625,-0.16741167837146376,12,True,0:300,0.2101959986157577,False,0.3125223810965728,120,True
long,512,64,60,1,主加热功率,0,95,-0.2919825095940485,-0.39707027053153193,-0.17090579801727818,12,True,0:300,0.2101959986157577,False,0.3125223810965728,120,True
long,512,64,60,1,主加热功率,0,96,-0.29474390533881867,-0.3992078471795571,-0.17628073635635158,12,True,0:300,0.2101959986157577,False,0.3125223810965728,120,True
long,512,64,60,1,主加热功率,0,97,-0.29662948010355955,-0.4007258424630874,-0.18191261668240527,12,True,0:300,0.2101959986157577,False,0.3125223810965728,120,True
long,512,64,60,1,主加热功率,0,98,-0.2993308481987446,-0.4021395973959993,-0.18536374936738773,12,True,0:300,0.2101959986157577,False,0.3125223810965728,120,True
long,512,64,60,1,主加热功率,0,99,-0.30162841492921044,-0.4036275292766243,-0.1880578661692226,12,True,0:300,0.2101959986157577,False,0.3125223810965728,120,True
long,512,64,60,1,主加热功率,0,100,-0.3034530838841702,-0.4052527624892722,-0.18967656264528918,12,True,0:300,0.2101959986157577,False,0.3125223810965728,120,True
long,512,64,60,1,主加热功率,0,101,-0.3046967184443486,-0.40545158571109446,-0.18933745644973077,12,True,0:300,0.2101959986157577,False,0.3125223810965728,120,True
long,512,64,60,1,主加热功率,0,102,-0.30620574452987304,-0.40319771632018075,-0.1856953291694195,12,True,0:300,0.2101959986157577,False,0.3125223810965728,120,True
long,512,64,60,1,主加热功率,0,103,-0.30783673279358686,-0.4011449736867668,-0.18469677807692886,12,True,0:300,0.2101959986157577,False,0.3125223810965728,120,True
long,512,64,60,1,主加热功率,0,104,-0.3091936477539012,-0.40302671406661067,-0.1840088724201498,12,True,0:300,0.2101959986157577,False,0.3125223810965728,120,True
long,512,64,60,1,主加热功率,0,105,-0.3106214593880742,-0.40582160115447713,-0.1835007994940067,12,True,0:300,0.2101959986157577,False,0.3125223810965728,120,True
long,512,64,60,1,主加热功率,0,106,-0.3120582919512853,-0.40733289177141346,-0.18518940572492906,12,True,0:300,0.2101959986157577,False,0.3125223810965728,120,True
long,512,64,60,1,主加热功率,0,107,-0.3122895626873898,-0.40847693164310495,-0.1870250065624458,12,True,0:300,0.2101959986157577,False,0.3125223810965728,120,True
long,512,64,60,1,主加热功率,0,108,-0.31147345125762826,-0.41033458134632467,-0.185508135332803,12,True,0:300,0.2101959986157577,False,0.3125223810965728,120,True
long,512,64,60,1,主加热功率,0,109,-0.3110321995114021,-0.4167252127574212,-0.1826411653012557,12,True,0:300,0.2101959986157577,False,0.3125223810965728,120,True
long,512,64,60,1,主加热功率,0,110,-0.31020683597634435,-0.4209336914641413,-0.18278851520687264,12,True,0:300,0.2101959986157577,False,0.3125223810965728,120,True
long,512,64,60,1,主加热功率,0,111,-0.3091256193991793,-0.42492375529586734,-0.18501649358746172,12,True,0:300,0.2101959986157577,False,0.3125223810965728,120,True
long,512,64,60,1,主加热功率,0,112,-0.30752561012892865,-0.426818648479749,-0.184140177245607,12,True,0:300,0.2101959986157577,False,0.3125223810965728,120,True
long,512,64,60,1,主加热功率,0,113,-0.30618265505255743,-0.42688016814775864,-0.18140780665688883,12,True,0:300,0.2101959986157577,False,0.3125223810965728,120,True
long,512,64,60,1,主加热功率,0,114,-0.3052054845314462,-0.4279495195812813,-0.17908448782003727,12,True,0:300,0.2101959986157577,False,0.3125223810965728,120,True
long,512,64,60,1,主加热功率,0,115,-0.30509396955814316,-0.4297917746856215,-0.17874541836919122,12,True,0:300,0.2101959986157577,False,0.3125223810965728,120,True
long,512,64,60,1,主加热功率,0,116,-0.3067395425837383,-0.4314518670416155,-0.17645294339629136,12,True,0:300,0.2101959986157577,False,0.3125223810965728,120,True
long,512,64,60,1,主加热功率,0,117,-0.30899719100182166,-0.4341931397898368,-0.17638076386864532,12,True,0:300,0.2101959986157577,False,0.3125223810965728,120,True
long,512,64,60,1,主加热功率,0,118,-0.3110472088864761,-0.43890423402533785,-0.17826319918502104,12,True,0:300,0.2101959986157577,False,0.3125223810965728,120,True
long,512,64,60,1,主加热功率,0,119,-0.3122909891292367,-0.4415271183862022,-0.18314862963429726,12,True,0:300,0.2101959986157577,False,0.3125223810965728,120,True
long,512,64,60,1,主加热功率,0,120,-0.3125223810965728,-0.4420997278522299,-0.18477335684191243,12,True,0:300,0.2101959986157577,True,0.3125223810965728,120,True
long,512,64,60,1,主加热功率,0,121,-0.3113102742100236,-0.4404267293791452,-0.1842152959148562,12,True,0:300,0.2101959986157577,False,0.3125223810965728,120,True
long,512,64,60,1,主加热功率,0,122,-0.3092772593864514,-0.4394329826623664,-0.18478743977409157,12,True,0:300,0.2101959986157577,False,0.3125223810965728,120,True
long,512,64,60,1,主加热功率,0,123,-0.3067465452104784,-0.43827094603268507,-0.18128504090453137,12,True,0:300,0.2101959986157577,False,0.3125223810965728,120,True
long,512,64,60,1,主加热功率,0,124,-0.3049809771573381,-0.4393426105184738,-0.17698211886878892,12,True,0:300,0.2101959986157577,False,0.3125223810965728,120,True
long,512,64,60,1,主加热功率,0,125,-0.3029602837618439,-0.43991764624838386,-0.17093107022439663,12,True,0:300,0.2101959986157577,False,0.3125223810965728,120,True
long,512,64,60,1,主加热功率,0,126,-0.3017693298595432,-0.4407425499078561,-0.16579599295251196,12,True,0:300,0.2101959986157577,False,0.3125223810965728,120,True
long,512,64,60,1,主加热功率,0,127,-0.30135860915068385,-0.4416846520259453,-0.16356884899078333,12,True,0:300,0.2101959986157577,False,0.3125223810965728,120,True
long,512,64,60,1,主加热功率,0,128,-0.30102703206785064,-0.4416626598179922,-0.16478658979213195,12,True,0:300,0.2101959986157577,False,0.3125223810965728,120,True
long,512,64,60,1,主加热功率,0,129,-0.3005292810437754,-0.4422602132711777,-0.15919120695434075,12,True,0:300,0.2101959986157577,False,0.3125223810965728,120,True
long,512,64,60,1,主加热功率,0,130,-0.30057313442126243,-0.443588271370234,-0.1520144004607133,12,True,0:300,0.2101959986157577,False,0.3125223810965728,120,True
long,512,64,60,1,主加热功率,0,131,-0.3003342920872605,-0.44666249813619796,-0.14627066863593793,12,True,0:300,0.2101959986157577,False,0.3125223810965728,120,True
long,512,64,60,1,主加热功率,0,132,-0.29919159380602417,-0.4472795429213484,-0.14187868644306276,12,True,0:300,0.2101959986157577,False,0.3125223810965728,120,True
long,512,64,60,1,主加热功率,0,133,-0.29819952636569613,-0.44521491240150946,-0.13790514754224786,12,True,0:300,0.2101959986157577,False,0.3125223810965728,120,True
long,512,64,60,1,主加热功率,0,134,-0.29754568689981115,-0.4452022208793486,-0.135293390852454,12,True,0:300,0.2101959986157577,False,0.3125223810965728,120,True
long,512,64,60,1,主加热功率,0,135,-0.29692059976413326,-0.4473188252933368,-0.1328362873722321,12,True,0:300,0.2101959986157577,False,0.3125223810965728,120,True
long,512,64,60,1,主加热功率,0,136,-0.29663051009635505,-0.44700585500907036,-0.130101597004535,12,True,0:300,0.2101959986157577,False,0.3125223810965728,120,True
long,512,64,60,1,主加热功率,0,137,-0.29684297181612973,-0.446492855247365,-0.12992760754452604,12,True,0:300,0.2101959986157577,False,0.3125223810965728,120,True
long,512,64,60,1,主加热功率,0,138,-0.29758685603346874,-0.4470268939221116,-0.12910929494266593,12,True,0:300,0.2101959986157577,False,0.3125223810965728,120,True
long,512,64,60,1,主加热功率,0,139,-0.29757551984746106,-0.44644047979128254,-0.12633484979181914,12,True,0:300,0.2101959986157577,False,0.3125223810965728,120,True
long,512,64,60,1,主加热功率,0,140,-0.29761416905164406,-0.4437020424301175,-0.12363973441005394,12,True,0:300,0.2101959986157577,False,0.3125223810965728,120,True
long,512,64,60,1,主加热功率,0,141,-0.29738005765792863,-0.44139146152429476,-0.12394464895561663,12,True,0:300,0.2101959986157577,False,0.3125223810965728,120,True
long,512,64,60,1,主加热功率,0,142,-0.2976878958132072,-0.4410926141553561,-0.12509268981930552,12,True,0:300,0.2101959986157577,False,0.3125223810965728,120,True
long,512,64,60,1,主加热功率,0,143,-0.2988774618705735,-0.4417094526949395,-0.1281052561027735,12,True,0:300,0.2101959986157577,False,0.3125223810965728,120,True
long,512,64,60,1,主加热功率,0,144,-0.30042363491193197,-0.4412101568696462,-0.1298836875262756,12,True,0:300,0.2101959986157577,False,0.3125223810965728,120,True
long,512,64,60,1,主加热功率,0,145,-0.30161404417587034,-0.43935537223285576,-0.13054456122772296,12,True,0:300,0.2101959986157577,False,0.3125223810965728,120,True
long,512,64,60,1,主加热功率,0,146,-0.3024185706677191,-0.43772648126741875,-0.1309047223988004,12,True,0:300,0.2101959986157577,False,0.3125223810965728,120,True
long,512,64,60,1,主加热功率,0,147,-0.3027604920440151,-0.4356746517046076,-0.13122852252339623,12,True,0:300,0.2101959986157577,False,0.3125223810965728,120,True
long,512,64,60,1,主加热功率,0,148,-0.30320610195977005,-0.4337135636856269,-0.13324414204679103,12,True,0:300,0.2101959986157577,False,0.3125223810965728,120,True
long,512,64,60,1,主加热功率,0,149,-0.303041987969429,-0.42980395835034274,-0.13663787288888213,12,True,0:300,0.2101959986157577,False,0.3125223810965728,120,True
long,512,64,60,1,主加热功率,0,150,-0.30287371632633686,-0.4289399694263909,-0.1393686722838205,12,True,0:300,0.2101959986157577,False,0.3125223810965728,120,True
long,512,64,60,1,主加热功率,0,151,-0.30356437224715466,-0.4285931263126827,-0.14128229200244974,12,True,0:300,0.2101959986157577,False,0.3125223810965728,120,True
long,512,64,60,1,主加热功率,0,152,-0.30404570222961075,-0.42844707720497854,-0.1433472005331218,12,True,0:300,0.2101959986157577,False,0.3125223810965728,120,True
long,512,64,60,1,主加热功率,0,153,-0.3040349566333653,-0.42695069751538817,-0.1418727407399034,12,True,0:300,0.2101959986157577,False,0.3125223810965728,120,True
long,512,64,60,1,主加热功率,0,154,-0.30471621721683045,-0.42452970117447775,-0.14130036283240308,12,True,0:300,0.2101959986157577,False,0.3125223810965728,120,True
long,512,64,60,1,主加热功率,0,155,-0.3057081648416916,-0.42343685241981405,-0.1420048724652611,12,True,0:300,0.2101959986157577,False,0.3125223810965728,120,True
long,512,64,60,1,主加热功率,0,156,-0.30589174948051506,-0.4230732890995912,-0.145473443549578,12,True,0:300,0.2101959986157577,False,0.3125223810965728,120,True
long,512,64,60,1,主加热功率,0,157,-0.30573289246916874,-0.4229965015361971,-0.14896562914005942,12,True,0:300,0.2101959986157577,False,0.3125223810965728,120,True
long,512,64,60,1,主加热功率,0,158,-0.3047629812314636,-0.4223303541203402,-0.15081446437428303,12,True,0:300,0.2101959986157577,False,0.3125223810965728,120,True
long,512,64,60,1,主加热功率,0,159,-0.30282404307017297,-0.4212568365486927,-0.15135186287583208,12,True,0:300,0.2101959986157577,False,0.3125223810965728,120,True
long,512,64,60,1,主加热功率,0,160,-0.30037088964556674,-0.41713964130719566,-0.15141541601905986,12,True,0:300,0.2101959986157577,False,0.3125223810965728,120,True
long,512,64,60,1,主加热功率,0,161,-0.29846228401378827,-0.41359044561877384,-0.14900665312921063,12,True,0:300,0.2101959986157577,False,0.3125223810965728,120,True
long,512,64,60,1,主加热功率,0,162,-0.29741764337580867,-0.411066008711797,-0.15031937017624877,12,True,0:300,0.2101959986157577,False,0.3125223810965728,120,True
long,512,64,60,1,主加热功率,0,163,-0.2963571203644987,-0.4090006452995301,-0.14977432934896656,12,True,0:300,0.2101959986157577,False,0.3125223810965728,120,True
long,512,64,60,1,主加热功率,0,164,-0.29506084791765363,-0.40483466207869134,-0.1508981520042377,12,True,0:300,0.2101959986157577,False,0.3125223810965728,120,True
long,512,64,60,1,主加热功率,0,165,-0.29363120638903617,-0.40211604539404505,-0.15434296397204017,12,True,0:300,0.2101959986157577,False,0.3125223810965728,120,True
long,512,64,60,1,主加热功率,0,166,-0.2916650096967776,-0.4030038311826177,-0.15605403021448652,12,True,0:300,0.2101959986157577,False,0.3125223810965728,120,True
long,512,64,60,1,主加热功率,0,167,-0.2898891100090032,-0.40289680994048177,-0.1561509721326978,12,True,0:300,0.2101959986157577,False,0.3125223810965728,120,True
long,512,64,60,1,主加热功率,0,168,-0.2885604374539648,-0.4048984785903499,-0.15344786374640815,12,True,0:300,0.2101959986157577,False,0.3125223810965728,120,True
long,512,64,60,1,主加热功率,0,169,-0.2878002346458033,-0.40771194720366877,-0.1501164900806252,12,True,0:300,0.2101959986157577,False,0.3125223810965728,120,True
long,512,64,60,1,主加热功率,0,170,-0.2867678654187082,-0.40972362003264895,-0.14702824445161594,12,True,0:300,0.2101959986157577,False,0.3125223810965728,120,True
long,512,64,60,1,主加热功率,0,171,-0.2862716077013933,-0.4108521424518613,-0.1439839994562489,12,True,0:300,0.2101959986157577,False,0.3125223810965728,120,True
long,512,64,60,1,主加热功率,0,172,-0.28538940264383517,-0.4103065593843218,-0.14119681640464557,12,True,0:300,0.2101959986157577,False,0.3125223810965728,120,True
long,512,64,60,1,主加热功率,0,173,-0.2836783121908191,-0.40865614536123773,-0.1385930233051704,12,True,0:300,0.2101959986157577,False,0.3125223810965728,120,True
long,512,64,60,1,主加热功率,0,174,-0.28138400443116207,-0.40842868940686666,-0.13549862916610758,12,True,0:300,0.2101959986157577,False,0.3125223810965728,120,True
long,512,64,60,1,主加热功率,0,175,-0.27911478074024987,-0.4075017479677969,-0.13237868934700991,12,True,0:300,0.2101959986157577,False,0.3125223810965728,120,True
long,512,64,60,1,主加热功率,0,176,-0.27722196606435145,-0.40706656125343804,-0.12898899823678434,12,True,0:300,0.2101959986157577,False,0.3125223810965728,120,True
long,512,64,60,1,主加热功率,0,177,-0.27426640355031,-0.4050330042391909,-0.124574295844111,12,True,0:300,0.2101959986157577,False,0.3125223810965728,120,True
long,512,64,60,1,主加热功率,0,178,-0.2716489123541065,-0.40459944449628527,-0.1221261974983465,12,True,0:300,0.2101959986157577,False,0.3125223810965728,120,True
long,512,64,60,1,主加热功率,0,179,-0.26999523581162516,-0.40538387511783397,-0.12145670025533074,12,True,0:300,0.2101959986157577,False,0.3125223810965728,120,True
long,512,64,60,1,主加热功率,0,180,-0.26892422567419655,-0.40581667917427644,-0.12181623962830178,12,True,0:300,0.2101959986157577,False,0.3125223810965728,120,True
long,512,64,60,1,主加热功率,0,181,-0.2678217395771692,-0.40508719225754525,-0.12305663870920636,12,True,0:300,0.2101959986157577,False,0.3125223810965728,120,True
long,512,64,60,1,主加热功率,0,182,-0.2679879579856207,-0.4042736600178628,-0.12496062269010864,12,True,0:300,0.2101959986157577,False,0.3125223810965728,120,True
long,512,64,60,1,主加热功率,0,183,-0.268319919918589,-0.40310800846716,-0.12671242923381554,12,True,0:300,0.2101959986157577,False,0.3125223810965728,120,True
long,512,64,60,1,主加热功率,0,184,-0.26843432496280323,-0.4024369698289544,-0.1276074342431664,12,True,0:300,0.2101959986157577,False,0.3125223810965728,120,True
long,512,64,60,1,主加热功率,0,185,-0.26851647196224687,-0.40198587317037765,-0.12855148581367737,12,True,0:300,0.2101959986157577,False,0.3125223810965728,120,True
long,512,64,60,1,主加热功率,0,186,-0.2687159958609875,-0.4021473209210466,-0.128748241494991,12,True,0:300,0.2101959986157577,False,0.3125223810965728,120,True
long,512,64,60,1,主加热功率,0,187,-0.2678909509568291,-0.4006887323439711,-0.12623875521298164,12,True,0:300,0.2101959986157577,False,0.3125223810965728,120,True
long,512,64,60,1,主加热功率,0,188,-0.26681492634212994,-0.3981924715073715,-0.12413124027674456,12,True,0:300,0.2101959986157577,False,0.3125223810965728,120,True
long,512,64,60,1,主加热功率,0,189,-0.26585414167302374,-0.3998826437301109,-0.12168617675027288,12,True,0:300,0.2101959986157577,False,0.3125223810965728,120,True
long,512,64,60,1,主加热功率,0,190,-0.26595076606513013,-0.40093634245443105,-0.12050709376191579,12,True,0:300,0.2101959986157577,False,0.3125223810965728,120,True
long,512,64,60,1,主加热功率,0,191,-0.26578307056212314,-0.4012225996571029,-0.11786059163370988,12,True,0:300,0.2101959986157577,False,0.3125223810965728,120,True
long,512,64,60,1,主加热功率,0,192,-0.2663421602991474,-0.4016178388185856,-0.11673156675194342,12,True,0:300,0.2101959986157577,False,0.3125223810965728,120,True
long,512,64,60,1,主加热功率,0,193,-0.266786885799035,-0.40131938358795427,-0.11534830760947401,12,True,0:300,0.2101959986157577,False,0.3125223810965728,120,True
long,512,64,60,1,主加热功率,0,194,-0.2671638238464259,-0.400613997748462,-0.11395132578187714,12,True,0:300,0.2101959986157577,False,0.3125223810965728,120,True
long,512,64,60,1,主加热功率,0,195,-0.2669751780375727,-0.39989277839280546,-0.1109189467299529,12,True,0:300,0.2101959986157577,False,0.3125223810965728,120,True
long,512,64,60,1,主加热功率,0,196,-0.26714016783250866,-0.39891513323482053,-0.10647516146783884,12,True,0:300,0.2101959986157577,False,0.3125223810965728,120,True
long,512,64,60,1,主加热功率,0,197,-0.2675481535397753,-0.39763406974227344,-0.10203809974506992,12,True,0:300,0.2101959986157577,False,0.3125223810965728,120,True
long,512,64,60,1,主加热功率,0,198,-0.26764228685785874,-0.3966824845724608,-0.09869134131459201,12,True,0:300,0.2101959986157577,False,0.3125223810965728,120,True
long,512,64,60,1,主加热功率,0,199,-0.2676004767635877,-0.39449140344909206,-0.09656398101073754,12,True,0:300,0.2101959986157577,False,0.3125223810965728,120,True
long,512,64,60,1,主加热功率,0,200,-0.2671235464591519,-0.3924403205123908,-0.09502688236186999,12,True,0:300,0.2101959986157577,False,0.3125223810965728,120,True
long,512,64,60,1,主加热功率,0,201,-0.26624734902668074,-0.3888950927981685,-0.0958508540321288,12,True,0:300,0.2101959986157577,False,0.3125223810965728,120,True
long,512,64,60,1,主加热功率,0,202,-0.2646193148859956,-0.38477889778638064,-0.0947995781254152,12,True,0:300,0.2101959986157577,False,0.3125223810965728,120,True
long,512,64,60,1,主加热功率,0,203,-0.2639233340656096,-0.3808145187429951,-0.09314615207664746,12,True,0:300,0.2101959986157577,False,0.3125223810965728,120,True
long,512,64,60,1,主加热功率,0,204,-0.2637628535649516,-0.3790095849012354,-0.09123725702877211,12,True,0:300,0.2101959986157577,False,0.3125223810965728,120,True
long,512,64,60,1,主加热功率,0,205,-0.26328085752163927,-0.3775528741671046,-0.08826115046137314,12,True,0:300,0.2101959986157577,False,0.3125223810965728,120,True
long,512,64,60,1,主加热功率,0,206,-0.26231638961137077,-0.37723570662741013,-0.08285537214215127,12,True,0:300,0.2101959986157577,False,0.3125223810965728,120,True
long,512,64,60,1,主加热功率,0,207,-0.26170760185324216,-0.3731921509089792,-0.07678227727089787,12,True,0:300,0.2101959986157577,False,0.3125223810965728,120,True
long,512,64,60,1,主加热功率,0,208,-0.26145971243770305,-0.3744414128924307,-0.0753004871243577,12,True,0:300,0.2101959986157577,False,0.3125223810965728,120,True
long,512,64,60,1,主加热功率,0,209,-0.2613861532393254,-0.37332714798693994,-0.07686979871485769,12,True,0:300,0.2101959986157577,False,0.3125223810965728,120,True
long,512,64,60,1,主加热功率,0,210,-0.26061461857625207,-0.36976143901783004,-0.07797103921782923,12,True,0:300,0.2101959986157577,False,0.3125223810965728,120,True
long,512,64,60,1,主加热功率,0,211,-0.2587140812587357,-0.3658682204648865,-0.07749897904565334,12,True,0:300,0.2101959986157577,False,0.3125223810965728,120,True
long,512,64,60,1,主加热功率,0,212,-0.25610880813257003,-0.3628061797521685,-0.07829080559648584,12,True,0:300,0.2101959986157577,False,0.3125223810965728,120,True
long,512,64,60,1,主加热功率,0,213,-0.25381474819489475,-0.3600462001193224,-0.08027390516285968,12,True,0:300,0.2101959986157577,False,0.3125223810965728,120,True
long,512,64,60,1,主加热功率,0,214,-0.25203347824556654,-0.3606429999097516,-0.08155318743689476,12,True,0:300,0.2101959986157577,False,0.3125223810965728,120,True
long,512,64,60,1,主加热功率,0,215,-0.2508532559016206,-0.3616207868269398,-0.08261701085570168,12,True,0:300,0.2101959986157577,False,0.3125223810965728,120,True
long,512,64,60,1,主加热功率,0,216,-0.2505076614361169,-0.3645244666470551,-0.08456774891249837,12,True,0:300,0.2101959986157577,False,0.3125223810965728,120,True
long,512,64,60,1,主加热功率,0,217,-0.25088513449534117,-0.368439751408291,-0.08612457403820192,12,True,0:300,0.2101959986157577,False,0.3125223810965728,120,True
long,512,64,60,1,主加热功率,0,218,-0.25159451294102236,-0.3717939424857098,-0.08676134500572565,12,True,0:300,0.2101959986157577,False,0.3125223810965728,120,True
long,512,64,60,1,主加热功率,0,219,-0.25246635996903755,-0.37227667873095777,-0.08761372876942893,12,True,0:300,0.2101959986157577,False,0.3125223810965728,120,True
long,512,64,60,1,主加热功率,0,220,-0.2529501347039397,-0.372289502379666,-0.0884174075942125,12,True,0:300,0.2101959986157577,False,0.3125223810965728,120,True
long,512,64,60,1,主加热功率,0,221,-0.2534106826381962,-0.3717118594655155,-0.08950816215741343,12,True,0:300,0.2101959986157577,False,0.3125223810965728,120,True
long,512,64,60,1,主加热功率,0,222,-0.2538105560720652,-0.3713243528422941,-0.09103894736817379,12,True,0:300,0.2101959986157577,False,0.3125223810965728,120,True
long,512,64,60,1,主加热功率,0,223,-0.2534495915402511,-0.3720886496063553,-0.09336822792656546,12,True,0:300,0.2101959986157577,False,0.3125223810965728,120,True
long,512,64,60,1,主加热功率,0,224,-0.25307333760795997,-0.3713660482075741,-0.0941918237652313,12,True,0:300,0.2101959986157577,False,0.3125223810965728,120,True
long,512,64,60,1,主加热功率,0,225,-0.2534382760829824,-0.3731212721943595,-0.09339404893363143,12,True,0:300,0.2101959986157577,False,0.3125223810965728,120,True
long,512,64,60,1,主加热功率,0,226,-0.2544699212847679,-0.37482226077734543,-0.09361200404962582,12,True,0:300,0.2101959986157577,False,0.3125223810965728,120,True
long,512,64,60,1,主加热功率,0,227,-0.2556492108468002,-0.3745153919348332,-0.09243395786249026,12,True,0:300,0.2101959986157577,False,0.3125223810965728,120,True
long,512,64,60,1,主加热功率,0,228,-0.2575359038090871,-0.37361632351924884,-0.09360160377247297,12,True,0:300,0.2101959986157577,False,0.3125223810965728,120,True
long,512,64,60,1,主加热功率,0,229,-0.25874278832046754,-0.3728998719577952,-0.09260288537749246,12,True,0:300,0.2101959986157577,False,0.3125223810965728,120,True
long,512,64,60,1,主加热功率,0,230,-0.25958227958716473,-0.3723446370616075,-0.09339995505469452,12,True,0:300,0.2101959986157577,False,0.3125223810965728,120,True
long,512,64,60,1,主加热功率,0,231,-0.2602514590202356,-0.37267862720610534,-0.09689664552624191,12,True,0:300,0.2101959986157577,False,0.3125223810965728,120,True
long,512,64,60,1,主加热功率,0,232,-0.2612076371831703,-0.37237385018597563,-0.09855836702073986,12,True,0:300,0.2101959986157577,False,0.3125223810965728,120,True
long,512,64,60,1,主加热功率,0,233,-0.26230233080451504,-0.37370055232245697,-0.10128905053819165,12,True,0:300,0.2101959986157577,False,0.3125223810965728,120,True
long,512,64,60,1,主加热功率,0,234,-0.26262904669365245,-0.3732271170466344,-0.10422275221937052,12,True,0:300,0.2101959986157577,False,0.3125223810965728,120,True
long,512,64,60,1,主加热功率,0,235,-0.26302059824044716,-0.3735846316054029,-0.10737422287737625,12,True,0:300,0.2101959986157577,False,0.3125223810965728,120,True
long,512,64,60,1,主加热功率,0,236,-0.2632400666634123,-0.37338834638539614,-0.11082186021343819,12,True,0:300,0.2101959986157577,False,0.3125223810965728,120,True
long,512,64,60,1,主加热功率,0,237,-0.2638105159554856,-0.37189029668051815,-0.11514958565468401,12,True,0:300,0.2101959986157577,False,0.3125223810965728,120,True
long,512,64,60,1,主加热功率,0,238,-0.2642661920179532,-0.371187555394926,-0.11915995796289729,12,True,0:300,0.2101959986157577,False,0.3125223810965728,120,True
long,512,64,60,1,主加热功率,0,239,-0.26392281815620533,-0.37153827686726804,-0.12331154919351331,12,True,0:300,0.2101959986157577,False,0.3125223810965728,120,True
long,512,64,60,1,主加热功率,0,240,-0.26346146508981333,-0.3733001986452585,-0.1246132546333326,12,True,0:300,0.2101959986157577,False,0.3125223810965728,120,True
long,512,64,60,1,主加热功率,0,241,-0.2628514166842685,-0.37341015652784343,-0.1262215055144082,12,True,0:300,0.2101959986157577,False,0.3125223810965728,120,True
long,512,64,60,1,主加热功率,0,242,-0.26259507375018015,-0.3724105421116882,-0.12836750962322727,12,True,0:300,0.2101959986157577,False,0.3125223810965728,120,True
long,512,64,60,1,主加热功率,0,243,-0.26257407790073556,-0.37235653736577534,-0.12942565162086866,12,True,0:300,0.2101959986157577,False,0.3125223810965728,120,True
long,512,64,60,1,主加热功率,0,244,-0.26280907688358884,-0.3735944623362169,-0.13394066192471565,12,True,0:300,0.2101959986157577,False,0.3125223810965728,120,True
long,512,64,60,1,主加热功率,0,245,-0.26283869375532415,-0.3723704582792003,-0.1350698394472615,12,True,0:300,0.2101959986157577,False,0.3125223810965728,120,True
long,512,64,60,1,主加热功率,0,246,-0.26280064421970906,-0.369323035291775,-0.13530207222064747,12,True,0:300,0.2101959986157577,False,0.3125223810965728,120,True
long,512,64,60,1,主加热功率,0,247,-0.26281726412184797,-0.36670869204977985,-0.1363779310006825,12,True,0:300,0.2101959986157577,False,0.3125223810965728,120,True
long,512,64,60,1,主加热功率,0,248,-0.2622015951743907,-0.36544618726877215,-0.13467059530986383,12,True,0:300,0.2101959986157577,False,0.3125223810965728,120,True
long,512,64,60,1,主加热功率,0,249,-0.2618465438373847,-0.3660549052947237,-0.13063014243537446,12,True,0:300,0.2101959986157577,False,0.3125223810965728,120,True
long,512,64,60,1,主加热功率,0,250,-0.2611732403579375,-0.36718281266677927,-0.12499538428035453,12,True,0:300,0.2101959986157577,False,0.3125223810965728,120,True
long,512,64,60,1,主加热功率,0,251,-0.2601448006654438,-0.3679356713676611,-0.11892063013337073,12,True,0:300,0.2101959986157577,False,0.3125223810965728,120,True
long,512,64,60,1,主加热功率,0,252,-0.25946422407551767,-0.36939563682016635,-0.11537233417412968,12,True,0:300,0.2101959986157577,False,0.3125223810965728,120,True
long,512,64,60,1,主加热功率,0,253,-0.25862690874828337,-0.36819364698386237,-0.1118139562305814,12,True,0:300,0.2101959986157577,False,0.3125223810965728,120,True
long,512,64,60,1,主加热功率,0,254,-0.25750106143979135,-0.3676811348894392,-0.11044446152851164,12,True,0:300,0.2101959986157577,False,0.3125223810965728,120,True
long,512,64,60,1,主加热功率,0,255,-0.25580048350819384,-0.3653929651407331,-0.10927078965043818,12,True,0:300,0.2101959986157577,False,0.3125223810965728,120,True
long,512,64,60,1,主加热功率,0,256,-0.25395898410287693,-0.3618181715773235,-0.10773384371443276,12,True,0:300,0.2101959986157577,False,0.3125223810965728,120,True
long,512,64,60,1,主加热功率,0,257,-0.25243267586423834,-0.35942116706229643,-0.10769417708147266,12,True,0:300,0.2101959986157577,False,0.3125223810965728,120,True
long,512,64,60,1,主加热功率,0,258,-0.2504987464133619,-0.35690512516768347,-0.10668120363520661,12,True,0:300,0.2101959986157577,False,0.3125223810965728,120,True
long,512,64,60,1,主加热功率,0,259,-0.24875702525659235,-0.35536498801476196,-0.10602499167396562,12,True,0:300,0.2101959986157577,False,0.3125223810965728,120,True
long,512,64,60,1,主加热功率,0,260,-0.24775678184002295,-0.3535877679703405,-0.10672247552221567,12,True,0:300,0.2101959986157577,False,0.3125223810965728,120,True
long,512,64,60,1,主加热功率,0,261,-0.247044465524372,-0.352854783430936,-0.10830833327697388,12,True,0:300,0.2101959986157577,False,0.3125223810965728,120,True
long,512,64,60,1,主加热功率,0,262,-0.24711233246666997,-0.3555651801284439,-0.10892209573569574,12,True,0:300,0.2101959986157577,False,0.3125223810965728,120,True
long,512,64,60,1,主加热功率,0,263,-0.24717676100188138,-0.3580229942079545,-0.10784491687753071,12,True,0:300,0.2101959986157577,False,0.3125223810965728,120,True
long,512,64,60,1,主加热功率,0,264,-0.24694523084977532,-0.35942824637704057,-0.10605620985927183,12,True,0:300,0.2101959986157577,False,0.3125223810965728,120,True
long,512,64,60,1,主加热功率,0,265,-0.24683079074045977,-0.3603564805765989,-0.10483299680885745,12,True,0:300,0.2101959986157577,False,0.3125223810965728,120,True
long,512,64,60,1,主加热功率,0,266,-0.24651747703609006,-0.357330897010107,-0.10340012569535517,12,True,0:300,0.2101959986157577,False,0.3125223810965728,120,True
long,512,64,60,1,主加热功率,0,267,-0.2463823625999263,-0.35684087515953095,-0.10287632696743962,12,True,0:300,0.2101959986157577,False,0.3125223810965728,120,True
long,512,64,60,1,主加热功率,0,268,-0.24589592754966366,-0.3574733342712242,-0.10356193943463238,12,True,0:300,0.2101959986157577,False,0.3125223810965728,120,True
long,512,64,60,1,主加热功率,0,269,-0.24602916614952364,-0.35751173775115885,-0.10689167045640921,12,True,0:300,0.2101959986157577,False,0.3125223810965728,120,True
long,512,64,60,1,主加热功率,0,270,-0.24705736891107288,-0.35780703224097504,-0.11166323104548938,12,True,0:300,0.2101959986157577,False,0.3125223810965728,120,True
long,512,64,60,1,主加热功率,0,271,-0.24932009187398632,-0.3587012388320256,-0.11522777909732973,12,True,0:300,0.2101959986157577,False,0.3125223810965728,120,True
long,512,64,60,1,主加热功率,0,272,-0.2512905429679376,-0.3609395930194042,-0.11250695526873052,12,True,0:300,0.2101959986157577,False,0.3125223810965728,120,True
long,512,64,60,1,主加热功率,0,273,-0.2531078300703312,-0.3606635898471475,-0.11041711461767048,12,True,0:300,0.2101959986157577,False,0.3125223810965728,120,True
long,512,64,60,1,主加热功率,0,274,-0.2543895826963593,-0.360025528219185,-0.1087443051160728,12,True,0:300,0.2101959986157577,False,0.3125223810965728,120,True
long,512,64,60,1,主加热功率,0,275,-0.25544267467476844,-0.3594179109348476,-0.10715532400050576,12,True,0:300,0.2101959986157577,False,0.3125223810965728,120,True
long,512,64,60,1,主加热功率,0,276,-0.2561298357742898,-0.35769371470674927,-0.10547104109377622,12,True,0:300,0.2101959986157577,False,0.3125223810965728,120,True
long,512,64,60,1,主加热功率,0,277,-0.2564395700317694,-0.3579630960584705,-0.10567297515599637,12,True,0:300,0.2101959986157577,False,0.3125223810965728,120,True
long,512,64,60,1,主加热功率,0,278,-0.2566527968883583,-0.35914063179795247,-0.10655164790765408,12,True,0:300,0.2101959986157577,False,0.3125223810965728,120,True
long,512,64,60,1,主加热功率,0,279,-0.25653621266747983,-0.35926848235248027,-0.10548438924769377,12,True,0:300,0.2101959986157577,False,0.3125223810965728,120,True
long,512,64,60,1,主加热功率,0,280,-0.25700865446881144,-0.3600710434423819,-0.10394781935130752,12,True,0:300,0.2101959986157577,False,0.3125223810965728,120,True
long,512,64,60,1,主加热功率,0,281,-0.25817058063494824,-0.3635474282505935,-0.10045845111006431,12,True,0:300,0.2101959986157577,False,0.3125223810965728,120,True
long,512,64,60,1,主加热功率,0,282,-0.25896247656324994,-0.36891244407747176,-0.09709764522219128,12,True,0:300,0.2101959986157577,False,0.3125223810965728,120,True
long,512,64,60,1,主加热功率,0,283,-0.2599585520642213,-0.3748812220293827,-0.09344813781457334,12,True,0:300,0.2101959986157577,False,0.3125223810965728,120,True
long,512,64,60,1,主加热功率,0,284,-0.2613309359813089,-0.37876462677353123,-0.09211922439432887,12,True,0:300,0.2101959986157577,False,0.3125223810965728,120,True
long,512,64,60,1,主加热功率,0,285,-0.26238446634730017,-0.3821736672223718,-0.08924255012928205,12,True,0:300,0.2101959986157577,False,0.3125223810965728,120,True
long,512,64,60,1,主加热功率,0,286,-0.2628018586120855,-0.3831899934635307,-0.08736184542728351,12,True,0:300,0.2101959986157577,False,0.3125223810965728,120,True
long,512,64,60,1,主加热功率,0,287,-0.26281139764372474,-0.3839963504986647,-0.08525886995115717,12,True,0:300,0.2101959986157577,False,0.3125223810965728,120,True
long,512,64,60,1,主加热功率,0,288,-0.2623735010511908,-0.38505243667942035,-0.08442946766362003,12,True,0:300,0.2101959986157577,False,0.3125223810965728,120,True
long,512,64,60,1,主加热功率,0,289,-0.2629804798999148,-0.3864337985144309,-0.08361958631960155,12,True,0:300,0.2101959986157577,False,0.3125223810965728,120,True
long,512,64,60,1,主加热功率,0,290,-0.2634123511264829,-0.3868464982086514,-0.08151490171731993,12,True,0:300,0.2101959986157577,False,0.3125223810965728,120,True
long,512,64,60,1,主加热功率,0,291,-0.26306891894676765,-0.3865400525205176,-0.07863205075954534,12,True,0:300,0.2101959986157577,False,0.3125223810965728,120,True
long,512,64,60,1,主加热功率,0,292,-0.2617817518975879,-0.3850272248228541,-0.07801952444797972,12,True,0:300,0.2101959986157577,False,0.3125223810965728,120,True
long,512,64,60,1,主加热功率,0,293,-0.2602856040271013,-0.3824898329082103,-0.07786672498756975,12,True,0:300,0.2101959986157577,False,0.3125223810965728,120,True
long,512,64,60,1,主加热功率,0,294,-0.25958690071209717,-0.382108457122495,-0.07674230460103305,12,True,0:300,0.2101959986157577,False,0.3125223810965728,120,True
long,512,64,60,1,主加热功率,0,295,-0.2589878021273373,-0.38217458120548387,-0.07658965539817367,12,True,0:300,0.2101959986157577,False,0.3125223810965728,120,True
long,512,64,60,1,主加热功率,0,296,-0.2589738163641994,-0.3826109929137768,-0.07752792885356508,12,True,0:300,0.2101959986157577,False,0.3125223810965728,120,True
long,512,64,60,1,主加热功率,0,297,-0.25885027818046796,-0.38163325241230783,-0.07870535641192972,12,True,0:300,0.2101959986157577,False,0.3125223810965728,120,True
long,512,64,60,1,主加热功率,0,298,-0.2588586756673715,-0.379228000716853,-0.07925905867933994,12,True,0:300,0.2101959986157577,False,0.3125223810965728,120,True
long,512,64,60,1,主加热功率,0,299,-0.2585420035781979,-0.3770312815928196,-0.07915449273743916,12,True,0:300,0.2101959986157577,False,0.3125223810965728,120,True
long,512,64,60,1,主加热功率,0,300,-0.25768383808321305,-0.3762680628858616,-0.0795784431001817,12,True,0:300,0.2101959986157577,False,0.3125223810965728,120,True
long,512,64,60,1,晶升速度,1,0,-0.15678142901907985,-0.33203223199370646,-0.010452598545611775,12,True,0:25;32:300,0.22745695431583293,False,0.47430511331835257,278,False
long,512,64,60,1,晶升速度,1,1,-0.15632504891168106,-0.3326095912019954,-0.010682770742099652,12,True,0:25;32:300,0.22745695431583293,False,0.47430511331835257,278,False
long,512,64,60,1,晶升速度,1,2,-0.15492429061874968,-0.33087409885657226,-0.012447688789960923,12,True,0:25;32:300,0.22745695431583293,False,0.47430511331835257,278,False
long,512,64,60,1,晶升速度,1,3,-0.1533707983287408,-0.32968427093082786,-0.018030031783560253,12,True,0:25;32:300,0.22745695431583293,False,0.47430511331835257,278,False
long,512,64,60,1,晶升速度,1,4,-0.15236682546803798,-0.3292738683659696,-0.023287098921075798,12,True,0:25;32:300,0.22745695431583293,False,0.47430511331835257,278,False
long,512,64,60,1,晶升速度,1,5,-0.15155477696929173,-0.32638292295835475,-0.02543298513054691,12,True,0:25;32:300,0.22745695431583293,False,0.47430511331835257,278,False
long,512,64,60,1,晶升速度,1,6,-0.15059773255517195,-0.31940736818850385,-0.02481563025409328,12,True,0:25;32:300,0.22745695431583293,False,0.47430511331835257,278,False
long,512,64,60,1,晶升速度,1,7,-0.1494536821627637,-0.312574516295712,-0.019032558825663386,12,True,0:25;32:300,0.22745695431583293,False,0.47430511331835257,278,False
long,512,64,60,1,晶升速度,1,8,-0.14691822443200822,-0.3044248929948851,-0.012308312048765544,12,True,0:25;32:300,0.22745695431583293,False,0.47430511331835257,278,False
long,512,64,60,1,晶升速度,1,9,-0.1444868158185448,-0.2958905417225412,-0.011796264332925167,12,True,0:25;32:300,0.22745695431583293,False,0.47430511331835257,278,False
long,512,64,60,1,晶升速度,1,10,-0.14172704996361712,-0.290365146019556,-0.011349936398987959,12,True,0:25;32:300,0.22745695431583293,False,0.47430511331835257,278,False
long,512,64,60,1,晶升速度,1,11,-0.13967863426031155,-0.28805604098414245,-0.010659681612698261,12,True,0:25;32:300,0.22745695431583293,False,0.47430511331835257,278,False
long,512,64,60,1,晶升速度,1,12,-0.13822286952081383,-0.28664917226836245,-0.010094501915149993,12,True,0:25;32:300,0.22745695431583293,False,0.47430511331835257,278,False
long,512,64,60,1,晶升速度,1,13,-0.13706809145957596,-0.2862674440056485,-0.008476023524940056,12,True,0:25;32:300,0.22745695431583293,False,0.47430511331835257,278,False
long,512,64,60,1,晶升速度,1,14,-0.13687383155420213,-0.28731950399695605,-0.007664333202902574,12,True,0:25;32:300,0.22745695431583293,False,0.47430511331835257,278,False
long,512,64,60,1,晶升速度,1,15,-0.13766633311238277,-0.28950935126965566,-0.006167039613368225,12,True,0:25;32:300,0.22745695431583293,False,0.47430511331835257,278,False
long,512,64,60,1,晶升速度,1,16,-0.13919767382599527,-0.2922007473498345,-0.006438922655882193,12,True,0:25;32:300,0.22745695431583293,False,0.47430511331835257,278,False
long,512,64,60,1,晶升速度,1,17,-0.1411449412266253,-0.294207289441197,-0.007810970685906461,12,True,0:25;32:300,0.22745695431583293,False,0.47430511331835257,278,False
long,512,64,60,1,晶升速度,1,18,-0.14294058657625638,-0.2962178725023859,-0.0075840308333113724,12,True,0:25;32:300,0.22745695431583293,False,0.47430511331835257,278,False
long,512,64,60,1,晶升速度,1,19,-0.14362963816618798,-0.2964208146315027,-0.010316232976075763,12,True,0:25;32:300,0.22745695431583293,False,0.47430511331835257,278,False
long,512,64,60,1,晶升速度,1,20,-0.14429251786698924,-0.29468728353882206,-0.011916155970441373,12,True,0:25;32:300,0.22745695431583293,False,0.47430511331835257,278,False
long,512,64,60,1,晶升速度,1,21,-0.14473002411737393,-0.2942742303149699,-0.009050364395929237,12,True,0:25;32:300,0.22745695431583293,False,0.47430511331835257,278,False
long,512,64,60,1,晶升速度,1,22,-0.1458490140422578,-0.2931902003279406,-0.007186623374176688,12,True,0:25;32:300,0.22745695431583293,False,0.47430511331835257,278,False
long,512,64,60,1,晶升速度,1,23,-0.14691409993394003,-0.2911320680602626,-0.006231546336227737,12,True,0:25;32:300,0.22745695431583293,False,0.47430511331835257,278,False
long,512,64,60,1,晶升速度,1,24,-0.1476216364110755,-0.2900461505164053,-0.005338860146361436,12,True,0:25;32:300,0.22745695431583293,False,0.47430511331835257,278,False
long,512,64,60,1,晶升速度,1,25,-0.14766134995612526,-0.287349923336934,-0.004214249874781661,12,True,0:25;32:300,0.22745695431583293,False,0.47430511331835257,278,False
long,512,64,60,1,晶升速度,1,26,-0.1463332499415058,-0.28387088936110283,0.0004764222879055898,12,False,0:25;32:300,0.22745695431583293,False,0.47430511331835257,278,False
long,512,64,60,1,晶升速度,1,27,-0.1443310683649457,-0.28059167342657904,0.005451768243488359,12,False,0:25;32:300,0.22745695431583293,False,0.47430511331835257,278,False
long,512,64,60,1,晶升速度,1,28,-0.14316535339175068,-0.27902153606430785,0.009951398414175465,12,False,0:25;32:300,0.22745695431583293,False,0.47430511331835257,278,False
long,512,64,60,1,晶升速度,1,29,-0.14318097370669675,-0.279706109358963,0.010191614143665545,12,False,0:25;32:300,0.22745695431583293,False,0.47430511331835257,278,False
long,512,64,60,1,晶升速度,1,30,-0.14551886749221302,-0.2828709356233493,0.007800123728080761,12,False,0:25;32:300,0.22745695431583293,False,0.47430511331835257,278,False
long,512,64,60,1,晶升速度,1,31,-0.1500963723548653,-0.2884253526861481,0.0033052224732498282,12,False,0:25;32:300,0.22745695431583293,False,0.47430511331835257,278,False
long,512,64,60,1,晶升速度,1,32,-0.15542120971938206,-0.29507140711422963,-0.001552730893166803,12,True,0:25;32:300,0.22745695431583293,False,0.47430511331835257,278,False
long,512,64,60,1,晶升速度,1,33,-0.16046400731098842,-0.2996657829170387,-0.004387374733604114,12,True,0:25;32:300,0.22745695431583293,False,0.47430511331835257,278,False
long,512,64,60,1,晶升速度,1,34,-0.1654310215466719,-0.3039722300611363,-0.006166640721703018,12,True,0:25;32:300,0.22745695431583293,False,0.47430511331835257,278,False
long,512,64,60,1,晶升速度,1,35,-0.16965479607940248,-0.3086413023053204,-0.005807938944967669,12,True,0:25;32:300,0.22745695431583293,False,0.47430511331835257,278,False
long,512,64,60,1,晶升速度,1,36,-0.17369264033374754,-0.3111360737029099,-0.005718966450223004,12,True,0:25;32:300,0.22745695431583293,False,0.47430511331835257,278,False
long,512,64,60,1,晶升速度,1,37,-0.1774182331989266,-0.3127890041800232,-0.005067089770263204,12,True,0:25;32:300,0.22745695431583293,False,0.47430511331835257,278,False
long,512,64,60,1,晶升速度,1,38,-0.18217206263233932,-0.31619897744362974,-0.011165598052236447,12,True,0:25;32:300,0.22745695431583293,False,0.47430511331835257,278,False
long,512,64,60,1,晶升速度,1,39,-0.18804681710655557,-0.32215752423002586,-0.018737979815518203,12,True,0:25;32:300,0.22745695431583293,False,0.47430511331835257,278,False
long,512,64,60,1,晶升速度,1,40,-0.1943215052063985,-0.32865426732082625,-0.02768050764721391,12,True,0:25;32:300,0.22745695431583293,False,0.47430511331835257,278,False
long,512,64,60,1,晶升速度,1,41,-0.20102181133673958,-0.33533522017344874,-0.03706094935633656,12,True,0:25;32:300,0.22745695431583293,False,0.47430511331835257,278,False
long,512,64,60,1,晶升速度,1,42,-0.20756784319357507,-0.34036860167702365,-0.04463014686679899,12,True,0:25;32:300,0.22745695431583293,False,0.47430511331835257,278,False
long,512,64,60,1,晶升速度,1,43,-0.21365478235536994,-0.3463999795963693,-0.05094229825708525,12,True,0:25;32:300,0.22745695431583293,False,0.47430511331835257,278,False
long,512,64,60,1,晶升速度,1,44,-0.2182950042284389,-0.3521235802537512,-0.05524017090792928,12,True,0:25;32:300,0.22745695431583293,False,0.47430511331835257,278,False
long,512,64,60,1,晶升速度,1,45,-0.22160607212467628,-0.35379862563423814,-0.05672636538023111,12,True,0:25;32:300,0.22745695431583293,False,0.47430511331835257,278,False
long,512,64,60,1,晶升速度,1,46,-0.22424530232349493,-0.3533059695912847,-0.05822760278165606,12,True,0:25;32:300,0.22745695431583293,False,0.47430511331835257,278,False
long,512,64,60,1,晶升速度,1,47,-0.22507859877642952,-0.3555022848441369,-0.05846323274810963,12,True,0:25;32:300,0.22745695431583293,False,0.47430511331835257,278,False
long,512,64,60,1,晶升速度,1,48,-0.22610494712891122,-0.3590292824223691,-0.06323380605306045,12,True,0:25;32:300,0.22745695431583293,False,0.47430511331835257,278,False
long,512,64,60,1,晶升速度,1,49,-0.22729497312129762,-0.36141366195902325,-0.06823296041023512,12,True,0:25;32:300,0.22745695431583293,False,0.47430511331835257,278,False
long,512,64,60,1,晶升速度,1,50,-0.22796330450301955,-0.3632146205404553,-0.071277910156995,12,True,0:25;32:300,0.22745695431583293,False,0.47430511331835257,278,False
long,512,64,60,1,晶升速度,1,51,-0.22772828714530502,-0.3647542484838093,-0.07321382135756058,12,True,0:25;32:300,0.22745695431583293,False,0.47430511331835257,278,False
long,512,64,60,1,晶升速度,1,52,-0.22686259521436097,-0.3655448930167766,-0.07594610450546864,12,True,0:25;32:300,0.22745695431583293,False,0.47430511331835257,278,False
long,512,64,60,1,晶升速度,1,53,-0.2247024716553784,-0.36428247133526614,-0.07722751839099364,12,True,0:25;32:300,0.22745695431583293,False,0.47430511331835257,278,False
long,512,64,60,1,晶升速度,1,54,-0.22134028120874308,-0.3598900439964384,-0.07570582472255252,12,True,0:25;32:300,0.22745695431583293,False,0.47430511331835257,278,False
long,512,64,60,1,晶升速度,1,55,-0.2178705053656785,-0.354750442873999,-0.07316410414969209,12,True,0:25;32:300,0.22745695431583293,False,0.47430511331835257,278,False
long,512,64,60,1,晶升速度,1,56,-0.21551233025414088,-0.35111878794966656,-0.07114214870323851,12,True,0:25;32:300,0.22745695431583293,False,0.47430511331835257,278,False
long,512,64,60,1,晶升速度,1,57,-0.21398221953969268,-0.3473703830997599,-0.06869195068081502,12,True,0:25;32:300,0.22745695431583293,False,0.47430511331835257,278,False
long,512,64,60,1,晶升速度,1,58,-0.21255903690400765,-0.3436192434397536,-0.0637543141245181,12,True,0:25;32:300,0.22745695431583293,False,0.47430511331835257,278,False
long,512,64,60,1,晶升速度,1,59,-0.2113483594223044,-0.34018455734974534,-0.05877329709807677,12,True,0:25;32:300,0.22745695431583293,False,0.47430511331835257,278,False
long,512,64,60,1,晶升速度,1,60,-0.20981955473104438,-0.3371379443339125,-0.05371202821300435,12,True,0:25;32:300,0.22745695431583293,False,0.47430511331835257,278,False
long,512,64,60,1,晶升速度,1,61,-0.20736053031995283,-0.3342435507513141,-0.047982853863824663,12,True,0:25;32:300,0.22745695431583293,False,0.47430511331835257,278,False
long,512,64,60,1,晶升速度,1,62,-0.20494928612103863,-0.3301825867106659,-0.044815666815043446,12,True,0:25;32:300,0.22745695431583293,False,0.47430511331835257,278,False
long,512,64,60,1,晶升速度,1,63,-0.2034826384153479,-0.3284454324889478,-0.04303106221558679,12,True,0:25;32:300,0.22745695431583293,False,0.47430511331835257,278,False
long,512,64,60,1,晶升速度,1,64,-0.20332151506123222,-0.32634953211596746,-0.03940545000778357,12,True,0:25;32:300,0.22745695431583293,False,0.47430511331835257,278,False
long,512,64,60,1,晶升速度,1,65,-0.2033898740251113,-0.3266207108145485,-0.03567983879810079,12,True,0:25;32:300,0.22745695431583293,False,0.47430511331835257,278,False
long,512,64,60,1,晶升速度,1,66,-0.20457823286066878,-0.3311912129465908,-0.03236751240989425,12,True,0:25;32:300,0.22745695431583293,False,0.47430511331835257,278,False
long,512,64,60,1,晶升速度,1,67,-0.20579787481390238,-0.33442492986240524,-0.028170709667658174,12,True,0:25;32:300,0.22745695431583293,False,0.47430511331835257,278,False
long,512,64,60,1,晶升速度,1,68,-0.20706941615635882,-0.33793877686552853,-0.024485883223353835,12,True,0:25;32:300,0.22745695431583293,False,0.47430511331835257,278,False
long,512,64,60,1,晶升速度,1,69,-0.20742067947329101,-0.3380086518350236,-0.020687181465692706,12,True,0:25;32:300,0.22745695431583293,False,0.47430511331835257,278,False
long,512,64,60,1,晶升速度,1,70,-0.20808867834872394,-0.3392740870168494,-0.018380409394580716,12,True,0:25;32:300,0.22745695431583293,False,0.47430511331835257,278,False
long,512,64,60,1,晶升速度,1,71,-0.2087296501630529,-0.33942603265045357,-0.016312215607337838,12,True,0:25;32:300,0.22745695431583293,False,0.47430511331835257,278,False
long,512,64,60,1,晶升速度,1,72,-0.20837230939816975,-0.339041400171465,-0.014647912406362689,12,True,0:25;32:300,0.22745695431583293,False,0.47430511331835257,278,False
long,512,64,60,1,晶升速度,1,73,-0.20818853472828228,-0.3391052802232008,-0.015763535105761024,12,True,0:25;32:300,0.22745695431583293,False,0.47430511331835257,278,False
long,512,64,60,1,晶升速度,1,74,-0.20897580428658752,-0.3412416344156381,-0.019549859654928056,12,True,0:25;32:300,0.22745695431583293,False,0.47430511331835257,278,False
long,512,64,60,1,晶升速度,1,75,-0.20995606304358969,-0.3453050583061149,-0.02349734875134726,12,True,0:25;32:300,0.22745695431583293,False,0.47430511331835257,278,False
long,512,64,60,1,晶升速度,1,76,-0.2108965549004824,-0.34921459514066194,-0.026303895953179904,12,True,0:25;32:300,0.22745695431583293,False,0.47430511331835257,278,False
long,512,64,60,1,晶升速度,1,77,-0.21273501056412325,-0.35453820989291857,-0.032154002168217136,12,True,0:25;32:300,0.22745695431583293,False,0.47430511331835257,278,False
long,512,64,60,1,晶升速度,1,78,-0.21444692592937187,-0.35758102304552714,-0.03649057181656078,12,True,0:25;32:300,0.22745695431583293,False,0.47430511331835257,278,False
long,512,64,60,1,晶升速度,1,79,-0.21592705449391755,-0.361142746658577,-0.04045181454829758,12,True,0:25;32:300,0.22745695431583293,False,0.47430511331835257,278,False
long,512,64,60,1,晶升速度,1,80,-0.21693262090776613,-0.36234175294704674,-0.046241392053407486,12,True,0:25;32:300,0.22745695431583293,False,0.47430511331835257,278,False
long,512,64,60,1,晶升速度,1,81,-0.21871026623397527,-0.36076999133960197,-0.049745468502831396,12,True,0:25;32:300,0.22745695431583293,False,0.47430511331835257,278,False
long,512,64,60,1,晶升速度,1,82,-0.22085968965318,-0.3602844411236939,-0.04866198882964264,12,True,0:25;32:300,0.22745695431583293,False,0.47430511331835257,278,False
long,512,64,60,1,晶升速度,1,83,-0.22288129848336863,-0.3611528700625095,-0.051345838270365735,12,True,0:25;32:300,0.22745695431583293,False,0.47430511331835257,278,False
long,512,64,60,1,晶升速度,1,84,-0.2263491866264692,-0.3651737546156843,-0.056464579364759425,12,True,0:25;32:300,0.22745695431583293,False,0.47430511331835257,278,False
long,512,64,60,1,晶升速度,1,85,-0.22983824675245407,-0.3683306911962875,-0.06015067395281106,12,True,0:25;32:300,0.22745695431583293,False,0.47430511331835257,278,False
long,512,64,60,1,晶升速度,1,86,-0.23290965595817212,-0.37043592816155735,-0.06443981367992956,12,True,0:25;32:300,0.22745695431583293,False,0.47430511331835257,278,False
long,512,64,60,1,晶升速度,1,87,-0.23616937225175594,-0.37240298576621916,-0.06981726425226058,12,True,0:25;32:300,0.22745695431583293,False,0.47430511331835257,278,False
long,512,64,60,1,晶升速度,1,88,-0.23981836928054484,-0.37473581059224004,-0.0755587767395386,12,True,0:25;32:300,0.22745695431583293,False,0.47430511331835257,278,False
long,512,64,60,1,晶升速度,1,89,-0.24361548790265755,-0.37841085683282416,-0.07902072530601205,12,True,0:25;32:300,0.22745695431583293,False,0.47430511331835257,278,False
long,512,64,60,1,晶升速度,1,90,-0.2473882648941698,-0.3804696088386385,-0.08410396996488612,12,True,0:25;32:300,0.22745695431583293,False,0.47430511331835257,278,False
long,512,64,60,1,晶升速度,1,91,-0.2513297727799695,-0.38373692506540336,-0.08924540348167144,12,True,0:25;32:300,0.22745695431583293,False,0.47430511331835257,278,False
long,512,64,60,1,晶升速度,1,92,-0.2557122742660197,-0.3893062403462281,-0.09571089910723851,12,True,0:25;32:300,0.22745695431583293,False,0.47430511331835257,278,False
long,512,64,60,1,晶升速度,1,93,-0.25922711559914885,-0.39295152624140717,-0.10092909817010282,12,True,0:25;32:300,0.22745695431583293,False,0.47430511331835257,278,False
long,512,64,60,1,晶升速度,1,94,-0.2620767003248306,-0.39773256614875474,-0.10561809451757055,12,True,0:25;32:300,0.22745695431583293,False,0.47430511331835257,278,False
long,512,64,60,1,晶升速度,1,95,-0.26494140807893807,-0.4035237585111648,-0.11105165961519022,12,True,0:25;32:300,0.22745695431583293,False,0.47430511331835257,278,False
long,512,64,60,1,晶升速度,1,96,-0.2665429449267571,-0.40728629144159784,-0.11456593891572231,12,True,0:25;32:300,0.22745695431583293,False,0.47430511331835257,278,False
long,512,64,60,1,晶升速度,1,97,-0.26786858971630223,-0.40920393404339606,-0.11762173279727195,12,True,0:25;32:300,0.22745695431583293,False,0.47430511331835257,278,False
long,512,64,60,1,晶升速度,1,98,-0.2687356818278962,-0.4106547679468159,-0.12008801064892137,12,True,0:25;32:300,0.22745695431583293,False,0.47430511331835257,278,False
long,512,64,60,1,晶升速度,1,99,-0.26893337366068937,-0.4151864105174352,-0.12174609273015745,12,True,0:25;32:300,0.22745695431583293,False,0.47430511331835257,278,False
long,512,64,60,1,晶升速度,1,100,-0.2686901101972269,-0.4175912761592677,-0.1219256278483339,12,True,0:25;32:300,0.22745695431583293,False,0.47430511331835257,278,False
long,512,64,60,1,晶升速度,1,101,-0.267813071622104,-0.4201789174608572,-0.12056569897476874,12,True,0:25;32:300,0.22745695431583293,False,0.47430511331835257,278,False
long,512,64,60,1,晶升速度,1,102,-0.2675688900412713,-0.4221396671914968,-0.11855167753476914,12,True,0:25;32:300,0.22745695431583293,False,0.47430511331835257,278,False
long,512,64,60,1,晶升速度,1,103,-0.26668036831678205,-0.42193450542010225,-0.11574457043935023,12,True,0:25;32:300,0.22745695431583293,False,0.47430511331835257,278,False
long,512,64,60,1,晶升速度,1,104,-0.2653691035868309,-0.42069811065791635,-0.1115601256437023,12,True,0:25;32:300,0.22745695431583293,False,0.47430511331835257,278,False
long,512,64,60,1,晶升速度,1,105,-0.2642082845915405,-0.4203618914949502,-0.10596068907676207,12,True,0:25;32:300,0.22745695431583293,False,0.47430511331835257,278,False
long,512,64,60,1,晶升速度,1,106,-0.26357893906370833,-0.4195777305659474,-0.10218802978655468,12,True,0:25;32:300,0.22745695431583293,False,0.47430511331835257,278,False
long,512,64,60,1,晶升速度,1,107,-0.26327544105714396,-0.4177726799813732,-0.0994798560955902,12,True,0:25;32:300,0.22745695431583293,False,0.47430511331835257,278,False
long,512,64,60,1,晶升速度,1,108,-0.2625930911482178,-0.41570505349921916,-0.097052266550386,12,True,0:25;32:300,0.22745695431583293,False,0.47430511331835257,278,False
long,512,64,60,1,晶升速度,1,109,-0.262304606458628,-0.415399768164367,-0.0970999988648538,12,True,0:25;32:300,0.22745695431583293,False,0.47430511331835257,278,False
long,512,64,60,1,晶升速度,1,110,-0.26262472015814176,-0.41449865825343724,-0.10076165612702688,12,True,0:25;32:300,0.22745695431583293,False,0.47430511331835257,278,False
long,512,64,60,1,晶升速度,1,111,-0.26273464664664015,-0.4108876437160143,-0.10373452625920136,12,True,0:25;32:300,0.22745695431583293,False,0.47430511331835257,278,False
long,512,64,60,1,晶升速度,1,112,-0.2635627027537829,-0.4074551281307777,-0.10736439983166832,12,True,0:25;32:300,0.22745695431583293,False,0.47430511331835257,278,False
long,512,64,60,1,晶升速度,1,113,-0.265212239574065,-0.40492453562258696,-0.11096849464981287,12,True,0:25;32:300,0.22745695431583293,False,0.47430511331835257,278,False
long,512,64,60,1,晶升速度,1,114,-0.26633697585845234,-0.4017783627877766,-0.11414869908060368,12,True,0:25;32:300,0.22745695431583293,False,0.47430511331835257,278,False
long,512,64,60,1,晶升速度,1,115,-0.26746599635881185,-0.3989885344623654,-0.11613051233808837,12,True,0:25;32:300,0.22745695431583293,False,0.47430511331835257,278,False
long,512,64,60,1,晶升速度,1,116,-0.26884809773970486,-0.39695040560844375,-0.11739103592337112,12,True,0:25;32:300,0.22745695431583293,False,0.47430511331835257,278,False
long,512,64,60,1,晶升速度,1,117,-0.26964383592045826,-0.3938220986892998,-0.11913625833470153,12,True,0:25;32:300,0.22745695431583293,False,0.47430511331835257,278,False
long,512,64,60,1,晶升速度,1,118,-0.2691733553171964,-0.3894114234132631,-0.11875546899401625,12,True,0:25;32:300,0.22745695431583293,False,0.47430511331835257,278,False
long,512,64,60,1,晶升速度,1,119,-0.269211838464357,-0.3861592690437696,-0.1159827278740131,12,True,0:25;32:300,0.22745695431583293,False,0.47430511331835257,278,False
long,512,64,60,1,晶升速度,1,120,-0.2691495703401803,-0.38457895385558616,-0.11069554625008729,12,True,0:25;32:300,0.22745695431583293,False,0.47430511331835257,278,False
long,512,64,60,1,晶升速度,1,121,-0.2690161750163334,-0.38443444382490843,-0.10598279517484926,12,True,0:25;32:300,0.22745695431583293,False,0.47430511331835257,278,False
long,512,64,60,1,晶升速度,1,122,-0.2685908258270547,-0.38444109611185073,-0.1024689643705534,12,True,0:25;32:300,0.22745695431583293,False,0.47430511331835257,278,False
long,512,64,60,1,晶升速度,1,123,-0.2684692021291439,-0.38361283435187665,-0.09984069935447448,12,True,0:25;32:300,0.22745695431583293,False,0.47430511331835257,278,False
long,512,64,60,1,晶升速度,1,124,-0.2683374035335865,-0.38347471204342415,-0.09911757630233504,12,True,0:25;32:300,0.22745695431583293,False,0.47430511331835257,278,False
long,512,64,60,1,晶升速度,1,125,-0.2681578607018609,-0.38349959984179366,-0.09876667250829987,12,True,0:25;32:300,0.22745695431583293,False,0.47430511331835257,278,False
long,512,64,60,1,晶升速度,1,126,-0.2680217103417798,-0.3832016241096319,-0.09926390468454405,12,True,0:25;32:300,0.22745695431583293,False,0.47430511331835257,278,False
long,512,64,60,1,晶升速度,1,127,-0.26849666313824133,-0.38304825018817273,-0.1021457921015255,12,True,0:25;32:300,0.22745695431583293,False,0.47430511331835257,278,False
long,512,64,60,1,晶升速度,1,128,-0.26858684127646265,-0.38415912231160876,-0.10481523878562052,12,True,0:25;32:300,0.22745695431583293,False,0.47430511331835257,278,False
long,512,64,60,1,晶升速度,1,129,-0.2690281786135899,-0.3914357527157616,-0.10739720508119605,12,True,0:25;32:300,0.22745695431583293,False,0.47430511331835257,278,False
long,512,64,60,1,晶升速度,1,130,-0.27016300541681,-0.3948433281999436,-0.1111138353953254,12,True,0:25;32:300,0.22745695431583293,False,0.47430511331835257,278,False
long,512,64,60,1,晶升速度,1,131,-0.2714268908160806,-0.3982883354783957,-0.11665606880990521,12,True,0:25;32:300,0.22745695431583293,False,0.47430511331835257,278,False
long,512,64,60,1,晶升速度,1,132,-0.2726229489914408,-0.4004822639247617,-0.12148064868392411,12,True,0:25;32:300,0.22745695431583293,False,0.47430511331835257,278,False
long,512,64,60,1,晶升速度,1,133,-0.2746280177204336,-0.40322837598832495,-0.123536788816566,12,True,0:25;32:300,0.22745695431583293,False,0.47430511331835257,278,False
long,512,64,60,1,晶升速度,1,134,-0.2771903597696785,-0.40707721032673855,-0.12544327218431772,12,True,0:25;32:300,0.22745695431583293,False,0.47430511331835257,278,False
long,512,64,60,1,晶升速度,1,135,-0.2796551036381856,-0.41021409755379096,-0.1280640701389901,12,True,0:25;32:300,0.22745695431583293,False,0.47430511331835257,278,False
long,512,64,60,1,晶升速度,1,136,-0.2815071412109262,-0.41220882612722887,-0.12876888618786894,12,True,0:25;32:300,0.22745695431583293,False,0.47430511331835257,278,False
long,512,64,60,1,晶升速度,1,137,-0.2836842594860857,-0.41525415097661283,-0.12765009917084547,12,True,0:25;32:300,0.22745695431583293,False,0.47430511331835257,278,False
long,512,64,60,1,晶升速度,1,138,-0.2858813660254984,-0.4184427472660118,-0.1264257900074204,12,True,0:25;32:300,0.22745695431583293,False,0.47430511331835257,278,False
long,512,64,60,1,晶升速度,1,139,-0.28734829096935505,-0.42007761222055034,-0.12424749295389058,12,True,0:25;32:300,0.22745695431583293,False,0.47430511331835257,278,False
long,512,64,60,1,晶升速度,1,140,-0.28880772486129436,-0.4220365065841389,-0.12399919905561896,12,True,0:25;32:300,0.22745695431583293,False,0.47430511331835257,278,False
long,512,64,60,1,晶升速度,1,141,-0.2903394444963857,-0.42399229143883677,-0.1261099291150171,12,True,0:25;32:300,0.22745695431583293,False,0.47430511331835257,278,False
long,512,64,60,1,晶升速度,1,142,-0.29051397226847764,-0.42481820036340123,-0.1284931124961023,12,True,0:25;32:300,0.22745695431583293,False,0.47430511331835257,278,False
long,512,64,60,1,晶升速度,1,143,-0.29048493692686755,-0.425890872259353,-0.13167932221877499,12,True,0:25;32:300,0.22745695431583293,False,0.47430511331835257,278,False
long,512,64,60,1,晶升速度,1,144,-0.2910188203407905,-0.4281670021363052,-0.13511357417298067,12,True,0:25;32:300,0.22745695431583293,False,0.47430511331835257,278,False
long,512,64,60,1,晶升速度,1,145,-0.2912060518694494,-0.43241803283946845,-0.13999237250113425,12,True,0:25;32:300,0.22745695431583293,False,0.47430511331835257,278,False
long,512,64,60,1,晶升速度,1,146,-0.29122641963039364,-0.4344898512627074,-0.14469254029914916,12,True,0:25;32:300,0.22745695431583293,False,0.47430511331835257,278,False
long,512,64,60,1,晶升速度,1,147,-0.2911343941382242,-0.4349436163883878,-0.14809290224550056,12,True,0:25;32:300,0.22745695431583293,False,0.47430511331835257,278,False
long,512,64,60,1,晶升速度,1,148,-0.292080245172264,-0.4368109823821343,-0.1527324445057102,12,True,0:25;32:300,0.22745695431583293,False,0.47430511331835257,278,False
long,512,64,60,1,晶升速度,1,149,-0.2921572606015589,-0.43780709393211126,-0.15563723914942038,12,True,0:25;32:300,0.22745695431583293,False,0.47430511331835257,278,False
long,512,64,60,1,晶升速度,1,150,-0.2918536705315408,-0.43922337824385566,-0.15865586964090309,12,True,0:25;32:300,0.22745695431583293,False,0.47430511331835257,278,False
long,512,64,60,1,晶升速度,1,151,-0.29236312408409487,-0.44197366135864463,-0.16168774321621485,12,True,0:25;32:300,0.22745695431583293,False,0.47430511331835257,278,False
long,512,64,60,1,晶升速度,1,152,-0.2927069755246829,-0.4447912685727621,-0.16113849116168347,12,True,0:25;32:300,0.22745695431583293,False,0.47430511331835257,278,False
long,512,64,60,1,晶升速度,1,153,-0.2922966964860674,-0.4454865561452741,-0.15980889248344154,12,True,0:25;32:300,0.22745695431583293,False,0.47430511331835257,278,False
long,512,64,60,1,晶升速度,1,154,-0.29157876046587683,-0.4413129453417407,-0.1571510214879234,12,True,0:25;32:300,0.22745695431583293,False,0.47430511331835257,278,False
long,512,64,60,1,晶升速度,1,155,-0.2906977223042293,-0.44178405258898107,-0.1553289797474837,12,True,0:25;32:300,0.22745695431583293,False,0.47430511331835257,278,False
long,512,64,60,1,晶升速度,1,156,-0.29011278946716174,-0.4430349902302013,-0.15295689854840394,12,True,0:25;32:300,0.22745695431583293,False,0.47430511331835257,278,False
long,512,64,60,1,晶升速度,1,157,-0.28945403882354426,-0.44335943833195834,-0.1522409852766071,12,True,0:25;32:300,0.22745695431583293,False,0.47430511331835257,278,False
long,512,64,60,1,晶升速度,1,158,-0.28988485832592964,-0.4439707317154092,-0.1540809630689266,12,True,0:25;32:300,0.22745695431583293,False,0.47430511331835257,278,False
long,512,64,60,1,晶升速度,1,159,-0.29000260337632067,-0.44369890598147926,-0.15428786572914094,12,True,0:25;32:300,0.22745695431583293,False,0.47430511331835257,278,False
long,512,64,60,1,晶升速度,1,160,-0.28921965706654074,-0.44483492045221745,-0.15371863628539864,12,True,0:25;32:300,0.22745695431583293,False,0.47430511331835257,278,False
long,512,64,60,1,晶升速度,1,161,-0.28894465243651474,-0.4456343394982685,-0.15477323247915659,12,True,0:25;32:300,0.22745695431583293,False,0.47430511331835257,278,False
long,512,64,60,1,晶升速度,1,162,-0.2881581047105649,-0.4452851307397286,-0.155570393552594,12,True,0:25;32:300,0.22745695431583293,False,0.47430511331835257,278,False
long,512,64,60,1,晶升速度,1,163,-0.2875426184367141,-0.446590512713673,-0.1554986346236888,12,True,0:25;32:300,0.22745695431583293,False,0.47430511331835257,278,False
long,512,64,60,1,晶升速度,1,164,-0.2864393373669498,-0.4475693651452726,-0.15493446838725217,12,True,0:25;32:300,0.22745695431583293,False,0.47430511331835257,278,False
long,512,64,60,1,晶升速度,1,165,-0.2863142461062781,-0.44945901288804385,-0.1553874206699024,12,True,0:25;32:300,0.22745695431583293,False,0.47430511331835257,278,False
long,512,64,60,1,晶升速度,1,166,-0.28599824976053434,-0.4501501912816111,-0.15564870668586053,12,True,0:25;32:300,0.22745695431583293,False,0.47430511331835257,278,False
long,512,64,60,1,晶升速度,1,167,-0.2855761170785793,-0.4499195441084389,-0.1505271846485107,12,True,0:25;32:300,0.22745695431583293,False,0.47430511331835257,278,False
long,512,64,60,1,晶升速度,1,168,-0.285335701965436,-0.4512493408451981,-0.14661031270337574,12,True,0:25;32:300,0.22745695431583293,False,0.47430511331835257,278,False
long,512,64,60,1,晶升速度,1,169,-0.2857302258186213,-0.4506664473137631,-0.1444753111457184,12,True,0:25;32:300,0.22745695431583293,False,0.47430511331835257,278,False
long,512,64,60,1,晶升速度,1,170,-0.2856432413197324,-0.45090708817388675,-0.14282162323682496,12,True,0:25;32:300,0.22745695431583293,False,0.47430511331835257,278,False
long,512,64,60,1,晶升速度,1,171,-0.2854724822367211,-0.4492259438911403,-0.14178370621277844,12,True,0:25;32:300,0.22745695431583293,False,0.47430511331835257,278,False
long,512,64,60,1,晶升速度,1,172,-0.28601984831350863,-0.4468210180852592,-0.14092838340791478,12,True,0:25;32:300,0.22745695431583293,False,0.47430511331835257,278,False
long,512,64,60,1,晶升速度,1,173,-0.28602954058500973,-0.4429177474426457,-0.1386738135421651,12,True,0:25;32:300,0.22745695431583293,False,0.47430511331835257,278,False
long,512,64,60,1,晶升速度,1,174,-0.2862277189471656,-0.44194366294641013,-0.13728547947623038,12,True,0:25;32:300,0.22745695431583293,False,0.47430511331835257,278,False
long,512,64,60,1,晶升速度,1,175,-0.2864064339001876,-0.44357318546331037,-0.13640219839853707,12,True,0:25;32:300,0.22745695431583293,False,0.47430511331835257,278,False
long,512,64,60,1,晶升速度,1,176,-0.2872633837676531,-0.444667747984698,-0.13608699364873517,12,True,0:25;32:300,0.22745695431583293,False,0.47430511331835257,278,False
long,512,64,60,1,晶升速度,1,177,-0.2885601294029112,-0.4446978485842423,-0.13623446226586164,12,True,0:25;32:300,0.22745695431583293,False,0.47430511331835257,278,False
long,512,64,60,1,晶升速度,1,178,-0.2899188124810349,-0.4428048953581091,-0.13514590959789016,12,True,0:25;32:300,0.22745695431583293,False,0.47430511331835257,278,False
long,512,64,60,1,晶升速度,1,179,-0.2913956001625214,-0.4419222594517644,-0.1317424365483295,12,True,0:25;32:300,0.22745695431583293,False,0.47430511331835257,278,False
long,512,64,60,1,晶升速度,1,180,-0.293428793233204,-0.44162352436860003,-0.1296746109181296,12,True,0:25;32:300,0.22745695431583293,False,0.47430511331835257,278,False
long,512,64,60,1,晶升速度,1,181,-0.2954166997567709,-0.4426184760352832,-0.1257604516229665,12,True,0:25;32:300,0.22745695431583293,False,0.47430511331835257,278,False
long,512,64,60,1,晶升速度,1,182,-0.2970164381125867,-0.4435982554790507,-0.12351707749565952,12,True,0:25;32:300,0.22745695431583293,False,0.47430511331835257,278,False
long,512,64,60,1,晶升速度,1,183,-0.29939483502856973,-0.44726045926698227,-0.12512902442830207,12,True,0:25;32:300,0.22745695431583293,False,0.47430511331835257,278,False
long,512,64,60,1,晶升速度,1,184,-0.30203771883978975,-0.4527926254706339,-0.1279490659116019,12,True,0:25;32:300,0.22745695431583293,False,0.47430511331835257,278,False
long,512,64,60,1,晶升速度,1,185,-0.30443936630457835,-0.458903148182128,-0.13312525391601815,12,True,0:25;32:300,0.22745695431583293,False,0.47430511331835257,278,False
long,512,64,60,1,晶升速度,1,186,-0.30703899249980615,-0.4649735809592515,-0.1419987012907649,12,True,0:25;32:300,0.22745695431583293,False,0.47430511331835257,278,False
long,512,64,60,1,晶升速度,1,187,-0.3094662367412715,-0.4679427469276096,-0.14823667769807994,12,True,0:25;32:300,0.22745695431583293,False,0.47430511331835257,278,False
long,512,64,60,1,晶升速度,1,188,-0.31127080009600894,-0.46764037976959666,-0.15064509753808417,12,True,0:25;32:300,0.22745695431583293,False,0.47430511331835257,278,False
long,512,64,60,1,晶升速度,1,189,-0.31325345068325156,-0.46670828211134296,-0.15482426827336646,12,True,0:25;32:300,0.22745695431583293,False,0.47430511331835257,278,False
long,512,64,60,1,晶升速度,1,190,-0.315434405194672,-0.4648712063521736,-0.15886529331473134,12,True,0:25;32:300,0.22745695431583293,False,0.47430511331835257,278,False
long,512,64,60,1,晶升速度,1,191,-0.31716904318590783,-0.4619536609534709,-0.16465518959847855,12,True,0:25;32:300,0.22745695431583293,False,0.47430511331835257,278,False
long,512,64,60,1,晶升速度,1,192,-0.3190282893542687,-0.45934062113840396,-0.17048691203260838,12,True,0:25;32:300,0.22745695431583293,False,0.47430511331835257,278,False
long,512,64,60,1,晶升速度,1,193,-0.3207503580144343,-0.4563673019823322,-0.17602067200053254,12,True,0:25;32:300,0.22745695431583293,False,0.47430511331835257,278,False
long,512,64,60,1,晶升速度,1,194,-0.32241038289538165,-0.45402783943300207,-0.17937216713406204,12,True,0:25;32:300,0.22745695431583293,False,0.47430511331835257,278,False
long,512,64,60,1,晶升速度,1,195,-0.32360201617285667,-0.4517101593297921,-0.18165925879516595,12,True,0:25;32:300,0.22745695431583293,False,0.47430511331835257,278,False
long,512,64,60,1,晶升速度,1,196,-0.3246496094530203,-0.4500788722937444,-0.1849809202286272,12,True,0:25;32:300,0.22745695431583293,False,0.47430511331835257,278,False
long,512,64,60,1,晶升速度,1,197,-0.3257338986598564,-0.44913979044841373,-0.18754258713368846,12,True,0:25;32:300,0.22745695431583293,False,0.47430511331835257,278,False
long,512,64,60,1,晶升速度,1,198,-0.32663280584628024,-0.44688145628487025,-0.18753891728767422,12,True,0:25;32:300,0.22745695431583293,False,0.47430511331835257,278,False
long,512,64,60,1,晶升速度,1,199,-0.32771884445933774,-0.4481548302430639,-0.1876447288763291,12,True,0:25;32:300,0.22745695431583293,False,0.47430511331835257,278,False
long,512,64,60,1,晶升速度,1,200,-0.32938793432659097,-0.45000068349259226,-0.18770969426032774,12,True,0:25;32:300,0.22745695431583293,False,0.47430511331835257,278,False
long,512,64,60,1,晶升速度,1,201,-0.33057862383859965,-0.44970610294246566,-0.18793677994572106,12,True,0:25;32:300,0.22745695431583293,False,0.47430511331835257,278,False
long,512,64,60,1,晶升速度,1,202,-0.33207930311070305,-0.4494319925482139,-0.189398525961903,12,True,0:25;32:300,0.22745695431583293,False,0.47430511331835257,278,False
long,512,64,60,1,晶升速度,1,203,-0.3334522023314489,-0.44884096993605904,-0.19439172019598297,12,True,0:25;32:300,0.22745695431583293,False,0.47430511331835257,278,False
long,512,64,60,1,晶升速度,1,204,-0.33457460871603506,-0.44983296710930876,-0.2002911893596359,12,True,0:25;32:300,0.22745695431583293,False,0.47430511331835257,278,False
long,512,64,60,1,晶升速度,1,205,-0.33609234752000955,-0.45254977811118374,-0.20634233401470192,12,True,0:25;32:300,0.22745695431583293,False,0.47430511331835257,278,False
long,512,64,60,1,晶升速度,1,206,-0.33732791943825907,-0.4565848589663715,-0.21187015694654338,12,True,0:25;32:300,0.22745695431583293,False,0.47430511331835257,278,False
long,512,64,60,1,晶升速度,1,207,-0.33845519432031046,-0.4589131643297354,-0.217055778396845,12,True,0:25;32:300,0.22745695431583293,False,0.47430511331835257,278,False
long,512,64,60,1,晶升速度,1,208,-0.3384740852031596,-0.46023374155146773,-0.21964081714510014,12,True,0:25;32:300,0.22745695431583293,False,0.47430511331835257,278,False
long,512,64,60,1,晶升速度,1,209,-0.3391321099650969,-0.4629711826273888,-0.22336762339646535,12,True,0:25;32:300,0.22745695431583293,False,0.47430511331835257,278,False
long,512,64,60,1,晶升速度,1,210,-0.3393012514250539,-0.46412107922473894,-0.22225156216586908,12,True,0:25;32:300,0.22745695431583293,False,0.47430511331835257,278,False
long,512,64,60,1,晶升速度,1,211,-0.33945671961707274,-0.4653916117381885,-0.22081660248091042,12,True,0:25;32:300,0.22745695431583293,False,0.47430511331835257,278,False
long,512,64,60,1,晶升速度,1,212,-0.3399758478824288,-0.46671865369917165,-0.22114685225347172,12,True,0:25;32:300,0.22745695431583293,False,0.47430511331835257,278,False
long,512,64,60,1,晶升速度,1,213,-0.3400071777790425,-0.46736449727140933,-0.2201739254731829,12,True,0:25;32:300,0.22745695431583293,False,0.47430511331835257,278,False
long,512,64,60,1,晶升速度,1,214,-0.3401905430270802,-0.4665619098361018,-0.21831417110579882,12,True,0:25;32:300,0.22745695431583293,False,0.47430511331835257,278,False
long,512,64,60,1,晶升速度,1,215,-0.3406068347631421,-0.4660354269806897,-0.217842289920334,12,True,0:25;32:300,0.22745695431583293,False,0.47430511331835257,278,False
long,512,64,60,1,晶升速度,1,216,-0.3408878310211736,-0.4653667886285414,-0.21584666968042124,12,True,0:25;32:300,0.22745695431583293,False,0.47430511331835257,278,False
long,512,64,60,1,晶升速度,1,217,-0.3410312374265419,-0.4650532353673194,-0.21314626793796826,12,True,0:25;32:300,0.22745695431583293,False,0.47430511331835257,278,False
long,512,64,60,1,晶升速度,1,218,-0.34168947571581554,-0.46547674589667254,-0.2116259199230693,12,True,0:25;32:300,0.22745695431583293,False,0.47430511331835257,278,False
long,512,64,60,1,晶升速度,1,219,-0.3428844145254092,-0.46576266682981876,-0.21100245603614357,12,True,0:25;32:300,0.22745695431583293,False,0.47430511331835257,278,False
long,512,64,60,1,晶升速度,1,220,-0.3445731008441802,-0.46707765251656674,-0.21304126919227373,12,True,0:25;32:300,0.22745695431583293,False,0.47430511331835257,278,False
long,512,64,60,1,晶升速度,1,221,-0.3463134747514663,-0.46740096287966604,-0.21268600660874126,12,True,0:25;32:300,0.22745695431583293,False,0.47430511331835257,278,False
long,512,64,60,1,晶升速度,1,222,-0.3488602574590293,-0.46828696720475843,-0.21272554489465784,12,True,0:25;32:300,0.22745695431583293,False,0.47430511331835257,278,False
long,512,64,60,1,晶升速度,1,223,-0.35145479299518306,-0.4686821145930655,-0.21345213124324697,12,True,0:25;32:300,0.22745695431583293,False,0.47430511331835257,278,False
long,512,64,60,1,晶升速度,1,224,-0.3542589327811366,-0.46984814824493626,-0.2159601242015507,12,True,0:25;32:300,0.22745695431583293,False,0.47430511331835257,278,False
long,512,64,60,1,晶升速度,1,225,-0.3569976526784285,-0.471764138648911,-0.21833500068917439,12,True,0:25;32:300,0.22745695431583293,False,0.47430511331835257,278,False
long,512,64,60,1,晶升速度,1,226,-0.35990090893057763,-0.47424116816022177,-0.21956647933040216,12,True,0:25;32:300,0.22745695431583293,False,0.47430511331835257,278,False
long,512,64,60,1,晶升速度,1,227,-0.36262814837615914,-0.47833454619088733,-0.22151633061122852,12,True,0:25;32:300,0.22745695431583293,False,0.47430511331835257,278,False
long,512,64,60,1,晶升速度,1,228,-0.36522244130256326,-0.48320143122065085,-0.2230312558855512,12,True,0:25;32:300,0.22745695431583293,False,0.47430511331835257,278,False
long,512,64,60,1,晶升速度,1,229,-0.3680473757913058,-0.488446446154298,-0.22554753549194262,12,True,0:25;32:300,0.22745695431583293,False,0.47430511331835257,278,False
long,512,64,60,1,晶升速度,1,230,-0.3711771678638632,-0.4927212315067384,-0.22776056665728117,12,True,0:25;32:300,0.22745695431583293,False,0.47430511331835257,278,False
long,512,64,60,1,晶升速度,1,231,-0.37475277043202004,-0.4968367791738615,-0.229908658594774,12,True,0:25;32:300,0.22745695431583293,False,0.47430511331835257,278,False
long,512,64,60,1,晶升速度,1,232,-0.37828329516332543,-0.5016985825837872,-0.23224560692130694,12,True,0:25;32:300,0.22745695431583293,False,0.47430511331835257,278,False
long,512,64,60,1,晶升速度,1,233,-0.3823620134607355,-0.5070978193868044,-0.23768392950765363,12,True,0:25;32:300,0.22745695431583293,False,0.47430511331835257,278,False
long,512,64,60,1,晶升速度,1,234,-0.386143654400786,-0.5112030253305738,-0.2437543765495026,12,True,0:25;32:300,0.22745695431583293,False,0.47430511331835257,278,False
long,512,64,60,1,晶升速度,1,235,-0.3896286055943237,-0.5144773704202886,-0.24907620076321557,12,True,0:25;32:300,0.22745695431583293,False,0.47430511331835257,278,False
long,512,64,60,1,晶升速度,1,236,-0.3934195147471543,-0.5181784535886513,-0.2529644240916498,12,True,0:25;32:300,0.22745695431583293,False,0.47430511331835257,278,False
long,512,64,60,1,晶升速度,1,237,-0.3967162749708469,-0.5201306735771479,-0.2578218200050111,12,True,0:25;32:300,0.22745695431583293,False,0.47430511331835257,278,False
long,512,64,60,1,晶升速度,1,238,-0.4002010255558192,-0.522524749076656,-0.2638800104509331,12,True,0:25;32:300,0.22745695431583293,False,0.47430511331835257,278,False
long,512,64,60,1,晶升速度,1,239,-0.4034382764462641,-0.5253294160214143,-0.26812640260880594,12,True,0:25;32:300,0.22745695431583293,False,0.47430511331835257,278,False
long,512,64,60,1,晶升速度,1,240,-0.4065132348509584,-0.5269212290950733,-0.2713279683914428,12,True,0:25;32:300,0.22745695431583293,False,0.47430511331835257,278,False
long,512,64,60,1,晶升速度,1,241,-0.40975587566228916,-0.5297444585325282,-0.2770810214920361,12,True,0:25;32:300,0.22745695431583293,False,0.47430511331835257,278,False
long,512,64,60,1,晶升速度,1,242,-0.41306192014728355,-0.5356792534756705,-0.28376646002086575,12,True,0:25;32:300,0.22745695431583293,False,0.47430511331835257,278,False
long,512,64,60,1,晶升速度,1,243,-0.416887212936741,-0.541185388549192,-0.2914026893695095,12,True,0:25;32:300,0.22745695431583293,False,0.47430511331835257,278,False
long,512,64,60,1,晶升速度,1,244,-0.4201851920272075,-0.5451472485129369,-0.2996971942087894,12,True,0:25;32:300,0.22745695431583293,False,0.47430511331835257,278,False
long,512,64,60,1,晶升速度,1,245,-0.4234248215815471,-0.5483370957278941,-0.30675813530463314,12,True,0:25;32:300,0.22745695431583293,False,0.47430511331835257,278,False
long,512,64,60,1,晶升速度,1,246,-0.427145241031145,-0.5508144707516829,-0.31404214242497824,12,True,0:25;32:300,0.22745695431583293,False,0.47430511331835257,278,False
long,512,64,60,1,晶升速度,1,247,-0.4305616972436172,-0.5518676676297453,-0.3196889046492336,12,True,0:25;32:300,0.22745695431583293,False,0.47430511331835257,278,False
long,512,64,60,1,晶升速度,1,248,-0.43407416995858505,-0.5534729987816234,-0.32566547851403865,12,True,0:25;32:300,0.22745695431583293,False,0.47430511331835257,278,False
long,512,64,60,1,晶升速度,1,249,-0.4373602768737982,-0.5557822749289612,-0.32814567678228285,12,True,0:25;32:300,0.22745695431583293,False,0.47430511331835257,278,False
long,512,64,60,1,晶升速度,1,250,-0.4406063018643667,-0.5591515188178079,-0.3284829394324579,12,True,0:25;32:300,0.22745695431583293,False,0.47430511331835257,278,False
long,512,64,60,1,晶升速度,1,251,-0.4438489524439926,-0.563714786150307,-0.32760925487098713,12,True,0:25;32:300,0.22745695431583293,False,0.47430511331835257,278,False
long,512,64,60,1,晶升速度,1,252,-0.44628007282407417,-0.568872302590376,-0.3267165019284158,12,True,0:25;32:300,0.22745695431583293,False,0.47430511331835257,278,False
long,512,64,60,1,晶升速度,1,253,-0.4483101649912457,-0.5735690291884828,-0.3270217775912428,12,True,0:25;32:300,0.22745695431583293,False,0.47430511331835257,278,False
long,512,64,60,1,晶升速度,1,254,-0.4498990042300317,-0.5769902436907948,-0.3279812621321854,12,True,0:25;32:300,0.22745695431583293,False,0.47430511331835257,278,False
long,512,64,60,1,晶升速度,1,255,-0.45149590643979565,-0.5803042883356708,-0.3287657305951756,12,True,0:25;32:300,0.22745695431583293,False,0.47430511331835257,278,False
long,512,64,60,1,晶升速度,1,256,-0.4535163418549071,-0.5819999460000566,-0.32931417404951147,12,True,0:25;32:300,0.22745695431583293,False,0.47430511331835257,278,False
long,512,64,60,1,晶升速度,1,257,-0.455900165267021,-0.5875596161526606,-0.32933205334203863,12,True,0:25;32:300,0.22745695431583293,False,0.47430511331835257,278,False
long,512,64,60,1,晶升速度,1,258,-0.458507094626068,-0.590654814383646,-0.330048448574,12,True,0:25;32:300,0.22745695431583293,False,0.47430511331835257,278,False
long,512,64,60,1,晶升速度,1,259,-0.46042483726765177,-0.5913619552896044,-0.32880235797500396,12,True,0:25;32:300,0.22745695431583293,False,0.47430511331835257,278,False
long,512,64,60,1,晶升速度,1,260,-0.4626226771299331,-0.5911785463283067,-0.3298909755414105,12,True,0:25;32:300,0.22745695431583293,False,0.47430511331835257,278,False
long,512,64,60,1,晶升速度,1,261,-0.46466460009250127,-0.5923564035187613,-0.3303803217485219,12,True,0:25;32:300,0.22745695431583293,False,0.47430511331835257,278,False
long,512,64,60,1,晶升速度,1,262,-0.46592158389504323,-0.5930213875776331,-0.3317516841961063,12,True,0:25;32:300,0.22745695431583293,False,0.47430511331835257,278,False
long,512,64,60,1,晶升速度,1,263,-0.46664233133358685,-0.5933206835882622,-0.3310882059964772,12,True,0:25;32:300,0.22745695431583293,False,0.47430511331835257,278,False
long,512,64,60,1,晶升速度,1,264,-0.4675243695959027,-0.5945598773278239,-0.330280942561783,12,True,0:25;32:300,0.22745695431583293,False,0.47430511331835257,278,False
long,512,64,60,1,晶升速度,1,265,-0.4680124610454449,-0.5958000525135172,-0.32941054843932016,12,True,0:25;32:300,0.22745695431583293,False,0.47430511331835257,278,False
long,512,64,60,1,晶升速度,1,266,-0.4682325668880037,-0.59649005153857,-0.32876121292014016,12,True,0:25;32:300,0.22745695431583293,False,0.47430511331835257,278,False
long,512,64,60,1,晶升速度,1,267,-0.4685671017774266,-0.5963481448979054,-0.3272066996218138,12,True,0:25;32:300,0.22745695431583293,False,0.47430511331835257,278,False
long,512,64,60,1,晶升速度,1,268,-0.4694812992388984,-0.5974252544472223,-0.3275699049251758,12,True,0:25;32:300,0.22745695431583293,False,0.47430511331835257,278,False
long,512,64,60,1,晶升速度,1,269,-0.4699326586228283,-0.5971638405199385,-0.3272750504338044,12,True,0:25;32:300,0.22745695431583293,False,0.47430511331835257,278,False
long,512,64,60,1,晶升速度,1,270,-0.47078496802529796,-0.5952278619411566,-0.32744851235290706,12,True,0:25;32:300,0.22745695431583293,False,0.47430511331835257,278,False
long,512,64,60,1,晶升速度,1,271,-0.47168058015266806,-0.5935165156950375,-0.3282531448308058,12,True,0:25;32:300,0.22745695431583293,False,0.47430511331835257,278,False
long,512,64,60,1,晶升速度,1,272,-0.47168015440641536,-0.5912485632259687,-0.32780851959124113,12,True,0:25;32:300,0.22745695431583293,False,0.47430511331835257,278,False
long,512,64,60,1,晶升速度,1,273,-0.47232191936450413,-0.5898751482220047,-0.3284240197526744,12,True,0:25;32:300,0.22745695431583293,False,0.47430511331835257,278,False
long,512,64,60,1,晶升速度,1,274,-0.4731498428078011,-0.5889747134107266,-0.32885296688139987,12,True,0:25;32:300,0.22745695431583293,False,0.47430511331835257,278,False
long,512,64,60,1,晶升速度,1,275,-0.47391917864429306,-0.5880166398370856,-0.33052768963061574,12,True,0:25;32:300,0.22745695431583293,False,0.47430511331835257,278,False
long,512,64,60,1,晶升速度,1,276,-0.4741830399574197,-0.5877091482821297,-0.33179543278439483,12,True,0:25;32:300,0.22745695431583293,False,0.47430511331835257,278,False
long,512,64,60,1,晶升速度,1,277,-0.4742517607545779,-0.5861151029843178,-0.33170331913825135,12,True,0:25;32:300,0.22745695431583293,False,0.47430511331835257,278,False
long,512,64,60,1,晶升速度,1,278,-0.47430511331835257,-0.584370015281516,-0.33140835884609804,12,True,0:25;32:300,0.22745695431583293,True,0.47430511331835257,278,False
long,512,64,60,1,晶升速度,1,279,-0.4736557772408368,-0.5796215799863961,-0.3299930081129784,12,True,0:25;32:300,0.22745695431583293,False,0.47430511331835257,278,False
long,512,64,60,1,晶升速度,1,280,-0.4727754893265947,-0.5784257357509053,-0.32995553510606807,12,True,0:25;32:300,0.22745695431583293,False,0.47430511331835257,278,False
long,512,64,60,1,晶升速度,1,281,-0.47177220163459804,-0.5776210530063195,-0.32835073196594255,12,True,0:25;32:300,0.22745695431583293,False,0.47430511331835257,278,False
long,512,64,60,1,晶升速度,1,282,-0.47115405827873863,-0.5798894017814084,-0.3273190917623389,12,True,0:25;32:300,0.22745695431583293,False,0.47430511331835257,278,False
long,512,64,60,1,晶升速度,1,283,-0.47010406863442195,-0.5788433294376267,-0.32655873238007094,12,True,0:25;32:300,0.22745695431583293,False,0.47430511331835257,278,False
long,512,64,60,1,晶升速度,1,284,-0.469621750631431,-0.5788678500655629,-0.3247198339882505,12,True,0:25;32:300,0.22745695431583293,False,0.47430511331835257,278,False
long,512,64,60,1,晶升速度,1,285,-0.4690755403525475,-0.5777472399057774,-0.3237479762382635,12,True,0:25;32:300,0.22745695431583293,False,0.47430511331835257,278,False
long,512,64,60,1,晶升速度,1,286,-0.4680634107861077,-0.5755015469230964,-0.32474782858557244,12,True,0:25;32:300,0.22745695431583293,False,0.47430511331835257,278,False
long,512,64,60,1,晶升速度,1,287,-0.466028275938534,-0.5714291188830165,-0.3240881816298236,12,True,0:25;32:300,0.22745695431583293,False,0.47430511331835257,278,False
long,512,64,60,1,晶升速度,1,288,-0.46403927573378445,-0.5679634873970215,-0.32228875077016284,12,True,0:25;32:300,0.22745695431583293,False,0.47430511331835257,278,False
long,512,64,60,1,晶升速度,1,289,-0.46146580032681145,-0.5637304892540907,-0.32005000291042957,12,True,0:25;32:300,0.22745695431583293,False,0.47430511331835257,278,False
long,512,64,60,1,晶升速度,1,290,-0.45872373442225706,-0.5601409422412802,-0.3158002792227018,12,True,0:25;32:300,0.22745695431583293,False,0.47430511331835257,278,False
long,512,64,60,1,晶升速度,1,291,-0.4563117572152395,-0.5562554687150937,-0.31376813546194277,12,True,0:25;32:300,0.22745695431583293,False,0.47430511331835257,278,False
long,512,64,60,1,晶升速度,1,292,-0.4550049447000724,-0.5558587734999557,-0.3137594509108765,12,True,0:25;32:300,0.22745695431583293,False,0.47430511331835257,278,False
long,512,64,60,1,晶升速度,1,293,-0.4535966282615476,-0.5578298164241231,-0.3136282563099479,12,True,0:25;32:300,0.22745695431583293,False,0.47430511331835257,278,False
long,512,64,60,1,晶升速度,1,294,-0.4522896670569049,-0.5586367872828621,-0.3138034231348294,12,True,0:25;32:300,0.22745695431583293,False,0.47430511331835257,278,False
long,512,64,60,1,晶升速度,1,295,-0.45139839289382483,-0.5606019827609936,-0.3139433236914426,12,True,0:25;32:300,0.22745695431583293,False,0.47430511331835257,278,False
long,512,64,60,1,晶升速度,1,296,-0.4502656873557095,-0.5617173487237503,-0.3128510421872915,12,True,0:25;32:300,0.22745695431583293,False,0.47430511331835257,278,False
long,512,64,60,1,晶升速度,1,297,-0.44915747429992986,-0.5619277857863779,-0.31208428502103264,12,True,0:25;32:300,0.22745695431583293,False,0.47430511331835257,278,False
long,512,64,60,1,晶升速度,1,298,-0.4483646263377336,-0.5633998290521405,-0.3108696128896761,12,True,0:25;32:300,0.22745695431583293,False,0.47430511331835257,278,False
long,512,64,60,1,晶升速度,1,299,-0.4489141293994459,-0.5681954078481065,-0.3130328126447361,12,True,0:25;32:300,0.22745695431583293,False,0.47430511331835257,278,False
long,512,64,60,1,晶升速度,1,300,-0.44980316996505343,-0.573466076421025,-0.31499412321241244,12,True,0:25;32:300,0.22745695431583293,False,0.47430511331835257,278,False
long,512,64,60,1,晶转速度,2,0,-0.2290435811998491,-0.39630438790520145,-0.07698714920077751,12,True,0:300,0.2009062802382421,False,0.25897974243917404,110,False
long,512,64,60,1,晶转速度,2,1,-0.2279547757705664,-0.39601304637108004,-0.07520434771070561,12,True,0:300,0.2009062802382421,False,0.25897974243917404,110,False
long,512,64,60,1,晶转速度,2,2,-0.22808907406756893,-0.3964708850757011,-0.07585513164114245,12,True,0:300,0.2009062802382421,False,0.25897974243917404,110,False
long,512,64,60,1,晶转速度,2,3,-0.22856623147139543,-0.3986384889905049,-0.07738627361040086,12,True,0:300,0.2009062802382421,False,0.25897974243917404,110,False
long,512,64,60,1,晶转速度,2,4,-0.2291830981596826,-0.39988665211181135,-0.0789065150861427,12,True,0:300,0.2009062802382421,False,0.25897974243917404,110,False
long,512,64,60,1,晶转速度,2,5,-0.22966527139328527,-0.4006773159751115,-0.0791228325599832,12,True,0:300,0.2009062802382421,False,0.25897974243917404,110,False
long,512,64,60,1,晶转速度,2,6,-0.2300525936038028,-0.40151651250140624,-0.07831360497606697,12,True,0:300,0.2009062802382421,False,0.25897974243917404,110,False
long,512,64,60,1,晶转速度,2,7,-0.23050186707205192,-0.4013499186068267,-0.07932662858111438,12,True,0:300,0.2009062802382421,False,0.25897974243917404,110,False
long,512,64,60,1,晶转速度,2,8,-0.23003945034158169,-0.40091205110994,-0.07659323997005073,12,True,0:300,0.2009062802382421,False,0.25897974243917404,110,False
long,512,64,60,1,晶转速度,2,9,-0.23040035558946328,-0.39880498050559976,-0.07733661223365221,12,True,0:300,0.2009062802382421,False,0.25897974243917404,110,False
long,512,64,60,1,晶转速度,2,10,-0.23018978973505022,-0.39911782924631795,-0.07844992554833125,12,True,0:300,0.2009062802382421,False,0.25897974243917404,110,False
long,512,64,60,1,晶转速度,2,11,-0.22982800786449015,-0.3980289799288321,-0.07853392915647889,12,True,0:300,0.2009062802382421,False,0.25897974243917404,110,False
long,512,64,60,1,晶转速度,2,12,-0.22936452916690225,-0.39494766292095723,-0.07919014370689745,12,True,0:300,0.2009062802382421,False,0.25897974243917404,110,False
long,512,64,60,1,晶转速度,2,13,-0.22923036186760248,-0.3954350842527741,-0.07809227713762161,12,True,0:300,0.2009062802382421,False,0.25897974243917404,110,False
long,512,64,60,1,晶转速度,2,14,-0.22902855888726587,-0.3933055080757316,-0.07938324824692974,12,True,0:300,0.2009062802382421,False,0.25897974243917404,110,False
long,512,64,60,1,晶转速度,2,15,-0.2275389039165232,-0.39104893026129794,-0.07597359319285184,12,True,0:300,0.2009062802382421,False,0.25897974243917404,110,False
long,512,64,60,1,晶转速度,2,16,-0.2271077031808392,-0.38971446162613693,-0.07715403803497227,12,True,0:300,0.2009062802382421,False,0.25897974243917404,110,False
long,512,64,60,1,晶转速度,2,17,-0.2263666054774437,-0.3881494166769454,-0.07539408290375914,12,True,0:300,0.2009062802382421,False,0.25897974243917404,110,False
long,512,64,60,1,晶转速度,2,18,-0.22558219380046504,-0.38861523360664174,-0.07503788661811553,12,True,0:300,0.2009062802382421,False,0.25897974243917404,110,False
long,512,64,60,1,晶转速度,2,19,-0.22454975093567095,-0.38719947825236195,-0.0725017205533052,12,True,0:300,0.2009062802382421,False,0.25897974243917404,110,False
long,512,64,60,1,晶转速度,2,20,-0.2238456400134129,-0.3883333487498989,-0.07015022854956952,12,True,0:300,0.2009062802382421,False,0.25897974243917404,110,False
long,512,64,60,1,晶转速度,2,21,-0.22339043598616828,-0.3891866656723989,-0.07104157319964115,12,True,0:300,0.2009062802382421,False,0.25897974243917404,110,False
long,512,64,60,1,晶转速度,2,22,-0.2229959302397401,-0.38935285149972626,-0.06873633961504486,12,True,0:300,0.2009062802382421,False,0.25897974243917404,110,False
long,512,64,60,1,晶转速度,2,23,-0.22273111987155567,-0.3893547524089969,-0.06779548433017901,12,True,0:300,0.2009062802382421,False,0.25897974243917404,110,False
long,512,64,60,1,晶转速度,2,24,-0.2220472577017697,-0.38943439053991885,-0.06607072769980908,12,True,0:300,0.2009062802382421,False,0.25897974243917404,110,False
long,512,64,60,1,晶转速度,2,25,-0.22078786673193024,-0.387081811136044,-0.06293129895715538,12,True,0:300,0.2009062802382421,False,0.25897974243917404,110,False
long,512,64,60,1,晶转速度,2,26,-0.21999637404227937,-0.3859196858050438,-0.06266499506656467,12,True,0:300,0.2009062802382421,False,0.25897974243917404,110,False
long,512,64,60,1,晶转速度,2,27,-0.21930149731723605,-0.384625653759678,-0.060310950233429944,12,True,0:300,0.2009062802382421,False,0.25897974243917404,110,False
long,512,64,60,1,晶转速度,2,28,-0.2188883396758958,-0.3858530787949132,-0.059902387575178455,12,True,0:300,0.2009062802382421,False,0.25897974243917404,110,False
long,512,64,60,1,晶转速度,2,29,-0.21810207871849693,-0.387084514317025,-0.05791571595282712,12,True,0:300,0.2009062802382421,False,0.25897974243917404,110,False
long,512,64,60,1,晶转速度,2,30,-0.21775899537136703,-0.3872078689347012,-0.05744048736689743,12,True,0:300,0.2009062802382421,False,0.25897974243917404,110,False
long,512,64,60,1,晶转速度,2,31,-0.21813993710097207,-0.3887692974698208,-0.057822799555783094,12,True,0:300,0.2009062802382421,False,0.25897974243917404,110,False
long,512,64,60,1,晶转速度,2,32,-0.21778736529093248,-0.3871057061995358,-0.05830370176177726,12,True,0:300,0.2009062802382421,False,0.25897974243917404,110,False
long,512,64,60,1,晶转速度,2,33,-0.2173495605291941,-0.3843877168060113,-0.05937505676654529,12,True,0:300,0.2009062802382421,False,0.25897974243917404,110,False
long,512,64,60,1,晶转速度,2,34,-0.2171927947763644,-0.3834488838046143,-0.05983986123973879,12,True,0:300,0.2009062802382421,False,0.25897974243917404,110,False
long,512,64,60,1,晶转速度,2,35,-0.21716236263364103,-0.3833586570882603,-0.06022501671087572,12,True,0:300,0.2009062802382421,False,0.25897974243917404,110,False
long,512,64,60,1,晶转速度,2,36,-0.21657939704225004,-0.38116968377064103,-0.059720297296134796,12,True,0:300,0.2009062802382421,False,0.25897974243917404,110,False
long,512,64,60,1,晶转速度,2,37,-0.21603813326669244,-0.3788984280366481,-0.06090288228746853,12,True,0:300,0.2009062802382421,False,0.25897974243917404,110,False
long,512,64,60,1,晶转速度,2,38,-0.2160972340235861,-0.37833662137526275,-0.06079591506672513,12,True,0:300,0.2009062802382421,False,0.25897974243917404,110,False
long,512,64,60,1,晶转速度,2,39,-0.2158746311417798,-0.37833762177454583,-0.0611251104176179,12,True,0:300,0.2009062802382421,False,0.25897974243917404,110,False
long,512,64,60,1,晶转速度,2,40,-0.2154477919486006,-0.378354378323673,-0.05933636139572222,12,True,0:300,0.2009062802382421,False,0.25897974243917404,110,False
long,512,64,60,1,晶转速度,2,41,-0.2156065697515488,-0.3776171636144325,-0.05842974881273185,12,True,0:300,0.2009062802382421,False,0.25897974243917404,110,False
long,512,64,60,1,晶转速度,2,42,-0.21610871218229002,-0.378618242829033,-0.05845873211415312,12,True,0:300,0.2009062802382421,False,0.25897974243917404,110,False
long,512,64,60,1,晶转速度,2,43,-0.21567361524633924,-0.37804443658015147,-0.05833535729133784,12,True,0:300,0.2009062802382421,False,0.25897974243917404,110,False
long,512,64,60,1,晶转速度,2,44,-0.21490377817223366,-0.3775916272452629,-0.05635281892332933,12,True,0:300,0.2009062802382421,False,0.25897974243917404,110,False
long,512,64,60,1,晶转速度,2,45,-0.21432898572916131,-0.37735174219431306,-0.05577445565241401,12,True,0:300,0.2009062802382421,False,0.25897974243917404,110,False
long,512,64,60,1,晶转速度,2,46,-0.2138137522290024,-0.37566697701993096,-0.057483459323359035,12,True,0:300,0.2009062802382421,False,0.25897974243917404,110,False
long,512,64,60,1,晶转速度,2,47,-0.21337906275098023,-0.37262477384974246,-0.0567766209107928,12,True,0:300,0.2009062802382421,False,0.25897974243917404,110,False
long,512,64,60,1,晶转速度,2,48,-0.2130520741520075,-0.37254938435316737,-0.05728305873676111,12,True,0:300,0.2009062802382421,False,0.25897974243917404,110,False
long,512,64,60,1,晶转速度,2,49,-0.2133130176493709,-0.3735854513593773,-0.058859610185117615,12,True,0:300,0.2009062802382421,False,0.25897974243917404,110,False
long,512,64,60,1,晶转速度,2,50,-0.21218382985060436,-0.37285205078516803,-0.0572237807195345,12,True,0:300,0.2009062802382421,False,0.25897974243917404,110,False
long,512,64,60,1,晶转速度,2,51,-0.21341648788387452,-0.37420152037435134,-0.05656241435187155,12,True,0:300,0.2009062802382421,False,0.25897974243917404,110,False
long,512,64,60,1,晶转速度,2,52,-0.21283915593203676,-0.37398214322353207,-0.05428164057445935,12,True,0:300,0.2009062802382421,False,0.25897974243917404,110,False
long,512,64,60,1,晶转速度,2,53,-0.21339490093733088,-0.37624503958879263,-0.053117794862437416,12,True,0:300,0.2009062802382421,False,0.25897974243917404,110,False
long,512,64,60,1,晶转速度,2,54,-0.21325566609972132,-0.37591882245843006,-0.05285620521431453,12,True,0:300,0.2009062802382421,False,0.25897974243917404,110,False
long,512,64,60,1,晶转速度,2,55,-0.2143303733131343,-0.3782206183608625,-0.05260406684890357,12,True,0:300,0.2009062802382421,False,0.25897974243917404,110,False
long,512,64,60,1,晶转速度,2,56,-0.2161096568931127,-0.38075273036592827,-0.05400303133685935,12,True,0:300,0.2009062802382421,False,0.25897974243917404,110,False
long,512,64,60,1,晶转速度,2,57,-0.21694706856342336,-0.3805588605849834,-0.05431550193393219,12,True,0:300,0.2009062802382421,False,0.25897974243917404,110,False
long,512,64,60,1,晶转速度,2,58,-0.21905762047925856,-0.38312342914909525,-0.05673823508440628,12,True,0:300,0.2009062802382421,False,0.25897974243917404,110,False
long,512,64,60,1,晶转速度,2,59,-0.2200804620895932,-0.38473440021706506,-0.059288978335903374,12,True,0:300,0.2009062802382421,False,0.25897974243917404,110,False
long,512,64,60,1,晶转速度,2,60,-0.22190154067815462,-0.38754574326656277,-0.06207366652079976,12,True,0:300,0.2009062802382421,False,0.25897974243917404,110,False
long,512,64,60,1,晶转速度,2,61,-0.22252095119671345,-0.38921521018992356,-0.06319592409791194,12,True,0:300,0.2009062802382421,False,0.25897974243917404,110,False
long,512,64,60,1,晶转速度,2,62,-0.22307384293113408,-0.38887072894462005,-0.06427317975665846,12,True,0:300,0.2009062802382421,False,0.25897974243917404,110,False
long,512,64,60,1,晶转速度,2,63,-0.22391203647313251,-0.39151689901474734,-0.06801875719692192,12,True,0:300,0.2009062802382421,False,0.25897974243917404,110,False
long,512,64,60,1,晶转速度,2,64,-0.22497966109636522,-0.39213361103113037,-0.07089261696992513,12,True,0:300,0.2009062802382421,False,0.25897974243917404,110,False
long,512,64,60,1,晶转速度,2,65,-0.2266233674743131,-0.3901670854155338,-0.07432657314248572,12,True,0:300,0.2009062802382421,False,0.25897974243917404,110,False
long,512,64,60,1,晶转速度,2,66,-0.22825072492559367,-0.39089561338199763,-0.07524257230732767,12,True,0:300,0.2009062802382421,False,0.25897974243917404,110,False
long,512,64,60,1,晶转速度,2,67,-0.2293522441199286,-0.3896366916924027,-0.07548927231485116,12,True,0:300,0.2009062802382421,False,0.25897974243917404,110,False
long,512,64,60,1,晶转速度,2,68,-0.230583649998203,-0.39013534859119936,-0.07932030744457239,12,True,0:300,0.2009062802382421,False,0.25897974243917404,110,False
long,512,64,60,1,晶转速度,2,69,-0.2314665191125476,-0.39000776659660674,-0.07921609203309796,12,True,0:300,0.2009062802382421,False,0.25897974243917404,110,False
long,512,64,60,1,晶转速度,2,70,-0.2326435151645391,-0.3917097253249862,-0.07780831921230541,12,True,0:300,0.2009062802382421,False,0.25897974243917404,110,False
long,512,64,60,1,晶转速度,2,71,-0.2327982975534584,-0.392641767552644,-0.07851147283622148,12,True,0:300,0.2009062802382421,False,0.25897974243917404,110,False
long,512,64,60,1,晶转速度,2,72,-0.23379964776007608,-0.3936991361019152,-0.08012999222225592,12,True,0:300,0.2009062802382421,False,0.25897974243917404,110,False
long,512,64,60,1,晶转速度,2,73,-0.23442065825069736,-0.3952675280964725,-0.08192632371946636,12,True,0:300,0.2009062802382421,False,0.25897974243917404,110,False
long,512,64,60,1,晶转速度,2,74,-0.2348649209979714,-0.3949778533933305,-0.08230655048235934,12,True,0:300,0.2009062802382421,False,0.25897974243917404,110,False
long,512,64,60,1,晶转速度,2,75,-0.23528577043287122,-0.39466065662426125,-0.08149049678949272,12,True,0:300,0.2009062802382421,False,0.25897974243917404,110,False
long,512,64,60,1,晶转速度,2,76,-0.2364606873801861,-0.39600146153559806,-0.081223273961744,12,True,0:300,0.2009062802382421,False,0.25897974243917404,110,False
long,512,64,60,1,晶转速度,2,77,-0.23766764937294665,-0.3977936029421235,-0.08118207215387813,12,True,0:300,0.2009062802382421,False,0.25897974243917404,110,False
long,512,64,60,1,晶转速度,2,78,-0.238786031993407,-0.39801458390776395,-0.08227711089841082,12,True,0:300,0.2009062802382421,False,0.25897974243917404,110,False
long,512,64,60,1,晶转速度,2,79,-0.23941158674934193,-0.39872234389536193,-0.08183933090215996,12,True,0:300,0.2009062802382421,False,0.25897974243917404,110,False
long,512,64,60,1,晶转速度,2,80,-0.24115584765431333,-0.3995887292819174,-0.08410115600167656,12,True,0:300,0.2009062802382421,False,0.25897974243917404,110,False
long,512,64,60,1,晶转速度,2,81,-0.24197271907477322,-0.3997391879116095,-0.08635360055915388,12,True,0:300,0.2009062802382421,False,0.25897974243917404,110,False
long,512,64,60,1,晶转速度,2,82,-0.24304057328599243,-0.4001829289491557,-0.08689790376978103,12,True,0:300,0.2009062802382421,False,0.25897974243917404,110,False
long,512,64,60,1,晶转速度,2,83,-0.24429196572388537,-0.4018742553123084,-0.08855548631210657,12,True,0:300,0.2009062802382421,False,0.25897974243917404,110,False
long,512,64,60,1,晶转速度,2,84,-0.24589542644085452,-0.4029108142726912,-0.08919494392235652,12,True,0:300,0.2009062802382421,False,0.25897974243917404,110,False
long,512,64,60,1,晶转速度,2,85,-0.24702154933087953,-0.4028596462341488,-0.08933728945562378,12,True,0:300,0.2009062802382421,False,0.25897974243917404,110,False
long,512,64,60,1,晶转速度,2,86,-0.2478778727477106,-0.40352324065858486,-0.09109693252454411,12,True,0:300,0.2009062802382421,False,0.25897974243917404,110,False
long,512,64,60,1,晶转速度,2,87,-0.2491310898863907,-0.40362843804281595,-0.09250386554721028,12,True,0:300,0.2009062802382421,False,0.25897974243917404,110,False
long,512,64,60,1,晶转速度,2,88,-0.2502602928389876,-0.40388781368544685,-0.09464516479737704,12,True,0:300,0.2009062802382421,False,0.25897974243917404,110,False
long,512,64,60,1,晶转速度,2,89,-0.2507155803519967,-0.4040017822927019,-0.0967055655360044,12,True,0:300,0.2009062802382421,False,0.25897974243917404,110,False
long,512,64,60,1,晶转速度,2,90,-0.25168354732537634,-0.4055104547144297,-0.09811071583921065,12,True,0:300,0.2009062802382421,False,0.25897974243917404,110,False
long,512,64,60,1,晶转速度,2,91,-0.2524837559065265,-0.4065402015846769,-0.09962041152583334,12,True,0:300,0.2009062802382421,False,0.25897974243917404,110,False
long,512,64,60,1,晶转速度,2,92,-0.25299869772574574,-0.4071084043656994,-0.1008822598436865,12,True,0:300,0.2009062802382421,False,0.25897974243917404,110,False
long,512,64,60,1,晶转速度,2,93,-0.2530491393895319,-0.40853133255544294,-0.10179558351931202,12,True,0:300,0.2009062802382421,False,0.25897974243917404,110,False
long,512,64,60,1,晶转速度,2,94,-0.25312602754480173,-0.41113134946598984,-0.09951215439101942,12,True,0:300,0.2009062802382421,False,0.25897974243917404,110,False
long,512,64,60,1,晶转速度,2,95,-0.2537189470509941,-0.4128558605591134,-0.10083878334615741,12,True,0:300,0.2009062802382421,False,0.25897974243917404,110,False
long,512,64,60,1,晶转速度,2,96,-0.2543959905289341,-0.4157721821463904,-0.10186688387690299,12,True,0:300,0.2009062802382421,False,0.25897974243917404,110,False
long,512,64,60,1,晶转速度,2,97,-0.25485402679547603,-0.4174360629803844,-0.10345328077319907,12,True,0:300,0.2009062802382421,False,0.25897974243917404,110,False
long,512,64,60,1,晶转速度,2,98,-0.25443240292944674,-0.41819813750040524,-0.10351326534665792,12,True,0:300,0.2009062802382421,False,0.25897974243917404,110,False
long,512,64,60,1,晶转速度,2,99,-0.25407079248487907,-0.41678778026265123,-0.10175418200479829,12,True,0:300,0.2009062802382421,False,0.25897974243917404,110,False
long,512,64,60,1,晶转速度,2,100,-0.25393143482098063,-0.419576312466971,-0.10136817873427292,12,True,0:300,0.2009062802382421,False,0.25897974243917404,110,False
long,512,64,60,1,晶转速度,2,101,-0.25425140152740217,-0.4213525241750379,-0.09999955006555246,12,True,0:300,0.2009062802382421,False,0.25897974243917404,110,False
long,512,64,60,1,晶转速度,2,102,-0.25489851206791586,-0.42115695373161316,-0.1007557555385017,12,True,0:300,0.2009062802382421,False,0.25897974243917404,110,False
long,512,64,60,1,晶转速度,2,103,-0.2557771124667767,-0.4216449103409111,-0.10167998313986445,12,True,0:300,0.2009062802382421,False,0.25897974243917404,110,False
long,512,64,60,1,晶转速度,2,104,-0.2568127298806544,-0.4209097114440059,-0.10199096987593007,12,True,0:300,0.2009062802382421,False,0.25897974243917404,110,False
long,512,64,60,1,晶转速度,2,105,-0.2574309542504499,-0.42030501271751436,-0.09997309545166772,12,True,0:300,0.2009062802382421,False,0.25897974243917404,110,False
long,512,64,60,1,晶转速度,2,106,-0.2572415306505515,-0.41825788335248587,-0.09799590694204768,12,True,0:300,0.2009062802382421,False,0.25897974243917404,110,False
long,512,64,60,1,晶转速度,2,107,-0.2574305858918404,-0.4153033232772448,-0.09698288561964317,12,True,0:300,0.2009062802382421,False,0.25897974243917404,110,False
long,512,64,60,1,晶转速度,2,108,-0.2575574325675293,-0.4147362150388284,-0.09617622872747895,12,True,0:300,0.2009062802382421,False,0.25897974243917404,110,False
long,512,64,60,1,晶转速度,2,109,-0.25823068804681,-0.415357792845615,-0.09591392328460477,12,True,0:300,0.2009062802382421,False,0.25897974243917404,110,False
long,512,64,60,1,晶转速度,2,110,-0.25897974243917404,-0.41550931689490894,-0.09495025489522989,12,True,0:300,0.2009062802382421,True,0.25897974243917404,110,False
long,512,64,60,1,晶转速度,2,111,-0.2583464721514923,-0.4146573283362145,-0.09558920644911129,12,True,0:300,0.2009062802382421,False,0.25897974243917404,110,False
long,512,64,60,1,晶转速度,2,112,-0.2588239665190321,-0.4154350634669946,-0.0984337824397715,12,True,0:300,0.2009062802382421,False,0.25897974243917404,110,False
long,512,64,60,1,晶转速度,2,113,-0.2583504345859471,-0.4130490252697576,-0.0969518298203712,12,True,0:300,0.2009062802382421,False,0.25897974243917404,110,False
long,512,64,60,1,晶转速度,2,114,-0.2574804467524069,-0.41240648153279,-0.09452958937432965,12,True,0:300,0.2009062802382421,False,0.25897974243917404,110,False
long,512,64,60,1,晶转速度,2,115,-0.25661227357758465,-0.41076064628936987,-0.09255332785287262,12,True,0:300,0.2009062802382421,False,0.25897974243917404,110,False
long,512,64,60,1,晶转速度,2,116,-0.2557638828289524,-0.40964625916441605,-0.0917944393422333,12,True,0:300,0.2009062802382421,False,0.25897974243917404,110,False
long,512,64,60,1,晶转速度,2,117,-0.25520071792743604,-0.40982834063016915,-0.09185253055675491,12,True,0:300,0.2009062802382421,False,0.25897974243917404,110,False
long,512,64,60,1,晶转速度,2,118,-0.25429692613409954,-0.4093057511551992,-0.09285774498789122,12,True,0:300,0.2009062802382421,False,0.25897974243917404,110,False
long,512,64,60,1,晶转速度,2,119,-0.25409377253702103,-0.4098944641603156,-0.09396455011055863,12,True,0:300,0.2009062802382421,False,0.25897974243917404,110,False
long,512,64,60,1,晶转速度,2,120,-0.2535255429500606,-0.40899869002273775,-0.09222860293836362,12,True,0:300,0.2009062802382421,False,0.25897974243917404,110,False
long,512,64,60,1,晶转速度,2,121,-0.2535797199692002,-0.40819284540699424,-0.09191470533816665,12,True,0:300,0.2009062802382421,False,0.25897974243917404,110,False
long,512,64,60,1,晶转速度,2,122,-0.2536682204417748,-0.40651452406558714,-0.09197301303568793,12,True,0:300,0.2009062802382421,False,0.25897974243917404,110,False
long,512,64,60,1,晶转速度,2,123,-0.2529150829775756,-0.4073104290037015,-0.08956055463867961,12,True,0:300,0.2009062802382421,False,0.25897974243917404,110,False
long,512,64,60,1,晶转速度,2,124,-0.251849490777224,-0.4071868864427928,-0.08680409384684024,12,True,0:300,0.2009062802382421,False,0.25897974243917404,110,False
long,512,64,60,1,晶转速度,2,125,-0.25029942047546416,-0.40627810403914144,-0.08520805989186465,12,True,0:300,0.2009062802382421,False,0.25897974243917404,110,False
long,512,64,60,1,晶转速度,2,126,-0.24942895891615793,-0.4048654840454774,-0.08494497107566092,12,True,0:300,0.2009062802382421,False,0.25897974243917404,110,False
long,512,64,60,1,晶转速度,2,127,-0.24903148757990098,-0.4036787256020512,-0.08438521305111785,12,True,0:300,0.2009062802382421,False,0.25897974243917404,110,False
long,512,64,60,1,晶转速度,2,128,-0.24877595596488108,-0.40375747362775394,-0.08442338877474546,12,True,0:300,0.2009062802382421,False,0.25897974243917404,110,False
long,512,64,60,1,晶转速度,2,129,-0.2492539904936973,-0.4037281372145856,-0.0837603708924776,12,True,0:300,0.2009062802382421,False,0.25897974243917404,110,False
long,512,64,60,1,晶转速度,2,130,-0.24913100662623086,-0.4038146615206736,-0.08371417343402175,12,True,0:300,0.2009062802382421,False,0.25897974243917404,110,False
long,512,64,60,1,晶转速度,2,131,-0.24935990787861573,-0.40584816077102487,-0.08393903585109236,12,True,0:300,0.2009062802382421,False,0.25897974243917404,110,False
long,512,64,60,1,晶转速度,2,132,-0.24964120119126734,-0.40667993720780465,-0.08641817189609083,12,True,0:300,0.2009062802382421,False,0.25897974243917404,110,False
long,512,64,60,1,晶转速度,2,133,-0.2492814215151408,-0.4072297630429105,-0.08719168601352692,12,True,0:300,0.2009062802382421,False,0.25897974243917404,110,False
long,512,64,60,1,晶转速度,2,134,-0.24923702238046674,-0.4064860410526066,-0.0872575435887194,12,True,0:300,0.2009062802382421,False,0.25897974243917404,110,False
long,512,64,60,1,晶转速度,2,135,-0.24905788366149742,-0.40611233412242126,-0.08581397710473684,12,True,0:300,0.2009062802382421,False,0.25897974243917404,110,False
long,512,64,60,1,晶转速度,2,136,-0.2487387256501969,-0.40705051845623685,-0.08588012094287595,12,True,0:300,0.2009062802382421,False,0.25897974243917404,110,False
long,512,64,60,1,晶转速度,2,137,-0.24877133559780545,-0.4085534705652095,-0.08582819237514304,12,True,0:300,0.2009062802382421,False,0.25897974243917404,110,False
long,512,64,60,1,晶转速度,2,138,-0.24914694111996208,-0.40938794235610904,-0.08712270881107094,12,True,0:300,0.2009062802382421,False,0.25897974243917404,110,False
long,512,64,60,1,晶转速度,2,139,-0.24923979401155796,-0.4107938635051554,-0.08631902969533786,12,True,0:300,0.2009062802382421,False,0.25897974243917404,110,False
long,512,64,60,1,晶转速度,2,140,-0.24931499310879748,-0.4088224790801064,-0.0867047122704188,12,True,0:300,0.2009062802382421,False,0.25897974243917404,110,False
long,512,64,60,1,晶转速度,2,141,-0.24869796256712998,-0.4086145056869097,-0.08555497787361593,12,True,0:300,0.2009062802382421,False,0.25897974243917404,110,False
long,512,64,60,1,晶转速度,2,142,-0.2480800215720549,-0.4077529528197973,-0.0856075424202158,12,True,0:300,0.2009062802382421,False,0.25897974243917404,110,False
long,512,64,60,1,晶转速度,2,143,-0.24756289325100167,-0.4057752630441242,-0.08391705695934432,12,True,0:300,0.2009062802382421,False,0.25897974243917404,110,False
long,512,64,60,1,晶转速度,2,144,-0.24765642680463634,-0.40774679444300704,-0.08358583748812726,12,True,0:300,0.2009062802382421,False,0.25897974243917404,110,False
long,512,64,60,1,晶转速度,2,145,-0.24715615317042533,-0.4079575189495273,-0.081182319605617,12,True,0:300,0.2009062802382421,False,0.25897974243917404,110,False
long,512,64,60,1,晶转速度,2,146,-0.24753744696594093,-0.4084350000476164,-0.08307948938246738,12,True,0:300,0.2009062802382421,False,0.25897974243917404,110,False
long,512,64,60,1,晶转速度,2,147,-0.2467623147672855,-0.4073587618618309,-0.08317542998587268,12,True,0:300,0.2009062802382421,False,0.25897974243917404,110,False
long,512,64,60,1,晶转速度,2,148,-0.2461698274159741,-0.4080171631535107,-0.08264319553518357,12,True,0:300,0.2009062802382421,False,0.25897974243917404,110,False
long,512,64,60,1,晶转速度,2,149,-0.2454808182649441,-0.4079467223992436,-0.08207774739892734,12,True,0:300,0.2009062802382421,False,0.25897974243917404,110,False
long,512,64,60,1,晶转速度,2,150,-0.24498682591890963,-0.40930434939610894,-0.08267672917780927,12,True,0:300,0.2009062802382421,False,0.25897974243917404,110,False
long,512,64,60,1,晶转速度,2,151,-0.24447520188510158,-0.4091893016437906,-0.08370682863305332,12,True,0:300,0.2009062802382421,False,0.25897974243917404,110,False
long,512,64,60,1,晶转速度,2,152,-0.24335181691374191,-0.4075265140871894,-0.08379478227204191,12,True,0:300,0.2009062802382421,False,0.25897974243917404,110,False
long,512,64,60,1,晶转速度,2,153,-0.24368749669697323,-0.40767084570528883,-0.08617570420374358,12,True,0:300,0.2009062802382421,False,0.25897974243917404,110,False
long,512,64,60,1,晶转速度,2,154,-0.2441184099041818,-0.4083475232244839,-0.08540388608365236,12,True,0:300,0.2009062802382421,False,0.25897974243917404,110,False
long,512,64,60,1,晶转速度,2,155,-0.2444960956154134,-0.4104302622674926,-0.08711609710673227,12,True,0:300,0.2009062802382421,False,0.25897974243917404,110,False
long,512,64,60,1,晶转速度,2,156,-0.24430409006649165,-0.40999872192807035,-0.08714918379646333,12,True,0:300,0.2009062802382421,False,0.25897974243917404,110,False
long,512,64,60,1,晶转速度,2,157,-0.24506692917776324,-0.41234432058864906,-0.08827558159647333,12,True,0:300,0.2009062802382421,False,0.25897974243917404,110,False
long,512,64,60,1,晶转速度,2,158,-0.24569526208936432,-0.41262183543083414,-0.08796119776813892,12,True,0:300,0.2009062802382421,False,0.25897974243917404,110,False
long,512,64,60,1,晶转速度,2,159,-0.24571537295097046,-0.4114756874922496,-0.08645618071297304,12,True,0:300,0.2009062802382421,False,0.25897974243917404,110,False
long,512,64,60,1,晶转速度,2,160,-0.2453354321983997,-0.40947794828111905,-0.0856631596185091,12,True,0:300,0.2009062802382421,False,0.25897974243917404,110,False
long,512,64,60,1,晶转速度,2,161,-0.24406541654069638,-0.40595492602882505,-0.08346985341531082,12,True,0:300,0.2009062802382421,False,0.25897974243917404,110,False
long,512,64,60,1,晶转速度,2,162,-0.2434932248435195,-0.4043927152652661,-0.08268148594032461,12,True,0:300,0.2009062802382421,False,0.25897974243917404,110,False
long,512,64,60,1,晶转速度,2,163,-0.24305224929918,-0.4048793284103307,-0.08290492074917682,12,True,0:300,0.2009062802382421,False,0.25897974243917404,110,False
long,512,64,60,1,晶转速度,2,164,-0.24291550544932963,-0.4047537442143439,-0.08153515181936541,12,True,0:300,0.2009062802382421,False,0.25897974243917404,110,False
long,512,64,60,1,晶转速度,2,165,-0.24193353120318398,-0.4045905638496992,-0.08168452602785306,12,True,0:300,0.2009062802382421,False,0.25897974243917404,110,False
long,512,64,60,1,晶转速度,2,166,-0.2415606761179782,-0.403217743130778,-0.08098215005947368,12,True,0:300,0.2009062802382421,False,0.25897974243917404,110,False
long,512,64,60,1,晶转速度,2,167,-0.24102172436607738,-0.40164882500761495,-0.0804718724228178,12,True,0:300,0.2009062802382421,False,0.25897974243917404,110,False
long,512,64,60,1,晶转速度,2,168,-0.24013811778225874,-0.3992459633223632,-0.07975804700083956,12,True,0:300,0.2009062802382421,False,0.25897974243917404,110,False
long,512,64,60,1,晶转速度,2,169,-0.23834446078534705,-0.39548658726782226,-0.07835967595782828,12,True,0:300,0.2009062802382421,False,0.25897974243917404,110,False
long,512,64,60,1,晶转速度,2,170,-0.2373747531214093,-0.3939019840753072,-0.07869745058199062,12,True,0:300,0.2009062802382421,False,0.25897974243917404,110,False
long,512,64,60,1,晶转速度,2,171,-0.2365492804983769,-0.39358030567403374,-0.07754328047518964,12,True,0:300,0.2009062802382421,False,0.25897974243917404,110,False
long,512,64,60,1,晶转速度,2,172,-0.23611545180945062,-0.3928690704391161,-0.07782849394456177,12,True,0:300,0.2009062802382421,False,0.25897974243917404,110,False
long,512,64,60,1,晶转速度,2,173,-0.23569882616793003,-0.3928247037185149,-0.0787185920581513,12,True,0:300,0.2009062802382421,False,0.25897974243917404,110,False
long,512,64,60,1,晶转速度,2,174,-0.23608624258535668,-0.3948437193441152,-0.08057771335210027,12,True,0:300,0.2009062802382421,False,0.25897974243917404,110,False
long,512,64,60,1,晶转速度,2,175,-0.235990027859172,-0.39563717117953956,-0.08149059262664007,12,True,0:300,0.2009062802382421,False,0.25897974243917404,110,False
long,512,64,60,1,晶转速度,2,176,-0.23536319838011768,-0.39821631240352257,-0.08201046105124318,12,True,0:300,0.2009062802382421,False,0.25897974243917404,110,False
long,512,64,60,1,晶转速度,2,177,-0.23509601561199922,-0.3988232064873988,-0.08203836417272055,12,True,0:300,0.2009062802382421,False,0.25897974243917404,110,False
long,512,64,60,1,晶转速度,2,178,-0.23531791869967525,-0.4001602544513578,-0.08256999080236407,12,True,0:300,0.2009062802382421,False,0.25897974243917404,110,False
long,512,64,60,1,晶转速度,2,179,-0.23470787515260674,-0.4020408425294955,-0.0801173487349791,12,True,0:300,0.2009062802382421,False,0.25897974243917404,110,False
long,512,64,60,1,晶转速度,2,180,-0.23442761478404553,-0.40304656843990183,-0.07912403935777325,12,True,0:300,0.2009062802382421,False,0.25897974243917404,110,False
long,512,64,60,1,晶转速度,2,181,-0.23494852014436696,-0.402976358321946,-0.07839175434420843,12,True,0:300,0.2009062802382421,False,0.25897974243917404,110,False
long,512,64,60,1,晶转速度,2,182,-0.23512179858071608,-0.40395076115223616,-0.07713321595475843,12,True,0:300,0.2009062802382421,False,0.25897974243917404,110,False
long,512,64,60,1,晶转速度,2,183,-0.23561847856661008,-0.40400666860579654,-0.07827307753318029,12,True,0:300,0.2009062802382421,False,0.25897974243917404,110,False
long,512,64,60,1,晶转速度,2,184,-0.23592440390382763,-0.4060154474154776,-0.07772253904567933,12,True,0:300,0.2009062802382421,False,0.25897974243917404,110,False
long,512,64,60,1,晶转速度,2,185,-0.2359516021356106,-0.40634439485280033,-0.07634906193555563,12,True,0:300,0.2009062802382421,False,0.25897974243917404,110,False
long,512,64,60,1,晶转速度,2,186,-0.23510277208834207,-0.4053933963513405,-0.07334983053402756,12,True,0:300,0.2009062802382421,False,0.25897974243917404,110,False
long,512,64,60,1,晶转速度,2,187,-0.23354741790692807,-0.4044895503361857,-0.07064696703147441,12,True,0:300,0.2009062802382421,False,0.25897974243917404,110,False
long,512,64,60,1,晶转速度,2,188,-0.2332657307846004,-0.40410283124982754,-0.07006410443635293,12,True,0:300,0.2009062802382421,False,0.25897974243917404,110,False
long,512,64,60,1,晶转速度,2,189,-0.231991856857593,-0.40368322277537816,-0.06729657142652075,12,True,0:300,0.2009062802382421,False,0.25897974243917404,110,False
long,512,64,60,1,晶转速度,2,190,-0.23142049423968733,-0.40276871255923613,-0.06896552237443335,12,True,0:300,0.2009062802382421,False,0.25897974243917404,110,False
long,512,64,60,1,晶转速度,2,191,-0.23150553757252534,-0.40376078867244025,-0.06901946893334363,12,True,0:300,0.2009062802382421,False,0.25897974243917404,110,False
long,512,64,60,1,晶转速度,2,192,-0.23178098910675424,-0.40453562543184174,-0.06919575242870353,12,True,0:300,0.2009062802382421,False,0.25897974243917404,110,False
long,512,64,60,1,晶转速度,2,193,-0.23150284923346295,-0.4051453196615358,-0.06611634106158128,12,True,0:300,0.2009062802382421,False,0.25897974243917404,110,False
long,512,64,60,1,晶转速度,2,194,-0.23021235686564337,-0.4044566092551788,-0.06507921283557631,12,True,0:300,0.2009062802382421,False,0.25897974243917404,110,False
long,512,64,60,1,晶转速度,2,195,-0.2297728202190515,-0.4051633878843608,-0.06472298914716057,12,True,0:300,0.2009062802382421,False,0.25897974243917404,110,False
long,512,64,60,1,晶转速度,2,196,-0.22902997823226995,-0.40491017592956635,-0.06343838889221594,12,True,0:300,0.2009062802382421,False,0.25897974243917404,110,False
long,512,64,60,1,晶转速度,2,197,-0.22838939954836973,-0.4031976462213151,-0.0634766176039575,12,True,0:300,0.2009062802382421,False,0.25897974243917404,110,False
long,512,64,60,1,晶转速度,2,198,-0.22781817242516278,-0.4013469745890814,-0.06466364976428678,12,True,0:300,0.2009062802382421,False,0.25897974243917404,110,False
long,512,64,60,1,晶转速度,2,199,-0.227815286189397,-0.3980891089025318,-0.06272116164576409,12,True,0:300,0.2009062802382421,False,0.25897974243917404,110,False
long,512,64,60,1,晶转速度,2,200,-0.22735235502498388,-0.3976952003782145,-0.06506031497587168,12,True,0:300,0.2009062802382421,False,0.25897974243917404,110,False
long,512,64,60,1,晶转速度,2,201,-0.2267013068313269,-0.39653390940395794,-0.06614175535842778,12,True,0:300,0.2009062802382421,False,0.25897974243917404,110,False
long,512,64,60,1,晶转速度,2,202,-0.22665000111344424,-0.3955293191691545,-0.06779670824201824,12,True,0:300,0.2009062802382421,False,0.25897974243917404,110,False
long,512,64,60,1,晶转速度,2,203,-0.22644116713893153,-0.39520878048253827,-0.06783332445779366,12,True,0:300,0.2009062802382421,False,0.25897974243917404,110,False
long,512,64,60,1,晶转速度,2,204,-0.22552150909311702,-0.3959657690713904,-0.06694906715559729,12,True,0:300,0.2009062802382421,False,0.25897974243917404,110,False
long,512,64,60,1,晶转速度,2,205,-0.22531488722659265,-0.3943921638669737,-0.06886468663200533,12,True,0:300,0.2009062802382421,False,0.25897974243917404,110,False
long,512,64,60,1,晶转速度,2,206,-0.22525666033079703,-0.39372642086398746,-0.06771142404983428,12,True,0:300,0.2009062802382421,False,0.25897974243917404,110,False
long,512,64,60,1,晶转速度,2,207,-0.22595979018603235,-0.39497448067922497,-0.07063052447195528,12,True,0:300,0.2009062802382421,False,0.25897974243917404,110,False
long,512,64,60,1,晶转速度,2,208,-0.22606486274889873,-0.39561302802326787,-0.07282110025398497,12,True,0:300,0.2009062802382421,False,0.25897974243917404,110,False
long,512,64,60,1,晶转速度,2,209,-0.22709433126813267,-0.39628709350240277,-0.07479078685727611,12,True,0:300,0.2009062802382421,False,0.25897974243917404,110,False
long,512,64,60,1,晶转速度,2,210,-0.22735345569432003,-0.3959060571455137,-0.07477533723697029,12,True,0:300,0.2009062802382421,False,0.25897974243917404,110,False
long,512,64,60,1,晶转速度,2,211,-0.22729362598059485,-0.39591513812394097,-0.07532593003141724,12,True,0:300,0.2009062802382421,False,0.25897974243917404,110,False
long,512,64,60,1,晶转速度,2,212,-0.2281108048203075,-0.3970956644207224,-0.07431051269455541,12,True,0:300,0.2009062802382421,False,0.25897974243917404,110,False
long,512,64,60,1,晶转速度,2,213,-0.22729122319526704,-0.39620272594796085,-0.073652474455509,12,True,0:300,0.2009062802382421,False,0.25897974243917404,110,False
long,512,64,60,1,晶转速度,2,214,-0.22717143761749847,-0.3958989997682727,-0.07209037029297677,12,True,0:300,0.2009062802382421,False,0.25897974243917404,110,False
long,512,64,60,1,晶转速度,2,215,-0.2261801797339104,-0.39562566958434014,-0.0709998536268503,12,True,0:300,0.2009062802382421,False,0.25897974243917404,110,False
long,512,64,60,1,晶转速度,2,216,-0.22611775178690086,-0.39407946877408256,-0.06990427352879082,12,True,0:300,0.2009062802382421,False,0.25897974243917404,110,False
long,512,64,60,1,晶转速度,2,217,-0.22620213890952628,-0.39312492549438294,-0.06910550588682268,12,True,0:300,0.2009062802382421,False,0.25897974243917404,110,False
long,512,64,60,1,晶转速度,2,218,-0.22611229269744762,-0.3914239293969903,-0.07045659501941441,12,True,0:300,0.2009062802382421,False,0.25897974243917404,110,False
long,512,64,60,1,晶转速度,2,219,-0.22607587272041296,-0.3930876946305461,-0.06869529661519574,12,True,0:300,0.2009062802382421,False,0.25897974243917404,110,False
long,512,64,60,1,晶转速度,2,220,-0.2265204232173631,-0.3906771204164328,-0.06967967656500025,12,True,0:300,0.2009062802382421,False,0.25897974243917404,110,False
long,512,64,60,1,晶转速度,2,221,-0.22673193850646783,-0.3901946305471556,-0.06805579209981487,12,True,0:300,0.2009062802382421,False,0.25897974243917404,110,False
long,512,64,60,1,晶转速度,2,222,-0.22586107400973007,-0.3892632259133968,-0.0683037056074919,12,True,0:300,0.2009062802382421,False,0.25897974243917404,110,False
long,512,64,60,1,晶转速度,2,223,-0.2255382662670899,-0.3879314883583338,-0.06954408154302456,12,True,0:300,0.2009062802382421,False,0.25897974243917404,110,False
long,512,64,60,1,晶转速度,2,224,-0.22547422273899984,-0.38782492053104023,-0.07121981029860641,12,True,0:300,0.2009062802382421,False,0.25897974243917404,110,False
long,512,64,60,1,晶转速度,2,225,-0.2255231257759454,-0.38948292317840627,-0.07180298449852172,12,True,0:300,0.2009062802382421,False,0.25897974243917404,110,False
long,512,64,60,1,晶转速度,2,226,-0.22566801831650288,-0.3895451589184867,-0.07217020126088611,12,True,0:300,0.2009062802382421,False,0.25897974243917404,110,False
long,512,64,60,1,晶转速度,2,227,-0.22581632389188563,-0.3881708766310605,-0.073283075310616,12,True,0:300,0.2009062802382421,False,0.25897974243917404,110,False
long,512,64,60,1,晶转速度,2,228,-0.22642054752831248,-0.39096129395724827,-0.0740104817137652,12,True,0:300,0.2009062802382421,False,0.25897974243917404,110,False
long,512,64,60,1,晶转速度,2,229,-0.22655996252643543,-0.3924493379646415,-0.07489221306519421,12,True,0:300,0.2009062802382421,False,0.25897974243917404,110,False
long,512,64,60,1,晶转速度,2,230,-0.22691700631939343,-0.3927155206282755,-0.07611181094498409,12,True,0:300,0.2009062802382421,False,0.25897974243917404,110,False
long,512,64,60,1,晶转速度,2,231,-0.22752161689413197,-0.39301672090973727,-0.07698698354501107,12,True,0:300,0.2009062802382421,False,0.25897974243917404,110,False
long,512,64,60,1,晶转速度,2,232,-0.22703480095352446,-0.39154091472787117,-0.07505252361905217,12,True,0:300,0.2009062802382421,False,0.25897974243917404,110,False
long,512,64,60,1,晶转速度,2,233,-0.2264423678068243,-0.3891985549116739,-0.07345903164281453,12,True,0:300,0.2009062802382421,False,0.25897974243917404,110,False
long,512,64,60,1,晶转速度,2,234,-0.22638353744409376,-0.38683214560744433,-0.07350801678969854,12,True,0:300,0.2009062802382421,False,0.25897974243917404,110,False
long,512,64,60,1,晶转速度,2,235,-0.22619725474483,-0.3842422437912253,-0.07239301689236796,12,True,0:300,0.2009062802382421,False,0.25897974243917404,110,False
long,512,64,60,1,晶转速度,2,236,-0.22549388126686967,-0.3826585182427569,-0.07029887082154071,12,True,0:300,0.2009062802382421,False,0.25897974243917404,110,False
long,512,64,60,1,晶转速度,2,237,-0.2249765105555855,-0.3819108800490857,-0.0693206937861107,12,True,0:300,0.2009062802382421,False,0.25897974243917404,110,False
long,512,64,60,1,晶转速度,2,238,-0.22434104091978208,-0.38128075245199866,-0.06807344858720521,12,True,0:300,0.2009062802382421,False,0.25897974243917404,110,False
long,512,64,60,1,晶转速度,2,239,-0.2228400336372686,-0.37946686145764064,-0.06453259674140358,12,True,0:300,0.2009062802382421,False,0.25897974243917404,110,False
long,512,64,60,1,晶转速度,2,240,-0.22148658867528548,-0.37647774904433307,-0.06307536957864553,12,True,0:300,0.2009062802382421,False,0.25897974243917404,110,False
long,512,64,60,1,晶转速度,2,241,-0.2201622488805607,-0.37405356548146185,-0.05953399232754152,12,True,0:300,0.2009062802382421,False,0.25897974243917404,110,False
long,512,64,60,1,晶转速度,2,242,-0.2189141801973523,-0.37399863350785106,-0.056225676065385456,12,True,0:300,0.2009062802382421,False,0.25897974243917404,110,False
long,512,64,60,1,晶转速度,2,243,-0.21791011135701704,-0.3749693760847442,-0.0539149015989832,12,True,0:300,0.2009062802382421,False,0.25897974243917404,110,False
long,512,64,60,1,晶转速度,2,244,-0.2178975501531608,-0.37725795664767,-0.0535650446207294,12,True,0:300,0.2009062802382421,False,0.25897974243917404,110,False
long,512,64,60,1,晶转速度,2,245,-0.21765383145586453,-0.37866952579946095,-0.052593200781132714,12,True,0:300,0.2009062802382421,False,0.25897974243917404,110,False
long,512,64,60,1,晶转速度,2,246,-0.2178685638077006,-0.38129077960075847,-0.05227143410263313,12,True,0:300,0.2009062802382421,False,0.25897974243917404,110,False
long,512,64,60,1,晶转速度,2,247,-0.21821214187276652,-0.3822115375916652,-0.051908995962997515,12,True,0:300,0.2009062802382421,False,0.25897974243917404,110,False
long,512,64,60,1,晶转速度,2,248,-0.2185801839428758,-0.38294215626391137,-0.05339358459792723,12,True,0:300,0.2009062802382421,False,0.25897974243917404,110,False
long,512,64,60,1,晶转速度,2,249,-0.21813484573427552,-0.38189885799192486,-0.051804771621473275,12,True,0:300,0.2009062802382421,False,0.25897974243917404,110,False
long,512,64,60,1,晶转速度,2,250,-0.2174534779746653,-0.3817603247177876,-0.05068496114352411,12,True,0:300,0.2009062802382421,False,0.25897974243917404,110,False
long,512,64,60,1,晶转速度,2,251,-0.21738781495873485,-0.3821410156183453,-0.05204992696202612,12,True,0:300,0.2009062802382421,False,0.25897974243917404,110,False
long,512,64,60,1,晶转速度,2,252,-0.21727562656310026,-0.38053513480258544,-0.05153483159749575,12,True,0:300,0.2009062802382421,False,0.25897974243917404,110,False
long,512,64,60,1,晶转速度,2,253,-0.21691438539472443,-0.3805432991991179,-0.05271801031266243,12,True,0:300,0.2009062802382421,False,0.25897974243917404,110,False
long,512,64,60,1,晶转速度,2,254,-0.2176170749856428,-0.3802214130051829,-0.05455237830739159,12,True,0:300,0.2009062802382421,False,0.25897974243917404,110,False
long,512,64,60,1,晶转速度,2,255,-0.2180082302543689,-0.3789292566500756,-0.05604484993181884,12,True,0:300,0.2009062802382421,False,0.25897974243917404,110,False
long,512,64,60,1,晶转速度,2,256,-0.21786723331550387,-0.37918306903900156,-0.0561870649688651,12,True,0:300,0.2009062802382421,False,0.25897974243917404,110,False
long,512,64,60,1,晶转速度,2,257,-0.2181005130790871,-0.3795977546843178,-0.057287057348253005,12,True,0:300,0.2009062802382421,False,0.25897974243917404,110,False
long,512,64,60,1,晶转速度,2,258,-0.2179191316085724,-0.37797157389060787,-0.057400573054817466,12,True,0:300,0.2009062802382421,False,0.25897974243917404,110,False
long,512,64,60,1,晶转速度,2,259,-0.2182315860363228,-0.37967074374201404,-0.05846270159683296,12,True,0:300,0.2009062802382421,False,0.25897974243917404,110,False
long,512,64,60,1,晶转速度,2,260,-0.21752125964248384,-0.37854123454847816,-0.057404041287450955,12,True,0:300,0.2009062802382421,False,0.25897974243917404,110,False
long,512,64,60,1,晶转速度,2,261,-0.21758247241243825,-0.37827792674471766,-0.05766173058562512,12,True,0:300,0.2009062802382421,False,0.25897974243917404,110,False
long,512,64,60,1,晶转速度,2,262,-0.21765724001711498,-0.37773704279244263,-0.058538681464664746,12,True,0:300,0.2009062802382421,False,0.25897974243917404,110,False
long,512,64,60,1,晶转速度,2,263,-0.2178003713919718,-0.37671836112055795,-0.05722960451882318,12,True,0:300,0.2009062802382421,False,0.25897974243917404,110,False
long,512,64,60,1,晶转速度,2,264,-0.21780509205962068,-0.37656835410169825,-0.055778018524976415,12,True,0:300,0.2009062802382421,False,0.25897974243917404,110,False
long,512,64,60,1,晶转速度,2,265,-0.2175115335308229,-0.376585799226353,-0.0558492409582681,12,True,0:300,0.2009062802382421,False,0.25897974243917404,110,False
long,512,64,60,1,晶转速度,2,266,-0.2179632639995711,-0.3770129887250068,-0.05670781662035825,12,True,0:300,0.2009062802382421,False,0.25897974243917404,110,False
long,512,64,60,1,晶转速度,2,267,-0.21743350640978454,-0.3752649663859883,-0.05668419136138632,12,True,0:300,0.2009062802382421,False,0.25897974243917404,110,False
long,512,64,60,1,晶转速度,2,268,-0.21785258289945464,-0.3764238917741552,-0.05689805029488781,12,True,0:300,0.2009062802382421,False,0.25897974243917404,110,False
long,512,64,60,1,晶转速度,2,269,-0.2182162567758259,-0.37982239987224836,-0.0563953581713757,12,True,0:300,0.2009062802382421,False,0.25897974243917404,110,False
long,512,64,60,1,晶转速度,2,270,-0.218628101130652,-0.38000380094337294,-0.0561787062615191,12,True,0:300,0.2009062802382421,False,0.25897974243917404,110,False
long,512,64,60,1,晶转速度,2,271,-0.2191055188681056,-0.37970939265273274,-0.057220259469426805,12,True,0:300,0.2009062802382421,False,0.25897974243917404,110,False
long,512,64,60,1,晶转速度,2,272,-0.2199971276258185,-0.37903788870519256,-0.058778068766426515,12,True,0:300,0.2009062802382421,False,0.25897974243917404,110,False
long,512,64,60,1,晶转速度,2,273,-0.22019726088359234,-0.3811044099471287,-0.05907756290514097,12,True,0:300,0.2009062802382421,False,0.25897974243917404,110,False
long,512,64,60,1,晶转速度,2,274,-0.22115608209543933,-0.3818102156751185,-0.05861551283529624,12,True,0:300,0.2009062802382421,False,0.25897974243917404,110,False
long,512,64,60,1,晶转速度,2,275,-0.2214496724196887,-0.3832282771350312,-0.05943463956773727,12,True,0:300,0.2009062802382421,False,0.25897974243917404,110,False
long,512,64,60,1,晶转速度,2,276,-0.22224456073124618,-0.38405775722500124,-0.06139473569607926,12,True,0:300,0.2009062802382421,False,0.25897974243917404,110,False
long,512,64,60,1,晶转速度,2,277,-0.22247166913106153,-0.38496131072828066,-0.061822615980959734,12,True,0:300,0.2009062802382421,False,0.25897974243917404,110,False
long,512,64,60,1,晶转速度,2,278,-0.22287724485620966,-0.38662069069133626,-0.06408280088316502,12,True,0:300,0.2009062802382421,False,0.25897974243917404,110,False
long,512,64,60,1,晶转速度,2,279,-0.22343948816429238,-0.386308359009286,-0.0631060163266751,12,True,0:300,0.2009062802382421,False,0.25897974243917404,110,False
long,512,64,60,1,晶转速度,2,280,-0.22472325214757677,-0.38707851829056544,-0.06491027980197094,12,True,0:300,0.2009062802382421,False,0.25897974243917404,110,False
long,512,64,60,1,晶转速度,2,281,-0.22515420771453223,-0.3868607935103753,-0.0653512787311343,12,True,0:300,0.2009062802382421,False,0.25897974243917404,110,False
long,512,64,60,1,晶转速度,2,282,-0.22610658575045758,-0.38675703924172444,-0.06921542550956089,12,True,0:300,0.2009062802382421,False,0.25897974243917404,110,False
long,512,64,60,1,晶转速度,2,283,-0.22609157442807362,-0.3878218722801464,-0.06977970948107713,12,True,0:300,0.2009062802382421,False,0.25897974243917404,110,False
long,512,64,60,1,晶转速度,2,284,-0.2264563062171969,-0.3877325977731138,-0.07076229613141816,12,True,0:300,0.2009062802382421,False,0.25897974243917404,110,False
long,512,64,60,1,晶转速度,2,285,-0.2267900605480107,-0.38692234212974913,-0.07096980404290959,12,True,0:300,0.2009062802382421,False,0.25897974243917404,110,False
long,512,64,60,1,晶转速度,2,286,-0.2273422914410508,-0.38762034067801737,-0.07327150664494167,12,True,0:300,0.2009062802382421,False,0.25897974243917404,110,False
long,512,64,60,1,晶转速度,2,287,-0.22755716822150557,-0.3875631064752396,-0.07195238203038563,12,True,0:300,0.2009062802382421,False,0.25897974243917404,110,False
long,512,64,60,1,晶转速度,2,288,-0.2280891451243336,-0.3861974953072514,-0.07421314653118362,12,True,0:300,0.2009062802382421,False,0.25897974243917404,110,False
long,512,64,60,1,晶转速度,2,289,-0.22875026306518914,-0.3846292170080068,-0.07587995643572101,12,True,0:300,0.2009062802382421,False,0.25897974243917404,110,False
long,512,64,60,1,晶转速度,2,290,-0.22954925901257506,-0.38534470499622087,-0.0762686523455737,12,True,0:300,0.2009062802382421,False,0.25897974243917404,110,False
long,512,64,60,1,晶转速度,2,291,-0.23028074343186952,-0.3859601990623903,-0.07627497528110791,12,True,0:300,0.2009062802382421,False,0.25897974243917404,110,False
long,512,64,60,1,晶转速度,2,292,-0.2306559946722796,-0.386850407806719,-0.07547232490582445,12,True,0:300,0.2009062802382421,False,0.25897974243917404,110,False
long,512,64,60,1,晶转速度,2,293,-0.23177749505297526,-0.38706182987966853,-0.07495100094810626,12,True,0:300,0.2009062802382421,False,0.25897974243917404,110,False
long,512,64,60,1,晶转速度,2,294,-0.2325339498574009,-0.38916379176148896,-0.0746346231400018,12,True,0:300,0.2009062802382421,False,0.25897974243917404,110,False
long,512,64,60,1,晶转速度,2,295,-0.23246592774643354,-0.3884183256237842,-0.07451621266061359,12,True,0:300,0.2009062802382421,False,0.25897974243917404,110,False
long,512,64,60,1,晶转速度,2,296,-0.23274298098850613,-0.3906448300364757,-0.07283203886281539,12,True,0:300,0.2009062802382421,False,0.25897974243917404,110,False
long,512,64,60,1,晶转速度,2,297,-0.23326574717569226,-0.3927616647902726,-0.07129281247628477,12,True,0:300,0.2009062802382421,False,0.25897974243917404,110,False
long,512,64,60,1,晶转速度,2,298,-0.23354610206156765,-0.39296842181833314,-0.0704825032904527,12,True,0:300,0.2009062802382421,False,0.25897974243917404,110,False
long,512,64,60,1,晶转速度,2,299,-0.23457069767307126,-0.3949626274019572,-0.06927150573716571,12,True,0:300,0.2009062802382421,False,0.25897974243917404,110,False
long,512,64,60,1,晶转速度,2,300,-0.23595778557036776,-0.395698192653827,-0.06873235634904956,12,True,0:300,0.2009062802382421,False,0.25897974243917404,110,False
long,512,64,60,1,埚升速度,3,0,-0.1568616536135747,-0.33683434156353376,-0.011265245436489435,12,True,0:24;32:300,0.22966690716718346,False,0.4709101918305996,278,False
long,512,64,60,1,埚升速度,3,1,-0.15636898451185638,-0.3376621071077423,-0.011157778153498395,12,True,0:24;32:300,0.22966690716718346,False,0.4709101918305996,278,False
long,512,64,60,1,埚升速度,3,2,-0.15488173418550988,-0.336562093090363,-0.015194509142219152,12,True,0:24;32:300,0.22966690716718346,False,0.4709101918305996,278,False
long,512,64,60,1,埚升速度,3,3,-0.1535562870503297,-0.3356691078711601,-0.0209865899798401,12,True,0:24;32:300,0.22966690716718346,False,0.4709101918305996,278,False
long,512,64,60,1,埚升速度,3,4,-0.1527635238573768,-0.33385750610513626,-0.02413491808104815,12,True,0:24;32:300,0.22966690716718346,False,0.4709101918305996,278,False
long,512,64,60,1,埚升速度,3,5,-0.15197704864561654,-0.3313578544838771,-0.025283597062889535,12,True,0:24;32:300,0.22966690716718346,False,0.4709101918305996,278,False
long,512,64,60,1,埚升速度,3,6,-0.15084436418384534,-0.3248327213864641,-0.022558694065809428,12,True,0:24;32:300,0.22966690716718346,False,0.4709101918305996,278,False
long,512,64,60,1,埚升速度,3,7,-0.1495167028667341,-0.318091509636279,-0.016837297039249605,12,True,0:24;32:300,0.22966690716718346,False,0.4709101918305996,278,False
long,512,64,60,1,埚升速度,3,8,-0.14685712505017298,-0.3095114217139596,-0.012327401498916899,12,True,0:24;32:300,0.22966690716718346,False,0.4709101918305996,278,False
long,512,64,60,1,埚升速度,3,9,-0.14420341308084086,-0.29983136582084624,-0.01170352798067441,12,True,0:24;32:300,0.22966690716718346,False,0.4709101918305996,278,False
long,512,64,60,1,埚升速度,3,10,-0.14103477613007487,-0.29280526655183303,-0.010736473630093486,12,True,0:24;32:300,0.22966690716718346,False,0.4709101918305996,278,False
long,512,64,60,1,埚升速度,3,11,-0.13859882470050353,-0.2895455639640464,-0.00961130176071411,12,True,0:24;32:300,0.22966690716718346,False,0.4709101918305996,278,False
long,512,64,60,1,埚升速度,3,12,-0.13661831412999167,-0.287304880135086,-0.008513996090334035,12,True,0:24;32:300,0.22966690716718346,False,0.4709101918305996,278,False
long,512,64,60,1,埚升速度,3,13,-0.13535914335061627,-0.28573304091984464,-0.006514208063953747,12,True,0:24;32:300,0.22966690716718346,False,0.4709101918305996,278,False
long,512,64,60,1,埚升速度,3,14,-0.13502350135698143,-0.2859388426504528,-0.005581304063755353,12,True,0:24;32:300,0.22966690716718346,False,0.4709101918305996,278,False
long,512,64,60,1,埚升速度,3,15,-0.13596335007401877,-0.28724317840318797,-0.0041561788882705465,12,True,0:24;32:300,0.22966690716718346,False,0.4709101918305996,278,False
long,512,64,60,1,埚升速度,3,16,-0.137462857481309,-0.28956858933540885,-0.004470033393088073,12,True,0:24;32:300,0.22966690716718346,False,0.4709101918305996,278,False
long,512,64,60,1,埚升速度,3,17,-0.13970530989636226,-0.2917045817479527,-0.005419254887921388,12,True,0:24;32:300,0.22966690716718346,False,0.4709101918305996,278,False
long,512,64,60,1,埚升速度,3,18,-0.14144545988486285,-0.29360909698353965,-0.004516581359535173,12,True,0:24;32:300,0.22966690716718346,False,0.4709101918305996,278,False
long,512,64,60,1,埚升速度,3,19,-0.14226396575626962,-0.2941983484509252,-0.008139819161252214,12,True,0:24;32:300,0.22966690716718346,False,0.4709101918305996,278,False
long,512,64,60,1,埚升速度,3,20,-0.1424985051025966,-0.2920371897933093,-0.008529566831437272,12,True,0:24;32:300,0.22966690716718346,False,0.4709101918305996,278,False
long,512,64,60,1,埚升速度,3,21,-0.1428051843747117,-0.29138681653783693,-0.005159135231538029,12,True,0:24;32:300,0.22966690716718346,False,0.4709101918305996,278,False
long,512,64,60,1,埚升速度,3,22,-0.14374551230438057,-0.29036401532806966,-0.002444630855262194,12,True,0:24;32:300,0.22966690716718346,False,0.4709101918305996,278,False
long,512,64,60,1,埚升速度,3,23,-0.1446988237163854,-0.2885023542166999,-0.0012384763780225667,12,True,0:24;32:300,0.22966690716718346,False,0.4709101918305996,278,False
long,512,64,60,1,埚升速度,3,24,-0.14529095785072954,-0.2874398578799816,-0.00019392717199104466,12,True,0:24;32:300,0.22966690716718346,False,0.4709101918305996,278,False
long,512,64,60,1,埚升速度,3,25,-0.1454104387543343,-0.2844531320242565,8.356098817363568e-05,12,False,0:24;32:300,0.22966690716718346,False,0.4709101918305996,278,False
long,512,64,60,1,埚升速度,3,26,-0.14414306140779812,-0.28080250686263664,0.005017122492607809,12,False,0:24;32:300,0.22966690716718346,False,0.4709101918305996,278,False
long,512,64,60,1,埚升速度,3,27,-0.1423813554267459,-0.2776414180276295,0.0093851478480311,12,False,0:24;32:300,0.22966690716718346,False,0.4709101918305996,278,False
long,512,64,60,1,埚升速度,3,28,-0.14125176522063512,-0.2754827543266803,0.013213064092243595,12,False,0:24;32:300,0.22966690716718346,False,0.4709101918305996,278,False
long,512,64,60,1,埚升速度,3,29,-0.14150154094020972,-0.27630428251418754,0.01233917575943536,12,False,0:24;32:300,0.22966690716718346,False,0.4709101918305996,278,False
long,512,64,60,1,埚升速度,3,30,-0.14364328182778527,-0.27897840013751335,0.009852494187934964,12,False,0:24;32:300,0.22966690716718346,False,0.4709101918305996,278,False
long,512,64,60,1,埚升速度,3,31,-0.14820525541386648,-0.28441891896248517,0.005025245023235453,12,False,0:24;32:300,0.22966690716718346,False,0.4709101918305996,278,False
long,512,64,60,1,埚升速度,3,32,-0.15350137921146606,-0.29109566289231237,-0.0005534535654813429,12,True,0:24;32:300,0.22966690716718346,False,0.4709101918305996,278,False
long,512,64,60,1,埚升速度,3,33,-0.15849624790086111,-0.29624644009168166,-0.0036816242973066633,12,True,0:24;32:300,0.22966690716718346,False,0.4709101918305996,278,False
long,512,64,60,1,埚升速度,3,34,-0.16329041316218812,-0.30123516471576645,-0.005416332415644513,12,True,0:24;32:300,0.22966690716718346,False,0.4709101918305996,278,False
long,512,64,60,1,埚升速度,3,35,-0.16763266039452906,-0.30562314563195886,-0.005368840442935299,12,True,0:24;32:300,0.22966690716718346,False,0.4709101918305996,278,False
long,512,64,60,1,埚升速度,3,36,-0.1717164902487227,-0.3076743418486029,-0.00572196342065933,12,True,0:24;32:300,0.22966690716718346,False,0.4709101918305996,278,False
long,512,64,60,1,埚升速度,3,37,-0.17526892836441116,-0.30955917630591834,-0.004316857353879986,12,True,0:24;32:300,0.22966690716718346,False,0.4709101918305996,278,False
long,512,64,60,1,埚升速度,3,38,-0.17972200417070847,-0.31399090243282135,-0.0062725324511959234,12,True,0:24;32:300,0.22966690716718346,False,0.4709101918305996,278,False
long,512,64,60,1,埚升速度,3,39,-0.1857280403219901,-0.3196347829568463,-0.014098147731036284,12,True,0:24;32:300,0.22966690716718346,False,0.4709101918305996,278,False
long,512,64,60,1,埚升速度,3,40,-0.19236756989928852,-0.3254149451023119,-0.02375287269395626,12,True,0:24;32:300,0.22966690716718346,False,0.4709101918305996,278,False
long,512,64,60,1,埚升速度,3,41,-0.19939462850116288,-0.3312843625158108,-0.03354673331107658,12,True,0:24;32:300,0.22966690716718346,False,0.4709101918305996,278,False
long,512,64,60,1,埚升速度,3,42,-0.206363769741498,-0.3394744279248688,-0.04166765579713432,12,True,0:24;32:300,0.22966690716718346,False,0.4709101918305996,278,False
long,512,64,60,1,埚升速度,3,43,-0.21261783100086357,-0.34684757781012177,-0.047873166014983565,12,True,0:24;32:300,0.22966690716718346,False,0.4709101918305996,278,False
long,512,64,60,1,埚升速度,3,44,-0.21713284260479498,-0.34994880994656136,-0.05174997770120934,12,True,0:24;32:300,0.22966690716718346,False,0.4709101918305996,278,False
long,512,64,60,1,埚升速度,3,45,-0.22016418035784252,-0.35144103816564515,-0.052538640799204624,12,True,0:24;32:300,0.22966690716718346,False,0.4709101918305996,278,False
long,512,64,60,1,埚升速度,3,46,-0.2225542402870444,-0.3536292789863101,-0.05347288819880027,12,True,0:24;32:300,0.22966690716718346,False,0.4709101918305996,278,False
long,512,64,60,1,埚升速度,3,47,-0.2232005983908959,-0.355914761942217,-0.05351259656051827,12,True,0:24;32:300,0.22966690716718346,False,0.4709101918305996,278,False
long,512,64,60,1,埚升速度,3,48,-0.22415376183270697,-0.3592052032922544,-0.059485578343808354,12,True,0:24;32:300,0.22966690716718346,False,0.4709101918305996,278,False
long,512,64,60,1,埚升速度,3,49,-0.22534990209950803,-0.36105491052227334,-0.06313277297499723,12,True,0:24;32:300,0.22966690716718346,False,0.4709101918305996,278,False
long,512,64,60,1,埚升速度,3,50,-0.22639831907765295,-0.3624986829048969,-0.06646368848878668,12,True,0:24;32:300,0.22966690716718346,False,0.4709101918305996,278,False
long,512,64,60,1,埚升速度,3,51,-0.22632628336228536,-0.36469460233204004,-0.06855115203710922,12,True,0:24;32:300,0.22966690716718346,False,0.4709101918305996,278,False
long,512,64,60,1,埚升速度,3,52,-0.22570486824449235,-0.36559044508382404,-0.07210211073575162,12,True,0:24;32:300,0.22966690716718346,False,0.4709101918305996,278,False
long,512,64,60,1,埚升速度,3,53,-0.22400923790820246,-0.36521897852511825,-0.07345180178351217,12,True,0:24;32:300,0.22966690716718346,False,0.4709101918305996,278,False
long,512,64,60,1,埚升速度,3,54,-0.22080356780000007,-0.36081829918150304,-0.07215798438404866,12,True,0:24;32:300,0.22966690716718346,False,0.4709101918305996,278,False
long,512,64,60,1,埚升速度,3,55,-0.21758566171689026,-0.3561375624195079,-0.06966567521526527,12,True,0:24;32:300,0.22966690716718346,False,0.4709101918305996,278,False
long,512,64,60,1,埚升速度,3,56,-0.21508968847989654,-0.3517960392413995,-0.06834251576974487,12,True,0:24;32:300,0.22966690716718346,False,0.4709101918305996,278,False
long,512,64,60,1,埚升速度,3,57,-0.21371249913507118,-0.34831018232176864,-0.06814038979203257,12,True,0:24;32:300,0.22966690716718346,False,0.4709101918305996,278,False
long,512,64,60,1,埚升速度,3,58,-0.2121001422152239,-0.34384342778165333,-0.06348668078727131,12,True,0:24;32:300,0.22966690716718346,False,0.4709101918305996,278,False
long,512,64,60,1,埚升速度,3,59,-0.2110431331716143,-0.33923819059609744,-0.059594611218977675,12,True,0:24;32:300,0.22966690716718346,False,0.4709101918305996,278,False
long,512,64,60,1,埚升速度,3,60,-0.2096760751971334,-0.3368845197813236,-0.0539108593633832,12,True,0:24;32:300,0.22966690716718346,False,0.4709101918305996,278,False
long,512,64,60,1,埚升速度,3,61,-0.20739967696775785,-0.33435267738421337,-0.047612700240193706,12,True,0:24;32:300,0.22966690716718346,False,0.4709101918305996,278,False
long,512,64,60,1,埚升速度,3,62,-0.20492769000721825,-0.33111493427066097,-0.04324031568830806,12,True,0:24;32:300,0.22966690716718346,False,0.4709101918305996,278,False
long,512,64,60,1,埚升速度,3,63,-0.20338769470397464,-0.32893654969835295,-0.041442331463493444,12,True,0:24;32:300,0.22966690716718346,False,0.4709101918305996,278,False
long,512,64,60,1,埚升速度,3,64,-0.2032193030035398,-0.32741403996248675,-0.03921286343779064,12,True,0:24;32:300,0.22966690716718346,False,0.4709101918305996,278,False
long,512,64,60,1,埚升速度,3,65,-0.20346780083448648,-0.3271015013789833,-0.03711419015892597,12,True,0:24;32:300,0.22966690716718346,False,0.4709101918305996,278,False
long,512,64,60,1,埚升速度,3,66,-0.20467168152085796,-0.331777163197661,-0.034416555857694396,12,True,0:24;32:300,0.22966690716718346,False,0.4709101918305996,278,False
long,512,64,60,1,埚升速度,3,67,-0.20592656945749968,-0.33483574601954463,-0.030526710505370397,12,True,0:24;32:300,0.22966690716718346,False,0.4709101918305996,278,False
long,512,64,60,1,埚升速度,3,68,-0.2071324644173583,-0.33751847252907635,-0.026500058079930555,12,True,0:24;32:300,0.22966690716718346,False,0.4709101918305996,278,False
long,512,64,60,1,埚升速度,3,69,-0.20750534170298723,-0.3374908190552388,-0.021929835793766873,12,True,0:24;32:300,0.22966690716718346,False,0.4709101918305996,278,False
long,512,64,60,1,埚升速度,3,70,-0.20840768643972754,-0.33931804487161965,-0.01914463166077488,12,True,0:24;32:300,0.22966690716718346,False,0.4709101918305996,278,False
long,512,64,60,1,埚升速度,3,71,-0.20912806613100673,-0.34007463294281487,-0.017918845246076388,12,True,0:24;32:300,0.22966690716718346,False,0.4709101918305996,278,False
long,512,64,60,1,埚升速度,3,72,-0.20883840752343766,-0.34012140957663767,-0.016468013492593452,12,True,0:24;32:300,0.22966690716718346,False,0.4709101918305996,278,False
long,512,64,60,1,埚升速度,3,73,-0.2083891355395477,-0.3405862252414147,-0.017499769598176985,12,True,0:24;32:300,0.22966690716718346,False,0.4709101918305996,278,False
long,512,64,60,1,埚升速度,3,74,-0.2091694098760254,-0.3433332316130031,-0.02160808673852909,12,True,0:24;32:300,0.22966690716718346,False,0.4709101918305996,278,False
long,512,64,60,1,埚升速度,3,75,-0.21026698068372632,-0.34534390982153274,-0.025585853524054764,12,True,0:24;32:300,0.22966690716718346,False,0.4709101918305996,278,False
long,512,64,60,1,埚升速度,3,76,-0.2116256301027064,-0.3498711868965487,-0.028758593473390253,12,True,0:24;32:300,0.22966690716718346,False,0.4709101918305996,278,False
long,512,64,60,1,埚升速度,3,77,-0.21359873730548437,-0.35476851654625385,-0.03434799333212901,12,True,0:24;32:300,0.22966690716718346,False,0.4709101918305996,278,False
long,512,64,60,1,埚升速度,3,78,-0.21540225901322235,-0.35893156198743936,-0.03946515496733012,12,True,0:24;32:300,0.22966690716718346,False,0.4709101918305996,278,False
long,512,64,60,1,埚升速度,3,79,-0.21693002415911422,-0.362512347953581,-0.04333726031839975,12,True,0:24;32:300,0.22966690716718346,False,0.4709101918305996,278,False
long,512,64,60,1,埚升速度,3,80,-0.21811929829430587,-0.36321372379709366,-0.049479226230135155,12,True,0:24;32:300,0.22966690716718346,False,0.4709101918305996,278,False
long,512,64,60,1,埚升速度,3,81,-0.22010801005021324,-0.3616845966588134,-0.05365411522840743,12,True,0:24;32:300,0.22966690716718346,False,0.4709101918305996,278,False
long,512,64,60,1,埚升速度,3,82,-0.22228992606305165,-0.361032796746507,-0.05238625289210417,12,True,0:24;32:300,0.22966690716718346,False,0.4709101918305996,278,False
long,512,64,60,1,埚升速度,3,83,-0.22483847244695962,-0.36170059274844524,-0.055309676016265324,12,True,0:24;32:300,0.22966690716718346,False,0.4709101918305996,278,False
long,512,64,60,1,埚升速度,3,84,-0.2286723822981237,-0.36628941090369077,-0.06077094473517089,12,True,0:24;32:300,0.22966690716718346,False,0.4709101918305996,278,False
long,512,64,60,1,埚升速度,3,85,-0.23234202088563352,-0.37088601263916526,-0.06372065402982606,12,True,0:24;32:300,0.22966690716718346,False,0.4709101918305996,278,False
long,512,64,60,1,埚升速度,3,86,-0.2356861574204893,-0.37323525753079256,-0.06785990042533976,12,True,0:24;32:300,0.22966690716718346,False,0.4709101918305996,278,False
long,512,64,60,1,埚升速度,3,87,-0.2389879686325672,-0.3754470712498055,-0.07267287162671067,12,True,0:24;32:300,0.22966690716718346,False,0.4709101918305996,278,False
long,512,64,60,1,埚升速度,3,88,-0.24254449573899234,-0.3777535750214849,-0.07651112284738693,12,True,0:24;32:300,0.22966690716718346,False,0.4709101918305996,278,False
long,512,64,60,1,埚升速度,3,89,-0.24657997669247125,-0.3820883624324665,-0.08026651307280783,12,True,0:24;32:300,0.22966690716718346,False,0.4709101918305996,278,False
long,512,64,60,1,埚升速度,3,90,-0.25031294658748493,-0.3847185162951568,-0.08494015649564146,12,True,0:24;32:300,0.22966690716718346,False,0.4709101918305996,278,False
long,512,64,60,1,埚升速度,3,91,-0.2542416236181301,-0.38781219333702166,-0.0899506925382226,12,True,0:24;32:300,0.22966690716718346,False,0.4709101918305996,278,False
long,512,64,60,1,埚升速度,3,92,-0.2583657037730682,-0.3927923336348529,-0.09619320534759823,12,True,0:24;32:300,0.22966690716718346,False,0.4709101918305996,278,False
long,512,64,60,1,埚升速度,3,93,-0.26215093362634934,-0.396596025282973,-0.10231852643931635,12,True,0:24;32:300,0.22966690716718346,False,0.4709101918305996,278,False
long,512,64,60,1,埚升速度,3,94,-0.2651327322515584,-0.4011425880104836,-0.10736247747561592,12,True,0:24;32:300,0.22966690716718346,False,0.4709101918305996,278,False
long,512,64,60,1,埚升速度,3,95,-0.2683501176335102,-0.4079983018662663,-0.11349926840554413,12,True,0:24;32:300,0.22966690716718346,False,0.4709101918305996,278,False
long,512,64,60,1,埚升速度,3,96,-0.27037814202274335,-0.4102094386053482,-0.11701474040220326,12,True,0:24;32:300,0.22966690716718346,False,0.4709101918305996,278,False
long,512,64,60,1,埚升速度,3,97,-0.27221714180005235,-0.4126773368801488,-0.12054326206644761,12,True,0:24;32:300,0.22966690716718346,False,0.4709101918305996,278,False
long,512,64,60,1,埚升速度,3,98,-0.27340113727824716,-0.41452628668953734,-0.12328943176263348,12,True,0:24;32:300,0.22966690716718346,False,0.4709101918305996,278,False
long,512,64,60,1,埚升速度,3,99,-0.27394021175159655,-0.4185332827628873,-0.12589191243123476,12,True,0:24;32:300,0.22966690716718346,False,0.4709101918305996,278,False
long,512,64,60,1,埚升速度,3,100,-0.2736293474181286,-0.421284140229245,-0.12559165144763046,12,True,0:24;32:300,0.22966690716718346,False,0.4709101918305996,278,False
long,512,64,60,1,埚升速度,3,101,-0.2727414965629745,-0.4245627818192807,-0.12447923255154583,12,True,0:24;32:300,0.22966690716718346,False,0.4709101918305996,278,False
long,512,64,60,1,埚升速度,3,102,-0.27238326403575963,-0.4269320239994177,-0.12229682700903065,12,True,0:24;32:300,0.22966690716718346,False,0.4709101918305996,278,False
long,512,64,60,1,埚升速度,3,103,-0.2719354535131684,-0.4267964476459225,-0.12049174612630825,12,True,0:24;32:300,0.22966690716718346,False,0.4709101918305996,278,False
long,512,64,60,1,埚升速度,3,104,-0.2706664503099545,-0.42528520748060694,-0.11623583273490355,12,True,0:24;32:300,0.22966690716718346,False,0.4709101918305996,278,False
long,512,64,60,1,埚升速度,3,105,-0.2697444289364579,-0.42450034472584847,-0.11060543287928684,12,True,0:24;32:300,0.22966690716718346,False,0.4709101918305996,278,False
long,512,64,60,1,埚升速度,3,106,-0.26901137897973837,-0.4228246471580677,-0.10590954608869536,12,True,0:24;32:300,0.22966690716718346,False,0.4709101918305996,278,False
long,512,64,60,1,埚升速度,3,107,-0.26870609507113263,-0.420746257928604,-0.10261209642620023,12,True,0:24;32:300,0.22966690716718346,False,0.4709101918305996,278,False
long,512,64,60,1,埚升速度,3,108,-0.267823732532641,-0.4196573817073013,-0.09996229737217202,12,True,0:24;32:300,0.22966690716718346,False,0.4709101918305996,278,False
long,512,64,60,1,埚升速度,3,109,-0.2671315253429716,-0.41892891794714493,-0.1028178103743819,12,True,0:24;32:300,0.22966690716718346,False,0.4709101918305996,278,False
long,512,64,60,1,埚升速度,3,110,-0.2671434809042519,-0.4178492012095309,-0.10648452241767688,12,True,0:24;32:300,0.22966690716718346,False,0.4709101918305996,278,False
long,512,64,60,1,埚升速度,3,111,-0.2671591389138737,-0.416455730920855,-0.10945231192967388,12,True,0:24;32:300,0.22966690716718346,False,0.4709101918305996,278,False
long,512,64,60,1,埚升速度,3,112,-0.2677676740034725,-0.41331025692224743,-0.11261787664779915,12,True,0:24;32:300,0.22966690716718346,False,0.4709101918305996,278,False
long,512,64,60,1,埚升速度,3,113,-0.2690665176648001,-0.41030842833771675,-0.11580218055387391,12,True,0:24;32:300,0.22966690716718346,False,0.4709101918305996,278,False
long,512,64,60,1,埚升速度,3,114,-0.27019730310977086,-0.40638467808447865,-0.1188673197416025,12,True,0:24;32:300,0.22966690716718346,False,0.4709101918305996,278,False
long,512,64,60,1,埚升速度,3,115,-0.27109460738790286,-0.4027140149107363,-0.12070858256934827,12,True,0:24;32:300,0.22966690716718346,False,0.4709101918305996,278,False
long,512,64,60,1,埚升速度,3,116,-0.2722745384931665,-0.400931068315208,-0.12137942157515866,12,True,0:24;32:300,0.22966690716718346,False,0.4709101918305996,278,False
long,512,64,60,1,埚升速度,3,117,-0.27289780709948974,-0.3986621566983612,-0.12309333095519422,12,True,0:24;32:300,0.22966690716718346,False,0.4709101918305996,278,False
long,512,64,60,1,埚升速度,3,118,-0.2724732212000418,-0.39374810679952194,-0.12148677685586413,12,True,0:24;32:300,0.22966690716718346,False,0.4709101918305996,278,False
long,512,64,60,1,埚升速度,3,119,-0.2725221625078108,-0.3905874522118446,-0.1176534777508852,12,True,0:24;32:300,0.22966690716718346,False,0.4709101918305996,278,False
long,512,64,60,1,埚升速度,3,120,-0.27267594171007314,-0.3895099800816542,-0.1133004227189883,12,True,0:24;32:300,0.22966690716718346,False,0.4709101918305996,278,False
long,512,64,60,1,埚升速度,3,121,-0.2728939318745768,-0.38970755042417193,-0.10961390422641654,12,True,0:24;32:300,0.22966690716718346,False,0.4709101918305996,278,False
long,512,64,60,1,埚升速度,3,122,-0.27259628312999934,-0.39016986014273425,-0.10755434833576338,12,True,0:24;32:300,0.22966690716718346,False,0.4709101918305996,278,False
long,512,64,60,1,埚升速度,3,123,-0.27244164171170693,-0.3901576176764903,-0.1054470803977068,12,True,0:24;32:300,0.22966690716718346,False,0.4709101918305996,278,False
long,512,64,60,1,埚升速度,3,124,-0.2722740922146096,-0.3900255326012331,-0.10527777959223983,12,True,0:24;32:300,0.22966690716718346,False,0.4709101918305996,278,False
long,512,64,60,1,埚升速度,3,125,-0.27165435106066266,-0.39003465130000353,-0.1050520248111515,12,True,0:24;32:300,0.22966690716718346,False,0.4709101918305996,278,False
long,512,64,60,1,埚升速度,3,126,-0.27123390775481127,-0.38958781818685917,-0.1060883095399022,12,True,0:24;32:300,0.22966690716718346,False,0.4709101918305996,278,False
long,512,64,60,1,埚升速度,3,127,-0.27124110215797437,-0.38877719661581595,-0.10863681897538142,12,True,0:24;32:300,0.22966690716718346,False,0.4709101918305996,278,False
long,512,64,60,1,埚升速度,3,128,-0.2713323911563032,-0.389873188563097,-0.11153258460718718,12,True,0:24;32:300,0.22966690716718346,False,0.4709101918305996,278,False
long,512,64,60,1,埚升速度,3,129,-0.2717767296370821,-0.3934779241821274,-0.11441363261656028,12,True,0:24;32:300,0.22966690716718346,False,0.4709101918305996,278,False
long,512,64,60,1,埚升速度,3,130,-0.27300473679479,-0.3969039347277404,-0.11807249653746195,12,True,0:24;32:300,0.22966690716718346,False,0.4709101918305996,278,False
long,512,64,60,1,埚升速度,3,131,-0.27446744257070343,-0.4012898025184312,-0.12339346470528623,12,True,0:24;32:300,0.22966690716718346,False,0.4709101918305996,278,False
long,512,64,60,1,埚升速度,3,132,-0.2757997811199776,-0.404124050508079,-0.1266022604486257,12,True,0:24;32:300,0.22966690716718346,False,0.4709101918305996,278,False
long,512,64,60,1,埚升速度,3,133,-0.27793405306125907,-0.4075736399900577,-0.1280779142194104,12,True,0:24;32:300,0.22966690716718346,False,0.4709101918305996,278,False
long,512,64,60,1,埚升速度,3,134,-0.2805329202376294,-0.41123244739499926,-0.12936277703996596,12,True,0:24;32:300,0.22966690716718346,False,0.4709101918305996,278,False
long,512,64,60,1,埚升速度,3,135,-0.2830723215396488,-0.41409065992299293,-0.13117804717550718,12,True,0:24;32:300,0.22966690716718346,False,0.4709101918305996,278,False
long,512,64,60,1,埚升速度,3,136,-0.2847391515071645,-0.4158606993378281,-0.12896778620833999,12,True,0:24;32:300,0.22966690716718346,False,0.4709101918305996,278,False
long,512,64,60,1,埚升速度,3,137,-0.28677577567334633,-0.4194035320320396,-0.1278799091093648,12,True,0:24;32:300,0.22966690716718346,False,0.4709101918305996,278,False
long,512,64,60,1,埚升速度,3,138,-0.2889006170908833,-0.42224361147378336,-0.1262661040935566,12,True,0:24;32:300,0.22966690716718346,False,0.4709101918305996,278,False
long,512,64,60,1,埚升速度,3,139,-0.29059851603037434,-0.42410187499128177,-0.12468063899654529,12,True,0:24;32:300,0.22966690716718346,False,0.4709101918305996,278,False
long,512,64,60,1,埚升速度,3,140,-0.2922140390435925,-0.4262336519986405,-0.12495901626707918,12,True,0:24;32:300,0.22966690716718346,False,0.4709101918305996,278,False
long,512,64,60,1,埚升速度,3,141,-0.2938660408974924,-0.4285375642326888,-0.1276934707933518,12,True,0:24;32:300,0.22966690716718346,False,0.4709101918305996,278,False
long,512,64,60,1,埚升速度,3,142,-0.2942579455556681,-0.42955939160243056,-0.1318632929952464,12,True,0:24;32:300,0.22966690716718346,False,0.4709101918305996,278,False
long,512,64,60,1,埚升速度,3,143,-0.2942100156679859,-0.4305631385180311,-0.13542054513995067,12,True,0:24;32:300,0.22966690716718346,False,0.4709101918305996,278,False
long,512,64,60,1,埚升速度,3,144,-0.2946609052824344,-0.4325151022710456,-0.13955283005441313,12,True,0:24;32:300,0.22966690716718346,False,0.4709101918305996,278,False
long,512,64,60,1,埚升速度,3,145,-0.29485912469059944,-0.4363268438579284,-0.14403607827534085,12,True,0:24;32:300,0.22966690716718346,False,0.4709101918305996,278,False
long,512,64,60,1,埚升速度,3,146,-0.2944332594896216,-0.4390607644638695,-0.1474693574188839,12,True,0:24;32:300,0.22966690716718346,False,0.4709101918305996,278,False
long,512,64,60,1,埚升速度,3,147,-0.29441198133603247,-0.44015720301293765,-0.15022936476910093,12,True,0:24;32:300,0.22966690716718346,False,0.4709101918305996,278,False
long,512,64,60,1,埚升速度,3,148,-0.2954057885338299,-0.44181668228573223,-0.1551850957614902,12,True,0:24;32:300,0.22966690716718346,False,0.4709101918305996,278,False
long,512,64,60,1,埚升速度,3,149,-0.29546270288869947,-0.44210696651740106,-0.15863216312877101,12,True,0:24;32:300,0.22966690716718346,False,0.4709101918305996,278,False
long,512,64,60,1,埚升速度,3,150,-0.29513843307705223,-0.4428010968611763,-0.1616539793457381,12,True,0:24;32:300,0.22966690716718346,False,0.4709101918305996,278,False
long,512,64,60,1,埚升速度,3,151,-0.29564499390767124,-0.44488132289906496,-0.1633013525061722,12,True,0:24;32:300,0.22966690716718346,False,0.4709101918305996,278,False
long,512,64,60,1,埚升速度,3,152,-0.29584213524874414,-0.4476898387922644,-0.1621042507593543,12,True,0:24;32:300,0.22966690716718346,False,0.4709101918305996,278,False
long,512,64,60,1,埚升速度,3,153,-0.29527060991668347,-0.4477392240738189,-0.16115803720761498,12,True,0:24;32:300,0.22966690716718346,False,0.4709101918305996,278,False
long,512,64,60,1,埚升速度,3,154,-0.2945742689995742,-0.44514296963845285,-0.15914601660272415,12,True,0:24;32:300,0.22966690716718346,False,0.4709101918305996,278,False
long,512,64,60,1,埚升速度,3,155,-0.2939693869560329,-0.44693881769066024,-0.15819880229688896,12,True,0:24;32:300,0.22966690716718346,False,0.4709101918305996,278,False
long,512,64,60,1,埚升速度,3,156,-0.293612801206309,-0.44843309581744917,-0.15544471621255587,12,True,0:24;32:300,0.22966690716718346,False,0.4709101918305996,278,False
long,512,64,60,1,埚升速度,3,157,-0.29306681694274034,-0.4485941774000556,-0.15471061603674155,12,True,0:24;32:300,0.22966690716718346,False,0.4709101918305996,278,False
long,512,64,60,1,埚升速度,3,158,-0.2936096099196155,-0.44854734393956913,-0.15676815530801963,12,True,0:24;32:300,0.22966690716718346,False,0.4709101918305996,278,False
long,512,64,60,1,埚升速度,3,159,-0.29349396690146495,-0.4472959198264053,-0.15690838998541048,12,True,0:24;32:300,0.22966690716718346,False,0.4709101918305996,278,False
long,512,64,60,1,埚升速度,3,160,-0.2926831182315449,-0.44806074111103444,-0.15667608537706026,12,True,0:24;32:300,0.22966690716718346,False,0.4709101918305996,278,False
long,512,64,60,1,埚升速度,3,161,-0.2919616944395864,-0.448767398101539,-0.15676481944489634,12,True,0:24;32:300,0.22966690716718346,False,0.4709101918305996,278,False
long,512,64,60,1,埚升速度,3,162,-0.2910115632540337,-0.4484403718449258,-0.15774147538836727,12,True,0:24;32:300,0.22966690716718346,False,0.4709101918305996,278,False
long,512,64,60,1,埚升速度,3,163,-0.2898811346888098,-0.4491671187985451,-0.1587572463247975,12,True,0:24;32:300,0.22966690716718346,False,0.4709101918305996,278,False
long,512,64,60,1,埚升速度,3,164,-0.2889433518191731,-0.45005166583002004,-0.15885770501468918,12,True,0:24;32:300,0.22966690716718346,False,0.4709101918305996,278,False
long,512,64,60,1,埚升速度,3,165,-0.28897762875896693,-0.4524187411327121,-0.15988204848134766,12,True,0:24;32:300,0.22966690716718346,False,0.4709101918305996,278,False
long,512,64,60,1,埚升速度,3,166,-0.2889883901782298,-0.45327848874188226,-0.1602107232351047,12,True,0:24;32:300,0.22966690716718346,False,0.4709101918305996,278,False
long,512,64,60,1,埚升速度,3,167,-0.28905013925971323,-0.4550337698649589,-0.15620600790818326,12,True,0:24;32:300,0.22966690716718346,False,0.4709101918305996,278,False
long,512,64,60,1,埚升速度,3,168,-0.28915876269960167,-0.45634059892572143,-0.15264604188355457,12,True,0:24;32:300,0.22966690716718346,False,0.4709101918305996,278,False
long,512,64,60,1,埚升速度,3,169,-0.29012909486034477,-0.4559805945590574,-0.151247702558881,12,True,0:24;32:300,0.22966690716718346,False,0.4709101918305996,278,False
long,512,64,60,1,埚升速度,3,170,-0.29004871061301496,-0.45374938882357435,-0.1477694824217706,12,True,0:24;32:300,0.22966690716718346,False,0.4709101918305996,278,False
long,512,64,60,1,埚升速度,3,171,-0.2897854028642648,-0.4515462849805997,-0.14482606383451563,12,True,0:24;32:300,0.22966690716718346,False,0.4709101918305996,278,False
long,512,64,60,1,埚升速度,3,172,-0.2904238594230028,-0.44927212842085856,-0.14224557530503046,12,True,0:24;32:300,0.22966690716718346,False,0.4709101918305996,278,False
long,512,64,60,1,埚升速度,3,173,-0.2906198248756761,-0.4463549768048391,-0.14084695649842607,12,True,0:24;32:300,0.22966690716718346,False,0.4709101918305996,278,False
long,512,64,60,1,埚升速度,3,174,-0.2907717995286843,-0.4476398398756444,-0.1395843705907515,12,True,0:24;32:300,0.22966690716718346,False,0.4709101918305996,278,False
long,512,64,60,1,埚升速度,3,175,-0.29126070094524886,-0.4495102800645063,-0.13934474358593424,12,True,0:24;32:300,0.22966690716718346,False,0.4709101918305996,278,False
long,512,64,60,1,埚升速度,3,176,-0.29246103231897774,-0.45053094130514,-0.13965809868084758,12,True,0:24;32:300,0.22966690716718346,False,0.4709101918305996,278,False
long,512,64,60,1,埚升速度,3,177,-0.29384475441542096,-0.4497782332228171,-0.1401665232786751,12,True,0:24;32:300,0.22966690716718346,False,0.4709101918305996,278,False
long,512,64,60,1,埚升速度,3,178,-0.2952088131985483,-0.4477184171113208,-0.13953299367347394,12,True,0:24;32:300,0.22966690716718346,False,0.4709101918305996,278,False
long,512,64,60,1,埚升速度,3,179,-0.2964250100485911,-0.4465389484859114,-0.1366147078141777,12,True,0:24;32:300,0.22966690716718346,False,0.4709101918305996,278,False
long,512,64,60,1,埚升速度,3,180,-0.2981452415490862,-0.44576542843820366,-0.13580795879143315,12,True,0:24;32:300,0.22966690716718346,False,0.4709101918305996,278,False
long,512,64,60,1,埚升速度,3,181,-0.2997159174166299,-0.44647521003302904,-0.132207430181593,12,True,0:24;32:300,0.22966690716718346,False,0.4709101918305996,278,False
long,512,64,60,1,埚升速度,3,182,-0.30124897627023617,-0.44707923401730665,-0.13017009212616923,12,True,0:24;32:300,0.22966690716718346,False,0.4709101918305996,278,False
long,512,64,60,1,埚升速度,3,183,-0.30381183340807083,-0.4497215369703471,-0.13211918747435178,12,True,0:24;32:300,0.22966690716718346,False,0.4709101918305996,278,False
long,512,64,60,1,埚升速度,3,184,-0.30641932123577464,-0.45495002064866946,-0.1348469344742823,12,True,0:24;32:300,0.22966690716718346,False,0.4709101918305996,278,False
long,512,64,60,1,埚升速度,3,185,-0.3090675563521873,-0.46107552127777474,-0.1410466504996821,12,True,0:24;32:300,0.22966690716718346,False,0.4709101918305996,278,False
long,512,64,60,1,埚升速度,3,186,-0.31199321171839467,-0.46759985028790985,-0.15038346038721653,12,True,0:24;32:300,0.22966690716718346,False,0.4709101918305996,278,False
long,512,64,60,1,埚升速度,3,187,-0.3146550101733739,-0.4722884326289426,-0.1565238685898638,12,True,0:24;32:300,0.22966690716718346,False,0.4709101918305996,278,False
long,512,64,60,1,埚升速度,3,188,-0.3165223528213275,-0.4722247017924249,-0.15911848075542315,12,True,0:24;32:300,0.22966690716718346,False,0.4709101918305996,278,False
long,512,64,60,1,埚升速度,3,189,-0.3185986899985851,-0.47154917942165425,-0.16278962777503028,12,True,0:24;32:300,0.22966690716718346,False,0.4709101918305996,278,False
long,512,64,60,1,埚升速度,3,190,-0.3209327688337671,-0.4690754497006113,-0.16703179658995115,12,True,0:24;32:300,0.22966690716718346,False,0.4709101918305996,278,False
long,512,64,60,1,埚升速度,3,191,-0.3230209199962399,-0.46634906166119927,-0.1725527837639245,12,True,0:24;32:300,0.22966690716718346,False,0.4709101918305996,278,False
long,512,64,60,1,埚升速度,3,192,-0.32517227251092096,-0.4632702904769911,-0.1781698593836766,12,True,0:24;32:300,0.22966690716718346,False,0.4709101918305996,278,False
long,512,64,60,1,埚升速度,3,193,-0.3268228281217357,-0.4598612682064937,-0.18313107962288275,12,True,0:24;32:300,0.22966690716718346,False,0.4709101918305996,278,False
long,512,64,60,1,埚升速度,3,194,-0.32873846047839733,-0.4575023038125575,-0.1867100970501755,12,True,0:24;32:300,0.22966690716718346,False,0.4709101918305996,278,False
long,512,64,60,1,埚升速度,3,195,-0.3296833051488703,-0.45642679453927953,-0.18877301643110997,12,True,0:24;32:300,0.22966690716718346,False,0.4709101918305996,278,False
long,512,64,60,1,埚升速度,3,196,-0.3305792661630252,-0.45562163869720335,-0.19120058203020657,12,True,0:24;32:300,0.22966690716718346,False,0.4709101918305996,278,False
long,512,64,60,1,埚升速度,3,197,-0.33128365082983585,-0.45432562095261964,-0.19242685325087067,12,True,0:24;32:300,0.22966690716718346,False,0.4709101918305996,278,False
long,512,64,60,1,埚升速度,3,198,-0.3318848741333448,-0.45201147730110375,-0.1930823767100132,12,True,0:24;32:300,0.22966690716718346,False,0.4709101918305996,278,False
long,512,64,60,1,埚升速度,3,199,-0.3326415717754786,-0.4513947046791641,-0.19290886583888847,12,True,0:24;32:300,0.22966690716718346,False,0.4709101918305996,278,False
long,512,64,60,1,埚升速度,3,200,-0.3343477560905916,-0.45478472805043113,-0.1929039864674656,12,True,0:24;32:300,0.22966690716718346,False,0.4709101918305996,278,False
long,512,64,60,1,埚升速度,3,201,-0.3356617570106076,-0.45473537701068945,-0.19352954467586067,12,True,0:24;32:300,0.22966690716718346,False,0.4709101918305996,278,False
long,512,64,60,1,埚升速度,3,202,-0.3371760220403512,-0.4541162164130761,-0.19463413322049836,12,True,0:24;32:300,0.22966690716718346,False,0.4709101918305996,278,False
long,512,64,60,1,埚升速度,3,203,-0.33829625335976976,-0.45388198074449587,-0.19890983462056191,12,True,0:24;32:300,0.22966690716718346,False,0.4709101918305996,278,False
long,512,64,60,1,埚升速度,3,204,-0.33917361183381384,-0.4548136975280948,-0.2039478153389902,12,True,0:24;32:300,0.22966690716718346,False,0.4709101918305996,278,False
long,512,64,60,1,埚升速度,3,205,-0.34037065144633494,-0.4570979780044768,-0.2089929145844123,12,True,0:24;32:300,0.22966690716718346,False,0.4709101918305996,278,False
long,512,64,60,1,埚升速度,3,206,-0.34175005691557947,-0.4618584816740346,-0.21391595230111324,12,True,0:24;32:300,0.22966690716718346,False,0.4709101918305996,278,False
long,512,64,60,1,埚升速度,3,207,-0.342601797538816,-0.4647877114343409,-0.21897478860924663,12,True,0:24;32:300,0.22966690716718346,False,0.4709101918305996,278,False
long,512,64,60,1,埚升速度,3,208,-0.3427277159512645,-0.46645105148299276,-0.22209582758502708,12,True,0:24;32:300,0.22966690716718346,False,0.4709101918305996,278,False
long,512,64,60,1,埚升速度,3,209,-0.3434011269627049,-0.4688808113390598,-0.22578801815548882,12,True,0:24;32:300,0.22966690716718346,False,0.4709101918305996,278,False
long,512,64,60,1,埚升速度,3,210,-0.3438478233669948,-0.4708340468971085,-0.22726544622771414,12,True,0:24;32:300,0.22966690716718346,False,0.4709101918305996,278,False
long,512,64,60,1,埚升速度,3,211,-0.3442806158107799,-0.4724463335109047,-0.22689852802025434,12,True,0:24;32:300,0.22966690716718346,False,0.4709101918305996,278,False
long,512,64,60,1,埚升速度,3,212,-0.34494216663579397,-0.47356794355813475,-0.22751249779068605,12,True,0:24;32:300,0.22966690716718346,False,0.4709101918305996,278,False
long,512,64,60,1,埚升速度,3,213,-0.34503559621561675,-0.47352922773435074,-0.22591411596271097,12,True,0:24;32:300,0.22966690716718346,False,0.4709101918305996,278,False
long,512,64,60,1,埚升速度,3,214,-0.3450768842661898,-0.47352599630127445,-0.2230105270808943,12,True,0:24;32:300,0.22966690716718346,False,0.4709101918305996,278,False
long,512,64,60,1,埚升速度,3,215,-0.34503903649538314,-0.4728593098468586,-0.22077663134984324,12,True,0:24;32:300,0.22966690716718346,False,0.4709101918305996,278,False
long,512,64,60,1,埚升速度,3,216,-0.3447522097742248,-0.47083611889081994,-0.21875178157194994,12,True,0:24;32:300,0.22966690716718346,False,0.4709101918305996,278,False
long,512,64,60,1,埚升速度,3,217,-0.3445102248798907,-0.4683917049279744,-0.215722742977822,12,True,0:24;32:300,0.22966690716718346,False,0.4709101918305996,278,False
long,512,64,60,1,埚升速度,3,218,-0.34490444600475173,-0.4671926307512844,-0.21408719157705258,12,True,0:24;32:300,0.22966690716718346,False,0.4709101918305996,278,False
long,512,64,60,1,埚升速度,3,219,-0.345999348914648,-0.4681486491230889,-0.21322497047918587,12,True,0:24;32:300,0.22966690716718346,False,0.4709101918305996,278,False
long,512,64,60,1,埚升速度,3,220,-0.34749652883547477,-0.46926035657972376,-0.21454070881777726,12,True,0:24;32:300,0.22966690716718346,False,0.4709101918305996,278,False
long,512,64,60,1,埚升速度,3,221,-0.34908058074934134,-0.46930382244896546,-0.21427512795941295,12,True,0:24;32:300,0.22966690716718346,False,0.4709101918305996,278,False
long,512,64,60,1,埚升速度,3,222,-0.351307477969668,-0.469369267914039,-0.21452187389274843,12,True,0:24;32:300,0.22966690716718346,False,0.4709101918305996,278,False
long,512,64,60,1,埚升速度,3,223,-0.353571845629499,-0.4697555949555047,-0.21552968767979816,12,True,0:24;32:300,0.22966690716718346,False,0.4709101918305996,278,False
long,512,64,60,1,埚升速度,3,224,-0.35610467739387064,-0.47109978031355704,-0.21879618331631637,12,True,0:24;32:300,0.22966690716718346,False,0.4709101918305996,278,False
long,512,64,60,1,埚升速度,3,225,-0.3587295194595169,-0.47306162776788824,-0.22129017879061896,12,True,0:24;32:300,0.22966690716718346,False,0.4709101918305996,278,False
long,512,64,60,1,埚升速度,3,226,-0.361747253507932,-0.47779993413938643,-0.2224536585954058,12,True,0:24;32:300,0.22966690716718346,False,0.4709101918305996,278,False
long,512,64,60,1,埚升速度,3,227,-0.36417582284301886,-0.48065518752834324,-0.22382505173060308,12,True,0:24;32:300,0.22966690716718346,False,0.4709101918305996,278,False
long,512,64,60,1,埚升速度,3,228,-0.3668889205786823,-0.4860777303831254,-0.22507170178144753,12,True,0:24;32:300,0.22966690716718346,False,0.4709101918305996,278,False
long,512,64,60,1,埚升速度,3,229,-0.3695509630771554,-0.49186663232447814,-0.22685841471254078,12,True,0:24;32:300,0.22966690716718346,False,0.4709101918305996,278,False
long,512,64,60,1,埚升速度,3,230,-0.37237333989961696,-0.49656836344799593,-0.22895371812393436,12,True,0:24;32:300,0.22966690716718346,False,0.4709101918305996,278,False
long,512,64,60,1,埚升速度,3,231,-0.3756715120511395,-0.5001617229341079,-0.23062655656394127,12,True,0:24;32:300,0.22966690716718346,False,0.4709101918305996,278,False
long,512,64,60,1,埚升速度,3,232,-0.3790250298633605,-0.5025840596444319,-0.23252566438116232,12,True,0:24;32:300,0.22966690716718346,False,0.4709101918305996,278,False
long,512,64,60,1,埚升速度,3,233,-0.3831245423008521,-0.5077362278171488,-0.2376259289529033,12,True,0:24;32:300,0.22966690716718346,False,0.4709101918305996,278,False
long,512,64,60,1,埚升速度,3,234,-0.3871615426009286,-0.5118738556862953,-0.24376286922037557,12,True,0:24;32:300,0.22966690716718346,False,0.4709101918305996,278,False
long,512,64,60,1,埚升速度,3,235,-0.390747131319667,-0.5155930572371479,-0.24850380790403784,12,True,0:24;32:300,0.22966690716718346,False,0.4709101918305996,278,False
long,512,64,60,1,埚升速度,3,236,-0.3945732771041317,-0.519244022014089,-0.2522635313222338,12,True,0:24;32:300,0.22966690716718346,False,0.4709101918305996,278,False
long,512,64,60,1,埚升速度,3,237,-0.39784870911866294,-0.5215934510997242,-0.257569546845745,12,True,0:24;32:300,0.22966690716718346,False,0.4709101918305996,278,False
long,512,64,60,1,埚升速度,3,238,-0.4014781242084777,-0.5230255026801403,-0.2642542933680164,12,True,0:24;32:300,0.22966690716718346,False,0.4709101918305996,278,False
long,512,64,60,1,埚升速度,3,239,-0.4046358458344087,-0.5245242709997752,-0.2678954899248419,12,True,0:24;32:300,0.22966690716718346,False,0.4709101918305996,278,False
long,512,64,60,1,埚升速度,3,240,-0.4077290830260365,-0.5266408644552918,-0.2715940049206337,12,True,0:24;32:300,0.22966690716718346,False,0.4709101918305996,278,False
long,512,64,60,1,埚升速度,3,241,-0.4109844507400609,-0.5301796182509583,-0.27754377452228324,12,True,0:24;32:300,0.22966690716718346,False,0.4709101918305996,278,False
long,512,64,60,1,埚升速度,3,242,-0.4145869568109987,-0.5363047112283895,-0.28466204474725004,12,True,0:24;32:300,0.22966690716718346,False,0.4709101918305996,278,False
long,512,64,60,1,埚升速度,3,243,-0.4184781367526212,-0.5421061724058166,-0.29260895025345807,12,True,0:24;32:300,0.22966690716718346,False,0.4709101918305996,278,False
long,512,64,60,1,埚升速度,3,244,-0.42202883068053965,-0.5466487284064117,-0.30169749225695186,12,True,0:24;32:300,0.22966690716718346,False,0.4709101918305996,278,False
long,512,64,60,1,埚升速度,3,245,-0.4251930906432089,-0.5497259838599549,-0.3088654999033907,12,True,0:24;32:300,0.22966690716718346,False,0.4709101918305996,278,False
long,512,64,60,1,埚升速度,3,246,-0.4284620246509463,-0.5520735331884903,-0.31547304098136286,12,True,0:24;32:300,0.22966690716718346,False,0.4709101918305996,278,False
long,512,64,60,1,埚升速度,3,247,-0.4316443571648265,-0.5530228290131445,-0.3209366644810609,12,True,0:24;32:300,0.22966690716718346,False,0.4709101918305996,278,False
long,512,64,60,1,埚升速度,3,248,-0.4348570399230221,-0.5542407068283814,-0.32673551848803384,12,True,0:24;32:300,0.22966690716718346,False,0.4709101918305996,278,False
long,512,64,60,1,埚升速度,3,249,-0.4378125927137845,-0.5555374352955628,-0.3292334661295402,12,True,0:24;32:300,0.22966690716718346,False,0.4709101918305996,278,False
long,512,64,60,1,埚升速度,3,250,-0.44062402750469876,-0.5582102771043435,-0.3293964428061136,12,True,0:24;32:300,0.22966690716718346,False,0.4709101918305996,278,False
long,512,64,60,1,埚升速度,3,251,-0.4433395984405921,-0.562350712005464,-0.3274226685563791,12,True,0:24;32:300,0.22966690716718346,False,0.4709101918305996,278,False
long,512,64,60,1,埚升速度,3,252,-0.4453308825139445,-0.5662438163676635,-0.3265154159046856,12,True,0:24;32:300,0.22966690716718346,False,0.4709101918305996,278,False
long,512,64,60,1,埚升速度,3,253,-0.4471675626082435,-0.5705183817316647,-0.326521171807574,12,True,0:24;32:300,0.22966690716718346,False,0.4709101918305996,278,False
long,512,64,60,1,埚升速度,3,254,-0.44844457994445824,-0.5737166192888373,-0.32667920804388156,12,True,0:24;32:300,0.22966690716718346,False,0.4709101918305996,278,False
long,512,64,60,1,埚升速度,3,255,-0.4499367873026681,-0.5766915241947345,-0.32783042569517845,12,True,0:24;32:300,0.22966690716718346,False,0.4709101918305996,278,False
long,512,64,60,1,埚升速度,3,256,-0.4518963912277665,-0.5798671278417755,-0.32973521531033845,12,True,0:24;32:300,0.22966690716718346,False,0.4709101918305996,278,False
long,512,64,60,1,埚升速度,3,257,-0.45429674698956013,-0.5857419356676978,-0.3302303166347397,12,True,0:24;32:300,0.22966690716718346,False,0.4709101918305996,278,False
long,512,64,60,1,埚升速度,3,258,-0.45686956023436937,-0.5892338052568312,-0.33034559457005774,12,True,0:24;32:300,0.22966690716718346,False,0.4709101918305996,278,False
long,512,64,60,1,埚升速度,3,259,-0.4589151237563297,-0.5904654217328433,-0.32839345945389153,12,True,0:24;32:300,0.22966690716718346,False,0.4709101918305996,278,False
long,512,64,60,1,埚升速度,3,260,-0.460807921788274,-0.5901115006050967,-0.32841960070768883,12,True,0:24;32:300,0.22966690716718346,False,0.4709101918305996,278,False
long,512,64,60,1,埚升速度,3,261,-0.46271111184119906,-0.5895752920469632,-0.3284813502335704,12,True,0:24;32:300,0.22966690716718346,False,0.4709101918305996,278,False
long,512,64,60,1,埚升速度,3,262,-0.4637285971284303,-0.5890393157561606,-0.32889017777211316,12,True,0:24;32:300,0.22966690716718346,False,0.4709101918305996,278,False
long,512,64,60,1,埚升速度,3,263,-0.4645391924879892,-0.589964789012439,-0.3290789943978172,12,True,0:24;32:300,0.22966690716718346,False,0.4709101918305996,278,False
long,512,64,60,1,埚升速度,3,264,-0.46552810690540253,-0.5910454328432395,-0.3291559708449023,12,True,0:24;32:300,0.22966690716718346,False,0.4709101918305996,278,False
long,512,64,60,1,埚升速度,3,265,-0.4662236060877948,-0.5930350265477097,-0.32889605342239925,12,True,0:24;32:300,0.22966690716718346,False,0.4709101918305996,278,False
long,512,64,60,1,埚升速度,3,266,-0.46651653179198505,-0.593257061848736,-0.3281581338869736,12,True,0:24;32:300,0.22966690716718346,False,0.4709101918305996,278,False
long,512,64,60,1,埚升速度,3,267,-0.46695584822489944,-0.5935201981075883,-0.3262354023278591,12,True,0:24;32:300,0.22966690716718346,False,0.4709101918305996,278,False
long,512,64,60,1,埚升速度,3,268,-0.4676752474107303,-0.5945276560154721,-0.32605674065504336,12,True,0:24;32:300,0.22966690716718346,False,0.4709101918305996,278,False
long,512,64,60,1,埚升速度,3,269,-0.46794990185958385,-0.5936318176854,-0.32548840124097317,12,True,0:24;32:300,0.22966690716718346,False,0.4709101918305996,278,False
long,512,64,60,1,埚升速度,3,270,-0.46851875292700923,-0.5912824088041195,-0.3257395195085382,12,True,0:24;32:300,0.22966690716718346,False,0.4709101918305996,278,False
long,512,64,60,1,埚升速度,3,271,-0.46896103803951616,-0.5906338663232724,-0.326359544716385,12,True,0:24;32:300,0.22966690716718346,False,0.4709101918305996,278,False
long,512,64,60,1,埚升速度,3,272,-0.468724406541584,-0.5887159414197641,-0.3255768743252591,12,True,0:24;32:300,0.22966690716718346,False,0.4709101918305996,278,False
long,512,64,60,1,埚升速度,3,273,-0.4686078073697103,-0.5874089364894834,-0.32485682973050917,12,True,0:24;32:300,0.22966690716718346,False,0.4709101918305996,278,False
long,512,64,60,1,埚升速度,3,274,-0.4691345201682183,-0.5871623568129097,-0.3245768055784072,12,True,0:24;32:300,0.22966690716718346,False,0.4709101918305996,278,False
long,512,64,60,1,埚升速度,3,275,-0.469912627334926,-0.5868688699742454,-0.3253010102447109,12,True,0:24;32:300,0.22966690716718346,False,0.4709101918305996,278,False
long,512,64,60,1,埚升速度,3,276,-0.4702637581679474,-0.5868787009149008,-0.3268520859884545,12,True,0:24;32:300,0.22966690716718346,False,0.4709101918305996,278,False
long,512,64,60,1,埚升速度,3,277,-0.4705540147594177,-0.5848571397703932,-0.32642103738171,12,True,0:24;32:300,0.22966690716718346,False,0.4709101918305996,278,False
long,512,64,60,1,埚升速度,3,278,-0.4709101918305996,-0.5828265468397483,-0.3261198786120919,12,True,0:24;32:300,0.22966690716718346,True,0.4709101918305996,278,False
long,512,64,60,1,埚升速度,3,279,-0.47062815920928347,-0.5794670905732179,-0.32564120838977,12,True,0:24;32:300,0.22966690716718346,False,0.4709101918305996,278,False
long,512,64,60,1,埚升速度,3,280,-0.470054550833856,-0.5776346087725379,-0.32476428063549456,12,True,0:24;32:300,0.22966690716718346,False,0.4709101918305996,278,False
long,512,64,60,1,埚升速度,3,281,-0.46939536506423757,-0.5773726045294046,-0.3243340693818705,12,True,0:24;32:300,0.22966690716718346,False,0.4709101918305996,278,False
long,512,64,60,1,埚升速度,3,282,-0.46908958931380634,-0.5796894979777816,-0.3240953583512605,12,True,0:24;32:300,0.22966690716718346,False,0.4709101918305996,278,False
long,512,64,60,1,埚升速度,3,283,-0.4684052666498577,-0.5794817685590076,-0.32331086224091327,12,True,0:24;32:300,0.22966690716718346,False,0.4709101918305996,278,False
long,512,64,60,1,埚升速度,3,284,-0.46804150757236906,-0.5794683333102236,-0.3235523703564122,12,True,0:24;32:300,0.22966690716718346,False,0.4709101918305996,278,False
long,512,64,60,1,埚升速度,3,285,-0.4677294836781806,-0.5783845828102352,-0.3248208733684485,12,True,0:24;32:300,0.22966690716718346,False,0.4709101918305996,278,False
long,512,64,60,1,埚升速度,3,286,-0.4667287702076262,-0.5758470514099576,-0.3255667380595207,12,True,0:24;32:300,0.22966690716718346,False,0.4709101918305996,278,False
long,512,64,60,1,埚升速度,3,287,-0.4648318483196192,-0.5710713881119291,-0.3246247647525126,12,True,0:24;32:300,0.22966690716718346,False,0.4709101918305996,278,False
long,512,64,60,1,埚升速度,3,288,-0.46296190752034894,-0.566993689746254,-0.3229243480787614,12,True,0:24;32:300,0.22966690716718346,False,0.4709101918305996,278,False
long,512,64,60,1,埚升速度,3,289,-0.46030648281106534,-0.5629561584943819,-0.32012260597198533,12,True,0:24;32:300,0.22966690716718346,False,0.4709101918305996,278,False
long,512,64,60,1,埚升速度,3,290,-0.4577432935504991,-0.5599578991319529,-0.31515591303579343,12,True,0:24;32:300,0.22966690716718346,False,0.4709101918305996,278,False
long,512,64,60,1,埚升速度,3,291,-0.4555358754612626,-0.5572185126823989,-0.31309768579050906,12,True,0:24;32:300,0.22966690716718346,False,0.4709101918305996,278,False
long,512,64,60,1,埚升速度,3,292,-0.4544087815542524,-0.5581787314839807,-0.31300528853350523,12,True,0:24;32:300,0.22966690716718346,False,0.4709101918305996,278,False
long,512,64,60,1,埚升速度,3,293,-0.4530548295534475,-0.5591969358744618,-0.31252103596990033,12,True,0:24;32:300,0.22966690716718346,False,0.4709101918305996,278,False
long,512,64,60,1,埚升速度,3,294,-0.451608306795528,-0.5600606744571737,-0.31198391644699563,12,True,0:24;32:300,0.22966690716718346,False,0.4709101918305996,278,False
long,512,64,60,1,埚升速度,3,295,-0.45044785362293766,-0.5614785900969728,-0.3121968743059345,12,True,0:24;32:300,0.22966690716718346,False,0.4709101918305996,278,False
long,512,64,60,1,埚升速度,3,296,-0.4491173214518683,-0.5617006201744787,-0.311007878349931,12,True,0:24;32:300,0.22966690716718346,False,0.4709101918305996,278,False
long,512,64,60,1,埚升速度,3,297,-0.4478695483166612,-0.561446274472182,-0.31020194318849714,12,True,0:24;32:300,0.22966690716718346,False,0.4709101918305996,278,False
long,512,64,60,1,埚升速度,3,298,-0.4467944836714425,-0.5608310069171623,-0.3090767248574321,12,True,0:24;32:300,0.22966690716718346,False,0.4709101918305996,278,False
long,512,64,60,1,埚升速度,3,299,-0.44735955630484564,-0.564576004479264,-0.31141471071145266,12,True,0:24;32:300,0.22966690716718346,False,0.4709101918305996,278,False
long,512,64,60,1,埚升速度,3,300,-0.4481307903161251,-0.5691668500574881,-0.3134446570320871,12,True,0:24;32:300,0.22966690716718346,False,0.4709101918305996,278,False
long,512,64,60,1,埚转速度,4,0,-0.011483679551822966,-0.05203202840560225,0.034917559085539805,12,False,299:299,0.07385110068852715,False,0.03619809653663045,289,False
long,512,64,60,1,埚转速度,4,1,-0.009416907601405195,-0.05039943490087977,0.03875735390286021,12,False,299:299,0.07385110068852715,False,0.03619809653663045,289,False
long,512,64,60,1,埚转速度,4,2,-0.009234888395024019,-0.04040257117463218,0.03179821680139855,12,False,299:299,0.07385110068852715,False,0.03619809653663045,289,False
long,512,64,60,1,埚转速度,4,3,-0.00804702737822764,-0.036813094093256886,0.028833944325823674,12,False,299:299,0.07385110068852715,False,0.03619809653663045,289,False
long,512,64,60,1,埚转速度,4,4,-0.005412136272599918,-0.0437287583837686,0.031108625607848765,12,False,299:299,0.07385110068852715,False,0.03619809653663045,289,False
long,512,64,60,1,埚转速度,4,5,-0.008761397041276778,-0.047997136087428866,0.026865127847437373,12,False,299:299,0.07385110068852715,False,0.03619809653663045,289,False
long,512,64,60,1,埚转速度,4,6,-0.007489721060139372,-0.05165209645560581,0.02351360838563231,12,False,299:299,0.07385110068852715,False,0.03619809653663045,289,False
long,512,64,60,1,埚转速度,4,7,-0.008261536527048844,-0.04582682398983868,0.024772488459931137,12,False,299:299,0.07385110068852715,False,0.03619809653663045,289,False
long,512,64,60,1,埚转速度,4,8,-0.008921145797714301,-0.0497096049636974,0.027947459977483984,12,False,299:299,0.07385110068852715,False,0.03619809653663045,289,False
long,512,64,60,1,埚转速度,4,9,-0.01081762383354139,-0.05030626635758347,0.028052665720945454,12,False,299:299,0.07385110068852715,False,0.03619809653663045,289,False
long,512,64,60,1,埚转速度,4,10,-0.007004448898900922,-0.04356007630331918,0.026778207187041297,12,False,299:299,0.07385110068852715,False,0.03619809653663045,289,False
long,512,64,60,1,埚转速度,4,11,-0.013578300620860538,-0.051539720216436956,0.024785907371732852,12,False,299:299,0.07385110068852715,False,0.03619809653663045,289,False
long,512,64,60,1,埚转速度,4,12,-0.006528064903869355,-0.04349606351684935,0.03612776912862371,12,False,299:299,0.07385110068852715,False,0.03619809653663045,289,False
long,512,64,60,1,埚转速度,4,13,-0.009476979170846136,-0.04748171053711457,0.03449135238865098,12,False,299:299,0.07385110068852715,False,0.03619809653663045,289,False
long,512,64,60,1,埚转速度,4,14,-0.010789423454592417,-0.049540119537677986,0.027613136169742213,12,False,299:299,0.07385110068852715,False,0.03619809653663045,289,False
long,512,64,60,1,埚转速度,4,15,-0.01523019325496079,-0.04971652801675569,0.02309601631759873,12,False,299:299,0.07385110068852715,False,0.03619809653663045,289,False
long,512,64,60,1,埚转速度,4,16,-0.01566357470479564,-0.05069619730340863,0.020222746764831503,12,False,299:299,0.07385110068852715,False,0.03619809653663045,289,False
long,512,64,60,1,埚转速度,4,17,-0.012617077795277019,-0.049037735797137376,0.0184678926584254,12,False,299:299,0.07385110068852715,False,0.03619809653663045,289,False
long,512,64,60,1,埚转速度,4,18,-0.017988472103082735,-0.05597208962802499,0.01700257178935785,12,False,299:299,0.07385110068852715,False,0.03619809653663045,289,False
long,512,64,60,1,埚转速度,4,19,-0.019514556546978305,-0.056641498558060846,0.012689794073342153,12,False,299:299,0.07385110068852715,False,0.03619809653663045,289,False
long,512,64,60,1,埚转速度,4,20,-0.020603670411094767,-0.05898148797626358,0.02227311461641833,12,False,299:299,0.07385110068852715,False,0.03619809653663045,289,False
long,512,64,60,1,埚转速度,4,21,-0.02412526680542454,-0.06058025714516127,0.018844862165182583,12,False,299:299,0.07385110068852715,False,0.03619809653663045,289,False
long,512,64,60,1,埚转速度,4,22,-0.025542486285901476,-0.06896083286677443,0.018681198236744558,12,False,299:299,0.07385110068852715,False,0.03619809653663045,289,False
long,512,64,60,1,埚转速度,4,23,-0.02211109144114815,-0.07312392811659339,0.016736060563824016,12,False,299:299,0.07385110068852715,False,0.03619809653663045,289,False
long,512,64,60,1,埚转速度,4,24,-0.020878765507207287,-0.06627173786773369,0.02606763393546758,12,False,299:299,0.07385110068852715,False,0.03619809653663045,289,False
long,512,64,60,1,埚转速度,4,25,-0.01930012383017741,-0.06711312020055431,0.024704453528128,12,False,299:299,0.07385110068852715,False,0.03619809653663045,289,False
long,512,64,60,1,埚转速度,4,26,-0.01641936857978262,-0.06925725867338538,0.028056658546848346,12,False,299:299,0.07385110068852715,False,0.03619809653663045,289,False
long,512,64,60,1,埚转速度,4,27,-0.017003841098889666,-0.06983391895625468,0.020595309047469902,12,False,299:299,0.07385110068852715,False,0.03619809653663045,289,False
long,512,64,60,1,埚转速度,4,28,-0.02199523898245305,-0.07123501821284539,0.01556813917785242,12,False,299:299,0.07385110068852715,False,0.03619809653663045,289,False
long,512,64,60,1,埚转速度,4,29,-0.027327988346391177,-0.07330902862978106,0.015331351178319864,12,False,299:299,0.07385110068852715,False,0.03619809653663045,289,False
long,512,64,60,1,埚转速度,4,30,-0.026417079783570573,-0.0714971408025385,0.014378527689070334,12,False,299:299,0.07385110068852715,False,0.03619809653663045,289,False
long,512,64,60,1,埚转速度,4,31,-0.02608827401891891,-0.0716410697791422,0.016845945080497644,12,False,299:299,0.07385110068852715,False,0.03619809653663045,289,False
long,512,64,60,1,埚转速度,4,32,-0.0267579295543244,-0.06829129200058734,0.014419146147552128,12,False,299:299,0.07385110068852715,False,0.03619809653663045,289,False
long,512,64,60,1,埚转速度,4,33,-0.027748554657491015,-0.07266418127034624,0.014978989607700648,12,False,299:299,0.07385110068852715,False,0.03619809653663045,289,False
long,512,64,60,1,埚转速度,4,34,-0.02737828316710919,-0.06999975512840592,0.01313059051573112,12,False,299:299,0.07385110068852715,False,0.03619809653663045,289,False
long,512,64,60,1,埚转速度,4,35,-0.029116542587946777,-0.07617554757941267,0.009240149297853542,12,False,299:299,0.07385110068852715,False,0.03619809653663045,289,False
long,512,64,60,1,埚转速度,4,36,-0.032010687981325996,-0.07380046449837924,0.008693869524304818,12,False,299:299,0.07385110068852715,False,0.03619809653663045,289,False
long,512,64,60,1,埚转速度,4,37,-0.025142968197081263,-0.06660949924243281,0.01830580127909848,12,False,299:299,0.07385110068852715,False,0.03619809653663045,289,False
long,512,64,60,1,埚转速度,4,38,-0.024203150058875873,-0.061827411132584977,0.0069418615143209735,12,False,299:299,0.07385110068852715,False,0.03619809653663045,289,False
long,512,64,60,1,埚转速度,4,39,-0.026589608388033266,-0.0737641059736533,0.011012544301768309,12,False,299:299,0.07385110068852715,False,0.03619809653663045,289,False
long,512,64,60,1,埚转速度,4,40,-0.02098406282531634,-0.06310818781326907,0.02597991674583863,12,False,299:299,0.07385110068852715,False,0.03619809653663045,289,False
long,512,64,60,1,埚转速度,4,41,-0.02048423280371774,-0.06697742854097392,0.023953268885145616,12,False,299:299,0.07385110068852715,False,0.03619809653663045,289,False
long,512,64,60,1,埚转速度,4,42,-0.022615932192033887,-0.06888224825145368,0.023151075765118195,12,False,299:299,0.07385110068852715,False,0.03619809653663045,289,False
long,512,64,60,1,埚转速度,4,43,-0.029413150555949997,-0.07169316678498927,0.01335178369750124,12,False,299:299,0.07385110068852715,False,0.03619809653663045,289,False
long,512,64,60,1,埚转速度,4,44,-0.025226193757409778,-0.06935847292753536,0.017243976436652125,12,False,299:299,0.07385110068852715,False,0.03619809653663045,289,False
long,512,64,60,1,埚转速度,4,45,-0.023357957534462778,-0.06362277579621534,0.01635265453521125,12,False,299:299,0.07385110068852715,False,0.03619809653663045,289,False
long,512,64,60,1,埚转速度,4,46,-0.024533149393593072,-0.06806828302541816,0.007159358195903151,12,False,299:299,0.07385110068852715,False,0.03619809653663045,289,False
long,512,64,60,1,埚转速度,4,47,-0.024854406596195682,-0.06863572276041825,0.007987686337273455,12,False,299:299,0.07385110068852715,False,0.03619809653663045,289,False
long,512,64,60,1,埚转速度,4,48,-0.0235307824299483,-0.06428099923849923,0.014169814541034853,12,False,299:299,0.07385110068852715,False,0.03619809653663045,289,False
long,512,64,60,1,埚转速度,4,49,-0.020946856238062368,-0.05686174352719738,0.022693939102024253,12,False,299:299,0.07385110068852715,False,0.03619809653663045,289,False
long,512,64,60,1,埚转速度,4,50,-0.018863343187140214,-0.06262764289293296,0.01596340775666024,12,False,299:299,0.07385110068852715,False,0.03619809653663045,289,False
long,512,64,60,1,埚转速度,4,51,-0.016467102035475013,-0.05932272145217976,0.016771320711390737,12,False,299:299,0.07385110068852715,False,0.03619809653663045,289,False
long,512,64,60,1,埚转速度,4,52,-0.018551026877421467,-0.06042497834272105,0.017315152559679928,12,False,299:299,0.07385110068852715,False,0.03619809653663045,289,False
long,512,64,60,1,埚转速度,4,53,-0.019185921105408815,-0.06168559977183261,0.012803580011732624,12,False,299:299,0.07385110068852715,False,0.03619809653663045,289,False
long,512,64,60,1,埚转速度,4,54,-0.018762176721445825,-0.05994322424895648,0.022460833864892827,12,False,299:299,0.07385110068852715,False,0.03619809653663045,289,False
long,512,64,60,1,埚转速度,4,55,-0.017795706100027182,-0.04859520720296095,0.01915139484758179,12,False,299:299,0.07385110068852715,False,0.03619809653663045,289,False
long,512,64,60,1,埚转速度,4,56,-0.020303091008461546,-0.05209588733468785,0.011204167661512268,12,False,299:299,0.07385110068852715,False,0.03619809653663045,289,False
long,512,64,60,1,埚转速度,4,57,-0.02803392998500452,-0.05849767985927691,0.009171999505205518,12,False,299:299,0.07385110068852715,False,0.03619809653663045,289,False
long,512,64,60,1,埚转速度,4,58,-0.021975444635473934,-0.05400144738620806,0.010777576231325307,12,False,299:299,0.07385110068852715,False,0.03619809653663045,289,False
long,512,64,60,1,埚转速度,4,59,-0.024931839743955585,-0.05642302921056823,0.016288018816516463,12,False,299:299,0.07385110068852715,False,0.03619809653663045,289,False
long,512,64,60,1,埚转速度,4,60,-0.025453102857462603,-0.055695066289866105,0.017611569054053856,12,False,299:299,0.07385110068852715,False,0.03619809653663045,289,False
long,512,64,60,1,埚转速度,4,61,-0.026366728434280173,-0.05466022432251584,0.010228276222024227,12,False,299:299,0.07385110068852715,False,0.03619809653663045,289,False
long,512,64,60,1,埚转速度,4,62,-0.024714639187190014,-0.05149336840545572,0.009614567715934804,12,False,299:299,0.07385110068852715,False,0.03619809653663045,289,False
long,512,64,60,1,埚转速度,4,63,-0.01961593058740172,-0.05874661184653005,0.018870623560704347,12,False,299:299,0.07385110068852715,False,0.03619809653663045,289,False
long,512,64,60,1,埚转速度,4,64,-0.020747159028035634,-0.05779920850630794,0.0204368767526725,12,False,299:299,0.07385110068852715,False,0.03619809653663045,289,False
long,512,64,60,1,埚转速度,4,65,-0.0170170091249791,-0.048727099029265,0.01968059339193815,12,False,299:299,0.07385110068852715,False,0.03619809653663045,289,False
long,512,64,60,1,埚转速度,4,66,-0.019224357936635295,-0.05631859198872277,0.02044869587282544,12,False,299:299,0.07385110068852715,False,0.03619809653663045,289,False
long,512,64,60,1,埚转速度,4,67,-0.028473357520919593,-0.06392929397308546,0.006502914127766062,12,False,299:299,0.07385110068852715,False,0.03619809653663045,289,False
long,512,64,60,1,埚转速度,4,68,-0.0246370186718075,-0.06879980860831368,0.017494392379645944,12,False,299:299,0.07385110068852715,False,0.03619809653663045,289,False
long,512,64,60,1,埚转速度,4,69,-0.020149373784965306,-0.07199342456898533,0.024832688401903672,12,False,299:299,0.07385110068852715,False,0.03619809653663045,289,False
long,512,64,60,1,埚转速度,4,70,-0.021969270858360854,-0.06495728860021743,0.01737215591677646,12,False,299:299,0.07385110068852715,False,0.03619809653663045,289,False
long,512,64,60,1,埚转速度,4,71,-0.02430348862515089,-0.07068093746205638,0.02060104354611405,12,False,299:299,0.07385110068852715,False,0.03619809653663045,289,False
long,512,64,60,1,埚转速度,4,72,-0.02381975044339192,-0.06596807817695195,0.018795701092134603,12,False,299:299,0.07385110068852715,False,0.03619809653663045,289,False
long,512,64,60,1,埚转速度,4,73,-0.02239107673410829,-0.061327711953288774,0.024807686899477228,12,False,299:299,0.07385110068852715,False,0.03619809653663045,289,False
long,512,64,60,1,埚转速度,4,74,-0.023128139366905068,-0.06155869712721548,0.019788487003428026,12,False,299:299,0.07385110068852715,False,0.03619809653663045,289,False
long,512,64,60,1,埚转速度,4,75,-0.02305383787921036,-0.06336304004269903,0.012451337163579811,12,False,299:299,0.07385110068852715,False,0.03619809653663045,289,False
long,512,64,60,1,埚转速度,4,76,-0.015713485553836577,-0.058204473232279674,0.02301786108990849,12,False,299:299,0.07385110068852715,False,0.03619809653663045,289,False
long,512,64,60,1,埚转速度,4,77,-0.01923297761970681,-0.06374200084688697,0.01633155833536683,12,False,299:299,0.07385110068852715,False,0.03619809653663045,289,False
long,512,64,60,1,埚转速度,4,78,-0.015665912791047853,-0.060832814855764396,0.01849771381854544,12,False,299:299,0.07385110068852715,False,0.03619809653663045,289,False
long,512,64,60,1,埚转速度,4,79,-0.012578689372183248,-0.054918550134257615,0.024408891723424076,12,False,299:299,0.07385110068852715,False,0.03619809653663045,289,False
long,512,64,60,1,埚转速度,4,80,-0.011058275789161973,-0.04600067652053096,0.02607129227317029,12,False,299:299,0.07385110068852715,False,0.03619809653663045,289,False
long,512,64,60,1,埚转速度,4,81,-0.013549370287925262,-0.05272313988595015,0.020547446243655516,12,False,299:299,0.07385110068852715,False,0.03619809653663045,289,False
long,512,64,60,1,埚转速度,4,82,-0.012412560499461671,-0.051839045116002236,0.023320274497440556,12,False,299:299,0.07385110068852715,False,0.03619809653663045,289,False
long,512,64,60,1,埚转速度,4,83,-0.00866791732978772,-0.047048300599850566,0.03607711501223378,12,False,299:299,0.07385110068852715,False,0.03619809653663045,289,False
long,512,64,60,1,埚转速度,4,84,-0.013273577068730226,-0.05755849934842527,0.02571736913103868,12,False,299:299,0.07385110068852715,False,0.03619809653663045,289,False
long,512,64,60,1,埚转速度,4,85,-0.015016644796052242,-0.057799814708354,0.026153292650222718,12,False,299:299,0.07385110068852715,False,0.03619809653663045,289,False
long,512,64,60,1,埚转速度,4,86,-0.012958774802945819,-0.05899628688731156,0.02801125923896827,12,False,299:299,0.07385110068852715,False,0.03619809653663045,289,False
long,512,64,60,1,埚转速度,4,87,-0.010306768076588868,-0.05006347815480627,0.024426411595477964,12,False,299:299,0.07385110068852715,False,0.03619809653663045,289,False
long,512,64,60,1,埚转速度,4,88,-0.007830329099758759,-0.04337797420741873,0.036653397974744706,12,False,299:299,0.07385110068852715,False,0.03619809653663045,289,False
long,512,64,60,1,埚转速度,4,89,-0.005965980697915055,-0.04275818154721063,0.03942030947538877,12,False,299:299,0.07385110068852715,False,0.03619809653663045,289,False
long,512,64,60,1,埚转速度,4,90,-0.002653503360255997,-0.042834175552882055,0.036383600063506764,12,False,299:299,0.07385110068852715,False,0.03619809653663045,289,False
long,512,64,60,1,埚转速度,4,91,-0.008666907444299536,-0.05082440721741961,0.0301561941846564,12,False,299:299,0.07385110068852715,False,0.03619809653663045,289,False
long,512,64,60,1,埚转速度,4,92,-0.016012933204918346,-0.06081428561735758,0.01796653028967652,12,False,299:299,0.07385110068852715,False,0.03619809653663045,289,False
long,512,64,60,1,埚转速度,4,93,-0.01752837071466678,-0.06322403947967191,0.012978443619430244,12,False,299:299,0.07385110068852715,False,0.03619809653663045,289,False
long,512,64,60,1,埚转速度,4,94,-0.01755368788147779,-0.059917722257651206,0.009726404947763837,12,False,299:299,0.07385110068852715,False,0.03619809653663045,289,False
long,512,64,60,1,埚转速度,4,95,-0.01882213082584272,-0.06553673014750822,0.014483669774789876,12,False,299:299,0.07385110068852715,False,0.03619809653663045,289,False
long,512,64,60,1,埚转速度,4,96,-0.016058689675983305,-0.06543833980667647,0.02095667494734988,12,False,299:299,0.07385110068852715,False,0.03619809653663045,289,False
long,512,64,60,1,埚转速度,4,97,-0.01591501313888349,-0.06708461314057894,0.016071250738755625,12,False,299:299,0.07385110068852715,False,0.03619809653663045,289,False
long,512,64,60,1,埚转速度,4,98,-0.01808357255385644,-0.0637228845732404,0.014705930530473874,12,False,299:299,0.07385110068852715,False,0.03619809653663045,289,False
long,512,64,60,1,埚转速度,4,99,-0.017702681080553603,-0.06333976820022862,0.022766572385557793,12,False,299:299,0.07385110068852715,False,0.03619809653663045,289,False
long,512,64,60,1,埚转速度,4,100,-0.015054551153440978,-0.06319826615293649,0.02717007555342929,12,False,299:299,0.07385110068852715,False,0.03619809653663045,289,False
long,512,64,60,1,埚转速度,4,101,-0.014302264123634846,-0.06187469511836097,0.028949236735330897,12,False,299:299,0.07385110068852715,False,0.03619809653663045,289,False
long,512,64,60,1,埚转速度,4,102,-0.016573802332484438,-0.06759167312851813,0.022165964626566344,12,False,299:299,0.07385110068852715,False,0.03619809653663045,289,False
long,512,64,60,1,埚转速度,4,103,-0.017866920348300553,-0.0651608918246671,0.022741311231008022,12,False,299:299,0.07385110068852715,False,0.03619809653663045,289,False
long,512,64,60,1,埚转速度,4,104,-0.014455405850161106,-0.06570253846628712,0.02742562611335237,12,False,299:299,0.07385110068852715,False,0.03619809653663045,289,False
long,512,64,60,1,埚转速度,4,105,-0.019241688667618863,-0.06980016459568178,0.016060006603117027,12,False,299:299,0.07385110068852715,False,0.03619809653663045,289,False
long,512,64,60,1,埚转速度,4,106,-0.0213938613195118,-0.06368149946227937,0.012592243508058697,12,False,299:299,0.07385110068852715,False,0.03619809653663045,289,False
long,512,64,60,1,埚转速度,4,107,-0.0189215904473802,-0.064979998325359,0.013619540969310277,12,False,299:299,0.07385110068852715,False,0.03619809653663045,289,False
long,512,64,60,1,埚转速度,4,108,-0.01804809743222308,-0.06308442410522232,0.018780091830062563,12,False,299:299,0.07385110068852715,False,0.03619809653663045,289,False
long,512,64,60,1,埚转速度,4,109,-0.01476272480198631,-0.06259893402044464,0.026387821396242184,12,False,299:299,0.07385110068852715,False,0.03619809653663045,289,False
long,512,64,60,1,埚转速度,4,110,-0.017222985816466817,-0.0609520800331884,0.021809407336853152,12,False,299:299,0.07385110068852715,False,0.03619809653663045,289,False
long,512,64,60,1,埚转速度,4,111,-0.01723600972641557,-0.059480577799920185,0.016581893428287878,12,False,299:299,0.07385110068852715,False,0.03619809653663045,289,False
long,512,64,60,1,埚转速度,4,112,-0.014228020464023652,-0.056024974838189606,0.021788849661066728,12,False,299:299,0.07385110068852715,False,0.03619809653663045,289,False
long,512,64,60,1,埚转速度,4,113,-0.020105580028246386,-0.06814664125240456,0.018240874100020336,12,False,299:299,0.07385110068852715,False,0.03619809653663045,289,False
long,512,64,60,1,埚转速度,4,114,-0.00854456430963674,-0.05200649396915577,0.035394417297267715,12,False,299:299,0.07385110068852715,False,0.03619809653663045,289,False
long,512,64,60,1,埚转速度,4,115,-0.011188898643440442,-0.050937531762755915,0.027281307975452477,12,False,299:299,0.07385110068852715,False,0.03619809653663045,289,False
long,512,64,60,1,埚转速度,4,116,-0.013265489399694599,-0.05363073690538785,0.02530153812207974,12,False,299:299,0.07385110068852715,False,0.03619809653663045,289,False
long,512,64,60,1,埚转速度,4,117,-0.012300787102342937,-0.058556991351297376,0.030647965350591774,12,False,299:299,0.07385110068852715,False,0.03619809653663045,289,False
long,512,64,60,1,埚转速度,4,118,-0.013106720103526275,-0.05523699845852015,0.03167661003299087,12,False,299:299,0.07385110068852715,False,0.03619809653663045,289,False
long,512,64,60,1,埚转速度,4,119,-0.017794691387370703,-0.05454312290575814,0.02566506109589191,12,False,299:299,0.07385110068852715,False,0.03619809653663045,289,False
long,512,64,60,1,埚转速度,4,120,-0.018404962907329563,-0.05964648200128524,0.0197228502039166,12,False,299:299,0.07385110068852715,False,0.03619809653663045,289,False
long,512,64,60,1,埚转速度,4,121,-0.011864547161620763,-0.05997204133111558,0.028699714713607764,12,False,299:299,0.07385110068852715,False,0.03619809653663045,289,False
long,512,64,60,1,埚转速度,4,122,-0.008175688967511825,-0.054543455018301316,0.03901989001302957,12,False,299:299,0.07385110068852715,False,0.03619809653663045,289,False
long,512,64,60,1,埚转速度,4,123,-0.011092628682738973,-0.04676398242276489,0.024172838374925103,12,False,299:299,0.07385110068852715,False,0.03619809653663045,289,False
long,512,64,60,1,埚转速度,4,124,-0.005193725530218057,-0.04129637663519796,0.031952276716964226,12,False,299:299,0.07385110068852715,False,0.03619809653663045,289,False
long,512,64,60,1,埚转速度,4,125,-0.0056445973054177895,-0.04235469748375218,0.030214492547723622,12,False,299:299,0.07385110068852715,False,0.03619809653663045,289,False
long,512,64,60,1,埚转速度,4,126,-0.00588255596757247,-0.04599673546371823,0.031221062397497088,12,False,299:299,0.07385110068852715,False,0.03619809653663045,289,False
long,512,64,60,1,埚转速度,4,127,-0.00825352768436778,-0.04515237810996406,0.03193288881336481,12,False,299:299,0.07385110068852715,False,0.03619809653663045,289,False
long,512,64,60,1,埚转速度,4,128,-0.009899027460999146,-0.04150390858345196,0.0280220521077679,12,False,299:299,0.07385110068852715,False,0.03619809653663045,289,False
long,512,64,60,1,埚转速度,4,129,-0.013169608812205068,-0.049494252460951474,0.02462656798973441,12,False,299:299,0.07385110068852715,False,0.03619809653663045,289,False
long,512,64,60,1,埚转速度,4,130,-0.015099908120230038,-0.04999300037138486,0.02517094866842204,12,False,299:299,0.07385110068852715,False,0.03619809653663045,289,False
long,512,64,60,1,埚转速度,4,131,-0.013381733578620878,-0.04439709770364733,0.023443091259409996,12,False,299:299,0.07385110068852715,False,0.03619809653663045,289,False
long,512,64,60,1,埚转速度,4,132,-0.010171239319433673,-0.04624110514834433,0.03254312637746484,12,False,299:299,0.07385110068852715,False,0.03619809653663045,289,False
long,512,64,60,1,埚转速度,4,133,-0.009684016038572652,-0.04667131440938605,0.03260075322333759,12,False,299:299,0.07385110068852715,False,0.03619809653663045,289,False
long,512,64,60,1,埚转速度,4,134,-0.011096360982401462,-0.04793298359059419,0.03003610105017374,12,False,299:299,0.07385110068852715,False,0.03619809653663045,289,False
long,512,64,60,1,埚转速度,4,135,-0.006685312154229335,-0.04038310719704347,0.03198566327791794,12,False,299:299,0.07385110068852715,False,0.03619809653663045,289,False
long,512,64,60,1,埚转速度,4,136,-0.0106256096126637,-0.04343743699204503,0.02396223419446354,12,False,299:299,0.07385110068852715,False,0.03619809653663045,289,False
long,512,64,60,1,埚转速度,4,137,-0.012452888004290485,-0.04741844059291772,0.019467070375328587,12,False,299:299,0.07385110068852715,False,0.03619809653663045,289,False
long,512,64,60,1,埚转速度,4,138,-0.016690750223363443,-0.05946526140720146,0.013186860429814928,12,False,299:299,0.07385110068852715,False,0.03619809653663045,289,False
long,512,64,60,1,埚转速度,4,139,-0.013205182940934264,-0.053989113452044046,0.02894430566430195,12,False,299:299,0.07385110068852715,False,0.03619809653663045,289,False
long,512,64,60,1,埚转速度,4,140,-0.01199524460993344,-0.052785419589971405,0.02948270087204805,12,False,299:299,0.07385110068852715,False,0.03619809653663045,289,False
long,512,64,60,1,埚转速度,4,141,-0.011481358271834203,-0.05161654189304493,0.028705671596199682,12,False,299:299,0.07385110068852715,False,0.03619809653663045,289,False
long,512,64,60,1,埚转速度,4,142,-0.008937981338314926,-0.05215770655276028,0.02955139045492629,12,False,299:299,0.07385110068852715,False,0.03619809653663045,289,False
long,512,64,60,1,埚转速度,4,143,-0.011162740441034382,-0.05384914163365359,0.02941278339878133,12,False,299:299,0.07385110068852715,False,0.03619809653663045,289,False
long,512,64,60,1,埚转速度,4,144,-0.011823421405359358,-0.05512296874197056,0.03047652095399687,12,False,299:299,0.07385110068852715,False,0.03619809653663045,289,False
long,512,64,60,1,埚转速度,4,145,-0.00928394492709029,-0.04766984527142156,0.03349504051725494,12,False,299:299,0.07385110068852715,False,0.03619809653663045,289,False
long,512,64,60,1,埚转速度,4,146,-0.010742977012178162,-0.05565402312923885,0.025885741470873587,12,False,299:299,0.07385110068852715,False,0.03619809653663045,289,False
long,512,64,60,1,埚转速度,4,147,-0.011133227956657827,-0.0505008530912683,0.025521328463197032,12,False,299:299,0.07385110068852715,False,0.03619809653663045,289,False
long,512,64,60,1,埚转速度,4,148,-0.012005347772767365,-0.05646786883311408,0.028014574257166115,12,False,299:299,0.07385110068852715,False,0.03619809653663045,289,False
long,512,64,60,1,埚转速度,4,149,-0.004601682925050118,-0.05407759599634323,0.038217914786961134,12,False,299:299,0.07385110068852715,False,0.03619809653663045,289,False
long,512,64,60,1,埚转速度,4,150,-0.0044795489595329824,-0.05795720211205419,0.04070303872173736,12,False,299:299,0.07385110068852715,False,0.03619809653663045,289,False
long,512,64,60,1,埚转速度,4,151,-0.006503957110761034,-0.0474533490917757,0.038362552189062066,12,False,299:299,0.07385110068852715,False,0.03619809653663045,289,False
long,512,64,60,1,埚转速度,4,152,-0.006280291217511806,-0.04469896161774572,0.03297495622026631,12,False,299:299,0.07385110068852715,False,0.03619809653663045,289,False
long,512,64,60,1,埚转速度,4,153,-0.005992535679549791,-0.0451415106969058,0.03388977348487682,12,False,299:299,0.07385110068852715,False,0.03619809653663045,289,False
long,512,64,60,1,埚转速度,4,154,-0.00916447232659778,-0.04953253437231087,0.03676722329303565,12,False,299:299,0.07385110068852715,False,0.03619809653663045,289,False
long,512,64,60,1,埚转速度,4,155,-0.007200102924780749,-0.04641845167877811,0.037884534402680206,12,False,299:299,0.07385110068852715,False,0.03619809653663045,289,False
long,512,64,60,1,埚转速度,4,156,-0.0029407936578640078,-0.03781960980493061,0.041048781569230273,12,False,299:299,0.07385110068852715,False,0.03619809653663045,289,False
long,512,64,60,1,埚转速度,4,157,-0.0006274403633674769,-0.032645715466619984,0.04266770344377586,12,False,299:299,0.07385110068852715,False,0.03619809653663045,289,False
long,512,64,60,1,埚转速度,4,158,0.0019892195344787134,-0.04044082244906975,0.045903635797646905,12,False,299:299,0.07385110068852715,False,0.03619809653663045,289,False
long,512,64,60,1,埚转速度,4,159,0.0050225865867523575,-0.04573136683496278,0.04821712634671102,12,False,299:299,0.07385110068852715,False,0.03619809653663045,289,False
long,512,64,60,1,埚转速度,4,160,0.00917610085561676,-0.035629241878263836,0.05055656548182703,12,False,299:299,0.07385110068852715,False,0.03619809653663045,289,False
long,512,64,60,1,埚转速度,4,161,0.00675788957107223,-0.02795515026816414,0.04741517713011233,12,False,299:299,0.07385110068852715,False,0.03619809653663045,289,False
long,512,64,60,1,埚转速度,4,162,0.004171472830391417,-0.03308153787054407,0.04790431237169686,12,False,299:299,0.07385110068852715,False,0.03619809653663045,289,False
long,512,64,60,1,埚转速度,4,163,0.005227278109825594,-0.03669810579780876,0.04763704104623658,12,False,299:299,0.07385110068852715,False,0.03619809653663045,289,False
long,512,64,60,1,埚转速度,4,164,0.002952244350538108,-0.041357974691953875,0.049508291215961626,12,False,299:299,0.07385110068852715,False,0.03619809653663045,289,False
long,512,64,60,1,埚转速度,4,165,0.00225818602602642,-0.03934509990109928,0.04649019707139929,12,False,299:299,0.07385110068852715,False,0.03619809653663045,289,False
long,512,64,60,1,埚转速度,4,166,0.002503329671231105,-0.0345982629904568,0.05072975838844781,12,False,299:299,0.07385110068852715,False,0.03619809653663045,289,False
long,512,64,60,1,埚转速度,4,167,0.0068139587802853755,-0.031431269345061165,0.05626104556454115,12,False,299:299,0.07385110068852715,False,0.03619809653663045,289,False
long,512,64,60,1,埚转速度,4,168,0.010583870380078143,-0.025670271353497483,0.05757013839003658,12,False,299:299,0.07385110068852715,False,0.03619809653663045,289,False
long,512,64,60,1,埚转速度,4,169,0.010106327327121932,-0.02832054760293901,0.053826036822435266,12,False,299:299,0.07385110068852715,False,0.03619809653663045,289,False
long,512,64,60,1,埚转速度,4,170,0.009508939679448465,-0.02561924388615543,0.05182580236959547,12,False,299:299,0.07385110068852715,False,0.03619809653663045,289,False
long,512,64,60,1,埚转速度,4,171,0.006971832412459753,-0.02775464636608707,0.05095510538713014,12,False,299:299,0.07385110068852715,False,0.03619809653663045,289,False
long,512,64,60,1,埚转速度,4,172,-0.00071822824036778,-0.040253322676300884,0.036765884145533376,12,False,299:299,0.07385110068852715,False,0.03619809653663045,289,False
long,512,64,60,1,埚转速度,4,173,0.0014193483929029202,-0.03688159896557889,0.03850230688576944,12,False,299:299,0.07385110068852715,False,0.03619809653663045,289,False
long,512,64,60,1,埚转速度,4,174,0.002150015259156222,-0.032955720795398366,0.0433094917554696,12,False,299:299,0.07385110068852715,False,0.03619809653663045,289,False
long,512,64,60,1,埚转速度,4,175,0.006492055754276651,-0.03352564092000799,0.05427408035434869,12,False,299:299,0.07385110068852715,False,0.03619809653663045,289,False
long,512,64,60,1,埚转速度,4,176,0.00703717130493871,-0.031241286513320594,0.0469312268059382,12,False,299:299,0.07385110068852715,False,0.03619809653663045,289,False
long,512,64,60,1,埚转速度,4,177,0.011473192814805184,-0.02612994281566571,0.056346853439811447,12,False,299:299,0.07385110068852715,False,0.03619809653663045,289,False
long,512,64,60,1,埚转速度,4,178,0.011920236862301599,-0.025375423584392053,0.05718172629688422,12,False,299:299,0.07385110068852715,False,0.03619809653663045,289,False
long,512,64,60,1,埚转速度,4,179,0.007655051672838294,-0.027286219206126713,0.04989388640831199,12,False,299:299,0.07385110068852715,False,0.03619809653663045,289,False
long,512,64,60,1,埚转速度,4,180,0.008433031037683301,-0.020956764394767197,0.047643033244365356,12,False,299:299,0.07385110068852715,False,0.03619809653663045,289,False
long,512,64,60,1,埚转速度,4,181,0.00628363399686348,-0.026552489812053777,0.04099035790725905,12,False,299:299,0.07385110068852715,False,0.03619809653663045,289,False
long,512,64,60,1,埚转速度,4,182,0.003213870285341642,-0.03261627177545798,0.040391266470679456,12,False,299:299,0.07385110068852715,False,0.03619809653663045,289,False
long,512,64,60,1,埚转速度,4,183,-0.0018265179335662234,-0.04127135252955455,0.03427112465794369,12,False,299:299,0.07385110068852715,False,0.03619809653663045,289,False
long,512,64,60,1,埚转速度,4,184,-0.0003390853081965705,-0.04128539623443261,0.04551010110835656,12,False,299:299,0.07385110068852715,False,0.03619809653663045,289,False
long,512,64,60,1,埚转速度,4,185,0.002908790786755443,-0.03013541096773031,0.0327948682240081,12,False,299:299,0.07385110068852715,False,0.03619809653663045,289,False
long,512,64,60,1,埚转速度,4,186,0.0003753978560188003,-0.035927699938198186,0.0379194189515436,12,False,299:299,0.07385110068852715,False,0.03619809653663045,289,False
long,512,64,60,1,埚转速度,4,187,0.003950017317184938,-0.0346429518713753,0.03513987522575317,12,False,299:299,0.07385110068852715,False,0.03619809653663045,289,False
long,512,64,60,1,埚转速度,4,188,0.00812406845594832,-0.028005478956008346,0.03861617133406413,12,False,299:299,0.07385110068852715,False,0.03619809653663045,289,False
long,512,64,60,1,埚转速度,4,189,0.007316393706716441,-0.03051921365561882,0.04208547039425903,12,False,299:299,0.07385110068852715,False,0.03619809653663045,289,False
long,512,64,60,1,埚转速度,4,190,0.00011522055470350223,-0.03391681780670256,0.030441656411877762,12,False,299:299,0.07385110068852715,False,0.03619809653663045,289,False
long,512,64,60,1,埚转速度,4,191,0.001976993018561128,-0.030408351493438783,0.03566827538611603,12,False,299:299,0.07385110068852715,False,0.03619809653663045,289,False
long,512,64,60,1,埚转速度,4,192,0.0017026625636344637,-0.04660853905305894,0.03676055116057124,12,False,299:299,0.07385110068852715,False,0.03619809653663045,289,False
long,512,64,60,1,埚转速度,4,193,0.0014672048793758403,-0.0453481094695484,0.03972664918562014,12,False,299:299,0.07385110068852715,False,0.03619809653663045,289,False
long,512,64,60,1,埚转速度,4,194,0.004620173037342523,-0.03135790378285737,0.04030295368691777,12,False,299:299,0.07385110068852715,False,0.03619809653663045,289,False
long,512,64,60,1,埚转速度,4,195,0.00627104524692991,-0.03135271063155078,0.03823435626561813,12,False,299:299,0.07385110068852715,False,0.03619809653663045,289,False
long,512,64,60,1,埚转速度,4,196,0.008221253047813942,-0.03503567983896124,0.05134657932669739,12,False,299:299,0.07385110068852715,False,0.03619809653663045,289,False
long,512,64,60,1,埚转速度,4,197,0.004858546904966304,-0.03517897396072192,0.04673362884334014,12,False,299:299,0.07385110068852715,False,0.03619809653663045,289,False
long,512,64,60,1,埚转速度,4,198,0.005004187547883671,-0.03198134287391562,0.04303088951286064,12,False,299:299,0.07385110068852715,False,0.03619809653663045,289,False
long,512,64,60,1,埚转速度,4,199,0.002963232462515098,-0.03976325489140637,0.042209150038258814,12,False,299:299,0.07385110068852715,False,0.03619809653663045,289,False
long,512,64,60,1,埚转速度,4,200,-0.002526850428763605,-0.05051205210911732,0.04041784004605648,12,False,299:299,0.07385110068852715,False,0.03619809653663045,289,False
long,512,64,60,1,埚转速度,4,201,0.0014850648426508275,-0.045944895563996,0.041146558036797454,12,False,299:299,0.07385110068852715,False,0.03619809653663045,289,False
long,512,64,60,1,埚转速度,4,202,0.0009069813938870799,-0.04375584663915679,0.03591543672475717,12,False,299:299,0.07385110068852715,False,0.03619809653663045,289,False
long,512,64,60,1,埚转速度,4,203,0.001897227165428345,-0.03819690719847962,0.035435178808931135,12,False,299:299,0.07385110068852715,False,0.03619809653663045,289,False
long,512,64,60,1,埚转速度,4,204,0.0008947348748747486,-0.03348321067669606,0.03479421077523357,12,False,299:299,0.07385110068852715,False,0.03619809653663045,289,False
long,512,64,60,1,埚转速度,4,205,0.0029704984161262817,-0.037533049861425485,0.03782595807033822,12,False,299:299,0.07385110068852715,False,0.03619809653663045,289,False
long,512,64,60,1,埚转速度,4,206,0.003636970686230651,-0.03336713475558081,0.032733370024535975,12,False,299:299,0.07385110068852715,False,0.03619809653663045,289,False
long,512,64,60,1,埚转速度,4,207,0.000138917385580269,-0.03820386412354119,0.033737341977104846,12,False,299:299,0.07385110068852715,False,0.03619809653663045,289,False
long,512,64,60,1,埚转速度,4,208,-0.0006791708015566191,-0.04210734660652679,0.039765077540364055,12,False,299:299,0.07385110068852715,False,0.03619809653663045,289,False
long,512,64,60,1,埚转速度,4,209,-0.0012345979192994144,-0.04217094385790653,0.03490964455695327,12,False,299:299,0.07385110068852715,False,0.03619809653663045,289,False
long,512,64,60,1,埚转速度,4,210,-0.0006752235388723478,-0.03490976939285566,0.04245284389911051,12,False,299:299,0.07385110068852715,False,0.03619809653663045,289,False
long,512,64,60,1,埚转速度,4,211,-8.286335796168973e-05,-0.03450922874769454,0.04750847915838635,12,False,299:299,0.07385110068852715,False,0.03619809653663045,289,False
long,512,64,60,1,埚转速度,4,212,0.004265651941095737,-0.025146090634223933,0.04504112087093762,12,False,299:299,0.07385110068852715,False,0.03619809653663045,289,False
long,512,64,60,1,埚转速度,4,213,0.008553334411820865,-0.024762602397446584,0.047305703540404725,12,False,299:299,0.07385110068852715,False,0.03619809653663045,289,False
long,512,64,60,1,埚转速度,4,214,0.010881429240248748,-0.03606748833348829,0.0538626813316562,12,False,299:299,0.07385110068852715,False,0.03619809653663045,289,False
long,512,64,60,1,埚转速度,4,215,0.009818688588115557,-0.026500298839643156,0.05481783462281928,12,False,299:299,0.07385110068852715,False,0.03619809653663045,289,False
long,512,64,60,1,埚转速度,4,216,0.012587273577774115,-0.023609993400061396,0.056591878587929134,12,False,299:299,0.07385110068852715,False,0.03619809653663045,289,False
long,512,64,60,1,埚转速度,4,217,0.010529497062703183,-0.028003435790572816,0.06343353769219412,12,False,299:299,0.07385110068852715,False,0.03619809653663045,289,False
long,512,64,60,1,埚转速度,4,218,0.007689061618782395,-0.02884821321975723,0.05676838427202799,12,False,299:299,0.07385110068852715,False,0.03619809653663045,289,False
long,512,64,60,1,埚转速度,4,219,0.013559805061333372,-0.03437092192272658,0.06351695939128603,12,False,299:299,0.07385110068852715,False,0.03619809653663045,289,False
long,512,64,60,1,埚转速度,4,220,0.012081830822927332,-0.029335614577743745,0.06336560488214661,12,False,299:299,0.07385110068852715,False,0.03619809653663045,289,False
long,512,64,60,1,埚转速度,4,221,0.012578006629047674,-0.02689048732335545,0.06841773363507192,12,False,299:299,0.07385110068852715,False,0.03619809653663045,289,False
long,512,64,60,1,埚转速度,4,222,0.014124571109996206,-0.02522199477056054,0.06138798643151346,12,False,299:299,0.07385110068852715,False,0.03619809653663045,289,False
long,512,64,60,1,埚转速度,4,223,0.016979813754652247,-0.03859421521219242,0.06569378571594063,12,False,299:299,0.07385110068852715,False,0.03619809653663045,289,False
long,512,64,60,1,埚转速度,4,224,0.01726200282407524,-0.03231542609867037,0.06460825428644458,12,False,299:299,0.07385110068852715,False,0.03619809653663045,289,False
long,512,64,60,1,埚转速度,4,225,0.015861101540076382,-0.024053082698938254,0.059348072798468134,12,False,299:299,0.07385110068852715,False,0.03619809653663045,289,False
long,512,64,60,1,埚转速度,4,226,0.014866352214499992,-0.02098793170504461,0.0589708836379842,12,False,299:299,0.07385110068852715,False,0.03619809653663045,289,False
long,512,64,60,1,埚转速度,4,227,0.012277397364440636,-0.02738215844441226,0.06031465270985934,12,False,299:299,0.07385110068852715,False,0.03619809653663045,289,False
long,512,64,60,1,埚转速度,4,228,0.006008452824100993,-0.036413752436996245,0.04965525034433367,12,False,299:299,0.07385110068852715,False,0.03619809653663045,289,False
long,512,64,60,1,埚转速度,4,229,0.006015725569073347,-0.03030848765161635,0.055839048590091034,12,False,299:299,0.07385110068852715,False,0.03619809653663045,289,False
long,512,64,60,1,埚转速度,4,230,0.008996126928906866,-0.02698051000398254,0.051681155834525275,12,False,299:299,0.07385110068852715,False,0.03619809653663045,289,False
long,512,64,60,1,埚转速度,4,231,0.010123846827654619,-0.029603170678954037,0.0518310875582722,12,False,299:299,0.07385110068852715,False,0.03619809653663045,289,False
long,512,64,60,1,埚转速度,4,232,0.009856309353096691,-0.031052308514611632,0.04964811522159284,12,False,299:299,0.07385110068852715,False,0.03619809653663045,289,False
long,512,64,60,1,埚转速度,4,233,0.013073551957357637,-0.030146424695921128,0.05784312336980465,12,False,299:299,0.07385110068852715,False,0.03619809653663045,289,False
long,512,64,60,1,埚转速度,4,234,0.006261473136758745,-0.037865175991645676,0.04459663601536159,12,False,299:299,0.07385110068852715,False,0.03619809653663045,289,False
long,512,64,60,1,埚转速度,4,235,0.005444858836020247,-0.024031940808839324,0.041951114014654706,12,False,299:299,0.07385110068852715,False,0.03619809653663045,289,False
long,512,64,60,1,埚转速度,4,236,0.003918875854835269,-0.03107515167410897,0.038488377724844626,12,False,299:299,0.07385110068852715,False,0.03619809653663045,289,False
long,512,64,60,1,埚转速度,4,237,0.00672571149150665,-0.02882348257825657,0.044821301163894094,12,False,299:299,0.07385110068852715,False,0.03619809653663045,289,False
long,512,64,60,1,埚转速度,4,238,0.009289626495138403,-0.026151275798947916,0.04778970456213407,12,False,299:299,0.07385110068852715,False,0.03619809653663045,289,False
long,512,64,60,1,埚转速度,4,239,0.006804298649580683,-0.025733343507534475,0.04714434589839038,12,False,299:299,0.07385110068852715,False,0.03619809653663045,289,False
long,512,64,60,1,埚转速度,4,240,0.008900815849195711,-0.027431043040007982,0.04230465656853142,12,False,299:299,0.07385110068852715,False,0.03619809653663045,289,False
long,512,64,60,1,埚转速度,4,241,0.007622263790009546,-0.02945571231142216,0.04310481211827915,12,False,299:299,0.07385110068852715,False,0.03619809653663045,289,False
long,512,64,60,1,埚转速度,4,242,0.005045187537900096,-0.0340349258768089,0.0517857335766338,12,False,299:299,0.07385110068852715,False,0.03619809653663045,289,False
long,512,64,60,1,埚转速度,4,243,0.005695862770656749,-0.024570301706805627,0.04281190140970771,12,False,299:299,0.07385110068852715,False,0.03619809653663045,289,False
long,512,64,60,1,埚转速度,4,244,0.006368837497081678,-0.030350858159578168,0.04185934210362109,12,False,299:299,0.07385110068852715,False,0.03619809653663045,289,False
long,512,64,60,1,埚转速度,4,245,0.0038291798183426842,-0.02698759531748712,0.04293713121016919,12,False,299:299,0.07385110068852715,False,0.03619809653663045,289,False
long,512,64,60,1,埚转速度,4,246,0.0003398361554150625,-0.03299331718353582,0.04472283116236095,12,False,299:299,0.07385110068852715,False,0.03619809653663045,289,False
long,512,64,60,1,埚转速度,4,247,0.0026947200376645224,-0.03153938128815441,0.03935075171931046,12,False,299:299,0.07385110068852715,False,0.03619809653663045,289,False
long,512,64,60,1,埚转速度,4,248,-0.001064359698706565,-0.033775594205003236,0.03477472031283782,12,False,299:299,0.07385110068852715,False,0.03619809653663045,289,False
long,512,64,60,1,埚转速度,4,249,0.003986811381885093,-0.02695793788745918,0.0413852940837882,12,False,299:299,0.07385110068852715,False,0.03619809653663045,289,False
long,512,64,60,1,埚转速度,4,250,0.00786955996841287,-0.026182314752987178,0.05304592890837065,12,False,299:299,0.07385110068852715,False,0.03619809653663045,289,False
long,512,64,60,1,埚转速度,4,251,0.00949606616811283,-0.028497474783062592,0.04793339093167956,12,False,299:299,0.07385110068852715,False,0.03619809653663045,289,False
long,512,64,60,1,埚转速度,4,252,0.005482185932496338,-0.030841112653515572,0.0389917486896295,12,False,299:299,0.07385110068852715,False,0.03619809653663045,289,False
long,512,64,60,1,埚转速度,4,253,-0.004437005203008207,-0.04044052348248301,0.027267397587378825,12,False,299:299,0.07385110068852715,False,0.03619809653663045,289,False
long,512,64,60,1,埚转速度,4,254,-0.005881408746297637,-0.04399110612535814,0.027418959877806418,12,False,299:299,0.07385110068852715,False,0.03619809653663045,289,False
long,512,64,60,1,埚转速度,4,255,-0.006087944021713469,-0.04205708327534034,0.02397336322413183,12,False,299:299,0.07385110068852715,False,0.03619809653663045,289,False
long,512,64,60,1,埚转速度,4,256,-0.009330852227842938,-0.05380872465195884,0.02679916411740107,12,False,299:299,0.07385110068852715,False,0.03619809653663045,289,False
long,512,64,60,1,埚转速度,4,257,-0.005940193728767732,-0.045313814957437665,0.028885125776558065,12,False,299:299,0.07385110068852715,False,0.03619809653663045,289,False
long,512,64,60,1,埚转速度,4,258,0.0011348434707417158,-0.039024244566175634,0.030529790129053776,12,False,299:299,0.07385110068852715,False,0.03619809653663045,289,False
long,512,64,60,1,埚转速度,4,259,0.0028631213987559273,-0.036081687285283354,0.03196646201056137,12,False,299:299,0.07385110068852715,False,0.03619809653663045,289,False
long,512,64,60,1,埚转速度,4,260,0.0046008407749657115,-0.03408940750191547,0.039290817077534554,12,False,299:299,0.07385110068852715,False,0.03619809653663045,289,False
long,512,64,60,1,埚转速度,4,261,0.004755332490917122,-0.029606349380177702,0.041857017500193765,12,False,299:299,0.07385110068852715,False,0.03619809653663045,289,False
long,512,64,60,1,埚转速度,4,262,0.00392251150491516,-0.03651834045565256,0.042337323017968456,12,False,299:299,0.07385110068852715,False,0.03619809653663045,289,False
long,512,64,60,1,埚转速度,4,263,0.006716420544401958,-0.03638153101535014,0.04659728947549649,12,False,299:299,0.07385110068852715,False,0.03619809653663045,289,False
long,512,64,60,1,埚转速度,4,264,0.005939578442460561,-0.02605419078252271,0.04291075479578786,12,False,299:299,0.07385110068852715,False,0.03619809653663045,289,False
long,512,64,60,1,埚转速度,4,265,0.012358527007250293,-0.01664423868731628,0.049586244272862894,12,False,299:299,0.07385110068852715,False,0.03619809653663045,289,False
long,512,64,60,1,埚转速度,4,266,0.009284319009354912,-0.026847112041044036,0.05126707188027621,12,False,299:299,0.07385110068852715,False,0.03619809653663045,289,False
long,512,64,60,1,埚转速度,4,267,0.006447868482538086,-0.03485643140028648,0.04813533519573699,12,False,299:299,0.07385110068852715,False,0.03619809653663045,289,False
long,512,64,60,1,埚转速度,4,268,0.006035371235239104,-0.04127281732618176,0.051276985661853396,12,False,299:299,0.07385110068852715,False,0.03619809653663045,289,False
long,512,64,60,1,埚转速度,4,269,0.00515239730102851,-0.03791815309490113,0.04402690065748792,12,False,299:299,0.07385110068852715,False,0.03619809653663045,289,False
long,512,64,60,1,埚转速度,4,270,0.002733202618424539,-0.035818533264707506,0.0443121802216986,12,False,299:299,0.07385110068852715,False,0.03619809653663045,289,False
long,512,64,60,1,埚转速度,4,271,-0.0026185421358805162,-0.041252578260511714,0.03534043754418979,12,False,299:299,0.07385110068852715,False,0.03619809653663045,289,False
long,512,64,60,1,埚转速度,4,272,-0.00574821609873435,-0.052848269072823396,0.02757500174272043,12,False,299:299,0.07385110068852715,False,0.03619809653663045,289,False
long,512,64,60,1,埚转速度,4,273,-0.012843496749211864,-0.06348051768119092,0.021837734738281496,12,False,299:299,0.07385110068852715,False,0.03619809653663045,289,False
long,512,64,60,1,埚转速度,4,274,-0.019074546129330773,-0.058911653190548405,0.016661878616815666,12,False,299:299,0.07385110068852715,False,0.03619809653663045,289,False
long,512,64,60,1,埚转速度,4,275,-0.018971802383427418,-0.05971812364317523,0.016710269547351886,12,False,299:299,0.07385110068852715,False,0.03619809653663045,289,False
long,512,64,60,1,埚转速度,4,276,-0.01879884914011675,-0.06296973397509865,0.019877293260097673,12,False,299:299,0.07385110068852715,False,0.03619809653663045,289,False
long,512,64,60,1,埚转速度,4,277,-0.018238041295689043,-0.054960334652735206,0.0164790738230868,12,False,299:299,0.07385110068852715,False,0.03619809653663045,289,False
long,512,64,60,1,埚转速度,4,278,-0.02283973821518289,-0.06252889439393651,0.005001272576776587,12,False,299:299,0.07385110068852715,False,0.03619809653663045,289,False
long,512,64,60,1,埚转速度,4,279,-0.023477647969023206,-0.06938985815032633,0.013697051613390862,12,False,299:299,0.07385110068852715,False,0.03619809653663045,289,False
long,512,64,60,1,埚转速度,4,280,-0.0288691621659317,-0.06978444836917265,0.007519140984528902,12,False,299:299,0.07385110068852715,False,0.03619809653663045,289,False
long,512,64,60,1,埚转速度,4,281,-0.032892709487239,-0.06439659981309401,0.005586891354224105,12,False,299:299,0.07385110068852715,False,0.03619809653663045,289,False
long,512,64,60,1,埚转速度,4,282,-0.03049596656335173,-0.06848571895760003,0.006857684376303424,12,False,299:299,0.07385110068852715,False,0.03619809653663045,289,False
long,512,64,60,1,埚转速度,4,283,-0.03274970419342304,-0.0737497031075822,0.0013418913824555744,12,False,299:299,0.07385110068852715,False,0.03619809653663045,289,False
long,512,64,60,1,埚转速度,4,284,-0.02958759653886944,-0.0698963271266424,0.0032102743826445514,12,False,299:299,0.07385110068852715,False,0.03619809653663045,289,False
long,512,64,60,1,埚转速度,4,285,-0.02890220871340599,-0.060534824570674155,0.012090037128018651,12,False,299:299,0.07385110068852715,False,0.03619809653663045,289,False
long,512,64,60,1,埚转速度,4,286,-0.026608134501725972,-0.05817467172605831,0.023063395625554612,12,False,299:299,0.07385110068852715,False,0.03619809653663045,289,False
long,512,64,60,1,埚转速度,4,287,-0.028951485922722696,-0.06319562066190947,0.016348126905419254,12,False,299:299,0.07385110068852715,False,0.03619809653663045,289,False
long,512,64,60,1,埚转速度,4,288,-0.03268525539544421,-0.06675352345769625,0.013027098248933215,12,False,299:299,0.07385110068852715,False,0.03619809653663045,289,False
long,512,64,60,1,埚转速度,4,289,-0.03619809653663045,-0.06952416671470807,0.00027415975096071175,12,False,299:299,0.07385110068852715,True,0.03619809653663045,289,False
long,512,64,60,1,埚转速度,4,290,-0.03453026386135099,-0.07830629340062867,0.0003737686121594581,12,False,299:299,0.07385110068852715,False,0.03619809653663045,289,False
long,512,64,60,1,埚转速度,4,291,-0.032712656808563924,-0.08504015365482674,0.005888830092161431,12,False,299:299,0.07385110068852715,False,0.03619809653663045,289,False
long,512,64,60,1,埚转速度,4,292,-0.029148789600792736,-0.0792909081796242,0.01887256970484761,12,False,299:299,0.07385110068852715,False,0.03619809653663045,289,False
long,512,64,60,1,埚转速度,4,293,-0.028040093861346503,-0.08826697651186252,0.01342617163536621,12,False,299:299,0.07385110068852715,False,0.03619809653663045,289,False
long,512,64,60,1,埚转速度,4,294,-0.02974502655289439,-0.08100113169478504,0.008879406258143523,12,False,299:299,0.07385110068852715,False,0.03619809653663045,289,False
long,512,64,60,1,埚转速度,4,295,-0.029796762175224437,-0.06860033658156774,0.0072946427818545816,12,False,299:299,0.07385110068852715,False,0.03619809653663045,289,False
long,512,64,60,1,埚转速度,4,296,-0.027327374341751504,-0.07065615409315151,0.006982351579639197,12,False,299:299,0.07385110068852715,False,0.03619809653663045,289,False
long,512,64,60,1,埚转速度,4,297,-0.03080828997688522,-0.07245257859698903,0.0025838833286077464,12,False,299:299,0.07385110068852715,False,0.03619809653663045,289,False
long,512,64,60,1,埚转速度,4,298,-0.03113399220142501,-0.06776538849714035,0.0012413564789345401,12,False,299:299,0.07385110068852715,False,0.03619809653663045,289,False
long,512,64,60,1,埚转速度,4,299,-0.03371635415877771,-0.06401763004106253,-0.004243920991270415,12,True,299:299,0.07385110068852715,False,0.03619809653663045,289,False
long,512,64,60,1,埚转速度,4,300,-0.027215133453247685,-0.06216937130453993,0.0011460432708782027,12,False,299:299,0.07385110068852715,False,0.03619809653663045,289,False
long,512,64,60,2,主加热功率,0,0,-0.3820589234242993,-0.48454167654986696,-0.28809895935284097,12,True,0:300,0.24032400916578833,False,0.4521232555446004,183,True
long,512,64,60,2,主加热功率,0,1,-0.38044814693199164,-0.48515660851280523,-0.2850495705159341,12,True,0:300,0.24032400916578833,False,0.4521232555446004,183,True
long,512,64,60,2,主加热功率,0,2,-0.37929888269881085,-0.4873247415901151,-0.2788694326086223,12,True,0:300,0.24032400916578833,False,0.4521232555446004,183,True
long,512,64,60,2,主加热功率,0,3,-0.3787032565261263,-0.49197246584307575,-0.27566144186441366,12,True,0:300,0.24032400916578833,False,0.4521232555446004,183,True
long,512,64,60,2,主加热功率,0,4,-0.37863208993848635,-0.4942225806271162,-0.28122001156482873,12,True,0:300,0.24032400916578833,False,0.4521232555446004,183,True
long,512,64,60,2,主加热功率,0,5,-0.38253274037850027,-0.49779678996573146,-0.28523408318544524,12,True,0:300,0.24032400916578833,False,0.4521232555446004,183,True
long,512,64,60,2,主加热功率,0,6,-0.3861170760576456,-0.5050323459454096,-0.28993221511516415,12,True,0:300,0.24032400916578833,False,0.4521232555446004,183,True
long,512,64,60,2,主加热功率,0,7,-0.3873049545772714,-0.5115758752428008,-0.29199999608877997,12,True,0:300,0.24032400916578833,False,0.4521232555446004,183,True
long,512,64,60,2,主加热功率,0,8,-0.38660982275965244,-0.5099850284182805,-0.2915243744531024,12,True,0:300,0.24032400916578833,False,0.4521232555446004,183,True
long,512,64,60,2,主加热功率,0,9,-0.38275663912590385,-0.5020401902237307,-0.2896827469418818,12,True,0:300,0.24032400916578833,False,0.4521232555446004,183,True
long,512,64,60,2,主加热功率,0,10,-0.37932239142526086,-0.500603561105207,-0.2883322047677485,12,True,0:300,0.24032400916578833,False,0.4521232555446004,183,True
long,512,64,60,2,主加热功率,0,11,-0.3786421242607599,-0.500306522010145,-0.2854170268601021,12,True,0:300,0.24032400916578833,False,0.4521232555446004,183,True
long,512,64,60,2,主加热功率,0,12,-0.3781677716231933,-0.5010631476127962,-0.28557437624003934,12,True,0:300,0.24032400916578833,False,0.4521232555446004,183,True
long,512,64,60,2,主加热功率,0,13,-0.3779383856909259,-0.5031186673590479,-0.28249507476618696,12,True,0:300,0.24032400916578833,False,0.4521232555446004,183,True
long,512,64,60,2,主加热功率,0,14,-0.376587597135145,-0.5046584524820709,-0.28177543378198694,12,True,0:300,0.24032400916578833,False,0.4521232555446004,183,True
long,512,64,60,2,主加热功率,0,15,-0.37659153731988426,-0.5073304244153647,-0.28312093621219114,12,True,0:300,0.24032400916578833,False,0.4521232555446004,183,True
long,512,64,60,2,主加热功率,0,16,-0.3792456995757956,-0.5087775506444407,-0.2887849410367406,12,True,0:300,0.24032400916578833,False,0.4521232555446004,183,True
long,512,64,60,2,主加热功率,0,17,-0.38211940026266517,-0.5090905897741945,-0.29411627266740176,12,True,0:300,0.24032400916578833,False,0.4521232555446004,183,True
long,512,64,60,2,主加热功率,0,18,-0.38642202599051756,-0.5116870748316745,-0.2961326403317346,12,True,0:300,0.24032400916578833,False,0.4521232555446004,183,True
long,512,64,60,2,主加热功率,0,19,-0.38833783389139276,-0.5094810254595061,-0.29333787520675547,12,True,0:300,0.24032400916578833,False,0.4521232555446004,183,True
long,512,64,60,2,主加热功率,0,20,-0.3883958168687702,-0.5078865427834621,-0.2948786218423307,12,True,0:300,0.24032400916578833,False,0.4521232555446004,183,True
long,512,64,60,2,主加热功率,0,21,-0.3867508660699653,-0.5083462796764999,-0.2948679837367267,12,True,0:300,0.24032400916578833,False,0.4521232555446004,183,True
long,512,64,60,2,主加热功率,0,22,-0.3837789276622953,-0.5019204079082782,-0.2899775678474947,12,True,0:300,0.24032400916578833,False,0.4521232555446004,183,True
long,512,64,60,2,主加热功率,0,23,-0.3804874596315625,-0.4950187173512427,-0.28634310735834345,12,True,0:300,0.24032400916578833,False,0.4521232555446004,183,True
long,512,64,60,2,主加热功率,0,24,-0.3793171065491597,-0.49056167739974255,-0.2890673213648925,12,True,0:300,0.24032400916578833,False,0.4521232555446004,183,True
long,512,64,60,2,主加热功率,0,25,-0.37876675199207044,-0.48742419381740987,-0.2890948854100292,12,True,0:300,0.24032400916578833,False,0.4521232555446004,183,True
long,512,64,60,2,主加热功率,0,26,-0.3774106970603474,-0.4879937520447479,-0.2839134930782514,12,True,0:300,0.24032400916578833,False,0.4521232555446004,183,True
long,512,64,60,2,主加热功率,0,27,-0.37327351459638847,-0.4820035669069362,-0.2773557823676433,12,True,0:300,0.24032400916578833,False,0.4521232555446004,183,True
long,512,64,60,2,主加热功率,0,28,-0.36952485205753194,-0.47866248890005125,-0.27525783698298095,12,True,0:300,0.24032400916578833,False,0.4521232555446004,183,True
long,512,64,60,2,主加热功率,0,29,-0.36489085979378294,-0.47578752098748944,-0.2657921313759144,12,True,0:300,0.24032400916578833,False,0.4521232555446004,183,True
long,512,64,60,2,主加热功率,0,30,-0.3614199740772642,-0.47679205534146746,-0.2630682269875464,12,True,0:300,0.24032400916578833,False,0.4521232555446004,183,True
long,512,64,60,2,主加热功率,0,31,-0.3576650121740516,-0.4753004609290617,-0.2608455654347756,12,True,0:300,0.24032400916578833,False,0.4521232555446004,183,True
long,512,64,60,2,主加热功率,0,32,-0.3533902692095531,-0.4718930717600154,-0.25545217135454645,12,True,0:300,0.24032400916578833,False,0.4521232555446004,183,True
long,512,64,60,2,主加热功率,0,33,-0.34692960809578816,-0.46662637146306574,-0.2528797817117058,12,True,0:300,0.24032400916578833,False,0.4521232555446004,183,True
long,512,64,60,2,主加热功率,0,34,-0.34129576334782175,-0.4645846456949946,-0.24972526575161394,12,True,0:300,0.24032400916578833,False,0.4521232555446004,183,True
long,512,64,60,2,主加热功率,0,35,-0.3355242891276586,-0.4585896994587098,-0.24308359271741745,12,True,0:300,0.24032400916578833,False,0.4521232555446004,183,True
long,512,64,60,2,主加热功率,0,36,-0.33079319552540576,-0.454356835271353,-0.23611251642290274,12,True,0:300,0.24032400916578833,False,0.4521232555446004,183,True
long,512,64,60,2,主加热功率,0,37,-0.3251548167132529,-0.4500143510093256,-0.2290447009370648,12,True,0:300,0.24032400916578833,False,0.4521232555446004,183,True
long,512,64,60,2,主加热功率,0,38,-0.3203440280778858,-0.44671211824993157,-0.21987818866565556,12,True,0:300,0.24032400916578833,False,0.4521232555446004,183,True
long,512,64,60,2,主加热功率,0,39,-0.31520986036648424,-0.4472699565882546,-0.2106483004387255,12,True,0:300,0.24032400916578833,False,0.4521232555446004,183,True
long,512,64,60,2,主加热功率,0,40,-0.31118486844075816,-0.4505042589359383,-0.20968501021834002,12,True,0:300,0.24032400916578833,False,0.4521232555446004,183,True
long,512,64,60,2,主加热功率,0,41,-0.30818198887751447,-0.4548747981770697,-0.21115147203285609,12,True,0:300,0.24032400916578833,False,0.4521232555446004,183,True
long,512,64,60,2,主加热功率,0,42,-0.3065744962586647,-0.4541714467466676,-0.21240257726129808,12,True,0:300,0.24032400916578833,False,0.4521232555446004,183,True
long,512,64,60,2,主加热功率,0,43,-0.30492899247448696,-0.4451027573385212,-0.2110308148184836,12,True,0:300,0.24032400916578833,False,0.4521232555446004,183,True
long,512,64,60,2,主加热功率,0,44,-0.30465788543685335,-0.43795346421555487,-0.20368008876944493,12,True,0:300,0.24032400916578833,False,0.4521232555446004,183,True
long,512,64,60,2,主加热功率,0,45,-0.3064387239056202,-0.44156357286554604,-0.20284189564007035,12,True,0:300,0.24032400916578833,False,0.4521232555446004,183,True
long,512,64,60,2,主加热功率,0,46,-0.3066498239817107,-0.4518550552354919,-0.20399724575869693,12,True,0:300,0.24032400916578833,False,0.4521232555446004,183,True
long,512,64,60,2,主加热功率,0,47,-0.30685739844540255,-0.4495158209087209,-0.20570339156908837,12,True,0:300,0.24032400916578833,False,0.4521232555446004,183,True
long,512,64,60,2,主加热功率,0,48,-0.30720908560589305,-0.4458262444888526,-0.20616208187045873,12,True,0:300,0.24032400916578833,False,0.4521232555446004,183,True
long,512,64,60,2,主加热功率,0,49,-0.308726289654438,-0.44727143707921485,-0.2048973965034161,12,True,0:300,0.24032400916578833,False,0.4521232555446004,183,True
long,512,64,60,2,主加热功率,0,50,-0.3099785795009503,-0.4501206545642931,-0.20392430396842956,12,True,0:300,0.24032400916578833,False,0.4521232555446004,183,True
long,512,64,60,2,主加热功率,0,51,-0.31106568014873903,-0.4539793810244526,-0.20614122864117201,12,True,0:300,0.24032400916578833,False,0.4521232555446004,183,True
long,512,64,60,2,主加热功率,0,52,-0.31218330817027484,-0.4536698846569157,-0.21125331584475535,12,True,0:300,0.24032400916578833,False,0.4521232555446004,183,True
long,512,64,60,2,主加热功率,0,53,-0.31364947394106607,-0.45168374053855576,-0.21222803840940144,12,True,0:300,0.24032400916578833,False,0.4521232555446004,183,True
long,512,64,60,2,主加热功率,0,54,-0.31487982091362327,-0.448619770823722,-0.21841015721524512,12,True,0:300,0.24032400916578833,False,0.4521232555446004,183,True
long,512,64,60,2,主加热功率,0,55,-0.3160020565469021,-0.4485543116689751,-0.2249608627159168,12,True,0:300,0.24032400916578833,False,0.4521232555446004,183,True
long,512,64,60,2,主加热功率,0,56,-0.3176426082429445,-0.4481525939567882,-0.2269691112435466,12,True,0:300,0.24032400916578833,False,0.4521232555446004,183,True
long,512,64,60,2,主加热功率,0,57,-0.3187111476484777,-0.4415460196520077,-0.2271502956549095,12,True,0:300,0.24032400916578833,False,0.4521232555446004,183,True
long,512,64,60,2,主加热功率,0,58,-0.32070930087946276,-0.4374215814191479,-0.22831635145496795,12,True,0:300,0.24032400916578833,False,0.4521232555446004,183,True
long,512,64,60,2,主加热功率,0,59,-0.32097685895712486,-0.4368985800660177,-0.23479498784287922,12,True,0:300,0.24032400916578833,False,0.4521232555446004,183,True
long,512,64,60,2,主加热功率,0,60,-0.32371575548669307,-0.4463911800325191,-0.2424886976236351,12,True,0:300,0.24032400916578833,False,0.4521232555446004,183,True
long,512,64,60,2,主加热功率,0,61,-0.3270192238439022,-0.4544972354643602,-0.24764123980759997,12,True,0:300,0.24032400916578833,False,0.4521232555446004,183,True
long,512,64,60,2,主加热功率,0,62,-0.32992199383078924,-0.4598073950312389,-0.25036819665330207,12,True,0:300,0.24032400916578833,False,0.4521232555446004,183,True
long,512,64,60,2,主加热功率,0,63,-0.33339113393371167,-0.46643719229419534,-0.25065420762205604,12,True,0:300,0.24032400916578833,False,0.4521232555446004,183,True
long,512,64,60,2,主加热功率,0,64,-0.33594782350043423,-0.4760019175823424,-0.2523327085004665,12,True,0:300,0.24032400916578833,False,0.4521232555446004,183,True
long,512,64,60,2,主加热功率,0,65,-0.33709784824269107,-0.48202931307558156,-0.2504531745947225,12,True,0:300,0.24032400916578833,False,0.4521232555446004,183,True
long,512,64,60,2,主加热功率,0,66,-0.33807237459681055,-0.48240470692304105,-0.2473740255204069,12,True,0:300,0.24032400916578833,False,0.4521232555446004,183,True
long,512,64,60,2,主加热功率,0,67,-0.3416272774165007,-0.4791671076862416,-0.24556544906566835,12,True,0:300,0.24032400916578833,False,0.4521232555446004,183,True
long,512,64,60,2,主加热功率,0,68,-0.34649260835831547,-0.4780119544051434,-0.24515170405364115,12,True,0:300,0.24032400916578833,False,0.4521232555446004,183,True
long,512,64,60,2,主加热功率,0,69,-0.35210317501612476,-0.48147559720110583,-0.2502793495142484,12,True,0:300,0.24032400916578833,False,0.4521232555446004,183,True
long,512,64,60,2,主加热功率,0,70,-0.3561220282569998,-0.486515588159645,-0.2574038118631999,12,True,0:300,0.24032400916578833,False,0.4521232555446004,183,True
long,512,64,60,2,主加热功率,0,71,-0.35979931213761096,-0.4886515570890398,-0.26298628088558224,12,True,0:300,0.24032400916578833,False,0.4521232555446004,183,True
long,512,64,60,2,主加热功率,0,72,-0.36397164099715357,-0.4982456650312005,-0.26059157384264964,12,True,0:300,0.24032400916578833,False,0.4521232555446004,183,True
long,512,64,60,2,主加热功率,0,73,-0.3664098292758134,-0.5058097159368617,-0.269791621727352,12,True,0:300,0.24032400916578833,False,0.4521232555446004,183,True
long,512,64,60,2,主加热功率,0,74,-0.36848550149081644,-0.5077458399385703,-0.2776875505467608,12,True,0:300,0.24032400916578833,False,0.4521232555446004,183,True
long,512,64,60,2,主加热功率,0,75,-0.3680596934421267,-0.5026168467704095,-0.2776658083926149,12,True,0:300,0.24032400916578833,False,0.4521232555446004,183,True
long,512,64,60,2,主加热功率,0,76,-0.3667061589338428,-0.4950366248102102,-0.27689740489205833,12,True,0:300,0.24032400916578833,False,0.4521232555446004,183,True
long,512,64,60,2,主加热功率,0,77,-0.3637749232812088,-0.48997219707480505,-0.2738506562713808,12,True,0:300,0.24032400916578833,False,0.4521232555446004,183,True
long,512,64,60,2,主加热功率,0,78,-0.3563166973353148,-0.4794868345381479,-0.2591236351980584,12,True,0:300,0.24032400916578833,False,0.4521232555446004,183,True
long,512,64,60,2,主加热功率,0,79,-0.34996230272920437,-0.4760723427646369,-0.243795640758343,12,True,0:300,0.24032400916578833,False,0.4521232555446004,183,True
long,512,64,60,2,主加热功率,0,80,-0.3458910083992928,-0.4706500562750107,-0.23926976343728804,12,True,0:300,0.24032400916578833,False,0.4521232555446004,183,True
long,512,64,60,2,主加热功率,0,81,-0.34404866482370544,-0.4636843686789938,-0.23738575903627576,12,True,0:300,0.24032400916578833,False,0.4521232555446004,183,True
long,512,64,60,2,主加热功率,0,82,-0.3434080536357528,-0.46031807827196314,-0.23721507930113453,12,True,0:300,0.24032400916578833,False,0.4521232555446004,183,True
long,512,64,60,2,主加热功率,0,83,-0.34309225598509613,-0.4562813924693084,-0.23788448132356035,12,True,0:300,0.24032400916578833,False,0.4521232555446004,183,True
long,512,64,60,2,主加热功率,0,84,-0.3408920540695894,-0.45127008831877935,-0.23574171118003656,12,True,0:300,0.24032400916578833,False,0.4521232555446004,183,True
long,512,64,60,2,主加热功率,0,85,-0.3409386789019021,-0.44907101409434913,-0.23677768588284479,12,True,0:300,0.24032400916578833,False,0.4521232555446004,183,True
long,512,64,60,2,主加热功率,0,86,-0.3401164706598885,-0.45088932268721815,-0.24006165966285958,12,True,0:300,0.24032400916578833,False,0.4521232555446004,183,True
long,512,64,60,2,主加热功率,0,87,-0.3402576592856143,-0.45046083207577897,-0.2460907064034992,12,True,0:300,0.24032400916578833,False,0.4521232555446004,183,True
long,512,64,60,2,主加热功率,0,88,-0.33835791003771354,-0.4539924085328632,-0.2506686825589581,12,True,0:300,0.24032400916578833,False,0.4521232555446004,183,True
long,512,64,60,2,主加热功率,0,89,-0.33440263327834535,-0.4484496192997226,-0.2504277663307847,12,True,0:300,0.24032400916578833,False,0.4521232555446004,183,True
long,512,64,60,2,主加热功率,0,90,-0.33157747338505494,-0.44089786688216187,-0.24591712726833317,12,True,0:300,0.24032400916578833,False,0.4521232555446004,183,True
long,512,64,60,2,主加热功率,0,91,-0.32848118847134605,-0.43574153642761415,-0.23788838014533767,12,True,0:300,0.24032400916578833,False,0.4521232555446004,183,True
long,512,64,60,2,主加热功率,0,92,-0.32812768056043307,-0.4340438351388018,-0.23527107763536387,12,True,0:300,0.24032400916578833,False,0.4521232555446004,183,True
long,512,64,60,2,主加热功率,0,93,-0.3301174624533484,-0.43383851280834895,-0.237169881753981,12,True,0:300,0.24032400916578833,False,0.4521232555446004,183,True
long,512,64,60,2,主加热功率,0,94,-0.3328925484935149,-0.4350746772079109,-0.24128163776032713,12,True,0:300,0.24032400916578833,False,0.4521232555446004,183,True
long,512,64,60,2,主加热功率,0,95,-0.33600230449166485,-0.43883070860553774,-0.2454033666600168,12,True,0:300,0.24032400916578833,False,0.4521232555446004,183,True
long,512,64,60,2,主加热功率,0,96,-0.33586145643171356,-0.44216490412616266,-0.2480710417524145,12,True,0:300,0.24032400916578833,False,0.4521232555446004,183,True
long,512,64,60,2,主加热功率,0,97,-0.33526148399920475,-0.4472219837885816,-0.24197284026143276,12,True,0:300,0.24032400916578833,False,0.4521232555446004,183,True
long,512,64,60,2,主加热功率,0,98,-0.3338718931892831,-0.4506222779973484,-0.2367884513423491,12,True,0:300,0.24032400916578833,False,0.4521232555446004,183,True
long,512,64,60,2,主加热功率,0,99,-0.3324975434523751,-0.4497524517753583,-0.2347846441279894,12,True,0:300,0.24032400916578833,False,0.4521232555446004,183,True
long,512,64,60,2,主加热功率,0,100,-0.3318698704036517,-0.4500587095086134,-0.2336628433323563,12,True,0:300,0.24032400916578833,False,0.4521232555446004,183,True
long,512,64,60,2,主加热功率,0,101,-0.3319639115579683,-0.4522438523778454,-0.23142719814348983,12,True,0:300,0.24032400916578833,False,0.4521232555446004,183,True
long,512,64,60,2,主加热功率,0,102,-0.33013133080532403,-0.4545471853785586,-0.23034614480360133,12,True,0:300,0.24032400916578833,False,0.4521232555446004,183,True
long,512,64,60,2,主加热功率,0,103,-0.3290989533159807,-0.45489352990485504,-0.22967197778831866,12,True,0:300,0.24032400916578833,False,0.4521232555446004,183,True
long,512,64,60,2,主加热功率,0,104,-0.3281676349020834,-0.45361079852258224,-0.2256411831285047,12,True,0:300,0.24032400916578833,False,0.4521232555446004,183,True
long,512,64,60,2,主加热功率,0,105,-0.3271933991287833,-0.4524156164847827,-0.2266658963815108,12,True,0:300,0.24032400916578833,False,0.4521232555446004,183,True
long,512,64,60,2,主加热功率,0,106,-0.3297325135559355,-0.45569182610715425,-0.2287493982008747,12,True,0:300,0.24032400916578833,False,0.4521232555446004,183,True
long,512,64,60,2,主加热功率,0,107,-0.33278128002156837,-0.45917682430450946,-0.2333070697690277,12,True,0:300,0.24032400916578833,False,0.4521232555446004,183,True
long,512,64,60,2,主加热功率,0,108,-0.33578700879051354,-0.46159645888836853,-0.23440791562843938,12,True,0:300,0.24032400916578833,False,0.4521232555446004,183,True
long,512,64,60,2,主加热功率,0,109,-0.3386317300358289,-0.4631829192106288,-0.23593893207056177,12,True,0:300,0.24032400916578833,False,0.4521232555446004,183,True
long,512,64,60,2,主加热功率,0,110,-0.3384688634898693,-0.46239232584951767,-0.23168085445619557,12,True,0:300,0.24032400916578833,False,0.4521232555446004,183,True
long,512,64,60,2,主加热功率,0,111,-0.3388285348854921,-0.46198409127031786,-0.23194748209735314,12,True,0:300,0.24032400916578833,False,0.4521232555446004,183,True
long,512,64,60,2,主加热功率,0,112,-0.3382306062914989,-0.4605315627721161,-0.23005822171549045,12,True,0:300,0.24032400916578833,False,0.4521232555446004,183,True
long,512,64,60,2,主加热功率,0,113,-0.339698709211941,-0.4625421647823946,-0.23074296754528253,12,True,0:300,0.24032400916578833,False,0.4521232555446004,183,True
long,512,64,60,2,主加热功率,0,114,-0.3403561248371062,-0.4638564934361554,-0.2315911150693058,12,True,0:300,0.24032400916578833,False,0.4521232555446004,183,True
long,512,64,60,2,主加热功率,0,115,-0.3419879956439504,-0.4622104966806138,-0.23558811344109948,12,True,0:300,0.24032400916578833,False,0.4521232555446004,183,True
long,512,64,60,2,主加热功率,0,116,-0.34417176813081024,-0.4653303102341645,-0.2365684740311044,12,True,0:300,0.24032400916578833,False,0.4521232555446004,183,True
long,512,64,60,2,主加热功率,0,117,-0.34709154227603556,-0.4713703490064811,-0.23200548616740238,12,True,0:300,0.24032400916578833,False,0.4521232555446004,183,True
long,512,64,60,2,主加热功率,0,118,-0.3482201100062802,-0.46966542217735957,-0.23293175974238858,12,True,0:300,0.24032400916578833,False,0.4521232555446004,183,True
long,512,64,60,2,主加热功率,0,119,-0.34892326072206925,-0.47095202312452317,-0.23146461649600159,12,True,0:300,0.24032400916578833,False,0.4521232555446004,183,True
long,512,64,60,2,主加热功率,0,120,-0.34878466183394,-0.47634113140451556,-0.23163387095332433,12,True,0:300,0.24032400916578833,False,0.4521232555446004,183,True
long,512,64,60,2,主加热功率,0,121,-0.3485193660465327,-0.47341889039392177,-0.22577696928250177,12,True,0:300,0.24032400916578833,False,0.4521232555446004,183,True
long,512,64,60,2,主加热功率,0,122,-0.347938875706138,-0.4753349087518024,-0.22455243396744734,12,True,0:300,0.24032400916578833,False,0.4521232555446004,183,True
long,512,64,60,2,主加热功率,0,123,-0.3457062782698212,-0.47863392163946183,-0.22150625073774405,12,True,0:300,0.24032400916578833,False,0.4521232555446004,183,True
long,512,64,60,2,主加热功率,0,124,-0.3441735727373418,-0.47591733761635935,-0.22195695954840625,12,True,0:300,0.24032400916578833,False,0.4521232555446004,183,True
long,512,64,60,2,主加热功率,0,125,-0.34261746163894724,-0.4709588044104439,-0.22349838267962194,12,True,0:300,0.24032400916578833,False,0.4521232555446004,183,True
long,512,64,60,2,主加热功率,0,126,-0.3428806537176554,-0.4696063658105115,-0.22497835552718615,12,True,0:300,0.24032400916578833,False,0.4521232555446004,183,True
long,512,64,60,2,主加热功率,0,127,-0.3421458512542744,-0.4670035453582105,-0.22471519044172897,12,True,0:300,0.24032400916578833,False,0.4521232555446004,183,True
long,512,64,60,2,主加热功率,0,128,-0.3396415245695412,-0.4602942692637448,-0.221994462516769,12,True,0:300,0.24032400916578833,False,0.4521232555446004,183,True
long,512,64,60,2,主加热功率,0,129,-0.3367221532572219,-0.4583428034411361,-0.2203224665215132,12,True,0:300,0.24032400916578833,False,0.4521232555446004,183,True
long,512,64,60,2,主加热功率,0,130,-0.3347426315174615,-0.4508705507567175,-0.22024377889820723,12,True,0:300,0.24032400916578833,False,0.4521232555446004,183,True
long,512,64,60,2,主加热功率,0,131,-0.33465230980890714,-0.44770226470016034,-0.226628576247139,12,True,0:300,0.24032400916578833,False,0.4521232555446004,183,True
long,512,64,60,2,主加热功率,0,132,-0.33562862400185306,-0.44590915483073473,-0.22878621054058335,12,True,0:300,0.24032400916578833,False,0.4521232555446004,183,True
long,512,64,60,2,主加热功率,0,133,-0.3369867712851488,-0.4451399879312202,-0.22971549735407518,12,True,0:300,0.24032400916578833,False,0.4521232555446004,183,True
long,512,64,60,2,主加热功率,0,134,-0.338762392160694,-0.44569502023902463,-0.2352906327311373,12,True,0:300,0.24032400916578833,False,0.4521232555446004,183,True
long,512,64,60,2,主加热功率,0,135,-0.3424394574827333,-0.4443800289847609,-0.24031843979543116,12,True,0:300,0.24032400916578833,False,0.4521232555446004,183,True
long,512,64,60,2,主加热功率,0,136,-0.34728257782496386,-0.45173307040339483,-0.2452981958676604,12,True,0:300,0.24032400916578833,False,0.4521232555446004,183,True
long,512,64,60,2,主加热功率,0,137,-0.3517919869359054,-0.45662927224823,-0.2511584321195833,12,True,0:300,0.24032400916578833,False,0.4521232555446004,183,True
long,512,64,60,2,主加热功率,0,138,-0.3555813928730735,-0.4568681190958916,-0.2549885285148085,12,True,0:300,0.24032400916578833,False,0.4521232555446004,183,True
long,512,64,60,2,主加热功率,0,139,-0.35763538478128043,-0.4593298618568147,-0.25931309043735845,12,True,0:300,0.24032400916578833,False,0.4521232555446004,183,True
long,512,64,60,2,主加热功率,0,140,-0.35853125786691137,-0.4593760991061855,-0.26109891305024324,12,True,0:300,0.24032400916578833,False,0.4521232555446004,183,True
long,512,64,60,2,主加热功率,0,141,-0.359685044431598,-0.46166832831348587,-0.2575512494095568,12,True,0:300,0.24032400916578833,False,0.4521232555446004,183,True
long,512,64,60,2,主加热功率,0,142,-0.3607863861695749,-0.4649603372749868,-0.25528838821947103,12,True,0:300,0.24032400916578833,False,0.4521232555446004,183,True
long,512,64,60,2,主加热功率,0,143,-0.36437383037623733,-0.4670643634779059,-0.25848261326494837,12,True,0:300,0.24032400916578833,False,0.4521232555446004,183,True
long,512,64,60,2,主加热功率,0,144,-0.36931149576300076,-0.47310476737897583,-0.2648433174657864,12,True,0:300,0.24032400916578833,False,0.4521232555446004,183,True
long,512,64,60,2,主加热功率,0,145,-0.3721244086056407,-0.4774502692395538,-0.2676834104671633,12,True,0:300,0.24032400916578833,False,0.4521232555446004,183,True
long,512,64,60,2,主加热功率,0,146,-0.37374037943396116,-0.4802895435391176,-0.2685512231941234,12,True,0:300,0.24032400916578833,False,0.4521232555446004,183,True
long,512,64,60,2,主加热功率,0,147,-0.3741297248100173,-0.48689926208003315,-0.26980663939220173,12,True,0:300,0.24032400916578833,False,0.4521232555446004,183,True
long,512,64,60,2,主加热功率,0,148,-0.3753137992944164,-0.490597269276518,-0.27025343709297134,12,True,0:300,0.24032400916578833,False,0.4521232555446004,183,True
long,512,64,60,2,主加热功率,0,149,-0.3791709513618019,-0.4919558717986504,-0.2708079629875305,12,True,0:300,0.24032400916578833,False,0.4521232555446004,183,True
long,512,64,60,2,主加热功率,0,150,-0.3825795218638886,-0.4937737574974259,-0.2739152235929152,12,True,0:300,0.24032400916578833,False,0.4521232555446004,183,True
long,512,64,60,2,主加热功率,0,151,-0.38554679052114704,-0.4997161662055716,-0.28257468718958384,12,True,0:300,0.24032400916578833,False,0.4521232555446004,183,True
long,512,64,60,2,主加热功率,0,152,-0.3872279746071015,-0.5059555754073605,-0.2866676854564702,12,True,0:300,0.24032400916578833,False,0.4521232555446004,183,True
long,512,64,60,2,主加热功率,0,153,-0.38951794498042597,-0.5109991303522216,-0.2880963319312934,12,True,0:300,0.24032400916578833,False,0.4521232555446004,183,True
long,512,64,60,2,主加热功率,0,154,-0.39324343655655913,-0.5177107348506956,-0.29281099095241553,12,True,0:300,0.24032400916578833,False,0.4521232555446004,183,True
long,512,64,60,2,主加热功率,0,155,-0.39618907006139537,-0.5215508629001786,-0.2939819708820272,12,True,0:300,0.24032400916578833,False,0.4521232555446004,183,True
long,512,64,60,2,主加热功率,0,156,-0.400598282965963,-0.5270750367702213,-0.2977987797700419,12,True,0:300,0.24032400916578833,False,0.4521232555446004,183,True
long,512,64,60,2,主加热功率,0,157,-0.4064731259476532,-0.5271887392393739,-0.30444021768599505,12,True,0:300,0.24032400916578833,False,0.4521232555446004,183,True
long,512,64,60,2,主加热功率,0,158,-0.413890281565562,-0.5286416748232889,-0.31066319398425146,12,True,0:300,0.24032400916578833,False,0.4521232555446004,183,True
long,512,64,60,2,主加热功率,0,159,-0.41922718760740924,-0.5332012891399633,-0.31465429754455154,12,True,0:300,0.24032400916578833,False,0.4521232555446004,183,True
long,512,64,60,2,主加热功率,0,160,-0.4214233589618897,-0.539161701898273,-0.317477324859891,12,True,0:300,0.24032400916578833,False,0.4521232555446004,183,True
long,512,64,60,2,主加热功率,0,161,-0.4223476430202913,-0.5442229976394607,-0.31666614315703556,12,True,0:300,0.24032400916578833,False,0.4521232555446004,183,True
long,512,64,60,2,主加热功率,0,162,-0.42455107613668086,-0.5442730643664027,-0.31484897247351395,12,True,0:300,0.24032400916578833,False,0.4521232555446004,183,True
long,512,64,60,2,主加热功率,0,163,-0.4257802674590441,-0.5385581789437115,-0.3132683094280446,12,True,0:300,0.24032400916578833,False,0.4521232555446004,183,True
long,512,64,60,2,主加热功率,0,164,-0.4280270030261085,-0.5379249067762537,-0.3162004668406689,12,True,0:300,0.24032400916578833,False,0.4521232555446004,183,True
long,512,64,60,2,主加热功率,0,165,-0.4302413294118438,-0.541060345100542,-0.31881497756194094,12,True,0:300,0.24032400916578833,False,0.4521232555446004,183,True
long,512,64,60,2,主加热功率,0,166,-0.4319999725511097,-0.5412354934315318,-0.31572315769114345,12,True,0:300,0.24032400916578833,False,0.4521232555446004,183,True
long,512,64,60,2,主加热功率,0,167,-0.43513039910359946,-0.5452129647290037,-0.3182030922547943,12,True,0:300,0.24032400916578833,False,0.4521232555446004,183,True
long,512,64,60,2,主加热功率,0,168,-0.43680689797982314,-0.5494151336254618,-0.31848685372892394,12,True,0:300,0.24032400916578833,False,0.4521232555446004,183,True
long,512,64,60,2,主加热功率,0,169,-0.4381573119051251,-0.5547537365192904,-0.32211427381938873,12,True,0:300,0.24032400916578833,False,0.4521232555446004,183,True
long,512,64,60,2,主加热功率,0,170,-0.4412732028616679,-0.5601185136628767,-0.3265634258791597,12,True,0:300,0.24032400916578833,False,0.4521232555446004,183,True
long,512,64,60,2,主加热功率,0,171,-0.44419814361483584,-0.5623264611645965,-0.3264035266744045,12,True,0:300,0.24032400916578833,False,0.4521232555446004,183,True
long,512,64,60,2,主加热功率,0,172,-0.44687121813255365,-0.5650577013780171,-0.33052737047266695,12,True,0:300,0.24032400916578833,False,0.4521232555446004,183,True
long,512,64,60,2,主加热功率,0,173,-0.44743678823078753,-0.5654651751478142,-0.33800529968231147,12,True,0:300,0.24032400916578833,False,0.4521232555446004,183,True
long,512,64,60,2,主加热功率,0,174,-0.4453242119693594,-0.5652255521606663,-0.33802156136263584,12,True,0:300,0.24032400916578833,False,0.4521232555446004,183,True
long,512,64,60,2,主加热功率,0,175,-0.4440399651219076,-0.5657628362294849,-0.3364971466351501,12,True,0:300,0.24032400916578833,False,0.4521232555446004,183,True
long,512,64,60,2,主加热功率,0,176,-0.4431192591283672,-0.5627552867695463,-0.3367113537004702,12,True,0:300,0.24032400916578833,False,0.4521232555446004,183,True
long,512,64,60,2,主加热功率,0,177,-0.4435628942170418,-0.5627365747870248,-0.33786278540375403,12,True,0:300,0.24032400916578833,False,0.4521232555446004,183,True
long,512,64,60,2,主加热功率,0,178,-0.4442390442076672,-0.5610295575431846,-0.33884778899007395,12,True,0:300,0.24032400916578833,False,0.4521232555446004,183,True
long,512,64,60,2,主加热功率,0,179,-0.4460861762927508,-0.5622209915921799,-0.33905665879320646,12,True,0:300,0.24032400916578833,False,0.4521232555446004,183,True
long,512,64,60,2,主加热功率,0,180,-0.448349038907931,-0.5622784272239746,-0.3462413405691912,12,True,0:300,0.24032400916578833,False,0.4521232555446004,183,True
long,512,64,60,2,主加热功率,0,181,-0.4499918059690491,-0.5632336114688777,-0.34826462164145394,12,True,0:300,0.24032400916578833,False,0.4521232555446004,183,True
long,512,64,60,2,主加热功率,0,182,-0.4509456446807584,-0.5636960565254103,-0.3450878802380532,12,True,0:300,0.24032400916578833,False,0.4521232555446004,183,True
long,512,64,60,2,主加热功率,0,183,-0.4521232555446004,-0.5623879891855241,-0.339162657141763,12,True,0:300,0.24032400916578833,True,0.4521232555446004,183,True
long,512,64,60,2,主加热功率,0,184,-0.45140477503205345,-0.5595214269053974,-0.33194037505994,12,True,0:300,0.24032400916578833,False,0.4521232555446004,183,True
long,512,64,60,2,主加热功率,0,185,-0.4512090419805567,-0.5576624969780051,-0.3329617589531009,12,True,0:300,0.24032400916578833,False,0.4521232555446004,183,True
long,512,64,60,2,主加热功率,0,186,-0.450647635879971,-0.5548220234924575,-0.3340751972456904,12,True,0:300,0.24032400916578833,False,0.4521232555446004,183,True
long,512,64,60,2,主加热功率,0,187,-0.44895296449968003,-0.555077610276661,-0.3315307267407819,12,True,0:300,0.24032400916578833,False,0.4521232555446004,183,True
long,512,64,60,2,主加热功率,0,188,-0.4468858483019748,-0.5497109851345916,-0.3299681125142444,12,True,0:300,0.24032400916578833,False,0.4521232555446004,183,True
long,512,64,60,2,主加热功率,0,189,-0.4446799645236793,-0.5416037919917709,-0.32550478714562847,12,True,0:300,0.24032400916578833,False,0.4521232555446004,183,True
long,512,64,60,2,主加热功率,0,190,-0.44369712237536574,-0.5403210494254699,-0.3243489483977583,12,True,0:300,0.24032400916578833,False,0.4521232555446004,183,True
long,512,64,60,2,主加热功率,0,191,-0.44426546616678986,-0.5406793383716995,-0.3310658328471081,12,True,0:300,0.24032400916578833,False,0.4521232555446004,183,True
long,512,64,60,2,主加热功率,0,192,-0.44628548654463557,-0.5440278589349437,-0.3380384869960206,12,True,0:300,0.24032400916578833,False,0.4521232555446004,183,True
long,512,64,60,2,主加热功率,0,193,-0.4487979655661111,-0.5440824674710527,-0.3427822791842618,12,True,0:300,0.24032400916578833,False,0.4521232555446004,183,True
long,512,64,60,2,主加热功率,0,194,-0.44843683348385405,-0.5433558682210641,-0.3460626597426214,12,True,0:300,0.24032400916578833,False,0.4521232555446004,183,True
long,512,64,60,2,主加热功率,0,195,-0.44630343804633116,-0.5420270047237581,-0.3452990815872771,12,True,0:300,0.24032400916578833,False,0.4521232555446004,183,True
long,512,64,60,2,主加热功率,0,196,-0.4415237153212437,-0.5376623626486143,-0.3368281443645638,12,True,0:300,0.24032400916578833,False,0.4521232555446004,183,True
long,512,64,60,2,主加热功率,0,197,-0.4367672746684408,-0.5341118951261711,-0.3284772092636846,12,True,0:300,0.24032400916578833,False,0.4521232555446004,183,True
long,512,64,60,2,主加热功率,0,198,-0.4342639658798219,-0.5350001828964249,-0.32498602018415323,12,True,0:300,0.24032400916578833,False,0.4521232555446004,183,True
long,512,64,60,2,主加热功率,0,199,-0.43349356495769154,-0.5381150408841919,-0.32262817288180534,12,True,0:300,0.24032400916578833,False,0.4521232555446004,183,True
long,512,64,60,2,主加热功率,0,200,-0.43021793745313164,-0.5384305851386556,-0.3213336349920236,12,True,0:300,0.24032400916578833,False,0.4521232555446004,183,True
long,512,64,60,2,主加热功率,0,201,-0.4270819728379891,-0.5366915430101806,-0.3167196930921955,12,True,0:300,0.24032400916578833,False,0.4521232555446004,183,True
long,512,64,60,2,主加热功率,0,202,-0.4276510937022918,-0.5379741592117617,-0.317961461797656,12,True,0:300,0.24032400916578833,False,0.4521232555446004,183,True
long,512,64,60,2,主加热功率,0,203,-0.42945077122575703,-0.5420078642878217,-0.3214170066476658,12,True,0:300,0.24032400916578833,False,0.4521232555446004,183,True
long,512,64,60,2,主加热功率,0,204,-0.43237021842064005,-0.5471043722701042,-0.3294462143257497,12,True,0:300,0.24032400916578833,False,0.4521232555446004,183,True
long,512,64,60,2,主加热功率,0,205,-0.4354567490622806,-0.5501603254144504,-0.3356538559853452,12,True,0:300,0.24032400916578833,False,0.4521232555446004,183,True
long,512,64,60,2,主加热功率,0,206,-0.4378591516391983,-0.5533774022803333,-0.34734488609734027,12,True,0:300,0.24032400916578833,False,0.4521232555446004,183,True
long,512,64,60,2,主加热功率,0,207,-0.43736191749056036,-0.5541425394293764,-0.34750115300629425,12,True,0:300,0.24032400916578833,False,0.4521232555446004,183,True
long,512,64,60,2,主加热功率,0,208,-0.4355362322830558,-0.5528493304770125,-0.34602865209271305,12,True,0:300,0.24032400916578833,False,0.4521232555446004,183,True
long,512,64,60,2,主加热功率,0,209,-0.4312225016976689,-0.5502543071738448,-0.3437799867096937,12,True,0:300,0.24032400916578833,False,0.4521232555446004,183,True
long,512,64,60,2,主加热功率,0,210,-0.42630127576870896,-0.5449934009612944,-0.33875102801737755,12,True,0:300,0.24032400916578833,False,0.4521232555446004,183,True
long,512,64,60,2,主加热功率,0,211,-0.42272412442080964,-0.5415547133311337,-0.3365922401200036,12,True,0:300,0.24032400916578833,False,0.4521232555446004,183,True
long,512,64,60,2,主加热功率,0,212,-0.42205306161649847,-0.5391520903313446,-0.3369815196148293,12,True,0:300,0.24032400916578833,False,0.4521232555446004,183,True
long,512,64,60,2,主加热功率,0,213,-0.42326378509416174,-0.5403629221322936,-0.3360246486829621,12,True,0:300,0.24032400916578833,False,0.4521232555446004,183,True
long,512,64,60,2,主加热功率,0,214,-0.42500048032872073,-0.5462977433513861,-0.33562657189187467,12,True,0:300,0.24032400916578833,False,0.4521232555446004,183,True
long,512,64,60,2,主加热功率,0,215,-0.42716897893424643,-0.5512488827412446,-0.33994187646162927,12,True,0:300,0.24032400916578833,False,0.4521232555446004,183,True
long,512,64,60,2,主加热功率,0,216,-0.42947236842037423,-0.5528096417418423,-0.3407969449947132,12,True,0:300,0.24032400916578833,False,0.4521232555446004,183,True
long,512,64,60,2,主加热功率,0,217,-0.4322002727337112,-0.5525505275453818,-0.3466530865727078,12,True,0:300,0.24032400916578833,False,0.4521232555446004,183,True
long,512,64,60,2,主加热功率,0,218,-0.4323777818057999,-0.5487590231018775,-0.3476960636166207,12,True,0:300,0.24032400916578833,False,0.4521232555446004,183,True
long,512,64,60,2,主加热功率,0,219,-0.43034831184405586,-0.5462108295314276,-0.34751014314273226,12,True,0:300,0.24032400916578833,False,0.4521232555446004,183,True
long,512,64,60,2,主加热功率,0,220,-0.4263926035171065,-0.5405394116506204,-0.34466956330167053,12,True,0:300,0.24032400916578833,False,0.4521232555446004,183,True
long,512,64,60,2,主加热功率,0,221,-0.4200570162326402,-0.5335629013701844,-0.338803549437721,12,True,0:300,0.24032400916578833,False,0.4521232555446004,183,True
long,512,64,60,2,主加热功率,0,222,-0.41271361361386005,-0.5262981985966547,-0.3280944384870696,12,True,0:300,0.24032400916578833,False,0.4521232555446004,183,True
long,512,64,60,2,主加热功率,0,223,-0.4052158982565496,-0.5193834459893238,-0.32139925956220744,12,True,0:300,0.24032400916578833,False,0.4521232555446004,183,True
long,512,64,60,2,主加热功率,0,224,-0.3995647892855612,-0.5195103294444312,-0.3193575196671992,12,True,0:300,0.24032400916578833,False,0.4521232555446004,183,True
long,512,64,60,2,主加热功率,0,225,-0.39767239535746196,-0.5235992953569718,-0.31776164080213853,12,True,0:300,0.24032400916578833,False,0.4521232555446004,183,True
long,512,64,60,2,主加热功率,0,226,-0.3965979576486506,-0.529337075402389,-0.31512241169414235,12,True,0:300,0.24032400916578833,False,0.4521232555446004,183,True
long,512,64,60,2,主加热功率,0,227,-0.3953549262252923,-0.5333058918663514,-0.31280431182149215,12,True,0:300,0.24032400916578833,False,0.4521232555446004,183,True
long,512,64,60,2,主加热功率,0,228,-0.3948894198307856,-0.5333684523595806,-0.31110754804158075,12,True,0:300,0.24032400916578833,False,0.4521232555446004,183,True
long,512,64,60,2,主加热功率,0,229,-0.3936767521990796,-0.5288798592900521,-0.30580604094367436,12,True,0:300,0.24032400916578833,False,0.4521232555446004,183,True
long,512,64,60,2,主加热功率,0,230,-0.38938259834091726,-0.5225708288990859,-0.29547153934630227,12,True,0:300,0.24032400916578833,False,0.4521232555446004,183,True
long,512,64,60,2,主加热功率,0,231,-0.3857059514388727,-0.5180356089163112,-0.2889152699942332,12,True,0:300,0.24032400916578833,False,0.4521232555446004,183,True
long,512,64,60,2,主加热功率,0,232,-0.38218649902481183,-0.5136557271967436,-0.2847225214618464,12,True,0:300,0.24032400916578833,False,0.4521232555446004,183,True
long,512,64,60,2,主加热功率,0,233,-0.3763735675287639,-0.5131444472516178,-0.27920422403027934,12,True,0:300,0.24032400916578833,False,0.4521232555446004,183,True
long,512,64,60,2,主加热功率,0,234,-0.37202394253192933,-0.5109717986562099,-0.27323996189164196,12,True,0:300,0.24032400916578833,False,0.4521232555446004,183,True
long,512,64,60,2,主加热功率,0,235,-0.36810596350379715,-0.506302391100612,-0.265015392789705,12,True,0:300,0.24032400916578833,False,0.4521232555446004,183,True
long,512,64,60,2,主加热功率,0,236,-0.36739146236536385,-0.5042771334248212,-0.26529571519930184,12,True,0:300,0.24032400916578833,False,0.4521232555446004,183,True
long,512,64,60,2,主加热功率,0,237,-0.3706876748188657,-0.5078858065780887,-0.27632827581040026,12,True,0:300,0.24032400916578833,False,0.4521232555446004,183,True
long,512,64,60,2,主加热功率,0,238,-0.3758545117158593,-0.5132070094929012,-0.2770227996781109,12,True,0:300,0.24032400916578833,False,0.4521232555446004,183,True
long,512,64,60,2,主加热功率,0,239,-0.38096366430096346,-0.5182240762316289,-0.2780333269078111,12,True,0:300,0.24032400916578833,False,0.4521232555446004,183,True
long,512,64,60,2,主加热功率,0,240,-0.384328185129732,-0.5192189702889176,-0.2820711323087048,12,True,0:300,0.24032400916578833,False,0.4521232555446004,183,True
long,512,64,60,2,主加热功率,0,241,-0.3876606729519279,-0.519318281928426,-0.28655430673309473,12,True,0:300,0.24032400916578833,False,0.4521232555446004,183,True
long,512,64,60,2,主加热功率,0,242,-0.388488341598081,-0.519509354558374,-0.2906484522358484,12,True,0:300,0.24032400916578833,False,0.4521232555446004,183,True
long,512,64,60,2,主加热功率,0,243,-0.38649605508181467,-0.5194299568162616,-0.2925038004591035,12,True,0:300,0.24032400916578833,False,0.4521232555446004,183,True
long,512,64,60,2,主加热功率,0,244,-0.3817309454682935,-0.5149699832311504,-0.2904500080866154,12,True,0:300,0.24032400916578833,False,0.4521232555446004,183,True
long,512,64,60,2,主加热功率,0,245,-0.37709932874770763,-0.5137388455541001,-0.2869887640086974,12,True,0:300,0.24032400916578833,False,0.4521232555446004,183,True
long,512,64,60,2,主加热功率,0,246,-0.37435122736186754,-0.509816041402482,-0.28730890957962346,12,True,0:300,0.24032400916578833,False,0.4521232555446004,183,True
long,512,64,60,2,主加热功率,0,247,-0.37634506554299196,-0.5118105467553646,-0.29092423911467113,12,True,0:300,0.24032400916578833,False,0.4521232555446004,183,True
long,512,64,60,2,主加热功率,0,248,-0.38240012092671577,-0.5158626476035836,-0.29378997243879246,12,True,0:300,0.24032400916578833,False,0.4521232555446004,183,True
long,512,64,60,2,主加热功率,0,249,-0.3883361942999023,-0.5166056164911874,-0.29520147690940646,12,True,0:300,0.24032400916578833,False,0.4521232555446004,183,True
long,512,64,60,2,主加热功率,0,250,-0.39341845830378497,-0.5220268561288951,-0.30335993962783764,12,True,0:300,0.24032400916578833,False,0.4521232555446004,183,True
long,512,64,60,2,主加热功率,0,251,-0.3984994446049156,-0.5265218019401501,-0.3098231341393281,12,True,0:300,0.24032400916578833,False,0.4521232555446004,183,True
long,512,64,60,2,主加热功率,0,252,-0.40341122552743613,-0.5277937178930661,-0.31322680904838784,12,True,0:300,0.24032400916578833,False,0.4521232555446004,183,True
long,512,64,60,2,主加热功率,0,253,-0.40854640066238473,-0.5317685508542909,-0.32088360124562465,12,True,0:300,0.24032400916578833,False,0.4521232555446004,183,True
long,512,64,60,2,主加热功率,0,254,-0.4143255135930581,-0.5365193203681944,-0.330117641054626,12,True,0:300,0.24032400916578833,False,0.4521232555446004,183,True
long,512,64,60,2,主加热功率,0,255,-0.41980978487025533,-0.5462946803655553,-0.33977646665661165,12,True,0:300,0.24032400916578833,False,0.4521232555446004,183,True
long,512,64,60,2,主加热功率,0,256,-0.4226936099390171,-0.5516226174053979,-0.3399376823827322,12,True,0:300,0.24032400916578833,False,0.4521232555446004,183,True
long,512,64,60,2,主加热功率,0,257,-0.42464147148651565,-0.5492145180278811,-0.34444048736156285,12,True,0:300,0.24032400916578833,False,0.4521232555446004,183,True
long,512,64,60,2,主加热功率,0,258,-0.42516814751966076,-0.5446584161187155,-0.34295326540165977,12,True,0:300,0.24032400916578833,False,0.4521232555446004,183,True
long,512,64,60,2,主加热功率,0,259,-0.4264399594050741,-0.544110054153831,-0.34315191173404563,12,True,0:300,0.24032400916578833,False,0.4521232555446004,183,True
long,512,64,60,2,主加热功率,0,260,-0.4314415569820219,-0.5514440891495594,-0.34749932457807314,12,True,0:300,0.24032400916578833,False,0.4521232555446004,183,True
long,512,64,60,2,主加热功率,0,261,-0.4383383028633803,-0.5609894781399769,-0.3586956662202506,12,True,0:300,0.24032400916578833,False,0.4521232555446004,183,True
long,512,64,60,2,主加热功率,0,262,-0.44408923881685264,-0.563238412459705,-0.36509323155709766,12,True,0:300,0.24032400916578833,False,0.4521232555446004,183,True
long,512,64,60,2,主加热功率,0,263,-0.44825373125802276,-0.5651178008344965,-0.36664915042217866,12,True,0:300,0.24032400916578833,False,0.4521232555446004,183,True
long,512,64,60,2,主加热功率,0,264,-0.4504103742276746,-0.5694073096130794,-0.3668935686888334,12,True,0:300,0.24032400916578833,False,0.4521232555446004,183,True
long,512,64,60,2,主加热功率,0,265,-0.4507771176514346,-0.5721217639687024,-0.3686128251351746,12,True,0:300,0.24032400916578833,False,0.4521232555446004,183,True
long,512,64,60,2,主加热功率,0,266,-0.44975355505172143,-0.5729771529133105,-0.36838211224578576,12,True,0:300,0.24032400916578833,False,0.4521232555446004,183,True
long,512,64,60,2,主加热功率,0,267,-0.4490271848623864,-0.5744125474569589,-0.3667996370486074,12,True,0:300,0.24032400916578833,False,0.4521232555446004,183,True
long,512,64,60,2,主加热功率,0,268,-0.4483000443440368,-0.5772945019559321,-0.36503323782577357,12,True,0:300,0.24032400916578833,False,0.4521232555446004,183,True
long,512,64,60,2,主加热功率,0,269,-0.44809961796452136,-0.5747505020963689,-0.36165368306209866,12,True,0:300,0.24032400916578833,False,0.4521232555446004,183,True
long,512,64,60,2,主加热功率,0,270,-0.4471068253147247,-0.5688139245855576,-0.35167453714194746,12,True,0:300,0.24032400916578833,False,0.4521232555446004,183,True
long,512,64,60,2,主加热功率,0,271,-0.4446587834675102,-0.565802347425712,-0.34576054627994285,12,True,0:300,0.24032400916578833,False,0.4521232555446004,183,True
long,512,64,60,2,主加热功率,0,272,-0.440636345276787,-0.5632575754379753,-0.34518204353209014,12,True,0:300,0.24032400916578833,False,0.4521232555446004,183,True
long,512,64,60,2,主加热功率,0,273,-0.43766969237708603,-0.5604594636593221,-0.3444323275545372,12,True,0:300,0.24032400916578833,False,0.4521232555446004,183,True
long,512,64,60,2,主加热功率,0,274,-0.4363566142883801,-0.5582450542438874,-0.34378567159312745,12,True,0:300,0.24032400916578833,False,0.4521232555446004,183,True
long,512,64,60,2,主加热功率,0,275,-0.43502085546159586,-0.5549855105132863,-0.34687728463062356,12,True,0:300,0.24032400916578833,False,0.4521232555446004,183,True
long,512,64,60,2,主加热功率,0,276,-0.43227671394396056,-0.5531058096211764,-0.3482562661625939,12,True,0:300,0.24032400916578833,False,0.4521232555446004,183,True
long,512,64,60,2,主加热功率,0,277,-0.4272957201813181,-0.5556551677733864,-0.3418990315729962,12,True,0:300,0.24032400916578833,False,0.4521232555446004,183,True
long,512,64,60,2,主加热功率,0,278,-0.42225601567727616,-0.552921744429698,-0.33242193940581805,12,True,0:300,0.24032400916578833,False,0.4521232555446004,183,True
long,512,64,60,2,主加热功率,0,279,-0.41742603128034916,-0.5504354013750846,-0.3276691461440442,12,True,0:300,0.24032400916578833,False,0.4521232555446004,183,True
long,512,64,60,2,主加热功率,0,280,-0.41477316062253994,-0.5466486611193818,-0.32343670319669937,12,True,0:300,0.24032400916578833,False,0.4521232555446004,183,True
long,512,64,60,2,主加热功率,0,281,-0.41412720713690115,-0.5468462842601598,-0.3237260370674657,12,True,0:300,0.24032400916578833,False,0.4521232555446004,183,True
long,512,64,60,2,主加热功率,0,282,-0.4120495581968079,-0.5474667247076432,-0.3250882569818003,12,True,0:300,0.24032400916578833,False,0.4521232555446004,183,True
long,512,64,60,2,主加热功率,0,283,-0.41132891158927026,-0.546567068745762,-0.3250908806986083,12,True,0:300,0.24032400916578833,False,0.4521232555446004,183,True
long,512,64,60,2,主加热功率,0,284,-0.41086655423326446,-0.5465047805635468,-0.32260210655671395,12,True,0:300,0.24032400916578833,False,0.4521232555446004,183,True
long,512,64,60,2,主加热功率,0,285,-0.4078113926415712,-0.5456516400849961,-0.31882559438844027,12,True,0:300,0.24032400916578833,False,0.4521232555446004,183,True
long,512,64,60,2,主加热功率,0,286,-0.40688928693948634,-0.5469542877299247,-0.3176997453932882,12,True,0:300,0.24032400916578833,False,0.4521232555446004,183,True
long,512,64,60,2,主加热功率,0,287,-0.4064216418683955,-0.5482269772184605,-0.31948904743182965,12,True,0:300,0.24032400916578833,False,0.4521232555446004,183,True
long,512,64,60,2,主加热功率,0,288,-0.4061549077813884,-0.545504107385479,-0.31946159132701235,12,True,0:300,0.24032400916578833,False,0.4521232555446004,183,True
long,512,64,60,2,主加热功率,0,289,-0.4052079409931535,-0.5413932264783964,-0.32239010256090356,12,True,0:300,0.24032400916578833,False,0.4521232555446004,183,True
long,512,64,60,2,主加热功率,0,290,-0.4045504037504472,-0.5399751789723612,-0.31971329622834144,12,True,0:300,0.24032400916578833,False,0.4521232555446004,183,True
long,512,64,60,2,主加热功率,0,291,-0.40308939190339194,-0.5406437802170758,-0.31795131562784107,12,True,0:300,0.24032400916578833,False,0.4521232555446004,183,True
long,512,64,60,2,主加热功率,0,292,-0.401547153175881,-0.541197569075164,-0.3160783627074155,12,True,0:300,0.24032400916578833,False,0.4521232555446004,183,True
long,512,64,60,2,主加热功率,0,293,-0.40174708865222275,-0.5452310083376002,-0.31310494996432164,12,True,0:300,0.24032400916578833,False,0.4521232555446004,183,True
long,512,64,60,2,主加热功率,0,294,-0.40174630771335657,-0.547474904246314,-0.30569189716636525,12,True,0:300,0.24032400916578833,False,0.4521232555446004,183,True
long,512,64,60,2,主加热功率,0,295,-0.40041554413548425,-0.548264148525388,-0.2983692347364733,12,True,0:300,0.24032400916578833,False,0.4521232555446004,183,True
long,512,64,60,2,主加热功率,0,296,-0.3993657788003475,-0.548145649132368,-0.2948829873153399,12,True,0:300,0.24032400916578833,False,0.4521232555446004,183,True
long,512,64,60,2,主加热功率,0,297,-0.39761516894400095,-0.5455632439148427,-0.2923649240648042,12,True,0:300,0.24032400916578833,False,0.4521232555446004,183,True
long,512,64,60,2,主加热功率,0,298,-0.3963647008084127,-0.5405913176244967,-0.2933127423828276,12,True,0:300,0.24032400916578833,False,0.4521232555446004,183,True
long,512,64,60,2,主加热功率,0,299,-0.3937673005544053,-0.5327752614638642,-0.29436321726682213,12,True,0:300,0.24032400916578833,False,0.4521232555446004,183,True
long,512,64,60,2,主加热功率,0,300,-0.3898360452079642,-0.5234611165837987,-0.28646233230440626,12,True,0:300,0.24032400916578833,False,0.4521232555446004,183,True
long,512,64,60,2,晶升速度,1,0,0.09217852530149528,-0.049079732676522575,0.22733436669760387,12,False,4:43;48:74;281:300,0.2480054405086299,False,0.27822127015572545,28,False
long,512,64,60,2,晶升速度,1,1,0.09924527616556517,-0.03978519964218334,0.2380540962390451,12,False,4:43;48:74;281:300,0.2480054405086299,False,0.27822127015572545,28,False
long,512,64,60,2,晶升速度,1,2,0.11040107218134929,-0.026992763357809403,0.2486339093996689,12,False,4:43;48:74;281:300,0.2480054405086299,False,0.27822127015572545,28,False
long,512,64,60,2,晶升速度,1,3,0.12330728164712032,-0.01162314787237493,0.258039404294188,12,False,4:43;48:74;281:300,0.2480054405086299,False,0.27822127015572545,28,False
long,512,64,60,2,晶升速度,1,4,0.135414912164236,0.0005463901575786852,0.2665575163139631,12,True,4:43;48:74;281:300,0.2480054405086299,False,0.27822127015572545,28,False
long,512,64,60,2,晶升速度,1,5,0.1453472361302674,0.008349549732103567,0.27293442078732066,12,True,4:43;48:74;281:300,0.2480054405086299,False,0.27822127015572545,28,False
long,512,64,60,2,晶升速度,1,6,0.15430876382528055,0.012962255153875474,0.27654893908243444,12,True,4:43;48:74;281:300,0.2480054405086299,False,0.27822127015572545,28,False
long,512,64,60,2,晶升速度,1,7,0.1596046668218766,0.012227485177037938,0.27578004374302195,12,True,4:43;48:74;281:300,0.2480054405086299,False,0.27822127015572545,28,False
long,512,64,60,2,晶升速度,1,8,0.16285278316256632,0.014731541301036422,0.2766464424910438,12,True,4:43;48:74;281:300,0.2480054405086299,False,0.27822127015572545,28,False
long,512,64,60,2,晶升速度,1,9,0.16484966769508042,0.018189885325300446,0.27492916773891796,12,True,4:43;48:74;281:300,0.2480054405086299,False,0.27822127015572545,28,False
long,512,64,60,2,晶升速度,1,10,0.1658407586880802,0.021298194422583155,0.27573770065270164,12,True,4:43;48:74;281:300,0.2480054405086299,False,0.27822127015572545,28,False
long,512,64,60,2,晶升速度,1,11,0.1706748699322547,0.026698144075700994,0.2821965094399894,12,True,4:43;48:74;281:300,0.2480054405086299,False,0.27822127015572545,28,False
long,512,64,60,2,晶升速度,1,12,0.18070014856130806,0.028634099414119235,0.2991211147484618,12,True,4:43;48:74;281:300,0.2480054405086299,False,0.27822127015572545,28,False
long,512,64,60,2,晶升速度,1,13,0.19484852012051548,0.036630258947431785,0.3181436862345204,12,True,4:43;48:74;281:300,0.2480054405086299,False,0.27822127015572545,28,False
long,512,64,60,2,晶升速度,1,14,0.21053428624249879,0.05552607869275674,0.33870010428667463,12,True,4:43;48:74;281:300,0.2480054405086299,False,0.27822127015572545,28,False
long,512,64,60,2,晶升速度,1,15,0.22351193670585548,0.07455048960216586,0.3566309543094508,12,True,4:43;48:74;281:300,0.2480054405086299,False,0.27822127015572545,28,False
long,512,64,60,2,晶升速度,1,16,0.2319179551190534,0.0861403941151322,0.3695519422302644,12,True,4:43;48:74;281:300,0.2480054405086299,False,0.27822127015572545,28,False
long,512,64,60,2,晶升速度,1,17,0.2345839419221202,0.08475231038389111,0.374439861702433,12,True,4:43;48:74;281:300,0.2480054405086299,False,0.27822127015572545,28,False
long,512,64,60,2,晶升速度,1,18,0.23232215043034268,0.08185539282111726,0.3760795930607604,12,True,4:43;48:74;281:300,0.2480054405086299,False,0.27822127015572545,28,False
long,512,64,60,2,晶升速度,1,19,0.22862141733061678,0.0753899071181976,0.37521563145863224,12,True,4:43;48:74;281:300,0.2480054405086299,False,0.27822127015572545,28,False
long,512,64,60,2,晶升速度,1,20,0.22480106129482144,0.06427723581407732,0.37112956801505215,12,True,4:43;48:74;281:300,0.2480054405086299,False,0.27822127015572545,28,False
long,512,64,60,2,晶升速度,1,21,0.22202621094641387,0.05464938261097877,0.3670355614056229,12,True,4:43;48:74;281:300,0.2480054405086299,False,0.27822127015572545,28,False
long,512,64,60,2,晶升速度,1,22,0.2210568176506042,0.05211753399108289,0.36620189858409324,12,True,4:43;48:74;281:300,0.2480054405086299,False,0.27822127015572545,28,False
long,512,64,60,2,晶升速度,1,23,0.22376358584837489,0.0553031595902872,0.37236598733486675,12,True,4:43;48:74;281:300,0.2480054405086299,False,0.27822127015572545,28,False
long,512,64,60,2,晶升速度,1,24,0.23219354533676118,0.06387135187519594,0.3874662478859123,12,True,4:43;48:74;281:300,0.2480054405086299,False,0.27822127015572545,28,False
long,512,64,60,2,晶升速度,1,25,0.24478724127272572,0.07975480571503776,0.4072712388740643,12,True,4:43;48:74;281:300,0.2480054405086299,False,0.27822127015572545,28,False
long,512,64,60,2,晶升速度,1,26,0.25959689441034073,0.0983035015420533,0.4267816794516576,12,True,4:43;48:74;281:300,0.2480054405086299,False,0.27822127015572545,28,False
long,512,64,60,2,晶升速度,1,27,0.2725540332340324,0.11365423451235823,0.4406015527340581,12,True,4:43;48:74;281:300,0.2480054405086299,False,0.27822127015572545,28,False
long,512,64,60,2,晶升速度,1,28,0.27822127015572545,0.12171296055776344,0.44857848921620525,12,True,4:43;48:74;281:300,0.2480054405086299,True,0.27822127015572545,28,False
long,512,64,60,2,晶升速度,1,29,0.2765863430588422,0.11948161910763196,0.449431349924564,12,True,4:43;48:74;281:300,0.2480054405086299,False,0.27822127015572545,28,False
long,512,64,60,2,晶升速度,1,30,0.26841143691493496,0.1126710816617788,0.44020655750705506,12,True,4:43;48:74;281:300,0.2480054405086299,False,0.27822127015572545,28,False
long,512,64,60,2,晶升速度,1,31,0.25626964869978097,0.10430398181136374,0.425896441486783,12,True,4:43;48:74;281:300,0.2480054405086299,False,0.27822127015572545,28,False
long,512,64,60,2,晶升速度,1,32,0.24526884481479344,0.09600850574121013,0.4139222861954379,12,True,4:43;48:74;281:300,0.2480054405086299,False,0.27822127015572545,28,False
long,512,64,60,2,晶升速度,1,33,0.23722878871083763,0.09065165763891128,0.4056769686098406,12,True,4:43;48:74;281:300,0.2480054405086299,False,0.27822127015572545,28,False
long,512,64,60,2,晶升速度,1,34,0.23215439540089072,0.08765994921714457,0.40886153541659703,12,True,4:43;48:74;281:300,0.2480054405086299,False,0.27822127015572545,28,False
long,512,64,60,2,晶升速度,1,35,0.23012998946997998,0.0892928342662619,0.4152809111787967,12,True,4:43;48:74;281:300,0.2480054405086299,False,0.27822127015572545,28,False
long,512,64,60,2,晶升速度,1,36,0.22888860639061032,0.09212983488300047,0.42041630126241086,12,True,4:43;48:74;281:300,0.2480054405086299,False,0.27822127015572545,28,False
long,512,64,60,2,晶升速度,1,37,0.22836448548953528,0.09728158054903337,0.4191581399310198,12,True,4:43;48:74;281:300,0.2480054405086299,False,0.27822127015572545,28,False
long,512,64,60,2,晶升速度,1,38,0.22739677898356936,0.09190182127294824,0.4175464595131505,12,True,4:43;48:74;281:300,0.2480054405086299,False,0.27822127015572545,28,False
long,512,64,60,2,晶升速度,1,39,0.2230778624347066,0.07992611050105379,0.411941704405654,12,True,4:43;48:74;281:300,0.2480054405086299,False,0.27822127015572545,28,False
long,512,64,60,2,晶升速度,1,40,0.2151691160784995,0.06444741468401319,0.40540586220420083,12,True,4:43;48:74;281:300,0.2480054405086299,False,0.27822127015572545,28,False
long,512,64,60,2,晶升速度,1,41,0.20195795697104918,0.042758682220288974,0.3883928192162286,12,True,4:43;48:74;281:300,0.2480054405086299,False,0.27822127015572545,28,False
long,512,64,60,2,晶升速度,1,42,0.18688073327338323,0.023603680824591047,0.36522313372021464,12,True,4:43;48:74;281:300,0.2480054405086299,False,0.27822127015572545,28,False
long,512,64,60,2,晶升速度,1,43,0.1730182315696691,0.00687747134236808,0.34671780202695196,12,True,4:43;48:74;281:300,0.2480054405086299,False,0.27822127015572545,28,False
long,512,64,60,2,晶升速度,1,44,0.16308763709884472,-0.00499253673275051,0.33834668739603013,12,False,4:43;48:74;281:300,0.2480054405086299,False,0.27822127015572545,28,False
long,512,64,60,2,晶升速度,1,45,0.15818421223642956,-0.00841424598514823,0.3337784315934336,12,False,4:43;48:74;281:300,0.2480054405086299,False,0.27822127015572545,28,False
long,512,64,60,2,晶升速度,1,46,0.15913945544080063,-0.008662917946712489,0.33295096873901897,12,False,4:43;48:74;281:300,0.2480054405086299,False,0.27822127015572545,28,False
long,512,64,60,2,晶升速度,1,47,0.16532832130475122,-0.00448252086558199,0.3321582682450388,12,False,4:43;48:74;281:300,0.2480054405086299,False,0.27822127015572545,28,False
long,512,64,60,2,晶升速度,1,48,0.17505232899014747,0.0017981303952247527,0.33469332930146467,12,True,4:43;48:74;281:300,0.2480054405086299,False,0.27822127015572545,28,False
long,512,64,60,2,晶升速度,1,49,0.1860020266741358,0.007742016972592766,0.34185280546914915,12,True,4:43;48:74;281:300,0.2480054405086299,False,0.27822127015572545,28,False
long,512,64,60,2,晶升速度,1,50,0.1951370932275553,0.01387746606562568,0.34873138529578523,12,True,4:43;48:74;281:300,0.2480054405086299,False,0.27822127015572545,28,False
long,512,64,60,2,晶升速度,1,51,0.2019169533585814,0.01899049509447601,0.35218789884592155,12,True,4:43;48:74;281:300,0.2480054405086299,False,0.27822127015572545,28,False
long,512,64,60,2,晶升速度,1,52,0.2053658964793387,0.022828630947150447,0.3539923685472294,12,True,4:43;48:74;281:300,0.2480054405086299,False,0.27822127015572545,28,False
long,512,64,60,2,晶升速度,1,53,0.20374638214987728,0.022946032236154833,0.3506661544458957,12,True,4:43;48:74;281:300,0.2480054405086299,False,0.27822127015572545,28,False
long,512,64,60,2,晶升速度,1,54,0.20129149687402662,0.0241057566564178,0.34473150817083587,12,True,4:43;48:74;281:300,0.2480054405086299,False,0.27822127015572545,28,False
long,512,64,60,2,晶升速度,1,55,0.19743469273531244,0.021376536248242897,0.3337706714391774,12,True,4:43;48:74;281:300,0.2480054405086299,False,0.27822127015572545,28,False
long,512,64,60,2,晶升速度,1,56,0.1968619723641534,0.02809092734983741,0.32481626672418656,12,True,4:43;48:74;281:300,0.2480054405086299,False,0.27822127015572545,28,False
long,512,64,60,2,晶升速度,1,57,0.20023558591537619,0.043006994004970704,0.32815903088089615,12,True,4:43;48:74;281:300,0.2480054405086299,False,0.27822127015572545,28,False
long,512,64,60,2,晶升速度,1,58,0.2082547846835258,0.06125745351636043,0.336803576972066,12,True,4:43;48:74;281:300,0.2480054405086299,False,0.27822127015572545,28,False
long,512,64,60,2,晶升速度,1,59,0.21717441698690035,0.07821329352007017,0.3481281455965378,12,True,4:43;48:74;281:300,0.2480054405086299,False,0.27822127015572545,28,False
long,512,64,60,2,晶升速度,1,60,0.2243745160904156,0.08957913342946194,0.35479474066673455,12,True,4:43;48:74;281:300,0.2480054405086299,False,0.27822127015572545,28,False
long,512,64,60,2,晶升速度,1,61,0.23039402310428256,0.09724621404624517,0.35965570489422993,12,True,4:43;48:74;281:300,0.2480054405086299,False,0.27822127015572545,28,False
long,512,64,60,2,晶升速度,1,62,0.23152335245939945,0.09585571883974801,0.3601878815587565,12,True,4:43;48:74;281:300,0.2480054405086299,False,0.27822127015572545,28,False
long,512,64,60,2,晶升速度,1,63,0.22890855001432198,0.08967746804155532,0.3608721066807923,12,True,4:43;48:74;281:300,0.2480054405086299,False,0.27822127015572545,28,False
long,512,64,60,2,晶升速度,1,64,0.22165674301006422,0.0805815576938049,0.3565673923459102,12,True,4:43;48:74;281:300,0.2480054405086299,False,0.27822127015572545,28,False
long,512,64,60,2,晶升速度,1,65,0.21205120182241258,0.06826973000827889,0.3518919109455688,12,True,4:43;48:74;281:300,0.2480054405086299,False,0.27822127015572545,28,False
long,512,64,60,2,晶升速度,1,66,0.20171040801046186,0.05306865249233471,0.345927141195237,12,True,4:43;48:74;281:300,0.2480054405086299,False,0.27822127015572545,28,False
long,512,64,60,2,晶升速度,1,67,0.19308645990588477,0.04070970136131401,0.339239606542404,12,True,4:43;48:74;281:300,0.2480054405086299,False,0.27822127015572545,28,False
long,512,64,60,2,晶升速度,1,68,0.18788266766579484,0.0330174687428289,0.33552528599847836,12,True,4:43;48:74;281:300,0.2480054405086299,False,0.27822127015572545,28,False
long,512,64,60,2,晶升速度,1,69,0.18606458150649816,0.027781335321307044,0.3288179436119684,12,True,4:43;48:74;281:300,0.2480054405086299,False,0.27822127015572545,28,False
long,512,64,60,2,晶升速度,1,70,0.18846750817393024,0.024952012418737842,0.32392438478765323,12,True,4:43;48:74;281:300,0.2480054405086299,False,0.27822127015572545,28,False
long,512,64,60,2,晶升速度,1,71,0.19086743700879671,0.01947727057320078,0.321181343869028,12,True,4:43;48:74;281:300,0.2480054405086299,False,0.27822127015572545,28,False
long,512,64,60,2,晶升速度,1,72,0.19168355679856183,0.017383660499977697,0.31951254740167895,12,True,4:43;48:74;281:300,0.2480054405086299,False,0.27822127015572545,28,False
long,512,64,60,2,晶升速度,1,73,0.1903372831519249,0.011947479465140366,0.3185619087442342,12,True,4:43;48:74;281:300,0.2480054405086299,False,0.27822127015572545,28,False
long,512,64,60,2,晶升速度,1,74,0.18426009418153103,0.004173951457576793,0.30606467220583095,12,True,4:43;48:74;281:300,0.2480054405086299,False,0.27822127015572545,28,False
long,512,64,60,2,晶升速度,1,75,0.17748806051063826,-0.008585422061868235,0.2890259368262376,12,False,4:43;48:74;281:300,0.2480054405086299,False,0.27822127015572545,28,False
long,512,64,60,2,晶升速度,1,76,0.16839798208980225,-0.02470735565266708,0.27531903929272855,12,False,4:43;48:74;281:300,0.2480054405086299,False,0.27822127015572545,28,False
long,512,64,60,2,晶升速度,1,77,0.15696772311008886,-0.034425663700500916,0.2614760146956774,12,False,4:43;48:74;281:300,0.2480054405086299,False,0.27822127015572545,28,False
long,512,64,60,2,晶升速度,1,78,0.14566461986054316,-0.04086566580825101,0.2483163034625492,12,False,4:43;48:74;281:300,0.2480054405086299,False,0.27822127015572545,28,False
long,512,64,60,2,晶升速度,1,79,0.13522518708683798,-0.04604974582920744,0.24045262331188494,12,False,4:43;48:74;281:300,0.2480054405086299,False,0.27822127015572545,28,False
long,512,64,60,2,晶升速度,1,80,0.12770543795784217,-0.04706200251857577,0.23628854892033746,12,False,4:43;48:74;281:300,0.2480054405086299,False,0.27822127015572545,28,False
long,512,64,60,2,晶升速度,1,81,0.12440221002567485,-0.043347833345348225,0.23320332594476004,12,False,4:43;48:74;281:300,0.2480054405086299,False,0.27822127015572545,28,False
long,512,64,60,2,晶升速度,1,82,0.12426302561400324,-0.03743363372991344,0.2365154771091208,12,False,4:43;48:74;281:300,0.2480054405086299,False,0.27822127015572545,28,False
long,512,64,60,2,晶升速度,1,83,0.12420269146792093,-0.029146285179902448,0.23439224523179,12,False,4:43;48:74;281:300,0.2480054405086299,False,0.27822127015572545,28,False
long,512,64,60,2,晶升速度,1,84,0.1220299978218411,-0.022137400298947663,0.23034394313226025,12,False,4:43;48:74;281:300,0.2480054405086299,False,0.27822127015572545,28,False
long,512,64,60,2,晶升速度,1,85,0.11508772356585972,-0.027450423756253513,0.22863470566357322,12,False,4:43;48:74;281:300,0.2480054405086299,False,0.27822127015572545,28,False
long,512,64,60,2,晶升速度,1,86,0.10508720547637634,-0.04345608129900586,0.22332273320275764,12,False,4:43;48:74;281:300,0.2480054405086299,False,0.27822127015572545,28,False
long,512,64,60,2,晶升速度,1,87,0.09369625264856282,-0.059261362331076844,0.21342576796509685,12,False,4:43;48:74;281:300,0.2480054405086299,False,0.27822127015572545,28,False
long,512,64,60,2,晶升速度,1,88,0.08295864108224033,-0.0680101267693867,0.20099672276380048,12,False,4:43;48:74;281:300,0.2480054405086299,False,0.27822127015572545,28,False
long,512,64,60,2,晶升速度,1,89,0.07304134920114605,-0.07327203647555303,0.18698256931259946,12,False,4:43;48:74;281:300,0.2480054405086299,False,0.27822127015572545,28,False
long,512,64,60,2,晶升速度,1,90,0.06600786732079318,-0.0737088787390215,0.1713864962829582,12,False,4:43;48:74;281:300,0.2480054405086299,False,0.27822127015572545,28,False
long,512,64,60,2,晶升速度,1,91,0.06252880671296933,-0.07394677104119153,0.16471846965133066,12,False,4:43;48:74;281:300,0.2480054405086299,False,0.27822127015572545,28,False
long,512,64,60,2,晶升速度,1,92,0.061319000246376015,-0.07345359274805932,0.16092515942035646,12,False,4:43;48:74;281:300,0.2480054405086299,False,0.27822127015572545,28,False
long,512,64,60,2,晶升速度,1,93,0.06283205360618137,-0.06630785816297648,0.16633208172372077,12,False,4:43;48:74;281:300,0.2480054405086299,False,0.27822127015572545,28,False
long,512,64,60,2,晶升速度,1,94,0.06694689757234523,-0.058698530999746784,0.1762721462405249,12,False,4:43;48:74;281:300,0.2480054405086299,False,0.27822127015572545,28,False
long,512,64,60,2,晶升速度,1,95,0.0710061398482408,-0.047900184256273126,0.18631762156417636,12,False,4:43;48:74;281:300,0.2480054405086299,False,0.27822127015572545,28,False
long,512,64,60,2,晶升速度,1,96,0.07407523132987616,-0.037927108380375434,0.18968396462555262,12,False,4:43;48:74;281:300,0.2480054405086299,False,0.27822127015572545,28,False
long,512,64,60,2,晶升速度,1,97,0.0727759407818672,-0.03464332050658142,0.18724221104904018,12,False,4:43;48:74;281:300,0.2480054405086299,False,0.27822127015572545,28,False
long,512,64,60,2,晶升速度,1,98,0.07093936093803581,-0.032832234091150346,0.18523664194502812,12,False,4:43;48:74;281:300,0.2480054405086299,False,0.27822127015572545,28,False
long,512,64,60,2,晶升速度,1,99,0.06834438929151121,-0.034570405229377044,0.17739518171086943,12,False,4:43;48:74;281:300,0.2480054405086299,False,0.27822127015572545,28,False
long,512,64,60,2,晶升速度,1,100,0.06644392487368588,-0.03342693131702832,0.1772612648359195,12,False,4:43;48:74;281:300,0.2480054405086299,False,0.27822127015572545,28,False
long,512,64,60,2,晶升速度,1,101,0.06496777229965219,-0.04294798618579432,0.17622695520450157,12,False,4:43;48:74;281:300,0.2480054405086299,False,0.27822127015572545,28,False
long,512,64,60,2,晶升速度,1,102,0.06391721563991028,-0.050769566240838976,0.18099237940811252,12,False,4:43;48:74;281:300,0.2480054405086299,False,0.27822127015572545,28,False
long,512,64,60,2,晶升速度,1,103,0.06395682561854733,-0.05541858175781227,0.18757414311489362,12,False,4:43;48:74;281:300,0.2480054405086299,False,0.27822127015572545,28,False
long,512,64,60,2,晶升速度,1,104,0.06685767650324197,-0.05652466633837839,0.20017515892973062,12,False,4:43;48:74;281:300,0.2480054405086299,False,0.27822127015572545,28,False
long,512,64,60,2,晶升速度,1,105,0.07172215353843309,-0.05480282888183404,0.2138308172729534,12,False,4:43;48:74;281:300,0.2480054405086299,False,0.27822127015572545,28,False
long,512,64,60,2,晶升速度,1,106,0.07641535333585975,-0.05390848178905448,0.22012565819542917,12,False,4:43;48:74;281:300,0.2480054405086299,False,0.27822127015572545,28,False
long,512,64,60,2,晶升速度,1,107,0.08019069993108527,-0.05567031030532426,0.2254212446683501,12,False,4:43;48:74;281:300,0.2480054405086299,False,0.27822127015572545,28,False
long,512,64,60,2,晶升速度,1,108,0.08058072579094955,-0.06287440494987,0.22469993017519832,12,False,4:43;48:74;281:300,0.2480054405086299,False,0.27822127015572545,28,False
long,512,64,60,2,晶升速度,1,109,0.07962989870990729,-0.06492633712334235,0.22730136948030508,12,False,4:43;48:74;281:300,0.2480054405086299,False,0.27822127015572545,28,False
long,512,64,60,2,晶升速度,1,110,0.07772506433586139,-0.06292815333022253,0.23205777802119398,12,False,4:43;48:74;281:300,0.2480054405086299,False,0.27822127015572545,28,False
long,512,64,60,2,晶升速度,1,111,0.07481844727850841,-0.06813191408565347,0.23499506698462413,12,False,4:43;48:74;281:300,0.2480054405086299,False,0.27822127015572545,28,False
long,512,64,60,2,晶升速度,1,112,0.0722581054043032,-0.07212820860128615,0.23652543500612,12,False,4:43;48:74;281:300,0.2480054405086299,False,0.27822127015572545,28,False
long,512,64,60,2,晶升速度,1,113,0.07265052824886378,-0.07778170186426661,0.2414253433298593,12,False,4:43;48:74;281:300,0.2480054405086299,False,0.27822127015572545,28,False
long,512,64,60,2,晶升速度,1,114,0.07326623360567767,-0.08219327315952109,0.24212685482317095,12,False,4:43;48:74;281:300,0.2480054405086299,False,0.27822127015572545,28,False
long,512,64,60,2,晶升速度,1,115,0.07634029279974099,-0.0789855986801154,0.2417635894327804,12,False,4:43;48:74;281:300,0.2480054405086299,False,0.27822127015572545,28,False
long,512,64,60,2,晶升速度,1,116,0.08140282084793786,-0.07381308286548832,0.2416840364969412,12,False,4:43;48:74;281:300,0.2480054405086299,False,0.27822127015572545,28,False
long,512,64,60,2,晶升速度,1,117,0.08612864814303965,-0.06982020054930513,0.24088955947552795,12,False,4:43;48:74;281:300,0.2480054405086299,False,0.27822127015572545,28,False
long,512,64,60,2,晶升速度,1,118,0.09012244262074101,-0.06884498457807137,0.23990614418624637,12,False,4:43;48:74;281:300,0.2480054405086299,False,0.27822127015572545,28,False
long,512,64,60,2,晶升速度,1,119,0.09308549252339415,-0.06548509948552278,0.24554724085861537,12,False,4:43;48:74;281:300,0.2480054405086299,False,0.27822127015572545,28,False
long,512,64,60,2,晶升速度,1,120,0.09406196533375183,-0.06476157354308094,0.2480691002250025,12,False,4:43;48:74;281:300,0.2480054405086299,False,0.27822127015572545,28,False
long,512,64,60,2,晶升速度,1,121,0.0922674045533738,-0.0689712564867604,0.24241807292460726,12,False,4:43;48:74;281:300,0.2480054405086299,False,0.27822127015572545,28,False
long,512,64,60,2,晶升速度,1,122,0.08834615111206211,-0.07109727146402119,0.23376835719871358,12,False,4:43;48:74;281:300,0.2480054405086299,False,0.27822127015572545,28,False
long,512,64,60,2,晶升速度,1,123,0.08371102413040755,-0.07524584033916695,0.227934027318449,12,False,4:43;48:74;281:300,0.2480054405086299,False,0.27822127015572545,28,False
long,512,64,60,2,晶升速度,1,124,0.08014920405778148,-0.08014141150119335,0.22096414932518138,12,False,4:43;48:74;281:300,0.2480054405086299,False,0.27822127015572545,28,False
long,512,64,60,2,晶升速度,1,125,0.07893586293712042,-0.0791303536250696,0.22254451270193165,12,False,4:43;48:74;281:300,0.2480054405086299,False,0.27822127015572545,28,False
long,512,64,60,2,晶升速度,1,126,0.0770009744612592,-0.08451621809319805,0.21894286645273808,12,False,4:43;48:74;281:300,0.2480054405086299,False,0.27822127015572545,28,False
long,512,64,60,2,晶升速度,1,127,0.07526020507531718,-0.08475295324743423,0.21956771922543147,12,False,4:43;48:74;281:300,0.2480054405086299,False,0.27822127015572545,28,False
long,512,64,60,2,晶升速度,1,128,0.07316229166808817,-0.08272351069473036,0.21916264297127525,12,False,4:43;48:74;281:300,0.2480054405086299,False,0.27822127015572545,28,False
long,512,64,60,2,晶升速度,1,129,0.07091672609813388,-0.07228597278598392,0.218760711099932,12,False,4:43;48:74;281:300,0.2480054405086299,False,0.27822127015572545,28,False
long,512,64,60,2,晶升速度,1,130,0.0692815412654545,-0.07623442328535593,0.21782107754193686,12,False,4:43;48:74;281:300,0.2480054405086299,False,0.27822127015572545,28,False
long,512,64,60,2,晶升速度,1,131,0.06775999995252872,-0.08080102702055786,0.21531082076230737,12,False,4:43;48:74;281:300,0.2480054405086299,False,0.27822127015572545,28,False
long,512,64,60,2,晶升速度,1,132,0.06593122059020942,-0.0800938395893755,0.21091031321018813,12,False,4:43;48:74;281:300,0.2480054405086299,False,0.27822127015572545,28,False
long,512,64,60,2,晶升速度,1,133,0.06390729834336313,-0.07976962645730426,0.2058426634241301,12,False,4:43;48:74;281:300,0.2480054405086299,False,0.27822127015572545,28,False
long,512,64,60,2,晶升速度,1,134,0.06165327606987687,-0.07975665343768093,0.19957156427509398,12,False,4:43;48:74;281:300,0.2480054405086299,False,0.27822127015572545,28,False
long,512,64,60,2,晶升速度,1,135,0.057340402456482184,-0.07767362887102067,0.18707029504755468,12,False,4:43;48:74;281:300,0.2480054405086299,False,0.27822127015572545,28,False
long,512,64,60,2,晶升速度,1,136,0.05417649815660053,-0.07878229840884222,0.17359088325231592,12,False,4:43;48:74;281:300,0.2480054405086299,False,0.27822127015572545,28,False
long,512,64,60,2,晶升速度,1,137,0.05408961530141328,-0.0784364343087763,0.17238822140768933,12,False,4:43;48:74;281:300,0.2480054405086299,False,0.27822127015572545,28,False
long,512,64,60,2,晶升速度,1,138,0.05421416276162472,-0.0793006453078983,0.17263650935917066,12,False,4:43;48:74;281:300,0.2480054405086299,False,0.27822127015572545,28,False
long,512,64,60,2,晶升速度,1,139,0.05479915826846464,-0.07938046932552205,0.1772959485378183,12,False,4:43;48:74;281:300,0.2480054405086299,False,0.27822127015572545,28,False
long,512,64,60,2,晶升速度,1,140,0.05485398227632484,-0.08233310884630775,0.1826316844930139,12,False,4:43;48:74;281:300,0.2480054405086299,False,0.27822127015572545,28,False
long,512,64,60,2,晶升速度,1,141,0.052122232678771065,-0.08040894475703604,0.18193392088200677,12,False,4:43;48:74;281:300,0.2480054405086299,False,0.27822127015572545,28,False
long,512,64,60,2,晶升速度,1,142,0.0486257806335376,-0.08137985476206863,0.17992183524984556,12,False,4:43;48:74;281:300,0.2480054405086299,False,0.27822127015572545,28,False
long,512,64,60,2,晶升速度,1,143,0.044297882294349854,-0.09092680702449321,0.1741925261746415,12,False,4:43;48:74;281:300,0.2480054405086299,False,0.27822127015572545,28,False
long,512,64,60,2,晶升速度,1,144,0.04112432257911158,-0.09888136510035599,0.17391969695199347,12,False,4:43;48:74;281:300,0.2480054405086299,False,0.27822127015572545,28,False
long,512,64,60,2,晶升速度,1,145,0.038986093957530284,-0.10753051263104746,0.16950200047764996,12,False,4:43;48:74;281:300,0.2480054405086299,False,0.27822127015572545,28,False
long,512,64,60,2,晶升速度,1,146,0.034671538401870754,-0.12008538422435658,0.16003247685467745,12,False,4:43;48:74;281:300,0.2480054405086299,False,0.27822127015572545,28,False
long,512,64,60,2,晶升速度,1,147,0.029203811812851223,-0.13064086875973419,0.1549409811592176,12,False,4:43;48:74;281:300,0.2480054405086299,False,0.27822127015572545,28,False
long,512,64,60,2,晶升速度,1,148,0.02470076640590929,-0.13744062716054076,0.14790489618710606,12,False,4:43;48:74;281:300,0.2480054405086299,False,0.27822127015572545,28,False
long,512,64,60,2,晶升速度,1,149,0.0203355913113104,-0.13841672108776276,0.1430533598795525,12,False,4:43;48:74;281:300,0.2480054405086299,False,0.27822127015572545,28,False
long,512,64,60,2,晶升速度,1,150,0.01742016705495347,-0.13646582865345305,0.13765444584463174,12,False,4:43;48:74;281:300,0.2480054405086299,False,0.27822127015572545,28,False
long,512,64,60,2,晶升速度,1,151,0.013476900170858017,-0.1397534552438575,0.13052290440985106,12,False,4:43;48:74;281:300,0.2480054405086299,False,0.27822127015572545,28,False
long,512,64,60,2,晶升速度,1,152,0.008519019478673005,-0.14900271843657334,0.12310716751546369,12,False,4:43;48:74;281:300,0.2480054405086299,False,0.27822127015572545,28,False
long,512,64,60,2,晶升速度,1,153,0.0026528972270250467,-0.15917028861733673,0.1159183724019401,12,False,4:43;48:74;281:300,0.2480054405086299,False,0.27822127015572545,28,False
long,512,64,60,2,晶升速度,1,154,-0.00474692712480324,-0.1666738427691669,0.10247739532089782,12,False,4:43;48:74;281:300,0.2480054405086299,False,0.27822127015572545,28,False
long,512,64,60,2,晶升速度,1,155,-0.011253447691799758,-0.1665007609926032,0.0968067772054855,12,False,4:43;48:74;281:300,0.2480054405086299,False,0.27822127015572545,28,False
long,512,64,60,2,晶升速度,1,156,-0.014513855385021875,-0.16567679749098935,0.0959726667887812,12,False,4:43;48:74;281:300,0.2480054405086299,False,0.27822127015572545,28,False
long,512,64,60,2,晶升速度,1,157,-0.01548430040540125,-0.1636266411237404,0.09916968575005775,12,False,4:43;48:74;281:300,0.2480054405086299,False,0.27822127015572545,28,False
long,512,64,60,2,晶升速度,1,158,-0.01657776653321077,-0.1665414811640498,0.1005135506376926,12,False,4:43;48:74;281:300,0.2480054405086299,False,0.27822127015572545,28,False
long,512,64,60,2,晶升速度,1,159,-0.01714714314173407,-0.17094495745982136,0.10276564140650367,12,False,4:43;48:74;281:300,0.2480054405086299,False,0.27822127015572545,28,False
long,512,64,60,2,晶升速度,1,160,-0.018320767570539204,-0.17914528959470022,0.10287060853439724,12,False,4:43;48:74;281:300,0.2480054405086299,False,0.27822127015572545,28,False
long,512,64,60,2,晶升速度,1,161,-0.016241635399909214,-0.1842795706115703,0.10483030750064698,12,False,4:43;48:74;281:300,0.2480054405086299,False,0.27822127015572545,28,False
long,512,64,60,2,晶升速度,1,162,-0.013602974497412537,-0.18484206022669103,0.10892617447120473,12,False,4:43;48:74;281:300,0.2480054405086299,False,0.27822127015572545,28,False
long,512,64,60,2,晶升速度,1,163,-0.010862782054762377,-0.18058180796271212,0.112480271978272,12,False,4:43;48:74;281:300,0.2480054405086299,False,0.27822127015572545,28,False
long,512,64,60,2,晶升速度,1,164,-0.01067736361308133,-0.17542661344114605,0.11083644645351264,12,False,4:43;48:74;281:300,0.2480054405086299,False,0.27822127015572545,28,False
long,512,64,60,2,晶升速度,1,165,-0.010955309388558366,-0.16828478443657835,0.10530253215131564,12,False,4:43;48:74;281:300,0.2480054405086299,False,0.27822127015572545,28,False
long,512,64,60,2,晶升速度,1,166,-0.012730717721107444,-0.1599287258050897,0.1047017640085618,12,False,4:43;48:74;281:300,0.2480054405086299,False,0.27822127015572545,28,False
long,512,64,60,2,晶升速度,1,167,-0.017330755505729642,-0.15488958194721889,0.09928622618059768,12,False,4:43;48:74;281:300,0.2480054405086299,False,0.27822127015572545,28,False
long,512,64,60,2,晶升速度,1,168,-0.019661007648780933,-0.14637865442114623,0.0956640035093528,12,False,4:43;48:74;281:300,0.2480054405086299,False,0.27822127015572545,28,False
long,512,64,60,2,晶升速度,1,169,-0.021112876872553598,-0.143101835315328,0.09164722500289456,12,False,4:43;48:74;281:300,0.2480054405086299,False,0.27822127015572545,28,False
long,512,64,60,2,晶升速度,1,170,-0.021179867970882373,-0.1423443357633923,0.09337895853396214,12,False,4:43;48:74;281:300,0.2480054405086299,False,0.27822127015572545,28,False
long,512,64,60,2,晶升速度,1,171,-0.01963382338707155,-0.14008746709648945,0.09612202765341421,12,False,4:43;48:74;281:300,0.2480054405086299,False,0.27822127015572545,28,False
long,512,64,60,2,晶升速度,1,172,-0.018482661398468075,-0.13668774807963233,0.09593272032418991,12,False,4:43;48:74;281:300,0.2480054405086299,False,0.27822127015572545,28,False
long,512,64,60,2,晶升速度,1,173,-0.016489960794337857,-0.13328727955541733,0.093440158573498,12,False,4:43;48:74;281:300,0.2480054405086299,False,0.27822127015572545,28,False
long,512,64,60,2,晶升速度,1,174,-0.013640675341053413,-0.13500571284073412,0.09513902366480131,12,False,4:43;48:74;281:300,0.2480054405086299,False,0.27822127015572545,28,False
long,512,64,60,2,晶升速度,1,175,-0.009849020659638294,-0.13294284793069341,0.09632139638013675,12,False,4:43;48:74;281:300,0.2480054405086299,False,0.27822127015572545,28,False
long,512,64,60,2,晶升速度,1,176,-0.006869399132677945,-0.12987941355987237,0.09979465194335822,12,False,4:43;48:74;281:300,0.2480054405086299,False,0.27822127015572545,28,False
long,512,64,60,2,晶升速度,1,177,-0.002633712947536707,-0.12711587834400784,0.10421984429316437,12,False,4:43;48:74;281:300,0.2480054405086299,False,0.27822127015572545,28,False
long,512,64,60,2,晶升速度,1,178,-0.0007431276778778342,-0.12711543687626808,0.1059670498099725,12,False,4:43;48:74;281:300,0.2480054405086299,False,0.27822127015572545,28,False
long,512,64,60,2,晶升速度,1,179,0.001154365676193985,-0.12624934976893143,0.10837005815947004,12,False,4:43;48:74;281:300,0.2480054405086299,False,0.27822127015572545,28,False
long,512,64,60,2,晶升速度,1,180,0.0055765359984927985,-0.11676818887603908,0.11401566508885733,12,False,4:43;48:74;281:300,0.2480054405086299,False,0.27822127015572545,28,False
long,512,64,60,2,晶升速度,1,181,0.011157390163200158,-0.10291751701557657,0.12113839182492284,12,False,4:43;48:74;281:300,0.2480054405086299,False,0.27822127015572545,28,False
long,512,64,60,2,晶升速度,1,182,0.019408978164428606,-0.08547372383304669,0.12337998796419676,12,False,4:43;48:74;281:300,0.2480054405086299,False,0.27822127015572545,28,False
long,512,64,60,2,晶升速度,1,183,0.02786152335479686,-0.07790497921591202,0.12845668831398072,12,False,4:43;48:74;281:300,0.2480054405086299,False,0.27822127015572545,28,False
long,512,64,60,2,晶升速度,1,184,0.035425648287964545,-0.07400864842898516,0.1357027646282368,12,False,4:43;48:74;281:300,0.2480054405086299,False,0.27822127015572545,28,False
long,512,64,60,2,晶升速度,1,185,0.040842600487342506,-0.07017911676576566,0.1414046111741159,12,False,4:43;48:74;281:300,0.2480054405086299,False,0.27822127015572545,28,False
long,512,64,60,2,晶升速度,1,186,0.046146452178192465,-0.06383764211029735,0.14799901351220382,12,False,4:43;48:74;281:300,0.2480054405086299,False,0.27822127015572545,28,False
long,512,64,60,2,晶升速度,1,187,0.05093444011913188,-0.057892812217894295,0.15229920021176604,12,False,4:43;48:74;281:300,0.2480054405086299,False,0.27822127015572545,28,False
long,512,64,60,2,晶升速度,1,188,0.05530636173761077,-0.05567380024373481,0.15689092668439678,12,False,4:43;48:74;281:300,0.2480054405086299,False,0.27822127015572545,28,False
long,512,64,60,2,晶升速度,1,189,0.05811628906055651,-0.05185100679370518,0.1619676983540374,12,False,4:43;48:74;281:300,0.2480054405086299,False,0.27822127015572545,28,False
long,512,64,60,2,晶升速度,1,190,0.05877960752644869,-0.05396250534219382,0.15791887261396675,12,False,4:43;48:74;281:300,0.2480054405086299,False,0.27822127015572545,28,False
long,512,64,60,2,晶升速度,1,191,0.057660829821787066,-0.05825283345094637,0.15454862288914453,12,False,4:43;48:74;281:300,0.2480054405086299,False,0.27822127015572545,28,False
long,512,64,60,2,晶升速度,1,192,0.0565188786820559,-0.06149132587911433,0.15054413809010658,12,False,4:43;48:74;281:300,0.2480054405086299,False,0.27822127015572545,28,False
long,512,64,60,2,晶升速度,1,193,0.05700730047040097,-0.06345417838735971,0.1493652446562744,12,False,4:43;48:74;281:300,0.2480054405086299,False,0.27822127015572545,28,False
long,512,64,60,2,晶升速度,1,194,0.05935316988594674,-0.06118844284567799,0.1504809932523442,12,False,4:43;48:74;281:300,0.2480054405086299,False,0.27822127015572545,28,False
long,512,64,60,2,晶升速度,1,195,0.06189951386797267,-0.052049463214650385,0.15265318011442702,12,False,4:43;48:74;281:300,0.2480054405086299,False,0.27822127015572545,28,False
long,512,64,60,2,晶升速度,1,196,0.06376828685449083,-0.0441248353320714,0.1554692641178159,12,False,4:43;48:74;281:300,0.2480054405086299,False,0.27822127015572545,28,False
long,512,64,60,2,晶升速度,1,197,0.06286975313698344,-0.04493544254331497,0.15500315875580084,12,False,4:43;48:74;281:300,0.2480054405086299,False,0.27822127015572545,28,False
long,512,64,60,2,晶升速度,1,198,0.06255412393636667,-0.05141748006020631,0.1554855575680511,12,False,4:43;48:74;281:300,0.2480054405086299,False,0.27822127015572545,28,False
long,512,64,60,2,晶升速度,1,199,0.061900170669382124,-0.05693514610461279,0.15498593243505915,12,False,4:43;48:74;281:300,0.2480054405086299,False,0.27822127015572545,28,False
long,512,64,60,2,晶升速度,1,200,0.060248421295154654,-0.062076999546166176,0.15299517143792507,12,False,4:43;48:74;281:300,0.2480054405086299,False,0.27822127015572545,28,False
long,512,64,60,2,晶升速度,1,201,0.05870080497369076,-0.06462229751069809,0.1513299781395835,12,False,4:43;48:74;281:300,0.2480054405086299,False,0.27822127015572545,28,False
long,512,64,60,2,晶升速度,1,202,0.05556498199691698,-0.06668622383630879,0.15615534144812077,12,False,4:43;48:74;281:300,0.2480054405086299,False,0.27822127015572545,28,False
long,512,64,60,2,晶升速度,1,203,0.05189402765622095,-0.0696101458584172,0.15888330846729543,12,False,4:43;48:74;281:300,0.2480054405086299,False,0.27822127015572545,28,False
long,512,64,60,2,晶升速度,1,204,0.046732848879588666,-0.0775202362467945,0.16226146276269837,12,False,4:43;48:74;281:300,0.2480054405086299,False,0.27822127015572545,28,False
long,512,64,60,2,晶升速度,1,205,0.04249844172469248,-0.0849484462673457,0.1589563799735337,12,False,4:43;48:74;281:300,0.2480054405086299,False,0.27822127015572545,28,False
long,512,64,60,2,晶升速度,1,206,0.04170135900743278,-0.08620323239179657,0.16503744664791628,12,False,4:43;48:74;281:300,0.2480054405086299,False,0.27822127015572545,28,False
long,512,64,60,2,晶升速度,1,207,0.041370811575413446,-0.0839778216228086,0.16734860061866164,12,False,4:43;48:74;281:300,0.2480054405086299,False,0.27822127015572545,28,False
long,512,64,60,2,晶升速度,1,208,0.04119291433869654,-0.07807063610245037,0.16813279960066915,12,False,4:43;48:74;281:300,0.2480054405086299,False,0.27822127015572545,28,False
long,512,64,60,2,晶升速度,1,209,0.03926101662067396,-0.0747835819064101,0.16388285798039565,12,False,4:43;48:74;281:300,0.2480054405086299,False,0.27822127015572545,28,False
long,512,64,60,2,晶升速度,1,210,0.035554071876609784,-0.0795947807161552,0.16069620642594176,12,False,4:43;48:74;281:300,0.2480054405086299,False,0.27822127015572545,28,False
long,512,64,60,2,晶升速度,1,211,0.030660198139067986,-0.0862558785829428,0.15420887837868275,12,False,4:43;48:74;281:300,0.2480054405086299,False,0.27822127015572545,28,False
long,512,64,60,2,晶升速度,1,212,0.02693773750543601,-0.094884593147526,0.15364745358673843,12,False,4:43;48:74;281:300,0.2480054405086299,False,0.27822127015572545,28,False
long,512,64,60,2,晶升速度,1,213,0.022889060923454017,-0.10565975638344861,0.15372248411301268,12,False,4:43;48:74;281:300,0.2480054405086299,False,0.27822127015572545,28,False
long,512,64,60,2,晶升速度,1,214,0.020015146619083452,-0.11125668104413343,0.15066387514978016,12,False,4:43;48:74;281:300,0.2480054405086299,False,0.27822127015572545,28,False
long,512,64,60,2,晶升速度,1,215,0.015812290442633256,-0.11715736286233439,0.14265333806759498,12,False,4:43;48:74;281:300,0.2480054405086299,False,0.27822127015572545,28,False
long,512,64,60,2,晶升速度,1,216,0.009679951997327747,-0.13169205857625016,0.13534629116104044,12,False,4:43;48:74;281:300,0.2480054405086299,False,0.27822127015572545,28,False
long,512,64,60,2,晶升速度,1,217,0.005241257131287098,-0.14595983243083852,0.1357673329980119,12,False,4:43;48:74;281:300,0.2480054405086299,False,0.27822127015572545,28,False
long,512,64,60,2,晶升速度,1,218,0.002297278933149488,-0.16120295112728084,0.13453933386285294,12,False,4:43;48:74;281:300,0.2480054405086299,False,0.27822127015572545,28,False
long,512,64,60,2,晶升速度,1,219,0.001227865098532252,-0.17218028066942304,0.12923283490937773,12,False,4:43;48:74;281:300,0.2480054405086299,False,0.27822127015572545,28,False
long,512,64,60,2,晶升速度,1,220,0.0014287329516227303,-0.1776642018889263,0.1319241939924862,12,False,4:43;48:74;281:300,0.2480054405086299,False,0.27822127015572545,28,False
long,512,64,60,2,晶升速度,1,221,-0.0006865350020385798,-0.18144926139696024,0.13308685980804574,12,False,4:43;48:74;281:300,0.2480054405086299,False,0.27822127015572545,28,False
long,512,64,60,2,晶升速度,1,222,-0.0032165294745416548,-0.18128893048366432,0.1331575482532942,12,False,4:43;48:74;281:300,0.2480054405086299,False,0.27822127015572545,28,False
long,512,64,60,2,晶升速度,1,223,-0.006873262723462324,-0.18135553081454625,0.13124392777252647,12,False,4:43;48:74;281:300,0.2480054405086299,False,0.27822127015572545,28,False
long,512,64,60,2,晶升速度,1,224,-0.011051872128162365,-0.18375808002474048,0.12845963194726306,12,False,4:43;48:74;281:300,0.2480054405086299,False,0.27822127015572545,28,False
long,512,64,60,2,晶升速度,1,225,-0.013976244886925813,-0.18698182783960315,0.1303172939720246,12,False,4:43;48:74;281:300,0.2480054405086299,False,0.27822127015572545,28,False
long,512,64,60,2,晶升速度,1,226,-0.015558316882145923,-0.1853120800514984,0.135971895907859,12,False,4:43;48:74;281:300,0.2480054405086299,False,0.27822127015572545,28,False
long,512,64,60,2,晶升速度,1,227,-0.01440839641261175,-0.17900350410587945,0.14204339312341654,12,False,4:43;48:74;281:300,0.2480054405086299,False,0.27822127015572545,28,False
long,512,64,60,2,晶升速度,1,228,-0.01619746047324372,-0.17784090588052306,0.14787575395782154,12,False,4:43;48:74;281:300,0.2480054405086299,False,0.27822127015572545,28,False
long,512,64,60,2,晶升速度,1,229,-0.01726631055672557,-0.17331861134860477,0.1499142594204584,12,False,4:43;48:74;281:300,0.2480054405086299,False,0.27822127015572545,28,False
long,512,64,60,2,晶升速度,1,230,-0.01740949734451468,-0.17202207884797524,0.15167804760298467,12,False,4:43;48:74;281:300,0.2480054405086299,False,0.27822127015572545,28,False
long,512,64,60,2,晶升速度,1,231,-0.01764884721043321,-0.17040138954098788,0.14767119665700526,12,False,4:43;48:74;281:300,0.2480054405086299,False,0.27822127015572545,28,False
long,512,64,60,2,晶升速度,1,232,-0.015555803762722819,-0.16924067036379398,0.14271360782952375,12,False,4:43;48:74;281:300,0.2480054405086299,False,0.27822127015572545,28,False
long,512,64,60,2,晶升速度,1,233,-0.015104453490626162,-0.16529465833722737,0.14129375575352224,12,False,4:43;48:74;281:300,0.2480054405086299,False,0.27822127015572545,28,False
long,512,64,60,2,晶升速度,1,234,-0.014839541724288212,-0.1621355851138067,0.13873445582828772,12,False,4:43;48:74;281:300,0.2480054405086299,False,0.27822127015572545,28,False
long,512,64,60,2,晶升速度,1,235,-0.017009787602982305,-0.16242661162702673,0.1370998910587186,12,False,4:43;48:74;281:300,0.2480054405086299,False,0.27822127015572545,28,False
long,512,64,60,2,晶升速度,1,236,-0.020660683701682114,-0.16337731248382856,0.13229694682916587,12,False,4:43;48:74;281:300,0.2480054405086299,False,0.27822127015572545,28,False
long,512,64,60,2,晶升速度,1,237,-0.025708530220571096,-0.16400914520768842,0.12295910528038898,12,False,4:43;48:74;281:300,0.2480054405086299,False,0.27822127015572545,28,False
long,512,64,60,2,晶升速度,1,238,-0.02792786945079077,-0.1628594744875935,0.1161128187766981,12,False,4:43;48:74;281:300,0.2480054405086299,False,0.27822127015572545,28,False
long,512,64,60,2,晶升速度,1,239,-0.029177745403541018,-0.1716604785755848,0.11422641031226644,12,False,4:43;48:74;281:300,0.2480054405086299,False,0.27822127015572545,28,False
long,512,64,60,2,晶升速度,1,240,-0.03063028929915804,-0.17706213742541713,0.11444462510967465,12,False,4:43;48:74;281:300,0.2480054405086299,False,0.27822127015572545,28,False
long,512,64,60,2,晶升速度,1,241,-0.03108836585608702,-0.17548401429698832,0.11522503584646603,12,False,4:43;48:74;281:300,0.2480054405086299,False,0.27822127015572545,28,False
long,512,64,60,2,晶升速度,1,242,-0.031421380033841,-0.17851303536840882,0.11279760551273033,12,False,4:43;48:74;281:300,0.2480054405086299,False,0.27822127015572545,28,False
long,512,64,60,2,晶升速度,1,243,-0.03141947376913855,-0.17667343271363078,0.11263609740670139,12,False,4:43;48:74;281:300,0.2480054405086299,False,0.27822127015572545,28,False
long,512,64,60,2,晶升速度,1,244,-0.03066174309302569,-0.17266260755984464,0.11148915863071662,12,False,4:43;48:74;281:300,0.2480054405086299,False,0.27822127015572545,28,False
long,512,64,60,2,晶升速度,1,245,-0.0296500157801813,-0.16909838569093835,0.10748099289179264,12,False,4:43;48:74;281:300,0.2480054405086299,False,0.27822127015572545,28,False
long,512,64,60,2,晶升速度,1,246,-0.03048105747622189,-0.16816617475161016,0.10451332057260626,12,False,4:43;48:74;281:300,0.2480054405086299,False,0.27822127015572545,28,False
long,512,64,60,2,晶升速度,1,247,-0.034881665354839754,-0.16776549140066513,0.10588617349876422,12,False,4:43;48:74;281:300,0.2480054405086299,False,0.27822127015572545,28,False
long,512,64,60,2,晶升速度,1,248,-0.04088376049475957,-0.1739541138277293,0.09732932558559058,12,False,4:43;48:74;281:300,0.2480054405086299,False,0.27822127015572545,28,False
long,512,64,60,2,晶升速度,1,249,-0.047087852850220865,-0.17810057728075618,0.09081612118244117,12,False,4:43;48:74;281:300,0.2480054405086299,False,0.27822127015572545,28,False
long,512,64,60,2,晶升速度,1,250,-0.05157835006676342,-0.18077235766864308,0.08379724537930203,12,False,4:43;48:74;281:300,0.2480054405086299,False,0.27822127015572545,28,False
long,512,64,60,2,晶升速度,1,251,-0.05371871721258701,-0.18103317634575083,0.08428927120732467,12,False,4:43;48:74;281:300,0.2480054405086299,False,0.27822127015572545,28,False
long,512,64,60,2,晶升速度,1,252,-0.05557138500502239,-0.18301862655619144,0.08684316143392189,12,False,4:43;48:74;281:300,0.2480054405086299,False,0.27822127015572545,28,False
long,512,64,60,2,晶升速度,1,253,-0.056754954560307824,-0.18516139761150538,0.08030781484301856,12,False,4:43;48:74;281:300,0.2480054405086299,False,0.27822127015572545,28,False
long,512,64,60,2,晶升速度,1,254,-0.057217309277675744,-0.17395765442235203,0.08439379429218204,12,False,4:43;48:74;281:300,0.2480054405086299,False,0.27822127015572545,28,False
long,512,64,60,2,晶升速度,1,255,-0.056374206098944495,-0.1625755252974671,0.09261691946606082,12,False,4:43;48:74;281:300,0.2480054405086299,False,0.27822127015572545,28,False
long,512,64,60,2,晶升速度,1,256,-0.05559067644416947,-0.16169338378457979,0.0957664502258503,12,False,4:43;48:74;281:300,0.2480054405086299,False,0.27822127015572545,28,False
long,512,64,60,2,晶升速度,1,257,-0.055260286041019464,-0.1642207234591922,0.09560082777334483,12,False,4:43;48:74;281:300,0.2480054405086299,False,0.27822127015572545,28,False
long,512,64,60,2,晶升速度,1,258,-0.0556847585547157,-0.16500136045133187,0.09235386864380261,12,False,4:43;48:74;281:300,0.2480054405086299,False,0.27822127015572545,28,False
long,512,64,60,2,晶升速度,1,259,-0.05768265204412058,-0.16327414284338657,0.08503551233829235,12,False,4:43;48:74;281:300,0.2480054405086299,False,0.27822127015572545,28,False
long,512,64,60,2,晶升速度,1,260,-0.061236803876056144,-0.16067305517513036,0.07420594553506504,12,False,4:43;48:74;281:300,0.2480054405086299,False,0.27822127015572545,28,False
long,512,64,60,2,晶升速度,1,261,-0.063650088305125,-0.16031846795865998,0.0636447824730414,12,False,4:43;48:74;281:300,0.2480054405086299,False,0.27822127015572545,28,False
long,512,64,60,2,晶升速度,1,262,-0.06583962369507793,-0.16428265324628688,0.050664223073205616,12,False,4:43;48:74;281:300,0.2480054405086299,False,0.27822127015572545,28,False
long,512,64,60,2,晶升速度,1,263,-0.06799173295991341,-0.1700161999992534,0.037299619971106916,12,False,4:43;48:74;281:300,0.2480054405086299,False,0.27822127015572545,28,False
long,512,64,60,2,晶升速度,1,264,-0.06930741110391835,-0.17365225722103114,0.029333556691536228,12,False,4:43;48:74;281:300,0.2480054405086299,False,0.27822127015572545,28,False
long,512,64,60,2,晶升速度,1,265,-0.07143878839183626,-0.17811364615662947,0.024660959321136728,12,False,4:43;48:74;281:300,0.2480054405086299,False,0.27822127015572545,28,False
long,512,64,60,2,晶升速度,1,266,-0.07412829754339369,-0.17836812035526214,0.021060608723666576,12,False,4:43;48:74;281:300,0.2480054405086299,False,0.27822127015572545,28,False
long,512,64,60,2,晶升速度,1,267,-0.07502717100064785,-0.17973070484643736,0.021681045835543002,12,False,4:43;48:74;281:300,0.2480054405086299,False,0.27822127015572545,28,False
long,512,64,60,2,晶升速度,1,268,-0.07732126819202159,-0.1838281518922899,0.02183405696096323,12,False,4:43;48:74;281:300,0.2480054405086299,False,0.27822127015572545,28,False
long,512,64,60,2,晶升速度,1,269,-0.07844689171034225,-0.18298684755085684,0.02029201656869552,12,False,4:43;48:74;281:300,0.2480054405086299,False,0.27822127015572545,28,False
long,512,64,60,2,晶升速度,1,270,-0.07964297703182495,-0.1866683501879161,0.020534402334693468,12,False,4:43;48:74;281:300,0.2480054405086299,False,0.27822127015572545,28,False
long,512,64,60,2,晶升速度,1,271,-0.08241997114626011,-0.19411823052987526,0.01697831229915843,12,False,4:43;48:74;281:300,0.2480054405086299,False,0.27822127015572545,28,False
long,512,64,60,2,晶升速度,1,272,-0.08518610485521338,-0.19232417524455522,0.014300259741975487,12,False,4:43;48:74;281:300,0.2480054405086299,False,0.27822127015572545,28,False
long,512,64,60,2,晶升速度,1,273,-0.08898996246906997,-0.18998838139071203,0.010015845655112564,12,False,4:43;48:74;281:300,0.2480054405086299,False,0.27822127015572545,28,False
long,512,64,60,2,晶升速度,1,274,-0.09237886237041623,-0.1891613060555362,0.00681444152047287,12,False,4:43;48:74;281:300,0.2480054405086299,False,0.27822127015572545,28,False
long,512,64,60,2,晶升速度,1,275,-0.09275716852572169,-0.19085169911636102,0.005674592683320965,12,False,4:43;48:74;281:300,0.2480054405086299,False,0.27822127015572545,28,False
long,512,64,60,2,晶升速度,1,276,-0.09228565317057673,-0.19459646468457528,0.003857822373072911,12,False,4:43;48:74;281:300,0.2480054405086299,False,0.27822127015572545,28,False
long,512,64,60,2,晶升速度,1,277,-0.09130612917341382,-0.19555232579472542,0.0035026622078920553,12,False,4:43;48:74;281:300,0.2480054405086299,False,0.27822127015572545,28,False
long,512,64,60,2,晶升速度,1,278,-0.09147026874720136,-0.1993730599339416,0.00532320178750272,12,False,4:43;48:74;281:300,0.2480054405086299,False,0.27822127015572545,28,False
long,512,64,60,2,晶升速度,1,279,-0.09239613118054871,-0.19712984287089133,0.004968418341015055,12,False,4:43;48:74;281:300,0.2480054405086299,False,0.27822127015572545,28,False
long,512,64,60,2,晶升速度,1,280,-0.0952654900311819,-0.19388228890252243,0.00017288018113064633,12,False,4:43;48:74;281:300,0.2480054405086299,False,0.27822127015572545,28,False
long,512,64,60,2,晶升速度,1,281,-0.09923927978735382,-0.19978435914420942,-0.005014521159268497,12,True,4:43;48:74;281:300,0.2480054405086299,False,0.27822127015572545,28,False
long,512,64,60,2,晶升速度,1,282,-0.10274875904941133,-0.20219882100080955,-0.008021986736779063,12,True,4:43;48:74;281:300,0.2480054405086299,False,0.27822127015572545,28,False
long,512,64,60,2,晶升速度,1,283,-0.10816922989691234,-0.21014054326520346,-0.009018294386547724,12,True,4:43;48:74;281:300,0.2480054405086299,False,0.27822127015572545,28,False
long,512,64,60,2,晶升速度,1,284,-0.11331087149278497,-0.22074503151806252,-0.009254848023632745,12,True,4:43;48:74;281:300,0.2480054405086299,False,0.27822127015572545,28,False
long,512,64,60,2,晶升速度,1,285,-0.11897301329326761,-0.22997077148441697,-0.008820009273422521,12,True,4:43;48:74;281:300,0.2480054405086299,False,0.27822127015572545,28,False
long,512,64,60,2,晶升速度,1,286,-0.1240565981360796,-0.23697883453455731,-0.010771085989648162,12,True,4:43;48:74;281:300,0.2480054405086299,False,0.27822127015572545,28,False
long,512,64,60,2,晶升速度,1,287,-0.1276394826507302,-0.24125396606111335,-0.013061551994805501,12,True,4:43;48:74;281:300,0.2480054405086299,False,0.27822127015572545,28,False
long,512,64,60,2,晶升速度,1,288,-0.1284405268092378,-0.24311606500368613,-0.014462380592944118,12,True,4:43;48:74;281:300,0.2480054405086299,False,0.27822127015572545,28,False
long,512,64,60,2,晶升速度,1,289,-0.1291144885544757,-0.24205655361899817,-0.012473345263613739,12,True,4:43;48:74;281:300,0.2480054405086299,False,0.27822127015572545,28,False
long,512,64,60,2,晶升速度,1,290,-0.13088349313358724,-0.2429279971189723,-0.012884529212324275,12,True,4:43;48:74;281:300,0.2480054405086299,False,0.27822127015572545,28,False
long,512,64,60,2,晶升速度,1,291,-0.13401477091163838,-0.2401129659455,-0.013149218998619467,12,True,4:43;48:74;281:300,0.2480054405086299,False,0.27822127015572545,28,False
long,512,64,60,2,晶升速度,1,292,-0.1411599885495716,-0.24455701145603295,-0.015359975416865408,12,True,4:43;48:74;281:300,0.2480054405086299,False,0.27822127015572545,28,False
long,512,64,60,2,晶升速度,1,293,-0.14831330063230916,-0.25274999006352705,-0.024080627756204863,12,True,4:43;48:74;281:300,0.2480054405086299,False,0.27822127015572545,28,False
long,512,64,60,2,晶升速度,1,294,-0.15573886380546448,-0.25881624645494833,-0.03138815918517769,12,True,4:43;48:74;281:300,0.2480054405086299,False,0.27822127015572545,28,False
long,512,64,60,2,晶升速度,1,295,-0.16350123494775967,-0.2672586926197878,-0.038079146071442166,12,True,4:43;48:74;281:300,0.2480054405086299,False,0.27822127015572545,28,False
long,512,64,60,2,晶升速度,1,296,-0.17130082509880865,-0.272785061431908,-0.04378984052809067,12,True,4:43;48:74;281:300,0.2480054405086299,False,0.27822127015572545,28,False
long,512,64,60,2,晶升速度,1,297,-0.17865373211306443,-0.2778712866057823,-0.049028924191374466,12,True,4:43;48:74;281:300,0.2480054405086299,False,0.27822127015572545,28,False
long,512,64,60,2,晶升速度,1,298,-0.18610325093416066,-0.2859939818988224,-0.05705326310740284,12,True,4:43;48:74;281:300,0.2480054405086299,False,0.27822127015572545,28,False
long,512,64,60,2,晶升速度,1,299,-0.19265717862617485,-0.2888345977127103,-0.06676796869368375,12,True,4:43;48:74;281:300,0.2480054405086299,False,0.27822127015572545,28,False
long,512,64,60,2,晶升速度,1,300,-0.19731233317281208,-0.2879591508625494,-0.06997014055035605,12,True,4:43;48:74;281:300,0.2480054405086299,False,0.27822127015572545,28,False
long,512,64,60,2,晶转速度,2,0,0.4801329292220822,0.39670904187782097,0.6016829755688041,12,True,0:300,0.18586688207456262,False,0.5201308520628857,112,False
long,512,64,60,2,晶转速度,2,1,0.48068265845871466,0.39837029374858685,0.6030662193298403,12,True,0:300,0.18586688207456262,False,0.5201308520628857,112,False
long,512,64,60,2,晶转速度,2,2,0.48032895788055086,0.3963779004798204,0.6037296353066595,12,True,0:300,0.18586688207456262,False,0.5201308520628857,112,False
long,512,64,60,2,晶转速度,2,3,0.4805800825481272,0.39622710721633064,0.6045816201179472,12,True,0:300,0.18586688207456262,False,0.5201308520628857,112,False
long,512,64,60,2,晶转速度,2,4,0.48022598283420814,0.3957483240774605,0.602895909282551,12,True,0:300,0.18586688207456262,False,0.5201308520628857,112,False
long,512,64,60,2,晶转速度,2,5,0.480056144993008,0.39519458517172623,0.6023961427251836,12,True,0:300,0.18586688207456262,False,0.5201308520628857,112,False
long,512,64,60,2,晶转速度,2,6,0.47962503319291633,0.39338732230061635,0.6032399735801175,12,True,0:300,0.18586688207456262,False,0.5201308520628857,112,False
long,512,64,60,2,晶转速度,2,7,0.48017229303065895,0.39389774861781846,0.6049818706344579,12,True,0:300,0.18586688207456262,False,0.5201308520628857,112,False
long,512,64,60,2,晶转速度,2,8,0.4809191554255361,0.3935614767931795,0.6054328997859457,12,True,0:300,0.18586688207456262,False,0.5201308520628857,112,False
long,512,64,60,2,晶转速度,2,9,0.4803839901342444,0.390708701263641,0.6039234269910013,12,True,0:300,0.18586688207456262,False,0.5201308520628857,112,False
long,512,64,60,2,晶转速度,2,10,0.4811764472258484,0.3929025267986807,0.60291102034249,12,True,0:300,0.18586688207456262,False,0.5201308520628857,112,False
long,512,64,60,2,晶转速度,2,11,0.4815927892211257,0.39401634299313293,0.6030840902513226,12,True,0:300,0.18586688207456262,False,0.5201308520628857,112,False
long,512,64,60,2,晶转速度,2,12,0.4812473657301284,0.3921967813674252,0.602311941906208,12,True,0:300,0.18586688207456262,False,0.5201308520628857,112,False
long,512,64,60,2,晶转速度,2,13,0.480796029046528,0.3920218604361255,0.6011683513473339,12,True,0:300,0.18586688207456262,False,0.5201308520628857,112,False
long,512,64,60,2,晶转速度,2,14,0.4808899322655204,0.3911920773346373,0.5993480351117421,12,True,0:300,0.18586688207456262,False,0.5201308520628857,112,False
long,512,64,60,2,晶转速度,2,15,0.4816897130597023,0.3931057008797974,0.6000227214487386,12,True,0:300,0.18586688207456262,False,0.5201308520628857,112,False
long,512,64,60,2,晶转速度,2,16,0.48090679566857997,0.3920665367205383,0.6008566866660381,12,True,0:300,0.18586688207456262,False,0.5201308520628857,112,False
long,512,64,60,2,晶转速度,2,17,0.48064228829145916,0.39273561497708304,0.6009316355325784,12,True,0:300,0.18586688207456262,False,0.5201308520628857,112,False
long,512,64,60,2,晶转速度,2,18,0.47997646351463036,0.39217626400723343,0.5991096183215712,12,True,0:300,0.18586688207456262,False,0.5201308520628857,112,False
long,512,64,60,2,晶转速度,2,19,0.4796564171028022,0.39170555000486235,0.5988075843916243,12,True,0:300,0.18586688207456262,False,0.5201308520628857,112,False
long,512,64,60,2,晶转速度,2,20,0.479805139771559,0.3915869039701153,0.5995970402288795,12,True,0:300,0.18586688207456262,False,0.5201308520628857,112,False
long,512,64,60,2,晶转速度,2,21,0.4803525708026167,0.3911861589673009,0.6001193470763754,12,True,0:300,0.18586688207456262,False,0.5201308520628857,112,False
long,512,64,60,2,晶转速度,2,22,0.48067599728014754,0.3935447766844773,0.6007712293072786,12,True,0:300,0.18586688207456262,False,0.5201308520628857,112,False
long,512,64,60,2,晶转速度,2,23,0.4802781213366761,0.391444897914003,0.6019155720869626,12,True,0:300,0.18586688207456262,False,0.5201308520628857,112,False
long,512,64,60,2,晶转速度,2,24,0.480127239601888,0.39226546731336837,0.6006940821265542,12,True,0:300,0.18586688207456262,False,0.5201308520628857,112,False
long,512,64,60,2,晶转速度,2,25,0.4800362107141746,0.39263808031693875,0.5991427231465104,12,True,0:300,0.18586688207456262,False,0.5201308520628857,112,False
long,512,64,60,2,晶转速度,2,26,0.4785173698958344,0.38882598391868006,0.5985546041944527,12,True,0:300,0.18586688207456262,False,0.5201308520628857,112,False
long,512,64,60,2,晶转速度,2,27,0.47914057480497024,0.38940758281581667,0.5985024195176653,12,True,0:300,0.18586688207456262,False,0.5201308520628857,112,False
long,512,64,60,2,晶转速度,2,28,0.4791480802606048,0.3902956905829342,0.5990167149008707,12,True,0:300,0.18586688207456262,False,0.5201308520628857,112,False
long,512,64,60,2,晶转速度,2,29,0.4797486175040405,0.389712251860073,0.6010674183762302,12,True,0:300,0.18586688207456262,False,0.5201308520628857,112,False
long,512,64,60,2,晶转速度,2,30,0.48033815701526383,0.39066435527643595,0.602230979424738,12,True,0:300,0.18586688207456262,False,0.5201308520628857,112,False
long,512,64,60,2,晶转速度,2,31,0.48074196174760514,0.39095511018466733,0.6034671317810815,12,True,0:300,0.18586688207456262,False,0.5201308520628857,112,False
long,512,64,60,2,晶转速度,2,32,0.48115820613764176,0.39160057438697027,0.6044642695973061,12,True,0:300,0.18586688207456262,False,0.5201308520628857,112,False
long,512,64,60,2,晶转速度,2,33,0.4833604223291678,0.3937935870692734,0.6067717237671351,12,True,0:300,0.18586688207456262,False,0.5201308520628857,112,False
long,512,64,60,2,晶转速度,2,34,0.4839757107416558,0.39205847111002046,0.6057755674226009,12,True,0:300,0.18586688207456262,False,0.5201308520628857,112,False
long,512,64,60,2,晶转速度,2,35,0.48482249727477666,0.3920082526170621,0.6061051180963282,12,True,0:300,0.18586688207456262,False,0.5201308520628857,112,False
long,512,64,60,2,晶转速度,2,36,0.48473309830959105,0.3921721970100191,0.6069637838874455,12,True,0:300,0.18586688207456262,False,0.5201308520628857,112,False
long,512,64,60,2,晶转速度,2,37,0.48402503772613975,0.39221914903373517,0.6068423610776833,12,True,0:300,0.18586688207456262,False,0.5201308520628857,112,False
long,512,64,60,2,晶转速度,2,38,0.4844160521448045,0.3918499523366392,0.6056613678334709,12,True,0:300,0.18586688207456262,False,0.5201308520628857,112,False
long,512,64,60,2,晶转速度,2,39,0.4842667763602757,0.39228931376272497,0.6055649952664218,12,True,0:300,0.18586688207456262,False,0.5201308520628857,112,False
long,512,64,60,2,晶转速度,2,40,0.48574644801447137,0.39421504124588713,0.6074168305947587,12,True,0:300,0.18586688207456262,False,0.5201308520628857,112,False
long,512,64,60,2,晶转速度,2,41,0.48525989388430424,0.39513565171376225,0.6059680288231188,12,True,0:300,0.18586688207456262,False,0.5201308520628857,112,False
long,512,64,60,2,晶转速度,2,42,0.485393051132247,0.39671137971458065,0.6067228917568507,12,True,0:300,0.18586688207456262,False,0.5201308520628857,112,False
long,512,64,60,2,晶转速度,2,43,0.4854880121684811,0.3970201384322224,0.606045360986097,12,True,0:300,0.18586688207456262,False,0.5201308520628857,112,False
long,512,64,60,2,晶转速度,2,44,0.48537679306753495,0.3966138695805507,0.6059414249608505,12,True,0:300,0.18586688207456262,False,0.5201308520628857,112,False
long,512,64,60,2,晶转速度,2,45,0.48633392090650385,0.3961845223962939,0.6069749070958801,12,True,0:300,0.18586688207456262,False,0.5201308520628857,112,False
long,512,64,60,2,晶转速度,2,46,0.4865248201701258,0.39665798614692277,0.6066716130035115,12,True,0:300,0.18586688207456262,False,0.5201308520628857,112,False
long,512,64,60,2,晶转速度,2,47,0.48774138732360434,0.39933509261853295,0.6065779364281839,12,True,0:300,0.18586688207456262,False,0.5201308520628857,112,False
long,512,64,60,2,晶转速度,2,48,0.4872018420473668,0.40007646976004907,0.6057366833441362,12,True,0:300,0.18586688207456262,False,0.5201308520628857,112,False
long,512,64,60,2,晶转速度,2,49,0.48619458705668367,0.39871265053887844,0.6039705356945876,12,True,0:300,0.18586688207456262,False,0.5201308520628857,112,False
long,512,64,60,2,晶转速度,2,50,0.4858862826336057,0.3978680942868071,0.6038903632162105,12,True,0:300,0.18586688207456262,False,0.5201308520628857,112,False
long,512,64,60,2,晶转速度,2,51,0.48573722662157587,0.3974224736271696,0.6026274771045436,12,True,0:300,0.18586688207456262,False,0.5201308520628857,112,False
long,512,64,60,2,晶转速度,2,52,0.485725398896164,0.39763603174397255,0.6038026605213999,12,True,0:300,0.18586688207456262,False,0.5201308520628857,112,False
long,512,64,60,2,晶转速度,2,53,0.4864815482612115,0.39834711085971575,0.6029913617247751,12,True,0:300,0.18586688207456262,False,0.5201308520628857,112,False
long,512,64,60,2,晶转速度,2,54,0.4872242449094504,0.39801293907048435,0.6029890914100325,12,True,0:300,0.18586688207456262,False,0.5201308520628857,112,False
long,512,64,60,2,晶转速度,2,55,0.48741388458564716,0.3980471206308815,0.6039047086932611,12,True,0:300,0.18586688207456262,False,0.5201308520628857,112,False
long,512,64,60,2,晶转速度,2,56,0.4881946615761077,0.39934003617520464,0.6058437418696394,12,True,0:300,0.18586688207456262,False,0.5201308520628857,112,False
long,512,64,60,2,晶转速度,2,57,0.48832746749122385,0.39990457938243246,0.6063508312255801,12,True,0:300,0.18586688207456262,False,0.5201308520628857,112,False
long,512,64,60,2,晶转速度,2,58,0.488111916255672,0.39977084039472316,0.6070114111046607,12,True,0:300,0.18586688207456262,False,0.5201308520628857,112,False
long,512,64,60,2,晶转速度,2,59,0.4876449121679985,0.3999839908453257,0.6061761636916212,12,True,0:300,0.18586688207456262,False,0.5201308520628857,112,False
long,512,64,60,2,晶转速度,2,60,0.4883441047247893,0.3991953785729302,0.6068802745921965,12,True,0:300,0.18586688207456262,False,0.5201308520628857,112,False
long,512,64,60,2,晶转速度,2,61,0.48869780190960493,0.40040279854322613,0.6074167198268885,12,True,0:300,0.18586688207456262,False,0.5201308520628857,112,False
long,512,64,60,2,晶转速度,2,62,0.48934305783617416,0.40042050553403624,0.6081943370044075,12,True,0:300,0.18586688207456262,False,0.5201308520628857,112,False
long,512,64,60,2,晶转速度,2,63,0.4896107189143385,0.3972760244520741,0.6074994142626938,12,True,0:300,0.18586688207456262,False,0.5201308520628857,112,False
long,512,64,60,2,晶转速度,2,64,0.48961331939185315,0.397257199647126,0.6054962502837027,12,True,0:300,0.18586688207456262,False,0.5201308520628857,112,False
long,512,64,60,2,晶转速度,2,65,0.49126225663766415,0.3988515383607404,0.6062085996253352,12,True,0:300,0.18586688207456262,False,0.5201308520628857,112,False
long,512,64,60,2,晶转速度,2,66,0.4923748848819149,0.40001816909039684,0.6070435427216377,12,True,0:300,0.18586688207456262,False,0.5201308520628857,112,False
long,512,64,60,2,晶转速度,2,67,0.4930173276051844,0.4011378612577428,0.6077802992083191,12,True,0:300,0.18586688207456262,False,0.5201308520628857,112,False
long,512,64,60,2,晶转速度,2,68,0.49337599065615906,0.4013779974544568,0.6091869135007443,12,True,0:300,0.18586688207456262,False,0.5201308520628857,112,False
long,512,64,60,2,晶转速度,2,69,0.49443907878308724,0.4019922621925408,0.6090560332296607,12,True,0:300,0.18586688207456262,False,0.5201308520628857,112,False
long,512,64,60,2,晶转速度,2,70,0.49505880733918217,0.40401956810506623,0.6085293326278393,12,True,0:300,0.18586688207456262,False,0.5201308520628857,112,False
long,512,64,60,2,晶转速度,2,71,0.49564653297886463,0.405114593052271,0.606453085705189,12,True,0:300,0.18586688207456262,False,0.5201308520628857,112,False
long,512,64,60,2,晶转速度,2,72,0.4976709394062905,0.40796349576866453,0.6091818088176412,12,True,0:300,0.18586688207456262,False,0.5201308520628857,112,False
long,512,64,60,2,晶转速度,2,73,0.49881051488217704,0.4114319067311388,0.6097602543131445,12,True,0:300,0.18586688207456262,False,0.5201308520628857,112,False
long,512,64,60,2,晶转速度,2,74,0.5006951245858206,0.41537158917075373,0.6112779892077843,12,True,0:300,0.18586688207456262,False,0.5201308520628857,112,False
long,512,64,60,2,晶转速度,2,75,0.5008040688001184,0.41648975749404643,0.6094640655569334,12,True,0:300,0.18586688207456262,False,0.5201308520628857,112,False
long,512,64,60,2,晶转速度,2,76,0.5017422901826366,0.41786043924614746,0.6122010401970243,12,True,0:300,0.18586688207456262,False,0.5201308520628857,112,False
long,512,64,60,2,晶转速度,2,77,0.5023971416758065,0.41692667915836934,0.6129252460921395,12,True,0:300,0.18586688207456262,False,0.5201308520628857,112,False
long,512,64,60,2,晶转速度,2,78,0.5035584806254503,0.41806622207088867,0.613084072978851,12,True,0:300,0.18586688207456262,False,0.5201308520628857,112,False
long,512,64,60,2,晶转速度,2,79,0.504591408698512,0.4191071663065268,0.6136187888774748,12,True,0:300,0.18586688207456262,False,0.5201308520628857,112,False
long,512,64,60,2,晶转速度,2,80,0.5052176446637603,0.4186323341505444,0.6144692969082629,12,True,0:300,0.18586688207456262,False,0.5201308520628857,112,False
long,512,64,60,2,晶转速度,2,81,0.5047176554604915,0.41790367759007696,0.6153043403443831,12,True,0:300,0.18586688207456262,False,0.5201308520628857,112,False
long,512,64,60,2,晶转速度,2,82,0.5052588939504852,0.4170849062277764,0.6171094007270111,12,True,0:300,0.18586688207456262,False,0.5201308520628857,112,False
long,512,64,60,2,晶转速度,2,83,0.5056583363234121,0.4177153853029914,0.61826022437187,12,True,0:300,0.18586688207456262,False,0.5201308520628857,112,False
long,512,64,60,2,晶转速度,2,84,0.506485416973278,0.4200525514760195,0.6204902491680782,12,True,0:300,0.18586688207456262,False,0.5201308520628857,112,False
long,512,64,60,2,晶转速度,2,85,0.5071399311991789,0.42122137724745073,0.6233422219197504,12,True,0:300,0.18586688207456262,False,0.5201308520628857,112,False
long,512,64,60,2,晶转速度,2,86,0.5095480450960778,0.42334331434814826,0.6252534430893946,12,True,0:300,0.18586688207456262,False,0.5201308520628857,112,False
long,512,64,60,2,晶转速度,2,87,0.5110462968486501,0.4270827182622152,0.6261635846029949,12,True,0:300,0.18586688207456262,False,0.5201308520628857,112,False
long,512,64,60,2,晶转速度,2,88,0.5114861867633861,0.4283464380658197,0.6273007525150657,12,True,0:300,0.18586688207456262,False,0.5201308520628857,112,False
long,512,64,60,2,晶转速度,2,89,0.5123761493884115,0.4306012086807342,0.6288716135509003,12,True,0:300,0.18586688207456262,False,0.5201308520628857,112,False
long,512,64,60,2,晶转速度,2,90,0.5133507487213851,0.43233134487712116,0.6290923192351474,12,True,0:300,0.18586688207456262,False,0.5201308520628857,112,False
long,512,64,60,2,晶转速度,2,91,0.5135821301175327,0.4323850917508077,0.6279976469809846,12,True,0:300,0.18586688207456262,False,0.5201308520628857,112,False
long,512,64,60,2,晶转速度,2,92,0.5132903661510777,0.43427912550301334,0.6256718657317751,12,True,0:300,0.18586688207456262,False,0.5201308520628857,112,False
long,512,64,60,2,晶转速度,2,93,0.5131585207824166,0.43641044896920755,0.6259198335962614,12,True,0:300,0.18586688207456262,False,0.5201308520628857,112,False
long,512,64,60,2,晶转速度,2,94,0.5132447067186244,0.43582380505863816,0.6262711545524471,12,True,0:300,0.18586688207456262,False,0.5201308520628857,112,False
long,512,64,60,2,晶转速度,2,95,0.5139493611788153,0.4373240276016735,0.6268789205821133,12,True,0:300,0.18586688207456262,False,0.5201308520628857,112,False
long,512,64,60,2,晶转速度,2,96,0.514902806801228,0.4370493868116261,0.628248552000548,12,True,0:300,0.18586688207456262,False,0.5201308520628857,112,False
long,512,64,60,2,晶转速度,2,97,0.5166024872756348,0.4396730447551148,0.6285668790430601,12,True,0:300,0.18586688207456262,False,0.5201308520628857,112,False
long,512,64,60,2,晶转速度,2,98,0.5166929840014381,0.4389710901036266,0.6281684770097589,12,True,0:300,0.18586688207456262,False,0.5201308520628857,112,False
long,512,64,60,2,晶转速度,2,99,0.5163357475178776,0.43619911301157027,0.6285155080657813,12,True,0:300,0.18586688207456262,False,0.5201308520628857,112,False
long,512,64,60,2,晶转速度,2,100,0.5163909351085652,0.43756617541418563,0.628178335951367,12,True,0:300,0.18586688207456262,False,0.5201308520628857,112,False
long,512,64,60,2,晶转速度,2,101,0.5174753218310886,0.4385633707625503,0.629379593283294,12,True,0:300,0.18586688207456262,False,0.5201308520628857,112,False
long,512,64,60,2,晶转速度,2,102,0.5166213103955783,0.4387693593039536,0.6288647431921107,12,True,0:300,0.18586688207456262,False,0.5201308520628857,112,False
long,512,64,60,2,晶转速度,2,103,0.5160122478549836,0.4361668804289961,0.6284624990927598,12,True,0:300,0.18586688207456262,False,0.5201308520628857,112,False
long,512,64,60,2,晶转速度,2,104,0.5159430158827274,0.436161298143221,0.6289855272236641,12,True,0:300,0.18586688207456262,False,0.5201308520628857,112,False
long,512,64,60,2,晶转速度,2,105,0.515795890770216,0.4352563584686238,0.6291371313689378,12,True,0:300,0.18586688207456262,False,0.5201308520628857,112,False
long,512,64,60,2,晶转速度,2,106,0.5164396203244204,0.43571588644488574,0.6311656629625892,12,True,0:300,0.18586688207456262,False,0.5201308520628857,112,False
long,512,64,60,2,晶转速度,2,107,0.5164297479090706,0.43612693486531234,0.6305231560427613,12,True,0:300,0.18586688207456262,False,0.5201308520628857,112,False
long,512,64,60,2,晶转速度,2,108,0.5169549575835268,0.4367769352890336,0.630042797681662,12,True,0:300,0.18586688207456262,False,0.5201308520628857,112,False
long,512,64,60,2,晶转速度,2,109,0.517406205133528,0.4370876759926347,0.628816505731942,12,True,0:300,0.18586688207456262,False,0.5201308520628857,112,False
long,512,64,60,2,晶转速度,2,110,0.5179990923546989,0.4409335150921053,0.6291808718458045,12,True,0:300,0.18586688207456262,False,0.5201308520628857,112,False
long,512,64,60,2,晶转速度,2,111,0.5190962772236203,0.44394590137924256,0.6310331170832439,12,True,0:300,0.18586688207456262,False,0.5201308520628857,112,False
long,512,64,60,2,晶转速度,2,112,0.5201308520628857,0.44483289178871,0.6327917583362415,12,True,0:300,0.18586688207456262,True,0.5201308520628857,112,False
long,512,64,60,2,晶转速度,2,113,0.5194552195838514,0.4449736858916231,0.6319279115261408,12,True,0:300,0.18586688207456262,False,0.5201308520628857,112,False
long,512,64,60,2,晶转速度,2,114,0.5188554263998125,0.4436777774526249,0.6301245004704102,12,True,0:300,0.18586688207456262,False,0.5201308520628857,112,False
long,512,64,60,2,晶转速度,2,115,0.5184815872307517,0.4437643860463559,0.6292895964859148,12,True,0:300,0.18586688207456262,False,0.5201308520628857,112,False
long,512,64,60,2,晶转速度,2,116,0.5165421325477683,0.4408626557723526,0.6271460246852923,12,True,0:300,0.18586688207456262,False,0.5201308520628857,112,False
long,512,64,60,2,晶转速度,2,117,0.5153474262154809,0.43805265310340585,0.6263909752607695,12,True,0:300,0.18586688207456262,False,0.5201308520628857,112,False
long,512,64,60,2,晶转速度,2,118,0.5152277855052327,0.43493831723022697,0.6261764635437341,12,True,0:300,0.18586688207456262,False,0.5201308520628857,112,False
long,512,64,60,2,晶转速度,2,119,0.5151194198902083,0.4338780153236654,0.625438222528554,12,True,0:300,0.18586688207456262,False,0.5201308520628857,112,False
long,512,64,60,2,晶转速度,2,120,0.5140674636573108,0.4332565446369847,0.6244146749146294,12,True,0:300,0.18586688207456262,False,0.5201308520628857,112,False
long,512,64,60,2,晶转速度,2,121,0.5134384724282701,0.4326670636504282,0.6238348371042145,12,True,0:300,0.18586688207456262,False,0.5201308520628857,112,False
long,512,64,60,2,晶转速度,2,122,0.5137404388205705,0.43288808714526145,0.623614285503706,12,True,0:300,0.18586688207456262,False,0.5201308520628857,112,False
long,512,64,60,2,晶转速度,2,123,0.5128426009848207,0.43101066650267533,0.6220693913921967,12,True,0:300,0.18586688207456262,False,0.5201308520628857,112,False
long,512,64,60,2,晶转速度,2,124,0.5125281189128507,0.43211933814294806,0.6223733393337493,12,True,0:300,0.18586688207456262,False,0.5201308520628857,112,False
long,512,64,60,2,晶转速度,2,125,0.5111002044075537,0.43075791098396166,0.6210718194975665,12,True,0:300,0.18586688207456262,False,0.5201308520628857,112,False
long,512,64,60,2,晶转速度,2,126,0.5094450176222133,0.42903860145684725,0.6199554146136839,12,True,0:300,0.18586688207456262,False,0.5201308520628857,112,False
long,512,64,60,2,晶转速度,2,127,0.5077057061065043,0.42748701572672876,0.6173022006705696,12,True,0:300,0.18586688207456262,False,0.5201308520628857,112,False
long,512,64,60,2,晶转速度,2,128,0.5053921506789801,0.4240537248041703,0.6134144490191744,12,True,0:300,0.18586688207456262,False,0.5201308520628857,112,False
long,512,64,60,2,晶转速度,2,129,0.5041737793850406,0.4231866438785991,0.6117915367817066,12,True,0:300,0.18586688207456262,False,0.5201308520628857,112,False
long,512,64,60,2,晶转速度,2,130,0.5015670245240459,0.4215119904682165,0.6083378512432455,12,True,0:300,0.18586688207456262,False,0.5201308520628857,112,False
long,512,64,60,2,晶转速度,2,131,0.498969089293746,0.4188365198837059,0.6059192107924554,12,True,0:300,0.18586688207456262,False,0.5201308520628857,112,False
long,512,64,60,2,晶转速度,2,132,0.49723640006100694,0.41766125136060245,0.601958074859112,12,True,0:300,0.18586688207456262,False,0.5201308520628857,112,False
long,512,64,60,2,晶转速度,2,133,0.49537797947474277,0.41497292050039886,0.6010937884141607,12,True,0:300,0.18586688207456262,False,0.5201308520628857,112,False
long,512,64,60,2,晶转速度,2,134,0.4929945088060196,0.4123268383153759,0.5986248769913449,12,True,0:300,0.18586688207456262,False,0.5201308520628857,112,False
long,512,64,60,2,晶转速度,2,135,0.4913152369952749,0.4071812028939018,0.5963846490400739,12,True,0:300,0.18586688207456262,False,0.5201308520628857,112,False
long,512,64,60,2,晶转速度,2,136,0.4891536811124562,0.4037056715581508,0.5949729368623415,12,True,0:300,0.18586688207456262,False,0.5201308520628857,112,False
long,512,64,60,2,晶转速度,2,137,0.4882760573043362,0.40190639340785567,0.5946926965961932,12,True,0:300,0.18586688207456262,False,0.5201308520628857,112,False
long,512,64,60,2,晶转速度,2,138,0.4867101662136585,0.3998215315289434,0.5926551616650407,12,True,0:300,0.18586688207456262,False,0.5201308520628857,112,False
long,512,64,60,2,晶转速度,2,139,0.4862235417687536,0.4000591139437607,0.5938133567999441,12,True,0:300,0.18586688207456262,False,0.5201308520628857,112,False
long,512,64,60,2,晶转速度,2,140,0.484383733054085,0.3991453813628351,0.5916364191708766,12,True,0:300,0.18586688207456262,False,0.5201308520628857,112,False
long,512,64,60,2,晶转速度,2,141,0.4825294432047208,0.3971104548790184,0.5894489370433895,12,True,0:300,0.18586688207456262,False,0.5201308520628857,112,False
long,512,64,60,2,晶转速度,2,142,0.4789049301571334,0.3927994503451143,0.5858398109721469,12,True,0:300,0.18586688207456262,False,0.5201308520628857,112,False
long,512,64,60,2,晶转速度,2,143,0.4781520643947369,0.39308807996146494,0.5872871825551463,12,True,0:300,0.18586688207456262,False,0.5201308520628857,112,False
long,512,64,60,2,晶转速度,2,144,0.4772965171675058,0.39179876781947626,0.5885432648789648,12,True,0:300,0.18586688207456262,False,0.5201308520628857,112,False
long,512,64,60,2,晶转速度,2,145,0.47611543131551354,0.3914930768589798,0.5885150774165225,12,True,0:300,0.18586688207456262,False,0.5201308520628857,112,False
long,512,64,60,2,晶转速度,2,146,0.4747386275939585,0.3901479773164107,0.5894087604311367,12,True,0:300,0.18586688207456262,False,0.5201308520628857,112,False
long,512,64,60,2,晶转速度,2,147,0.47352860458001556,0.39031011338953353,0.5886689203643091,12,True,0:300,0.18586688207456262,False,0.5201308520628857,112,False
long,512,64,60,2,晶转速度,2,148,0.4713204176939599,0.38691519684250586,0.5883838126680349,12,True,0:300,0.18586688207456262,False,0.5201308520628857,112,False
long,512,64,60,2,晶转速度,2,149,0.46922364389358656,0.3837583608060796,0.5880549106734407,12,True,0:300,0.18586688207456262,False,0.5201308520628857,112,False
long,512,64,60,2,晶转速度,2,150,0.4677453011139657,0.38101521388238113,0.5868452273518697,12,True,0:300,0.18586688207456262,False,0.5201308520628857,112,False
long,512,64,60,2,晶转速度,2,151,0.46685425191194196,0.3805791423683902,0.5871865459468617,12,True,0:300,0.18586688207456262,False,0.5201308520628857,112,False
long,512,64,60,2,晶转速度,2,152,0.466279498512005,0.37957971391866424,0.5874816361385089,12,True,0:300,0.18586688207456262,False,0.5201308520628857,112,False
long,512,64,60,2,晶转速度,2,153,0.46508501279922276,0.3781967735464363,0.5874974474692959,12,True,0:300,0.18586688207456262,False,0.5201308520628857,112,False
long,512,64,60,2,晶转速度,2,154,0.4643230939049674,0.37691284284117027,0.5886476207904715,12,True,0:300,0.18586688207456262,False,0.5201308520628857,112,False
long,512,64,60,2,晶转速度,2,155,0.4635946799592876,0.3758430928197509,0.587513370148885,12,True,0:300,0.18586688207456262,False,0.5201308520628857,112,False
long,512,64,60,2,晶转速度,2,156,0.46178801496027855,0.37432063272344934,0.584800365315845,12,True,0:300,0.18586688207456262,False,0.5201308520628857,112,False
long,512,64,60,2,晶转速度,2,157,0.46117142445834625,0.37383140895011807,0.5842077712655781,12,True,0:300,0.18586688207456262,False,0.5201308520628857,112,False
long,512,64,60,2,晶转速度,2,158,0.4619184929291621,0.3756176288667183,0.5847107557225183,12,True,0:300,0.18586688207456262,False,0.5201308520628857,112,False
long,512,64,60,2,晶转速度,2,159,0.46227343371687774,0.3766557581153343,0.5851683194121502,12,True,0:300,0.18586688207456262,False,0.5201308520628857,112,False
long,512,64,60,2,晶转速度,2,160,0.4625050964012402,0.3773884613999935,0.5850171213498593,12,True,0:300,0.18586688207456262,False,0.5201308520628857,112,False
long,512,64,60,2,晶转速度,2,161,0.46096963556780857,0.373675852915572,0.5831736888038358,12,True,0:300,0.18586688207456262,False,0.5201308520628857,112,False
long,512,64,60,2,晶转速度,2,162,0.462184924836128,0.3739886863382681,0.5851387441525853,12,True,0:300,0.18586688207456262,False,0.5201308520628857,112,False
long,512,64,60,2,晶转速度,2,163,0.46226206138677983,0.37406581054266713,0.5848013301663693,12,True,0:300,0.18586688207456262,False,0.5201308520628857,112,False
long,512,64,60,2,晶转速度,2,164,0.4615265141499533,0.3740774633663783,0.5841351007077968,12,True,0:300,0.18586688207456262,False,0.5201308520628857,112,False
long,512,64,60,2,晶转速度,2,165,0.4613466655113834,0.37467927195727857,0.5835564733958312,12,True,0:300,0.18586688207456262,False,0.5201308520628857,112,False
long,512,64,60,2,晶转速度,2,166,0.4608748800983803,0.3761787416961078,0.5836138257367254,12,True,0:300,0.18586688207456262,False,0.5201308520628857,112,False
long,512,64,60,2,晶转速度,2,167,0.4597524404370189,0.37396469338790356,0.5818827666551634,12,True,0:300,0.18586688207456262,False,0.5201308520628857,112,False
long,512,64,60,2,晶转速度,2,168,0.4598694179735728,0.37625516263735614,0.581317370604683,12,True,0:300,0.18586688207456262,False,0.5201308520628857,112,False
long,512,64,60,2,晶转速度,2,169,0.459920429937369,0.3781585380683278,0.5818561469823134,12,True,0:300,0.18586688207456262,False,0.5201308520628857,112,False
long,512,64,60,2,晶转速度,2,170,0.4599635979422023,0.3784473250844379,0.582312847968461,12,True,0:300,0.18586688207456262,False,0.5201308520628857,112,False
long,512,64,60,2,晶转速度,2,171,0.4596063314022789,0.3772114089158517,0.5817690464991181,12,True,0:300,0.18586688207456262,False,0.5201308520628857,112,False
long,512,64,60,2,晶转速度,2,172,0.4590569877697806,0.37703447247686495,0.5819777357005077,12,True,0:300,0.18586688207456262,False,0.5201308520628857,112,False
long,512,64,60,2,晶转速度,2,173,0.4593786600607175,0.37950384990756253,0.5808406646420287,12,True,0:300,0.18586688207456262,False,0.5201308520628857,112,False
long,512,64,60,2,晶转速度,2,174,0.4588882886926666,0.3789570227265966,0.5814885048470141,12,True,0:300,0.18586688207456262,False,0.5201308520628857,112,False
long,512,64,60,2,晶转速度,2,175,0.4594101023421314,0.38184430732084484,0.5815944327295804,12,True,0:300,0.18586688207456262,False,0.5201308520628857,112,False
long,512,64,60,2,晶转速度,2,176,0.4597434039409655,0.3816437143882582,0.5813620492406926,12,True,0:300,0.18586688207456262,False,0.5201308520628857,112,False
long,512,64,60,2,晶转速度,2,177,0.46032779390282313,0.38193916778891646,0.5836137626064063,12,True,0:300,0.18586688207456262,False,0.5201308520628857,112,False
long,512,64,60,2,晶转速度,2,178,0.46187452647031135,0.3821051791248942,0.5842737439639506,12,True,0:300,0.18586688207456262,False,0.5201308520628857,112,False
long,512,64,60,2,晶转速度,2,179,0.4619974287707079,0.3821340169573874,0.5853723090018458,12,True,0:300,0.18586688207456262,False,0.5201308520628857,112,False
long,512,64,60,2,晶转速度,2,180,0.46202620679138817,0.38334726366809946,0.5840432857006448,12,True,0:300,0.18586688207456262,False,0.5201308520628857,112,False
long,512,64,60,2,晶转速度,2,181,0.4621705658536221,0.3813132088255333,0.5829613336328425,12,True,0:300,0.18586688207456262,False,0.5201308520628857,112,False
long,512,64,60,2,晶转速度,2,182,0.46241372577765516,0.3829327614642118,0.5816846721173565,12,True,0:300,0.18586688207456262,False,0.5201308520628857,112,False
long,512,64,60,2,晶转速度,2,183,0.4635622231040231,0.3830045098503057,0.583536049936632,12,True,0:300,0.18586688207456262,False,0.5201308520628857,112,False
long,512,64,60,2,晶转速度,2,184,0.4642791290259266,0.38368233792920114,0.5844177203916581,12,True,0:300,0.18586688207456262,False,0.5201308520628857,112,False
long,512,64,60,2,晶转速度,2,185,0.46555230067761927,0.3828994734773272,0.5851113083229821,12,True,0:300,0.18586688207456262,False,0.5201308520628857,112,False
long,512,64,60,2,晶转速度,2,186,0.4651292960797948,0.3819238278715531,0.584901904248441,12,True,0:300,0.18586688207456262,False,0.5201308520628857,112,False
long,512,64,60,2,晶转速度,2,187,0.4658841589728004,0.3813982057840928,0.585978311094369,12,True,0:300,0.18586688207456262,False,0.5201308520628857,112,False
long,512,64,60,2,晶转速度,2,188,0.4660921238352096,0.38360761232745927,0.5866602231949549,12,True,0:300,0.18586688207456262,False,0.5201308520628857,112,False
long,512,64,60,2,晶转速度,2,189,0.467473861342092,0.38602013601262514,0.5877825815642591,12,True,0:300,0.18586688207456262,False,0.5201308520628857,112,False
long,512,64,60,2,晶转速度,2,190,0.4681481221640618,0.38517721404115496,0.5899250093314343,12,True,0:300,0.18586688207456262,False,0.5201308520628857,112,False
long,512,64,60,2,晶转速度,2,191,0.46882688259888344,0.3870594517729496,0.5918232165997424,12,True,0:300,0.18586688207456262,False,0.5201308520628857,112,False
long,512,64,60,2,晶转速度,2,192,0.46993827978077474,0.3870696920226532,0.5951254307048963,12,True,0:300,0.18586688207456262,False,0.5201308520628857,112,False
long,512,64,60,2,晶转速度,2,193,0.4703085982028664,0.389070776717646,0.5969083909748033,12,True,0:300,0.18586688207456262,False,0.5201308520628857,112,False
long,512,64,60,2,晶转速度,2,194,0.4711063039124507,0.3895022324910404,0.598331747279841,12,True,0:300,0.18586688207456262,False,0.5201308520628857,112,False
long,512,64,60,2,晶转速度,2,195,0.4732916672158846,0.3908152402924986,0.6019842802327467,12,True,0:300,0.18586688207456262,False,0.5201308520628857,112,False
long,512,64,60,2,晶转速度,2,196,0.4753504484638939,0.392158091883578,0.6052786260362184,12,True,0:300,0.18586688207456262,False,0.5201308520628857,112,False
long,512,64,60,2,晶转速度,2,197,0.47638599563105266,0.39323458337451406,0.6072163425538699,12,True,0:300,0.18586688207456262,False,0.5201308520628857,112,False
long,512,64,60,2,晶转速度,2,198,0.4758692006560697,0.3937280417726384,0.6074558940753202,12,True,0:300,0.18586688207456262,False,0.5201308520628857,112,False
long,512,64,60,2,晶转速度,2,199,0.4755841664655449,0.3931182437382096,0.6088013738518178,12,True,0:300,0.18586688207456262,False,0.5201308520628857,112,False
long,512,64,60,2,晶转速度,2,200,0.4757125272247366,0.39250980276924713,0.6078659528424011,12,True,0:300,0.18586688207456262,False,0.5201308520628857,112,False
long,512,64,60,2,晶转速度,2,201,0.47691947593517736,0.3935021784878199,0.6104377975854355,12,True,0:300,0.18586688207456262,False,0.5201308520628857,112,False
long,512,64,60,2,晶转速度,2,202,0.4792771975344484,0.39446414599582114,0.612739719195229,12,True,0:300,0.18586688207456262,False,0.5201308520628857,112,False
long,512,64,60,2,晶转速度,2,203,0.4806437308090901,0.39684800516911234,0.614583967687457,12,True,0:300,0.18586688207456262,False,0.5201308520628857,112,False
long,512,64,60,2,晶转速度,2,204,0.48129245331915316,0.3980660617222493,0.6164659338803894,12,True,0:300,0.18586688207456262,False,0.5201308520628857,112,False
long,512,64,60,2,晶转速度,2,205,0.4818704485668313,0.3984605492493464,0.6185279039817647,12,True,0:300,0.18586688207456262,False,0.5201308520628857,112,False
long,512,64,60,2,晶转速度,2,206,0.4814883640698823,0.39952292099848136,0.6165683142155636,12,True,0:300,0.18586688207456262,False,0.5201308520628857,112,False
long,512,64,60,2,晶转速度,2,207,0.4813441048438592,0.4003994881333585,0.6154349077946102,12,True,0:300,0.18586688207456262,False,0.5201308520628857,112,False
long,512,64,60,2,晶转速度,2,208,0.482055012428562,0.40067144495585855,0.6161621068457602,12,True,0:300,0.18586688207456262,False,0.5201308520628857,112,False
long,512,64,60,2,晶转速度,2,209,0.48223195674532354,0.3999206093539186,0.6161542916439933,12,True,0:300,0.18586688207456262,False,0.5201308520628857,112,False
long,512,64,60,2,晶转速度,2,210,0.48191088328127485,0.40025222257465104,0.6162857340130029,12,True,0:300,0.18586688207456262,False,0.5201308520628857,112,False
long,512,64,60,2,晶转速度,2,211,0.4810171854919432,0.39958443907505464,0.6164614098920842,12,True,0:300,0.18586688207456262,False,0.5201308520628857,112,False
long,512,64,60,2,晶转速度,2,212,0.4801886108239304,0.3984928926401898,0.6151699788418347,12,True,0:300,0.18586688207456262,False,0.5201308520628857,112,False
long,512,64,60,2,晶转速度,2,213,0.4799588254879732,0.39791621524613247,0.6131483476435344,12,True,0:300,0.18586688207456262,False,0.5201308520628857,112,False
long,512,64,60,2,晶转速度,2,214,0.48009267600663247,0.39756642282507226,0.6127971657197485,12,True,0:300,0.18586688207456262,False,0.5201308520628857,112,False
long,512,64,60,2,晶转速度,2,215,0.48005654633693273,0.39970756759556136,0.6124245671986903,12,True,0:300,0.18586688207456262,False,0.5201308520628857,112,False
long,512,64,60,2,晶转速度,2,216,0.48070661629488876,0.40082598006656844,0.6127968851595862,12,True,0:300,0.18586688207456262,False,0.5201308520628857,112,False
long,512,64,60,2,晶转速度,2,217,0.4810845801246382,0.4012175593689571,0.6124820309860541,12,True,0:300,0.18586688207456262,False,0.5201308520628857,112,False
long,512,64,60,2,晶转速度,2,218,0.48104924989724557,0.4021754516212387,0.6118137676296,12,True,0:300,0.18586688207456262,False,0.5201308520628857,112,False
long,512,64,60,2,晶转速度,2,219,0.48145866983763774,0.40181348600738354,0.6110527907431506,12,True,0:300,0.18586688207456262,False,0.5201308520628857,112,False
long,512,64,60,2,晶转速度,2,220,0.4816930059521711,0.4022010860962206,0.6114361880106405,12,True,0:300,0.18586688207456262,False,0.5201308520628857,112,False
long,512,64,60,2,晶转速度,2,221,0.48128307239358725,0.3998348404620301,0.6105645669123704,12,True,0:300,0.18586688207456262,False,0.5201308520628857,112,False
long,512,64,60,2,晶转速度,2,222,0.4798964119762341,0.397042644396099,0.6091870624302871,12,True,0:300,0.18586688207456262,False,0.5201308520628857,112,False
long,512,64,60,2,晶转速度,2,223,0.47805644041949946,0.3952257992507082,0.606205115040414,12,True,0:300,0.18586688207456262,False,0.5201308520628857,112,False
long,512,64,60,2,晶转速度,2,224,0.4774474570369416,0.3947256064214157,0.6058815877266842,12,True,0:300,0.18586688207456262,False,0.5201308520628857,112,False
long,512,64,60,2,晶转速度,2,225,0.47542530398278565,0.3936592850167229,0.6023296460327676,12,True,0:300,0.18586688207456262,False,0.5201308520628857,112,False
long,512,64,60,2,晶转速度,2,226,0.4742093988147258,0.39040469598474564,0.6013722691798912,12,True,0:300,0.18586688207456262,False,0.5201308520628857,112,False
long,512,64,60,2,晶转速度,2,227,0.47487735412979465,0.38875680686239916,0.6010642336425188,12,True,0:300,0.18586688207456262,False,0.5201308520628857,112,False
long,512,64,60,2,晶转速度,2,228,0.47530903123099527,0.38748540376575225,0.6008013161749481,12,True,0:300,0.18586688207456262,False,0.5201308520628857,112,False
long,512,64,60,2,晶转速度,2,229,0.47596509147502947,0.3909617132559376,0.6039442605934666,12,True,0:300,0.18586688207456262,False,0.5201308520628857,112,False
long,512,64,60,2,晶转速度,2,230,0.4749506800136652,0.3918137818588209,0.6023320516925992,12,True,0:300,0.18586688207456262,False,0.5201308520628857,112,False
long,512,64,60,2,晶转速度,2,231,0.47338798823945194,0.3898296441435796,0.600179545480518,12,True,0:300,0.18586688207456262,False,0.5201308520628857,112,False
long,512,64,60,2,晶转速度,2,232,0.4715831564372607,0.3884426481377367,0.5997890810968293,12,True,0:300,0.18586688207456262,False,0.5201308520628857,112,False
long,512,64,60,2,晶转速度,2,233,0.47047205432853806,0.3886332580235483,0.596885535291395,12,True,0:300,0.18586688207456262,False,0.5201308520628857,112,False
long,512,64,60,2,晶转速度,2,234,0.46976875098190135,0.38906649665530263,0.5956154773676687,12,True,0:300,0.18586688207456262,False,0.5201308520628857,112,False
long,512,64,60,2,晶转速度,2,235,0.4690300687867529,0.3890090228712937,0.5956279940642893,12,True,0:300,0.18586688207456262,False,0.5201308520628857,112,False
long,512,64,60,2,晶转速度,2,236,0.46953768010379643,0.38730760424562577,0.596086280003625,12,True,0:300,0.18586688207456262,False,0.5201308520628857,112,False
long,512,64,60,2,晶转速度,2,237,0.46906736678237404,0.3872649566423236,0.5971155610281658,12,True,0:300,0.18586688207456262,False,0.5201308520628857,112,False
long,512,64,60,2,晶转速度,2,238,0.4682761198647434,0.38630039739225897,0.5968319934084627,12,True,0:300,0.18586688207456262,False,0.5201308520628857,112,False
long,512,64,60,2,晶转速度,2,239,0.46917478613635094,0.3854893111013674,0.5980678653885522,12,True,0:300,0.18586688207456262,False,0.5201308520628857,112,False
long,512,64,60,2,晶转速度,2,240,0.4702387851997293,0.3853294872512206,0.5996022058258849,12,True,0:300,0.18586688207456262,False,0.5201308520628857,112,False
long,512,64,60,2,晶转速度,2,241,0.4720806548082929,0.38642413074126986,0.6010444752724052,12,True,0:300,0.18586688207456262,False,0.5201308520628857,112,False
long,512,64,60,2,晶转速度,2,242,0.4725911978611693,0.3868098467861915,0.600257323206042,12,True,0:300,0.18586688207456262,False,0.5201308520628857,112,False
long,512,64,60,2,晶转速度,2,243,0.47101454414873534,0.3852408655932139,0.600259352468794,12,True,0:300,0.18586688207456262,False,0.5201308520628857,112,False
long,512,64,60,2,晶转速度,2,244,0.46961260462137505,0.3840934472418885,0.5977747254561394,12,True,0:300,0.18586688207456262,False,0.5201308520628857,112,False
long,512,64,60,2,晶转速度,2,245,0.4694356129446936,0.38239920878625505,0.5965444923776366,12,True,0:300,0.18586688207456262,False,0.5201308520628857,112,False
long,512,64,60,2,晶转速度,2,246,0.4704981279330278,0.3841852500889248,0.5962268524094416,12,True,0:300,0.18586688207456262,False,0.5201308520628857,112,False
long,512,64,60,2,晶转速度,2,247,0.47149629778303587,0.3864852311717154,0.5948811180191776,12,True,0:300,0.18586688207456262,False,0.5201308520628857,112,False
long,512,64,60,2,晶转速度,2,248,0.4726447588459325,0.3881247219558901,0.5956891987876349,12,True,0:300,0.18586688207456262,False,0.5201308520628857,112,False
long,512,64,60,2,晶转速度,2,249,0.4728635010573982,0.38762177458897584,0.5943636545562772,12,True,0:300,0.18586688207456262,False,0.5201308520628857,112,False
long,512,64,60,2,晶转速度,2,250,0.4726784906616272,0.3871523582176408,0.5931221459730245,12,True,0:300,0.18586688207456262,False,0.5201308520628857,112,False
long,512,64,60,2,晶转速度,2,251,0.47347879218120953,0.3887548563593913,0.5931283401772095,12,True,0:300,0.18586688207456262,False,0.5201308520628857,112,False
long,512,64,60,2,晶转速度,2,252,0.47349063940080477,0.389706676128577,0.5935648626274822,12,True,0:300,0.18586688207456262,False,0.5201308520628857,112,False
long,512,64,60,2,晶转速度,2,253,0.4744866910019385,0.3876588545140375,0.5940416867655064,12,True,0:300,0.18586688207456262,False,0.5201308520628857,112,False
long,512,64,60,2,晶转速度,2,254,0.4749621827029803,0.3878179579232659,0.5957254248938677,12,True,0:300,0.18586688207456262,False,0.5201308520628857,112,False
long,512,64,60,2,晶转速度,2,255,0.47387717940575186,0.38664771468359566,0.5937601094661814,12,True,0:300,0.18586688207456262,False,0.5201308520628857,112,False
long,512,64,60,2,晶转速度,2,256,0.47329211843259134,0.38567534771853396,0.5946618356924485,12,True,0:300,0.18586688207456262,False,0.5201308520628857,112,False
long,512,64,60,2,晶转速度,2,257,0.47320620113222217,0.3834978908600971,0.5958483107524902,12,True,0:300,0.18586688207456262,False,0.5201308520628857,112,False
long,512,64,60,2,晶转速度,2,258,0.4725176935013495,0.3819753725771654,0.5933461820344696,12,True,0:300,0.18586688207456262,False,0.5201308520628857,112,False
long,512,64,60,2,晶转速度,2,259,0.472707033176583,0.38287086176597385,0.5928087681317079,12,True,0:300,0.18586688207456262,False,0.5201308520628857,112,False
long,512,64,60,2,晶转速度,2,260,0.47311997350171237,0.38431254243412444,0.5919783052000264,12,True,0:300,0.18586688207456262,False,0.5201308520628857,112,False
long,512,64,60,2,晶转速度,2,261,0.47361391672336267,0.3847779330193254,0.59341104035246,12,True,0:300,0.18586688207456262,False,0.5201308520628857,112,False
long,512,64,60,2,晶转速度,2,262,0.4728485517131229,0.38398854726567455,0.593711764164554,12,True,0:300,0.18586688207456262,False,0.5201308520628857,112,False
long,512,64,60,2,晶转速度,2,263,0.4731466708579841,0.38160726964341907,0.5935814338529483,12,True,0:300,0.18586688207456262,False,0.5201308520628857,112,False
long,512,64,60,2,晶转速度,2,264,0.47345892633710956,0.37868282232603295,0.5942181365632313,12,True,0:300,0.18586688207456262,False,0.5201308520628857,112,False
long,512,64,60,2,晶转速度,2,265,0.47215864996930756,0.3793842586329054,0.5946395117326007,12,True,0:300,0.18586688207456262,False,0.5201308520628857,112,False
long,512,64,60,2,晶转速度,2,266,0.4729417653520018,0.3814568872671752,0.5964683125640303,12,True,0:300,0.18586688207456262,False,0.5201308520628857,112,False
long,512,64,60,2,晶转速度,2,267,0.47290450095076975,0.38144545097838645,0.59712652912876,12,True,0:300,0.18586688207456262,False,0.5201308520628857,112,False
long,512,64,60,2,晶转速度,2,268,0.4736781006549971,0.3835310329303424,0.596590671199557,12,True,0:300,0.18586688207456262,False,0.5201308520628857,112,False
long,512,64,60,2,晶转速度,2,269,0.47414984751510897,0.3857004304513161,0.5953319912694734,12,True,0:300,0.18586688207456262,False,0.5201308520628857,112,False
long,512,64,60,2,晶转速度,2,270,0.4742951414056855,0.38601068015232676,0.5972290842476555,12,True,0:300,0.18586688207456262,False,0.5201308520628857,112,False
long,512,64,60,2,晶转速度,2,271,0.47441572568073526,0.38593671950328434,0.5951600240977821,12,True,0:300,0.18586688207456262,False,0.5201308520628857,112,False
long,512,64,60,2,晶转速度,2,272,0.474897213047404,0.38730828421960894,0.5936078993271418,12,True,0:300,0.18586688207456262,False,0.5201308520628857,112,False
long,512,64,60,2,晶转速度,2,273,0.4762535027208554,0.388134880879459,0.5953212824861366,12,True,0:300,0.18586688207456262,False,0.5201308520628857,112,False
long,512,64,60,2,晶转速度,2,274,0.4774197164956569,0.3897462415359566,0.5959392734350306,12,True,0:300,0.18586688207456262,False,0.5201308520628857,112,False
long,512,64,60,2,晶转速度,2,275,0.47766836919256245,0.38796151398280504,0.5960989271085297,12,True,0:300,0.18586688207456262,False,0.5201308520628857,112,False
long,512,64,60,2,晶转速度,2,276,0.4765099880792991,0.3874714054560122,0.5969005084553907,12,True,0:300,0.18586688207456262,False,0.5201308520628857,112,False
long,512,64,60,2,晶转速度,2,277,0.4758190147718742,0.38580429262539456,0.5962067165459815,12,True,0:300,0.18586688207456262,False,0.5201308520628857,112,False
long,512,64,60,2,晶转速度,2,278,0.47620786619847216,0.3865388347689048,0.5951351982103574,12,True,0:300,0.18586688207456262,False,0.5201308520628857,112,False
long,512,64,60,2,晶转速度,2,279,0.4761129604120741,0.3862181152987336,0.5963394447505844,12,True,0:300,0.18586688207456262,False,0.5201308520628857,112,False
long,512,64,60,2,晶转速度,2,280,0.47570016539628285,0.3854760791312279,0.5970656654591132,12,True,0:300,0.18586688207456262,False,0.5201308520628857,112,False
long,512,64,60,2,晶转速度,2,281,0.4763266042070437,0.3844416214076163,0.5984468569350844,12,True,0:300,0.18586688207456262,False,0.5201308520628857,112,False
long,512,64,60,2,晶转速度,2,282,0.4766016180216782,0.3840806891402798,0.5980932775101367,12,True,0:300,0.18586688207456262,False,0.5201308520628857,112,False
long,512,64,60,2,晶转速度,2,283,0.47711458325265127,0.3851303851622909,0.5999992980564045,12,True,0:300,0.18586688207456262,False,0.5201308520628857,112,False
long,512,64,60,2,晶转速度,2,284,0.47780301477759657,0.38709676114100694,0.6021141511633794,12,True,0:300,0.18586688207456262,False,0.5201308520628857,112,False
long,512,64,60,2,晶转速度,2,285,0.4797734065823109,0.3917612030636265,0.603214749956148,12,True,0:300,0.18586688207456262,False,0.5201308520628857,112,False
long,512,64,60,2,晶转速度,2,286,0.48093849902191477,0.39247612456425063,0.6053154616440609,12,True,0:300,0.18586688207456262,False,0.5201308520628857,112,False
long,512,64,60,2,晶转速度,2,287,0.4796564416421337,0.3911373666099827,0.6015096557163698,12,True,0:300,0.18586688207456262,False,0.5201308520628857,112,False
long,512,64,60,2,晶转速度,2,288,0.4782727158409173,0.3890338169605163,0.5990043549869297,12,True,0:300,0.18586688207456262,False,0.5201308520628857,112,False
long,512,64,60,2,晶转速度,2,289,0.4767395564693354,0.3875654595481092,0.5968229352461176,12,True,0:300,0.18586688207456262,False,0.5201308520628857,112,False
long,512,64,60,2,晶转速度,2,290,0.4779554141335341,0.3866789538453634,0.5967832159685663,12,True,0:300,0.18586688207456262,False,0.5201308520628857,112,False
long,512,64,60,2,晶转速度,2,291,0.47913479573296797,0.3882435252064098,0.6000566330135547,12,True,0:300,0.18586688207456262,False,0.5201308520628857,112,False
long,512,64,60,2,晶转速度,2,292,0.4796946490016787,0.39114320139687936,0.6044968519324482,12,True,0:300,0.18586688207456262,False,0.5201308520628857,112,False
long,512,64,60,2,晶转速度,2,293,0.480128550571542,0.3928660478165439,0.6066558489023407,12,True,0:300,0.18586688207456262,False,0.5201308520628857,112,False
long,512,64,60,2,晶转速度,2,294,0.48062519748052107,0.391219059394298,0.60692243105787,12,True,0:300,0.18586688207456262,False,0.5201308520628857,112,False
long,512,64,60,2,晶转速度,2,295,0.4808764505373691,0.3911869183967507,0.6071327656308929,12,True,0:300,0.18586688207456262,False,0.5201308520628857,112,False
long,512,64,60,2,晶转速度,2,296,0.48081192453080146,0.39290290093605823,0.6052605906355172,12,True,0:300,0.18586688207456262,False,0.5201308520628857,112,False
long,512,64,60,2,晶转速度,2,297,0.480850071473172,0.39156914713430585,0.6045940578463105,12,True,0:300,0.18586688207456262,False,0.5201308520628857,112,False
long,512,64,60,2,晶转速度,2,298,0.479879929199295,0.38909937292190633,0.6019699732285951,12,True,0:300,0.18586688207456262,False,0.5201308520628857,112,False
long,512,64,60,2,晶转速度,2,299,0.48028694791192733,0.3919608581287611,0.6016951171265428,12,True,0:300,0.18586688207456262,False,0.5201308520628857,112,False
long,512,64,60,2,晶转速度,2,300,0.4797519686102724,0.38990117779859623,0.6001056754933272,12,True,0:300,0.18586688207456262,False,0.5201308520628857,112,False
long,512,64,60,2,埚升速度,3,0,0.06829483184971112,-0.06920206572804813,0.20152548346791802,12,False,7:41;56:66;263:300,0.24793050935487765,False,0.2557232662323707,28,False
long,512,64,60,2,埚升速度,3,1,0.07705659167436453,-0.05838305257690225,0.21432244450185853,12,False,7:41;56:66;263:300,0.24793050935487765,False,0.2557232662323707,28,False
long,512,64,60,2,埚升速度,3,2,0.0896263710786114,-0.04561407384957453,0.22778735372916856,12,False,7:41;56:66;263:300,0.24793050935487765,False,0.2557232662323707,28,False
long,512,64,60,2,埚升速度,3,3,0.10398682255042146,-0.033780005093016395,0.23901919178697326,12,False,7:41;56:66;263:300,0.24793050935487765,False,0.2557232662323707,28,False
long,512,64,60,2,埚升速度,3,4,0.1176578505602797,-0.020986308317804375,0.24647765374182945,12,False,7:41;56:66;263:300,0.24793050935487765,False,0.2557232662323707,28,False
long,512,64,60,2,埚升速度,3,5,0.12835335786153007,-0.010751353215031064,0.2502482807425693,12,False,7:41;56:66;263:300,0.24793050935487765,False,0.2557232662323707,28,False
long,512,64,60,2,埚升速度,3,6,0.13674547167324214,-0.0019125180333352965,0.250512888004236,12,False,7:41;56:66;263:300,0.24793050935487765,False,0.2557232662323707,28,False
long,512,64,60,2,埚升速度,3,7,0.14138058783459068,0.0016240439019293749,0.25001971105222914,12,True,7:41;56:66;263:300,0.24793050935487765,False,0.2557232662323707,28,False
long,512,64,60,2,埚升速度,3,8,0.14306675320423373,0.0026491559937110464,0.2526529070746457,12,True,7:41;56:66;263:300,0.24793050935487765,False,0.2557232662323707,28,False
long,512,64,60,2,埚升速度,3,9,0.14370762756347957,0.004122202722667366,0.2525885241451222,12,True,7:41;56:66;263:300,0.24793050935487765,False,0.2557232662323707,28,False
long,512,64,60,2,埚升速度,3,10,0.14398227471622546,0.0032797842028471913,0.24928928902507647,12,True,7:41;56:66;263:300,0.24793050935487765,False,0.2557232662323707,28,False
long,512,64,60,2,埚升速度,3,11,0.14905804651502494,0.008566035704649875,0.2561430289198569,12,True,7:41;56:66;263:300,0.24793050935487765,False,0.2557232662323707,28,False
long,512,64,60,2,埚升速度,3,12,0.1600102898044231,0.009977407334862912,0.27477158796210677,12,True,7:41;56:66;263:300,0.24793050935487765,False,0.2557232662323707,28,False
long,512,64,60,2,埚升速度,3,13,0.17489211636756566,0.02090623743846995,0.2956724090694278,12,True,7:41;56:66;263:300,0.24793050935487765,False,0.2557232662323707,28,False
long,512,64,60,2,埚升速度,3,14,0.191158520243977,0.04253620829797504,0.31840418041754,12,True,7:41;56:66;263:300,0.24793050935487765,False,0.2557232662323707,28,False
long,512,64,60,2,埚升速度,3,15,0.2045092029763955,0.06223703688481876,0.3376303600456038,12,True,7:41;56:66;263:300,0.24793050935487765,False,0.2557232662323707,28,False
long,512,64,60,2,埚升速度,3,16,0.21208940510601532,0.0736192533169158,0.35093483767939726,12,True,7:41;56:66;263:300,0.24793050935487765,False,0.2557232662323707,28,False
long,512,64,60,2,埚升速度,3,17,0.2137226014482915,0.07125363350423293,0.35513024104606733,12,True,7:41;56:66;263:300,0.24793050935487765,False,0.2557232662323707,28,False
long,512,64,60,2,埚升速度,3,18,0.2105731714222159,0.0634935034048006,0.35553714838385886,12,True,7:41;56:66;263:300,0.24793050935487765,False,0.2557232662323707,28,False
long,512,64,60,2,埚升速度,3,19,0.20610139351558338,0.05772079463026795,0.35241100811667214,12,True,7:41;56:66;263:300,0.24793050935487765,False,0.2557232662323707,28,False
long,512,64,60,2,埚升速度,3,20,0.2024495137756389,0.048268209913782695,0.3461492360604239,12,True,7:41;56:66;263:300,0.24793050935487765,False,0.2557232662323707,28,False
long,512,64,60,2,埚升速度,3,21,0.199223370234318,0.03968866425978998,0.34228261401134025,12,True,7:41;56:66;263:300,0.24793050935487765,False,0.2557232662323707,28,False
long,512,64,60,2,埚升速度,3,22,0.1984481200710648,0.0367268777752807,0.340462104046163,12,True,7:41;56:66;263:300,0.24793050935487765,False,0.2557232662323707,28,False
long,512,64,60,2,埚升速度,3,23,0.20108112524970778,0.03975959842254692,0.3483335734079614,12,True,7:41;56:66;263:300,0.24793050935487765,False,0.2557232662323707,28,False
long,512,64,60,2,埚升速度,3,24,0.20968965484754357,0.048294437056372326,0.36366458348865843,12,True,7:41;56:66;263:300,0.24793050935487765,False,0.2557232662323707,28,False
long,512,64,60,2,埚升速度,3,25,0.223063500056455,0.06247542856840461,0.3840352723257503,12,True,7:41;56:66;263:300,0.24793050935487765,False,0.2557232662323707,28,False
long,512,64,60,2,埚升速度,3,26,0.23835607761115749,0.07955147116681886,0.4051023250216775,12,True,7:41;56:66;263:300,0.24793050935487765,False,0.2557232662323707,28,False
long,512,64,60,2,埚升速度,3,27,0.2509860312795037,0.0945384954221655,0.4201196028225999,12,True,7:41;56:66;263:300,0.24793050935487765,False,0.2557232662323707,28,False
long,512,64,60,2,埚升速度,3,28,0.2557232662323707,0.10200401169177968,0.42724782004299905,12,True,7:41;56:66;263:300,0.24793050935487765,True,0.2557232662323707,28,False
long,512,64,60,2,埚升速度,3,29,0.2533103207705008,0.1015622333598144,0.42652857206937483,12,True,7:41;56:66;263:300,0.24793050935487765,False,0.2557232662323707,28,False
long,512,64,60,2,埚升速度,3,30,0.24504430225709842,0.09836707681360367,0.41608921939589144,12,True,7:41;56:66;263:300,0.24793050935487765,False,0.2557232662323707,28,False
long,512,64,60,2,埚升速度,3,31,0.23293946461557508,0.08887841932413774,0.40130511323091766,12,True,7:41;56:66;263:300,0.24793050935487765,False,0.2557232662323707,28,False
long,512,64,60,2,埚升速度,3,32,0.22275406794404493,0.0768370864604047,0.3900623302166768,12,True,7:41;56:66;263:300,0.24793050935487765,False,0.2557232662323707,28,False
long,512,64,60,2,埚升速度,3,33,0.2151387206432038,0.07218434493902705,0.3853343635956432,12,True,7:41;56:66;263:300,0.24793050935487765,False,0.2557232662323707,28,False
long,512,64,60,2,埚升速度,3,34,0.2099906024086563,0.06987107332426344,0.38900393648724924,12,True,7:41;56:66;263:300,0.24793050935487765,False,0.2557232662323707,28,False
long,512,64,60,2,埚升速度,3,35,0.2077782497313349,0.07343112744338023,0.39480688604172565,12,True,7:41;56:66;263:300,0.24793050935487765,False,0.2557232662323707,28,False
long,512,64,60,2,埚升速度,3,36,0.20651736086401598,0.0758333956776383,0.39861482325105546,12,True,7:41;56:66;263:300,0.24793050935487765,False,0.2557232662323707,28,False
long,512,64,60,2,埚升速度,3,37,0.20604001448801407,0.0737878617744076,0.3995661747791545,12,True,7:41;56:66;263:300,0.24793050935487765,False,0.2557232662323707,28,False
long,512,64,60,2,埚升速度,3,38,0.20501389154816765,0.06906726429674322,0.3980227899343304,12,True,7:41;56:66;263:300,0.24793050935487765,False,0.2557232662323707,28,False
long,512,64,60,2,埚升速度,3,39,0.20077676132075425,0.05617012529986725,0.393085945232161,12,True,7:41;56:66;263:300,0.24793050935487765,False,0.2557232662323707,28,False
long,512,64,60,2,埚升速度,3,40,0.19200093450170935,0.04073686465919485,0.38361979708263116,12,True,7:41;56:66;263:300,0.24793050935487765,False,0.2557232662323707,28,False
long,512,64,60,2,埚升速度,3,41,0.1783045722068734,0.01903141478752669,0.36487548074826454,12,True,7:41;56:66;263:300,0.24793050935487765,False,0.2557232662323707,28,False
long,512,64,60,2,埚升速度,3,42,0.16203999761827434,-0.0001528909121948155,0.3412152013990217,12,False,7:41;56:66;263:300,0.24793050935487765,False,0.2557232662323707,28,False
long,512,64,60,2,埚升速度,3,43,0.1480890478834903,-0.017171118689362802,0.3237412549825393,12,False,7:41;56:66;263:300,0.24793050935487765,False,0.2557232662323707,28,False
long,512,64,60,2,埚升速度,3,44,0.13840557411516202,-0.028964372048228687,0.3159206404647027,12,False,7:41;56:66;263:300,0.24793050935487765,False,0.2557232662323707,28,False
long,512,64,60,2,埚升速度,3,45,0.13316723051001436,-0.033727391389359145,0.31126568367838636,12,False,7:41;56:66;263:300,0.24793050935487765,False,0.2557232662323707,28,False
long,512,64,60,2,埚升速度,3,46,0.13496912240618086,-0.03327168370602599,0.3069506060639816,12,False,7:41;56:66;263:300,0.24793050935487765,False,0.2557232662323707,28,False
long,512,64,60,2,埚升速度,3,47,0.1419371243540567,-0.029015926281955266,0.30780691608635447,12,False,7:41;56:66;263:300,0.24793050935487765,False,0.2557232662323707,28,False
long,512,64,60,2,埚升速度,3,48,0.15276043577943502,-0.022402287118408373,0.31712993412419455,12,False,7:41;56:66;263:300,0.24793050935487765,False,0.2557232662323707,28,False
long,512,64,60,2,埚升速度,3,49,0.1643173018410729,-0.016109269466506478,0.32594516522924255,12,False,7:41;56:66;263:300,0.24793050935487765,False,0.2557232662323707,28,False
long,512,64,60,2,埚升速度,3,50,0.17330022265578351,-0.008839199086320724,0.331473450982334,12,False,7:41;56:66;263:300,0.24793050935487765,False,0.2557232662323707,28,False
long,512,64,60,2,埚升速度,3,51,0.17978361387113428,-0.004986393159692452,0.3342242619089618,12,False,7:41;56:66;263:300,0.24793050935487765,False,0.2557232662323707,28,False
long,512,64,60,2,埚升速度,3,52,0.18233749829598572,-0.0012664999542258215,0.33161368758147697,12,False,7:41;56:66;263:300,0.24793050935487765,False,0.2557232662323707,28,False
long,512,64,60,2,埚升速度,3,53,0.18021561059788865,-0.0005486251076187772,0.3265499500640449,12,False,7:41;56:66;263:300,0.24793050935487765,False,0.2557232662323707,28,False
long,512,64,60,2,埚升速度,3,54,0.1769836488791155,-0.0003515626126842711,0.31874211423889975,12,False,7:41;56:66;263:300,0.24793050935487765,False,0.2557232662323707,28,False
long,512,64,60,2,埚升速度,3,55,0.172282810878545,-0.0011658568994962495,0.30817222671865796,12,False,7:41;56:66;263:300,0.24793050935487765,False,0.2557232662323707,28,False
long,512,64,60,2,埚升速度,3,56,0.17094192865669675,0.008230024472050169,0.2985268530970046,12,True,7:41;56:66;263:300,0.24793050935487765,False,0.2557232662323707,28,False
long,512,64,60,2,埚升速度,3,57,0.17389295672425176,0.020758022823512585,0.298438150144996,12,True,7:41;56:66;263:300,0.24793050935487765,False,0.2557232662323707,28,False
long,512,64,60,2,埚升速度,3,58,0.18194877460108838,0.036979555161567125,0.31307583505603614,12,True,7:41;56:66;263:300,0.24793050935487765,False,0.2557232662323707,28,False
long,512,64,60,2,埚升速度,3,59,0.1914562709290401,0.051537082558646946,0.32523347860338575,12,True,7:41;56:66;263:300,0.24793050935487765,False,0.2557232662323707,28,False
long,512,64,60,2,埚升速度,3,60,0.1981206340658689,0.06249165766985835,0.33173431152728344,12,True,7:41;56:66;263:300,0.24793050935487765,False,0.2557232662323707,28,False
long,512,64,60,2,埚升速度,3,61,0.203491438544637,0.0714286391111929,0.3371120253303214,12,True,7:41;56:66;263:300,0.24793050935487765,False,0.2557232662323707,28,False
long,512,64,60,2,埚升速度,3,62,0.2031661761003094,0.06767192614779825,0.33523787353596785,12,True,7:41;56:66;263:300,0.24793050935487765,False,0.2557232662323707,28,False
long,512,64,60,2,埚升速度,3,63,0.19888277865056445,0.05665231886012696,0.33487178503259063,12,True,7:41;56:66;263:300,0.24793050935487765,False,0.2557232662323707,28,False
long,512,64,60,2,埚升速度,3,64,0.189812625135183,0.04402110843520178,0.3267119830488412,12,True,7:41;56:66;263:300,0.24793050935487765,False,0.2557232662323707,28,False
long,512,64,60,2,埚升速度,3,65,0.17931019015977204,0.028223127365854837,0.32008620275030125,12,True,7:41;56:66;263:300,0.24793050935487765,False,0.2557232662323707,28,False
long,512,64,60,2,埚升速度,3,66,0.16836974775689267,0.01072020211169808,0.3134780739052355,12,True,7:41;56:66;263:300,0.24793050935487765,False,0.2557232662323707,28,False
long,512,64,60,2,埚升速度,3,67,0.1597080313923489,-0.003417294590989546,0.3066990076168618,12,False,7:41;56:66;263:300,0.24793050935487765,False,0.2557232662323707,28,False
long,512,64,60,2,埚升速度,3,68,0.1548579928146573,-0.011152820804627555,0.3032565166074639,12,False,7:41;56:66;263:300,0.24793050935487765,False,0.2557232662323707,28,False
long,512,64,60,2,埚升速度,3,69,0.15418358899181978,-0.009653717776740917,0.29508765952515686,12,False,7:41;56:66;263:300,0.24793050935487765,False,0.2557232662323707,28,False
long,512,64,60,2,埚升速度,3,70,0.1575709874094576,-0.004120171412970424,0.29268351631753037,12,False,7:41;56:66;263:300,0.24793050935487765,False,0.2557232662323707,28,False
long,512,64,60,2,埚升速度,3,71,0.16018251322690225,-0.006172246424779512,0.29589339839178125,12,False,7:41;56:66;263:300,0.24793050935487765,False,0.2557232662323707,28,False
long,512,64,60,2,埚升速度,3,72,0.16106797011881233,-0.006255942693394579,0.2920828839777922,12,False,7:41;56:66;263:300,0.24793050935487765,False,0.2557232662323707,28,False
long,512,64,60,2,埚升速度,3,73,0.159587773865843,-0.012090916087288484,0.2843353118540574,12,False,7:41;56:66;263:300,0.24793050935487765,False,0.2557232662323707,28,False
long,512,64,60,2,埚升速度,3,74,0.15376154421674526,-0.02128148383597521,0.27080749764659184,12,False,7:41;56:66;263:300,0.24793050935487765,False,0.2557232662323707,28,False
long,512,64,60,2,埚升速度,3,75,0.14650647514437912,-0.03518142230477909,0.25530919609382097,12,False,7:41;56:66;263:300,0.24793050935487765,False,0.2557232662323707,28,False
long,512,64,60,2,埚升速度,3,76,0.13660887384251366,-0.05139319594067108,0.23988144149383644,12,False,7:41;56:66;263:300,0.24793050935487765,False,0.2557232662323707,28,False
long,512,64,60,2,埚升速度,3,77,0.12450571647754927,-0.06533508903269662,0.22601710693019927,12,False,7:41;56:66;263:300,0.24793050935487765,False,0.2557232662323707,28,False
long,512,64,60,2,埚升速度,3,78,0.11255847771348955,-0.07121308406296858,0.21668794865627056,12,False,7:41;56:66;263:300,0.24793050935487765,False,0.2557232662323707,28,False
long,512,64,60,2,埚升速度,3,79,0.10189556042601487,-0.07652420857339931,0.21042310119934848,12,False,7:41;56:66;263:300,0.24793050935487765,False,0.2557232662323707,28,False
long,512,64,60,2,埚升速度,3,80,0.09487335644611448,-0.07605560338370705,0.2065174782540558,12,False,7:41;56:66;263:300,0.24793050935487765,False,0.2557232662323707,28,False
long,512,64,60,2,埚升速度,3,81,0.09263543563737069,-0.07016512634638364,0.20426558660193958,12,False,7:41;56:66;263:300,0.24793050935487765,False,0.2557232662323707,28,False
long,512,64,60,2,埚升速度,3,82,0.09301149557520214,-0.06471150231786522,0.2010818021879798,12,False,7:41;56:66;263:300,0.24793050935487765,False,0.2557232662323707,28,False
long,512,64,60,2,埚升速度,3,83,0.09297398758686232,-0.05646488911917699,0.2002908394245891,12,False,7:41;56:66;263:300,0.24793050935487765,False,0.2557232662323707,28,False
long,512,64,60,2,埚升速度,3,84,0.09137550143570305,-0.0495828460792831,0.20428286534696874,12,False,7:41;56:66;263:300,0.24793050935487765,False,0.2557232662323707,28,False
long,512,64,60,2,埚升速度,3,85,0.08494688643146481,-0.05871887290912571,0.20470500722731536,12,False,7:41;56:66;263:300,0.24793050935487765,False,0.2557232662323707,28,False
long,512,64,60,2,埚升速度,3,86,0.0758131646219033,-0.06730260023791661,0.1998286033354961,12,False,7:41;56:66;263:300,0.24793050935487765,False,0.2557232662323707,28,False
long,512,64,60,2,埚升速度,3,87,0.06486549582198597,-0.07689178954356535,0.19030159165982619,12,False,7:41;56:66;263:300,0.24793050935487765,False,0.2557232662323707,28,False
long,512,64,60,2,埚升速度,3,88,0.055082546403646515,-0.08555688457986205,0.17779305497234574,12,False,7:41;56:66;263:300,0.24793050935487765,False,0.2557232662323707,28,False
long,512,64,60,2,埚升速度,3,89,0.04540511253250275,-0.09293956707481808,0.16344675307511228,12,False,7:41;56:66;263:300,0.24793050935487765,False,0.2557232662323707,28,False
long,512,64,60,2,埚升速度,3,90,0.03791333790452534,-0.09657264807249673,0.1469768546797763,12,False,7:41;56:66;263:300,0.24793050935487765,False,0.2557232662323707,28,False
long,512,64,60,2,埚升速度,3,91,0.034546486457737884,-0.09709972098866622,0.14039614476047158,12,False,7:41;56:66;263:300,0.24793050935487765,False,0.2557232662323707,28,False
long,512,64,60,2,埚升速度,3,92,0.03408978666118127,-0.09910588850055038,0.13650239355993987,12,False,7:41;56:66;263:300,0.24793050935487765,False,0.2557232662323707,28,False
long,512,64,60,2,埚升速度,3,93,0.036690006913614896,-0.09092807028235557,0.14153648723644383,12,False,7:41;56:66;263:300,0.24793050935487765,False,0.2557232662323707,28,False
long,512,64,60,2,埚升速度,3,94,0.041771714955730524,-0.08024032126063814,0.15250020229141684,12,False,7:41;56:66;263:300,0.24793050935487765,False,0.2557232662323707,28,False
long,512,64,60,2,埚升速度,3,95,0.046620656170378354,-0.07129051200996385,0.1644148948103438,12,False,7:41;56:66;263:300,0.24793050935487765,False,0.2557232662323707,28,False
long,512,64,60,2,埚升速度,3,96,0.050381598522030856,-0.0632164893159434,0.16857843669796613,12,False,7:41;56:66;263:300,0.24793050935487765,False,0.2557232662323707,28,False
long,512,64,60,2,埚升速度,3,97,0.04877017973526253,-0.05997252345147201,0.16565631302266884,12,False,7:41;56:66;263:300,0.24793050935487765,False,0.2557232662323707,28,False
long,512,64,60,2,埚升速度,3,98,0.04600393252542174,-0.05886323101524668,0.1629625444862055,12,False,7:41;56:66;263:300,0.24793050935487765,False,0.2557232662323707,28,False
long,512,64,60,2,埚升速度,3,99,0.043108820580504706,-0.06289651431231598,0.1548857827324139,12,False,7:41;56:66;263:300,0.24793050935487765,False,0.2557232662323707,28,False
long,512,64,60,2,埚升速度,3,100,0.040389721196640735,-0.06548104053355056,0.15202878577319964,12,False,7:41;56:66;263:300,0.24793050935487765,False,0.2557232662323707,28,False
long,512,64,60,2,埚升速度,3,101,0.03891729694064425,-0.07453222904059552,0.1560881876448991,12,False,7:41;56:66;263:300,0.24793050935487765,False,0.2557232662323707,28,False
long,512,64,60,2,埚升速度,3,102,0.03871324292160049,-0.0805211590632294,0.16219422809550138,12,False,7:41;56:66;263:300,0.24793050935487765,False,0.2557232662323707,28,False
long,512,64,60,2,埚升速度,3,103,0.03922546137763255,-0.08618382229592228,0.17000642266297997,12,False,7:41;56:66;263:300,0.24793050935487765,False,0.2557232662323707,28,False
long,512,64,60,2,埚升速度,3,104,0.04171454016379458,-0.08623290324068072,0.18043781712811066,12,False,7:41;56:66;263:300,0.24793050935487765,False,0.2557232662323707,28,False
long,512,64,60,2,埚升速度,3,105,0.045988566006476,-0.08530108267081045,0.1920330922275271,12,False,7:41;56:66;263:300,0.24793050935487765,False,0.2557232662323707,28,False
long,512,64,60,2,埚升速度,3,106,0.05038511581180322,-0.0843950701015638,0.20133396136569742,12,False,7:41;56:66;263:300,0.24793050935487765,False,0.2557232662323707,28,False
long,512,64,60,2,埚升速度,3,107,0.05420016827063562,-0.08345376918032432,0.20310395311157642,12,False,7:41;56:66;263:300,0.24793050935487765,False,0.2557232662323707,28,False
long,512,64,60,2,埚升速度,3,108,0.05415268692669586,-0.08962717828619118,0.2008197014674782,12,False,7:41;56:66;263:300,0.24793050935487765,False,0.2557232662323707,28,False
long,512,64,60,2,埚升速度,3,109,0.0529888080508703,-0.09418024967857844,0.2009909590574734,12,False,7:41;56:66;263:300,0.24793050935487765,False,0.2557232662323707,28,False
long,512,64,60,2,埚升速度,3,110,0.050703811865961304,-0.09251952514458316,0.20526196539914174,12,False,7:41;56:66;263:300,0.24793050935487765,False,0.2557232662323707,28,False
long,512,64,60,2,埚升速度,3,111,0.0469830578955094,-0.09784491052343433,0.20749480170519463,12,False,7:41;56:66;263:300,0.24793050935487765,False,0.2557232662323707,28,False
long,512,64,60,2,埚升速度,3,112,0.04393393557238914,-0.1014725746443795,0.20852870384532668,12,False,7:41;56:66;263:300,0.24793050935487765,False,0.2557232662323707,28,False
long,512,64,60,2,埚升速度,3,113,0.0450302512960937,-0.10406779660314208,0.21184420816453048,12,False,7:41;56:66;263:300,0.24793050935487765,False,0.2557232662323707,28,False
long,512,64,60,2,埚升速度,3,114,0.04575574857772388,-0.10956336779022087,0.2126983977710483,12,False,7:41;56:66;263:300,0.24793050935487765,False,0.2557232662323707,28,False
long,512,64,60,2,埚升速度,3,115,0.04903698983631616,-0.10697230671568589,0.21443610928692322,12,False,7:41;56:66;263:300,0.24793050935487765,False,0.2557232662323707,28,False
long,512,64,60,2,埚升速度,3,116,0.05532441967848168,-0.10177591395187963,0.21631939191860838,12,False,7:41;56:66;263:300,0.24793050935487765,False,0.2557232662323707,28,False
long,512,64,60,2,埚升速度,3,117,0.06087855695380694,-0.09654570574407088,0.2211268465907696,12,False,7:41;56:66;263:300,0.24793050935487765,False,0.2557232662323707,28,False
long,512,64,60,2,埚升速度,3,118,0.06539235157124255,-0.09271074009266445,0.22143755711658739,12,False,7:41;56:66;263:300,0.24793050935487765,False,0.2557232662323707,28,False
long,512,64,60,2,埚升速度,3,119,0.06804795986810143,-0.08944368726986987,0.22016516050757684,12,False,7:41;56:66;263:300,0.24793050935487765,False,0.2557232662323707,28,False
long,512,64,60,2,埚升速度,3,120,0.06987388206453779,-0.0899912849551896,0.21643632127720336,12,False,7:41;56:66;263:300,0.24793050935487765,False,0.2557232662323707,28,False
long,512,64,60,2,埚升速度,3,121,0.06891032812545661,-0.09293070842036803,0.2087421649453618,12,False,7:41;56:66;263:300,0.24793050935487765,False,0.2557232662323707,28,False
long,512,64,60,2,埚升速度,3,122,0.06503478610078857,-0.09374305056501848,0.2057205171308881,12,False,7:41;56:66;263:300,0.24793050935487765,False,0.2557232662323707,28,False
long,512,64,60,2,埚升速度,3,123,0.06074528169274188,-0.09433641854921766,0.20363735017513818,12,False,7:41;56:66;263:300,0.24793050935487765,False,0.2557232662323707,28,False
long,512,64,60,2,埚升速度,3,124,0.0573768589425283,-0.09877510939286072,0.19934375823137437,12,False,7:41;56:66;263:300,0.24793050935487765,False,0.2557232662323707,28,False
long,512,64,60,2,埚升速度,3,125,0.055998783587698914,-0.10013587661421645,0.19891748870875378,12,False,7:41;56:66;263:300,0.24793050935487765,False,0.2557232662323707,28,False
long,512,64,60,2,埚升速度,3,126,0.0541692358949591,-0.10626072697987893,0.19072900648096214,12,False,7:41;56:66;263:300,0.24793050935487765,False,0.2557232662323707,28,False
long,512,64,60,2,埚升速度,3,127,0.053517854162797855,-0.1092353609283503,0.19074638572945948,12,False,7:41;56:66;263:300,0.24793050935487765,False,0.2557232662323707,28,False
long,512,64,60,2,埚升速度,3,128,0.05223492674351714,-0.1021309739401252,0.18944724127244428,12,False,7:41;56:66;263:300,0.24793050935487765,False,0.2557232662323707,28,False
long,512,64,60,2,埚升速度,3,129,0.050310687945078925,-0.10101125026219708,0.1890060609824912,12,False,7:41;56:66;263:300,0.24793050935487765,False,0.2557232662323707,28,False
long,512,64,60,2,埚升速度,3,130,0.048395367123785685,-0.1029713111764364,0.18856264433259992,12,False,7:41;56:66;263:300,0.24793050935487765,False,0.2557232662323707,28,False
long,512,64,60,2,埚升速度,3,131,0.047300808724470324,-0.1032987215598823,0.18639469619507093,12,False,7:41;56:66;263:300,0.24793050935487765,False,0.2557232662323707,28,False
long,512,64,60,2,埚升速度,3,132,0.0449363384510386,-0.1011396256347275,0.18227316911673078,12,False,7:41;56:66;263:300,0.24793050935487765,False,0.2557232662323707,28,False
long,512,64,60,2,埚升速度,3,133,0.042104394357148245,-0.10182910457843207,0.17733839608849428,12,False,7:41;56:66;263:300,0.24793050935487765,False,0.2557232662323707,28,False
long,512,64,60,2,埚升速度,3,134,0.03977120006722574,-0.10403902728428241,0.17436384865634014,12,False,7:41;56:66;263:300,0.24793050935487765,False,0.2557232662323707,28,False
long,512,64,60,2,埚升速度,3,135,0.035328116811080515,-0.10739377159230178,0.16368346038283907,12,False,7:41;56:66;263:300,0.24793050935487765,False,0.2557232662323707,28,False
long,512,64,60,2,埚升速度,3,136,0.032290310147657174,-0.10846266372092957,0.14903670432539806,12,False,7:41;56:66;263:300,0.24793050935487765,False,0.2557232662323707,28,False
long,512,64,60,2,埚升速度,3,137,0.03242317727357142,-0.10158970096698322,0.1496806093968199,12,False,7:41;56:66;263:300,0.24793050935487765,False,0.2557232662323707,28,False
long,512,64,60,2,埚升速度,3,138,0.03287721990923963,-0.10107881355774712,0.1517144901580644,12,False,7:41;56:66;263:300,0.24793050935487765,False,0.2557232662323707,28,False
long,512,64,60,2,埚升速度,3,139,0.03381137716166201,-0.09818347127474925,0.15769920613861127,12,False,7:41;56:66;263:300,0.24793050935487765,False,0.2557232662323707,28,False
long,512,64,60,2,埚升速度,3,140,0.03355663678477497,-0.09655889825405854,0.16356234699001324,12,False,7:41;56:66;263:300,0.24793050935487765,False,0.2557232662323707,28,False
long,512,64,60,2,埚升速度,3,141,0.03180146053242491,-0.0929809046177106,0.16402056052005284,12,False,7:41;56:66;263:300,0.24793050935487765,False,0.2557232662323707,28,False
long,512,64,60,2,埚升速度,3,142,0.02935452955456876,-0.09915392771173659,0.16318158356969314,12,False,7:41;56:66;263:300,0.24793050935487765,False,0.2557232662323707,28,False
long,512,64,60,2,埚升速度,3,143,0.024562048368244837,-0.11256373821458932,0.15503109095908787,12,False,7:41;56:66;263:300,0.24793050935487765,False,0.2557232662323707,28,False
long,512,64,60,2,埚升速度,3,144,0.02052320369865942,-0.12320083188379294,0.14879012905435066,12,False,7:41;56:66;263:300,0.24793050935487765,False,0.2557232662323707,28,False
long,512,64,60,2,埚升速度,3,145,0.016353901306749425,-0.13518653500238537,0.14508086592890207,12,False,7:41;56:66;263:300,0.24793050935487765,False,0.2557232662323707,28,False
long,512,64,60,2,埚升速度,3,146,0.010435173738756298,-0.14624869749120686,0.13526555435617782,12,False,7:41;56:66;263:300,0.24793050935487765,False,0.2557232662323707,28,False
long,512,64,60,2,埚升速度,3,147,0.0037959131007552142,-0.15615398869333763,0.12084361589301246,12,False,7:41;56:66;263:300,0.24793050935487765,False,0.2557232662323707,28,False
long,512,64,60,2,埚升速度,3,148,-0.0013332649265354558,-0.1621336178968486,0.11347070986648364,12,False,7:41;56:66;263:300,0.24793050935487765,False,0.2557232662323707,28,False
long,512,64,60,2,埚升速度,3,149,-0.005822306617708491,-0.16171415684333468,0.10817084671607392,12,False,7:41;56:66;263:300,0.24793050935487765,False,0.2557232662323707,28,False
long,512,64,60,2,埚升速度,3,150,-0.00925864194713551,-0.16031883713988218,0.09989163030048415,12,False,7:41;56:66;263:300,0.24793050935487765,False,0.2557232662323707,28,False
long,512,64,60,2,埚升速度,3,151,-0.013486054450025715,-0.16280469724585292,0.09136478556781163,12,False,7:41;56:66;263:300,0.24793050935487765,False,0.2557232662323707,28,False
long,512,64,60,2,埚升速度,3,152,-0.01834967681229878,-0.171566021292605,0.08299070862454501,12,False,7:41;56:66;263:300,0.24793050935487765,False,0.2557232662323707,28,False
long,512,64,60,2,埚升速度,3,153,-0.024400518601872763,-0.18189957534779524,0.07595854757624612,12,False,7:41;56:66;263:300,0.24793050935487765,False,0.2557232662323707,28,False
long,512,64,60,2,埚升速度,3,154,-0.032425976108270374,-0.18758595062929095,0.07253796254289918,12,False,7:41;56:66;263:300,0.24793050935487765,False,0.2557232662323707,28,False
long,512,64,60,2,埚升速度,3,155,-0.03946138038059202,-0.1948393802445093,0.06863190914471012,12,False,7:41;56:66;263:300,0.24793050935487765,False,0.2557232662323707,28,False
long,512,64,60,2,埚升速度,3,156,-0.04375556243258537,-0.19164268596021428,0.06414449329358714,12,False,7:41;56:66;263:300,0.24793050935487765,False,0.2557232662323707,28,False
long,512,64,60,2,埚升速度,3,157,-0.04595827385349903,-0.18747084251132934,0.0690015236125155,12,False,7:41;56:66;263:300,0.24793050935487765,False,0.2557232662323707,28,False
long,512,64,60,2,埚升速度,3,158,-0.047464440199223856,-0.18385951299049447,0.0680118453567084,12,False,7:41;56:66;263:300,0.24793050935487765,False,0.2557232662323707,28,False
long,512,64,60,2,埚升速度,3,159,-0.04851014853883565,-0.1901793250309646,0.06926945643379946,12,False,7:41;56:66;263:300,0.24793050935487765,False,0.2557232662323707,28,False
long,512,64,60,2,埚升速度,3,160,-0.048107698178706956,-0.19853804372368897,0.07140389216760394,12,False,7:41;56:66;263:300,0.24793050935487765,False,0.2557232662323707,28,False
long,512,64,60,2,埚升速度,3,161,-0.04456397268985123,-0.20329978753611583,0.07418166671004449,12,False,7:41;56:66;263:300,0.24793050935487765,False,0.2557232662323707,28,False
long,512,64,60,2,埚升速度,3,162,-0.04075719449789695,-0.20422177402646333,0.07802205249824494,12,False,7:41;56:66;263:300,0.24793050935487765,False,0.2557232662323707,28,False
long,512,64,60,2,埚升速度,3,163,-0.03715258704613753,-0.19818226259842797,0.08023354610044785,12,False,7:41;56:66;263:300,0.24793050935487765,False,0.2557232662323707,28,False
long,512,64,60,2,埚升速度,3,164,-0.03615657097954586,-0.1924599537341792,0.07878064942755278,12,False,7:41;56:66;263:300,0.24793050935487765,False,0.2557232662323707,28,False
long,512,64,60,2,埚升速度,3,165,-0.0360125030316085,-0.18342137380860607,0.07674445440326577,12,False,7:41;56:66;263:300,0.24793050935487765,False,0.2557232662323707,28,False
long,512,64,60,2,埚升速度,3,166,-0.03746115144958698,-0.17423828327604451,0.07685839948567988,12,False,7:41;56:66;263:300,0.24793050935487765,False,0.2557232662323707,28,False
long,512,64,60,2,埚升速度,3,167,-0.04130710472658987,-0.17563902668330378,0.07265526288884439,12,False,7:41;56:66;263:300,0.24793050935487765,False,0.2557232662323707,28,False
long,512,64,60,2,埚升速度,3,168,-0.04382893806785985,-0.1770631335818151,0.06669362700376809,12,False,7:41;56:66;263:300,0.24793050935487765,False,0.2557232662323707,28,False
long,512,64,60,2,埚升速度,3,169,-0.04596145985597183,-0.1763284612912523,0.06480715727229078,12,False,7:41;56:66;263:300,0.24793050935487765,False,0.2557232662323707,28,False
long,512,64,60,2,埚升速度,3,170,-0.046805318261880814,-0.17646872765984603,0.06689070103687615,12,False,7:41;56:66;263:300,0.24793050935487765,False,0.2557232662323707,28,False
long,512,64,60,2,埚升速度,3,171,-0.045693056329990864,-0.17228939030741122,0.066398505609022,12,False,7:41;56:66;263:300,0.24793050935487765,False,0.2557232662323707,28,False
long,512,64,60,2,埚升速度,3,172,-0.04469013656329495,-0.16610658261521075,0.07129663499573152,12,False,7:41;56:66;263:300,0.24793050935487765,False,0.2557232662323707,28,False
long,512,64,60,2,埚升速度,3,173,-0.04203293732261039,-0.1576853010485609,0.07417094501606435,12,False,7:41;56:66;263:300,0.24793050935487765,False,0.2557232662323707,28,False
long,512,64,60,2,埚升速度,3,174,-0.03742005328194312,-0.15322010335427028,0.07703382135333306,12,False,7:41;56:66;263:300,0.24793050935487765,False,0.2557232662323707,28,False
long,512,64,60,2,埚升速度,3,175,-0.03228528765347515,-0.14831093764387068,0.08137226901786578,12,False,7:41;56:66;263:300,0.24793050935487765,False,0.2557232662323707,28,False
long,512,64,60,2,埚升速度,3,176,-0.028476535912565243,-0.14261122292728798,0.0857271135308256,12,False,7:41;56:66;263:300,0.24793050935487765,False,0.2557232662323707,28,False
long,512,64,60,2,埚升速度,3,177,-0.0246254936646737,-0.1418069160016899,0.09011587472731264,12,False,7:41;56:66;263:300,0.24793050935487765,False,0.2557232662323707,28,False
long,512,64,60,2,埚升速度,3,178,-0.02393313544509193,-0.1441378373999095,0.08587347393544435,12,False,7:41;56:66;263:300,0.24793050935487765,False,0.2557232662323707,28,False
long,512,64,60,2,埚升速度,3,179,-0.023044702653187667,-0.14576896702018355,0.08522829660729407,12,False,7:41;56:66;263:300,0.24793050935487765,False,0.2557232662323707,28,False
long,512,64,60,2,埚升速度,3,180,-0.01899826989783519,-0.13895334233311368,0.09005236242069406,12,False,7:41;56:66;263:300,0.24793050935487765,False,0.2557232662323707,28,False
long,512,64,60,2,埚升速度,3,181,-0.013509511058384922,-0.12671490278131636,0.0937351322748433,12,False,7:41;56:66;263:300,0.24793050935487765,False,0.2557232662323707,28,False
long,512,64,60,2,埚升速度,3,182,-0.005536859183012784,-0.11626586504516687,0.09966847148794189,12,False,7:41;56:66;263:300,0.24793050935487765,False,0.2557232662323707,28,False
long,512,64,60,2,埚升速度,3,183,0.0029529162460422225,-0.10348255364238608,0.10344997001676523,12,False,7:41;56:66;263:300,0.24793050935487765,False,0.2557232662323707,28,False
long,512,64,60,2,埚升速度,3,184,0.010614274173109863,-0.09487370001689438,0.10552281482168244,12,False,7:41;56:66;263:300,0.24793050935487765,False,0.2557232662323707,28,False
long,512,64,60,2,埚升速度,3,185,0.016839982415269603,-0.0878846041268159,0.11333059337185795,12,False,7:41;56:66;263:300,0.24793050935487765,False,0.2557232662323707,28,False
long,512,64,60,2,埚升速度,3,186,0.02302068916377606,-0.08296145627750971,0.125666375549178,12,False,7:41;56:66;263:300,0.24793050935487765,False,0.2557232662323707,28,False
long,512,64,60,2,埚升速度,3,187,0.027988865870215828,-0.07902828507529568,0.12619190719152182,12,False,7:41;56:66;263:300,0.24793050935487765,False,0.2557232662323707,28,False
long,512,64,60,2,埚升速度,3,188,0.03187716275984351,-0.07659379707329717,0.12889059808233924,12,False,7:41;56:66;263:300,0.24793050935487765,False,0.2557232662323707,28,False
long,512,64,60,2,埚升速度,3,189,0.03302579556817747,-0.07807184017536593,0.135147291514027,12,False,7:41;56:66;263:300,0.24793050935487765,False,0.2557232662323707,28,False
long,512,64,60,2,埚升速度,3,190,0.03208616637380183,-0.08170621447135988,0.1340142623468657,12,False,7:41;56:66;263:300,0.24793050935487765,False,0.2557232662323707,28,False
long,512,64,60,2,埚升速度,3,191,0.02934791955706788,-0.08620897723034283,0.13029213500929726,12,False,7:41;56:66;263:300,0.24793050935487765,False,0.2557232662323707,28,False
long,512,64,60,2,埚升速度,3,192,0.026941479511168258,-0.086704427795872,0.1257626706662516,12,False,7:41;56:66;263:300,0.24793050935487765,False,0.2557232662323707,28,False
long,512,64,60,2,埚升速度,3,193,0.02701918211087631,-0.08505071071297568,0.12636370456444626,12,False,7:41;56:66;263:300,0.24793050935487765,False,0.2557232662323707,28,False
long,512,64,60,2,埚升速度,3,194,0.028730484905784778,-0.08461572960685695,0.13047081578818956,12,False,7:41;56:66;263:300,0.24793050935487765,False,0.2557232662323707,28,False
long,512,64,60,2,埚升速度,3,195,0.031039352182288274,-0.08062622701019165,0.13077304851777286,12,False,7:41;56:66;263:300,0.24793050935487765,False,0.2557232662323707,28,False
long,512,64,60,2,埚升速度,3,196,0.03219896771426447,-0.07547075886270321,0.12577746024847233,12,False,7:41;56:66;263:300,0.24793050935487765,False,0.2557232662323707,28,False
long,512,64,60,2,埚升速度,3,197,0.03078236462703062,-0.07275273763405651,0.12691659743473838,12,False,7:41;56:66;263:300,0.24793050935487765,False,0.2557232662323707,28,False
long,512,64,60,2,埚升速度,3,198,0.03056376272897009,-0.07834598769686701,0.1301644670566654,12,False,7:41;56:66;263:300,0.24793050935487765,False,0.2557232662323707,28,False
long,512,64,60,2,埚升速度,3,199,0.02959439719368901,-0.0856762464499833,0.12828500030360937,12,False,7:41;56:66;263:300,0.24793050935487765,False,0.2557232662323707,28,False
long,512,64,60,2,埚升速度,3,200,0.028231222896541546,-0.09207547359578386,0.1258807999160164,12,False,7:41;56:66;263:300,0.24793050935487765,False,0.2557232662323707,28,False
long,512,64,60,2,埚升速度,3,201,0.025653451164615124,-0.09522611596076892,0.1203907330348492,12,False,7:41;56:66;263:300,0.24793050935487765,False,0.2557232662323707,28,False
long,512,64,60,2,埚升速度,3,202,0.021187202649880183,-0.0999394958992246,0.1224098057859836,12,False,7:41;56:66;263:300,0.24793050935487765,False,0.2557232662323707,28,False
long,512,64,60,2,埚升速度,3,203,0.016767612156309536,-0.10474392598901487,0.12572720093624473,12,False,7:41;56:66;263:300,0.24793050935487765,False,0.2557232662323707,28,False
long,512,64,60,2,埚升速度,3,204,0.010798867238244338,-0.108494831371644,0.12673234156376298,12,False,7:41;56:66;263:300,0.24793050935487765,False,0.2557232662323707,28,False
long,512,64,60,2,埚升速度,3,205,0.007405351916520715,-0.11355224033787137,0.12769127873132313,12,False,7:41;56:66;263:300,0.24793050935487765,False,0.2557232662323707,28,False
long,512,64,60,2,埚升速度,3,206,0.007348159635407597,-0.11655182887266818,0.13365274434153843,12,False,7:41;56:66;263:300,0.24793050935487765,False,0.2557232662323707,28,False
long,512,64,60,2,埚升速度,3,207,0.008300138100034327,-0.11443651790611888,0.13798309239445253,12,False,7:41;56:66;263:300,0.24793050935487765,False,0.2557232662323707,28,False
long,512,64,60,2,埚升速度,3,208,0.009055723803837725,-0.1094491988783697,0.13818328427958634,12,False,7:41;56:66;263:300,0.24793050935487765,False,0.2557232662323707,28,False
long,512,64,60,2,埚升速度,3,209,0.007771968675955018,-0.10810330315641299,0.13538881152657922,12,False,7:41;56:66;263:300,0.24793050935487765,False,0.2557232662323707,28,False
long,512,64,60,2,埚升速度,3,210,0.004598317884128198,-0.11101774240647938,0.13241462267121423,12,False,7:41;56:66;263:300,0.24793050935487765,False,0.2557232662323707,28,False
long,512,64,60,2,埚升速度,3,211,-0.0004194826497327914,-0.11998148105943243,0.1258584195886125,12,False,7:41;56:66;263:300,0.24793050935487765,False,0.2557232662323707,28,False
long,512,64,60,2,埚升速度,3,212,-0.004670919776415136,-0.12800834345310452,0.12575456134993346,12,False,7:41;56:66;263:300,0.24793050935487765,False,0.2557232662323707,28,False
long,512,64,60,2,埚升速度,3,213,-0.007883532057335,-0.13691933374421247,0.118816236402803,12,False,7:41;56:66;263:300,0.24793050935487765,False,0.2557232662323707,28,False
long,512,64,60,2,埚升速度,3,214,-0.010355269092494884,-0.14323857615557592,0.11218828178703746,12,False,7:41;56:66;263:300,0.24793050935487765,False,0.2557232662323707,28,False
long,512,64,60,2,埚升速度,3,215,-0.014113421584069284,-0.15431728373408707,0.10377032595564921,12,False,7:41;56:66;263:300,0.24793050935487765,False,0.2557232662323707,28,False
long,512,64,60,2,埚升速度,3,216,-0.019701357410303138,-0.17069841809638656,0.09879822968862514,12,False,7:41;56:66;263:300,0.24793050935487765,False,0.2557232662323707,28,False
long,512,64,60,2,埚升速度,3,217,-0.023146719630593553,-0.18428309499710302,0.10635991614148257,12,False,7:41;56:66;263:300,0.24793050935487765,False,0.2557232662323707,28,False
long,512,64,60,2,埚升速度,3,218,-0.024787399753008033,-0.19403907721543806,0.10647568774816477,12,False,7:41;56:66;263:300,0.24793050935487765,False,0.2557232662323707,28,False
long,512,64,60,2,埚升速度,3,219,-0.024232902174693642,-0.19976339426297302,0.11024228321471273,12,False,7:41;56:66;263:300,0.24793050935487765,False,0.2557232662323707,28,False
long,512,64,60,2,埚升速度,3,220,-0.023295316756127307,-0.20468459273740963,0.10895688781289445,12,False,7:41;56:66;263:300,0.24793050935487765,False,0.2557232662323707,28,False
long,512,64,60,2,埚升速度,3,221,-0.02604657388490371,-0.20950472736846426,0.105806267018853,12,False,7:41;56:66;263:300,0.24793050935487765,False,0.2557232662323707,28,False
long,512,64,60,2,埚升速度,3,222,-0.02889988184924378,-0.20793815521570289,0.1033631025414862,12,False,7:41;56:66;263:300,0.24793050935487765,False,0.2557232662323707,28,False
long,512,64,60,2,埚升速度,3,223,-0.033193915819582476,-0.20663838518977987,0.09905286095130612,12,False,7:41;56:66;263:300,0.24793050935487765,False,0.2557232662323707,28,False
long,512,64,60,2,埚升速度,3,224,-0.038553253001033794,-0.21165078472693116,0.09778650653742618,12,False,7:41;56:66;263:300,0.24793050935487765,False,0.2557232662323707,28,False
long,512,64,60,2,埚升速度,3,225,-0.042090806696907096,-0.21448151202122426,0.10203247291359324,12,False,7:41;56:66;263:300,0.24793050935487765,False,0.2557232662323707,28,False
long,512,64,60,2,埚升速度,3,226,-0.0436174924493655,-0.21160696655234165,0.10960766854196263,12,False,7:41;56:66;263:300,0.24793050935487765,False,0.2557232662323707,28,False
long,512,64,60,2,埚升速度,3,227,-0.04224441516873782,-0.20560505235345372,0.1147229352881203,12,False,7:41;56:66;263:300,0.24793050935487765,False,0.2557232662323707,28,False
long,512,64,60,2,埚升速度,3,228,-0.044165632471953105,-0.19997776087865832,0.11681147847275046,12,False,7:41;56:66;263:300,0.24793050935487765,False,0.2557232662323707,28,False
long,512,64,60,2,埚升速度,3,229,-0.04401607814437891,-0.197411714803575,0.12014858978947983,12,False,7:41;56:66;263:300,0.24793050935487765,False,0.2557232662323707,28,False
long,512,64,60,2,埚升速度,3,230,-0.04278813644244472,-0.19484266044606424,0.12286677611828883,12,False,7:41;56:66;263:300,0.24793050935487765,False,0.2557232662323707,28,False
long,512,64,60,2,埚升速度,3,231,-0.04162571250181253,-0.19235331027030045,0.12012884704108676,12,False,7:41;56:66;263:300,0.24793050935487765,False,0.2557232662323707,28,False
long,512,64,60,2,埚升速度,3,232,-0.03924393589981223,-0.19008860885478265,0.11616454853425975,12,False,7:41;56:66;263:300,0.24793050935487765,False,0.2557232662323707,28,False
long,512,64,60,2,埚升速度,3,233,-0.039663205841085104,-0.182209628193325,0.10816656301451592,12,False,7:41;56:66;263:300,0.24793050935487765,False,0.2557232662323707,28,False
long,512,64,60,2,埚升速度,3,234,-0.041127981824420755,-0.17954379319755986,0.10323583748883775,12,False,7:41;56:66;263:300,0.24793050935487765,False,0.2557232662323707,28,False
long,512,64,60,2,埚升速度,3,235,-0.04558619307042997,-0.18068622889978758,0.09943044717783525,12,False,7:41;56:66;263:300,0.24793050935487765,False,0.2557232662323707,28,False
long,512,64,60,2,埚升速度,3,236,-0.05177614089369888,-0.18802643594699095,0.09661987180368627,12,False,7:41;56:66;263:300,0.24793050935487765,False,0.2557232662323707,28,False
long,512,64,60,2,埚升速度,3,237,-0.057890720784061586,-0.19171169603113883,0.09135721268120499,12,False,7:41;56:66;263:300,0.24793050935487765,False,0.2557232662323707,28,False
long,512,64,60,2,埚升速度,3,238,-0.06055802498402813,-0.19006111082869065,0.08760745054271853,12,False,7:41;56:66;263:300,0.24793050935487765,False,0.2557232662323707,28,False
long,512,64,60,2,埚升速度,3,239,-0.061485656889154604,-0.19666563862136197,0.08244326540658425,12,False,7:41;56:66;263:300,0.24793050935487765,False,0.2557232662323707,28,False
long,512,64,60,2,埚升速度,3,240,-0.06204640720493752,-0.19930200088567085,0.08030870142900953,12,False,7:41;56:66;263:300,0.24793050935487765,False,0.2557232662323707,28,False
long,512,64,60,2,埚升速度,3,241,-0.06121220202131046,-0.19928135950767373,0.08315870811424637,12,False,7:41;56:66;263:300,0.24793050935487765,False,0.2557232662323707,28,False
long,512,64,60,2,埚升速度,3,242,-0.061399219246526436,-0.2026863428074726,0.08078486820454912,12,False,7:41;56:66;263:300,0.24793050935487765,False,0.2557232662323707,28,False
long,512,64,60,2,埚升速度,3,243,-0.06233496320227145,-0.20463558056576267,0.08132266428556656,12,False,7:41;56:66;263:300,0.24793050935487765,False,0.2557232662323707,28,False
long,512,64,60,2,埚升速度,3,244,-0.06266462676106453,-0.2022104793779195,0.08026011206378787,12,False,7:41;56:66;263:300,0.24793050935487765,False,0.2557232662323707,28,False
long,512,64,60,2,埚升速度,3,245,-0.06287180224072642,-0.19878252038277758,0.07517028265458625,12,False,7:41;56:66;263:300,0.24793050935487765,False,0.2557232662323707,28,False
long,512,64,60,2,埚升速度,3,246,-0.06536810501673852,-0.19769762352003264,0.0707674708901867,12,False,7:41;56:66;263:300,0.24793050935487765,False,0.2557232662323707,28,False
long,512,64,60,2,埚升速度,3,247,-0.07083119983549233,-0.2042686728397864,0.0692469993546826,12,False,7:41;56:66;263:300,0.24793050935487765,False,0.2557232662323707,28,False
long,512,64,60,2,埚升速度,3,248,-0.07756695115232719,-0.21019186647203306,0.05882526678109167,12,False,7:41;56:66;263:300,0.24793050935487765,False,0.2557232662323707,28,False
long,512,64,60,2,埚升速度,3,249,-0.08349048651412745,-0.21332213366204972,0.054293526167219296,12,False,7:41;56:66;263:300,0.24793050935487765,False,0.2557232662323707,28,False
long,512,64,60,2,埚升速度,3,250,-0.08709098521713059,-0.21262549800270955,0.04806746422558721,12,False,7:41;56:66;263:300,0.24793050935487765,False,0.2557232662323707,28,False
long,512,64,60,2,埚升速度,3,251,-0.08730859006061249,-0.2069372430265836,0.05477850503300908,12,False,7:41;56:66;263:300,0.24793050935487765,False,0.2557232662323707,28,False
long,512,64,60,2,埚升速度,3,252,-0.0877954742589126,-0.20796041293723433,0.04999190339571738,12,False,7:41;56:66;263:300,0.24793050935487765,False,0.2557232662323707,28,False
long,512,64,60,2,埚升速度,3,253,-0.0880971045867417,-0.20552435076962203,0.04895268436380487,12,False,7:41;56:66;263:300,0.24793050935487765,False,0.2557232662323707,28,False
long,512,64,60,2,埚升速度,3,254,-0.08806151371086703,-0.19940719522502653,0.056897089051550026,12,False,7:41;56:66;263:300,0.24793050935487765,False,0.2557232662323707,28,False
long,512,64,60,2,埚升速度,3,255,-0.08699444932720209,-0.19258428946065534,0.06502540609651959,12,False,7:41;56:66;263:300,0.24793050935487765,False,0.2557232662323707,28,False
long,512,64,60,2,埚升速度,3,256,-0.086398606013368,-0.19157677236192416,0.06712070936170429,12,False,7:41;56:66;263:300,0.24793050935487765,False,0.2557232662323707,28,False
long,512,64,60,2,埚升速度,3,257,-0.08713486328954363,-0.19397623123799526,0.06470388803361522,12,False,7:41;56:66;263:300,0.24793050935487765,False,0.2557232662323707,28,False
long,512,64,60,2,埚升速度,3,258,-0.08863927119163484,-0.1977372193056394,0.059779732602932505,12,False,7:41;56:66;263:300,0.24793050935487765,False,0.2557232662323707,28,False
long,512,64,60,2,埚升速度,3,259,-0.09176364478355419,-0.19515124904366574,0.05016633772478561,12,False,7:41;56:66;263:300,0.24793050935487765,False,0.2557232662323707,28,False
long,512,64,60,2,埚升速度,3,260,-0.09640737357560132,-0.19295326015571915,0.03365748459127002,12,False,7:41;56:66;263:300,0.24793050935487765,False,0.2557232662323707,28,False
long,512,64,60,2,埚升速度,3,261,-0.09907046775713074,-0.19447907818280452,0.020517639327913666,12,False,7:41;56:66;263:300,0.24793050935487765,False,0.2557232662323707,28,False
long,512,64,60,2,埚升速度,3,262,-0.10125604912169128,-0.19438424286468936,0.00710571421302118,12,False,7:41;56:66;263:300,0.24793050935487765,False,0.2557232662323707,28,False
long,512,64,60,2,埚升速度,3,263,-0.10254342827710339,-0.19893672609248214,-0.0019873966797563838,12,True,7:41;56:66;263:300,0.24793050935487765,False,0.2557232662323707,28,False
long,512,64,60,2,埚升速度,3,264,-0.10332914923317024,-0.20605189634921217,-0.004863667280787283,12,True,7:41;56:66;263:300,0.24793050935487765,False,0.2557232662323707,28,False
long,512,64,60,2,埚升速度,3,265,-0.10406141485089448,-0.209544008002389,-0.007517561852127827,12,True,7:41;56:66;263:300,0.24793050935487765,False,0.2557232662323707,28,False
long,512,64,60,2,埚升速度,3,266,-0.10574251217808521,-0.21231643478316245,-0.010047882601253024,12,True,7:41;56:66;263:300,0.24793050935487765,False,0.2557232662323707,28,False
long,512,64,60,2,埚升速度,3,267,-0.10722977884749173,-0.21419789987949867,-0.01115010766757987,12,True,7:41;56:66;263:300,0.24793050935487765,False,0.2557232662323707,28,False
long,512,64,60,2,埚升速度,3,268,-0.10958175011827202,-0.21809300649577876,-0.013944661343174887,12,True,7:41;56:66;263:300,0.24793050935487765,False,0.2557232662323707,28,False
long,512,64,60,2,埚升速度,3,269,-0.11170043029644046,-0.21915637776580837,-0.01628523463518014,12,True,7:41;56:66;263:300,0.24793050935487765,False,0.2557232662323707,28,False
long,512,64,60,2,埚升速度,3,270,-0.11487189044869472,-0.21485230523148108,-0.01917038957274401,12,True,7:41;56:66;263:300,0.24793050935487765,False,0.2557232662323707,28,False
long,512,64,60,2,埚升速度,3,271,-0.11908661247834229,-0.22268948792217153,-0.021686089608653654,12,True,7:41;56:66;263:300,0.24793050935487765,False,0.2557232662323707,28,False
long,512,64,60,2,埚升速度,3,272,-0.1221063565836393,-0.23031570103830737,-0.025170428873660312,12,True,7:41;56:66;263:300,0.24793050935487765,False,0.2557232662323707,28,False
long,512,64,60,2,埚升速度,3,273,-0.1261870749590382,-0.22973395246773,-0.028292330422196955,12,True,7:41;56:66;263:300,0.24793050935487765,False,0.2557232662323707,28,False
long,512,64,60,2,埚升速度,3,274,-0.1294961697728198,-0.22963554647955378,-0.034236161370073195,12,True,7:41;56:66;263:300,0.24793050935487765,False,0.2557232662323707,28,False
long,512,64,60,2,埚升速度,3,275,-0.12947387948257216,-0.22986160425170044,-0.034825074822239496,12,True,7:41;56:66;263:300,0.24793050935487765,False,0.2557232662323707,28,False
long,512,64,60,2,埚升速度,3,276,-0.12869416195306368,-0.2290654520008093,-0.03625715217879627,12,True,7:41;56:66;263:300,0.24793050935487765,False,0.2557232662323707,28,False
long,512,64,60,2,埚升速度,3,277,-0.1280185502156535,-0.23013776782111767,-0.03574158298659887,12,True,7:41;56:66;263:300,0.24793050935487765,False,0.2557232662323707,28,False
long,512,64,60,2,埚升速度,3,278,-0.12958915410129787,-0.23460909712583364,-0.036672910068800385,12,True,7:41;56:66;263:300,0.24793050935487765,False,0.2557232662323707,28,False
long,512,64,60,2,埚升速度,3,279,-0.13218710005152196,-0.23505856325775787,-0.04258844559727164,12,True,7:41;56:66;263:300,0.24793050935487765,False,0.2557232662323707,28,False
long,512,64,60,2,埚升速度,3,280,-0.136140109916087,-0.23612156485382005,-0.04423347559448827,12,True,7:41;56:66;263:300,0.24793050935487765,False,0.2557232662323707,28,False
long,512,64,60,2,埚升速度,3,281,-0.14141550788448942,-0.24246264114262067,-0.04539064092817362,12,True,7:41;56:66;263:300,0.24793050935487765,False,0.2557232662323707,28,False
long,512,64,60,2,埚升速度,3,282,-0.14666242002569368,-0.24747014760687314,-0.049708857337925176,12,True,7:41;56:66;263:300,0.24793050935487765,False,0.2557232662323707,28,False
long,512,64,60,2,埚升速度,3,283,-0.15293206283672403,-0.2520234915033376,-0.05299528598713563,12,True,7:41;56:66;263:300,0.24793050935487765,False,0.2557232662323707,28,False
long,512,64,60,2,埚升速度,3,284,-0.15795184099498263,-0.260376565052587,-0.05144060263989303,12,True,7:41;56:66;263:300,0.24793050935487765,False,0.2557232662323707,28,False
long,512,64,60,2,埚升速度,3,285,-0.16322752308867003,-0.270431601149151,-0.0512339111293213,12,True,7:41;56:66;263:300,0.24793050935487765,False,0.2557232662323707,28,False
long,512,64,60,2,埚升速度,3,286,-0.16767800054072163,-0.277380681163056,-0.053966753871314166,12,True,7:41;56:66;263:300,0.24793050935487765,False,0.2557232662323707,28,False
long,512,64,60,2,埚升速度,3,287,-0.17002432350219093,-0.28505340601936296,-0.05732565511300208,12,True,7:41;56:66;263:300,0.24793050935487765,False,0.2557232662323707,28,False
long,512,64,60,2,埚升速度,3,288,-0.16907711525600427,-0.28597141413446125,-0.05929945711438808,12,True,7:41;56:66;263:300,0.24793050935487765,False,0.2557232662323707,28,False
long,512,64,60,2,埚升速度,3,289,-0.16935916627926734,-0.2837175547561569,-0.059517987078481834,12,True,7:41;56:66;263:300,0.24793050935487765,False,0.2557232662323707,28,False
long,512,64,60,2,埚升速度,3,290,-0.17096353892800803,-0.2821716238658102,-0.05675033627212329,12,True,7:41;56:66;263:300,0.24793050935487765,False,0.2557232662323707,28,False
long,512,64,60,2,埚升速度,3,291,-0.17457332502776482,-0.27665101284153165,-0.056184487461716,12,True,7:41;56:66;263:300,0.24793050935487765,False,0.2557232662323707,28,False
long,512,64,60,2,埚升速度,3,292,-0.1818271463185327,-0.28409411848482097,-0.0600850968287774,12,True,7:41;56:66;263:300,0.24793050935487765,False,0.2557232662323707,28,False
long,512,64,60,2,埚升速度,3,293,-0.18900962746124142,-0.29498599191028013,-0.06792576559302359,12,True,7:41;56:66;263:300,0.24793050935487765,False,0.2557232662323707,28,False
long,512,64,60,2,埚升速度,3,294,-0.19612002170959866,-0.30441124307917633,-0.07791279854770895,12,True,7:41;56:66;263:300,0.24793050935487765,False,0.2557232662323707,28,False
long,512,64,60,2,埚升速度,3,295,-0.20308398998004096,-0.3085656080924394,-0.08182523480860299,12,True,7:41;56:66;263:300,0.24793050935487765,False,0.2557232662323707,28,False
long,512,64,60,2,埚升速度,3,296,-0.21049909286229107,-0.31400967502887245,-0.08680899529355449,12,True,7:41;56:66;263:300,0.24793050935487765,False,0.2557232662323707,28,False
long,512,64,60,2,埚升速度,3,297,-0.21652235483027713,-0.3183593990518511,-0.09232487830083169,12,True,7:41;56:66;263:300,0.24793050935487765,False,0.2557232662323707,28,False
long,512,64,60,2,埚升速度,3,298,-0.22304229654409652,-0.32351522472106187,-0.0995032954093344,12,True,7:41;56:66;263:300,0.24793050935487765,False,0.2557232662323707,28,False
long,512,64,60,2,埚升速度,3,299,-0.22863626362331255,-0.3231636530086524,-0.10304126242301691,12,True,7:41;56:66;263:300,0.24793050935487765,False,0.2557232662323707,28,False
long,512,64,60,2,埚升速度,3,300,-0.23266785861026593,-0.321723505172974,-0.10753686053836883,12,True,7:41;56:66;263:300,0.24793050935487765,False,0.2557232662323707,28,False
long,512,64,60,2,埚转速度,4,0,-0.0004422413355081896,-0.03123351281446521,0.030549801678482362,12,False,,0.07376772658478561,False,0.030320257080772996,77,False
long,512,64,60,2,埚转速度,4,1,-0.0008223284992710018,-0.03439153338963084,0.03405720452264752,12,False,,0.07376772658478561,False,0.030320257080772996,77,False
long,512,64,60,2,埚转速度,4,2,-0.001018106423785698,-0.04171000463896432,0.035108391391469033,12,False,,0.07376772658478561,False,0.030320257080772996,77,False
long,512,64,60,2,埚转速度,4,3,-0.008013650290840765,-0.039994244380193215,0.03600808158893007,12,False,,0.07376772658478561,False,0.030320257080772996,77,False
long,512,64,60,2,埚转速度,4,4,-0.009744172108797555,-0.049254356335215264,0.03234303907309754,12,False,,0.07376772658478561,False,0.030320257080772996,77,False
long,512,64,60,2,埚转速度,4,5,-0.009982448360542065,-0.046222481119357145,0.022313279575704337,12,False,,0.07376772658478561,False,0.030320257080772996,77,False
long,512,64,60,2,埚转速度,4,6,-0.012532539907141736,-0.04498921937034267,0.03142026770716792,12,False,,0.07376772658478561,False,0.030320257080772996,77,False
long,512,64,60,2,埚转速度,4,7,-0.004835632806401635,-0.04346607844386761,0.04278748323324043,12,False,,0.07376772658478561,False,0.030320257080772996,77,False
long,512,64,60,2,埚转速度,4,8,-0.011448241763833739,-0.04407379876194161,0.0346080514026067,12,False,,0.07376772658478561,False,0.030320257080772996,77,False
long,512,64,60,2,埚转速度,4,9,-0.012341960060623582,-0.05087371825052583,0.026083326238471954,12,False,,0.07376772658478561,False,0.030320257080772996,77,False
long,512,64,60,2,埚转速度,4,10,-0.011332771759420124,-0.051330499767155854,0.03138557208444879,12,False,,0.07376772658478561,False,0.030320257080772996,77,False
long,512,64,60,2,埚转速度,4,11,-0.015071565958363406,-0.05291963599609322,0.02938909435646133,12,False,,0.07376772658478561,False,0.030320257080772996,77,False
long,512,64,60,2,埚转速度,4,12,-0.014605936870958704,-0.05597798483130304,0.028961724540250252,12,False,,0.07376772658478561,False,0.030320257080772996,77,False
long,512,64,60,2,埚转速度,4,13,-0.015018626919259046,-0.05857638022482381,0.025621342849138664,12,False,,0.07376772658478561,False,0.030320257080772996,77,False
long,512,64,60,2,埚转速度,4,14,-0.015579408839123544,-0.0600980842283135,0.026202109531093785,12,False,,0.07376772658478561,False,0.030320257080772996,77,False
long,512,64,60,2,埚转速度,4,15,-0.018692538903333424,-0.05956482579022572,0.01875608713843758,12,False,,0.07376772658478561,False,0.030320257080772996,77,False
long,512,64,60,2,埚转速度,4,16,-0.015610877406892631,-0.05071456060158901,0.025368344222557546,12,False,,0.07376772658478561,False,0.030320257080772996,77,False
long,512,64,60,2,埚转速度,4,17,-0.021374990408903588,-0.056244054208692246,0.01898273677612241,12,False,,0.07376772658478561,False,0.030320257080772996,77,False
long,512,64,60,2,埚转速度,4,18,-0.022188364274724162,-0.06646166004846583,0.016720506557714926,12,False,,0.07376772658478561,False,0.030320257080772996,77,False
long,512,64,60,2,埚转速度,4,19,-0.018359033280129743,-0.06594871109471544,0.02378314893775167,12,False,,0.07376772658478561,False,0.030320257080772996,77,False
long,512,64,60,2,埚转速度,4,20,-0.01699290716106387,-0.0629163372563018,0.02450835914556366,12,False,,0.07376772658478561,False,0.030320257080772996,77,False
long,512,64,60,2,埚转速度,4,21,-0.016440752047502494,-0.051841588890234075,0.017996020563273932,12,False,,0.07376772658478561,False,0.030320257080772996,77,False
long,512,64,60,2,埚转速度,4,22,-0.01857895346170442,-0.05730141343670505,0.018511248164120028,12,False,,0.07376772658478561,False,0.030320257080772996,77,False
long,512,64,60,2,埚转速度,4,23,-0.0210787099878119,-0.06436635301680181,0.010726145791339096,12,False,,0.07376772658478561,False,0.030320257080772996,77,False
long,512,64,60,2,埚转速度,4,24,-0.021518436862603244,-0.0589517708344598,0.013295051376604243,12,False,,0.07376772658478561,False,0.030320257080772996,77,False
long,512,64,60,2,埚转速度,4,25,-0.020295253123825133,-0.06382944704385285,0.013783953503429609,12,False,,0.07376772658478561,False,0.030320257080772996,77,False
long,512,64,60,2,埚转速度,4,26,-0.022573231930634086,-0.06610495992689379,0.01361144365764301,12,False,,0.07376772658478561,False,0.030320257080772996,77,False
long,512,64,60,2,埚转速度,4,27,-0.024000110559059946,-0.06778182891264628,0.020091475302218723,12,False,,0.07376772658478561,False,0.030320257080772996,77,False
long,512,64,60,2,埚转速度,4,28,-0.01485257801809468,-0.05633182136794478,0.0282188507935796,12,False,,0.07376772658478561,False,0.030320257080772996,77,False
long,512,64,60,2,埚转速度,4,29,-0.017722791343457514,-0.056312157392616434,0.026290575594327167,12,False,,0.07376772658478561,False,0.030320257080772996,77,False
long,512,64,60,2,埚转速度,4,30,-0.017974976582988918,-0.05071068358508412,0.027057420583137395,12,False,,0.07376772658478561,False,0.030320257080772996,77,False
long,512,64,60,2,埚转速度,4,31,-0.017469850497491505,-0.050874514880572,0.019017672511551648,12,False,,0.07376772658478561,False,0.030320257080772996,77,False
long,512,64,60,2,埚转速度,4,32,-0.01715822641265973,-0.05359249995050108,0.022975289821758192,12,False,,0.07376772658478561,False,0.030320257080772996,77,False
long,512,64,60,2,埚转速度,4,33,-0.016653658881738094,-0.07035859502573866,0.024904290977899923,12,False,,0.07376772658478561,False,0.030320257080772996,77,False
long,512,64,60,2,埚转速度,4,34,-0.014083340699348416,-0.061631634513449,0.02801206648339705,12,False,,0.07376772658478561,False,0.030320257080772996,77,False
long,512,64,60,2,埚转速度,4,35,-0.02060297650869463,-0.06163183276854358,0.025179000117332446,12,False,,0.07376772658478561,False,0.030320257080772996,77,False
long,512,64,60,2,埚转速度,4,36,-0.018990929798542253,-0.0573294486010842,0.018968803159038053,12,False,,0.07376772658478561,False,0.030320257080772996,77,False
long,512,64,60,2,埚转速度,4,37,-0.020581232424247878,-0.058856646286896165,0.019575695791567652,12,False,,0.07376772658478561,False,0.030320257080772996,77,False
long,512,64,60,2,埚转速度,4,38,-0.018794361325280343,-0.060319391318648025,0.025865917471332982,12,False,,0.07376772658478561,False,0.030320257080772996,77,False
long,512,64,60,2,埚转速度,4,39,-0.013968868050425803,-0.05432214913010835,0.024541627681529416,12,False,,0.07376772658478561,False,0.030320257080772996,77,False
long,512,64,60,2,埚转速度,4,40,-0.015013911752778447,-0.049232178343731156,0.026912726031029732,12,False,,0.07376772658478561,False,0.030320257080772996,77,False
long,512,64,60,2,埚转速度,4,41,-0.007046804486382379,-0.03665797844604303,0.03049156760904643,12,False,,0.07376772658478561,False,0.030320257080772996,77,False
long,512,64,60,2,埚转速度,4,42,-0.005817548343033476,-0.041642132980517076,0.03619022754849987,12,False,,0.07376772658478561,False,0.030320257080772996,77,False
long,512,64,60,2,埚转速度,4,43,-0.007626956628192946,-0.04343064655718568,0.024949530106645676,12,False,,0.07376772658478561,False,0.030320257080772996,77,False
long,512,64,60,2,埚转速度,4,44,-0.005090467266136059,-0.043923993757570716,0.03107358888720782,12,False,,0.07376772658478561,False,0.030320257080772996,77,False
long,512,64,60,2,埚转速度,4,45,-0.008788998467700473,-0.044274070463055544,0.029071177205389688,12,False,,0.07376772658478561,False,0.030320257080772996,77,False
long,512,64,60,2,埚转速度,4,46,-0.0045544536232105986,-0.04555741713890013,0.03290352610234164,12,False,,0.07376772658478561,False,0.030320257080772996,77,False
long,512,64,60,2,埚转速度,4,47,-0.008297400331655954,-0.05452912822736541,0.025114441161993697,12,False,,0.07376772658478561,False,0.030320257080772996,77,False
long,512,64,60,2,埚转速度,4,48,-0.0067730056502848714,-0.0474851828564427,0.022439235216591406,12,False,,0.07376772658478561,False,0.030320257080772996,77,False
long,512,64,60,2,埚转速度,4,49,-0.006806924471139271,-0.054584882483643724,0.0257231592908971,12,False,,0.07376772658478561,False,0.030320257080772996,77,False
long,512,64,60,2,埚转速度,4,50,-0.006440630703743053,-0.043141604948320235,0.03044146494818599,12,False,,0.07376772658478561,False,0.030320257080772996,77,False
long,512,64,60,2,埚转速度,4,51,-0.004056312729251424,-0.04339442149934391,0.033729258985565634,12,False,,0.07376772658478561,False,0.030320257080772996,77,False
long,512,64,60,2,埚转速度,4,52,-0.004851681843499198,-0.04056551954072474,0.035275071749784614,12,False,,0.07376772658478561,False,0.030320257080772996,77,False
long,512,64,60,2,埚转速度,4,53,-0.0010405648773200282,-0.03739920570148413,0.03359990618790405,12,False,,0.07376772658478561,False,0.030320257080772996,77,False
long,512,64,60,2,埚转速度,4,54,0.0010146478508540747,-0.038311439645448774,0.035010574733842274,12,False,,0.07376772658478561,False,0.030320257080772996,77,False
long,512,64,60,2,埚转速度,4,55,0.0016157549890389407,-0.03784217611237908,0.033960391237715,12,False,,0.07376772658478561,False,0.030320257080772996,77,False
long,512,64,60,2,埚转速度,4,56,0.005407826878831612,-0.029586260075357976,0.04317833260880068,12,False,,0.07376772658478561,False,0.030320257080772996,77,False
long,512,64,60,2,埚转速度,4,57,0.0031354736450497776,-0.02814914018216078,0.040375265388215065,12,False,,0.07376772658478561,False,0.030320257080772996,77,False
long,512,64,60,2,埚转速度,4,58,-0.0013334548727073601,-0.028307146355512673,0.037506474125566895,12,False,,0.07376772658478561,False,0.030320257080772996,77,False
long,512,64,60,2,埚转速度,4,59,-0.0022634546999456013,-0.03594745764442246,0.03800714807983732,12,False,,0.07376772658478561,False,0.030320257080772996,77,False
long,512,64,60,2,埚转速度,4,60,0.0008333352783318442,-0.027811622347199787,0.034333389818727425,12,False,,0.07376772658478561,False,0.030320257080772996,77,False
long,512,64,60,2,埚转速度,4,61,0.001359913538253739,-0.027408267645682324,0.03793190157364917,12,False,,0.07376772658478561,False,0.030320257080772996,77,False
long,512,64,60,2,埚转速度,4,62,0.003316435419842259,-0.0270913900068783,0.0352712118272861,12,False,,0.07376772658478561,False,0.030320257080772996,77,False
long,512,64,60,2,埚转速度,4,63,0.008726015294962152,-0.019894330204959065,0.0401402247606001,12,False,,0.07376772658478561,False,0.030320257080772996,77,False
long,512,64,60,2,埚转速度,4,64,0.006561703443294297,-0.024072870444644012,0.03859708128285121,12,False,,0.07376772658478561,False,0.030320257080772996,77,False
long,512,64,60,2,埚转速度,4,65,0.010282248765545843,-0.0317726680112469,0.045288755333262626,12,False,,0.07376772658478561,False,0.030320257080772996,77,False
long,512,64,60,2,埚转速度,4,66,0.005780592978493858,-0.03125727916274142,0.042103113812806355,12,False,,0.07376772658478561,False,0.030320257080772996,77,False
long,512,64,60,2,埚转速度,4,67,0.0074643719151993885,-0.026796402541605084,0.041397621736161544,12,False,,0.07376772658478561,False,0.030320257080772996,77,False
long,512,64,60,2,埚转速度,4,68,0.00999512253780199,-0.028861277930790345,0.044379267344966764,12,False,,0.07376772658478561,False,0.030320257080772996,77,False
long,512,64,60,2,埚转速度,4,69,0.014387353625476862,-0.028373376661061152,0.04480722170505406,12,False,,0.07376772658478561,False,0.030320257080772996,77,False
long,512,64,60,2,埚转速度,4,70,0.013088251865675702,-0.03057500538587079,0.03889946948885573,12,False,,0.07376772658478561,False,0.030320257080772996,77,False
long,512,64,60,2,埚转速度,4,71,0.010775572601442865,-0.030265297297008886,0.04277210223796903,12,False,,0.07376772658478561,False,0.030320257080772996,77,False
long,512,64,60,2,埚转速度,4,72,0.01376699298435307,-0.02857648584238026,0.04056718016448942,12,False,,0.07376772658478561,False,0.030320257080772996,77,False
long,512,64,60,2,埚转速度,4,73,0.014751098799921477,-0.03232399843255385,0.04446838667989791,12,False,,0.07376772658478561,False,0.030320257080772996,77,False
long,512,64,60,2,埚转速度,4,74,0.024555936539881522,-0.010819053468314374,0.05324221474365823,12,False,,0.07376772658478561,False,0.030320257080772996,77,False
long,512,64,60,2,埚转速度,4,75,0.02740547441215398,-0.005234113696813052,0.05901347639058198,12,False,,0.07376772658478561,False,0.030320257080772996,77,False
long,512,64,60,2,埚转速度,4,76,0.028498379672533967,-0.009062204948291195,0.06897594053040688,12,False,,0.07376772658478561,False,0.030320257080772996,77,False
long,512,64,60,2,埚转速度,4,77,0.030320257080772996,-0.008606806609058975,0.06689961884650197,12,False,,0.07376772658478561,True,0.030320257080772996,77,False
long,512,64,60,2,埚转速度,4,78,0.026658941255127876,-0.013203379878450765,0.06205635693515641,12,False,,0.07376772658478561,False,0.030320257080772996,77,False
long,512,64,60,2,埚转速度,4,79,0.025721473800778032,-0.004549881236084486,0.06198951033527751,12,False,,0.07376772658478561,False,0.030320257080772996,77,False
long,512,64,60,2,埚转速度,4,80,0.020359082747703858,-0.009793684465303591,0.06138128191396117,12,False,,0.07376772658478561,False,0.030320257080772996,77,False
long,512,64,60,2,埚转速度,4,81,0.02347921642281071,-0.01434444138952012,0.057191208403059246,12,False,,0.07376772658478561,False,0.030320257080772996,77,False
long,512,64,60,2,埚转速度,4,82,0.022970628772735435,-0.0066292627491550534,0.05971510584432534,12,False,,0.07376772658478561,False,0.030320257080772996,77,False
long,512,64,60,2,埚转速度,4,83,0.019559586474658774,-0.013809397799731535,0.05060286174523934,12,False,,0.07376772658478561,False,0.030320257080772996,77,False
long,512,64,60,2,埚转速度,4,84,0.019813565120949974,-0.015358599508613483,0.05105735306865502,12,False,,0.07376772658478561,False,0.030320257080772996,77,False
long,512,64,60,2,埚转速度,4,85,0.018055806928885948,-0.020035734468634468,0.05119779937776893,12,False,,0.07376772658478561,False,0.030320257080772996,77,False
long,512,64,60,2,埚转速度,4,86,0.01907766597637809,-0.019368508663388254,0.05027712835002557,12,False,,0.07376772658478561,False,0.030320257080772996,77,False
long,512,64,60,2,埚转速度,4,87,0.021128726978931128,-0.01797558714577919,0.05754648421709774,12,False,,0.07376772658478561,False,0.030320257080772996,77,False
long,512,64,60,2,埚转速度,4,88,0.017698068727913057,-0.020748165316659937,0.05032596718616278,12,False,,0.07376772658478561,False,0.030320257080772996,77,False
long,512,64,60,2,埚转速度,4,89,0.018932438361560562,-0.014017543141588257,0.056625359906348996,12,False,,0.07376772658478561,False,0.030320257080772996,77,False
long,512,64,60,2,埚转速度,4,90,0.023985323658853894,-0.019351795241472954,0.06060084812890931,12,False,,0.07376772658478561,False,0.030320257080772996,77,False
long,512,64,60,2,埚转速度,4,91,0.022562689390936932,-0.009035417931992437,0.05906536017199831,12,False,,0.07376772658478561,False,0.030320257080772996,77,False
long,512,64,60,2,埚转速度,4,92,0.020816362276667735,-0.011206199034358868,0.05324071821577248,12,False,,0.07376772658478561,False,0.030320257080772996,77,False
long,512,64,60,2,埚转速度,4,93,0.019347298784703273,-0.01248031286488428,0.052975086112946275,12,False,,0.07376772658478561,False,0.030320257080772996,77,False
long,512,64,60,2,埚转速度,4,94,0.01226362925599948,-0.026634917484084537,0.046464139907753194,12,False,,0.07376772658478561,False,0.030320257080772996,77,False
long,512,64,60,2,埚转速度,4,95,0.019455572421442625,-0.016600628269495293,0.052985890097677374,12,False,,0.07376772658478561,False,0.030320257080772996,77,False
long,512,64,60,2,埚转速度,4,96,0.021925819278400763,-0.01106344335699385,0.05881381053603432,12,False,,0.07376772658478561,False,0.030320257080772996,77,False
long,512,64,60,2,埚转速度,4,97,0.020432473105378927,-0.010932293911396072,0.055921422141008974,12,False,,0.07376772658478561,False,0.030320257080772996,77,False
long,512,64,60,2,埚转速度,4,98,0.019380894472560327,-0.014304733176623776,0.058072494595467476,12,False,,0.07376772658478561,False,0.030320257080772996,77,False
long,512,64,60,2,埚转速度,4,99,0.013986380522180616,-0.024143133594965,0.060644202326211774,12,False,,0.07376772658478561,False,0.030320257080772996,77,False
long,512,64,60,2,埚转速度,4,100,0.017265969105237595,-0.021201314423300144,0.06072368820693827,12,False,,0.07376772658478561,False,0.030320257080772996,77,False
long,512,64,60,2,埚转速度,4,101,0.011348808119461753,-0.029725862745489464,0.04823933329381368,12,False,,0.07376772658478561,False,0.030320257080772996,77,False
long,512,64,60,2,埚转速度,4,102,0.012031131481942743,-0.02891900557514541,0.04813094218057369,12,False,,0.07376772658478561,False,0.030320257080772996,77,False
long,512,64,60,2,埚转速度,4,103,0.014845378759990743,-0.032217118880502306,0.049634025183767645,12,False,,0.07376772658478561,False,0.030320257080772996,77,False
long,512,64,60,2,埚转速度,4,104,0.005462077696414588,-0.03810382923519743,0.03510633011409501,12,False,,0.07376772658478561,False,0.030320257080772996,77,False
long,512,64,60,2,埚转速度,4,105,0.011211050685555996,-0.02540086700502262,0.03879191817703282,12,False,,0.07376772658478561,False,0.030320257080772996,77,False
long,512,64,60,2,埚转速度,4,106,0.011879551129506775,-0.022267914272877498,0.05057550077664197,12,False,,0.07376772658478561,False,0.030320257080772996,77,False
long,512,64,60,2,埚转速度,4,107,0.01295368314702792,-0.02893809525412809,0.051650562593808534,12,False,,0.07376772658478561,False,0.030320257080772996,77,False
long,512,64,60,2,埚转速度,4,108,0.014296787513215036,-0.03248939435572958,0.05112987815501685,12,False,,0.07376772658478561,False,0.030320257080772996,77,False
long,512,64,60,2,埚转速度,4,109,0.015077748466816183,-0.03253239500553563,0.049362550605497955,12,False,,0.07376772658478561,False,0.030320257080772996,77,False
long,512,64,60,2,埚转速度,4,110,0.020285279190302114,-0.019001204800155953,0.06119324176596674,12,False,,0.07376772658478561,False,0.030320257080772996,77,False
long,512,64,60,2,埚转速度,4,111,0.026854762310720412,-0.004586806070561526,0.06593395997438642,12,False,,0.07376772658478561,False,0.030320257080772996,77,False
long,512,64,60,2,埚转速度,4,112,0.026042799868558845,-0.009863235977726651,0.0646707303253699,12,False,,0.07376772658478561,False,0.030320257080772996,77,False
long,512,64,60,2,埚转速度,4,113,0.023012017509481106,-0.015098182685304651,0.05760999221258892,12,False,,0.07376772658478561,False,0.030320257080772996,77,False
long,512,64,60,2,埚转速度,4,114,0.021101061693278907,-0.014212228195934217,0.05351420400729422,12,False,,0.07376772658478561,False,0.030320257080772996,77,False
long,512,64,60,2,埚转速度,4,115,0.021676263516273876,-0.016385475394046067,0.061894784858163736,12,False,,0.07376772658478561,False,0.030320257080772996,77,False
long,512,64,60,2,埚转速度,4,116,0.01876740516530476,-0.017098710143223374,0.05908654430416777,12,False,,0.07376772658478561,False,0.030320257080772996,77,False
long,512,64,60,2,埚转速度,4,117,0.018918945717982118,-0.015972123139071422,0.06083507469570186,12,False,,0.07376772658478561,False,0.030320257080772996,77,False
long,512,64,60,2,埚转速度,4,118,0.016104591662961278,-0.02397667806737904,0.05334443135821296,12,False,,0.07376772658478561,False,0.030320257080772996,77,False
long,512,64,60,2,埚转速度,4,119,0.011791176597219472,-0.026547621417626347,0.0530599807620047,12,False,,0.07376772658478561,False,0.030320257080772996,77,False
long,512,64,60,2,埚转速度,4,120,0.011306145326144415,-0.02889217230841367,0.04724350355398089,12,False,,0.07376772658478561,False,0.030320257080772996,77,False
long,512,64,60,2,埚转速度,4,121,0.013194762345543743,-0.03169387453453985,0.05688609600914715,12,False,,0.07376772658478561,False,0.030320257080772996,77,False
long,512,64,60,2,埚转速度,4,122,0.009613000522648886,-0.03191607937933511,0.046640860238201395,12,False,,0.07376772658478561,False,0.030320257080772996,77,False
long,512,64,60,2,埚转速度,4,123,0.015387567910236528,-0.028228975638730093,0.047713321628412436,12,False,,0.07376772658478561,False,0.030320257080772996,77,False
long,512,64,60,2,埚转速度,4,124,0.016552324360100977,-0.0239286859948585,0.050570962898471405,12,False,,0.07376772658478561,False,0.030320257080772996,77,False
long,512,64,60,2,埚转速度,4,125,0.014481255438583024,-0.02466410082735373,0.04926245321034,12,False,,0.07376772658478561,False,0.030320257080772996,77,False
long,512,64,60,2,埚转速度,4,126,0.0131929082910824,-0.026840819826080126,0.058116642349470476,12,False,,0.07376772658478561,False,0.030320257080772996,77,False
long,512,64,60,2,埚转速度,4,127,0.01166296486095898,-0.02229777086574084,0.04899505413572726,12,False,,0.07376772658478561,False,0.030320257080772996,77,False
long,512,64,60,2,埚转速度,4,128,0.004725012137862123,-0.02758003532579311,0.037082574612027,12,False,,0.07376772658478561,False,0.030320257080772996,77,False
long,512,64,60,2,埚转速度,4,129,0.0008571212320845076,-0.029357157010685402,0.0358209846063254,12,False,,0.07376772658478561,False,0.030320257080772996,77,False
long,512,64,60,2,埚转速度,4,130,0.0019304286973810527,-0.026618634480152857,0.03677375209396609,12,False,,0.07376772658478561,False,0.030320257080772996,77,False
long,512,64,60,2,埚转速度,4,131,0.002512497010789302,-0.026139221271061185,0.039723062841975895,12,False,,0.07376772658478561,False,0.030320257080772996,77,False
long,512,64,60,2,埚转速度,4,132,0.0030970723457614227,-0.0253919989589617,0.043223835212635335,12,False,,0.07376772658478561,False,0.030320257080772996,77,False
long,512,64,60,2,埚转速度,4,133,0.004164030199231078,-0.03041509189159046,0.0378238975763621,12,False,,0.07376772658478561,False,0.030320257080772996,77,False
long,512,64,60,2,埚转速度,4,134,0.0007458715026207797,-0.029253187928297116,0.03943911190181261,12,False,,0.07376772658478561,False,0.030320257080772996,77,False
long,512,64,60,2,埚转速度,4,135,-0.0001735768810540001,-0.03582137281757235,0.035227907898801945,12,False,,0.07376772658478561,False,0.030320257080772996,77,False
long,512,64,60,2,埚转速度,4,136,0.0005081972130205342,-0.038565105091086446,0.030708957707649434,12,False,,0.07376772658478561,False,0.030320257080772996,77,False
long,512,64,60,2,埚转速度,4,137,0.005343900195165753,-0.035877867700474624,0.04004826397018454,12,False,,0.07376772658478561,False,0.030320257080772996,77,False
long,512,64,60,2,埚转速度,4,138,0.006078979561037871,-0.03252467689209841,0.03914703221403921,12,False,,0.07376772658478561,False,0.030320257080772996,77,False
long,512,64,60,2,埚转速度,4,139,0.0015148206880733633,-0.03451966506198106,0.03134902327778333,12,False,,0.07376772658478561,False,0.030320257080772996,77,False
long,512,64,60,2,埚转速度,4,140,0.001555855515415931,-0.04039603287291843,0.03485034034241268,12,False,,0.07376772658478561,False,0.030320257080772996,77,False
long,512,64,60,2,埚转速度,4,141,-0.0012610524083505141,-0.036041856227661366,0.032727286989660036,12,False,,0.07376772658478561,False,0.030320257080772996,77,False
long,512,64,60,2,埚转速度,4,142,0.004019908845751208,-0.0359600837178167,0.03712129085868462,12,False,,0.07376772658478561,False,0.030320257080772996,77,False
long,512,64,60,2,埚转速度,4,143,0.003864007231673159,-0.030013661681187277,0.032937462847065,12,False,,0.07376772658478561,False,0.030320257080772996,77,False
long,512,64,60,2,埚转速度,4,144,0.001692408678435385,-0.037269077764449196,0.025194518169284474,12,False,,0.07376772658478561,False,0.030320257080772996,77,False
long,512,64,60,2,埚转速度,4,145,0.006265553517063632,-0.0273290656179378,0.03256629106722404,12,False,,0.07376772658478561,False,0.030320257080772996,77,False
long,512,64,60,2,埚转速度,4,146,0.007272446857776089,-0.028007039419566213,0.04161207642470838,12,False,,0.07376772658478561,False,0.030320257080772996,77,False
long,512,64,60,2,埚转速度,4,147,0.010410558722106725,-0.020223903357595833,0.0492645893839031,12,False,,0.07376772658478561,False,0.030320257080772996,77,False
long,512,64,60,2,埚转速度,4,148,0.009979113638697926,-0.017731081580823708,0.050184060256082186,12,False,,0.07376772658478561,False,0.030320257080772996,77,False
long,512,64,60,2,埚转速度,4,149,0.010866256805260984,-0.01922801311577034,0.04309061588949627,12,False,,0.07376772658478561,False,0.030320257080772996,77,False
long,512,64,60,2,埚转速度,4,150,0.008917597026000522,-0.023570143776532496,0.04804752344613838,12,False,,0.07376772658478561,False,0.030320257080772996,77,False
long,512,64,60,2,埚转速度,4,151,0.012105747022422274,-0.01809687555815402,0.05369289073727986,12,False,,0.07376772658478561,False,0.030320257080772996,77,False
long,512,64,60,2,埚转速度,4,152,0.011951523232618975,-0.011203081553890104,0.053534371890666434,12,False,,0.07376772658478561,False,0.030320257080772996,77,False
long,512,64,60,2,埚转速度,4,153,0.011383959320142405,-0.01976954502051335,0.04849890785536001,12,False,,0.07376772658478561,False,0.030320257080772996,77,False
long,512,64,60,2,埚转速度,4,154,0.014587758022361945,-0.0217662822934064,0.051880564649954705,12,False,,0.07376772658478561,False,0.030320257080772996,77,False
long,512,64,60,2,埚转速度,4,155,0.01512815365090228,-0.026572792585971967,0.05604895154557337,12,False,,0.07376772658478561,False,0.030320257080772996,77,False
long,512,64,60,2,埚转速度,4,156,0.018297108650716053,-0.0141012527548577,0.0599218315724162,12,False,,0.07376772658478561,False,0.030320257080772996,77,False
long,512,64,60,2,埚转速度,4,157,0.02163678557760699,-0.004949429254979831,0.06007977218095273,12,False,,0.07376772658478561,False,0.030320257080772996,77,False
long,512,64,60,2,埚转速度,4,158,0.02150016443125156,-0.010015670747848565,0.055561122759430856,12,False,,0.07376772658478561,False,0.030320257080772996,77,False
long,512,64,60,2,埚转速度,4,159,0.021701558905462357,-0.01550536888084105,0.055475187888114785,12,False,,0.07376772658478561,False,0.030320257080772996,77,False
long,512,64,60,2,埚转速度,4,160,0.021041421731472564,-0.016446744839317535,0.057923876802343274,12,False,,0.07376772658478561,False,0.030320257080772996,77,False
long,512,64,60,2,埚转速度,4,161,0.02192919127333789,-0.0159749722601398,0.06063095996235496,12,False,,0.07376772658478561,False,0.030320257080772996,77,False
long,512,64,60,2,埚转速度,4,162,0.017939010377449483,-0.013563747463235706,0.060207089642712604,12,False,,0.07376772658478561,False,0.030320257080772996,77,False
long,512,64,60,2,埚转速度,4,163,0.017424960401427325,-0.01964537086157573,0.05481219147095445,12,False,,0.07376772658478561,False,0.030320257080772996,77,False
long,512,64,60,2,埚转速度,4,164,0.016922682585943594,-0.029519498563877065,0.04792463114105447,12,False,,0.07376772658478561,False,0.030320257080772996,77,False
long,512,64,60,2,埚转速度,4,165,0.013742757083823028,-0.026230759720327214,0.04701211594401715,12,False,,0.07376772658478561,False,0.030320257080772996,77,False
long,512,64,60,2,埚转速度,4,166,0.011861016959861137,-0.02743507766635842,0.05795578262455374,12,False,,0.07376772658478561,False,0.030320257080772996,77,False
long,512,64,60,2,埚转速度,4,167,0.00782640229155338,-0.030400370665868974,0.05108882410302082,12,False,,0.07376772658478561,False,0.030320257080772996,77,False
long,512,64,60,2,埚转速度,4,168,0.005107835589609285,-0.03548905850760066,0.047981552363601444,12,False,,0.07376772658478561,False,0.030320257080772996,77,False
long,512,64,60,2,埚转速度,4,169,0.00669062409823107,-0.03664699748274539,0.04240712149292686,12,False,,0.07376772658478561,False,0.030320257080772996,77,False
long,512,64,60,2,埚转速度,4,170,0.010562282079725687,-0.027116530968772944,0.05182312683652682,12,False,,0.07376772658478561,False,0.030320257080772996,77,False
long,512,64,60,2,埚转速度,4,171,0.007172225783701865,-0.025307308610329596,0.04790674446707422,12,False,,0.07376772658478561,False,0.030320257080772996,77,False
long,512,64,60,2,埚转速度,4,172,0.008813816973468886,-0.02272099799425618,0.0487870063673869,12,False,,0.07376772658478561,False,0.030320257080772996,77,False
long,512,64,60,2,埚转速度,4,173,0.006305592228048176,-0.025889522331919653,0.044729539312915484,12,False,,0.07376772658478561,False,0.030320257080772996,77,False
long,512,64,60,2,埚转速度,4,174,0.005583683342876924,-0.021369427202579408,0.04206374302485817,12,False,,0.07376772658478561,False,0.030320257080772996,77,False
long,512,64,60,2,埚转速度,4,175,0.007876359078076017,-0.01808961788867827,0.042165249013904914,12,False,,0.07376772658478561,False,0.030320257080772996,77,False
long,512,64,60,2,埚转速度,4,176,0.012651787040494794,-0.013371688457211874,0.04978565139925218,12,False,,0.07376772658478561,False,0.030320257080772996,77,False
long,512,64,60,2,埚转速度,4,177,0.01030946730121269,-0.020606542512721482,0.0450214563812757,12,False,,0.07376772658478561,False,0.030320257080772996,77,False
long,512,64,60,2,埚转速度,4,178,0.010335713944732561,-0.02548250293549751,0.04563486203631015,12,False,,0.07376772658478561,False,0.030320257080772996,77,False
long,512,64,60,2,埚转速度,4,179,0.011201497363625352,-0.030324429656965274,0.04988779094238619,12,False,,0.07376772658478561,False,0.030320257080772996,77,False
long,512,64,60,2,埚转速度,4,180,0.012709091025513604,-0.02332275397462123,0.048852377125998984,12,False,,0.07376772658478561,False,0.030320257080772996,77,False
long,512,64,60,2,埚转速度,4,181,0.015178975927075277,-0.024755792880827316,0.05415142779325127,12,False,,0.07376772658478561,False,0.030320257080772996,77,False
long,512,64,60,2,埚转速度,4,182,0.019124173362754713,-0.019053866760752065,0.05248522392648977,12,False,,0.07376772658478561,False,0.030320257080772996,77,False
long,512,64,60,2,埚转速度,4,183,0.01266567966783615,-0.02432378049321571,0.05096447818861197,12,False,,0.07376772658478561,False,0.030320257080772996,77,False
long,512,64,60,2,埚转速度,4,184,0.01743983750731438,-0.02426966267751981,0.055685599126711095,12,False,,0.07376772658478561,False,0.030320257080772996,77,False
long,512,64,60,2,埚转速度,4,185,0.017375528617997175,-0.02581191344133755,0.05733578792564662,12,False,,0.07376772658478561,False,0.030320257080772996,77,False
long,512,64,60,2,埚转速度,4,186,0.022071945481079932,-0.014710156419343527,0.06520221095909727,12,False,,0.07376772658478561,False,0.030320257080772996,77,False
long,512,64,60,2,埚转速度,4,187,0.020970078578442755,-0.018274569198465273,0.05930796691212787,12,False,,0.07376772658478561,False,0.030320257080772996,77,False
long,512,64,60,2,埚转速度,4,188,0.01681575416665193,-0.021886441728479124,0.04917267239305088,12,False,,0.07376772658478561,False,0.030320257080772996,77,False
long,512,64,60,2,埚转速度,4,189,0.022411948098378074,-0.01834049505157613,0.05727422448053328,12,False,,0.07376772658478561,False,0.030320257080772996,77,False
long,512,64,60,2,埚转速度,4,190,0.017830418560957368,-0.022595097529865195,0.05645185295854258,12,False,,0.07376772658478561,False,0.030320257080772996,77,False
long,512,64,60,2,埚转速度,4,191,0.02310793542101008,-0.01356918760644611,0.06384067583098486,12,False,,0.07376772658478561,False,0.030320257080772996,77,False
long,512,64,60,2,埚转速度,4,192,0.018775887075417153,-0.01694185902569319,0.058795106330177684,12,False,,0.07376772658478561,False,0.030320257080772996,77,False
long,512,64,60,2,埚转速度,4,193,0.01680017545193685,-0.021569717443232286,0.05397384334890796,12,False,,0.07376772658478561,False,0.030320257080772996,77,False
long,512,64,60,2,埚转速度,4,194,0.02110884223130235,-0.016579346312146373,0.05357262439390812,12,False,,0.07376772658478561,False,0.030320257080772996,77,False
long,512,64,60,2,埚转速度,4,195,0.01676757436039963,-0.01925878242273075,0.05043690412521576,12,False,,0.07376772658478561,False,0.030320257080772996,77,False
long,512,64,60,2,埚转速度,4,196,0.016255360314822637,-0.01599040722356851,0.05063781760550667,12,False,,0.07376772658478561,False,0.030320257080772996,77,False
long,512,64,60,2,埚转速度,4,197,0.013419161184732114,-0.02872226359883989,0.050939287502564684,12,False,,0.07376772658478561,False,0.030320257080772996,77,False
long,512,64,60,2,埚转速度,4,198,0.013148386448335592,-0.02492905088789374,0.04814668263496018,12,False,,0.07376772658478561,False,0.030320257080772996,77,False
long,512,64,60,2,埚转速度,4,199,0.013454699599432435,-0.024998319046113673,0.04970753505833415,12,False,,0.07376772658478561,False,0.030320257080772996,77,False
long,512,64,60,2,埚转速度,4,200,0.013515582860485476,-0.02639331549374259,0.05485010325066406,12,False,,0.07376772658478561,False,0.030320257080772996,77,False
long,512,64,60,2,埚转速度,4,201,0.010503978348547162,-0.020683769700063435,0.05219425876623042,12,False,,0.07376772658478561,False,0.030320257080772996,77,False
long,512,64,60,2,埚转速度,4,202,0.006394011834017762,-0.028270098711678106,0.04193144889976796,12,False,,0.07376772658478561,False,0.030320257080772996,77,False
long,512,64,60,2,埚转速度,4,203,0.008854822505591515,-0.02722537404418919,0.04759691471956557,12,False,,0.07376772658478561,False,0.030320257080772996,77,False
long,512,64,60,2,埚转速度,4,204,0.008788270123100066,-0.025341253269221178,0.04517023549697149,12,False,,0.07376772658478561,False,0.030320257080772996,77,False
long,512,64,60,2,埚转速度,4,205,0.012199267116330806,-0.024449831596287188,0.05275081530257744,12,False,,0.07376772658478561,False,0.030320257080772996,77,False
long,512,64,60,2,埚转速度,4,206,0.010329705463285453,-0.025230327132991975,0.05109591300732735,12,False,,0.07376772658478561,False,0.030320257080772996,77,False
long,512,64,60,2,埚转速度,4,207,0.011154821629696339,-0.02120025262116642,0.048525462989991254,12,False,,0.07376772658478561,False,0.030320257080772996,77,False
long,512,64,60,2,埚转速度,4,208,0.007032740416186269,-0.0305568138799742,0.049898519376091764,12,False,,0.07376772658478561,False,0.030320257080772996,77,False
long,512,64,60,2,埚转速度,4,209,0.009492342615321689,-0.023298441085044325,0.04183812106716618,12,False,,0.07376772658478561,False,0.030320257080772996,77,False
long,512,64,60,2,埚转速度,4,210,0.0065533548861015445,-0.03127720164281924,0.05080971393467981,12,False,,0.07376772658478561,False,0.030320257080772996,77,False
long,512,64,60,2,埚转速度,4,211,0.004497769046236563,-0.03273819849319256,0.040251897049408465,12,False,,0.07376772658478561,False,0.030320257080772996,77,False
long,512,64,60,2,埚转速度,4,212,0.007126612474741549,-0.02695844681595843,0.04535955016367496,12,False,,0.07376772658478561,False,0.030320257080772996,77,False
long,512,64,60,2,埚转速度,4,213,0.005396462746150649,-0.031157750473813858,0.044850374508525644,12,False,,0.07376772658478561,False,0.030320257080772996,77,False
long,512,64,60,2,埚转速度,4,214,0.0030988121061162085,-0.03243316570740514,0.041667422952450475,12,False,,0.07376772658478561,False,0.030320257080772996,77,False
long,512,64,60,2,埚转速度,4,215,0.0005127695351003129,-0.03864792446329134,0.04090541937974886,12,False,,0.07376772658478561,False,0.030320257080772996,77,False
long,512,64,60,2,埚转速度,4,216,-0.0014440388064642013,-0.040492227195162746,0.03666845639776832,12,False,,0.07376772658478561,False,0.030320257080772996,77,False
long,512,64,60,2,埚转速度,4,217,-0.00022010102237245496,-0.03838837778668811,0.04875100220258444,12,False,,0.07376772658478561,False,0.030320257080772996,77,False
long,512,64,60,2,埚转速度,4,218,-0.004426299425733882,-0.04330722264613667,0.03944377314248663,12,False,,0.07376772658478561,False,0.030320257080772996,77,False
long,512,64,60,2,埚转速度,4,219,-0.0022333326343647007,-0.04740585749202291,0.04131766708265377,12,False,,0.07376772658478561,False,0.030320257080772996,77,False
long,512,64,60,2,埚转速度,4,220,-0.0030815943860254933,-0.04896819184406986,0.03724540254020006,12,False,,0.07376772658478561,False,0.030320257080772996,77,False
long,512,64,60,2,埚转速度,4,221,-0.00370072851061951,-0.05062014095318164,0.036804349213552585,12,False,,0.07376772658478561,False,0.030320257080772996,77,False
long,512,64,60,2,埚转速度,4,222,-0.0051743995242922,-0.05008685504622301,0.0314057245106115,12,False,,0.07376772658478561,False,0.030320257080772996,77,False
long,512,64,60,2,埚转速度,4,223,-0.0023021049086933477,-0.044895373122986436,0.03462111890132241,12,False,,0.07376772658478561,False,0.030320257080772996,77,False
long,512,64,60,2,埚转速度,4,224,0.006296099503572001,-0.03506770223065307,0.04362878613564122,12,False,,0.07376772658478561,False,0.030320257080772996,77,False
long,512,64,60,2,埚转速度,4,225,0.003525108310110002,-0.04247142011300646,0.036484472541658035,12,False,,0.07376772658478561,False,0.030320257080772996,77,False
long,512,64,60,2,埚转速度,4,226,0.007867282262809175,-0.030303399309885275,0.042246019582158206,12,False,,0.07376772658478561,False,0.030320257080772996,77,False
long,512,64,60,2,埚转速度,4,227,0.005420534695839986,-0.03502875296118191,0.038416275074996765,12,False,,0.07376772658478561,False,0.030320257080772996,77,False
long,512,64,60,2,埚转速度,4,228,0.0030491658454017295,-0.03446749322943923,0.041082688712301516,12,False,,0.07376772658478561,False,0.030320257080772996,77,False
long,512,64,60,2,埚转速度,4,229,0.004182264139196595,-0.036054532481227725,0.04109908957827112,12,False,,0.07376772658478561,False,0.030320257080772996,77,False
long,512,64,60,2,埚转速度,4,230,0.002620418062617776,-0.03806345008940382,0.04324097631799493,12,False,,0.07376772658478561,False,0.030320257080772996,77,False
long,512,64,60,2,埚转速度,4,231,0.008384516445950703,-0.034483837925014346,0.05704438701338304,12,False,,0.07376772658478561,False,0.030320257080772996,77,False
long,512,64,60,2,埚转速度,4,232,0.0039747606485519005,-0.03166224498835255,0.04578691025154984,12,False,,0.07376772658478561,False,0.030320257080772996,77,False
long,512,64,60,2,埚转速度,4,233,0.0030141506406627526,-0.0404869616712875,0.03757476008085155,12,False,,0.07376772658478561,False,0.030320257080772996,77,False
long,512,64,60,2,埚转速度,4,234,0.0023879269888621773,-0.03325321849516779,0.03274792596818136,12,False,,0.07376772658478561,False,0.030320257080772996,77,False
long,512,64,60,2,埚转速度,4,235,0.0023834475844101274,-0.03393330567322253,0.03558227482518474,12,False,,0.07376772658478561,False,0.030320257080772996,77,False
long,512,64,60,2,埚转速度,4,236,-0.0007032312300364794,-0.03905661347685239,0.03374969535982318,12,False,,0.07376772658478561,False,0.030320257080772996,77,False
long,512,64,60,2,埚转速度,4,237,0.0009629389624477088,-0.03812197882153798,0.040526635987601964,12,False,,0.07376772658478561,False,0.030320257080772996,77,False
long,512,64,60,2,埚转速度,4,238,0.0021819031387473957,-0.03784130474734032,0.04164743394190314,12,False,,0.07376772658478561,False,0.030320257080772996,77,False
long,512,64,60,2,埚转速度,4,239,-0.0033861155950707968,-0.04528939039382071,0.035900779220706794,12,False,,0.07376772658478561,False,0.030320257080772996,77,False
long,512,64,60,2,埚转速度,4,240,-0.002738665615795366,-0.049691125181645604,0.03317369337574009,12,False,,0.07376772658478561,False,0.030320257080772996,77,False
long,512,64,60,2,埚转速度,4,241,-0.0031612087477336476,-0.0469605260338405,0.046933275806117246,12,False,,0.07376772658478561,False,0.030320257080772996,77,False
long,512,64,60,2,埚转速度,4,242,-0.001930690822958642,-0.039438267629774204,0.04567073672824684,12,False,,0.07376772658478561,False,0.030320257080772996,77,False
long,512,64,60,2,埚转速度,4,243,0.0037464124646918173,-0.04317006734684085,0.04699404438812264,12,False,,0.07376772658478561,False,0.030320257080772996,77,False
long,512,64,60,2,埚转速度,4,244,-0.002748540609603352,-0.045322628222268006,0.037156169340083756,12,False,,0.07376772658478561,False,0.030320257080772996,77,False
long,512,64,60,2,埚转速度,4,245,-0.0015265095431686803,-0.042202080789930464,0.03304755798410382,12,False,,0.07376772658478561,False,0.030320257080772996,77,False
long,512,64,60,2,埚转速度,4,246,-0.004259972718403928,-0.04702970287343467,0.037045831251763396,12,False,,0.07376772658478561,False,0.030320257080772996,77,False
long,512,64,60,2,埚转速度,4,247,-0.007644331428931781,-0.05908215256537176,0.030081908930841512,12,False,,0.07376772658478561,False,0.030320257080772996,77,False
long,512,64,60,2,埚转速度,4,248,-0.00554669097678063,-0.05604612281324342,0.029680270415603432,12,False,,0.07376772658478561,False,0.030320257080772996,77,False
long,512,64,60,2,埚转速度,4,249,-0.007126131842728961,-0.05500681446961194,0.03004609107006278,12,False,,0.07376772658478561,False,0.030320257080772996,77,False
long,512,64,60,2,埚转速度,4,250,-0.007696837498429103,-0.0512049188197569,0.02940666808564921,12,False,,0.07376772658478561,False,0.030320257080772996,77,False
long,512,64,60,2,埚转速度,4,251,-0.00564635617531225,-0.04949366182969459,0.035875394176533806,12,False,,0.07376772658478561,False,0.030320257080772996,77,False
long,512,64,60,2,埚转速度,4,252,-0.0036981252788316223,-0.039593932398640945,0.04649289312659195,12,False,,0.07376772658478561,False,0.030320257080772996,77,False
long,512,64,60,2,埚转速度,4,253,-0.004119951073576079,-0.04123734651471979,0.03928664105522641,12,False,,0.07376772658478561,False,0.030320257080772996,77,False
long,512,64,60,2,埚转速度,4,254,-0.005706473894277351,-0.045427192270503555,0.03309252922713257,12,False,,0.07376772658478561,False,0.030320257080772996,77,False
long,512,64,60,2,埚转速度,4,255,0.003020501045420792,-0.03438472497998634,0.04242019716939227,12,False,,0.07376772658478561,False,0.030320257080772996,77,False
long,512,64,60,2,埚转速度,4,256,0.00952338676552905,-0.03490801071783726,0.05097337599594113,12,False,,0.07376772658478561,False,0.030320257080772996,77,False
long,512,64,60,2,埚转速度,4,257,0.00700997765267762,-0.02695831280074108,0.05395134031567648,12,False,,0.07376772658478561,False,0.030320257080772996,77,False
long,512,64,60,2,埚转速度,4,258,0.008466127008258594,-0.024912874634055625,0.05735550836758041,12,False,,0.07376772658478561,False,0.030320257080772996,77,False
long,512,64,60,2,埚转速度,4,259,0.007297249840614154,-0.033646028802835744,0.059656417616577605,12,False,,0.07376772658478561,False,0.030320257080772996,77,False
long,512,64,60,2,埚转速度,4,260,0.006580692928558101,-0.03798208699664929,0.05198120613841238,12,False,,0.07376772658478561,False,0.030320257080772996,77,False
long,512,64,60,2,埚转速度,4,261,0.007981174175327177,-0.031895874091385466,0.052565818185414434,12,False,,0.07376772658478561,False,0.030320257080772996,77,False
long,512,64,60,2,埚转速度,4,262,0.010037756184183406,-0.020868582218718908,0.054955889245596794,12,False,,0.07376772658478561,False,0.030320257080772996,77,False
long,512,64,60,2,埚转速度,4,263,0.010172656582029491,-0.024099922919548343,0.058399800847026756,12,False,,0.07376772658478561,False,0.030320257080772996,77,False
long,512,64,60,2,埚转速度,4,264,0.00860995642384147,-0.03810907256510858,0.04579873666134374,12,False,,0.07376772658478561,False,0.030320257080772996,77,False
long,512,64,60,2,埚转速度,4,265,0.007045068283757638,-0.030541598675731422,0.04342014493773991,12,False,,0.07376772658478561,False,0.030320257080772996,77,False
long,512,64,60,2,埚转速度,4,266,0.008356191200356008,-0.02578221994751272,0.042258226004149226,12,False,,0.07376772658478561,False,0.030320257080772996,77,False
long,512,64,60,2,埚转速度,4,267,0.00928493391495331,-0.025937551239758976,0.04516523139583177,12,False,,0.07376772658478561,False,0.030320257080772996,77,False
long,512,64,60,2,埚转速度,4,268,0.00847870345593147,-0.030329806860844317,0.05356501710815226,12,False,,0.07376772658478561,False,0.030320257080772996,77,False
long,512,64,60,2,埚转速度,4,269,0.007742679355394436,-0.02998558725461943,0.049651565478964876,12,False,,0.07376772658478561,False,0.030320257080772996,77,False
long,512,64,60,2,埚转速度,4,270,0.011951240806751442,-0.023445109396858625,0.0506071662607168,12,False,,0.07376772658478561,False,0.030320257080772996,77,False
long,512,64,60,2,埚转速度,4,271,0.005937974558759144,-0.023010563121658573,0.04379280188522351,12,False,,0.07376772658478561,False,0.030320257080772996,77,False
long,512,64,60,2,埚转速度,4,272,0.004918786958658028,-0.02404628261759463,0.04595242356711103,12,False,,0.07376772658478561,False,0.030320257080772996,77,False
long,512,64,60,2,埚转速度,4,273,0.000227824438117968,-0.03834396806875643,0.03341897632081548,12,False,,0.07376772658478561,False,0.030320257080772996,77,False
long,512,64,60,2,埚转速度,4,274,0.0007481299950569878,-0.039470065845906045,0.0384925748537632,12,False,,0.07376772658478561,False,0.030320257080772996,77,False
long,512,64,60,2,埚转速度,4,275,-9.986248639383812e-05,-0.04197053220748481,0.03778920236899039,12,False,,0.07376772658478561,False,0.030320257080772996,77,False
long,512,64,60,2,埚转速度,4,276,0.0008292710596414245,-0.034977006438410334,0.04883904033866496,12,False,,0.07376772658478561,False,0.030320257080772996,77,False
long,512,64,60,2,埚转速度,4,277,0.0015371023809918436,-0.029599316322831495,0.044011000178466854,12,False,,0.07376772658478561,False,0.030320257080772996,77,False
long,512,64,60,2,埚转速度,4,278,-0.0003849863108525162,-0.02952370095975931,0.03545817973762689,12,False,,0.07376772658478561,False,0.030320257080772996,77,False
long,512,64,60,2,埚转速度,4,279,-0.001102001985602156,-0.03858628153077531,0.036081339755855306,12,False,,0.07376772658478561,False,0.030320257080772996,77,False
long,512,64,60,2,埚转速度,4,280,0.004203285867101498,-0.030019008642313938,0.04939559000590043,12,False,,0.07376772658478561,False,0.030320257080772996,77,False
long,512,64,60,2,埚转速度,4,281,0.007417089240902881,-0.02619701641813314,0.04876966667269512,12,False,,0.07376772658478561,False,0.030320257080772996,77,False
long,512,64,60,2,埚转速度,4,282,0.009311849411378725,-0.02762304339733704,0.04648051751772837,12,False,,0.07376772658478561,False,0.030320257080772996,77,False
long,512,64,60,2,埚转速度,4,283,0.0033658704660182075,-0.04500854315197772,0.042652217823849384,12,False,,0.07376772658478561,False,0.030320257080772996,77,False
long,512,64,60,2,埚转速度,4,284,0.0016089799220637218,-0.04599753874494428,0.041240889256783694,12,False,,0.07376772658478561,False,0.030320257080772996,77,False
long,512,64,60,2,埚转速度,4,285,-0.0007246264222725506,-0.04653024895059082,0.04312613996081207,12,False,,0.07376772658478561,False,0.030320257080772996,77,False
long,512,64,60,2,埚转速度,4,286,0.0008401883868900573,-0.038972651891091135,0.03886268010338098,12,False,,0.07376772658478561,False,0.030320257080772996,77,False
long,512,64,60,2,埚转速度,4,287,0.0062648817958011445,-0.030248799795575515,0.044531255711191535,12,False,,0.07376772658478561,False,0.030320257080772996,77,False
long,512,64,60,2,埚转速度,4,288,0.006752678763461108,-0.037698474392918506,0.04556841277754365,12,False,,0.07376772658478561,False,0.030320257080772996,77,False
long,512,64,60,2,埚转速度,4,289,0.0059625314409019565,-0.040357793658498675,0.03923613724544822,12,False,,0.07376772658478561,False,0.030320257080772996,77,False
long,512,64,60,2,埚转速度,4,290,0.0007031066987835269,-0.044769498484736936,0.03742320197564478,12,False,,0.07376772658478561,False,0.030320257080772996,77,False
long,512,64,60,2,埚转速度,4,291,-0.00011652562613201735,-0.042208677059243124,0.03626273843733612,12,False,,0.07376772658478561,False,0.030320257080772996,77,False
long,512,64,60,2,埚转速度,4,292,-0.0001247072339602387,-0.03789494953211789,0.040475159389068954,12,False,,0.07376772658478561,False,0.030320257080772996,77,False
long,512,64,60,2,埚转速度,4,293,0.0030488023686400774,-0.04906949186396175,0.04935490213893254,12,False,,0.07376772658478561,False,0.030320257080772996,77,False
long,512,64,60,2,埚转速度,4,294,0.0065780989928524315,-0.04340457622482433,0.04212781981425137,12,False,,0.07376772658478561,False,0.030320257080772996,77,False
long,512,64,60,2,埚转速度,4,295,0.006502245269217935,-0.04390737411753005,0.03522100317531222,12,False,,0.07376772658478561,False,0.030320257080772996,77,False
long,512,64,60,2,埚转速度,4,296,0.001479575232767248,-0.054247071126370186,0.03689652873950957,12,False,,0.07376772658478561,False,0.030320257080772996,77,False
long,512,64,60,2,埚转速度,4,297,0.0003260272461734514,-0.059656969741926635,0.04179206228977658,12,False,,0.07376772658478561,False,0.030320257080772996,77,False
long,512,64,60,2,埚转速度,4,298,0.007225121628077135,-0.05707183575154038,0.047905849387044896,12,False,,0.07376772658478561,False,0.030320257080772996,77,False
long,512,64,60,2,埚转速度,4,299,0.008535400470615344,-0.043439106855789576,0.0474423330763809,12,False,,0.07376772658478561,False,0.030320257080772996,77,False
long,512,64,60,2,埚转速度,4,300,0.012774402943946425,-0.04439358021683877,0.052245685468299684,12,False,,0.07376772658478561,False,0.030320257080772996,77,False
